ts_ms,ax_ms2,ay_ms2,az_ms2,gx_dps,gy_dps,gz_dps,seq,load_kg
2500.00,-10.4270,2.4210,3.4510,-12.930,26.770,-26.700,0,100.0
2510.00,-9.8340,2.3250,3.4220,-17.880,28.940,-41.660,0,100.0
2520.00,-9.7130,2.2030,2.8590,-16.990,39.300,-51.730,0,100.0
2530.00,-9.4320,1.9510,2.7540,-15.660,48.790,-58.450,0,100.0
2540.00,-10.1550,0.6260,2.1230,-13.070,61.400,-62.630,0,100.0
2550.00,-9.4940,0.5870,2.0510,4.530,70.750,-60.250,1,100.0
2560.00,-9.6940,0.3690,2.4880,21.680,79.870,-50.850,1,100.0
2570.00,-9.6370,0.1250,2.3520,20.380,76.330,-47.120,1,100.0
2580.00,-9.1280,0.0630,2.5840,19.120,65.220,-42.050,1,100.0
2590.00,-8.8960,0.1810,2.9390,14.920,52.970,-39.650,1,100.0
2600.00,-9.0970,0.2090,3.0440,7.420,40.280,-39.250,2,100.0
2610.00,-8.9630,0.1410,2.9790,-3.080,24.640,-38.580,2,100.0
2620.00,-9.0560,-0.1070,2.6700,-12.190,9.810,-36.760,2,100.0
2630.00,-8.8230,-0.2460,2.3330,-15.270,-2.270,-32.460,2,100.0
2640.00,-8.9200,-0.4660,1.8200,-13.280,-6.140,-27.890,2,100.0
2650.00,-9.0290,-0.5870,1.3120,-0.940,-4.760,-21.150,3,100.0
2660.00,-9.5460,-0.6750,1.1240,16.950,0.290,-15.450,3,100.0
2670.00,-9.9690,-0.4510,1.1880,35.340,7.700,-9.780,3,100.0
2680.00,-9.9680,-0.1590,1.5130,47.560,12.890,-7.000,3,100.0
2690.00,-10.1920,-0.0150,1.7820,54.510,15.540,-9.200,3,100.0
2700.00,-11.0100,-0.0380,1.8360,58.200,10.710,-9.010,4,100.0
2710.00,-10.9960,-0.0260,1.8620,52.110,1.310,-2.040,4,100.0
2720.00,-10.3940,-0.0230,1.9990,43.260,-12.540,5.470,4,100.0
2730.00,-9.9670,-0.0750,1.9940,38.930,-23.520,8.260,4,100.0
2740.00,-9.7390,-0.2170,1.8790,41.420,-24.580,7.520,4,100.0
2750.00,-9.5540,-0.1320,1.6230,46.320,-20.000,7.500,5,100.0
2760.00,-9.4640,-0.5430,1.4320,53.350,-14.630,8.240,5,100.0
2770.00,-9.4920,-0.4920,1.5970,60.140,-9.130,10.690,5,100.0
2780.00,-9.7770,0.3720,1.7680,67.460,-2.870,10.370,5,100.0
2790.00,-9.7900,0.1490,1.7460,69.030,1.520,4.740,5,100.0
2800.00,-9.8900,-0.0800,1.4870,68.280,3.510,3.990,6,100.0
2810.00,-10.0330,0.3180,1.7740,70.960,1.310,5.630,6,100.0
2820.00,-10.2340,0.6170,2.2250,63.640,-3.690,8.830,6,100.0
2830.00,-9.9990,0.5280,2.1420,54.610,-8.290,8.600,6,100.0
2840.00,-9.7050,0.6950,2.0300,42.770,-12.740,9.250,6,100.0
2850.00,-9.5480,0.7660,2.0190,36.940,-11.110,6.980,7,100.0
2860.00,-9.5530,0.6080,1.7910,31.370,-7.400,3.900,7,100.0
2870.00,-9.5430,0.4240,1.7890,27.350,-6.230,2.940,7,100.0
2880.00,-9.6960,0.6180,2.0010,24.570,-6.800,3.200,7,100.0
2890.00,-9.7690,0.6240,1.9960,19.190,-5.470,2.410,7,100.0
2900.00,-9.6200,0.8050,2.1160,12.180,-4.040,1.540,8,100.0
2910.00,-9.5150,0.5030,1.9150,5.160,-4.900,-0.010,8,100.0
2920.00,-9.4360,0.3320,1.8010,4.300,-7.590,1.380,8,100.0
2930.00,-9.5190,0.1540,1.7100,8.120,-8.330,3.440,8,100.0
2940.00,-9.5720,0.3560,1.7610,14.660,-8.260,4.250,8,100.0
2950.00,-9.6190,0.5060,1.9130,17.830,-8.360,1.480,9,100.0
2960.00,-9.5790,0.7400,2.0590,18.700,-8.730,-2.030,9,100.0
2970.00,-9.3890,0.8020,2.1140,16.570,-9.450,-6.020,9,100.0
2980.00,-9.0930,0.6790,2.0150,16.310,-6.870,-9.870,9,100.0
2990.00,-9.0790,0.6780,2.1210,15.480,-4.340,-11.270,9,100.0
3000.00,-9.2590,0.8180,2.2570,12.540,-3.340,-11.280,10,100.0
3010.00,-9.4090,0.8750,2.2760,7.190,-3.690,-10.440,10,100.0
3020.00,-9.2450,0.8550,2.3230,1.200,-4.980,-8.520,10,100.0
3030.00,-9.0310,0.8210,2.3460,-4.040,-6.680,-5.650,10,100.0
3040.00,-8.9390,0.6960,2.2280,-8.480,-7.590,-3.360,10,100.0
3050.00,-9.1320,0.6280,2.1970,-11.630,-6.910,-2.170,11,100.0
3061.00,-9.2390,0.5400,2.1300,-14.840,-6.820,-0.490,11,100.0
3071.00,-9.2940,0.4910,2.0990,-17.160,-8.010,2.360,11,100.0
3081.00,-9.3750,0.0320,1.6960,-17.570,-8.450,5.110,11,100.0
3091.00,-9.3460,-0.0690,1.4560,-11.250,-8.890,9.730,11,100.0
3101.00,-9.8280,0.0190,1.5980,-3.320,-6.610,12.280,12,100.0
3111.00,-10.2720,0.0780,1.7330,1.380,-4.840,12.090,12,100.0
3121.00,-10.3660,0.5200,2.1350,5.230,-8.150,10.010,12,100.0
3131.00,-10.0640,0.6430,2.2660,5.740,-9.800,8.500,12,100.0
3141.00,-9.7570,0.4630,2.1240,7.010,-9.780,7.570,12,100.0
3151.00,-9.5950,0.4590,1.9770,10.020,-9.740,8.690,13,100.0
3161.00,-9.7080,0.3610,1.9590,11.690,-11.510,10.080,13,100.0
3171.00,-9.8150,0.5150,2.0620,14.800,-13.820,11.440,13,100.0
3181.00,-10.1040,0.6290,2.1700,15.120,-15.730,10.710,13,100.0
3191.00,-10.2900,0.7460,2.2770,11.480,-16.640,8.850,13,100.0
3201.00,-10.0580,1.0860,2.6530,6.140,-16.340,7.310,14,100.0
3211.00,-9.9330,1.2770,2.9410,-2.880,-16.530,4.950,14,100.0
3221.00,-9.7610,1.3890,3.0220,-14.500,-18.490,5.160,14,100.0
3231.00,-9.6220,1.4440,3.1900,-26.770,-23.780,9.150,14,100.0
3241.00,-9.5070,1.8110,3.4680,-40.980,-30.270,14.140,14,100.0
3251.00,-9.6490,2.0590,3.7410,-60.130,-35.360,16.390,15,100.0
3261.00,-9.0250,1.9600,3.2320,-113.590,-45.460,17.110,15,100.0
3271.00,-9.3730,1.1650,3.1760,-132.780,-39.810,15.680,15,100.0
3281.00,-9.6870,1.1880,2.2550,-131.530,-36.660,17.160,15,100.0
3291.00,-9.3590,2.1640,1.5110,-93.600,-36.680,14.350,15,100.0
3301.00,-9.8230,1.1280,2.6080,-24.600,-26.580,10.760,16,100.0
3311.00,-10.1100,0.6850,3.0010,-20.790,-21.910,9.290,16,100.0
3321.00,-10.0110,1.1310,2.9240,-40.040,-26.420,9.430,16,100.0
3331.00,-9.7780,1.3010,3.0040,-44.290,-30.430,9.830,16,100.0
3341.00,-9.6040,1.0930,3.0830,-43.640,-34.350,11.740,16,100.0
3351.00,-9.5270,1.1530,3.1820,-48.470,-40.400,15.170,17,100.0
3361.00,-9.4310,1.3950,3.4640,-53.180,-47.700,20.510,17,100.0
3371.00,-8.8710,1.6650,3.7720,-56.660,-54.300,25.830,17,100.0
3381.00,-9.0180,1.8170,3.9490,-64.890,-56.190,27.330,17,100.0
3391.00,-9.6500,1.4510,3.7060,-72.430,-60.550,29.870,17,100.0
3401.00,-10.1970,1.4990,3.9700,-84.960,-85.750,55.140,18,100.0
3411.00,-9.7560,1.8530,4.1650,-95.690,-102.980,71.360,18,100.0
3421.00,-9.0580,1.8340,4.1910,-100.810,-116.180,83.590,18,100.0
3431.00,-8.4290,1.6730,4.2320,-101.710,-127.870,94.600,18,100.0
3441.00,-8.0120,1.7180,4.1240,-106.970,-137.770,104.380,18,100.0
3451.00,-8.0680,2.0900,4.2420,-108.920,-142.380,110.960,19,100.0
3461.00,-8.1260,2.4320,4.6670,-100.830,-140.770,114.220,19,100.0
3471.00,-7.9660,2.4860,4.9430,-92.690,-134.620,114.130,19,100.0
3481.00,-8.0900,2.7420,5.2410,-83.860,-131.070,112.730,19,100.0
3491.00,-8.1430,2.9680,5.6150,-67.060,-139.870,116.900,19,100.0
3501.00,-8.4100,3.0930,5.8280,-54.980,-160.070,128.900,20,100.0
3511.00,-8.7420,2.9800,5.8300,-42.430,-176.480,144.090,20,100.0
3521.00,-8.8960,3.5060,6.1190,-30.340,-179.840,157.650,20,100.0
3531.00,-8.7760,3.8460,6.6530,-42.840,-171.600,163.460,20,100.0
3541.00,-8.5180,4.1310,7.2040,-61.740,-147.380,155.520,20,100.0
3551.00,-8.1780,3.7200,7.6900,-59.340,-91.920,110.980,21,100.0
3561.00,-7.7150,3.7170,7.9650,-61.440,-72.550,93.900,21,100.0
3571.00,-7.2210,4.3410,8.0670,-71.100,-60.600,81.690,21,100.0
3581.00,-6.9540,4.0820,7.9130,-81.900,-54.020,70.140,21,100.0
3591.00,-6.8480,3.2700,7.2010,-94.060,-47.110,67.000,21,100.0
3601.00,-6.7890,2.8300,6.4360,-99.870,-37.340,70.220,22,100.0
3611.00,-6.8750,2.5670,6.2870,-92.750,-25.200,70.260,22,100.0
3621.00,-7.0210,2.4200,6.5320,-81.210,-12.090,62.440,22,100.0
3631.00,-7.3140,2.3800,6.8360,-76.730,0.490,46.930,22,100.0
3641.00,-7.5230,1.7210,7.0240,-77.000,12.470,28.680,22,100.0
3651.00,-7.5560,1.1370,6.9670,-75.140,22.010,17.760,23,100.0
3661.00,-7.4810,1.1250,6.9460,-73.440,27.750,12.930,23,100.0
3671.00,-7.4040,1.4120,7.0400,-72.130,33.700,5.580,23,100.0
3681.00,-7.2080,1.5610,6.9210,-71.130,41.940,-8.240,23,100.0
3691.00,-7.0930,0.7030,6.5920,-73.150,61.810,-39.460,23,100.0
3701.00,-6.9900,0.3030,6.1220,-71.360,66.440,-45.130,24,100.0
3711.00,-6.9660,0.1720,5.8890,-66.580,65.220,-46.980,24,100.0
3721.00,-6.9030,0.3010,5.6800,-60.110,63.030,-47.880,24,100.0
3731.00,-6.9270,0.1010,5.5560,-55.050,59.360,-47.470,24,100.0
3741.00,-6.8410,-0.2170,5.5190,-49.750,52.390,-43.100,24,100.0
3751.00,-6.5150,-0.3440,5.3350,-44.620,43.520,-34.910,25,100.0
3761.00,-6.5470,-0.3750,5.3570,-40.540,31.930,-25.490,25,100.0
3771.00,-6.7410,-0.4540,5.3980,-35.640,21.400,-15.220,25,100.0
3781.00,-6.8980,-0.5620,5.5310,-30.380,11.270,-2.780,25,100.0
3791.00,-7.0210,-0.3200,5.6610,-26.670,-0.170,9.390,25,100.0
3801.00,-7.1580,-0.0660,5.7640,-26.320,-9.110,19.470,26,100.0
3811.00,-7.2880,0.1560,6.0150,-25.250,-15.010,25.880,26,100.0
3821.00,-7.2390,0.3870,6.2120,-23.320,-18.160,28.640,26,100.0
3831.00,-6.5800,0.2420,6.0560,-28.260,-19.930,26.000,26,100.0
3841.00,-6.5400,-0.1690,5.9240,-29.710,-21.920,26.540,26,100.0
3851.00,-6.6640,-0.1080,6.0010,-27.020,-25.950,30.340,27,100.0
3861.00,-6.8070,0.0900,6.1140,-23.270,-28.490,32.950,27,100.0
3871.00,-6.9330,0.1450,6.1600,-19.790,-28.520,31.010,27,100.0
3881.00,-7.0520,0.2690,6.3570,-15.900,-26.950,26.390,27,100.0
3891.00,-6.9670,0.5390,6.7310,-12.600,-23.460,21.490,27,100.0
3901.00,-6.5860,0.8490,7.0160,-11.270,-19.930,18.180,28,100.0
3911.00,-6.3180,0.9580,7.1270,-12.560,-18.320,16.390,28,100.0
3921.00,-6.1540,0.7090,6.9990,-14.150,-16.590,16.010,28,100.0
3931.00,-6.1010,0.5510,6.9000,-13.470,-15.940,17.320,28,100.0
3941.00,-6.2030,0.4740,6.8860,-13.120,-16.590,18.880,28,100.0
3951.00,-6.4210,0.4010,6.8990,-13.210,-18.420,20.820,29,100.0
3961.00,-6.5710,0.1710,6.7660,-16.620,-19.610,23.410,29,100.0
3971.00,-6.8320,0.1790,6.7950,-16.110,-17.430,19.330,29,100.0
3981.00,-6.8120,0.3140,6.9700,-9.660,-15.260,15.330,29,100.0
3991.00,-6.7410,0.6620,7.2640,-6.610,-12.560,11.980,29,100.0
4001.00,-6.7570,1.0520,7.5070,-4.270,-9.340,9.250,30,100.0
4011.00,-6.9050,1.4150,7.8710,-0.640,-8.600,7.590,30,100.0
4021.00,-6.8650,1.6250,8.0420,-3.650,-11.420,9.390,30,100.0
4031.00,-6.6180,1.8220,8.1690,-10.370,-17.200,14.030,30,100.0
4041.00,-6.4090,1.7850,8.0010,-17.270,-23.940,17.780,30,100.0
4051.00,-6.4270,1.4340,7.6660,-24.460,-31.550,19.020,31,100.0
4061.00,-6.3370,1.1650,7.3480,-29.050,-36.380,21.010,31,100.0
4071.00,-6.2290,0.8650,7.3530,-28.500,-39.210,24.230,31,100.0
4082.00,-6.5850,0.7320,7.5810,-27.070,-42.050,25.510,31,100.0
4092.00,-6.8530,0.5470,7.6600,-24.880,-39.950,21.640,31,100.0
4102.00,-6.8550,0.8300,7.9010,-19.600,-34.050,13.490,32,100.0
4112.00,-6.5160,1.8400,8.7210,-20.650,-34.540,-0.010,32,100.0
4122.00,-6.3960,2.3820,8.7000,-21.780,-30.640,-0.120,32,100.0
4132.00,-6.1600,2.7680,8.5770,-21.700,-28.770,0.360,32,100.0
4142.00,-6.0090,2.5850,8.6890,-25.830,-31.810,0.280,32,100.0
4152.00,-6.0110,2.1020,8.5450,-33.720,-34.610,0.080,33,100.0
4162.00,-6.0770,1.6760,8.5050,-41.330,-40.460,1.150,33,100.0
4172.00,-6.1590,1.3410,8.5410,-38.740,-41.240,4.560,33,100.0
4182.00,-5.9400,0.9480,8.2990,-26.860,-32.750,9.340,33,100.0
4192.00,-5.6630,0.8750,8.2330,-19.770,-26.210,12.950,33,100.0
4202.00,-5.4890,1.2370,8.4280,-17.250,-22.780,16.760,34,100.0
4212.00,-5.4780,1.5320,8.6100,-12.820,-18.960,20.590,34,100.0
4222.00,-5.5580,1.8370,8.6620,-11.160,-15.940,24.790,34,100.0
4232.00,-5.5230,1.9770,8.5300,-12.790,-13.790,29.360,34,100.0
4242.00,-5.7150,1.9050,8.3940,-13.520,-12.960,32.410,34,100.0
4252.00,-6.1660,1.3860,8.0140,-11.180,-9.970,31.950,35,100.0
4262.00,-6.3300,1.1710,7.8550,-8.060,-4.530,28.150,35,100.0
4272.00,-6.3870,1.0000,7.9470,-3.790,3.970,22.570,35,100.0
4282.00,-6.2810,0.9960,8.0060,-1.660,12.960,17.760,35,100.0
4292.00,-6.0830,1.1430,7.9590,-2.870,17.920,16.010,35,100.0
4302.00,-5.7490,1.1580,7.9940,-3.340,18.460,18.770,36,100.0
4312.00,-5.6820,1.1520,7.8250,-3.200,16.590,24.850,36,100.0
4322.00,-5.9580,1.1230,7.7770,-1.220,13.650,31.020,36,100.0
4332.00,-6.3370,1.1310,7.7150,2.600,12.950,35.210,36,100.0
4342.00,-6.5750,1.1820,7.6250,6.160,14.590,36.730,36,100.0
4352.00,-6.7780,0.9950,7.5690,8.590,14.540,33.700,37,100.0
4362.00,-7.3850,0.8300,7.6340,8.590,10.830,24.370,37,100.0
4372.00,-8.1830,0.1800,7.3120,8.830,8.690,10.180,37,100.0
4382.00,-8.6690,0.2300,7.2800,22.050,9.040,-5.540,37,100.0
4392.00,-8.4380,1.0490,7.6100,31.830,25.140,-44.710,37,100.0
4402.00,-8.1120,1.2150,7.6940,19.670,37.450,-57.520,38,100.0
4412.00,-7.5150,1.5840,7.8240,19.160,37.690,-60.320,38,100.0
4422.00,-6.8430,2.0180,7.9210,16.870,23.780,-55.210,38,100.0
4432.00,-6.3030,2.2790,7.8960,8.540,3.250,-43.220,38,100.0
4442.00,-6.0610,2.6450,7.9330,1.290,-15.660,-23.810,38,100.0
4452.00,-6.0290,3.0050,8.1510,1.540,-29.960,-4.230,39,100.0
4462.00,-6.0160,3.2530,8.4960,2.880,-38.390,10.920,39,100.0
4472.00,-5.9490,3.3100,8.6390,0.920,-42.430,21.730,39,100.0
4482.00,-5.8730,3.3000,8.6300,-3.550,-46.340,29.570,39,100.0
4492.00,-5.7830,3.3770,8.5630,-8.600,-49.640,35.360,39,100.0
4502.00,-5.6070,3.1950,8.4720,-13.420,-50.870,38.780,40,100.0
4512.00,-5.3090,2.7910,8.3530,-17.950,-52.440,42.730,40,100.0
4522.00,-4.9300,2.8210,8.2260,-21.570,-53.900,48.840,40,100.0
4532.00,-4.3760,2.6320,7.9660,-24.780,-51.500,54.260,40,100.0
4542.00,-4.5120,2.5020,7.7280,-30.920,-44.340,56.520,40,100.0
4552.00,-4.9750,2.3540,7.9410,-32.910,-40.530,53.020,41,100.0
4562.00,-5.3820,2.2910,8.3030,-32.740,-33.670,45.130,41,100.0
4572.00,-5.4780,2.0750,8.2560,-36.410,-22.450,32.980,41,100.0
4582.00,-5.3450,1.6190,7.9100,-42.000,-9.520,18.810,41,100.0
4592.00,-5.1740,0.9280,7.4950,-45.460,2.670,5.390,41,100.0
4602.00,-5.1840,0.5060,7.1440,-46.110,12.000,-6.120,42,100.0
4612.00,-5.4160,0.7290,7.5130,-44.450,17.580,-16.250,42,100.0
4622.00,-5.7180,1.1620,7.7400,-43.590,25.580,-29.050,42,100.0
4632.00,-6.0590,1.1350,7.7300,-48.400,34.700,-40.540,42,100.0
4642.00,-6.1250,0.8360,7.6290,-53.370,39.900,-46.020,42,100.0
4652.00,-6.0550,0.6180,7.6330,-57.690,42.940,-48.910,43,100.0
4662.00,-5.9600,0.3070,7.4180,-62.930,46.140,-52.020,43,100.0
4672.00,-5.8710,-0.2230,6.8080,-69.540,45.850,-53.530,43,100.0
4682.00,-5.7410,-1.2150,6.6310,-75.960,31.710,-41.160,43,100.0
4692.00,-5.8080,-1.4880,6.3860,-74.700,23.480,-31.110,43,100.0
4702.00,-6.0230,-1.6040,6.3190,-71.940,15.990,-21.290,44,100.0
4712.00,-6.1800,-1.5790,6.5870,-65.740,9.760,-12.210,44,100.0
4722.00,-6.1500,-1.2310,6.8490,-59.880,4.630,-3.780,44,100.0
4732.00,-6.0460,-0.8720,7.1000,-57.990,-0.380,2.940,44,100.0
4742.00,-5.8920,-0.6890,7.3620,-56.850,-4.950,8.200,44,100.0
4752.00,-5.6030,-0.3690,7.6230,-55.790,-8.960,14.490,45,100.0
4762.00,-5.1370,0.0760,7.7680,-57.060,-13.120,21.710,45,100.0
4772.00,-4.7130,0.4330,7.8410,-58.150,-15.480,28.630,45,100.0
4782.00,-4.4310,0.6360,8.0140,-57.750,-16.270,36.290,45,100.0
4792.00,-4.1990,0.7570,8.0470,-58.760,-16.270,45.300,45,100.0
4802.00,-4.6320,-0.3150,6.7020,-64.850,-19.600,54.840,46,100.0
4812.00,-5.0850,-1.0550,6.2560,-66.570,-33.530,73.010,46,100.0
4822.00,-5.2630,-0.6420,7.4720,-70.660,-32.320,80.970,46,100.0
4832.00,-4.2670,-0.6520,7.2960,-62.490,-36.340,83.790,46,100.0
4842.00,-3.8410,-0.9360,7.0640,-65.800,-41.160,89.960,46,100.0
4852.00,-4.3450,-1.5800,7.0220,-60.340,-39.830,86.340,47,100.0
4862.00,-4.4690,-2.4410,6.7820,-57.610,-31.860,82.610,47,100.0
4872.00,-4.3840,-2.6300,6.4240,-58.620,-24.180,81.910,47,100.0
4882.00,-4.4790,-2.9090,6.1390,-57.050,-16.810,78.920,47,100.0
4892.00,-4.6640,-2.9140,6.1470,-53.460,-7.800,75.540,47,100.0
4902.00,-5.0320,-2.6970,6.1300,-49.870,3.180,69.910,48,100.0
4912.00,-5.5450,-2.6440,6.1770,-47.950,12.540,62.020,48,100.0
4922.00,-6.4520,-2.3600,6.1850,-49.310,17.480,56.220,48,100.0
4932.00,-7.0500,-1.3100,6.6380,-49.910,18.930,54.930,48,100.0
4942.00,-7.4110,-1.0910,6.8560,-48.580,23.480,52.600,48,100.0
4952.00,-7.6090,-1.1190,6.9670,-42.710,22.610,52.920,49,100.0
4962.00,-7.3750,-1.5390,6.7920,-41.520,19.140,49.640,49,100.0
4972.00,-6.8940,-1.7280,6.7630,-38.600,17.880,48.100,49,100.0
4982.00,-6.5040,-1.9540,6.9020,-34.100,18.720,45.510,49,100.0
4992.00,-6.4330,-2.0900,6.8360,-33.040,21.750,44.240,49,100.0
5002.00,-6.6020,-2.1940,6.5030,-38.510,22.520,43.760,50,100.0
5012.00,-6.9630,-2.2750,6.0580,-39.250,18.250,38.220,50,100.0
5022.00,-6.7800,-2.3720,6.0530,-31.950,17.830,30.410,50,100.0
5032.00,-6.2910,-2.5750,6.2290,-24.720,24.090,26.190,50,100.0
5042.00,-6.0680,-3.0120,6.1840,-21.450,25.230,25.860,50,100.0
5052.00,-6.3990,-3.4000,5.9580,-18.860,20.020,27.960,51,100.0
5062.00,-6.9290,-3.4920,5.7720,-15.680,15.920,31.110,51,100.0
5072.00,-7.3160,-3.4700,6.0860,-10.020,16.250,30.360,51,100.0
5082.00,-7.5510,-3.4380,6.4030,-2.850,23.220,24.180,51,100.0
5092.00,-7.6000,-3.2980,6.4770,0.420,31.160,15.030,51,100.0
5102.00,-7.9520,-2.9210,6.7820,3.410,43.270,-5.700,52,100.0
5113.00,-7.8430,-2.7920,7.0070,5.110,47.180,-11.160,52,100.0
5123.00,-7.4910,-2.6410,6.9960,3.480,47.110,-11.460,52,100.0
5133.00,-7.3370,-2.4760,6.8920,1.970,42.470,-8.030,52,100.0
5143.00,-7.4040,-2.3620,6.9420,3.020,35.290,-1.540,52,100.0
5153.00,-7.4820,-2.2150,7.0480,5.370,27.730,5.580,53,100.0
5163.00,-7.5970,-2.0020,7.2740,6.350,21.280,10.600,53,100.0
5173.00,-7.6890,-1.7990,7.4820,6.820,17.410,12.840,53,100.0
5183.00,-7.6970,-1.7020,7.5430,6.980,16.780,11.630,53,100.0
5193.00,-7.7770,-1.7370,7.4970,6.580,17.040,8.590,53,100.0
5203.00,-7.8800,-1.6980,7.5740,6.820,16.100,5.460,54,100.0
5213.00,-8.4230,-1.6640,7.6360,7.540,16.320,1.130,54,100.0
5223.00,-8.7940,-0.3450,6.4290,52.740,26.610,5.000,54,100.0
5233.00,-7.3370,-1.4040,9.1880,91.190,21.660,4.980,54,100.0
5243.00,-8.0740,-2.2550,8.2610,-9.810,17.900,-22.380,54,100.0
5253.00,-8.0190,-2.3900,6.9780,-24.370,12.720,-22.240,55,100.0
5263.00,-7.8080,-2.4330,6.7480,-17.320,6.650,-18.630,55,100.0
5273.00,-7.6590,-2.3700,7.1340,-1.220,3.180,-12.890,55,100.0
5283.00,-7.6540,-2.1890,7.4270,5.610,-0.140,-7.170,55,100.0
5293.00,-7.7940,-1.7690,7.5560,0.500,-5.980,-3.580,55,100.0
5303.00,-7.9330,-1.3730,7.8070,-5.720,-11.910,-3.390,56,100.0
5313.00,-7.9650,-1.2680,7.6680,-6.020,-14.500,-4.060,56,100.0
5323.00,-8.0740,-1.1610,7.6850,-1.760,-14.220,-2.830,56,100.0
5333.00,-8.1520,-1.2410,7.7040,-0.990,-6.330,-5.320,56,100.0
5343.00,-8.0090,-1.2560,7.7860,1.570,2.500,-10.480,56,100.0
5353.00,-7.6180,-1.6610,7.6540,2.970,7.280,-14.000,57,100.0
5363.00,-7.3320,-1.9480,7.4100,-0.840,3.060,-12.820,57,100.0
5373.00,-7.2110,-1.9100,6.8490,-4.550,-4.560,-7.610,57,100.0
5383.00,-7.8620,-1.6800,6.8190,-2.900,-20.870,-2.250,57,100.0
5393.00,-7.9990,-1.5550,7.1640,6.940,-21.120,-7.610,57,100.0
5403.00,-7.9220,-1.6410,7.2980,6.510,-17.080,-16.170,58,100.0
5413.00,-7.6940,-1.8170,7.0680,6.380,-10.780,-22.820,58,100.0
5423.00,-7.3120,-1.8500,6.8680,5.370,-7.960,-25.700,58,100.0
5433.00,-6.9060,-1.9700,6.8660,7.050,-7.380,-25.720,58,100.0
5443.00,-6.7050,-2.2880,6.7440,9.320,-7.850,-22.030,58,100.0
5453.00,-6.7040,-2.2130,6.5980,14.120,-13.030,-12.840,59,100.0
5463.00,-6.8550,-2.2280,6.3270,19.440,-21.430,-1.570,59,100.0
5473.00,-7.0710,-2.0080,6.5550,25.530,-31.150,8.240,59,100.0
5483.00,-7.1800,-1.6680,6.8660,26.530,-36.310,12.280,59,100.0
5493.00,-7.3860,-1.4480,7.1160,29.970,-36.900,10.410,59,100.0
5503.00,-7.5190,-1.2770,7.1860,30.850,-34.930,5.890,60,100.0
5513.00,-7.5310,-1.0250,7.3350,31.090,-29.940,-0.560,60,100.0
5523.00,-6.9260,-0.9790,7.7010,31.010,-22.170,-8.660,60,100.0
5533.00,-6.3660,-1.2030,7.4580,25.320,-10.010,-14.520,60,100.0
5543.00,-6.0940,-1.3680,7.0150,16.850,-9.320,-13.610,60,100.0
5553.00,-6.2870,-1.6740,6.4160,12.510,-9.740,-12.790,61,100.0
5563.00,-6.7570,-1.7940,6.2390,18.210,-11.900,-10.200,61,100.0
5573.00,-7.0300,-1.6210,6.6780,26.160,-17.090,-7.220,61,100.0
5583.00,-6.9490,-1.4510,6.9690,32.280,-16.370,-7.710,61,100.0
5593.00,-6.2570,-0.2710,7.7460,33.580,-12.720,-8.310,61,100.0
5603.00,-6.1430,-0.0760,7.4180,31.340,-10.090,-10.970,62,100.0
5613.00,-6.0170,-0.3820,7.3570,25.340,-15.470,-5.980,62,100.0
5623.00,-6.0630,0.0650,7.7150,24.130,-21.560,1.820,62,100.0
5633.00,-6.2100,0.0650,7.7930,20.400,-15.760,1.260,62,100.0
5643.00,-6.1660,-0.7260,7.5670,12.120,-9.380,-0.120,62,100.0
5653.00,-6.0780,-1.0400,7.1980,10.370,-4.340,0.780,63,100.0
5663.00,-6.8150,-1.2250,6.7150,8.870,-1.830,2.450,63,100.0
5673.00,-7.2050,-1.2080,6.3240,12.510,-1.730,3.950,63,100.0
5683.00,-6.7460,-1.4210,6.3670,21.190,-0.870,1.520,63,100.0
5693.00,-6.2560,-1.2230,6.6680,25.440,-0.710,0.400,63,100.0
5703.00,-5.0210,-0.5630,8.1630,26.960,-2.710,-1.540,64,100.0
5713.00,-5.1610,1.0740,9.1820,10.710,-1.500,-6.260,64,100.0
5723.00,-6.3400,-0.0610,7.4220,-1.290,-1.030,-15.830,64,100.0
5733.00,-7.1880,-0.2340,7.4680,-15.640,-9.290,-9.380,64,100.0
5743.00,-7.1740,-0.1310,7.2940,-19.860,-10.130,-5.440,64,100.0
5753.00,-6.5010,-0.6730,7.3320,-15.200,-5.440,-4.950,65,100.0
5763.00,-6.0220,-0.9270,7.2940,-17.360,-2.090,-1.360,65,100.0
5773.00,-6.1720,-0.9280,7.2070,-16.010,-3.060,0.570,65,100.0
5783.00,-6.8070,-1.1760,7.2860,-14.030,-8.130,0.570,65,100.0
5793.00,-7.1090,-0.9790,7.3710,-17.180,-11.490,0.470,65,100.0
5803.00,-7.0300,-0.7200,7.4830,-19.230,-11.410,-2.690,66,100.0
5813.00,-6.6170,-1.5690,7.6590,-4.880,-9.780,-6.420,66,100.0
5823.00,-6.1630,-3.0130,8.1290,-2.040,-5.910,4.060,66,100.0
5833.00,-6.7260,-1.2500,7.9480,-5.050,-2.130,23.870,66,100.0
5843.00,-7.1600,-0.7500,8.1110,-2.340,4.840,29.990,66,100.0
5853.00,-6.7650,-0.8010,7.5020,5.280,12.330,32.550,67,100.0
5863.00,-6.3660,-0.7340,7.2560,7.980,11.000,37.080,67,100.0
5873.00,-6.3910,-0.4700,7.2720,12.790,5.070,39.770,67,100.0
5883.00,-6.0680,-0.2320,7.4320,16.870,-0.570,39.840,67,100.0
5893.00,-6.4510,0.2770,7.3360,4.510,-7.030,39.840,67,100.0
5903.00,-7.5630,2.0860,7.1470,-34.750,-27.050,31.060,68,100.0
5913.00,-7.5740,1.2010,6.5730,-60.840,-42.220,6.100,68,100.0
5923.00,-7.1680,-0.1950,7.6590,-64.690,-49.920,-20.070,68,100.0
5933.00,-6.7050,-1.6910,8.0310,-60.440,-51.660,-32.160,68,100.0
5943.00,-6.5810,-2.5680,8.4860,-31.370,-45.990,-28.630,68,100.0
5953.00,-5.9210,-1.6800,8.2450,17.440,-26.510,8.390,69,100.0
5963.00,-5.7540,-1.1150,8.2430,16.920,-25.600,16.250,69,100.0
5973.00,-5.3930,-0.6040,7.9080,12.300,-24.390,15.990,69,100.0
5983.00,-4.8870,0.1260,7.6660,6.260,-21.640,10.970,69,100.0
5993.00,-5.5560,0.4610,7.2880,2.850,-23.360,-0.710,69,100.0
6003.00,-5.9650,0.1950,7.4260,1.120,-28.870,-8.540,70,100.0
6013.00,-6.3230,-0.1500,7.7610,-1.010,-32.680,-10.250,70,100.0
6023.00,-6.5080,-0.4490,8.3010,-4.480,-37.080,-9.590,70,100.0
6033.00,-6.5470,-1.0200,8.3300,-6.790,-38.950,-5.120,70,100.0
6043.00,-6.3920,-1.4390,8.6230,-3.150,-39.510,6.490,70,100.0
6053.00,-6.3980,-1.1900,8.7520,0.890,-36.970,25.070,71,100.0
6063.00,-6.2690,-1.1040,8.7370,2.480,-34.520,43.080,71,100.0
6073.00,-5.9230,-0.5770,8.1480,17.690,-29.780,50.730,71,100.0
6083.00,-5.6260,0.5280,7.5070,25.550,-27.310,50.430,71,100.0
6093.00,-5.7830,1.8290,7.2230,5.420,-20.140,28.220,71,100.0
6104.00,-5.4690,1.7350,7.6120,2.180,-27.890,18.490,72,100.0
6114.00,-7.6550,0.4630,8.2660,-19.460,-25.250,-3.200,72,100.0
6123.00,-8.5100,0.8780,6.7150,-42.700,52.570,-32.530,72,100.0
6134.00,-5.9490,-0.0620,8.2090,-113.380,27.160,-34.070,72,100.0
6144.00,-5.5500,-2.6510,9.6630,-129.920,-27.100,-26.440,72,100.0
6154.00,-6.3060,-3.2570,9.8820,-63.590,-34.680,-1.800,73,100.0
6164.00,-6.9610,-2.3240,9.2650,-13.510,-22.470,23.850,73,100.0
6174.00,-6.7500,-1.2640,8.6220,-4.280,-16.410,42.140,73,100.0
6184.00,-6.2670,-0.1920,7.6400,-7.210,-19.560,54.250,73,100.0
6194.00,-6.1010,0.4120,7.6980,-6.450,-24.270,63.910,73,100.0
6204.00,-6.4130,0.2810,8.0190,-16.460,-19.580,78.620,74,100.0
6214.00,-7.2320,0.0370,8.3050,-25.950,-8.410,98.350,74,100.0
6224.00,-7.7250,-0.4820,8.6930,-26.000,-1.240,118.770,74,100.0
6234.00,-6.4940,-0.6400,8.1940,-22.540,6.120,171.200,74,100.0
6244.00,-5.9900,-0.1300,7.7820,-17.150,13.540,195.020,74,100.0
6254.00,-6.0410,0.1740,7.4010,-15.850,18.390,214.370,75,100.0
6264.00,-6.4180,0.3110,7.4600,-19.280,17.200,228.000,75,100.0
6274.00,-6.7720,0.1410,7.4240,-21.890,12.930,235.630,75,100.0
6284.00,-7.4560,1.4230,8.1100,-21.590,4.510,236.510,75,100.0
6294.00,-7.3170,1.8840,8.0150,-15.190,-1.970,225.290,75,100.0
6304.00,-6.9430,2.4720,7.4530,-15.100,-0.890,214.700,76,100.0
6314.00,-6.1780,2.1100,7.2590,-25.140,-3.290,202.960,76,100.0
6324.00,-5.2390,0.5560,7.6710,-40.890,-9.390,195.300,76,100.0
6334.00,-4.7920,-0.0590,7.4620,-53.180,-5.320,196.360,76,100.0
6344.00,-4.1410,0.1290,7.5020,-51.870,1.040,194.720,76,100.0
6354.00,-3.4880,0.4210,7.8050,-44.480,6.120,188.490,77,100.0
6364.00,-1.4560,-0.2850,7.0980,-67.650,8.050,173.670,77,100.0
6374.00,-2.9000,-0.7810,7.5400,-109.620,-12.580,102.040,77,100.0
6384.00,-3.4120,-0.6610,8.1910,-41.380,-12.650,76.700,77,100.0
6394.00,-3.8440,-0.1350,8.3680,-2.810,-19.250,55.660,77,100.0
6404.00,-3.7130,0.7600,8.0470,11.040,-25.390,36.250,78,100.0
6414.00,-4.4680,-0.1060,8.5680,16.290,-28.210,15.780,78,100.0
6424.00,-4.4550,-0.5610,8.7620,22.500,-24.010,4.180,78,100.0
6434.00,-4.5950,-0.0340,8.6940,31.290,-17.150,6.280,78,100.0
6444.00,-6.3690,1.5340,8.2180,38.090,-5.460,19.420,78,100.0
6454.00,-7.0400,3.0890,9.6020,41.260,16.390,46.370,79,100.0
6464.00,-6.2170,1.9870,8.5140,-53.250,-0.570,53.740,79,100.0
6474.00,-5.4860,0.1730,8.4430,-103.680,0.500,57.760,79,100.0
6484.00,-4.9130,-0.3050,8.3050,-45.460,19.300,66.270,79,100.0
6494.00,-4.5450,0.9670,8.1270,16.180,29.750,80.720,79,100.0
6504.00,-4.7110,2.8190,7.4780,15.260,13.840,86.640,80,100.0
6514.00,-4.4360,4.6990,8.0120,9.690,6.820,75.000,80,100.0
6524.00,-4.9920,3.3830,8.3060,-41.750,-11.560,17.640,80,100.0
6534.00,-5.0660,1.5180,8.9440,-49.140,-24.480,-3.900,80,100.0
6544.00,-4.5220,1.4570,8.5220,-35.280,-23.520,-5.440,80,100.0
6554.00,-4.2720,1.1310,8.8210,-29.500,-19.250,4.830,81,100.0
6564.00,-4.5540,1.0930,8.6850,-37.520,-16.530,22.480,81,100.0
6574.00,-5.0170,1.4730,7.8550,-51.590,-19.560,35.080,81,100.0
6584.00,-4.5880,0.9590,8.3950,-75.210,-33.840,40.890,81,100.0
6594.00,-4.2540,0.5650,8.7380,-83.680,-37.900,48.450,81,100.0
6604.00,-4.4840,-0.0440,7.1520,-86.390,-43.450,58.040,82,100.0
6614.00,-4.4530,-0.1370,6.4290,-94.650,-70.380,72.130,82,100.0
6624.00,-4.1700,-0.0570,7.0270,-108.760,-100.530,87.530,82,100.0
6634.00,-3.6750,0.4880,8.4590,-133.080,-131.810,103.140,82,100.0
6644.00,-3.5840,0.9810,10.8190,-150.250,-151.200,104.840,82,100.0
6654.00,-3.6500,0.9570,10.4110,-149.670,-146.540,93.660,83,100.0
6664.00,-3.0850,0.8480,11.0890,-133.080,-127.730,67.320,83,100.0
6674.00,-2.8300,0.3980,11.3970,-107.530,-101.720,49.660,83,100.0
6684.00,-2.9200,0.2390,11.1840,-81.260,-75.180,38.860,83,100.0
6694.00,-2.8090,-0.3910,10.3030,-83.890,-58.850,29.550,83,100.0
6704.00,-2.2320,-1.5940,9.5720,-94.920,-56.840,22.850,84,100.0
6714.00,-2.0090,-2.3440,9.3040,-96.470,-59.640,27.730,84,100.0
6724.00,-2.2510,-2.3180,9.3650,-91.280,-61.680,37.810,84,100.0
6734.00,-2.2630,-2.2320,9.6260,-87.570,-64.260,43.820,84,100.0
6744.00,-2.0060,-2.3550,9.9230,-84.330,-65.060,46.020,84,100.0
6754.00,-1.8430,-2.4620,9.8770,-81.650,-61.980,49.680,85,100.0
6764.00,-1.8490,-2.2480,9.5430,-78.120,-58.390,55.070,85,100.0
6774.00,-1.7410,-2.2930,9.0890,-81.840,-59.300,59.160,85,100.0
6784.00,-1.7580,-1.9400,9.5420,-82.390,-65.740,62.160,85,100.0
6794.00,-1.6000,-2.0330,9.2050,-65.200,-67.600,65.480,85,100.0
6804.00,-1.9780,-0.6680,10.9500,-43.290,-78.640,68.940,86,100.0
6814.00,-1.7150,-0.9840,11.6920,-44.080,-77.690,62.420,86,100.0
6824.00,-1.6880,-1.0250,11.9530,-46.670,-70.590,60.180,86,100.0
6834.00,-1.6410,-1.1830,12.1370,-42.990,-62.300,55.210,86,100.0
6844.00,-1.5540,-1.1240,12.3120,-34.050,-52.760,50.410,86,100.0
6854.00,-1.5780,-0.8150,12.4000,-25.300,-41.750,48.750,87,100.0
6864.00,-1.6550,-0.5300,12.3570,-25.770,-32.300,48.720,87,100.0
6874.00,-1.5780,-0.5410,12.0030,-30.640,-24.430,47.250,87,100.0
6884.00,-1.8140,-0.3170,11.4530,-29.260,-15.310,46.130,87,100.0
6894.00,-1.9990,-0.2390,10.7600,-28.560,-7.280,42.470,87,100.0
6904.00,-2.0440,-0.2220,10.2520,-31.290,-5.960,39.140,88,100.0
6914.00,-2.1690,-0.2020,9.8470,-32.620,-6.520,39.230,88,100.0
6924.00,-2.3650,0.0130,9.8640,-31.760,-10.180,41.890,88,100.0
6934.00,-2.4650,0.1050,9.9180,-33.300,-14.140,42.070,88,100.0
6945.00,-2.4610,-0.1310,9.7020,-23.310,-12.280,32.600,88,100.0
6954.00,-2.3900,-0.2840,9.6860,-25.000,-13.120,29.260,89,100.0
6964.00,-2.2280,-0.4780,9.7100,-29.080,-13.680,26.120,89,100.0
6974.00,-2.0980,-0.6770,9.6920,-32.840,-13.260,23.060,89,100.0
6984.00,-2.0030,-0.8050,9.7050,-33.890,-11.880,20.280,89,100.0
6994.00,-1.8660,-0.9210,9.8420,-34.730,-11.460,18.810,89,100.0
7004.00,-1.8310,-0.9080,9.8770,-37.010,-10.060,19.370,90,100.0
7014.00,-2.0140,-0.6000,9.7310,-35.420,-5.120,19.440,90,100.0
7024.00,-1.9920,-0.7200,9.6400,-32.350,-2.090,16.830,90,100.0
7034.00,-1.7280,-1.1950,9.7530,-35.290,-3.510,14.770,90,100.0
7044.00,-1.7180,-1.3630,9.9860,-43.330,-3.410,13.400,90,100.0
7054.00,-1.6600,-1.8400,9.7470,-57.500,-0.990,11.770,91,100.0
7064.00,-1.6670,-2.0820,9.3220,-69.420,0.540,11.200,91,100.0
7074.00,-1.9890,-1.9950,9.4380,-76.770,-1.270,11.410,91,100.0
7084.00,-2.4520,-1.1850,9.8330,-49.630,6.020,25.320,91,100.0
7094.00,-2.3400,-1.3240,9.2130,-30.620,15.220,22.130,91,100.0
7104.00,-2.1430,-1.6950,9.1080,-27.070,8.640,20.580,92,100.0
7114.00,-2.5190,-0.9840,9.4800,-17.790,8.940,27.310,92,100.0
7125.00,-2.7080,-0.9670,8.7720,-8.750,15.470,26.720,92,100.0
7134.00,-2.7820,-0.9040,8.7420,-2.640,12.140,18.600,92,100.0
7144.00,-2.7380,-1.0280,9.0520,-0.380,6.590,9.550,92,100.0
7154.00,-2.7070,-1.2400,9.4370,-3.090,2.460,1.010,93,100.0
7165.00,-2.4320,-1.5330,9.4250,-1.380,-0.150,-6.380,93,100.0
7175.00,-2.2680,-1.8080,9.6040,1.480,-2.940,-11.300,93,100.0
7185.00,-2.1280,-1.8830,9.8320,-10.580,-8.430,-12.140,93,100.0
7195.00,-1.8890,-2.2540,9.9310,-26.320,-13.090,-14.080,93,100.0
7205.00,-1.7460,-2.3290,10.2410,-30.080,-13.940,-12.810,94,100.0
7215.00,-1.7370,-2.1060,10.3590,-21.000,-8.030,-8.550,94,100.0
7225.00,-2.1510,-1.7140,9.8540,-7.560,5.910,-10.530,94,100.0
7235.00,-2.1820,-1.9560,9.3790,-8.730,7.940,-13.800,94,100.0
7245.00,-2.2190,-2.4100,8.9470,-4.760,9.570,-19.120,94,100.0
7255.00,-2.1350,-2.8100,8.8010,-2.940,7.980,-25.600,95,100.0
7265.00,-1.9680,-3.0180,8.8250,-4.070,3.670,-28.280,95,100.0
7275.00,-1.9590,-3.0830,9.0120,-7.190,-0.980,-29.520,95,100.0
7285.00,-1.7590,-3.1680,9.1340,-13.400,-5.790,-31.290,95,100.0
7295.00,-1.7210,-3.1880,9.1760,-16.150,-6.700,-30.250,95,100.0
7305.00,-1.8080,-2.8790,9.2190,-9.780,-4.130,-28.360,96,100.0
7315.00,-2.0350,-2.5190,9.1580,11.200,1.830,-27.280,96,100.0
7325.00,-2.0560,-2.4780,9.2610,31.930,5.930,-32.280,96,100.0
7335.00,-1.7550,-2.9160,9.2470,30.690,5.250,-40.160,96,100.0
7345.00,-1.5910,-3.2780,9.1520,15.380,3.620,-40.670,96,100.0
7355.00,-1.6770,-3.3420,8.9030,-0.730,2.640,-36.520,97,100.0
7365.00,-2.1150,-2.8830,8.4090,-5.040,-0.890,-28.570,97,100.0
7375.00,-1.9260,-3.0740,8.4650,-26.020,-11.320,-29.360,97,100.0
7385.00,-1.4270,-3.7500,8.7660,-43.080,-23.080,-30.320,97,100.0
7395.00,-1.0880,-4.1760,9.4490,-47.770,-29.200,-31.530,97,100.0
7405.00,-0.9470,-4.1910,9.8100,-42.070,-27.240,-31.160,98,100.0
7415.00,-0.9770,-4.0000,10.0020,-27.470,-20.580,-32.560,98,100.0
7425.00,-1.1820,-3.5350,9.8260,-15.260,-13.310,-36.050,98,100.0
7435.00,-1.2720,-3.4700,9.3990,-4.510,-9.100,-40.790,98,100.0
7445.00,-1.2040,-3.2500,9.5880,9.950,-9.870,-41.120,98,100.0
7455.00,-0.9710,-3.4560,9.9200,22.570,-9.970,-39.830,99,100.0
7465.00,-0.4100,-4.0960,10.2320,32.210,-8.690,-34.980,99,100.0
7475.00,-1.0930,-3.1350,10.9480,15.800,-10.230,-18.070,99,100.0
7485.00,-0.5810,-3.5360,9.0770,0.190,7.700,-16.660,99,100.0
7495.00,-0.6910,-4.2750,10.2400,-11.140,1.570,-11.720,99,100.0
7505.00,-1.4280,-3.2740,8.1320,-54.910,1.200,4.740,100,100.0
7515.00,-1.3970,-3.0830,8.2380,-41.790,1.470,-1.850,100,100.0
7525.00,-1.2900,-3.0300,8.6940,-26.540,-5.580,-8.570,100,100.0
7535.00,-1.1280,-3.1150,8.9300,-11.140,-5.790,-13.240,100,100.0
7545.00,-1.0490,-3.1940,9.5100,-1.900,-8.390,-16.220,100,100.0
7555.00,-0.9540,-3.2660,9.3220,18.830,-1.200,-19.180,101,100.0
7565.00,-0.6410,-3.6490,9.6320,34.420,-1.780,-22.750,101,100.0
7575.00,-0.4370,-4.0060,9.7110,40.560,0.170,-18.480,101,100.0
7585.00,-0.5260,-3.7910,9.5460,48.730,5.250,-11.060,101,100.0
7595.00,-0.5440,-3.7730,9.1280,52.670,7.700,-7.290,101,100.0
7605.00,-0.6200,-3.6410,8.9740,50.870,4.860,-3.970,102,100.0
7615.00,-0.5340,-3.5960,8.9770,44.800,-1.310,-1.970,102,100.0
7625.00,-0.3660,-3.7160,9.5060,33.540,-8.080,2.450,102,100.0
7635.00,-0.2380,-3.5370,9.8640,21.710,-9.620,9.170,102,100.0
7645.00,-0.1960,-3.3550,10.1390,17.040,-8.100,13.800,102,100.0
7655.00,0.1440,-3.5410,10.1980,19.370,-3.720,16.010,103,100.0
7665.00,-0.0230,-3.4710,10.0800,15.080,-2.530,20.980,103,100.0
7675.00,-0.2100,-3.4680,10.0280,9.430,-4.270,25.410,103,100.0
7685.00,-0.2220,-3.1900,10.3980,1.870,-7.070,32.280,103,100.0
7695.00,-0.3090,-3.4550,9.9320,1.030,-0.170,32.700,103,100.0
7705.00,-0.4830,-3.6220,9.2130,5.020,6.660,30.920,104,100.0
7715.00,-0.7330,-3.6070,8.4500,9.640,10.160,31.500,104,100.0
7725.00,-0.9400,-3.4340,8.1470,12.260,6.730,32.320,104,100.0
7735.00,-1.0810,-3.3490,8.2750,6.700,-0.820,31.950,104,100.0
7745.00,-1.0990,-3.1310,8.6510,-0.630,-7.190,30.870,104,100.0
7755.00,-1.1380,-2.9610,8.9800,-2.040,-10.110,29.080,105,100.0
7765.00,-1.2090,-2.8050,9.2490,2.850,-10.990,28.070,105,100.0
7775.00,-1.1900,-2.7730,9.4390,9.810,-10.220,26.580,105,100.0
7785.00,-1.2160,-2.7490,9.4660,17.340,-7.470,23.900,105,100.0
7795.00,-1.2960,-2.7960,9.2750,24.760,-4.160,20.350,105,100.0
7805.00,-1.3680,-2.7550,9.2570,28.990,-3.510,18.930,106,100.0
7815.00,-1.5120,-2.5990,9.2860,27.580,-3.790,17.880,106,100.0
7825.00,-1.5030,-2.6360,9.0920,14.800,-5.330,16.710,106,100.0
7835.00,-1.5130,-2.5500,9.1460,4.020,-9.310,17.040,106,100.0
7845.00,-1.5150,-2.2970,9.4850,2.760,-13.120,18.460,106,100.0
7855.00,-1.5580,-2.0930,9.7140,6.350,-12.810,17.640,107,100.0
7865.00,-1.6100,-2.0350,9.7020,8.970,-10.500,14.960,107,100.0
7875.00,-1.6000,-1.9360,9.6260,9.550,-8.780,13.420,107,100.0
7885.00,-1.5340,-1.8850,9.9240,11.000,-9.880,11.980,107,100.0
7895.00,-1.4640,-2.0440,10.1200,11.670,-8.600,9.950,107,100.0
7905.00,-1.5140,-2.2280,9.8640,9.500,-3.600,8.600,108,100.0
7915.00,-1.5990,-2.3560,9.3350,6.240,0.450,8.270,108,100.0
7925.00,-1.6760,-2.3190,9.2510,7.330,0.190,7.990,108,100.0
7935.00,-1.5010,-2.3800,9.4190,11.840,0.470,6.930,108,100.0
7945.00,-1.5620,-2.1930,9.4830,14.100,1.960,7.630,108,100.0
11167.00,0.2180,-1.7630,10.8920,-6.590,-4.900,2.750,0,100.0
11178.00,0.3200,-1.7680,10.8620,-5.800,-1.750,2.450,0,100.0
11188.00,0.4860,-1.7850,10.9740,-2.110,-1.940,4.310,0,100.0
11198.00,0.6440,-1.7950,11.8610,2.520,-4.670,6.210,0,100.0
11208.00,0.6290,-2.0480,11.9460,6.630,-2.730,3.590,0,100.0
11218.00,0.5570,-2.5330,11.7810,4.390,-1.400,3.240,1,100.0
11228.00,0.5370,-3.0160,11.7510,1.520,-3.290,4.690,1,100.0
11238.00,0.5370,-3.2590,12.0980,2.750,-7.000,6.420,1,100.0
11248.00,0.7210,-3.4610,12.7280,6.770,-10.720,7.040,1,100.0
11258.00,1.0340,-3.3820,13.4730,7.230,-14.010,8.420,1,100.0
11268.00,1.5480,-3.2440,14.1950,3.590,-16.430,10.660,2,100.0
11278.00,2.0130,-2.7870,14.8900,-2.620,-17.810,13.040,2,100.0
11288.00,2.1630,-2.4280,15.3530,-7.620,-15.690,14.740,2,100.0
11298.00,2.0370,-1.9100,15.4940,-8.600,-8.710,14.790,2,100.0
11308.00,1.9080,-1.7890,15.0320,-3.050,2.760,11.500,2,100.0
11318.00,1.6780,-1.7550,14.2730,11.160,14.030,6.440,3,100.0
11328.00,1.4240,-1.8060,13.4380,21.700,19.860,1.890,3,100.0
11338.00,1.1470,-1.9190,12.7480,19.250,17.230,0.950,3,100.0
11348.00,1.4180,-2.0530,12.1420,0.840,-2.830,4.360,3,100.0
11358.00,1.9310,-2.2730,12.8610,-9.620,-16.460,7.120,3,100.0
11368.00,2.5840,-2.5260,13.8960,-19.590,-26.370,9.780,4,100.0
11378.00,3.0640,-2.6420,14.4760,-24.930,-25.250,10.900,4,100.0
11388.00,3.3370,-2.7460,14.4100,-24.860,-18.060,12.060,4,100.0
11398.00,3.2550,-2.8130,14.1890,-17.040,-7.210,12.290,4,100.0
11408.00,2.9160,-2.8940,13.2390,-4.000,10.480,13.130,4,100.0
11418.00,2.2430,-2.6170,11.7180,5.070,25.070,16.630,5,100.0
11428.00,1.7240,-2.4100,10.1710,9.310,28.590,19.340,5,100.0
11438.00,1.4410,-1.8620,9.4760,8.640,22.710,22.400,5,100.0
11448.00,1.6610,-1.4220,9.8910,-3.140,8.200,27.580,5,100.0
11458.00,2.0500,-1.2090,10.8140,-15.810,-3.480,31.150,5,100.0
11468.00,2.1930,-1.1860,11.0280,-22.340,-1.850,32.150,6,100.0
11478.00,1.7860,-1.4460,10.1990,-26.280,6.770,34.070,6,100.0
11488.00,0.9810,-2.0180,7.7850,-23.970,9.810,43.870,6,100.0
11498.00,-0.0010,-1.9460,6.9720,-11.750,6.870,49.890,6,100.0
11508.00,-0.7340,-1.8850,6.3430,-8.600,-0.260,55.090,6,100.0
11518.00,-1.3370,-1.6340,5.9230,-3.820,-8.610,57.450,7,100.0
11528.00,-2.1230,-0.9900,5.5930,14.940,-11.200,53.570,7,100.0
11538.00,-2.6200,-0.2340,5.4800,33.860,-11.650,43.280,7,100.0
11548.00,-2.3160,0.2380,5.6910,33.670,-20.700,34.490,7,100.0
11558.00,-2.0270,0.8110,6.9150,16.550,-36.330,33.200,7,100.0
11568.00,-2.0480,1.6640,8.7180,-6.990,-47.070,35.050,8,100.0
11578.00,-2.2400,1.7350,9.6870,-26.330,-45.130,33.180,8,100.0
11588.00,-2.3740,1.0870,9.0240,-29.360,-31.510,28.510,8,100.0
11598.00,-2.8410,0.5350,7.6880,-14.990,-16.270,22.260,8,100.0
11608.00,-3.2870,0.0470,6.2850,1.010,-10.930,19.370,8,100.0
11618.00,-3.5100,0.1110,5.8190,11.500,-18.130,20.580,9,100.0
11628.00,-2.5600,1.0340,8.7550,1.750,-47.840,18.410,9,100.0
11638.00,-1.9540,1.1600,10.7250,-4.170,-51.010,13.070,9,100.0
11648.00,-1.4400,0.9600,11.4050,-3.840,-35.500,3.850,9,100.0
11658.00,-0.7810,-0.4740,10.8550,4.500,-16.430,-4.280,9,100.0
11668.00,0.2690,-2.6170,10.2920,25.080,-3.790,-1.320,10,100.0
11678.00,0.1920,-3.3050,11.0290,40.140,9.790,20.280,10,100.0
11688.00,-1.5270,-2.0480,10.0400,7.190,37.080,48.770,10,100.0
11698.00,-3.7510,1.6420,5.5660,-34.170,72.900,67.880,10,100.0
11708.00,-6.8300,5.8990,3.1920,-20.270,81.210,57.050,10,100.0
11718.00,-6.5240,6.8190,3.1310,20.390,64.250,-6.060,11,100.0
11728.00,-3.2170,3.5530,5.7780,79.640,38.480,-89.240,11,100.0
11738.00,-0.4350,0.2460,10.1530,123.530,17.180,-138.540,11,100.0
11748.00,2.4580,-2.5720,13.0390,120.750,14.820,-151.140,11,100.0
11758.00,3.9850,-3.3750,15.4480,88.080,14.850,-126.930,11,100.0
11768.00,4.4480,-3.3970,17.0700,-11.650,11.840,-45.000,12,100.0
11778.00,3.4300,-2.7570,14.8690,-27.310,30.550,-15.950,12,100.0
11788.00,2.1940,-1.2230,12.7540,-25.630,39.680,0.400,12,100.0
11798.00,1.7740,-0.9460,12.6520,-13.050,24.900,-0.970,12,100.0
11808.00,2.0470,-1.6120,14.2930,10.250,9.640,-12.610,12,100.0
11818.00,2.8220,-3.3110,15.1080,17.710,7.900,-21.710,13,100.0
11828.00,3.5820,-4.7340,15.3240,10.390,9.640,-17.090,13,100.0
11838.00,3.5000,-4.5950,15.9880,-5.820,5.870,-1.000,13,100.0
11848.00,3.4680,-4.2130,16.2730,-26.100,5.310,17.400,13,100.0
11858.00,2.7720,-3.0910,16.2010,-48.220,6.450,38.400,13,100.0
11868.00,2.0390,-1.9990,15.3090,-69.920,9.620,50.310,14,100.0
11878.00,1.4340,-1.6790,13.7800,-83.050,11.230,53.010,14,100.0
11888.00,1.0580,-2.1470,12.6730,-82.730,7.050,50.450,14,100.0
11898.00,0.9460,-2.9920,12.4820,-72.910,-2.480,45.890,14,100.0
11908.00,1.8170,-5.2680,12.1910,-77.450,-19.300,50.890,14,100.0
11918.00,2.0390,-5.8260,12.3180,-87.160,-26.280,61.060,15,100.0
11928.00,2.2490,-6.0390,12.5950,-105.080,-31.580,74.340,15,100.0
11938.00,2.2330,-5.9010,12.7560,-126.360,-34.520,88.880,15,100.0
11948.00,1.9050,-5.7060,12.3720,-132.430,-26.630,95.710,15,100.0
11958.00,1.5190,-5.4650,11.2970,-128.420,-13.300,96.430,15,100.0
11968.00,0.9910,-4.8640,10.0800,-120.130,-3.480,93.570,16,100.0
11978.00,0.2480,-4.4870,8.7080,-106.410,3.980,84.300,16,100.0
11988.00,-0.4120,-4.8410,7.0330,-87.300,8.690,70.810,16,100.0
11998.00,-0.7770,-5.4360,5.1110,-65.440,8.780,58.850,16,100.0
12008.00,-0.8140,-6.5440,3.9300,-42.760,0.680,50.630,16,100.0
12018.00,-0.3740,-8.2010,4.0830,-31.770,-22.690,52.330,17,100.0
12028.00,0.2940,-9.6090,4.6770,-44.950,-49.630,65.010,17,100.0
12038.00,0.5870,-9.9870,5.1390,-72.900,-67.160,84.160,17,100.0
12048.00,1.5620,-8.7270,7.5800,-111.340,-82.720,116.920,17,100.0
12058.00,2.0390,-9.3110,8.4450,-142.620,-93.920,118.670,17,100.0
12068.00,2.2760,-9.8080,7.5750,-115.560,-66.950,114.150,18,100.0
12078.00,1.6040,-9.5360,5.6180,-85.710,-37.340,111.180,18,100.0
12088.00,0.8290,-8.8250,4.0090,-61.220,-22.290,107.660,18,100.0
12098.00,0.2810,-7.9810,3.0860,-30.620,-15.480,97.000,18,100.0
12108.00,-0.3920,-6.9570,2.0630,6.070,-5.330,81.660,18,100.0
12118.00,-0.5590,-6.3230,1.7000,35.540,-1.970,68.810,19,100.0
12128.00,-0.3560,-6.0720,2.9790,47.810,-18.350,65.470,19,100.0
12138.00,0.1440,-6.2240,4.1590,35.930,-34.020,66.410,19,100.0
12148.00,0.6670,-6.1200,4.7460,9.220,-38.780,70.810,19,100.0
12158.00,1.4120,-5.7120,6.1310,-13.150,-45.690,77.390,19,100.0
12168.00,2.0750,-4.4150,8.3680,-36.440,-51.080,84.490,20,100.0
12178.00,2.2390,-3.0360,10.3690,-53.510,-40.120,89.230,20,100.0
12188.00,0.6220,0.2990,10.7270,-54.820,-11.760,86.590,20,100.0
12199.00,-0.3230,0.2030,8.1610,-52.120,69.490,49.440,20,100.0
12209.00,-1.0130,-0.7460,5.9220,-47.280,87.580,27.560,20,100.0
12219.00,-1.0140,-2.3210,4.3220,-33.800,92.150,7.160,21,100.0
12229.00,-1.0510,-3.9360,3.4790,-14.640,89.330,-0.010,21,100.0
12239.00,-1.3680,-4.1950,3.3050,-4.330,80.280,6.980,21,100.0
12249.00,-2.1230,-3.4220,3.6460,-6.680,68.560,17.170,21,100.0
12259.00,-2.5280,-2.6590,3.8900,-17.400,57.320,22.750,21,100.0
12269.00,-2.7460,-2.0940,4.1700,-31.190,45.720,21.700,22,100.0
12279.00,-3.1720,-1.7510,5.3800,-35.360,31.830,18.030,22,100.0
12289.00,-3.2440,-1.7650,6.5850,-54.050,19.100,9.750,22,100.0
12299.00,-3.3580,-1.7340,7.2000,-73.280,16.020,0.040,22,100.0
12309.00,-3.8720,-1.4290,7.7350,-73.670,21.830,-10.910,22,100.0
12319.00,-3.9970,-1.5360,8.2440,-69.800,31.910,-30.320,23,100.0
12329.00,-3.7300,-2.4900,8.2190,-48.150,48.220,-53.660,23,100.0
12339.00,-3.7120,-4.5520,5.4680,24.660,102.190,-85.620,23,100.0
12349.00,-4.5540,-4.1060,3.7960,38.620,116.510,-91.900,23,100.0
12359.00,-5.4460,-3.0490,2.4740,23.750,113.250,-95.010,23,100.0
12369.00,-5.9640,-3.2940,1.5110,19.390,96.730,-101.000,24,100.0
12379.00,-6.0290,-3.8780,1.4000,36.010,69.490,-106.250,24,100.0
12389.00,-5.5950,-4.4810,2.3060,27.890,30.550,-105.060,24,100.0
12399.00,-4.5290,-5.4950,3.7100,-3.180,-8.190,-95.800,24,100.0
12409.00,-3.5460,-6.1140,6.4250,-17.090,-39.930,-82.480,24,100.0
12419.00,-2.2300,-6.8920,9.1840,-19.780,-50.550,-75.010,25,100.0
12429.00,-1.3560,-6.9220,11.5080,-4.630,-35.430,-68.800,25,100.0
12439.00,-1.7860,-6.1290,12.2600,7.000,0.380,-58.810,25,100.0
12449.00,-2.6890,-4.8200,10.9280,8.940,43.290,-54.100,25,100.0
12459.00,-3.2360,-4.8010,8.0440,19.740,76.710,-65.630,25,100.0
12469.00,-3.8820,-4.5470,5.9280,40.490,86.370,-73.260,26,100.0
12479.00,-3.9980,-4.9160,4.2840,45.690,48.170,-76.040,26,100.0
12489.00,-3.7540,-4.9670,6.0820,32.620,9.530,-64.900,26,100.0
12499.00,-2.8630,-5.4520,8.5410,9.360,-20.520,-56.950,26,100.0
12509.00,-2.4140,-5.4550,10.7460,-2.070,-28.570,-49.360,26,100.0
12519.00,-2.1480,-4.8040,12.3490,-7.730,-22.610,-41.290,27,100.0
12529.00,-2.1050,-4.5690,13.2190,-10.630,-9.360,-37.330,27,100.0
12539.00,-1.9580,-4.7550,12.6670,0.490,14.710,-40.380,27,100.0
12549.00,-2.2600,-4.3340,10.9570,23.130,42.730,-44.070,27,100.0
12559.00,-3.0180,-3.7910,9.1450,42.310,56.970,-48.340,27,100.0
12569.00,-3.2550,-3.7950,7.9940,40.900,48.290,-49.580,28,100.0
12579.00,-3.3270,-3.6410,8.3070,25.010,22.810,-45.280,28,100.0
12589.00,-3.0640,-3.1870,9.8360,0.800,-2.970,-42.690,28,100.0
12599.00,-2.5510,-3.4690,11.0450,-29.460,-15.690,-45.820,28,100.0
12609.00,-2.2930,-3.3110,12.2160,-46.790,-14.560,-50.950,28,100.0
12619.00,-1.5690,-4.5530,10.9810,-35.760,29.570,-71.650,29,100.0
12629.00,-1.7490,-4.7270,9.4690,-21.900,47.540,-71.580,29,100.0
12639.00,-2.4330,-4.2740,8.1520,-7.760,56.500,-70.500,29,100.0
12649.00,-2.7580,-4.3400,6.8020,-0.460,57.040,-74.190,29,100.0
12659.00,-2.8000,-4.3710,6.0450,-1.290,46.700,-77.200,29,100.0
12669.00,-2.5370,-4.2530,6.3400,-7.250,30.160,-78.700,30,100.0
12679.00,-1.3250,-4.9540,8.3180,-10.670,16.160,-78.460,30,100.0
12689.00,0.6430,-6.8620,10.4530,-20.730,23.290,-75.610,30,100.0
12699.00,2.2300,-8.3950,11.4520,-22.020,47.120,-67.050,30,100.0
12709.00,2.6840,-8.8110,10.7150,-1.850,72.510,-62.340,30,100.0
12719.00,2.3740,-9.1470,8.8530,22.030,86.790,-67.820,31,100.0
12729.00,1.9130,-9.0080,7.6420,43.610,86.740,-69.130,31,100.0
12739.00,1.2140,-8.0330,7.2550,67.110,85.150,-64.280,31,100.0
12749.00,0.4130,-6.6480,7.3200,86.690,88.070,-60.680,31,100.0
12759.00,-1.1950,-3.5850,7.8560,103.950,93.040,-56.500,31,100.0
12769.00,-1.4230,-2.8100,7.7320,106.430,92.040,-52.490,32,100.0
12779.00,-1.4280,-3.0140,8.0450,95.430,82.420,-45.190,32,100.0
12789.00,-1.4390,-3.2230,8.5240,79.260,67.490,-37.230,32,100.0
12799.00,-1.0250,-3.9620,8.6090,63.000,56.730,-35.040,32,100.0
12809.00,-0.8740,-4.5000,8.4050,46.990,49.890,-32.310,32,100.0
12819.00,-0.7990,-4.9670,8.1520,38.800,45.440,-27.970,33,100.0
12829.00,-1.0010,-4.7290,8.0320,33.350,43.660,-20.500,33,100.0
12839.00,-0.9650,-4.4430,8.1390,21.160,39.070,-13.620,33,100.0
12849.00,-0.7640,-4.3880,8.3090,16.660,37.550,-7.290,33,100.0
12859.00,-0.6190,-4.4850,8.3650,18.110,36.530,0.140,33,100.0
12869.00,-0.7420,-4.6880,8.7550,21.750,31.670,9.330,34,100.0
12879.00,-0.9490,-4.7770,8.8580,27.320,26.590,16.590,34,100.0
12889.00,-0.9120,-4.9750,8.7570,29.470,21.010,18.410,34,100.0
12899.00,-1.5860,-4.4120,8.6180,31.780,15.110,27.530,34,100.0
12909.00,-2.2320,-3.6000,8.7700,17.380,10.070,30.290,34,100.0
12919.00,-2.1270,-3.3180,8.4150,-10.190,1.590,31.050,35,100.0
12929.00,-2.2080,-3.6310,8.0820,-35.080,-4.000,36.300,35,100.0
12939.00,-2.5370,-3.2930,8.2120,-45.820,-6.190,49.120,35,100.0
12949.00,-2.8830,-3.3900,8.1700,-56.780,-5.300,55.910,35,100.0
12959.00,-2.7910,-4.1220,7.9290,-70.390,-4.320,52.890,35,100.0
12969.00,-2.1520,-5.2670,7.7300,-81.680,-7.350,44.350,36,100.0
12979.00,-1.5790,-6.2990,8.2550,-82.630,-11.630,38.750,36,100.0
12989.00,-1.1340,-6.9810,8.8010,-69.570,-7.960,39.430,36,100.0
12999.00,-1.0570,-6.9580,9.2490,-40.240,2.740,43.520,36,100.0
13009.00,-1.4360,-6.4830,9.2450,-5.560,13.310,48.130,36,100.0
13019.00,-1.9210,-5.6200,9.1090,21.770,17.230,49.040,37,100.0
13029.00,-2.1990,-5.1930,8.5360,28.980,13.430,43.510,37,100.0
13039.00,-1.9580,-5.0420,8.4090,24.150,3.060,39.460,37,100.0
13049.00,-2.2370,-4.8560,9.0380,5.740,-11.140,45.500,37,100.0
13059.00,-2.3780,-4.8020,9.1940,-8.440,-12.720,49.330,37,100.0
13069.00,-2.2420,-4.3690,8.9270,-23.130,-15.870,49.280,38,100.0
13079.00,-2.1270,-4.3640,8.6260,-25.300,-21.240,44.100,38,100.0
13089.00,-2.4630,-3.8780,9.1250,-9.550,-28.500,40.220,38,100.0
13099.00,-2.5080,-3.9130,9.0240,10.410,-30.760,29.440,38,100.0
13109.00,-2.4460,-4.0510,8.8250,35.120,-29.750,15.100,38,100.0
13119.00,-2.2100,-4.1760,8.6520,56.440,-27.240,0.070,39,100.0
13129.00,-1.9260,-4.7580,8.4390,69.300,-24.950,-9.000,39,100.0
13139.00,-1.6300,-5.3330,8.1870,62.400,-18.630,-4.100,39,100.0
13149.00,-1.9080,-5.5330,7.5550,37.540,-8.120,8.980,39,100.0
13159.00,-2.4610,-5.2430,6.6790,11.220,-2.740,21.950,39,100.0
13169.00,-2.6600,-4.8870,5.8850,-17.950,-6.800,27.900,40,100.0
13179.00,-2.4200,-3.7650,6.4350,-64.830,-17.650,28.160,40,100.0
13189.00,-1.9090,-3.7130,9.7200,-133.550,-32.060,23.850,40,100.0
13199.00,-0.6840,-4.9780,11.9040,-153.920,-3.060,22.190,40,100.0
13209.00,0.1300,-6.6460,10.7840,-158.820,42.360,33.040,40,100.0
13220.00,-0.2990,-7.2430,9.8460,-127.010,72.290,53.970,41,100.0
13230.00,-0.7500,-7.0080,8.7180,-75.840,93.810,66.260,41,100.0
13240.00,-1.7690,-7.0910,8.0960,-16.250,102.390,70.320,41,100.0
13250.00,-2.4960,-6.6680,7.9140,4.480,99.550,72.750,41,100.0
13260.00,-2.8520,-6.2730,7.3570,-15.920,97.280,67.270,41,100.0
13270.00,-2.9120,-6.0450,6.5950,-27.570,100.010,58.640,42,100.0
13280.00,-3.4930,-5.0280,5.9270,-28.220,102.160,59.340,42,100.0
13290.00,-4.7500,-3.4000,7.0320,-46.540,89.820,62.840,42,100.0
13300.00,-5.6330,-2.9510,7.9760,-83.200,74.260,51.380,42,100.0
13310.00,-5.8120,-3.9640,6.8540,-118.060,49.690,28.860,42,100.0
13320.00,-5.0120,-5.3500,6.9180,-129.720,7.100,5.640,43,100.0
13330.00,-3.3870,-8.8660,8.0920,-107.700,-28.380,-16.650,43,100.0
13340.00,-3.4320,-8.5650,8.2020,-67.610,-6.520,-5.310,43,100.0
13350.00,-3.9400,-7.0890,7.5380,-27.750,20.150,0.370,43,100.0
13360.00,-3.6170,-6.1840,7.1580,-19.490,28.660,-4.700,43,100.0
13370.00,-3.1280,-5.6130,7.3260,-30.550,37.920,-7.500,44,100.0
13380.00,-3.2730,-4.9540,6.5520,-56.600,59.110,-3.470,44,100.0
13390.00,-3.9430,-5.4200,6.1370,-88.540,76.770,-2.210,44,100.0
13400.00,-3.4160,-5.9410,6.0070,-111.830,90.290,-9.490,44,100.0
13410.00,-3.3410,-7.5030,6.5760,-114.350,104.540,-23.140,44,100.0
13420.00,-3.0290,-7.6100,6.4340,-98.810,116.350,-25.570,45,100.0
13430.00,-3.6550,-7.5630,6.2720,-79.550,118.570,-32.080,45,100.0
13440.00,-4.7590,-7.8600,6.3850,-72.320,117.750,-39.120,45,100.0
13450.00,-5.1500,-7.8170,5.5950,-69.220,105.430,-38.400,45,100.0
13460.00,-5.4640,-7.3650,5.0670,-37.200,69.560,-32.990,45,100.0
13470.00,-3.7190,-6.3230,5.6250,-7.340,11.700,-22.420,46,100.0
13480.00,-3.5700,-6.3420,5.5690,-12.570,13.170,-13.150,46,100.0
13490.00,-3.1590,-6.7200,4.8570,-13.480,21.590,-10.610,46,100.0
13500.00,-3.2480,-7.5460,5.0350,-13.430,20.770,-8.110,46,100.0
13510.00,-3.8240,-7.4750,6.2200,-12.780,14.260,0.140,46,100.0
13520.00,-3.8650,-7.6030,6.1590,-12.100,15.060,0.580,47,100.0
13530.00,-3.8350,-7.4270,5.7870,-9.230,18.140,0.650,47,100.0
13540.00,-3.9640,-7.2810,5.3340,-8.970,20.450,3.400,47,100.0
13550.00,-4.1810,-7.2630,5.1200,-10.540,20.520,6.210,47,100.0
13560.00,-4.4450,-7.2310,5.2250,-10.790,18.300,5.850,47,100.0
13570.00,-4.6770,-7.1760,5.4770,-10.630,18.650,4.550,48,100.0
13580.00,-4.6560,-7.1280,5.4160,-7.550,23.920,3.500,48,100.0
13590.00,-4.7340,-6.6730,5.0530,-3.510,29.170,1.630,48,100.0
13600.00,-5.0650,-6.7860,5.2190,-6.130,27.570,-1.760,48,100.0
13610.00,-4.7230,-7.1680,5.1620,-11.300,23.530,-3.070,48,100.0
13620.00,-4.5150,-7.3360,5.0200,-10.320,22.950,-3.910,49,100.0
13630.00,-4.6220,-7.7090,4.8410,-6.270,21.480,-2.460,49,100.0
13640.00,-4.5050,-7.8620,5.0330,-4.660,23.780,-2.740,49,100.0
13650.00,-4.5600,-7.9200,4.8000,1.380,29.390,-4.030,49,100.0
13660.00,-4.7780,-7.5750,4.7540,8.700,31.690,-3.240,49,100.0
13720.00,-5.1070,-7.2860,4.6800,14.050,24.230,-10.590,51,100.0
13730.00,-4.9740,-7.4300,4.5120,12.180,20.380,-10.770,51,100.0
13740.00,-4.9220,-7.4290,4.5450,11.790,16.220,-9.580,51,100.0
13750.00,-4.8940,-7.3010,4.5720,9.960,7.960,-6.530,51,100.0
13760.00,-5.0600,-7.1230,4.6670,5.020,2.220,-4.500,51,100.0
13770.00,-5.1720,-6.9030,4.7680,1.980,-1.710,-5.050,52,100.0
13780.00,-5.0540,-6.9110,4.8550,-1.500,-5.330,-6.900,52,100.0
13790.00,-4.9360,-7.0430,4.9740,-6.050,-8.850,-7.200,52,100.0
13800.00,-4.7780,-7.3260,4.8640,-10.190,-11.320,-6.690,52,100.0
13810.00,-4.6990,-7.4120,4.8130,-8.460,-11.740,-6.520,52,100.0
13820.00,-4.4750,-7.4590,4.9550,-4.070,-11.140,-6.380,53,100.0
13830.00,-4.5200,-7.1940,5.1140,-2.140,-9.800,-4.380,53,100.0
13840.00,-4.6100,-7.1360,5.2170,-3.370,-7.210,-5.220,53,100.0
13850.00,-4.6160,-7.2400,5.1260,-4.800,-4.980,-6.060,53,100.0
13860.00,-4.5870,-7.3540,5.0150,-5.220,-3.670,-5.520,53,100.0
13870.00,-4.5690,-7.5240,4.7460,-2.650,-1.800,-4.870,54,100.0
13880.00,-4.6670,-7.4810,4.7840,1.870,-0.960,-4.000,54,100.0
13890.00,-4.8680,-7.4350,4.9810,3.240,-1.640,-1.860,54,100.0
13900.00,-4.9550,-7.3800,4.8960,4.900,-0.910,-1.580,54,100.0
13910.00,-5.0160,-7.2070,4.8990,6.860,-1.100,-1.690,54,100.0
13920.00,-5.0170,-7.1400,4.9050,5.970,-1.970,-2.840,55,100.0
13930.00,-4.9560,-7.2090,4.9240,3.600,-3.550,-4.120,55,100.0
13940.00,-4.9220,-7.1610,4.9930,2.310,-5.300,-5.150,55,100.0
13950.00,-4.7820,-7.2800,5.0720,0.230,-6.800,-6.290,55,100.0
13960.00,-4.6630,-7.3990,5.0160,-0.950,-7.280,-6.360,55,100.0
13970.00,-4.6090,-7.4050,4.9850,-1.160,-7.400,-5.590,56,100.0
13980.00,-4.6370,-7.4090,5.0910,-1.360,-7.680,-4.520,56,100.0
13990.00,-4.5790,-7.3870,5.1570,-2.110,-8.590,-3.490,56,100.0
14000.00,-4.5910,-7.2870,5.2350,-2.930,-8.750,-2.440,56,100.0
14010.00,-4.6320,-7.1940,5.2050,-3.630,-8.520,-1.550,56,100.0
14020.00,-4.6620,-7.1340,5.2660,-2.300,-7.800,-1.480,57,100.0
14030.00,-4.5650,-7.1180,5.2470,-2.390,-7.840,-1.810,57,100.0
14040.00,-4.4820,-7.1530,5.3530,-4.540,-8.470,-2.160,57,100.0
14050.00,-4.4030,-7.2630,5.4430,-5.800,-8.260,-2.300,57,100.0
14060.00,-4.3090,-7.3410,5.4840,-6.660,-7.420,-2.160,57,100.0
14070.00,-4.2810,-7.3660,5.2760,-5.640,-6.140,-2.610,58,100.0
14080.00,-4.2580,-7.3310,5.2120,-4.050,-5.580,-2.260,58,100.0
14090.00,-4.3470,-7.2400,5.3490,-3.770,-5.330,-1.950,58,100.0
14100.00,-4.4200,-7.2170,5.3440,-4.170,-4.970,-1.720,58,100.0
14110.00,-4.4200,-7.1970,5.3350,-2.700,-4.110,-1.980,58,100.0
14120.00,-4.4730,-7.0630,5.2570,-0.730,-2.940,-2.320,59,100.0
14130.00,-4.4880,-7.0660,5.3500,-0.940,-3.230,-2.720,59,100.0
14140.00,-4.4420,-7.1660,5.4670,-2.090,-3.830,-2.750,59,100.0
14150.00,-4.4200,-7.2390,5.5070,-3.440,-3.860,-2.230,59,100.0
14160.00,-4.4270,-7.2500,5.4800,-4.540,-3.530,-1.090,59,100.0
14170.00,-4.3200,-7.3830,5.2900,-4.380,-2.740,-1.390,60,100.0
14180.00,-4.2800,-7.4120,5.3940,-0.850,-1.240,-0.790,60,100.0
14190.00,-4.2970,-7.3120,5.5200,2.170,0.400,0.420,60,100.0
14200.00,-4.4080,-7.1150,5.5290,2.610,1.530,1.470,60,100.0
14210.00,-4.5180,-7.0240,5.3770,1.240,1.530,1.980,60,100.0
14220.00,-4.5690,-6.8920,5.3010,1.560,1.950,2.050,61,100.0
14230.00,-4.6140,-6.7580,5.3040,1.910,2.920,0.960,61,100.0
14240.00,-4.6010,-6.8240,5.3740,1.120,3.560,-1.300,61,100.0
14251.00,-4.4960,-6.9570,5.3820,0.190,3.460,-3.380,61,100.0
14261.00,-4.3640,-7.0600,5.4010,-1.460,2.900,-4.260,61,100.0
14271.00,-4.3350,-7.0620,5.3390,-2.230,3.040,-4.150,62,100.0
14281.00,-4.2900,-7.1030,5.3490,-1.830,3.300,-3.860,62,100.0
14291.00,-4.2640,-7.2310,5.3440,-1.220,3.740,-3.400,62,100.0
14301.00,-4.2650,-7.2700,5.3690,0.240,4.630,-1.670,62,100.0
14311.00,-4.4380,-7.0300,5.2220,0.050,5.310,-0.510,62,100.0
14321.00,-4.6140,-6.8870,5.2250,-1.460,5.090,-4.990,63,100.0
14331.00,-4.6400,-7.0800,5.3350,-2.140,4.470,-6.250,63,100.0
14341.00,-4.6090,-7.1980,5.3190,-3.390,3.110,-6.450,63,100.0
14351.00,-4.5490,-7.2670,5.1860,-5.140,1.410,-5.450,63,100.0
14361.00,-4.6510,-7.1240,5.2110,-6.310,-0.890,-3.700,63,100.0
14371.00,-4.7090,-7.0990,5.3980,-9.910,-5.020,-1.060,64,100.0
14381.00,-4.7860,-6.9700,5.5160,-13.030,-9.040,3.060,64,100.0
14391.00,-5.1400,-6.3730,5.7730,-18.400,-13.800,6.490,64,100.0
14401.00,-4.9780,-6.7130,5.6550,-29.580,-20.420,3.610,64,100.0
14411.00,-4.6860,-7.2000,5.8760,-35.660,-25.000,2.800,64,100.0
14421.00,-4.7050,-6.9470,5.4970,-32.890,-24.370,10.850,65,100.0
14431.00,-4.6020,-7.1160,5.5350,-36.990,-28.080,16.730,65,100.0
14441.00,-4.6770,-6.9180,5.6310,-41.050,-33.320,22.660,65,100.0
14451.00,-4.7030,-6.8540,5.6730,-43.320,-38.970,27.930,65,100.0
14461.00,-4.4390,-7.2430,5.7790,-41.550,-61.180,38.680,65,100.0
14471.00,-4.4370,-6.7780,6.9870,-26.940,-69.440,52.100,66,100.0
14481.00,-4.9490,-5.7610,8.5200,-10.980,-60.350,72.630,66,100.0
14491.00,-5.6020,-5.0170,7.9500,5.840,-42.430,86.700,66,100.0
14501.00,-5.9120,-3.1230,7.3860,24.030,-27.450,87.150,66,100.0
14511.00,-7.1560,-2.5410,6.7890,51.970,-11.070,80.870,66,100.0
14521.00,-6.7170,-1.8420,6.1010,71.990,-3.990,71.160,67,100.0
14531.00,-6.3620,-2.5280,4.8570,75.910,1.110,53.110,67,100.0
14541.00,-5.9050,-3.4980,3.6460,75.460,-1.570,39.460,67,100.0
14551.00,-5.5920,-4.2980,3.4980,72.050,-13.050,32.520,67,100.0
14561.00,-5.5130,-5.2420,3.8470,57.710,-25.840,25.460,67,100.0
14571.00,-5.1250,-6.0780,4.7720,41.460,-39.930,13.560,68,100.0
14581.00,-4.9860,-6.0640,6.2220,23.920,-50.060,4.730,68,100.0
14591.00,-4.9530,-6.1930,7.3160,9.710,-49.840,-0.570,68,100.0
14601.00,-5.2000,-5.5630,8.8480,28.700,-32.720,13.180,68,100.0
14611.00,-5.5420,-4.7000,8.6680,56.610,-12.700,22.720,68,100.0
14621.00,-6.1870,-3.4860,7.9470,84.440,8.480,27.210,69,100.0
14631.00,-6.7320,-2.5450,6.5300,97.370,23.720,24.960,69,100.0
14641.00,-6.5640,-2.8630,4.1490,93.060,30.130,15.580,69,100.0
14651.00,-6.3030,-3.8450,2.2040,74.550,19.160,4.150,69,100.0
14661.00,-5.8890,-4.5030,1.4810,53.580,-7.870,-7.670,69,100.0
14671.00,-5.7990,-4.8470,2.0300,40.000,-35.800,-16.140,70,100.0
14681.00,-5.7780,-5.0320,2.9760,32.290,-54.890,-21.060,70,100.0
14691.00,-5.5950,-5.4910,3.7980,23.480,-67.340,-26.200,70,100.0
14701.00,-5.5680,-5.9950,4.7520,8.610,-78.640,-30.160,70,100.0
14711.00,-5.4720,-6.5090,5.6870,-14.450,-86.530,-33.830,70,100.0
14721.00,-5.1850,-6.6650,6.0760,-30.350,-86.310,-35.760,71,100.0
14731.00,-5.0330,-5.9620,5.9520,-27.960,-79.170,-31.860,71,100.0
14741.00,-5.6420,-3.1630,5.1680,-6.480,-75.650,-17.510,71,100.0
14751.00,-5.8190,-2.1150,5.0390,-3.740,-80.460,-19.430,71,100.0
14761.00,-5.9130,-1.3710,5.4400,-4.300,-87.950,-27.150,71,100.0
14771.00,-5.6920,-1.4120,6.1630,-7.500,-92.660,-38.890,72,100.0
14781.00,-4.9800,-2.5870,6.3450,-10.600,-91.800,-52.790,72,100.0
14791.00,-4.4000,-3.6210,5.9770,-5.890,-86.270,-58.560,72,100.0
14801.00,-4.1930,-3.8870,5.9550,1.630,-83.330,-56.690,72,100.0
14811.00,-3.9720,-3.6010,6.6800,-4.610,-84.840,-58.600,72,100.0
14821.00,-3.5220,-3.3540,7.3490,-22.860,-83.310,-67.260,73,100.0
14831.00,-3.1690,-3.3820,7.2150,-36.390,-72.380,-73.210,73,100.0
14841.00,-2.9830,-3.6070,6.1970,-39.100,-57.800,-75.150,73,100.0
14851.00,-2.7420,-4.1260,5.1560,-30.930,-48.540,-77.010,73,100.0
14861.00,-2.7050,-3.8910,4.8810,-20.960,-48.470,-73.030,73,100.0
14871.00,-2.6600,-3.5550,4.6730,-17.700,-47.320,-70.360,74,100.0
14881.00,-2.0730,-4.2420,2.8270,-25.300,-46.000,-72.950,74,100.0
14891.00,-1.5690,-4.9010,1.8080,-26.820,-49.360,-76.170,74,100.0
14901.00,-0.6750,-5.9800,0.7690,-37.270,-60.700,-80.100,74,100.0
14911.00,-0.5620,-6.5400,1.9650,-58.060,-81.580,-80.720,74,100.0
14921.00,-0.7810,-6.6720,5.4430,-65.530,-101.440,-76.390,75,100.0
14931.00,-1.0810,-6.0710,9.1090,-55.130,-96.770,-72.630,75,100.0
14941.00,-2.0390,-4.3570,11.3740,-38.960,-60.320,-72.720,75,100.0
14951.00,-2.4400,-3.2070,10.6830,-8.760,-2.380,-82.820,75,100.0
14961.00,-1.7850,-3.7180,6.3670,33.000,57.730,-94.050,75,100.0
14971.00,-1.0700,-4.9850,1.5270,80.040,92.520,-93.840,76,100.0
14981.00,-0.9120,-5.4580,-0.9990,127.780,88.230,-87.680,76,100.0
14991.00,-0.7270,-5.7690,-1.8620,151.580,65.080,-85.580,76,100.0
15001.00,-0.1950,-6.9230,-1.5940,139.740,36.780,-91.530,76,100.0
15011.00,0.0580,-7.6900,0.3840,114.900,6.680,-100.140,76,100.0
15021.00,0.9040,-6.5650,5.8000,88.040,-11.480,-105.390,77,100.0
15031.00,1.4330,-6.7500,7.3420,38.110,-8.310,-117.360,77,100.0
15041.00,1.6940,-6.6140,8.2370,47.460,2.720,-114.580,77,100.0
15051.00,1.4880,-6.5100,8.2500,71.770,20.750,-108.350,77,100.0
15061.00,1.5690,-6.2990,7.8260,94.500,35.190,-105.500,77,100.0
15071.00,1.7200,-6.8610,8.2100,109.990,39.120,-106.650,78,100.0
15081.00,2.1140,-8.7970,8.7640,120.030,41.030,-103.480,78,100.0
15091.00,2.8710,-10.2140,8.6140,143.950,53.610,-92.280,78,100.0
15101.00,3.3220,-10.1580,7.4930,167.470,74.440,-77.850,78,100.0
15111.00,3.3220,-9.2970,5.7690,170.150,84.330,-65.600,78,100.0
15121.00,3.0860,-6.9570,5.0930,164.200,73.370,-56.740,79,100.0
15131.00,2.3280,-5.4790,7.4540,147.680,43.250,-57.840,79,100.0
15141.00,1.9280,-5.5560,11.0210,108.250,3.860,-59.540,79,100.0
15151.00,1.6880,-5.8430,14.6870,62.840,-13.890,-66.520,79,100.0
15161.00,1.6430,-9.0280,19.2320,32.830,-6.000,-75.170,79,100.0
15171.00,2.8710,-10.2580,16.9070,76.930,83.430,-44.120,80,100.0
15181.00,4.0910,-10.6330,10.0460,128.310,159.100,-11.960,80,100.0
15191.00,3.2440,-9.3080,3.3180,172.790,193.210,19.150,80,100.0
15201.00,1.8160,-6.4240,0.7010,201.630,174.470,33.600,80,100.0
15211.00,0.5190,-3.9080,2.8630,186.830,124.090,26.710,80,100.0
15221.00,-0.2080,-3.3930,6.8840,137.790,75.820,10.820,81,100.0
15231.00,-0.1500,-3.2940,9.3810,80.870,59.760,-3.380,81,100.0
15241.00,-0.3960,-2.8740,10.7920,36.920,63.550,-11.500,81,100.0
15251.00,-0.2700,-2.5410,11.3190,15.380,73.950,-14.180,81,100.0
15261.00,0.4090,-3.4820,9.3000,5.670,91.450,-11.820,81,100.0
15272.00,1.3510,-6.7640,5.3580,-0.810,99.870,0.420,82,100.0
15282.00,2.3920,-9.5350,3.7840,15.540,81.770,25.830,82,100.0
15292.00,2.1270,-9.4250,6.1440,41.250,49.610,62.830,82,100.0
15302.00,1.1290,-6.8800,8.7870,64.140,36.520,100.990,82,100.0
15312.00,1.3920,-3.5500,5.7820,38.100,60.050,118.980,82,100.0
15322.00,1.7890,-4.0890,2.1160,3.530,53.370,117.550,83,100.0
15332.00,2.4530,-3.1710,0.3010,6.300,25.820,127.800,83,100.0
15342.00,1.7330,-0.4640,1.8950,9.750,-13.510,128.820,83,100.0
15352.00,0.7710,1.7690,6.4190,-2.110,-59.160,113.050,83,100.0
15362.00,0.5390,2.0000,11.0450,-11.820,-86.170,92.260,83,100.0
15372.00,0.5380,0.4800,13.1900,-14.220,-84.150,76.630,84,100.0
15382.00,1.3720,-1.3220,12.4220,-8.230,-66.230,66.130,84,100.0
15392.00,1.7340,-2.1340,11.8490,0.310,-58.100,67.030,84,100.0
15402.00,2.0850,-2.2920,12.6250,2.150,-66.430,75.180,84,100.0
15412.00,2.0000,-1.4600,13.8800,-4.350,-72.710,80.080,84,100.0
15422.00,1.3570,0.1910,15.0780,-12.770,-75.250,83.790,85,100.0
15432.00,0.3930,1.8250,16.0390,-21.530,-74.900,83.060,85,100.0
15442.00,-0.8920,1.8220,17.2570,-27.590,-71.080,72.450,85,100.0
15452.00,-0.8370,-0.0770,19.1800,-18.140,-38.830,40.930,85,100.0
15462.00,-0.3620,-1.1440,16.8570,-18.050,-14.990,45.890,85,100.0
15472.00,-2.0370,0.8110,15.4150,1.960,-4.060,67.660,86,100.0
15482.00,-2.0840,1.8650,15.5730,25.440,-8.690,69.270,86,100.0
15492.00,-2.3760,2.5800,15.2570,30.240,-9.310,65.490,86,100.0
15502.00,-3.3690,3.8210,15.0260,26.840,-8.120,58.010,86,100.0
15512.00,-3.6390,4.0010,16.1880,18.850,-16.450,43.870,86,100.0
15522.00,-3.7870,3.7010,18.1350,13.160,-20.610,29.870,87,100.0
15532.00,-3.7800,3.0110,18.6590,11.510,-10.220,17.080,87,100.0
15542.00,-3.4870,1.8590,16.9790,8.640,6.640,6.740,87,100.0
15552.00,-3.3750,1.1760,14.6410,6.370,17.420,1.020,87,100.0
15562.00,-3.1030,0.4640,12.8660,7.520,16.710,-1.900,87,100.0
15572.00,-2.7380,-0.2280,11.2710,12.020,11.260,-1.980,88,100.0
15582.00,-2.6270,-0.4070,10.2770,12.630,3.270,-1.200,88,100.0
15592.00,-2.4750,-0.4640,10.5930,3.110,-17.620,-6.740,88,100.0
15602.00,-2.5110,-0.3300,11.5930,3.200,-23.920,-9.580,88,100.0
15612.00,-2.2380,-0.6790,12.1790,5.980,-24.570,-12.520,88,100.0
15622.00,-2.1880,-0.8450,11.8160,11.570,-18.340,-13.320,89,100.0
15632.00,-2.1000,-1.1270,10.7670,16.330,-12.210,-13.970,89,100.0
15642.00,-1.9200,-1.3960,10.1090,22.800,-11.970,-14.440,89,100.0
15652.00,-1.8690,-0.9930,10.2430,31.670,-15.340,-12.660,89,100.0
15662.00,-1.9320,-0.6720,10.6970,34.110,-18.670,-13.740,89,100.0
15672.00,-1.8480,-0.7330,11.0630,28.720,-21.870,-16.490,90,100.0
15682.00,-1.8870,-0.8150,11.4320,20.950,-23.870,-18.820,90,100.0
15692.00,-1.9130,-1.0370,12.0340,16.470,-26.120,-20.850,90,100.0
15702.00,-2.0170,-1.3190,12.6360,15.980,-26.300,-22.250,90,100.0
15712.00,-2.0180,-2.0870,13.0440,14.420,-23.810,-24.100,90,100.0
15722.00,-1.9800,-2.9240,13.3630,14.800,-21.000,-24.470,91,100.0
15732.00,-2.1670,-3.7570,14.3050,17.220,-14.750,-19.820,91,100.0
15742.00,-2.1220,-4.0780,14.8700,20.140,-10.080,-16.960,91,100.0
15752.00,-2.1970,-4.0950,14.9120,22.960,-1.310,-13.810,91,100.0
15762.00,-2.4950,-3.9000,14.6350,20.300,6.770,-11.560,91,100.0
15772.00,-2.9060,-3.9700,14.4150,12.110,5.350,-11.280,92,100.0
15782.00,-2.2370,-4.8800,15.0100,3.340,-0.920,-12.620,92,100.0
15792.00,-3.0490,-4.7490,15.6960,-11.610,-4.070,-8.810,92,100.0
15802.00,-3.3930,-3.4490,15.6450,-11.770,0.940,-8.280,92,100.0
15812.00,-3.3850,-2.6260,15.5680,-15.510,2.340,-11.570,92,100.0
15822.00,-3.2720,-2.9350,15.4090,-25.820,3.550,-14.930,93,100.0
15832.00,-3.1340,-3.0290,16.1320,-32.310,1.590,-16.180,93,100.0
15842.00,-3.0980,-3.0960,16.9730,-39.720,1.950,-17.450,93,100.0
15852.00,-2.8790,-3.4370,17.1800,-52.650,9.990,-21.040,93,100.0
15862.00,-2.4290,-4.0530,16.4260,-62.520,21.990,-22.700,93,100.0
15872.00,-2.1430,-3.5950,15.8420,-52.980,37.230,-10.590,94,100.0
15882.00,-2.2660,-2.6410,15.4760,-45.810,47.400,-2.770,94,100.0
15892.00,-2.3000,-1.8890,14.2270,-39.350,63.220,-0.760,94,100.0
15902.00,-2.3170,-1.5900,13.0880,-50.130,63.570,-2.910,94,100.0
15912.00,-1.7940,-1.6770,12.7280,-50.430,62.590,-7.340,94,100.0
15922.00,-1.7920,-0.8270,12.5490,-39.090,64.990,-1.530,95,100.0
15932.00,-1.8120,-0.1710,12.4120,-35.800,67.230,-1.490,95,100.0
15942.00,-1.5820,0.3250,12.2450,-36.300,69.000,-6.320,95,100.0
15952.00,-1.3790,0.6660,11.5740,-39.680,73.200,-11.570,95,100.0
15962.00,-1.1400,0.5220,10.8080,-45.960,74.650,-14.830,95,100.0
15972.00,-0.5760,-0.2200,10.0850,-48.310,75.140,-16.540,96,100.0
15982.00,-0.5710,0.1070,9.2810,-45.230,78.460,-13.110,96,100.0
15992.00,-0.8870,0.6920,8.6530,-50.480,78.620,-11.360,96,100.0
16002.00,-0.7440,0.3800,8.1790,-61.560,73.210,-17.020,96,100.0
16012.00,-0.6850,-0.0940,6.7470,-66.700,70.050,-22.690,96,100.0
16022.00,-0.7010,-0.0490,6.2960,-64.550,61.050,-22.770,97,100.0
16032.00,-0.6530,-0.0810,5.9030,-65.860,56.940,-25.070,97,100.0
16042.00,-0.8350,0.0410,5.9880,-67.190,51.650,-25.920,97,100.0
16052.00,-0.7410,-0.4510,6.4220,-68.520,42.820,-28.150,97,100.0
16062.00,-0.6080,-1.1710,6.8490,-66.040,37.670,-27.810,97,100.0
16072.00,-0.5740,-1.9560,6.9340,-60.300,35.680,-23.490,98,100.0
16082.00,-0.5040,-2.6870,6.5710,-54.780,37.130,-18.280,98,100.0
16092.00,-0.5650,-2.9070,6.0070,-48.170,39.950,-13.380,98,100.0
16102.00,-0.8750,-2.6050,5.5840,-40.770,41.070,-10.000,98,100.0
16112.00,-1.3870,-1.9680,5.6530,-35.850,37.740,-8.440,98,100.0
16122.00,-1.5090,-1.9500,5.5940,-37.210,33.230,-11.800,99,100.0
16132.00,-1.4140,-2.4900,4.9450,-41.400,31.760,-17.140,99,100.0
16142.00,-1.4730,-2.8540,4.5140,-44.510,27.680,-18.750,99,100.0
16152.00,-1.8240,-2.8880,5.7640,-43.720,18.370,-18.660,99,100.0
16162.00,-1.8730,-2.9670,6.4890,-36.340,3.670,-21.410,99,100.0
16172.00,-1.7740,-3.2440,6.7210,-29.790,4.230,-22.270,100,100.0
16182.00,-1.7160,-3.4390,6.5560,-22.460,4.930,-18.770,100,100.0
16192.00,-1.9190,-3.3990,6.5310,-19.910,1.690,-15.630,100,100.0
16202.00,-1.7210,-3.6780,6.3870,-22.370,-2.130,-17.650,100,100.0
16212.00,-2.0140,-3.6620,6.3340,-25.800,-8.890,-17.520,100,100.0
16222.00,-1.9900,-3.5650,6.8500,-20.480,-12.950,-19.570,101,100.0
16232.00,-2.0150,-3.2680,6.7040,-13.400,-13.450,-21.900,101,100.0
16242.00,-2.1840,-2.9470,6.5030,-10.390,-18.650,-24.660,101,100.0
16252.00,-1.7880,-3.3200,6.7710,-9.270,-25.200,-30.560,101,100.0
16262.00,-1.7040,-3.6110,7.0610,-12.490,-26.700,-31.750,101,100.0
16272.00,-1.7150,-3.4540,7.6770,-15.390,-25.560,-27.830,102,100.0
16282.00,-1.8800,-3.5420,7.8170,-17.860,-22.900,-25.450,102,100.0
16292.00,-1.8680,-3.7990,7.6980,-15.180,-21.710,-25.290,102,100.0
16303.00,-1.7260,-4.2340,7.5990,-4.720,-30.180,-19.400,102,100.0
16313.00,-1.7930,-4.2140,7.5380,2.360,-36.450,-13.990,102,100.0
16323.00,-1.5120,-4.4030,7.8320,11.300,-40.720,-11.290,103,100.0
16333.00,-1.4330,-4.3720,8.4570,19.700,-38.600,-7.040,103,100.0
16343.00,-1.4670,-4.2360,9.0240,23.340,-26.840,-3.090,103,100.0
16353.00,-1.6790,-4.0240,8.7120,21.800,-8.100,-1.040,103,100.0
16363.00,-1.8750,-3.8900,7.6180,18.180,7.240,-0.850,103,100.0
16373.00,-1.9930,-3.8590,6.6280,16.190,11.720,-0.320,104,100.0
16383.00,-2.0490,-3.6310,6.4370,17.340,7.100,1.840,104,100.0
16393.00,-2.0310,-3.3300,6.7620,16.430,0.500,2.990,104,100.0
16403.00,-2.1410,-3.0470,7.1220,11.710,-3.710,2.280,104,100.0
16413.00,-2.2340,-2.9490,7.4760,7.090,-6.120,-0.550,104,100.0
16423.00,-2.1600,-2.8840,8.1110,4.920,-8.750,-2.720,105,100.0
16433.00,-2.1120,-2.7760,8.6770,2.970,-7.570,-3.450,105,100.0
16443.00,-2.3240,-1.8180,8.4710,0.370,6.120,-10.560,105,100.0
16453.00,-2.1690,-2.2510,7.9830,-4.240,10.860,-17.820,105,100.0
16463.00,-1.8200,-3.2610,7.3860,-4.870,13.630,-23.440,105,100.0
16473.00,-1.5180,-4.1370,6.6920,-3.750,14.640,-22.790,106,100.0
16483.00,-1.3770,-4.6450,6.4060,-2.630,13.890,-19.410,106,100.0
16493.00,-1.2290,-4.7890,6.5010,-2.340,14.050,-14.900,106,100.0
16503.00,-1.1880,-4.8760,6.1870,-3.350,19.160,-7.650,106,100.0
16513.00,-1.2890,-4.5280,5.3260,0.420,27.380,1.730,106,100.0
16523.00,-1.3830,-3.8460,4.1820,7.770,33.490,9.520,107,100.0
16533.00,-1.7580,-2.7430,3.0040,12.620,36.030,13.770,107,100.0
16543.00,-2.1040,-1.7340,2.5070,14.510,30.780,10.260,107,100.0
16553.00,-2.1350,-1.1340,2.9500,19.040,20.380,0.890,107,100.0
16563.00,-1.9440,-1.1030,4.0120,26.620,11.980,-9.210,107,100.0
16573.00,-1.6100,-1.9200,4.6570,33.410,11.090,-15.410,108,100.0
16583.00,-0.6560,-4.8700,3.5030,46.200,15.410,-6.290,108,100.0
16593.00,-0.5150,-5.1980,2.7620,55.600,12.400,7.440,108,100.0
16603.00,-0.7510,-4.2890,2.7490,62.040,3.560,18.640,108,100.0
16613.00,-1.1410,-2.9980,3.3220,60.640,-7.430,22.510,108,100.0
16623.00,-1.3790,-2.2660,4.2540,52.950,-17.920,19.150,109,100.0
16633.00,-1.2450,-1.8040,5.1970,42.510,-25.510,12.040,109,100.0
16643.00,-1.4030,-1.2650,6.4160,35.470,-30.640,5.810,109,100.0
16653.00,-1.3990,-1.0920,7.8200,31.670,-34.300,0.210,109,100.0
16663.00,-1.0990,-1.9590,8.6160,28.540,-32.270,-5.590,109,100.0
16673.00,-0.4650,-3.7630,8.2940,24.240,-27.100,-4.220,110,100.0
16683.00,-0.0270,-5.3490,7.2160,23.760,-23.900,7.000,110,100.0
16693.00,0.0460,-5.4540,6.9660,27.980,-26.560,21.370,110,100.0
16703.00,-0.3360,-4.0520,7.8600,31.310,-34.350,34.790,110,100.0
16713.00,-0.9090,-2.3940,8.6630,27.320,-37.710,41.420,110,100.0
16723.00,-1.9760,0.0370,10.3950,24.100,-45.710,36.940,111,100.0
16733.00,-2.1910,0.1280,11.5810,24.810,-48.160,27.930,111,100.0
16743.00,-2.1750,-0.0550,13.0480,27.490,-46.320,16.940,111,100.0
16753.00,-2.0420,-0.5930,14.7320,33.420,-39.910,7.090,111,100.0
16763.00,-1.5440,-2.3550,15.1400,44.870,-25.530,1.790,111,100.0
16773.00,-1.0520,-4.1890,13.8250,64.280,-6.520,7.390,112,100.0
16783.00,-1.2270,-4.5260,11.9790,76.910,5.520,23.080,112,100.0
16793.00,-1.6190,-3.9260,11.4800,76.460,0.480,36.510,112,100.0
16803.00,-2.1430,-2.3360,13.0360,71.850,-13.230,44.630,112,100.0
16813.00,-2.6890,-0.7890,14.9750,62.630,-19.610,45.100,112,100.0
16823.00,-2.8450,-0.1440,16.0050,52.970,-14.980,38.310,113,100.0
16833.00,-2.8360,-0.0410,15.9850,50.730,-3.060,29.610,113,100.0
16843.00,-2.7680,-0.2540,15.0710,49.610,10.580,22.400,113,100.0
16853.00,-2.6710,-0.7540,13.5520,47.160,20.540,15.960,113,100.0
16863.00,-2.3860,-2.1360,10.3050,39.390,19.930,12.710,113,100.0
16873.00,-2.4000,-1.9600,10.1730,32.090,7.170,14.750,114,100.0
16883.00,-2.3730,-1.5900,11.3950,22.980,-7.660,15.280,114,100.0
16893.00,-2.3730,-1.1300,13.0210,15.280,-15.050,15.330,114,100.0
16903.00,-2.2460,-1.0800,14.3560,17.150,-14.780,13.950,114,100.0
16913.00,-2.2270,-0.9210,14.5710,28.440,-5.210,13.690,114,100.0
16923.00,-2.2880,-0.7410,13.9200,37.410,7.500,13.460,115,100.0
16933.00,-2.3680,-0.6000,12.8820,42.790,16.790,11.870,115,100.0
16943.00,-2.5660,-0.2090,11.7930,45.800,21.500,9.890,115,100.0
16953.00,-2.7400,0.1510,11.0220,46.920,19.930,7.000,115,100.0
16963.00,-2.8190,0.4060,11.0180,45.870,12.380,3.130,115,100.0
16973.00,-2.7660,0.3550,11.1300,38.450,4.440,-2.300,116,100.0
16983.00,-2.7840,0.1830,10.5890,24.130,-0.240,-9.460,116,100.0
16993.00,-2.7370,-0.1660,10.2870,9.050,-7.470,-15.480,116,100.0
17003.00,-2.3850,-1.1420,12.1350,0.350,-17.760,-19.470,116,100.0
17013.00,-2.2750,-1.5680,12.5790,-0.740,-18.160,-22.370,116,100.0
17023.00,-2.2490,-1.8590,12.3270,1.960,-9.620,-22.390,117,100.0
17033.00,-2.2950,-1.8400,11.8100,7.960,-1.470,-20.800,117,100.0
17043.00,-2.3130,-1.7870,11.4300,17.740,3.200,-18.430,117,100.0
17053.00,-2.5690,-0.9110,12.2530,14.370,6.310,-19.590,117,100.0
17063.00,-1.9870,-2.5950,11.9830,-37.280,8.340,-39.360,117,100.0
17073.00,-1.7460,-3.1840,10.4470,-66.350,14.010,-44.350,118,100.0
17083.00,-2.1550,-2.5720,9.4850,-51.280,15.600,-33.520,118,100.0
17093.00,-2.4200,-1.7880,9.6450,-37.060,8.670,-27.880,118,100.0
17103.00,-2.2760,-1.9930,9.9110,-35.990,-0.260,-29.000,118,100.0
17113.00,-2.1030,-2.3100,10.2010,-27.030,-5.790,-24.800,118,100.0
17123.00,-2.0030,-2.5160,10.5090,-13.660,-8.150,-19.760,119,100.0
17133.00,-2.0800,-2.5690,10.8680,-1.650,-10.010,-13.390,119,100.0
17143.00,-2.2830,-2.1170,11.2230,13.400,-9.290,-5.500,119,100.0
17153.00,-2.3880,-2.2880,10.4150,19.950,0.100,-2.330,119,100.0
17163.00,-2.7480,-1.3720,10.3080,32.320,0.780,4.950,119,100.0
17173.00,-2.9060,-0.9700,10.4860,28.750,0.500,-0.390,120,100.0
17183.00,-2.5860,-1.4650,10.9140,-0.040,-3.830,-10.870,120,100.0
17193.00,-2.5470,-1.8540,11.6470,-16.950,-7.260,-12.990,120,100.0
17203.00,-2.5770,-1.8850,12.1970,-14.740,-5.740,-11.170,120,100.0
17213.00,-2.7240,-1.6160,12.1840,-11.030,-0.420,-8.530,120,100.0
17223.00,-2.7330,-1.7590,11.5080,-14.340,5.030,-8.860,121,100.0
17233.00,-2.8060,-1.8690,10.7460,-15.710,8.460,-9.460,121,100.0
17243.00,-3.0360,-1.6090,10.3570,-12.840,7.660,-8.350,121,100.0
17253.00,-3.1600,-1.3540,10.7420,-10.720,3.600,-8.630,121,100.0
17263.00,-3.0170,-1.6490,11.4650,-9.770,0.430,-11.430,121,100.0
17273.00,-2.8800,-2.0230,12.1930,-7.460,0.060,-13.670,122,100.0
17283.00,-2.7570,-2.1910,12.4000,-6.170,3.770,-14.880,122,100.0
17293.00,-2.7760,-2.0740,12.9630,-12.420,6.660,-19.410,122,100.0
17303.00,-2.8130,-2.0730,13.6710,-17.090,6.490,-21.780,122,100.0
17313.00,-2.8350,-2.2860,13.8930,-20.800,9.950,-23.320,122,100.0
17324.00,-2.8420,-2.5450,13.5000,-21.270,15.530,-23.180,123,100.0
17334.00,-2.8270,-2.6110,12.8860,-20.690,20.210,-21.360,123,100.0
17344.00,-2.8520,-2.7020,12.3050,-22.970,22.620,-19.990,123,100.0
17354.00,-2.8010,-2.8840,12.0340,-23.690,21.970,-19.410,123,100.0
17364.00,-2.6580,-2.9920,12.0980,-17.610,19.730,-19.550,123,100.0
17374.00,-2.5390,-2.9220,12.5400,-8.780,18.040,-19.290,124,100.0
17384.00,-2.5280,-2.7550,12.9060,-2.900,18.880,-17.870,124,100.0
17394.00,-2.5480,-2.5180,13.1950,1.100,22.030,-17.230,124,100.0
17404.00,-2.4990,-2.2340,13.4770,1.310,24.630,-18.080,124,100.0
17414.00,-2.5000,-1.9360,13.4850,-2.670,28.690,-21.130,124,100.0
17424.00,-2.6440,-1.9350,12.6800,-4.800,31.980,-23.460,125,100.0
17434.00,-2.7320,-1.4850,10.9540,10.080,22.130,-15.020,125,100.0
17444.00,-2.9620,-1.3200,10.4620,15.800,15.010,-11.310,125,100.0
17454.00,-2.9920,-1.2230,10.3770,13.510,6.890,-15.980,125,100.0
17464.00,-2.8430,-1.3280,10.4470,2.540,-0.150,-26.010,125,100.0
17474.00,-2.3700,-1.4480,10.5120,-10.390,-5.790,-34.520,126,100.0
17484.00,-1.9270,-1.2710,10.8410,-20.010,-9.310,-38.490,126,100.0
17494.00,-1.8430,-0.9940,11.9980,-27.030,-19.300,-38.660,126,100.0
17504.00,-1.4630,-1.2370,12.0610,-21.430,-34.440,-42.390,126,100.0
17514.00,-1.0090,-0.8350,12.5460,-2.000,-46.510,-49.110,126,100.0
17524.00,-0.6810,-0.9690,12.4040,2.310,-51.740,-49.580,127,100.0
17534.00,-0.3980,-1.1730,12.6300,-2.440,-42.070,-43.790,127,100.0
17544.00,-0.2580,-1.5090,12.1570,-14.080,-10.500,-38.030,127,100.0
17554.00,-0.7700,-1.1530,10.6940,-25.940,28.690,-30.960,127,100.0
17564.00,-1.5660,-0.6170,8.6710,-41.170,49.970,-27.900,127,100.0
17574.00,-0.9230,-0.8790,9.3210,-54.820,21.340,-32.030,128,100.0
17584.00,-0.7800,-0.8270,10.8720,-56.080,5.020,-27.150,128,100.0
17594.00,-1.0390,-0.7210,10.8010,-56.010,6.910,-29.880,128,100.0
17604.00,0.3120,-2.4980,9.9860,-55.410,8.460,-36.760,128,100.0
17614.00,0.2320,-2.4590,11.0510,-44.040,20.280,-23.120,128,100.0
17624.00,-0.2060,-1.7800,10.4130,-29.850,54.860,-10.490,129,100.0
17634.00,-0.8730,-1.0180,9.0770,-24.050,76.520,-6.830,129,100.0
17644.00,-1.1960,-0.6870,8.0320,-26.800,76.070,-7.370,129,100.0
17654.00,-1.3860,-0.7510,7.5000,-31.190,69.420,-10.420,129,100.0
17664.00,-1.5270,-1.0010,7.1530,-30.650,65.040,-13.940,129,100.0
17674.00,-1.6540,-1.1910,6.9410,-25.940,60.700,-16.610,130,100.0
17684.00,-1.7730,-1.4020,6.6680,-26.260,56.690,-18.990,130,100.0
17694.00,-1.7620,-1.7760,6.6070,-32.750,51.570,-21.220,130,100.0
17704.00,-1.6770,-2.1930,6.7330,-35.410,46.160,-23.610,130,100.0
17714.00,-1.7190,-2.3840,7.0980,-22.440,41.400,-23.050,130,100.0
17724.00,-1.8220,-2.5680,6.9940,-17.040,41.100,-22.180,131,100.0
17734.00,-1.8850,-2.5510,6.8070,-13.450,40.910,-21.060,131,100.0
17744.00,-1.9310,-2.4990,6.6870,-9.720,39.720,-21.370,131,100.0
17754.00,-2.1540,-2.4380,6.5340,-5.240,39.050,-23.120,131,100.0
17764.00,-2.2700,-2.5240,6.2990,-4.370,37.640,-24.730,131,100.0
17774.00,-2.2490,-2.7020,6.2660,-6.760,33.070,-25.820,132,100.0
17784.00,-2.3090,-2.6760,6.2450,-9.720,28.400,-25.570,132,100.0
17794.00,-2.3610,-2.5770,6.2930,-17.250,22.810,-24.510,132,100.0
17804.00,-2.2150,-2.8280,6.4090,-27.290,16.340,-25.120,132,100.0
17814.00,-2.1570,-3.0750,6.4740,-30.110,12.540,-25.380,132,100.0
17824.00,-2.0820,-3.1190,6.5240,-29.060,9.360,-23.770,133,100.0
17834.00,-2.0850,-3.2370,6.8350,-28.640,4.650,-22.280,133,100.0
17844.00,-1.9470,-3.5030,7.0220,-28.340,2.080,-21.760,133,100.0
17854.00,-1.9050,-3.8910,7.0160,-23.230,4.320,-20.500,133,100.0
17864.00,-1.9580,-3.7910,6.9420,-15.410,6.380,-19.220,133,100.0
17874.00,-2.0920,-3.6000,6.6320,-7.870,9.480,-18.840,134,100.0
17884.00,-2.2750,-3.4920,6.1860,-7.480,10.900,-18.010,134,100.0
17894.00,-2.3590,-3.4740,5.8240,-12.100,8.710,-18.400,134,100.0
17904.00,-2.3220,-3.6220,5.5600,-15.220,4.680,-20.130,134,100.0
17914.00,-2.3030,-3.6680,5.6550,-16.980,-1.480,-19.850,134,100.0
17924.00,-2.1760,-3.7730,6.0760,-17.610,-8.400,-18.820,135,100.0
17934.00,-2.0530,-3.7900,6.6440,-15.670,-12.910,-17.520,135,100.0
17944.00,-1.9400,-3.8930,7.0870,-13.620,-14.850,-15.970,135,100.0
17954.00,-1.8070,-4.0820,7.3750,-12.730,-15.270,-14.460,135,100.0
17964.00,-1.7640,-4.1640,7.5270,-9.690,-13.590,-13.320,135,100.0
17974.00,-1.7390,-4.1970,7.4760,-5.420,-10.110,-12.100,136,100.0
17984.00,-1.7810,-4.2470,7.4200,-0.080,-7.450,-10.820,136,100.0
17994.00,-1.7440,-4.4880,7.0820,3.250,-5.420,-10.240,136,100.0
18004.00,-1.9700,-4.3220,6.9460,3.800,-2.900,-8.440,136,100.0
18014.00,-1.9810,-4.1740,6.9080,3.530,-5.190,-7.900,136,100.0
18024.00,-2.0130,-4.1590,7.2090,5.980,-9.220,-7.230,137,100.0
18034.00,-1.8890,-4.1680,7.7700,6.790,-13.210,-5.830,137,100.0
18044.00,-1.8430,-4.2860,8.2990,4.740,-14.730,-4.400,137,100.0
18054.00,-1.9250,-4.0980,8.5900,3.690,-13.440,-3.100,137,100.0
18064.00,-1.9640,-3.7620,8.3850,0.960,-13.090,-4.100,137,100.0
18074.00,-1.8060,-4.3390,8.8760,0.770,-12.820,-5.150,138,100.0
18084.00,-1.9480,-4.0110,8.8360,12.770,-8.380,-2.090,138,100.0
18094.00,-2.0050,-4.0300,9.1360,20.650,-7.240,-2.880,138,100.0
18105.00,-1.9770,-4.2250,9.2860,19.420,-6.440,-2.530,138,100.0
18114.00,-1.9990,-4.5320,9.0920,17.530,-3.150,-2.460,138,100.0
18124.00,-2.0750,-4.5580,8.7560,17.010,-0.080,-1.320,139,100.0
18134.00,-2.2010,-4.2770,8.6330,14.070,-0.450,0.580,139,100.0
18144.00,-2.2560,-4.0400,8.8920,5.060,-6.840,4.320,139,100.0
18154.00,-2.2890,-3.8470,9.1150,0.630,-9.480,5.320,139,100.0
18164.00,-2.4330,-3.6200,9.4160,-4.910,-11.390,6.070,139,100.0
18174.00,-2.5280,-3.4310,9.7340,-9.060,-12.980,5.200,140,100.0
18184.00,-2.2010,-3.8990,10.0940,-9.720,-13.420,1.700,140,100.0
18195.00,-2.3240,-3.7100,10.2130,-3.120,-6.840,1.980,140,100.0
18204.00,-2.4050,-3.6380,9.9970,2.550,-0.750,1.240,140,100.0
18214.00,-2.4160,-3.6400,10.0280,6.600,1.240,0.300,140,100.0
18224.00,-2.3910,-3.9140,9.7280,9.620,4.890,-1.020,141,100.0
18234.00,-2.4140,-3.9680,9.1700,13.110,8.520,-1.160,141,100.0
18244.00,-2.4930,-3.8330,8.8180,15.120,8.010,0.000,141,100.0
18254.00,-2.5180,-3.7140,8.5350,12.420,5.770,0.770,141,100.0
18264.00,-2.5720,-3.3520,8.3970,6.910,2.760,1.240,141,100.0
18274.00,-2.5890,-3.1160,8.5040,0.890,-1.640,1.170,142,100.0
18285.00,-2.2820,-3.6940,8.3730,-10.320,-5.960,-1.140,142,100.0
18295.00,-2.2400,-3.6630,8.0720,-13.060,-5.070,-1.530,142,100.0
18304.00,-2.2220,-3.5780,7.8260,-13.480,-3.880,-2.210,142,100.0
18314.00,-2.1830,-3.3760,7.7150,-11.420,-2.760,-1.910,142,100.0
18324.00,-2.1450,-3.3200,7.2750,-11.660,-0.150,-1.900,143,100.0
18334.00,-2.1000,-3.3510,6.5950,-10.000,2.090,-2.770,143,100.0
18345.00,-2.0780,-3.4460,5.9740,-6.850,1.530,-2.330,143,100.0
18355.00,-2.0550,-3.4740,5.4840,-6.850,-0.610,-0.430,143,100.0
18365.00,-2.0300,-3.4130,5.2060,-11.310,-4.130,0.650,143,100.0
18375.00,-1.9140,-3.3270,5.0670,-18.580,-8.400,1.450,144,100.0
18385.00,-1.8220,-3.2060,5.2610,-25.590,-12.750,2.360,144,100.0
18395.00,-1.7090,-3.0900,5.4310,-35.130,-15.100,1.540,144,100.0
18405.00,-1.5570,-3.2590,5.4990,-46.330,-15.500,-0.230,144,100.0
18415.00,-1.6510,-3.3100,5.2780,-52.580,-13.090,-0.670,144,100.0
18425.00,-2.0020,-3.3770,5.4540,-23.300,-0.210,-14.790,145,100.0
18435.00,-1.4330,-3.5420,4.8630,30.270,25.250,-20.940,145,100.0
18445.00,-1.8500,-2.9690,3.4330,91.720,42.850,-14.200,145,100.0
18455.00,-1.8540,-3.3900,3.3890,123.010,33.490,-11.940,145,100.0
18465.00,-1.6340,-3.8330,4.4920,98.800,8.600,-10.380,145,100.0
18475.00,-0.8540,-4.4270,4.9920,56.370,-6.000,-10.870,146,100.0
18485.00,-0.3780,-4.7410,5.0150,34.650,-11.950,-3.630,146,100.0
18495.00,-0.4900,-4.3520,5.4460,26.510,-21.920,10.240,146,100.0
18505.00,-0.4790,-4.0270,6.5590,17.460,-34.240,20.230,146,100.0
18515.00,-0.6160,-3.8440,7.3450,8.910,-38.320,26.060,146,100.0
18525.00,-0.6890,-3.1940,7.8550,11.360,-34.580,29.870,147,100.0
18535.00,-0.7720,-2.4050,8.5510,23.960,-30.920,32.530,147,100.0
18545.00,-0.9200,-1.4910,9.6990,44.120,-27.660,35.540,147,100.0
18555.00,-0.9730,-0.9910,10.4300,63.030,-18.700,34.300,147,100.0
18565.00,-1.4020,-0.4790,9.8570,69.490,4.960,24.480,147,100.0
18575.00,-1.6060,-0.6710,8.5340,60.440,12.120,19.010,148,100.0
18585.00,-1.6490,-1.2330,7.0180,48.610,12.050,14.260,148,100.0
18595.00,-1.7950,-1.7730,5.9350,37.540,-0.470,14.560,148,100.0
18605.00,-1.6980,-2.0870,6.1900,30.540,-23.870,18.660,148,100.0
18615.00,-1.4520,-1.9350,8.1960,35.280,-48.510,22.840,148,100.0
18625.00,-1.1520,-1.2740,11.1810,50.770,-62.660,23.750,149,100.0
18635.00,-0.7700,-1.0330,13.4150,63.790,-57.800,21.750,149,100.0
18645.00,-0.4900,-1.0360,14.1900,77.120,-37.600,19.480,149,100.0
18655.00,-0.4700,-1.0710,13.8560,97.560,-12.160,18.130,149,100.0
18665.00,-0.8190,-1.2270,12.2680,115.590,10.810,20.420,149,100.0
18675.00,-1.3060,-0.8140,10.3840,123.320,21.360,23.000,150,100.0
18685.00,-1.7250,-0.2660,9.4940,124.280,15.250,23.280,150,100.0
18695.00,-2.1650,0.2090,9.4680,113.640,-1.130,26.720,150,100.0
18705.00,-1.8970,0.4780,12.2040,90.190,-34.280,26.850,150,100.0
18715.00,-1.6040,0.6110,13.5020,90.390,-33.750,25.590,150,100.0
18725.00,-1.5480,0.8330,13.3510,94.460,-23.800,23.120,151,100.0
18735.00,-2.0590,1.8400,11.8790,92.730,-11.840,19.200,151,100.0
18745.00,-3.0560,3.0910,10.1790,70.090,-13.350,15.140,151,100.0
18755.00,-3.4210,3.8530,9.5650,30.270,-37.010,8.100,151,100.0
18765.00,-3.5040,4.1350,10.9970,-5.010,-69.820,-1.860,151,100.0
18775.00,-2.8350,3.2590,13.4440,-25.930,-92.900,-15.420,152,100.0
18785.00,-1.8840,2.0470,15.3770,-30.980,-96.000,-29.090,152,100.0
18795.00,-1.0970,0.8980,16.6680,-21.830,-86.200,-37.160,152,100.0
18805.00,-0.7050,-0.0430,17.0660,-8.460,-66.790,-41.200,152,100.0
18815.00,-0.5150,-0.8740,16.3160,5.090,-41.090,-43.860,152,100.0
18825.00,-0.4310,-1.5200,15.1400,16.330,-21.210,-43.040,153,100.0
18835.00,-0.3500,-2.0440,14.2700,25.370,-10.360,-39.470,153,100.0
18845.00,-0.5030,-2.3150,12.7640,24.250,-0.240,-27.970,153,100.0
18855.00,-0.6230,-2.3000,12.0100,13.490,-1.550,-23.210,153,100.0
18865.00,-0.8070,-2.0150,11.8740,9.920,-7.960,-17.260,153,100.0
18875.00,-0.8750,-1.5450,12.2090,5.740,-14.770,-13.220,154,100.0
18885.00,-0.7580,-1.2470,12.5870,-1.480,-18.510,-13.220,154,100.0
18895.00,-0.6690,-1.1730,12.9370,-1.440,-17.970,-14.290,154,100.0
18905.00,-0.6260,-1.3510,13.0550,4.930,-13.520,-15.600,154,100.0
18915.00,-0.4530,-1.7550,12.8450,13.650,-6.590,-17.930,154,100.0
18925.00,-0.4050,-1.9500,12.7190,22.750,-1.820,-18.190,155,100.0
18935.00,-0.2900,-1.9630,12.7760,26.930,0.760,-17.140,155,100.0
18945.00,-0.1680,-1.9200,13.0750,25.320,1.040,-15.230,155,100.0
18955.00,-0.1240,-1.8070,13.6590,20.490,-0.190,-12.640,155,100.0
18965.00,-0.1720,-1.6290,13.7880,13.330,1.660,-11.120,155,100.0
18975.00,-0.3320,-1.3180,13.5330,6.910,4.370,-10.370,156,100.0
18985.00,-0.3940,-1.0340,13.7490,0.680,3.370,-10.280,156,100.0
18995.00,-0.3420,-1.0340,14.1480,-8.370,-0.780,-14.430,156,100.0
19005.00,-0.2200,-1.2000,14.3410,-11.170,0.750,-18.210,156,100.0
19015.00,-0.0760,-1.5090,14.4040,-11.190,3.270,-20.620,156,100.0
19025.00,0.0930,-1.8040,14.3980,-8.230,5.870,-20.920,157,100.0
19035.00,0.2480,-2.1780,14.5510,-5.420,7.750,-19.500,157,100.0
19045.00,0.4550,-2.5500,14.7690,-1.760,9.500,-15.760,157,100.0
19055.00,0.5310,-2.6540,15.0970,3.850,12.940,-10.020,157,100.0
19065.00,0.5460,-2.7560,15.1410,8.260,19.510,-5.270,157,100.0
19075.00,0.4050,-2.9020,15.0120,12.000,29.920,-2.370,158,100.0
19085.00,0.0630,-2.3290,14.6170,14.090,44.220,-3.680,158,100.0
19095.00,-0.4520,-1.6290,12.4110,9.240,50.290,-12.340,158,100.0
19105.00,-0.9550,-0.8200,11.8270,3.310,16.830,-26.080,158,100.0
19115.00,-0.8930,0.0500,12.9220,-2.000,-11.760,-29.490,158,100.0
19125.00,-1.1530,0.5820,13.3160,-6.640,1.130,-21.010,159,100.0
19135.00,-0.9050,0.4830,12.9590,-28.950,39.950,-10.910,159,100.0
19145.00,-0.8110,0.4580,12.8050,-42.170,39.750,-8.230,159,100.0
19155.00,-0.6660,0.1910,12.7580,-48.450,36.780,-6.360,159,100.0
19165.00,-0.6800,0.1960,12.6000,-48.290,35.660,-2.670,159,100.0
19175.00,-0.9060,0.3780,12.2400,-49.080,36.740,1.210,160,100.0
19185.00,-1.0850,0.2810,11.6060,-58.210,37.970,2.710,160,100.0
19195.00,-1.2460,0.1510,10.6640,-68.470,38.110,2.570,160,100.0
19205.00,-1.3800,0.1780,10.1470,-75.450,32.020,4.590,160,100.0
19215.00,-1.4110,0.4030,10.0650,-77.220,23.040,5.200,160,100.0
19225.00,-1.3650,0.4520,10.0960,-67.100,20.010,2.120,161,100.0
19235.00,-1.3870,0.6130,10.2430,-54.870,19.910,-3.890,161,100.0
19245.00,-1.1770,0.6720,10.4190,-48.800,19.790,-10.380,161,100.0
19255.00,-0.7980,0.4060,10.6320,-48.100,17.510,-13.620,161,100.0
19265.00,-0.4310,-0.2400,10.8860,-46.450,15.600,-12.970,161,100.0
19275.00,-0.5210,-1.0250,10.6980,-41.550,26.840,-8.980,162,100.0
19285.00,-0.6600,-1.1480,10.0480,-45.180,37.860,-8.480,162,100.0
19295.00,-1.1300,-0.7150,9.3360,-53.370,44.150,-6.520,162,100.0
19305.00,-1.6460,-0.2180,8.6420,-64.620,44.810,-5.640,162,100.0
19315.00,-1.8710,0.0460,8.0430,-76.940,41.400,-8.230,162,100.0
19325.00,-2.0980,0.2630,7.6360,-75.000,37.760,-12.550,163,100.0
19335.00,-2.0310,0.2630,7.6350,-57.760,32.860,-18.260,163,100.0
19345.00,-1.7580,0.0390,8.1230,-44.700,24.020,-22.350,163,100.0
19355.00,-1.4670,-0.3820,8.7930,-38.740,15.450,-23.930,163,100.0
19365.00,-1.2990,-0.9430,9.4490,-33.820,12.190,-25.590,163,100.0
19376.00,-1.0790,-1.2950,9.6520,-27.100,19.000,-25.490,164,100.0
19386.00,-1.3630,-1.3570,9.5060,-24.420,27.780,-25.490,164,100.0
19396.00,-1.6650,-1.2130,8.9330,-24.770,34.050,-25.750,164,100.0
19406.00,-1.8190,-1.1290,8.5110,-22.740,34.010,-24.860,164,100.0
19416.00,-2.6710,-0.3010,8.3620,-10.160,31.970,-23.790,164,100.0
19426.00,-2.8370,0.1440,7.4500,0.170,21.920,-33.900,165,100.0
19436.00,-2.5990,0.3720,7.1500,26.760,-2.380,-47.870,165,100.0
19446.00,-2.9060,1.1580,7.5800,57.560,-25.720,-50.130,165,100.0
19456.00,-2.7330,1.8080,8.1210,81.370,-35.640,-49.130,165,100.0
19466.00,-2.2540,1.5960,8.3980,89.630,-40.190,-53.730,165,100.0
19476.00,-2.1510,1.1940,8.5690,71.560,-49.730,-61.830,166,100.0
19486.00,-1.3590,0.2290,8.7800,41.680,-56.800,-67.140,166,100.0
19496.00,-0.8450,-0.5740,9.2930,17.220,-50.830,-61.730,166,100.0
19506.00,-0.8650,-0.7360,9.5790,-14.550,-35.500,-50.370,166,100.0
19516.00,-0.5700,-1.0000,8.6380,-53.820,-21.470,-42.790,166,100.0
19526.00,-0.2160,-1.3910,7.8750,-77.380,-22.310,-40.170,167,100.0
19536.00,0.0680,-1.8980,7.7980,-82.450,-29.340,-38.630,167,100.0
19546.00,0.1870,-2.2280,8.0370,-76.620,-31.160,-37.670,167,100.0
19556.00,0.4360,-2.6330,8.1120,-57.340,-20.860,-40.680,167,100.0
19566.00,0.4920,-2.9760,7.6760,-41.900,-10.510,-43.740,167,100.0
19576.00,0.5490,-3.2850,7.3490,-28.500,-4.140,-44.840,168,100.0
19586.00,0.4180,-3.4100,7.2150,-19.430,-0.780,-45.450,168,100.0
19596.00,0.3020,-3.7670,6.8530,-16.370,2.410,-45.000,168,100.0
19606.00,0.2380,-4.0490,6.4270,-26.350,-0.140,-40.010,168,100.0
19616.00,0.3620,-4.5810,6.1540,-39.860,-6.050,-34.250,168,100.0
19626.00,0.6230,-4.9430,6.0030,-50.830,-12.180,-26.690,169,100.0
19636.00,0.6590,-4.9430,6.2420,-55.760,-18.070,-18.890,169,100.0
19646.00,0.7190,-4.6330,6.8360,-59.160,-23.180,-11.730,169,100.0
19656.00,0.7580,-4.2720,7.4830,-58.950,-24.300,-7.130,169,100.0
19666.00,0.7590,-4.1320,7.8460,-49.950,-18.230,-7.060,169,100.0
19676.00,0.6850,-4.2730,7.6710,-34.760,-5.720,-10.210,170,100.0
19686.00,0.4730,-4.5600,7.2110,-17.650,7.030,-12.620,170,100.0
19696.00,-0.0690,-5.4110,6.1100,-0.870,17.210,-9.700,170,100.0
19706.00,-0.4150,-5.7950,5.7760,2.220,16.300,-5.270,170,100.0
19716.00,-0.8270,-6.2100,5.6630,1.350,13.360,-0.430,170,100.0
19726.00,-0.8730,-6.5710,5.6440,-9.420,8.740,5.990,171,100.0
19736.00,-0.7030,-6.5770,5.6780,-19.940,4.580,12.620,171,100.0
19746.00,-0.5570,-6.2010,6.1420,-20.760,0.520,18.570,171,100.0
19756.00,-0.5470,-5.3940,6.9850,-16.930,-2.010,23.500,171,100.0
19766.00,-0.4670,-4.6310,7.7210,-14.850,-0.350,25.620,171,100.0
19776.00,-0.2420,-3.8510,8.2680,-6.800,5.580,23.800,172,100.0
19786.00,-0.1050,-3.4260,8.4930,11.950,15.240,18.550,172,100.0
19796.00,-0.0500,-3.3210,8.3890,30.590,23.990,14.560,172,100.0
19806.00,-0.0050,-3.4190,8.0880,41.180,29.920,14.390,172,100.0
19816.00,-0.0410,-3.3660,7.9650,42.070,31.370,17.640,172,100.0
19826.00,-0.1060,-3.3840,7.7820,34.300,31.180,22.160,173,100.0
19836.00,-0.5560,-3.2470,6.6460,22.280,33.240,31.170,173,100.0
19846.00,-0.8170,-2.9940,5.9530,19.620,33.100,34.000,173,100.0
19856.00,-1.1010,-2.5160,5.2970,15.820,30.200,36.930,173,100.0
19866.00,-1.3720,-1.5600,4.9780,11.340,23.510,39.480,173,100.0
19876.00,-1.5170,-0.9430,5.1940,13.090,13.330,37.910,174,100.0
19886.00,-1.4480,-0.7870,5.8260,21.330,4.600,34.000,174,100.0
19896.00,-1.2990,-0.8290,6.4040,28.470,0.620,29.370,174,100.0
19906.00,-1.1780,-0.9730,6.6520,35.070,1.460,23.570,174,100.0
19916.00,-1.0870,-1.1040,6.6550,42.440,5.280,18.150,174,100.0
19926.00,-1.3160,-0.8490,6.3430,52.520,12.700,13.560,175,100.0
19936.00,-1.9010,0.1010,6.1020,62.350,20.770,8.330,175,100.0
19946.00,-2.3960,0.5410,6.1220,59.080,23.810,-2.980,175,100.0
19956.00,-2.0070,0.1110,4.9510,48.020,28.680,-16.930,175,100.0
19966.00,-2.2300,0.4170,3.5880,59.600,40.720,-23.630,175,100.0
19976.00,-2.3380,0.5910,3.1720,56.930,36.390,-31.960,176,100.0
19986.00,-2.1330,1.1530,3.7200,37.850,15.780,-43.790,176,100.0
19996.00,-1.7690,1.0420,4.4700,26.000,3.860,-49.410,176,100.0
20006.00,-1.5850,0.5270,5.1750,24.830,-8.200,-54.060,176,100.0
20016.00,-1.1650,-1.1240,5.3790,22.220,-19.650,-57.790,176,100.0
20026.00,-0.5120,-2.8490,4.9280,14.210,-29.170,-50.950,177,100.0
20036.00,-0.3060,-3.4570,4.7370,17.710,-38.860,-34.660,177,100.0
20046.00,-0.0640,-3.1710,5.6270,21.700,-54.350,-17.860,177,100.0
20056.00,0.0700,-2.5350,7.0550,24.290,-62.170,-6.550,177,100.0
20066.00,0.0320,-1.9260,7.7630,26.110,-56.840,-2.230,177,100.0
20076.00,-0.3030,-0.9850,7.7760,28.700,-45.220,-4.000,178,100.0
20086.00,-0.4570,-0.3240,8.0410,25.410,-40.460,-8.410,178,100.0
20096.00,-0.1930,-0.1300,8.8760,19.320,-44.310,-13.060,178,100.0
20106.00,0.2160,-0.0040,10.5460,24.360,-51.660,-20.110,178,100.0
20116.00,0.9360,-0.9590,14.0080,38.180,-56.140,-28.230,178,100.0
20126.00,1.1890,-1.4040,14.5020,45.950,-38.290,-31.860,179,100.0
20136.00,1.0450,-1.6360,13.7890,40.670,-21.280,-27.620,179,100.0
20146.00,0.5120,-1.4440,12.3900,33.340,-9.100,-20.740,179,100.0
20156.00,0.0500,-1.3650,11.2040,30.260,-7.100,-17.750,179,100.0
20166.00,-0.2110,-1.1300,10.7640,36.920,-13.870,-16.160,179,100.0
20176.00,-0.3780,-0.6360,11.5450,49.210,-27.790,-17.590,180,100.0
20186.00,-0.0590,-0.5850,13.0020,49.890,-43.310,-22.060,180,100.0
20196.00,0.4610,-0.5460,14.9180,42.800,-53.740,-25.870,180,100.0
20206.00,1.0460,-0.6100,16.9390,41.210,-56.780,-30.440,180,100.0
20216.00,1.2950,-1.1160,17.9060,35.380,-47.530,-34.870,180,100.0
20226.00,1.3790,-1.8180,17.2840,21.230,-29.900,-34.970,181,100.0
20236.00,1.0280,-2.1080,15.5360,8.500,-11.300,-30.930,181,100.0
20246.00,0.4600,-2.3460,13.3630,-0.340,-0.310,-26.340,181,100.0
20256.00,0.1890,-2.8850,12.1290,-2.600,1.010,-23.120,181,100.0
20266.00,0.1530,-2.7330,11.5870,7.940,-15.730,-19.940,181,100.0
20276.00,0.4470,-2.8010,12.9670,13.320,-26.890,-19.590,182,100.0
20286.00,1.0930,-2.4090,13.9570,1.920,-31.510,-13.550,182,100.0
20296.00,1.4560,-2.6790,15.3650,-4.420,-33.000,-14.080,182,100.0
20306.00,1.6310,-2.8340,15.5790,-10.790,-25.250,-9.960,182,100.0
20316.00,1.3410,-2.8310,14.8480,-11.960,-11.280,-4.470,182,100.0
20326.00,1.1120,-2.8780,14.2030,-5.470,0.030,0.580,183,100.0
20336.00,0.7330,-2.7430,13.6300,0.160,10.340,4.850,183,100.0
20346.00,0.5910,-2.6720,13.5580,-1.670,19.350,8.700,183,100.0
20356.00,0.3380,-2.1640,13.1440,-8.650,28.470,16.360,183,100.0
20366.00,0.1740,-1.5270,12.7190,-9.020,29.450,17.220,183,100.0
20376.00,0.0940,-1.5440,12.9520,-2.210,22.030,11.760,184,100.0
20386.00,0.0290,-1.5940,12.9650,-3.040,16.860,10.190,184,100.0
20397.00,-0.0290,-1.5230,12.8000,-6.500,14.620,9.590,184,100.0
20407.00,-0.2150,-1.2520,12.5190,-18.510,9.440,6.880,184,100.0
20417.00,-0.1660,-1.1950,12.5060,-24.420,6.080,4.360,184,100.0
20427.00,0.0050,-1.3990,12.6470,-27.010,2.580,-0.010,185,100.0
20437.00,0.2510,-1.8180,12.8170,-28.550,1.010,-5.010,185,100.0
20447.00,0.4490,-2.1120,12.7340,-29.160,3.200,-6.780,185,100.0
20457.00,0.6850,-2.5050,12.3910,-27.610,8.320,-6.390,185,100.0
20467.00,0.5140,-2.4390,12.1360,-24.110,14.550,-1.480,185,100.0
20477.00,0.5740,-2.2220,11.7150,-19.540,17.700,-0.060,186,100.0
20487.00,0.3740,-2.2200,11.5950,-6.540,17.690,-2.890,186,100.0
20497.00,0.2020,-2.0090,11.3510,7.420,17.810,-3.510,186,100.0
20507.00,0.0940,-1.8900,11.0850,22.280,17.040,-4.240,186,100.0
20517.00,0.0160,-1.6960,11.3790,35.190,13.260,-6.250,186,100.0
20527.00,0.2270,-1.8110,11.6690,35.420,7.310,-12.590,187,100.0
20537.00,0.0070,-1.5730,11.6000,33.370,2.790,-22.160,187,100.0
20547.00,1.2960,-3.0730,11.8040,70.700,-12.000,-50.630,187,100.0
20557.00,1.6470,-3.7840,12.5000,65.480,-16.180,-42.760,187,100.0
20567.00,1.7760,-3.8040,12.3060,45.060,-9.740,-25.960,187,100.0
20577.00,1.6110,-3.4320,12.2940,24.870,-5.610,-9.630,188,100.0
20587.00,1.5060,-3.2900,12.2930,14.260,-3.160,1.090,188,100.0
20597.00,1.4480,-3.1150,12.2210,13.610,-0.030,8.580,188,100.0
20607.00,1.1550,-2.6020,12.1430,21.030,4.810,15.590,188,100.0
20617.00,0.9450,-2.0360,11.9950,27.750,9.600,21.110,188,100.0
20627.00,1.0200,-1.8530,12.3330,29.490,10.830,24.620,189,100.0
20637.00,1.0790,-1.7610,12.9660,32.160,14.200,25.590,189,100.0
20647.00,0.9690,-1.5320,13.2470,37.660,23.080,25.380,189,100.0
20657.00,0.7710,-1.2140,12.8700,43.000,34.570,24.800,189,100.0
20667.00,0.4520,-0.7880,12.2750,46.530,43.010,23.940,189,100.0
20677.00,0.1870,-0.4420,11.7220,47.250,45.650,21.950,190,100.0
20687.00,0.0370,-0.1170,11.6350,52.590,38.180,18.060,190,100.0
20697.00,0.0470,-0.1440,12.0310,59.940,33.070,16.870,190,100.0
20707.00,0.1280,-0.0280,12.3000,66.990,31.250,16.710,190,100.0
20717.00,0.0400,0.4190,12.3550,78.960,31.210,15.510,190,100.0
20727.00,-0.2700,1.0330,12.2480,95.510,30.060,11.310,191,100.0
20737.00,-0.4300,1.6070,12.1480,102.780,25.960,2.660,191,100.0
20747.00,-0.4630,1.7470,11.9780,83.650,21.760,-7.950,191,100.0
20757.00,-0.4540,2.0310,11.9550,49.470,18.700,-16.980,191,100.0
20767.00,-0.7210,2.4740,11.6390,23.480,16.510,-29.950,191,100.0
20777.00,-1.2650,2.3910,11.7470,3.970,10.770,-41.410,192,100.0
20787.00,-1.2530,2.1670,11.4290,-26.240,5.680,-40.410,192,100.0
20797.00,-1.3110,2.3330,10.3320,-51.280,-3.410,-39.050,192,100.0
20807.00,-0.8740,1.7620,9.5740,-67.170,-28.240,-45.750,192,100.0
20817.00,-0.8560,2.1640,9.6200,-67.610,-62.280,-51.320,192,100.0
20827.00,0.9400,2.8310,11.3400,-13.680,-125.940,-75.220,193,100.0
20837.00,1.5120,2.9370,11.7390,36.960,-135.250,-98.390,193,100.0
20847.00,2.2800,3.5590,12.1630,100.550,-140.400,-125.780,193,100.0
20857.00,2.5620,3.2840,12.3360,143.450,-140.220,-149.580,193,100.0
20867.00,2.6640,2.2990,11.8740,153.420,-127.540,-164.140,193,100.0
20877.00,2.1640,1.3690,11.3150,139.670,-100.780,-168.500,194,100.0
20887.00,1.4630,1.1060,10.7410,112.580,-68.580,-165.820,194,100.0
20897.00,1.1210,1.3160,10.1690,79.800,-36.590,-158.310,194,100.0
20907.00,0.8380,1.7990,9.3960,52.870,-7.360,-150.070,194,100.0
20917.00,0.8670,2.6100,8.7840,37.890,10.900,-145.120,194,100.0
20927.00,0.9340,3.5210,8.3960,28.170,20.610,-149.070,195,100.0
20937.00,1.2010,4.1920,8.0760,26.180,20.120,-159.130,195,100.0
20947.00,1.4570,4.4570,7.8420,33.810,14.220,-176.720,195,100.0
20957.00,1.7990,4.1160,7.7990,44.260,9.500,-201.760,195,100.0
20967.00,2.3520,2.5290,8.0430,53.060,7.200,-226.020,195,100.0
20977.00,2.2480,1.7520,8.3030,69.840,25.250,-260.930,196,100.0
20987.00,1.8590,1.0120,8.5100,69.320,45.270,-270.500,196,100.0
20997.00,0.7830,-0.6350,9.6050,64.190,73.320,-269.370,196,100.0
21007.00,0.0870,-1.1490,9.7300,50.260,115.020,-242.540,196,100.0
21017.00,-0.0280,-0.2760,7.4270,23.260,154.330,-205.610,196,100.0
21027.00,-0.5100,1.1530,5.3500,2.550,162.810,-182.720,197,100.0
21037.00,-1.1540,1.5700,5.2570,-7.320,144.880,-178.210,197,100.0
21047.00,-1.2330,1.7340,5.9340,-6.610,129.480,-178.520,197,100.0
21057.00,-1.1040,1.8350,6.2810,2.130,123.440,-181.830,197,100.0
21067.00,-1.3070,1.3330,6.4120,9.080,119.710,-186.280,197,100.0
21077.00,-1.6110,0.6550,6.2110,7.870,112.330,-178.800,198,100.0
21087.00,-2.0360,0.0500,5.6020,3.880,102.790,-161.230,198,100.0
21097.00,-2.5010,-0.4400,5.2060,1.840,88.910,-140.970,198,100.0
21107.00,-3.0140,-0.3940,5.2160,-2.070,70.760,-117.940,198,100.0
21117.00,-2.9080,-0.1350,5.4850,-12.540,30.790,-68.550,198,100.0
21127.00,-2.6690,0.0520,6.1020,-17.560,12.240,-49.250,199,100.0
21137.00,-2.3950,0.2000,6.5680,-24.750,-0.630,-34.080,199,100.0
21147.00,-2.1290,0.4630,6.8810,-29.530,-7.750,-23.000,199,100.0
21157.00,-1.9070,0.9850,7.1420,-31.840,-12.580,-13.760,199,100.0
21167.00,-1.6180,1.3300,7.5010,-32.170,-16.810,-8.560,199,100.0
21177.00,-1.4460,1.1790,7.8980,-27.680,-17.970,-9.280,200,100.0
21187.00,-1.4220,0.7460,8.0730,-21.570,-14.750,-11.240,200,100.0
21197.00,-1.3870,0.2750,7.9510,-16.510,-10.060,-9.300,200,100.0
21207.00,-1.6170,0.0370,7.7730,-12.850,-7.630,-2.670,200,100.0
21217.00,-1.8910,0.0200,7.8220,-12.280,-8.120,6.530,200,100.0
21227.00,-1.9210,0.4540,8.0290,-13.330,-10.460,19.270,201,100.0
21237.00,-1.9650,1.4120,8.2440,-13.680,-10.760,28.560,201,100.0
21247.00,-1.8640,2.4750,8.8530,-14.780,-9.730,30.940,201,100.0
21257.00,-1.6940,3.2390,9.5800,-4.070,9.620,3.680,201,100.0
21267.00,-1.8890,2.8970,9.1620,7.170,28.690,-20.270,201,100.0
21277.00,-2.2400,2.3890,8.5250,15.400,44.010,-38.580,202,100.0
21287.00,-2.5280,2.0720,8.1050,18.950,51.150,-44.110,202,100.0
21297.00,-2.8150,2.0140,8.0810,18.650,52.760,-41.920,202,100.0
21307.00,-3.1480,2.1420,8.0810,15.780,54.560,-39.050,202,100.0
21317.00,-3.5710,2.3310,7.7140,12.910,56.330,-34.830,202,100.0
21327.00,-3.8990,2.4990,7.3440,9.940,52.840,-29.180,203,100.0
21337.00,-4.0720,2.4900,7.2740,4.600,44.060,-22.410,203,100.0
21347.00,-3.9960,2.5470,7.4300,-0.950,33.260,-13.970,203,100.0
21357.00,-3.6170,2.6090,7.7100,-6.060,22.780,-7.850,203,100.0
21367.00,-3.0990,2.5970,8.3600,-11.310,13.240,-3.960,203,100.0
21377.00,-2.5890,2.5850,8.9850,-12.190,6.730,-3.380,204,100.0
21387.00,-2.2480,2.4760,9.5620,-9.700,5.310,-8.900,204,100.0
21397.00,-1.7950,1.7210,10.4270,-2.180,11.630,-19.310,204,100.0
21407.00,-1.9450,0.7720,11.0210,-0.130,18.260,-17.300,204,100.0
21417.00,-2.2920,0.6200,11.1190,-7.290,30.320,-3.630,204,100.0
21428.00,-2.6640,1.6660,10.6870,-20.410,38.840,17.080,205,100.0
21438.00,-2.9500,2.9670,10.3250,-29.500,39.820,29.790,205,100.0
21448.00,-3.3230,3.9930,10.3780,-29.090,38.140,27.160,205,100.0
21458.00,-3.5440,4.5040,10.9160,-21.270,37.230,12.720,205,100.0
21468.00,-3.5660,4.4250,11.5570,-11.370,40.090,-6.110,205,100.0
21478.00,-3.4740,3.9130,11.8680,-0.430,49.100,-25.840,206,100.0
21488.00,-3.7780,3.4910,11.6630,8.520,62.290,-44.530,206,100.0
21498.00,-4.1460,3.2080,11.1760,13.910,72.780,-60.220,206,100.0
21508.00,-4.7760,3.0100,10.9930,13.110,76.150,-70.550,206,100.0
21518.00,-5.2530,2.8300,11.0830,8.940,76.920,-78.910,206,100.0
21528.00,-5.5680,2.6110,10.7490,9.240,83.210,-87.370,207,100.0
21538.00,-6.1340,1.2090,9.2750,-6.380,78.220,-81.660,207,100.0
21548.00,-6.6980,0.9350,8.6690,-20.480,62.590,-58.700,207,100.0
21558.00,-6.8930,1.4030,8.7930,-36.390,42.400,-26.610,207,100.0
21568.00,-6.3420,2.1460,9.3270,-48.820,27.500,-3.210,207,100.0
21578.00,-5.9270,2.4270,10.2080,-58.600,21.470,3.870,208,100.0
21588.00,-4.9670,2.1520,10.8170,-71.270,25.280,0.210,208,100.0
21598.00,-4.2500,1.5910,11.2280,-79.510,42.080,-7.430,208,100.0
21608.00,-4.2260,1.1720,11.7390,-90.920,62.150,-13.180,208,100.0
21618.00,-4.5810,0.8500,11.0260,-126.640,75.120,-15.510,208,100.0
21628.00,-4.3030,-1.1660,9.6250,-169.850,80.550,-9.910,209,100.0
21638.00,-4.6920,-1.6180,8.7070,-164.110,111.800,10.220,209,100.0
21648.00,-5.9640,-1.6610,7.6670,-153.690,147.010,25.500,209,100.0
21658.00,-6.6720,-1.8130,5.8310,-163.480,158.160,39.660,209,100.0
21668.00,-6.9150,-2.0030,4.5590,-179.020,148.920,61.180,209,100.0
21678.00,-7.0020,-0.4590,3.2550,-218.020,95.470,127.300,210,100.0
21688.00,-6.2320,0.3090,3.6940,-218.160,45.350,142.590,210,100.0
21698.00,-5.3940,0.4550,4.7220,-199.600,4.540,130.730,210,100.0
21708.00,-2.5560,-3.9630,0.3700,-183.690,-35.080,119.540,210,100.0
21718.00,-4.7790,-0.9150,3.9060,-167.360,-133.100,138.760,210,100.0
21728.00,-5.8660,-1.5780,7.5070,-165.210,-161.750,138.430,211,100.0
21738.00,-5.8380,-0.9780,6.9720,-185.020,-126.290,134.510,211,100.0
21748.00,-4.9670,-1.2860,7.0560,-193.090,-75.670,106.280,211,100.0
21758.00,-4.4320,-3.1170,4.8460,-196.760,-9.360,80.260,211,100.0
21768.00,-4.4560,-3.0590,3.1260,-224.740,15.810,90.910,211,100.0
21778.00,-4.6700,-2.1360,2.4190,-284.610,7.970,122.540,212,100.0
21788.00,-4.5100,-0.5030,2.2990,-327.680,-24.880,146.900,212,100.0
21798.00,-4.0310,0.5040,2.7550,-327.680,-69.400,130.080,212,100.0
21808.00,-3.5240,-0.2260,3.3350,-305.580,-109.840,77.180,212,100.0
21818.00,-2.5830,-3.3000,4.5390,-210.850,-123.760,12.900,212,100.0
21828.00,-2.6000,-3.3290,3.7070,-186.510,-103.300,23.220,213,100.0
21838.00,-3.0730,-2.4440,3.0710,-184.490,-89.810,38.690,213,100.0
21848.00,-3.2800,-1.5550,2.0730,-209.200,-92.550,47.930,213,100.0
21858.00,-2.9770,-1.2080,1.3770,-208.450,-120.730,33.790,213,100.0
21868.00,-2.7520,-2.1430,1.8040,-166.420,-154.490,-5.050,213,100.0
21878.00,-2.0050,-3.7100,3.4020,-118.550,-171.010,-33.780,214,100.0
21888.00,-1.7100,-4.2780,4.4010,-85.480,-157.550,-35.480,214,100.0
21898.00,-1.6700,-3.8730,4.6220,-68.380,-138.700,-26.920,214,100.0
21908.00,-1.5290,-3.8220,5.4580,-64.290,-130.790,-18.960,214,100.0
21918.00,-1.5190,-3.8420,6.1070,-58.980,-122.340,-9.670,214,100.0
21928.00,-1.6280,-3.5740,6.3850,-35.550,-117.490,-6.290,215,100.0
21938.00,-1.5980,-3.9290,6.5800,7.930,-113.380,-15.300,215,100.0
21948.00,-1.3960,-4.3890,6.7800,58.520,-106.080,-21.500,215,100.0
21958.00,-1.4350,-4.3800,7.2220,110.930,-94.860,-21.390,215,100.0
21968.00,-1.4620,-4.3230,7.3990,166.390,-73.650,-14.580,215,100.0
21978.00,-1.2260,-4.5290,7.8170,174.860,-71.200,-10.140,216,100.0
21988.00,-0.9820,-4.8690,8.4520,193.340,-70.220,-5.120,216,100.0
21998.00,-0.9110,-4.8440,9.1110,220.640,-66.340,4.620,216,100.0
22008.00,-0.8900,-4.6340,9.6880,248.530,-60.830,16.240,216,100.0
22018.00,-0.9700,-4.0530,10.5910,272.050,-54.670,25.170,216,100.0
22028.00,-1.0490,-3.7380,11.5420,282.340,-46.060,31.470,217,100.0
22038.00,-0.8680,-3.4390,12.2030,282.690,-35.560,35.880,217,100.0
22048.00,-0.7900,-2.9640,13.0700,284.160,-25.420,36.540,217,100.0
22058.00,-0.7930,-2.3060,14.2440,287.030,-15.100,36.820,217,100.0
22068.00,-0.5930,-1.9530,14.7780,286.810,-3.760,35.050,217,100.0
22078.00,-0.5680,-1.7240,15.2050,296.570,11.000,31.330,218,100.0
22088.00,-0.5260,-1.1310,15.3910,312.440,31.300,31.750,218,100.0
22098.00,-1.1590,1.4410,15.4800,322.730,53.510,37.150,218,100.0
22108.00,-1.6550,2.7690,14.9910,327.670,93.880,43.910,218,100.0
22118.00,-2.3360,4.1940,14.3100,327.670,111.190,39.200,218,100.0
22128.00,-3.3850,5.6200,13.8040,306.070,122.650,30.430,219,100.0
22138.00,-3.8820,6.4890,13.4280,248.240,125.210,21.000,219,100.0
22148.00,-3.8050,6.8230,13.0160,176.240,120.940,11.200,219,100.0
22158.00,-3.6520,6.8610,13.0730,123.010,117.020,-2.300,219,100.0
22168.00,-3.3580,7.0330,13.7820,95.880,117.280,-15.830,219,100.0
22178.00,-3.2430,6.7160,14.2010,91.050,127.500,-31.020,220,100.0
22188.00,-3.5180,6.6810,13.9250,109.510,150.690,-45.470,220,100.0
22198.00,-3.9090,6.1970,12.2580,132.950,176.870,-52.700,220,100.0
22208.00,-4.6920,5.9790,10.1580,159.210,192.670,-54.330,220,100.0
22218.00,-5.8880,5.7150,8.2800,176.640,198.180,-55.850,220,100.0
22228.00,-6.6230,5.9820,6.4860,171.990,191.580,-51.950,221,100.0
22238.00,-7.6430,7.0740,4.8640,153.510,176.460,-47.870,221,100.0
22248.00,-7.1780,7.7860,2.6520,214.080,138.870,-74.870,221,100.0
22258.00,-7.9840,7.8230,5.0090,315.210,145.140,-75.800,221,100.0
22268.00,-9.3880,9.3630,7.1520,271.910,102.470,-50.040,221,100.0
22278.00,-7.7240,8.3760,6.5160,144.480,45.140,-29.140,222,100.0
22288.00,-6.6370,6.8310,5.1970,69.670,26.450,-25.360,222,100.0
22298.00,-7.0700,6.9200,4.5080,67.340,31.670,-23.740,222,100.0
22308.00,-7.3430,6.9430,4.0230,68.340,23.920,-21.390,222,100.0
22318.00,-7.0810,6.6340,3.9850,51.080,2.090,-16.120,222,100.0
22328.00,-6.6200,6.3420,4.3200,23.610,-20.370,-7.550,223,100.0
22338.00,-6.3640,6.0350,4.6700,-14.130,-40.750,3.100,223,100.0
22348.00,-6.2330,5.6860,4.6970,-56.810,-58.430,17.680,223,100.0
22358.00,-5.7050,5.7950,4.2610,-94.390,-74.130,35.470,223,100.0
22368.00,-5.4220,6.1960,4.2430,-129.190,-95.980,51.310,223,100.0
22378.00,-5.0120,6.6730,4.7600,-167.270,-126.590,66.240,224,100.0
22388.00,-3.8380,7.3000,7.2570,-263.490,-187.670,81.660,224,100.0
22398.00,-3.7590,8.1890,9.0780,-298.930,-197.800,94.920,224,100.0
22408.00,-2.1690,6.2780,10.3050,-327.680,-198.730,113.330,224,100.0
22418.00,-1.4910,4.3390,10.1640,-327.680,-191.690,93.030,224,100.0
22428.00,-1.1030,3.6150,10.2000,-327.680,-172.040,87.130,225,100.0
22438.00,-1.2460,2.9270,9.3640,-327.680,-137.970,83.340,225,100.0
22449.00,-1.6090,2.4870,7.6740,-327.680,-111.440,68.970,225,100.0
22459.00,-1.3160,1.1880,6.3960,-317.760,-104.190,47.710,225,100.0
22469.00,-1.1120,0.0380,6.6500,-286.080,-104.680,34.210,225,100.0
22479.00,-1.2610,-0.3370,7.4100,-268.930,-101.670,32.380,226,100.0
22489.00,-1.2660,-0.3550,8.2910,-255.460,-96.960,28.670,226,100.0
22499.00,-0.8910,-1.2580,8.6060,-239.440,-89.320,19.620,226,100.0
22509.00,-1.1310,-1.1330,8.9640,-223.890,-75.980,25.360,226,100.0
22519.00,-1.3680,-0.8030,9.1330,-216.060,-51.150,39.780,226,100.0
22529.00,1.4480,-3.1100,5.4540,-201.140,-12.650,84.910,227,100.0
22539.00,0.4470,-2.2750,5.0840,-166.240,-40.390,149.500,227,100.0
22549.00,-2.3380,1.6410,6.0690,-120.270,-60.740,193.380,227,100.0
22559.00,-3.6080,2.9590,6.9600,-99.040,-69.730,176.630,227,100.0
22569.00,-4.7640,3.8820,8.3470,-95.720,-71.690,132.230,227,100.0
22579.00,-4.9240,4.2800,9.9960,-93.950,-50.410,74.570,228,100.0
22589.00,-2.0570,1.4500,7.2390,-85.060,-13.450,22.980,228,100.0
22599.00,-1.7130,0.9320,6.6380,-60.720,-18.630,17.170,228,100.0
22609.00,-2.0110,1.1340,6.2160,-25.930,-33.670,21.680,228,100.0
22619.00,-2.6910,1.9540,5.3820,7.190,-52.080,14.650,228,100.0
22629.00,-2.0970,1.3380,3.6700,63.590,-73.370,-9.280,229,100.0
22639.00,-1.4380,0.2620,5.4750,145.180,-101.010,-29.950,229,100.0
22649.00,-0.8690,-0.2400,9.1960,183.000,-127.850,-39.560,229,100.0
22659.00,-0.0440,-1.1760,11.8930,150.100,-139.560,-31.610,229,100.0
22669.00,0.4840,0.4060,12.4060,64.820,-66.920,25.340,229,100.0
22679.00,-0.2650,0.9340,10.3750,21.730,-38.530,41.040,230,100.0
22689.00,-0.3760,0.6370,9.3230,1.430,-38.020,37.070,230,100.0
22699.00,-0.1130,0.9460,9.7050,5.770,-44.450,24.270,230,100.0
22709.00,-0.2270,1.3230,10.4230,0.860,-51.240,12.550,230,100.0
22719.00,-0.3790,1.6160,11.2860,-19.940,-56.850,4.990,230,100.0
22729.00,-0.5210,2.6060,11.6130,-46.790,-59.990,-3.520,231,100.0
22739.00,-1.2150,4.0430,10.1370,-49.530,-60.020,-17.230,231,100.0
22749.00,0.2330,0.7900,11.3430,-49.920,-81.110,-40.620,231,100.0
22759.00,0.6260,-0.5340,12.2110,-59.210,-89.440,-53.990,231,100.0
22769.00,1.3680,-1.5000,12.2780,-68.280,-89.740,-61.050,231,100.0
22779.00,1.6800,-2.2100,12.3820,-75.630,-71.550,-47.130,232,100.0
22789.00,1.1330,-1.5130,10.9120,-84.040,-42.080,-22.880,232,100.0
22799.00,1.1160,-0.7840,10.4020,-95.030,-32.970,-12.500,232,100.0
22809.00,1.0760,-0.8690,9.6780,-141.340,-31.850,-5.900,232,100.0
22819.00,1.1350,-1.3550,9.4180,-154.240,-30.740,-9.020,232,100.0
22829.00,1.3120,-1.7340,9.3360,-155.970,-28.000,-11.220,233,100.0
22839.00,1.4750,-2.4640,9.2750,-143.700,-25.200,-14.530,233,100.0
22849.00,1.6460,-3.1940,8.9700,-117.800,-21.520,-20.340,233,100.0
22859.00,2.0230,-4.2780,8.7880,-81.770,-20.730,-26.060,233,100.0
22869.00,2.2660,-4.9140,8.9350,-49.990,-19.740,-27.660,233,100.0
22879.00,2.3040,-4.8220,9.1600,-44.760,-18.390,-18.630,234,100.0
22889.00,2.3030,-4.4800,10.0470,-54.280,-23.850,-3.870,234,100.0
22899.00,2.3160,-3.8410,11.1070,-64.970,-29.780,2.960,234,100.0
22909.00,1.9230,-3.4200,11.2740,-85.160,-33.090,1.940,234,100.0
22919.00,1.7040,-3.0490,10.2120,-106.790,-42.700,-1.580,234,100.0
22929.00,0.3070,-1.5640,9.8050,-111.430,-65.730,-9.120,235,100.0
22939.00,-0.7680,-1.0890,12.6780,-80.490,-57.220,-38.350,235,100.0
22949.00,1.0510,-2.4840,9.0020,-27.850,22.500,-62.100,235,100.0
22959.00,0.3010,-1.6130,7.5800,89.600,85.290,-25.490,235,100.0
22969.00,0.7100,-2.7000,9.0840,121.550,59.490,-33.890,235,100.0
22979.00,2.5710,-4.7010,11.1120,75.060,18.000,-42.810,236,100.0
22989.00,3.0410,-5.7230,12.3690,22.430,6.490,-31.490,236,100.0
22999.00,2.9210,-5.2900,12.4540,-12.780,23.360,-16.020,236,100.0
23009.00,2.5990,-4.5820,11.7930,-44.200,36.950,-5.970,236,100.0
23019.00,1.9660,-4.1000,11.7840,-63.250,30.360,3.200,236,100.0
23029.00,1.1050,-3.4120,12.0280,-59.720,25.320,15.120,237,100.0
23039.00,0.8210,-3.4090,10.7820,-38.770,42.130,18.970,237,100.0
23049.00,0.7380,-3.4940,10.1270,-51.070,51.780,12.920,237,100.0
23059.00,0.3610,-3.3370,9.3490,-51.600,60.560,13.980,237,100.0
23069.00,-0.0410,-3.0120,8.8480,-35.480,64.730,18.250,237,100.0
23079.00,0.5690,-4.0240,7.5250,-22.150,56.340,16.710,238,100.0
23089.00,0.1720,-4.6420,9.8830,-10.960,26.280,12.760,238,100.0
23099.00,0.4780,-5.3730,10.7240,0.120,9.760,0.230,238,100.0
23109.00,0.6170,-5.9440,11.9120,8.420,6.260,-0.180,238,100.0
23119.00,1.3980,-7.0240,11.8280,20.540,6.400,1.070,238,100.0
23129.00,1.2950,-6.8420,12.9550,25.040,-4.980,9.050,239,100.0
23139.00,0.5940,-6.3580,15.3890,33.250,-11.770,12.930,239,100.0
23149.00,1.6030,-7.7510,15.6520,37.130,3.300,14.000,239,100.0
23159.00,1.5480,-7.5880,16.3380,39.430,9.440,25.010,239,100.0
23169.00,1.4570,-7.6970,16.9010,52.710,11.140,30.070,239,100.0
23179.00,1.4480,-7.5540,17.3870,67.620,15.080,37.520,240,100.0
23189.00,1.3060,-7.1440,17.5720,80.010,23.360,45.940,240,100.0
23199.00,1.0990,-6.5650,17.3820,85.560,31.140,51.500,240,100.0
23209.00,0.8010,-5.8190,16.8290,85.240,38.440,55.970,240,100.0
23219.00,0.6050,-5.0900,16.1930,83.440,42.710,59.050,240,100.0
23229.00,0.4840,-4.5590,15.9730,84.440,40.870,59.960,241,100.0
23239.00,0.7990,-3.4920,15.9880,81.390,38.930,57.030,241,100.0
23249.00,0.8490,-2.7140,15.9520,82.860,42.500,52.500,241,100.0
23259.00,0.8680,-1.7680,15.7890,79.500,47.260,47.180,241,100.0
23269.00,1.1040,-1.2560,15.0620,68.790,52.390,41.420,241,100.0
23279.00,0.4730,-0.3850,14.2440,53.010,45.790,38.380,242,100.0
23289.00,0.3170,0.4270,12.4060,45.150,31.670,26.810,242,100.0
23299.00,0.1670,0.5970,12.4780,56.750,4.400,7.910,242,100.0
23309.00,0.3330,0.6530,12.3390,59.110,-12.210,-3.120,242,100.0
23319.00,0.2650,0.3250,12.3500,46.440,-12.980,-6.310,242,100.0
23329.00,0.1250,0.4650,12.1340,29.050,-1.780,-4.750,243,100.0
23339.00,-0.1230,0.5070,11.8440,8.660,14.850,-4.990,243,100.0
23349.00,-0.4060,0.2700,11.5230,-13.850,39.540,-3.300,243,100.0
23359.00,-0.5800,0.7130,10.1790,-35.360,74.600,2.000,243,100.0
23369.00,-0.8630,1.5120,8.1880,-48.850,99.780,1.890,243,100.0
23379.00,-1.2290,1.6270,6.9810,-53.960,80.340,-13.850,244,100.0
23389.00,-1.3200,1.7750,7.3230,-41.990,75.610,-22.490,244,100.0
23399.00,-1.5630,2.2060,7.4220,-26.850,81.280,-29.980,244,100.0
23409.00,-1.5250,2.8980,7.7580,-27.010,80.580,-34.710,244,100.0
23419.00,-1.2980,3.5180,7.8050,-51.740,74.070,-41.320,244,100.0
23429.00,0.1390,2.9270,7.1250,-75.470,72.430,-57.110,245,100.0
23439.00,1.3300,0.9750,7.2700,-77.270,75.520,-69.830,245,100.0
23449.00,2.5080,-0.1840,6.6430,-78.500,89.940,-59.680,245,100.0
23460.00,2.8650,-0.8720,5.1850,-95.210,101.560,-36.670,245,100.0
23470.00,2.3240,-0.7840,4.3950,-106.920,98.730,-8.440,245,100.0
23480.00,1.0240,0.3920,3.9720,-103.400,93.920,15.020,246,100.0
23490.00,-0.2650,1.9810,3.9630,-75.310,96.280,22.330,246,100.0
23500.00,-1.4480,2.5710,3.6570,-34.520,103.020,13.040,246,100.0
23510.00,-2.4040,2.2310,2.9010,-3.630,108.530,-2.490,246,100.0
23520.00,-3.1880,-0.1500,2.1770,24.380,92.290,-25.750,246,100.0
23530.00,-3.3260,-1.2630,2.8230,38.270,76.170,-30.960,247,100.0
23540.00,-3.1380,-2.0080,3.6770,37.340,60.860,-31.490,247,100.0
23550.00,-3.3020,-1.7640,4.4420,24.870,45.840,-23.910,247,100.0
23560.00,-3.5490,-1.5310,5.1330,4.080,32.400,-17.840,247,100.0
23570.00,-3.5530,-1.5540,5.3010,-19.910,23.290,-16.320,247,100.0
23580.00,-3.7530,-1.4290,5.4460,-33.000,15.500,-18.800,248,100.0
23590.00,-3.5910,-1.3860,5.7160,-35.460,6.680,-23.770,248,100.0
23600.00,-3.3590,-1.7550,6.2830,-31.000,-2.760,-29.390,248,100.0
23610.00,-3.1010,-2.1850,6.7330,-25.790,-10.360,-33.450,248,100.0
23620.00,-2.7630,-2.6780,6.9940,-17.350,-15.010,-36.760,248,100.0
23630.00,-2.3780,-3.0280,7.4930,-7.990,-19.230,-37.180,249,100.0
23640.00,-1.9500,-3.4270,8.3280,-3.050,-23.010,-35.150,249,100.0
23650.00,-1.6290,-3.9940,9.2070,-3.120,-25.770,-30.630,249,100.0
23660.00,-1.4540,-4.5290,9.6010,-15.020,-15.710,-21.880,249,100.0
23670.00,-1.3430,-4.6450,9.9060,-18.230,-9.740,-20.250,249,100.0
23680.00,-1.4360,-4.4450,9.7770,-20.220,0.150,-20.320,250,100.0
23690.00,-1.5600,-4.2110,9.4980,-15.860,7.760,-20.270,250,100.0
23700.00,-1.7390,-4.0640,9.3530,-4.400,13.380,-22.130,250,100.0
23710.00,-2.0080,-3.7830,8.9820,3.590,18.860,-24.820,250,100.0
23720.00,-2.1730,-3.4210,8.5110,8.140,20.850,-26.200,250,100.0
23730.00,-2.2250,-3.2290,8.4890,14.350,18.350,-26.900,251,100.0
23740.00,-2.3470,-3.2590,8.8010,15.420,13.350,-25.800,251,100.0
23750.00,-2.2700,-3.4000,8.8040,6.820,9.500,-23.650,251,100.0
23760.00,-2.2810,-3.3430,8.8880,-1.510,4.860,-19.940,251,100.0
23770.00,-2.3250,-3.3570,9.0260,-6.900,0.330,-17.090,251,100.0
23780.00,-2.3330,-3.4830,8.8580,-12.450,-1.660,-15.830,252,100.0
23790.00,-2.3070,-3.6610,8.6600,-15.950,-3.530,-15.420,252,100.0
23800.00,-2.1360,-4.0100,8.6620,-13.960,-5.370,-15.830,252,100.0
23810.00,-2.0810,-4.1820,8.7630,-12.070,-4.530,-16.330,252,100.0
23820.00,-1.9720,-4.3230,8.8030,-7.900,-2.180,-17.210,252,100.0
23830.00,-1.8640,-4.4000,8.7390,-4.140,0.900,-16.790,253,100.0
23840.00,-1.9190,-4.4360,8.6950,0.560,3.550,-16.260,253,100.0
23850.00,-1.9320,-4.4180,8.5430,0.610,6.000,-15.180,253,100.0
23860.00,-2.0240,-4.1100,8.4230,-2.440,6.640,-11.840,253,100.0
23870.00,-2.1230,-3.7140,8.4680,-4.610,5.870,-9.390,253,100.0
23880.00,-2.1880,-3.2720,8.5840,-6.940,4.610,-7.410,254,100.0
23890.00,-2.2220,-2.9810,8.9140,-5.820,2.620,-6.600,254,100.0
23900.00,-2.2850,-3.1220,9.1050,-4.630,2.780,-7.690,254,100.0
23910.00,-2.3550,-3.3100,8.6600,-7.690,5.330,-9.140,254,100.0
23920.00,-2.4840,-3.3420,7.9440,-9.440,5.750,-9.560,254,100.0
23930.00,-2.4350,-3.2990,7.8540,-6.960,1.780,-9.460,255,100.0
23940.00,-2.1180,-3.3750,8.9210,-2.720,-3.060,-10.190,255,100.0
23950.00,-1.9560,-3.4320,9.0100,4.920,-2.380,-12.360,255,100.0
23960.00,-1.8840,-3.5250,8.9190,9.610,-0.400,-11.920,255,100.0
23970.00,-2.0090,-3.6220,8.8740,13.330,0.870,-10.450,255,100.0
23980.00,-2.0590,-3.7920,8.5610,8.870,2.930,-9.050,256,100.0
23990.00,-2.0790,-3.5530,8.1050,1.150,4.110,-6.660,256,100.0
24000.00,-2.2420,-3.0680,8.1020,-1.360,1.850,-3.580,256,100.0
24010.00,-2.2870,-2.7170,8.4430,-2.620,0.200,-3.020,256,100.0
24020.00,-2.1900,-2.4340,8.2620,-2.410,2.790,-4.570,256,100.0
24030.00,-2.1510,-2.2820,8.1950,0.240,5.210,-7.090,257,100.0
24040.00,-2.0780,-2.2860,8.1490,-3.960,6.260,-8.810,257,100.0
24050.00,-2.0480,-2.1120,7.5680,-11.800,10.410,-11.190,257,100.0
24060.00,-2.1090,-1.7680,6.7800,-17.320,15.180,-14.430,257,100.0
24070.00,-2.0020,-1.5860,6.0220,-21.740,17.440,-18.590,257,100.0
24080.00,-1.9140,-1.7590,4.2870,-25.720,19.300,-22.510,258,100.0
24090.00,-1.5000,-2.5960,3.1040,-50.020,20.630,-22.860,258,100.0
24100.00,-1.7350,-2.7690,2.0620,-56.360,23.500,-19.550,258,100.0
24110.00,-1.7200,-2.8400,0.9120,-65.410,19.580,-15.000,258,100.0
24120.00,-1.5620,-2.6640,0.8070,-63.850,10.040,-9.040,258,100.0
24130.00,-1.5360,-2.1900,1.6110,-46.540,2.230,-5.940,259,100.0
24140.00,-1.3110,-2.0990,2.4550,-25.940,0.800,-11.500,259,100.0
24150.00,-1.2590,-2.3290,2.4990,-12.610,6.590,-21.390,259,100.0
24160.00,-1.4390,-2.6230,2.0860,-9.340,15.590,-28.640,259,100.0
24170.00,-1.2510,-3.0300,2.0620,-14.810,26.050,-30.890,259,100.0
24180.00,-0.9950,-3.8480,2.4580,-23.140,45.930,-28.090,260,100.0
24190.00,-1.2500,-3.9070,2.5720,-35.040,69.210,-20.500,260,100.0
24200.00,-1.7990,-3.1600,2.7320,-44.000,86.430,-17.420,260,100.0
24210.00,-0.9430,-3.2000,3.2800,-34.480,96.940,-23.740,260,100.0
24220.00,-1.1350,-2.5290,4.6160,-11.030,89.440,-18.190,260,100.0
24230.00,-1.8680,-0.9600,6.8690,44.340,22.220,0.790,261,100.0
24240.00,-2.0350,-0.2400,9.6110,61.550,-14.920,-4.150,261,100.0
24250.00,-2.2850,-0.6470,11.2430,64.730,-38.040,-12.570,261,100.0
24260.00,-2.3820,-1.1560,11.8880,75.550,-43.680,-15.000,261,100.0
24270.00,-2.6480,-1.4990,11.4300,99.420,-33.440,-16.090,261,100.0
24280.00,-2.8510,-1.5060,10.7800,115.360,-27.260,-14.290,262,100.0
24290.00,-2.9020,-1.5070,10.6390,119.380,-33.820,-9.190,262,100.0
24300.00,-2.8300,-1.6650,11.7910,117.210,-52.300,-8.860,262,100.0
24310.00,-2.6870,-1.9760,14.2370,113.000,-72.040,-14.230,262,100.0
24320.00,-2.4370,-2.5050,16.7620,102.020,-79.660,-19.410,262,100.0
24330.00,-2.3980,-2.7080,17.9350,83.930,-70.190,-18.940,263,100.0
24340.00,-2.3860,-2.8860,17.3460,70.420,-52.860,-17.100,263,100.0
24350.00,-2.6720,-3.1030,15.6720,66.240,-35.920,-13.830,263,100.0
24360.00,-2.6620,-3.1560,14.1490,66.240,-26.230,-10.610,263,100.0
24370.00,-2.7170,-3.4620,13.0750,60.040,-29.750,-11.850,263,100.0
24380.00,-2.4710,-3.7050,13.6580,47.230,-34.540,-12.690,264,100.0
24390.00,-2.2930,-3.6590,14.8210,36.360,-37.110,-15.070,264,100.0
24400.00,-2.3110,-3.4990,15.8630,25.720,-36.380,-16.880,264,100.0
24410.00,-2.1760,-3.6070,16.0860,13.300,-29.470,-19.780,264,100.0
24420.00,0.1540,-5.7990,11.3160,-0.060,-28.330,-17.590,264,100.0
24430.00,-2.2860,-2.5840,13.6520,-2.880,-78.450,-0.090,265,100.0
24440.00,-2.9800,-3.1780,15.5640,-0.030,-70.590,-7.460,265,100.0
24450.00,-2.2430,-3.3970,14.0860,-26.920,-17.760,-8.160,265,100.0
24460.00,-2.4280,-3.2180,11.9340,-28.880,12.240,-8.270,265,100.0
24470.00,-2.2250,-3.3720,11.1460,-12.100,10.490,-6.730,265,100.0
24480.00,-2.0320,-3.5620,11.1490,-0.730,2.690,-3.560,266,100.0
24490.00,-1.9070,-3.4790,11.8250,-0.660,-3.810,-3.540,266,100.0
24501.00,-2.0200,-3.3810,13.1580,-9.350,-8.450,-4.100,266,100.0
24511.00,-2.0260,-3.4860,13.9500,3.430,3.900,-1.440,266,100.0
24521.00,-2.1840,-3.3490,12.7320,7.280,18.250,1.560,266,100.0
24531.00,-2.1290,-3.2000,11.3630,7.190,25.420,4.100,267,100.0
24541.00,-2.1490,-3.0120,10.2280,9.400,27.360,3.900,267,100.0
24551.00,-2.1220,-2.9430,9.4200,10.030,24.020,2.330,267,100.0
24561.00,-2.0600,-2.7420,9.1780,10.290,16.670,1.240,267,100.0
24571.00,-1.8180,-2.9370,9.1620,8.350,9.250,-0.580,267,100.0
24581.00,-1.5780,-3.1130,9.6040,6.180,1.130,-2.320,268,100.0
24591.00,-1.4710,-3.1920,10.1470,3.530,-3.220,-3.050,268,100.0
24601.00,-1.3500,-3.2390,10.5490,1.770,-2.740,-3.240,268,100.0
24611.00,-1.3730,-3.2150,10.6600,0.890,0.620,-3.330,268,100.0
24621.00,-1.4030,-3.0900,10.2430,0.120,5.840,-1.700,268,100.0
24631.00,-1.5210,-2.7520,9.8970,2.590,8.850,0.000,269,100.0
24641.00,-1.6460,-2.6360,9.8730,7.140,7.520,0.230,269,100.0
24651.00,-1.7930,-2.4390,9.8890,14.300,3.420,1.450,269,100.0
24661.00,-1.7830,-2.4310,10.1210,16.480,-0.490,1.790,269,100.0
24671.00,-1.7160,-2.4290,10.6750,18.180,-5.000,2.680,269,100.0
24681.00,-1.7680,-2.6080,11.3560,15.490,-7.960,2.490,270,100.0
24691.00,-1.8010,-2.8270,11.6230,10.320,-6.630,2.240,270,100.0
24701.00,-1.9980,-2.7120,12.0260,10.940,-4.530,3.330,270,100.0
24711.00,-2.2260,-2.8160,12.9330,16.750,-4.810,3.800,270,100.0
24721.00,-2.2640,-3.2180,13.4170,23.310,-1.610,3.850,270,100.0
24731.00,-2.3950,-3.5130,13.0940,28.590,4.530,5.930,271,100.0
24741.00,-2.7200,-3.7070,13.0220,36.700,4.890,8.380,271,100.0
24751.00,-2.8650,-4.1040,13.0660,46.900,2.830,10.970,271,100.0
24761.00,-3.2110,-4.3660,12.7320,64.560,2.550,16.240,271,100.0
24771.00,-3.3910,-4.6970,12.2050,88.290,-1.050,24.050,271,100.0
24781.00,-3.4700,-4.7100,12.1120,110.410,-9.550,33.920,272,100.0
24791.00,-3.0930,-4.0760,13.2010,92.820,-33.350,47.690,272,100.0
24801.00,-2.9790,-3.0040,14.5130,59.340,-42.500,46.150,272,100.0
24811.00,-3.0120,-2.4330,16.6560,29.590,-52.920,37.290,272,100.0
24821.00,-2.8180,-2.4630,18.4020,12.300,-55.440,26.160,272,100.0
24831.00,-2.4570,-2.5780,19.2210,14.940,-45.510,18.010,273,100.0
24841.00,-2.1630,-2.1400,19.2630,28.700,-28.080,15.230,273,100.0
24851.00,-1.9510,-1.3720,18.6260,39.020,-9.550,14.120,273,100.0
24861.00,-1.7740,-0.9570,17.5660,44.570,5.000,13.000,273,100.0
24871.00,-1.7440,-0.4060,16.0170,57.500,11.770,13.690,273,100.0
24881.00,-1.7680,0.4110,14.7720,74.810,8.430,13.810,274,100.0
24891.00,-1.7940,1.0800,13.9160,72.970,1.500,12.500,274,100.0
24901.00,-1.7340,1.4380,13.3900,50.890,-4.060,7.350,274,100.0
24911.00,-1.6720,1.4160,13.3060,19.110,-7.120,0.180,274,100.0
24921.00,-1.2830,1.4230,13.4010,-18.440,-3.780,-5.550,274,100.0
24931.00,-0.2960,1.3240,13.3890,-56.800,4.750,-9.420,275,100.0
24941.00,-0.0530,1.6600,13.4500,-96.840,23.410,-10.730,275,100.0
24951.00,0.0980,1.9870,13.3050,-100.560,31.200,-12.660,275,100.0
24961.00,0.1620,2.2300,12.7290,-94.300,38.110,-15.690,275,100.0
24971.00,0.1190,2.0690,11.5410,-76.690,43.480,-19.760,275,100.0
24981.00,0.2230,1.7320,10.0120,-57.410,42.190,-21.790,276,100.0
24991.00,0.2760,1.6900,9.5960,-40.380,36.220,-21.410,276,100.0
25001.00,0.1960,1.5370,9.3690,-29.390,33.210,-19.680,276,100.0
25011.00,-0.0750,1.4750,9.3430,-24.190,35.500,-15.650,276,100.0
25021.00,-0.1730,1.3950,8.7780,-31.630,45.950,-10.230,276,100.0
25031.00,-0.4130,1.3990,7.9990,-47.140,60.470,-4.910,277,100.0
25041.00,-0.6610,1.7790,7.0030,-67.580,71.590,-1.090,277,100.0
25051.00,-0.8190,2.0180,6.5240,-86.020,72.710,-3.730,277,100.0
25061.00,-0.7560,1.9150,6.5470,-95.310,69.260,-10.070,277,100.0
25071.00,-0.7050,1.6100,6.7350,-94.770,66.200,-14.690,277,100.0
25081.00,-0.7800,1.0910,6.2910,-79.300,65.690,-22.320,278,100.0
25091.00,-0.9200,0.6550,5.8310,-67.790,65.410,-24.800,278,100.0
25101.00,-1.1060,0.2690,5.3370,-60.720,63.920,-25.850,278,100.0
25111.00,-1.2310,-0.1440,4.7960,-55.260,61.370,-26.150,278,100.0
25121.00,-1.4150,-0.2360,4.4590,-51.560,56.640,-26.190,278,100.0
25131.00,-1.5700,-0.6860,4.2340,-56.590,49.220,-26.610,279,100.0
25141.00,-1.6250,-1.1100,4.0100,-67.750,41.710,-26.240,279,100.0
25151.00,-1.8900,-1.1100,4.5360,-76.570,37.930,-26.590,279,100.0
25161.00,-1.8160,-1.4350,4.2930,-78.160,42.730,-30.300,279,100.0
25171.00,-1.4060,-1.9210,3.7570,-78.720,38.300,-32.330,279,100.0
25181.00,-1.3430,-2.1520,4.0180,-74.140,26.330,-31.870,280,100.0
25191.00,-1.5140,-2.3310,4.7490,-63.850,18.610,-31.490,280,100.0
25201.00,-1.6190,-2.4190,5.1560,-57.690,19.860,-33.870,280,100.0
25211.00,-1.4480,-2.8530,5.0160,-55.780,25.490,-40.270,280,100.0
25221.00,-0.9020,-3.4560,4.1490,-44.180,27.840,-43.060,280,100.0
25231.00,-0.8600,-3.6010,3.7860,-34.520,23.930,-34.430,281,100.0
25241.00,-0.9420,-3.5070,3.5050,-29.340,16.710,-24.140,281,100.0
25251.00,-1.0870,-3.3700,3.2790,-27.220,9.300,-17.630,281,100.0
25261.00,-1.1740,-3.2170,3.0170,-29.080,2.950,-12.900,281,100.0
25271.00,-1.0890,-3.1560,2.6280,-31.000,-2.460,-9.670,281,100.0
25281.00,-1.0380,-3.2650,2.2210,-28.480,-7.280,-8.770,282,100.0
25291.00,-0.9960,-3.2570,1.7160,-21.620,-11.460,-8.350,282,100.0
25301.00,-0.9000,-3.2940,1.0890,-14.010,-16.380,-7.160,282,100.0
25311.00,-0.7750,-3.2270,0.6710,-4.800,-21.470,-6.730,282,100.0
25321.00,-0.7520,-3.0530,0.4490,10.640,-23.710,-8.830,282,100.0
25331.00,-0.6790,-3.1390,0.2330,26.740,-24.650,-11.490,283,100.0
25341.00,-0.6800,-3.2780,-0.0650,39.180,-23.760,-11.190,283,100.0
25351.00,-0.9240,-3.3950,-0.5630,48.260,-19.770,-10.230,283,100.0
25361.00,-1.0420,-3.2960,-3.1480,62.560,-5.740,-5.920,283,100.0
25371.00,-1.1790,-3.0520,-4.5410,59.600,-8.400,-3.540,283,100.0
25381.00,-1.1860,-2.1300,-4.9720,66.940,-11.140,2.560,284,100.0
25391.00,-1.2050,-1.6590,-5.2060,68.180,-15.010,7.510,284,100.0
25401.00,-0.9270,-0.7770,-4.8510,63.960,-27.140,12.440,284,100.0
25411.00,-0.7920,0.2300,-4.4370,69.160,-43.970,12.160,284,100.0
25421.00,-0.3940,1.4020,-3.3600,90.630,-70.910,5.090,284,100.0
25431.00,0.4940,2.3460,-1.4780,115.450,-104.160,-4.080,285,100.0
25441.00,1.4880,2.9430,0.9590,132.160,-133.700,-13.760,285,100.0
25451.00,2.2800,3.1010,3.6310,141.030,-153.090,-23.180,285,100.0
25461.00,3.6260,2.5930,5.2120,145.420,-166.040,-30.670,285,100.0
25471.00,4.2500,2.2670,7.4520,136.710,-196.960,-30.370,285,100.0
25481.00,3.4160,4.7770,13.8970,134.570,-215.560,-25.730,286,100.0
25491.00,3.8640,4.7970,19.0000,139.120,-191.310,-38.730,286,100.0
25501.00,4.8780,2.6660,22.7800,170.660,-113.730,-51.510,286,100.0
25511.00,4.2950,2.6100,23.7700,210.560,-70.170,-46.980,286,100.0
25522.00,3.5460,2.9380,24.2220,237.840,-33.810,-40.990,286,100.0
25532.00,2.4900,3.0590,24.0860,245.960,-7.780,-37.020,287,100.0
25542.00,1.5340,2.6940,22.8940,239.120,13.840,-36.060,287,100.0
25552.00,0.6540,2.4620,21.1090,230.260,31.300,-34.480,287,100.0
25562.00,-0.2820,2.5100,19.9660,217.350,37.360,-31.750,287,100.0
25572.00,-0.7710,2.2730,19.0830,188.490,35.610,-27.240,287,100.0
25582.00,-1.1410,2.4350,18.4370,150.340,29.870,-19.520,288,100.0
25592.00,-1.5390,3.0370,18.2010,110.950,21.900,-12.150,288,100.0
25602.00,-1.7460,3.2910,17.9250,76.720,14.780,-7.930,288,100.0
25612.00,-2.0270,3.4520,17.3340,55.040,14.430,-8.350,288,100.0
25622.00,-2.1400,3.2360,16.6090,40.250,15.500,-11.990,288,100.0
25632.00,-2.1020,2.8720,16.2900,29.920,13.520,-15.420,289,100.0
25642.00,-2.0510,2.5020,15.5460,9.470,12.100,-21.580,289,100.0
25652.00,-2.0030,2.3850,15.2940,-1.570,8.970,-25.540,289,100.0
25662.00,-1.8740,1.9780,15.2330,-12.210,5.030,-29.350,289,100.0
25672.00,-1.5810,1.3200,15.1380,-22.510,2.950,-32.170,289,100.0
25682.00,-1.3140,0.6960,14.9370,-32.750,2.780,-34.530,290,100.0
25692.00,-1.2080,0.1660,14.6600,-41.570,2.670,-34.460,290,100.0
25702.00,-1.0860,-0.1360,14.6270,-47.700,1.640,-32.750,290,100.0
25712.00,-0.9880,-0.1410,14.7850,-50.690,0.570,-30.820,290,100.0
25722.00,-0.7600,-0.0210,15.2110,-47.700,1.500,-30.810,290,100.0
25732.00,-0.4860,0.0510,15.7910,-41.710,4.810,-32.700,291,100.0
25742.00,-0.1590,-0.1720,16.0690,-41.120,10.490,-34.500,291,100.0
25752.00,0.1900,-0.4590,16.1570,-45.560,15.710,-33.540,291,100.0
25762.00,0.3300,-0.5340,16.2070,-50.530,19.050,-30.840,291,100.0
25772.00,0.4520,-0.5130,16.1380,-56.500,22.810,-27.240,291,100.0
25782.00,0.3790,-0.2790,16.0580,-64.920,25.790,-20.040,292,100.0
25792.00,0.3030,-0.4290,15.6870,-69.170,27.210,-18.630,292,100.0
25802.00,0.3140,-0.4610,15.2320,-79.160,26.750,-15.300,292,100.0
25812.00,1.7820,-1.8720,11.6180,-92.040,17.980,-8.930,292,100.0
25822.00,0.2650,-0.3170,12.6050,-103.630,-19.470,6.460,292,100.0
25832.00,-0.0550,0.9360,12.7640,-138.940,-55.400,5.930,293,100.0
25842.00,0.8070,1.6180,11.8270,-163.160,-98.700,1.230,293,100.0
25852.00,1.6400,1.4910,10.7730,-178.610,-158.690,-8.690,293,100.0
25862.00,2.6900,1.2010,9.7660,-176.710,-234.060,-23.460,293,100.0
25872.00,3.7410,0.7700,9.0340,-152.540,-311.060,-37.610,293,100.0
25882.00,4.7180,0.5500,8.6510,-110.450,-327.680,-47.240,294,100.0
25892.00,5.0840,-0.1110,8.2600,-77.800,-327.680,-52.940,294,100.0
25902.00,6.0530,-0.7560,7.8100,-64.920,-327.680,-56.760,294,100.0
25912.00,6.6950,-1.6520,7.6220,-61.290,-327.680,-59.190,294,100.0
25922.00,8.0120,-2.6330,7.8020,-60.700,-327.680,-43.650,294,100.0
25932.00,8.5990,-3.0380,7.9620,-67.170,-327.680,-24.700,295,100.0
25942.00,9.2070,-3.1390,8.1650,-76.540,-327.680,0.120,295,100.0
25952.00,9.9310,-2.9580,8.4350,-77.830,-327.680,28.750,295,100.0
25962.00,10.2480,-2.6530,8.6790,-73.790,-327.680,56.320,295,100.0
25972.00,9.7560,0.6120,10.6380,-70.620,-327.680,74.970,295,100.0
25982.00,9.2020,1.2490,12.0470,-52.460,-327.680,64.580,296,100.0
25992.00,8.6170,0.7050,12.9940,-18.090,-239.480,48.720,296,100.0
26002.00,8.4320,0.4210,14.4280,-6.920,-104.140,43.260,296,100.0
26012.00,8.1700,-0.1180,11.3740,-7.670,47.840,41.410,296,100.0
26022.00,7.5720,0.8490,4.6710,-1.900,149.480,42.000,296,100.0
26032.00,6.5390,0.9370,2.0540,-7.320,151.510,25.380,297,100.0
26042.00,5.9500,-0.2600,2.9450,-8.950,119.680,3.550,297,100.0
26052.00,5.9550,-1.6240,4.8260,-5.260,100.340,-2.890,297,100.0
26062.00,5.7490,-1.8050,4.7660,-6.640,100.710,6.060,297,100.0
26072.00,5.8150,-1.6290,4.6930,-12.100,100.340,28.280,297,100.0
26082.00,5.9620,-1.2050,5.3280,-14.180,91.820,35.600,298,100.0
26092.00,6.1230,-0.7650,5.8790,-15.200,89.510,35.910,298,100.0
26102.00,6.1440,-0.3880,6.0530,-15.440,92.060,28.560,298,100.0
26112.00,6.4400,-0.3430,6.2420,-12.730,97.630,14.860,298,100.0
26122.00,6.7350,-0.7620,6.5800,-11.730,102.670,1.160,298,100.0
26132.00,6.5100,-1.1090,6.6110,-14.800,106.220,-5.430,299,100.0
26142.00,6.0680,-1.2710,6.3620,-19.150,107.270,-5.850,299,100.0
26152.00,5.8950,-1.5400,6.1130,-23.690,102.470,-1.790,299,100.0
26162.00,5.9330,-2.0010,5.9090,-24.370,93.430,7.790,299,100.0
26172.00,6.0370,-2.4680,6.0140,-26.700,81.840,23.330,299,100.0
26182.00,6.2500,-2.4620,6.2350,-35.390,69.770,44.030,300,100.0
26192.00,6.1730,-0.9850,9.0200,-46.700,59.720,66.830,300,100.0
26202.00,6.2960,-1.8240,6.1250,-52.040,76.610,77.370,300,100.0
26212.00,5.2800,-1.1720,9.4430,-55.340,64.030,82.080,300,100.0
26222.00,5.5720,-2.0440,7.2690,-65.270,92.200,67.950,300,100.0
26232.00,5.8760,-2.8460,7.3990,-72.740,104.560,64.330,301,100.0
26242.00,5.9110,-4.0450,7.7880,-74.470,124.520,72.240,301,100.0
26252.00,5.7170,-4.5630,7.6300,-78.500,152.610,86.490,301,100.0
26262.00,5.3380,-5.1820,7.3050,-91.800,179.820,98.490,301,100.0
26272.00,4.9730,-5.8310,6.5920,-102.940,205.970,117.710,301,100.0
26282.00,4.3470,-6.1080,5.8690,-113.600,221.650,144.100,302,100.0
26292.00,3.7040,-5.9560,4.8460,-122.300,234.810,169.140,302,100.0
26302.00,2.9200,-5.1430,3.5780,-123.840,233.550,189.810,302,100.0
26312.00,2.2330,-3.9080,3.3390,-118.920,209.960,200.990,302,100.0
26322.00,1.7760,-3.0930,3.7260,-111.550,176.940,195.490,302,100.0
26332.00,1.7950,-2.7980,4.5490,-100.840,146.870,174.090,303,100.0
26342.00,1.7630,-2.9080,4.7860,-90.660,126.480,142.220,303,100.0
26352.00,1.4160,-4.5210,4.5480,-66.790,111.890,91.390,303,100.0
26362.00,0.6710,-4.8040,3.9640,-61.710,109.230,83.340,303,100.0
26372.00,-0.2480,-4.5030,3.3760,-63.250,104.990,81.950,303,100.0
26382.00,-1.2140,-3.8200,2.4860,-66.330,100.620,77.530,304,100.0
26392.00,-2.0480,-3.1870,1.7370,-68.070,93.790,60.150,304,100.0
26402.00,-2.4150,-3.3200,0.6970,-71.130,85.900,29.650,304,100.0
26412.00,-2.9120,-3.0890,-0.5970,-74.630,66.210,3.780,304,100.0
26422.00,-1.0880,-2.2610,-0.8080,-74.300,30.860,-25.570,304,100.0
26432.00,-0.2660,-2.8790,0.8910,-33.240,23.460,-68.340,305,100.0
26442.00,-0.4940,-3.5120,1.0520,5.410,29.900,-105.720,305,100.0
26452.00,-1.2280,-4.0700,-0.2230,26.810,22.940,-126.290,305,100.0
26462.00,-2.3840,-5.0380,-1.5670,52.430,11.090,-137.570,305,100.0
26472.00,-3.6150,-6.4120,-2.8830,75.020,-4.340,-131.240,305,100.0
26482.00,-1.9920,-4.8380,-1.9990,86.830,-29.990,-92.180,306,100.0
26492.00,-2.1760,-2.7400,-1.5420,124.200,-40.190,-80.070,306,100.0
26502.00,-1.8190,-1.8120,-0.6040,155.280,-40.120,-103.080,306,100.0
26512.00,-1.5790,-1.3330,0.8000,191.450,-38.300,-118.290,306,100.0
26522.00,-2.0840,-0.6400,1.8930,227.220,-18.720,-115.700,306,100.0
26532.00,-1.1680,-0.5460,0.1190,247.970,4.680,-113.630,307,100.0
26542.00,-1.3620,-0.7050,0.5510,271.700,-5.390,-123.820,307,100.0
26553.00,-1.1920,-1.5620,1.8180,280.630,-8.610,-142.300,307,100.0
26563.00,0.2480,-1.0760,2.3040,280.300,3.300,-149.880,307,100.0
26573.00,1.4260,-0.2650,4.4420,289.380,-0.590,-150.540,307,100.0
26583.00,2.3350,0.6530,6.6290,297.270,-0.640,-152.850,308,100.0
26593.00,3.3090,1.6910,8.4610,307.930,7.520,-159.890,308,100.0
26603.00,4.3710,1.9810,10.0970,327.670,21.030,-174.080,308,100.0
26613.00,5.1670,2.7200,11.7360,327.670,33.300,-185.890,308,100.0
26623.00,5.8220,3.6690,13.6730,327.670,38.760,-189.790,308,100.0
26633.00,5.6410,5.9550,16.3880,327.670,61.730,-192.720,309,100.0
26643.00,5.9600,7.1520,16.9620,327.670,77.610,-195.130,309,100.0
26653.00,6.6670,8.2120,18.2440,327.670,92.180,-200.470,309,100.0
26663.00,6.5240,9.2060,19.6760,318.600,100.250,-202.360,309,100.0
26673.00,5.7040,9.9360,20.1810,302.010,117.610,-203.440,309,100.0
26683.00,3.9750,10.0600,19.0080,288.570,144.460,-211.480,310,100.0
26693.00,2.1270,9.5460,16.8990,268.680,164.420,-221.050,310,100.0
26703.00,0.7360,8.9350,15.1140,243.930,164.490,-217.390,310,100.0
26713.00,-0.3750,8.5960,14.1710,211.570,150.180,-201.150,310,100.0
26723.00,-1.6920,9.3900,13.5880,177.520,130.820,-183.480,310,100.0
26733.00,-2.3120,10.8610,13.0990,168.510,122.530,-190.090,311,100.0
26743.00,-1.6940,11.2270,14.6590,203.700,137.460,-230.480,311,100.0
26753.00,-1.4780,10.4970,16.9930,228.830,159.540,-266.900,311,100.0
26763.00,-0.6890,8.4980,14.7900,202.460,160.470,-259.370,311,100.0
26773.00,-1.1400,6.7150,12.2580,130.300,127.390,-192.280,311,100.0
26783.00,-2.1510,6.4680,11.2220,119.840,127.320,-191.370,312,100.0
26793.00,-3.1020,5.9560,10.6970,109.010,121.360,-182.780,312,100.0
26803.00,-3.6740,6.2880,10.3810,84.470,107.200,-148.070,312,100.0
26813.00,-3.8200,7.5620,10.2790,57.980,87.950,-113.600,312,100.0
26823.00,-3.6940,8.6620,10.1520,49.490,70.730,-107.120,312,100.0
26833.00,-3.6610,9.1450,9.8230,61.510,58.510,-125.920,313,100.0
26843.00,-3.7310,8.8820,10.0020,80.460,46.230,-153.640,313,100.0
26853.00,-3.5600,8.2920,10.3990,99.210,44.600,-173.890,313,100.0
26863.00,-3.4440,6.8910,9.9190,100.660,52.840,-178.090,313,100.0
26873.00,-3.8520,5.8970,9.1260,88.650,58.230,-167.170,313,100.0
26883.00,-4.2060,5.2970,8.4380,67.640,59.880,-147.760,314,100.0
26893.00,-4.5320,5.6730,7.8910,42.890,54.770,-119.950,314,100.0
26903.00,-4.8460,6.4170,7.5050,22.780,46.320,-95.470,314,100.0
26913.00,-5.6540,5.6370,6.5270,8.380,34.420,-87.420,314,100.0
26923.00,-4.7160,5.8200,7.4830,5.980,5.030,-67.630,314,100.0
26933.00,-4.7110,6.3550,5.6050,-12.920,3.040,-68.970,315,100.0
26943.00,-4.8040,7.0080,3.8820,-19.630,-22.400,-80.490,315,100.0
26953.00,-5.1210,6.4510,4.2280,-0.250,-55.560,-90.850,315,100.0
26963.00,-5.2900,6.4050,4.4910,30.890,-87.250,-91.650,315,100.0
26973.00,-5.1390,5.7950,5.0790,48.230,-114.110,-89.690,315,100.0
26983.00,-4.9770,4.4920,6.2180,45.730,-133.800,-82.450,316,100.0
26993.00,-4.7680,3.4950,7.1780,6.840,-136.230,-66.050,316,100.0
27003.00,-4.2560,3.8750,6.1850,-30.740,-124.510,-47.900,316,100.0
27013.00,-4.3990,3.9500,6.6200,-44.390,-109.930,-40.970,316,100.0
27023.00,-4.5540,3.8780,5.8030,-54.560,-94.990,-36.440,316,100.0
27033.00,-4.7720,3.7510,6.0270,-62.870,-92.130,-32.960,317,100.0
27043.00,-4.7920,3.7690,6.0770,-61.560,-87.020,-26.190,317,100.0
27053.00,-4.5080,5.1130,5.0770,-54.140,-80.110,-22.980,317,100.0
27063.00,-4.2970,5.6870,4.6180,-68.560,-90.590,-58.540,317,100.0
27073.00,-3.9570,5.9940,4.4670,-83.050,-113.270,-87.680,317,100.0
27083.00,-3.3720,5.8310,5.1690,-82.050,-129.040,-115.420,318,100.0
27093.00,-3.0350,5.2860,6.3010,-67.310,-130.280,-137.150,318,100.0
27103.00,-3.0300,4.4020,7.5190,-54.280,-119.730,-156.650,318,100.0
27113.00,-3.6490,3.3540,8.4700,-40.780,-95.130,-169.810,318,100.0
27123.00,-3.9170,3.2140,9.5500,-26.190,-67.250,-172.990,318,100.0
27133.00,-3.6040,3.6020,10.8200,-14.060,-30.690,-172.000,319,100.0
27143.00,-2.8100,4.2540,10.6550,4.460,23.130,-175.580,319,100.0
27153.00,-2.0860,4.1490,9.3140,19.580,67.820,-188.710,319,100.0
27163.00,-1.8660,4.5710,8.1750,35.470,101.480,-209.310,319,100.0
27173.00,-1.8280,5.0390,7.2100,47.270,123.120,-233.720,319,100.0
27183.00,-2.0150,3.9580,7.6790,44.550,130.560,-252.300,320,100.0
27193.00,-2.2710,2.0960,7.6570,25.710,138.450,-246.720,320,100.0
27203.00,-4.0730,0.8720,5.4080,-20.990,130.350,-192.050,320,100.0
27213.00,-4.2590,1.4380,8.1910,-47.280,100.860,-148.510,320,100.0
27223.00,-5.7180,2.4930,10.4290,-59.210,114.970,-107.960,320,100.0
27233.00,-7.7350,3.4750,10.2230,-84.690,141.450,-83.800,321,100.0
27243.00,-11.0450,4.6430,9.9290,-102.660,160.960,-80.230,321,100.0
27253.00,-12.5700,4.2020,7.8420,-95.090,169.460,-99.550,321,100.0
27263.00,-13.2670,2.5430,6.2990,-73.420,147.800,-124.590,321,100.0
27273.00,-13.2770,0.2530,6.3580,-50.740,103.820,-142.020,321,100.0
27283.00,-13.1160,-0.7830,7.8430,-26.770,54.300,-124.150,322,100.0
27293.00,-12.9940,-0.4590,9.6690,-18.790,14.620,-83.800,322,100.0
27303.00,-12.7560,-0.0500,10.3220,-27.170,-3.500,-51.180,322,100.0
27313.00,-12.2360,0.2140,10.0910,-38.740,-11.270,-21.290,322,100.0
27323.00,-12.0170,0.1320,10.2430,-51.930,-21.540,11.810,322,100.0
27333.00,-11.8040,0.0950,10.2050,-65.630,-27.140,36.510,323,100.0
27343.00,-11.9340,-1.3430,11.1620,-108.860,-39.670,87.990,323,100.0
27353.00,-12.2020,-0.9110,11.3340,-132.260,-38.550,118.140,323,100.0
27363.00,-12.3050,-0.1280,10.7760,-150.880,-29.220,135.710,323,100.0
27373.00,-12.4340,-0.4420,10.1390,-161.080,-22.570,143.410,323,100.0
27383.00,-12.4900,-0.6770,8.7290,-180.190,-18.900,159.710,324,100.0
27393.00,-12.3860,-0.4150,7.5500,-194.260,-38.290,171.890,324,100.0
27403.00,-12.2280,-0.1920,6.7720,-213.020,-61.630,181.930,324,100.0
27413.00,-12.3320,-1.1380,6.4120,-230.220,-90.330,197.770,324,100.0
27423.00,-11.5210,-1.3060,6.2660,-243.800,-121.250,223.630,324,100.0
27433.00,-10.2640,-0.6020,5.5580,-258.800,-144.830,246.790,325,100.0
27443.00,-8.9950,-1.0790,5.5400,-277.160,-166.320,261.730,325,100.0
27453.00,-7.0800,-1.2370,5.5580,-291.240,-181.510,277.920,325,100.0
27463.00,-5.5460,-1.5180,5.0090,-318.400,-186.600,296.070,325,100.0
27473.00,-4.2690,-0.8370,4.5600,-327.680,-195.070,302.380,325,100.0
27483.00,-2.7550,1.4480,5.8490,-327.680,-215.110,264.950,326,100.0
27493.00,-1.3730,2.7460,6.4710,-327.680,-225.620,240.640,326,100.0
27503.00,1.6880,2.7170,5.6910,-327.680,-224.770,179.430,326,100.0
27513.00,1.5910,2.0920,4.8770,-295.720,-217.570,75.290,326,100.0
27523.00,0.7250,0.5300,5.4730,-243.350,-229.040,-2.950,326,100.0
27533.00,0.7400,-3.1410,11.4430,-204.860,-225.100,-37.300,327,100.0
27543.00,1.0280,-5.3400,10.2350,-200.980,-162.690,-32.210,327,100.0
27553.00,0.0010,-5.1910,7.6780,-189.780,-81.690,13.280,327,100.0
27563.00,-0.3190,-4.4510,6.4120,-190.570,-36.200,52.130,327,100.0
27574.00,-0.0190,-3.9680,4.6130,-188.920,-14.610,72.660,327,100.0
27584.00,-0.6060,-3.3930,4.3780,-195.780,-17.510,81.110,328,100.0
27594.00,-1.0040,-2.1490,4.1850,-183.640,-16.570,76.180,328,100.0
27604.00,-0.8410,-1.4590,7.1160,-163.740,-18.480,54.710,328,100.0
27614.00,-0.7950,-2.5910,6.5990,-148.410,-11.130,33.010,328,100.0
27624.00,-1.4000,-3.7900,5.4230,-103.100,28.500,25.710,328,100.0
27634.00,-1.9480,-3.3080,4.6740,-93.280,34.350,25.880,329,100.0
27644.00,-2.6000,-3.3810,5.2420,-88.560,29.690,16.520,329,100.0
27654.00,-2.9940,-3.3520,4.8650,-79.910,23.930,9.050,329,100.0
27664.00,-3.1570,-3.4870,4.3270,-71.670,20.070,2.430,329,100.0
27674.00,-3.8720,-2.7400,5.5520,-59.230,16.090,-8.110,329,100.0
27684.00,-3.8700,-3.1250,4.8050,-49.380,16.530,-20.430,330,100.0
27694.00,-4.6250,-3.1460,4.4320,-28.270,22.950,-26.590,330,100.0
27704.00,-4.3960,-3.1720,2.7840,-6.430,29.920,-34.940,330,100.0
27714.00,-4.4860,-3.6380,1.8040,18.270,24.340,-49.180,330,100.0
27724.00,-4.6080,-4.8430,1.6890,42.680,15.060,-58.280,330,100.0
27734.00,-5.2770,-4.3090,1.3990,72.330,16.430,-44.120,331,100.0
27744.00,-5.7890,-2.8110,1.1180,91.790,9.160,-37.300,331,100.0
27754.00,-5.6780,-2.3310,1.2880,103.000,-6.370,-55.950,331,100.0
27764.00,-6.3170,-1.7240,3.6470,119.660,-38.880,-91.790,331,100.0
27774.00,-6.1000,0.1530,6.3880,108.710,-40.530,-98.900,331,100.0
27784.00,-5.8620,2.4940,7.8500,101.690,-41.020,-97.920,332,100.0
27794.00,-4.3540,0.5490,6.6690,79.380,-64.310,-102.540,332,100.0
27804.00,-4.7430,-1.9260,8.6450,24.730,-109.830,-85.160,332,100.0
27814.00,-5.3580,-1.3890,5.5920,23.710,-80.780,-78.530,332,100.0
27824.00,-5.9710,-1.2630,3.6050,59.600,-68.740,-100.770,332,100.0
27834.00,-5.8000,-3.8230,3.7590,98.380,-80.160,-129.370,333,100.0
27844.00,-5.8160,-5.8160,3.5460,120.430,-84.710,-135.110,333,100.0
27854.00,-3.6330,-6.4890,5.5400,113.430,-96.820,-108.140,333,100.0
27864.00,-5.5540,-1.7550,7.8240,69.680,-144.690,-29.350,333,100.0
27874.00,-5.8870,-1.3000,5.9610,95.810,-109.930,-65.680,333,100.0
27884.00,-5.1780,-2.8820,5.2720,108.640,-119.400,-114.810,334,100.0
27894.00,-4.3080,-3.4310,7.8660,91.050,-172.230,-77.010,334,100.0
27904.00,-1.6860,-1.7860,10.7240,58.660,-199.250,-27.810,334,100.0
27914.00,-0.7890,-2.1400,10.1640,19.490,-200.970,-36.690,334,100.0
27924.00,-0.0640,-2.7520,9.7590,20.740,-204.010,-37.740,334,100.0
27934.00,0.9580,-3.5760,9.3400,11.850,-222.510,-28.390,335,100.0
27944.00,1.9420,-5.0940,9.2910,-8.060,-245.710,-15.530,335,100.0
27954.00,3.2910,-6.3920,8.1960,-36.090,-262.970,3.750,335,100.0
27964.00,5.4310,-6.7200,8.1710,-63.310,-285.960,34.490,335,100.0
27974.00,7.3120,-6.4680,8.2280,-79.950,-309.660,61.850,335,100.0
27984.00,9.5220,-6.2760,9.2720,-86.440,-325.150,71.960,336,100.0
27994.00,11.8700,-6.0370,11.3430,-91.430,-327.680,76.880,336,100.0
28004.00,13.8930,-4.9300,13.2610,-88.820,-308.870,77.160,336,100.0
28014.00,15.4630,-4.4350,14.0660,-67.890,-266.310,55.760,336,100.0
28024.00,15.7250,-4.6180,13.4350,-32.860,-217.240,15.960,336,100.0
28034.00,14.2330,-5.1490,11.3240,6.050,-170.660,-27.010,337,100.0
28044.00,8.3970,-5.1610,8.4620,47.320,-131.050,-56.570,337,100.0
28054.00,7.7670,-7.1520,8.1000,101.600,-57.330,-96.130,337,100.0
28064.00,7.8240,-8.2440,8.2380,105.510,-13.820,-86.960,337,100.0
28074.00,7.7300,-8.2570,7.1600,88.320,17.970,-59.280,337,100.0
28084.00,6.9280,-7.7080,4.7920,51.430,20.960,-25.770,338,100.0
28094.00,6.0700,-6.1490,2.8130,30.500,-0.640,6.420,338,100.0
28104.00,6.0820,-5.1290,3.3080,32.040,-36.430,22.820,338,100.0
28114.00,6.6080,-4.1410,4.6080,36.080,-71.380,29.700,338,100.0
28124.00,7.6180,-2.4950,4.8590,44.050,-102.970,28.180,338,100.0
28134.00,7.7090,-1.7560,4.7960,65.470,-129.480,8.400,339,100.0
28144.00,7.4780,-0.7010,4.8450,94.060,-151.270,-14.620,339,100.0
28154.00,6.8140,0.2910,6.7780,104.960,-173.650,-38.800,339,100.0
28164.00,7.4600,-0.2380,7.4960,97.740,-176.890,-60.010,339,100.0
28174.00,8.5080,1.9350,7.3280,92.010,-165.300,-70.970,339,100.0
28184.00,8.5140,1.3420,7.1150,95.290,-149.170,-102.590,340,100.0
28194.00,7.8310,-2.8120,6.1310,86.960,-101.130,-115.720,340,100.0
28204.00,6.7100,-1.9810,5.0930,70.720,-85.850,-110.640,340,100.0
28214.00,8.0920,-0.8090,5.1700,63.820,-63.430,-130.400,340,100.0
28224.00,10.2070,0.5620,5.5770,49.380,-38.500,-183.440,340,100.0
28234.00,9.4200,-1.8480,6.8920,42.540,-16.030,-236.830,341,100.0
28244.00,8.0210,-3.8090,8.0450,56.330,26.260,-205.370,341,100.0
28254.00,7.2190,-1.0620,5.0600,62.720,77.290,-148.560,341,100.0
28264.00,6.1020,0.7330,3.8700,49.730,85.710,-124.680,341,100.0
28274.00,5.8010,-0.7190,4.5870,40.670,61.230,-114.190,341,100.0
28284.00,7.2160,0.6060,5.1660,39.300,48.800,-104.900,342,100.0
28294.00,8.1880,0.3580,5.9400,58.010,59.930,-105.830,342,100.0
28304.00,5.1970,-2.0620,3.6400,65.220,58.670,-100.370,342,100.0
28314.00,6.9040,1.0260,5.9130,75.350,15.740,-42.510,342,100.0
28324.00,7.4120,1.1040,6.4670,58.270,4.510,-26.960,342,100.0
28334.00,5.4800,0.1050,4.6750,49.750,-14.570,-3.510,343,100.0
28344.00,5.2160,1.9360,5.3200,46.010,-32.930,3.760,343,100.0
28354.00,4.5110,1.9380,5.3190,52.360,-39.600,-16.260,343,100.0
28364.00,5.2550,1.3120,6.0840,55.880,-41.890,-36.410,343,100.0
28374.00,6.2870,1.8560,6.9160,63.860,-33.810,-46.170,343,100.0
28384.00,6.9700,2.6570,8.2890,67.360,-16.730,-48.390,344,100.0
28394.00,6.6340,1.6700,9.3160,58.620,11.950,-41.310,344,100.0
28404.00,6.8090,2.0090,8.6020,41.820,55.000,-15.280,344,100.0
28414.00,7.3860,2.5060,7.1600,31.080,78.870,-4.560,344,100.0
28424.00,7.2590,1.5450,7.2860,26.000,71.760,-5.960,344,100.0
28434.00,7.0280,1.5170,7.3260,24.430,64.640,-8.630,345,100.0
28444.00,6.4630,1.8140,6.0190,37.730,53.110,-35.830,345,100.0
28454.00,6.2100,0.9690,5.9950,48.930,34.910,-80.980,345,100.0
28464.00,5.7020,0.0020,6.1170,38.390,31.320,-109.030,345,100.0
28474.00,6.7750,0.7250,6.5930,-32.380,54.190,-106.950,345,100.0
28484.00,6.4910,2.0610,6.7710,-57.510,60.280,-70.500,346,100.0
28494.00,6.2780,3.8170,6.5350,-46.300,64.060,-49.650,346,100.0
28504.00,6.0620,4.6100,6.4680,-25.680,59.980,-54.480,346,100.0
28514.00,5.9710,3.9520,6.5910,-9.580,57.480,-62.590,346,100.0
28524.00,3.2200,0.6980,6.6180,-8.080,63.400,-60.960,346,100.0
28534.00,5.4670,-1.1380,6.2290,-33.170,86.340,-59.030,347,100.0
28545.00,4.1580,2.3880,7.1860,-18.050,85.640,-49.480,347,100.0
28554.00,5.5450,3.8230,4.8550,-44.200,82.540,-64.490,347,100.0
28564.00,7.1130,4.0960,5.8690,0.790,64.410,-92.930,347,100.0
28574.00,7.0600,1.6720,5.6390,59.760,36.460,-86.180,347,100.0
28584.00,6.6690,0.6440,7.7830,56.120,-6.520,-74.210,348,100.0
28595.00,4.1820,1.1560,7.7520,70.700,-18.490,-52.700,348,100.0
28605.00,4.1570,1.5850,9.2110,94.500,-33.890,-28.900,348,100.0
28615.00,6.6440,3.2110,10.2830,94.600,-15.540,5.510,348,100.0
28625.00,6.5140,4.5460,9.2470,81.160,-3.300,4.390,348,100.0
28635.00,7.2840,4.2780,9.1760,71.450,0.450,-9.790,349,100.0
28645.00,7.4350,4.2560,8.5430,61.580,7.990,-25.190,349,100.0
28655.00,7.1430,4.4020,7.5550,58.340,15.780,-43.580,349,100.0
28665.00,6.9530,4.1920,8.4080,63.190,16.850,-61.620,349,100.0
28675.00,7.0690,3.4140,8.5480,66.900,19.630,-68.940,349,100.0
28685.00,6.9540,3.1830,8.7460,69.790,25.330,-63.780,350,100.0
28695.00,6.8080,3.1590,8.7240,63.790,29.800,-50.690,350,100.0
28705.00,6.5750,3.4660,8.6710,54.840,33.580,-35.290,350,100.0
28715.00,6.6060,4.3190,9.1680,42.890,35.450,-18.520,350,100.0
28725.00,6.9140,5.8670,9.7730,25.480,32.930,4.270,350,100.0
28735.00,6.2510,6.9200,10.1760,9.960,32.950,16.430,351,100.0
28745.00,4.8760,6.6950,10.7760,6.160,51.390,-0.950,351,100.0
28755.00,7.6790,4.8310,8.0140,74.670,58.850,-94.960,351,100.0
28765.00,7.0060,3.1360,10.0530,52.740,8.990,-55.110,351,100.0
28775.00,4.9740,4.3200,8.3970,62.910,17.740,-21.290,351,100.0
28785.00,4.3740,4.6160,7.6230,53.920,16.850,-13.900,352,100.0
28795.00,3.7550,4.6040,7.7770,40.440,17.650,-14.020,352,100.0
28805.00,3.6050,3.1700,6.8170,24.180,28.660,-12.010,352,100.0
28815.00,3.2990,3.6410,6.0050,0.860,37.290,10.970,352,100.0
28825.00,4.6400,4.1610,7.0390,-23.320,33.540,37.750,352,100.0
28835.00,5.2000,6.5890,9.6870,-11.730,24.320,30.360,353,100.0
28845.00,4.9530,5.2770,8.4320,-12.980,31.250,4.180,353,100.0
28855.00,4.0540,4.5850,8.1550,-15.320,23.900,-12.800,353,100.0
28865.00,3.7320,4.4610,8.4020,-11.730,21.850,-30.250,353,100.0
28875.00,4.0040,4.2470,8.4650,-6.220,22.940,-45.330,353,100.0
28885.00,4.5240,3.8480,8.3660,-5.170,22.940,-51.820,354,100.0
28895.00,4.5200,4.2600,8.1600,-10.110,21.820,-44.140,354,100.0
28905.00,3.9680,4.1580,7.7190,-17.810,20.910,-39.010,354,100.0
28915.00,3.7950,4.6000,8.4450,-18.240,21.430,-42.360,354,100.0
28925.00,3.4490,4.8630,8.0370,-14.390,28.340,-52.730,354,100.0
28935.00,4.4350,4.3420,8.5630,-27.010,28.200,-56.620,355,100.0
28945.00,4.2050,4.5940,8.2220,-32.400,35.400,-55.500,355,100.0
28955.00,4.4330,4.5820,8.7380,-39.840,37.270,-50.980,355,100.0
28965.00,4.2540,5.1790,8.6790,-48.310,37.500,-37.740,355,100.0
28975.00,3.6020,5.8580,8.0110,-48.270,33.030,-28.850,355,100.0
28985.00,3.2190,6.8500,8.8970,-36.640,26.820,-33.990,356,100.0
28995.00,5.0350,8.3500,10.1070,-17.260,14.920,-42.580,356,100.0
29005.00,4.4060,8.3790,10.8630,0.610,-7.750,-34.430,356,100.0
29015.00,3.1750,6.9020,10.8840,8.780,-10.970,-35.370,356,100.0
29025.00,3.2700,6.5040,10.2780,9.660,-1.850,-47.470,356,100.0
29035.00,3.0080,6.3340,9.2240,5.740,-0.570,-52.090,357,100.0
29045.00,3.3150,6.6020,9.5410,5.280,-7.350,-59.190,357,100.0
29055.00,3.6520,6.2080,10.0680,6.370,-9.970,-66.890,357,100.0
29065.00,3.5520,6.1710,10.8570,-0.970,-8.680,-67.490,357,100.0
29075.00,3.2310,6.4740,10.6800,-8.620,-3.200,-69.180,357,100.0
29085.00,3.5270,6.8420,10.9740,-11.100,-2.780,-68.730,358,100.0
29095.00,3.6500,7.6820,10.8570,-14.620,-8.750,-63.250,358,100.0
29105.00,3.0260,8.2240,11.8680,-14.590,-14.260,-57.280,358,100.0
29115.00,2.5050,7.9830,11.2910,-14.550,-1.830,-57.130,358,100.0
29125.00,3.0230,7.4700,10.8590,-10.610,11.610,-62.310,358,100.0
29135.00,2.5380,6.4570,9.7190,-8.950,30.230,-66.870,359,100.0
29145.00,3.1350,6.2630,9.8410,-9.350,39.390,-68.760,359,100.0
29155.00,2.5470,5.8150,8.7960,-12.330,49.590,-68.120,359,100.0
29165.00,2.7880,5.9530,9.1380,-12.980,50.170,-66.210,359,100.0
29175.00,2.3150,6.4090,9.3570,-16.950,56.170,-66.540,359,100.0
29185.00,2.0970,7.5480,9.4880,-18.680,58.850,-64.090,360,100.0
29195.00,1.8100,8.1470,9.2420,-21.670,58.440,-54.430,360,100.0
29205.00,1.6240,7.8600,8.7190,-18.630,53.820,-48.250,360,100.0
29215.00,1.7950,7.8830,7.8220,-6.100,39.330,-39.030,360,100.0
29225.00,1.4210,8.9880,9.1280,10.710,28.750,-30.250,360,100.0
29235.00,1.4620,7.0220,8.0910,28.310,29.880,-34.080,361,100.0
29245.00,1.3790,7.2320,8.5690,38.170,19.020,-28.270,361,100.0
29255.00,2.8590,7.5670,10.7410,60.020,7.660,-28.760,361,100.0
29265.00,1.8100,8.1460,6.6170,77.370,13.520,-20.600,361,100.0
29275.00,0.4960,7.7400,5.1760,61.910,31.280,-3.470,361,100.0
29285.00,4.4010,11.8690,11.8360,113.450,-22.100,12.880,362,100.0
29295.00,5.2220,12.1730,9.0300,270.900,-199.090,54.880,362,100.0
29305.00,4.5730,6.4120,2.6620,327.670,-285.160,77.400,362,100.0
29315.00,2.1990,5.3930,9.4580,323.520,-271.230,103.900,362,100.0
29325.00,5.3770,6.3080,3.7920,62.090,100.670,87.760,362,100.0
29335.00,4.7970,4.0650,5.7880,50.000,36.990,55.480,363,100.0
29345.00,3.5460,5.5750,5.1880,26.180,-6.930,62.580,363,100.0
29355.00,3.7850,6.1100,4.1310,-12.520,10.410,76.860,363,100.0
29365.00,4.5200,7.2570,5.6540,-25.560,14.220,85.650,363,100.0
29375.00,5.1910,7.3450,6.4050,-10.950,12.120,83.770,363,100.0
29385.00,5.1920,6.6350,6.4840,29.470,-1.380,67.360,364,100.0
29395.00,5.2720,5.6820,6.0690,73.870,-17.550,46.880,364,100.0
29405.00,5.3730,4.7340,5.2160,106.220,-32.700,31.640,364,100.0
29415.00,4.9410,3.7140,4.2800,117.020,-44.290,26.950,364,100.0
29425.00,4.3170,3.0420,3.2270,106.450,-45.150,31.590,364,100.0
29435.00,5.1140,2.0150,3.1290,75.390,-38.360,45.800,365,100.0
29445.00,4.4170,5.1260,2.7490,40.560,-36.010,61.040,365,100.0
29455.00,4.4440,6.7640,2.8890,28.020,-33.600,60.450,365,100.0
29465.00,4.8090,7.7330,2.8880,35.230,-16.900,58.190,365,100.0
29475.00,4.6710,8.1220,2.9830,51.270,-11.600,56.020,365,100.0
29485.00,4.7470,7.6920,3.0440,67.710,-4.770,50.100,366,100.0
29495.00,4.8590,7.0850,3.2540,84.910,-1.570,38.450,366,100.0
29505.00,5.0010,6.6250,3.0600,105.090,-1.610,23.520,366,100.0
29515.00,5.1290,6.2240,2.6420,118.960,-4.790,12.510,366,100.0
29525.00,4.9950,6.1610,2.3380,124.510,-8.970,8.140,366,100.0
29535.00,4.7220,6.0110,1.8960,124.740,-11.550,6.510,367,100.0
29545.00,4.4110,6.1670,1.7120,120.030,-12.930,7.330,367,100.0
29555.00,3.8710,6.1860,1.1850,110.110,-8.970,9.210,367,100.0
29565.00,3.4120,6.3060,0.7440,96.970,0.060,12.160,367,100.0
29575.00,3.3230,6.4740,0.2330,76.930,15.500,17.610,367,100.0
29585.00,3.4550,6.5340,-0.0340,53.580,31.340,25.410,368,100.0
29595.00,3.9730,6.4370,0.3000,29.100,43.270,34.160,368,100.0
29605.00,4.3870,6.2400,1.0520,-12.170,56.750,53.040,368,100.0
29615.00,4.4370,6.1200,1.2990,-22.880,60.560,56.230,368,100.0
29626.00,4.5960,6.1300,1.2940,-26.660,62.680,53.660,368,100.0
29636.00,4.6680,6.2420,1.4270,-28.530,62.350,49.230,369,100.0
29646.00,4.9660,7.0500,1.6970,-26.800,60.490,47.600,369,100.0
29656.00,5.0210,7.3250,1.8050,-21.530,59.580,47.290,369,100.0
29666.00,4.9790,7.3600,1.6650,-11.910,58.150,47.090,369,100.0
29676.00,5.0440,8.0840,1.7470,0.580,56.470,46.760,369,100.0
29686.00,5.4640,8.2220,1.9450,17.040,56.710,44.330,370,100.0
29696.00,5.8010,7.9190,2.0840,33.970,56.710,45.640,370,100.0
29706.00,5.8280,7.8540,2.3670,49.090,55.150,47.080,370,100.0
29716.00,5.9620,7.5230,2.6290,59.270,54.870,45.130,370,100.0
29726.00,6.1780,6.7930,2.6770,64.680,56.680,41.530,370,100.0
29736.00,6.3390,6.3600,2.5470,65.900,58.340,38.410,371,100.0
29746.00,6.3620,6.5460,2.2360,57.350,66.560,35.750,371,100.0
29756.00,6.3320,6.8130,2.2150,51.990,70.450,38.850,371,100.0
29766.00,6.3900,7.2280,2.3610,48.600,74.820,43.930,371,100.0
29776.00,6.8790,7.8470,3.1510,46.230,79.040,48.580,371,100.0
29786.00,7.5250,8.0630,3.7840,47.140,80.490,52.970,372,100.0
29796.00,7.5030,7.8900,4.0400,55.230,77.640,55.200,372,100.0
29806.00,7.3720,7.6570,4.1310,65.800,75.260,52.920,372,100.0
29816.00,7.3070,7.4750,4.1190,72.340,75.170,49.770,372,100.0
29826.00,7.1290,7.1670,3.9670,76.040,75.350,47.160,372,100.0
29836.00,7.1350,7.0240,3.8960,76.300,75.940,45.590,373,100.0
29846.00,7.1330,7.3490,4.2460,71.940,77.290,49.880,373,100.0
29856.00,6.9900,8.0190,4.1970,64.140,78.710,58.710,373,100.0
29866.00,6.8940,8.6290,4.4170,58.080,79.440,66.270,373,100.0
29876.00,7.0060,9.0060,4.7640,54.270,80.830,73.400,373,100.0
29886.00,6.8840,9.3210,5.2980,54.390,81.840,83.350,374,100.0
29896.00,7.1120,9.5670,5.8430,66.530,76.430,84.420,374,100.0
29906.00,6.9430,9.3600,6.0780,71.350,72.920,84.720,374,100.0
29916.00,6.9990,8.2270,5.8090,76.050,69.980,80.030,374,100.0
29926.00,7.0390,6.7620,5.3380,76.890,67.770,74.660,374,100.0
29936.00,6.9990,5.6910,5.1200,74.080,65.020,71.750,375,100.0
29946.00,7.0700,5.3680,4.7660,65.240,65.230,71.350,375,100.0
29956.00,7.1530,5.8360,4.8140,56.140,65.010,73.680,375,100.0
29966.00,7.2270,6.3740,4.6190,48.370,65.430,76.900,375,100.0
29976.00,7.0190,6.9490,4.6660,41.810,64.180,82.430,375,100.0
29986.00,6.9330,7.6070,4.6580,39.860,64.180,86.710,376,100.0
29996.00,7.4220,8.1090,4.9440,39.580,63.800,90.860,376,100.0
30006.00,7.3280,8.1160,4.8980,44.010,59.630,94.030,376,100.0
30016.00,7.1130,7.7760,4.6880,51.900,55.870,92.560,376,100.0
30026.00,6.7310,6.2650,3.8580,55.790,54.520,89.180,376,100.0
30036.00,6.5320,6.2950,4.0030,53.620,56.410,83.790,377,100.0
30046.00,6.5220,6.0310,3.6430,41.840,61.030,86.840,377,100.0
30056.00,6.1170,6.0090,4.1800,28.100,62.630,93.850,377,100.0
30066.00,6.3150,6.5560,4.3360,15.520,66.650,102.550,377,100.0
30076.00,6.2990,7.1330,4.8470,9.520,63.240,110.830,377,100.0
30086.00,6.1410,7.3020,5.9910,9.450,58.720,113.610,378,100.0
30096.00,6.2790,6.6070,5.7900,9.500,63.780,112.110,378,100.0
30106.00,5.6150,5.4580,5.6940,8.100,63.330,112.320,378,100.0
30116.00,5.0450,3.6890,5.6120,3.990,63.590,106.930,378,100.0
30126.00,4.7940,2.5350,5.7640,-0.520,64.600,98.680,378,100.0
30136.00,4.7860,2.9880,6.2840,-6.850,65.340,88.600,379,100.0
30146.00,5.2340,3.4610,6.6250,-14.550,66.440,75.900,379,100.0
30156.00,5.3270,3.7310,6.5800,-19.520,63.500,67.380,379,100.0
30166.00,5.1480,4.5510,6.5350,-24.600,57.270,66.340,379,100.0
30176.00,5.2470,5.7940,6.4700,-29.640,47.540,69.880,379,100.0
30186.00,5.2480,5.9360,6.6520,-30.740,41.700,77.000,380,100.0
30196.00,4.7300,5.2550,6.2210,-26.680,38.560,80.050,380,100.0
30206.00,4.4960,3.9130,6.2030,-22.780,37.250,74.080,380,100.0
30216.00,4.6670,2.2240,5.6860,-19.240,41.870,62.110,380,100.0
30226.00,4.9930,1.5400,6.0260,-20.290,43.570,52.480,380,100.0
30236.00,5.0870,1.4380,6.3320,-27.380,42.850,46.550,381,100.0
30246.00,5.0990,1.4220,6.1230,-34.010,43.270,41.160,381,100.0
30256.00,5.0810,1.2130,5.7120,-39.610,43.430,36.860,381,100.0
30266.00,4.8530,0.9170,5.5190,-43.530,44.020,36.120,381,100.0
30276.00,5.0650,1.1280,5.2520,-41.260,44.500,36.310,381,100.0
30286.00,5.0790,1.3600,5.2510,-38.960,44.810,37.520,382,100.0
30296.00,5.4000,1.7200,5.7510,-36.370,43.800,39.850,382,100.0
30306.00,5.4680,1.1400,5.7690,-29.250,43.110,36.100,382,100.0
30316.00,5.1210,0.5310,6.0010,-18.610,36.110,27.650,382,100.0
30326.00,4.8840,0.2410,5.8040,-18.310,35.900,21.810,382,100.0
30336.00,4.4970,-0.1420,5.6610,-22.920,37.200,15.380,383,100.0
30346.00,3.9880,-0.4510,5.7820,-31.420,40.730,11.530,383,100.0
30356.00,3.9920,0.2100,6.0950,-38.090,46.930,9.500,383,100.0
30366.00,4.2890,0.3150,6.5530,-44.490,53.560,8.520,383,100.0
30376.00,4.4570,0.1130,7.0690,-49.450,57.550,9.290,383,100.0
30386.00,4.6380,-0.2910,7.4160,-51.250,62.070,8.070,384,100.0
30396.00,4.9970,-0.5730,7.7410,-48.590,65.250,-0.950,384,100.0
30406.00,5.5690,-0.6670,8.3430,-44.390,63.780,-15.130,384,100.0
30416.00,6.4310,-0.8740,8.9940,-46.100,59.230,-28.860,384,100.0
30426.00,6.6580,-1.0250,8.9670,-50.670,51.970,-37.510,384,100.0
30436.00,6.4680,-0.3200,8.5890,-58.650,44.570,-41.730,385,100.0
30446.00,6.4960,0.2600,8.2390,-67.300,40.960,-46.240,385,100.0
30456.00,6.8210,2.4140,7.1220,-71.370,40.870,-48.360,385,100.0
30466.00,7.3050,3.4670,6.7830,-64.010,45.550,-47.730,385,100.0
30476.00,7.8320,3.8960,6.5260,-46.440,48.420,-49.670,385,100.0
30486.00,8.1220,4.0050,6.2100,-24.420,49.010,-49.020,386,100.0
30496.00,8.0060,3.6080,5.7100,-7.080,49.200,-43.480,386,100.0
30506.00,7.8960,3.1480,5.6700,-0.550,49.890,-36.020,386,100.0
30516.00,7.7940,2.0550,5.4050,-4.030,52.530,-31.330,386,100.0
30526.00,7.4050,0.7760,5.3930,-17.600,55.240,-27.950,386,100.0
30536.00,7.5540,0.0320,5.6740,-37.040,57.320,-25.540,387,100.0
30546.00,7.5440,-0.2350,5.9830,-48.150,57.590,-19.800,387,100.0
30556.00,7.6250,0.9060,6.3330,-52.740,54.890,-14.830,387,100.0
30566.00,7.7810,1.5900,6.4030,-54.310,54.490,-21.530,387,100.0
30576.00,7.9560,2.0610,6.3680,-45.420,50.640,-34.480,387,100.0
30586.00,7.9150,2.7230,6.0720,-33.380,44.300,-46.540,388,100.0
30596.00,8.0270,4.5580,6.4780,-23.630,34.260,-50.090,388,100.0
30606.00,7.7000,5.6990,6.9510,-21.340,29.170,-43.840,388,100.0
30616.00,7.4210,6.2540,7.1410,-21.040,26.930,-39.730,388,100.0
30626.00,7.7270,6.4790,7.3620,-23.350,27.100,-35.160,388,100.0
30636.00,7.4840,6.6050,7.3370,-16.580,26.940,-27.990,389,100.0
30647.00,7.4730,7.3730,7.4890,-1.200,25.440,-18.680,389,100.0
30657.00,7.4890,7.2000,7.4790,12.420,29.310,-10.160,389,100.0
30667.00,7.6450,6.5120,7.5500,26.690,34.350,-4.150,389,100.0
30677.00,8.3180,6.3250,8.3120,34.090,34.070,8.560,389,100.0
30687.00,7.9740,5.7870,8.7730,36.400,28.220,25.760,390,100.0
30697.00,7.2340,5.2040,8.3890,41.890,23.130,37.070,390,100.0
30707.00,6.4700,4.3470,7.8910,43.610,20.470,42.670,390,100.0
30717.00,5.7730,3.8910,7.5600,39.460,21.540,48.930,390,100.0
30727.00,4.9550,4.1220,7.5320,30.680,25.070,57.380,390,100.0
30737.00,5.0900,5.6720,7.1480,13.260,39.680,66.920,391,100.0
30747.00,5.4960,7.3850,7.9630,3.150,44.090,83.530,391,100.0
30757.00,5.7290,8.4050,9.6270,-3.460,44.320,98.540,391,100.0
30767.00,5.4130,7.6350,10.1650,4.230,40.720,101.270,391,100.0
30777.00,4.5080,5.7330,9.5090,14.170,36.150,101.310,391,100.0
30787.00,3.5550,4.4550,8.9640,14.580,31.720,105.810,392,100.0
30797.00,3.5580,3.4730,8.7850,5.580,29.810,106.630,392,100.0
30807.00,3.5760,3.3080,9.2440,-2.110,26.230,104.420,392,100.0
30817.00,3.5970,3.2600,9.5620,-7.380,21.030,99.560,392,100.0
30827.00,3.2960,2.7030,9.2530,-11.050,17.090,93.700,392,100.0
30837.00,2.6330,2.8530,8.9560,-14.640,12.610,97.340,393,100.0
30847.00,2.6630,2.6300,8.0700,-18.420,14.450,101.610,393,100.0
30857.00,2.5260,1.7210,7.9470,-22.130,15.450,103.950,393,100.0
30867.00,2.3120,0.7890,7.6730,-23.510,16.670,102.640,393,100.0
30877.00,1.0970,-1.0100,8.3300,-24.880,16.290,89.090,393,100.0
30887.00,1.2990,-1.3780,8.7020,-37.140,20.030,74.940,394,100.0
30897.00,1.8400,-1.4030,9.0560,-43.790,19.030,65.890,394,100.0
30907.00,2.1970,-1.4470,8.8290,-44.160,14.500,61.200,394,100.0
30917.00,2.1280,-1.6910,8.3790,-37.510,7.330,55.200,394,100.0
30927.00,2.0860,-2.1810,7.8120,-25.260,0.620,44.500,394,100.0
30937.00,2.5840,-2.5660,7.0310,-12.490,0.240,36.730,395,100.0
30947.00,2.9120,-2.6870,6.8900,-7.010,-0.030,41.230,395,100.0
30957.00,2.5360,-2.6440,6.9990,-3.040,0.610,49.230,395,100.0
30967.00,2.1820,-2.9150,7.1600,1.590,6.030,46.520,395,100.0
30977.00,2.9320,-2.8550,8.0020,4.620,12.330,39.080,395,100.0
30987.00,3.5910,-2.2560,9.2330,8.010,13.010,34.480,396,100.0
30997.00,3.8050,-2.3350,9.6930,14.700,8.250,25.320,396,100.0
31007.00,3.2960,-2.9750,9.5040,24.870,1.270,13.930,396,100.0
31017.00,2.0720,-2.6410,9.8660,30.660,-3.880,6.930,396,100.0
31027.00,1.8850,-2.4090,10.1310,15.220,4.790,0.000,396,100.0
31037.00,1.8260,-2.2240,10.4320,-2.250,12.860,2.640,397,100.0
31047.00,1.6360,-1.8060,10.8340,-15.640,19.930,6.040,397,100.0
31057.00,1.3510,-2.0780,10.9970,-18.940,25.530,0.020,397,100.0
31067.00,1.4810,-2.5020,10.7100,-19.680,30.650,-10.610,397,100.0
31077.00,1.7410,-2.9350,10.6910,-25.870,33.540,-21.060,397,100.0
31087.00,2.1320,-2.7130,10.6830,-34.430,35.290,-29.510,398,100.0
31097.00,2.6360,-2.2000,10.4910,-44.630,36.710,-34.690,398,100.0
31107.00,3.0140,-1.6940,10.1820,-53.230,35.340,-37.300,398,100.0
31117.00,2.9610,-1.2460,9.6920,-58.650,32.260,-37.580,398,100.0
31127.00,2.7260,-0.6220,8.8940,-58.070,30.970,-41.080,398,100.0
31137.00,2.7140,-0.2560,7.9770,-50.570,33.230,-51.260,399,100.0
31147.00,3.1470,0.1710,7.7680,-41.310,35.540,-58.950,399,100.0
31157.00,3.7860,0.7110,8.0110,-34.360,38.090,-59.160,399,100.0
31167.00,4.0090,0.2060,8.3820,-26.780,44.430,-46.240,399,100.0
31177.00,4.3400,-0.2720,8.9440,-23.860,48.630,-43.620,399,100.0
31187.00,5.2860,-0.2140,9.8330,-19.260,49.410,-44.630,400,100.0
31197.00,6.2390,0.2050,11.0170,-11.870,43.780,-46.470,400,100.0
31207.00,6.8250,0.4160,11.4860,-1.200,32.840,-48.200,400,100.0
31217.00,6.8730,0.2410,10.9600,13.400,15.780,-46.140,400,100.0
31227.00,6.4120,-0.4820,9.8150,27.420,-1.570,-42.080,400,100.0
31237.00,5.8770,-0.5140,8.7300,38.600,-13.140,-38.940,401,100.0
31247.00,5.4260,0.4830,8.1400,46.370,-16.360,-35.340,401,100.0
31257.00,5.0990,1.6060,7.9860,53.250,-6.940,-32.210,401,100.0
31267.00,4.7780,1.2170,8.2330,59.810,10.020,-31.020,401,100.0
31277.00,3.9060,0.3970,8.8880,64.700,27.540,-27.670,401,100.0
31287.00,4.2810,0.0440,9.4020,55.820,46.720,-21.790,402,100.0
31297.00,4.7770,1.7140,9.8770,47.160,54.120,-13.410,402,100.0
31307.00,3.8650,6.2410,11.0790,172.650,-12.300,-100.740,402,100.0
31317.00,4.2110,3.7860,10.4200,204.240,-4.860,-102.910,402,100.0
31327.00,3.9090,2.9750,10.5610,169.380,-2.380,-48.030,402,100.0
31337.00,1.9160,3.8400,10.2360,127.630,7.520,5.440,403,100.0
31347.00,1.8170,2.4230,8.3530,82.440,36.600,30.420,403,100.0
31357.00,1.9880,1.4050,6.6520,48.180,55.570,43.230,403,100.0
31367.00,2.1730,-0.2520,6.7560,33.300,53.770,39.550,403,100.0
31377.00,1.3060,-4.4020,5.8820,1.070,64.990,37.210,403,100.0
31387.00,1.2350,-6.1190,5.4200,-48.150,79.080,25.970,404,100.0
31397.00,2.1770,-4.1820,6.2270,-76.520,77.710,0.560,404,100.0
31407.00,2.9460,-0.4030,8.2200,-88.140,61.680,-13.100,404,100.0
31417.00,3.1990,1.9450,10.1630,-86.490,45.390,-12.130,404,100.0
31427.00,2.9310,2.2040,11.4490,-76.710,37.020,-9.090,404,100.0
31437.00,3.3660,2.1530,11.9730,-61.560,29.010,-15.270,405,100.0
31447.00,3.3810,3.7550,12.8020,-15.460,15.290,-50.020,405,100.0
31457.00,3.4990,3.5770,12.7350,-8.860,19.800,-51.160,405,100.0
31467.00,1.9720,2.7580,12.2080,-7.500,26.350,-41.520,405,100.0
31477.00,0.2000,2.0760,10.5960,-18.520,46.740,-36.270,405,100.0
31487.00,-0.9790,1.0610,8.6440,-28.900,75.540,-30.330,406,100.0
31497.00,-2.0530,0.5930,7.2460,-26.640,95.950,-17.680,406,100.0
31507.00,-2.6420,-0.1040,7.1220,-14.760,113.810,-3.450,406,100.0
31517.00,-2.8030,-1.1440,7.9340,9.310,126.060,2.170,406,100.0
31527.00,-1.2210,-2.6970,10.2460,34.180,125.980,-8.130,406,100.0
31537.00,1.4970,-3.4420,13.0700,43.820,122.200,-9.110,407,100.0
31547.00,3.7410,-1.8920,14.6470,60.040,103.940,-5.310,407,100.0
31557.00,4.9130,1.5130,14.8840,105.090,58.860,-25.840,407,100.0
31567.00,4.9170,4.9020,14.1610,160.070,10.200,-65.040,407,100.0
31577.00,3.4930,5.7630,10.8800,201.910,-15.030,-97.620,407,100.0
31587.00,1.3680,4.0600,6.6290,191.990,-5.670,-90.410,408,100.0
31597.00,0.9050,1.9420,5.3580,154.770,12.750,-59.770,408,100.0
31607.00,0.7470,0.7500,5.7820,125.680,20.280,-35.090,408,100.0
31617.00,2.3160,0.6410,7.0980,102.290,15.150,-25.730,408,100.0
31627.00,3.2360,-0.6960,7.7510,80.340,-2.290,-19.330,408,100.0
31637.00,3.5850,-0.8510,7.7080,49.860,-19.490,-6.850,409,100.0
31647.00,3.5000,-0.0220,6.2820,25.060,-37.970,3.500,409,100.0
31657.00,2.1720,0.7900,5.1310,10.920,-52.200,8.910,409,100.0
31667.00,1.9630,2.2400,5.3490,-9.140,-51.800,10.780,409,100.0
31678.00,1.5900,4.5270,6.4050,-36.440,-38.340,18.180,409,100.0
31688.00,2.2700,5.2360,8.3520,-66.070,-20.720,22.750,410,100.0
31698.00,2.8550,4.3750,10.0520,-86.410,-13.510,32.570,410,100.0
31708.00,2.4100,3.0930,11.4000,-87.810,-24.930,36.520,410,100.0
31718.00,1.8790,2.6300,12.1620,-79.300,-45.010,24.030,410,100.0
31728.00,1.6390,3.2200,14.1770,-86.480,-84.210,-5.310,410,100.0
31738.00,0.6990,5.6120,14.0670,-93.770,-109.460,-8.980,411,100.0
31748.00,-0.2760,7.4730,12.8330,-96.640,-131.160,-5.130,411,100.0
31758.00,-1.0440,7.7060,11.3820,-101.840,-144.670,4.030,411,100.0
31768.00,-1.4020,7.8250,9.0860,-102.520,-146.210,17.690,411,100.0
31778.00,-2.1240,5.7580,6.7030,-93.040,-136.460,22.630,411,100.0
31788.00,-2.9860,2.1460,5.5280,-77.390,-119.770,-0.780,412,100.0
31798.00,-1.4780,-1.6400,4.9800,-75.220,-87.150,-46.560,412,100.0
31808.00,0.9910,-1.2690,6.5300,-99.860,-56.490,-61.620,412,100.0
31818.00,3.3640,1.9400,9.1010,-134.220,-37.880,-46.960,412,100.0
31828.00,5.6730,3.7750,11.6780,-142.760,-32.420,-34.200,412,100.0
31838.00,7.1010,1.5610,12.3900,-120.340,-35.560,-37.670,413,100.0
31848.00,7.1700,-0.8080,12.4280,-88.300,-44.600,-55.100,413,100.0
31858.00,7.4910,0.0090,12.3800,-63.900,-48.860,-81.710,413,100.0
31868.00,10.7900,4.7920,12.3450,-49.880,-52.020,-100.070,413,100.0
31878.00,9.6280,6.4770,9.8840,-20.330,-68.750,-75.050,413,100.0
31888.00,7.8280,6.6490,6.4590,-5.450,-55.800,-45.000,414,100.0
31898.00,6.5500,7.6480,5.1520,4.340,-21.350,-20.290,414,100.0
31908.00,6.6730,6.2870,4.7700,21.140,27.780,-5.540,414,100.0
31918.00,7.3120,2.7550,7.4180,38.640,65.510,-1.060,414,100.0
31928.00,9.4440,-0.0400,11.2630,40.200,75.450,1.470,414,100.0
31938.00,8.6520,-3.6160,12.4670,33.830,65.930,0.720,415,100.0
31948.00,7.7770,-6.4470,11.9210,30.050,52.060,-19.610,415,100.0
31958.00,6.7090,-7.1780,10.5390,22.730,35.710,-45.910,415,100.0
31968.00,5.3610,-4.9250,9.0810,13.350,15.100,-60.290,415,100.0
31978.00,4.0480,-2.9210,7.6600,18.460,-3.440,-70.620,415,100.0
31988.00,2.7860,-1.9830,6.3170,41.510,-19.530,-81.420,416,100.0
31998.00,1.5980,-1.3130,5.9110,59.920,-28.140,-85.550,416,100.0
32008.00,1.5230,0.4610,6.3290,61.950,-27.120,-82.240,416,100.0
32018.00,1.7370,2.0370,7.1890,52.900,-26.090,-64.740,416,100.0
32028.00,2.5360,3.2180,8.3370,60.370,-33.230,-64.490,416,100.0
32038.00,3.9240,2.7150,9.8640,66.760,-52.270,-76.530,417,100.0
32048.00,4.2790,-0.1110,9.0520,65.450,-76.700,-90.180,417,100.0
32058.00,3.2370,-0.4190,8.6820,51.680,-102.600,-92.910,417,100.0
32068.00,2.8770,0.0000,6.7380,28.580,-113.220,-96.450,417,100.0
32078.00,2.3560,3.5500,6.9890,9.400,-117.680,-88.290,417,100.0
32088.00,2.9260,5.2240,5.9550,-3.440,-104.280,-84.550,418,100.0
32098.00,3.2200,6.0640,5.9310,3.250,-88.250,-80.840,418,100.0
32108.00,3.5130,5.0970,6.0980,15.310,-74.490,-78.320,418,100.0
32118.00,3.7470,3.8650,6.5520,7.190,-58.620,-59.210,418,100.0
32128.00,4.2530,4.0040,8.4280,-13.520,-46.930,-32.800,418,100.0
32138.00,4.4670,1.8600,9.2070,-23.090,-43.170,-25.890,419,100.0
32148.00,3.9310,0.5740,10.9010,-27.570,-52.790,-27.320,419,100.0
32158.00,3.5160,0.9210,10.5360,-52.910,-62.700,-46.590,419,100.0
32168.00,4.5940,4.6080,11.6430,-66.680,-67.340,-47.100,419,100.0
32178.00,5.5220,6.2710,11.3620,-53.120,-67.370,-58.320,419,100.0
32188.00,5.0820,5.3570,9.6990,-16.980,-74.070,-76.240,420,100.0
32198.00,4.7330,4.7780,8.5260,7.510,-78.080,-82.960,420,100.0
32208.00,5.4360,4.6800,7.2590,9.870,-67.070,-77.600,420,100.0
32218.00,5.8430,4.4630,6.8550,0.700,-55.890,-63.550,420,100.0
32228.00,6.4880,3.9030,7.1790,-14.480,-45.690,-49.370,420,100.0
32238.00,6.7330,3.8590,7.5670,-30.810,-35.680,-34.290,421,100.0
32248.00,6.7270,3.3530,7.5970,-46.160,-25.980,-21.360,421,100.0
32258.00,6.0930,2.7420,7.5120,-58.130,-16.690,-8.350,421,100.0
32268.00,5.3490,2.7400,7.2820,-68.450,-5.280,1.930,421,100.0
32278.00,5.3410,2.9150,7.4080,-74.160,9.320,10.010,421,100.0
32288.00,5.2160,2.1890,7.4340,-62.710,20.560,8.400,422,100.0
32298.00,5.4520,-0.1850,7.1460,-40.380,27.730,-1.580,422,100.0
32308.00,4.0900,-0.6560,6.2580,-44.340,30.320,7.950,422,100.0
32318.00,3.8910,0.1190,5.8750,-53.610,43.690,12.580,422,100.0
32328.00,4.1690,0.0930,6.5690,-53.720,58.200,13.390,422,100.0
32338.00,4.5020,-0.4410,6.9990,-54.350,61.280,14.190,423,100.0
32348.00,5.2310,1.1100,7.3720,-74.030,63.220,30.610,423,100.0
32358.00,5.9730,3.3260,8.4210,-86.720,61.590,51.780,423,100.0
32368.00,5.4770,3.6750,8.0650,-57.830,43.060,41.740,423,100.0
32378.00,4.0050,1.9800,6.5550,-21.170,21.500,13.490,423,100.0
32388.00,3.6610,0.9080,5.9970,-7.600,9.570,-4.820,424,100.0
32398.00,3.8780,1.6390,6.1980,-10.810,3.250,-7.720,424,100.0
32408.00,4.1390,3.2290,6.7080,-19.500,-3.500,-4.570,424,100.0
32418.00,4.1910,4.5470,6.9090,-40.560,-2.110,6.340,424,100.0
32428.00,4.9650,6.0150,7.8180,-67.140,5.260,26.090,424,100.0
32438.00,6.5010,7.5990,9.5730,-78.460,5.650,49.750,425,100.0
32448.00,6.1680,5.8760,9.6470,-68.450,-1.830,52.120,425,100.0
32458.00,6.8240,4.6680,10.2890,-60.560,-9.460,55.440,425,100.0
32468.00,6.8230,3.7120,10.3980,-50.250,-21.560,61.600,425,100.0
32478.00,6.1340,2.2240,9.8390,-42.290,-34.930,68.300,425,100.0
32488.00,5.9000,0.9300,9.0110,-37.600,-41.650,70.000,426,100.0
32498.00,6.0130,0.6120,8.4410,-37.950,-46.300,73.150,426,100.0
32508.00,5.8680,0.5670,7.8740,-42.520,-48.510,81.570,426,100.0
32518.00,5.4040,-0.2520,7.2150,-48.380,-47.540,89.900,426,100.0
32528.00,5.5280,-0.9550,7.4960,-52.490,-44.430,94.290,426,100.0
32538.00,5.3760,-2.3240,7.5680,-39.210,-43.870,83.720,427,100.0
32548.00,5.0210,-3.2250,8.1610,-20.080,-48.450,65.680,427,100.0
32558.00,5.1820,-3.0280,9.0920,-19.750,-46.200,51.290,427,100.0
32568.00,5.7220,-2.4550,9.6490,-33.170,-37.870,44.870,427,100.0
32578.00,5.1090,-2.6340,8.9520,-58.060,-33.350,47.780,427,100.0
32588.00,5.1130,-2.4000,8.1730,-78.090,-25.340,54.480,428,100.0
32598.00,5.8980,-1.2000,8.4900,-91.110,-18.140,69.200,428,100.0
32608.00,5.5710,-1.3920,8.5720,-64.320,-21.610,63.300,428,100.0
32618.00,5.1880,-3.2820,8.6030,-24.950,-26.190,35.230,428,100.0
32628.00,5.5740,-5.2170,8.1490,-9.690,-24.130,12.200,428,100.0
32638.00,5.8210,-4.8940,8.5080,-15.370,-22.680,7.420,429,100.0
32648.00,6.7110,-4.3250,9.1080,-32.070,-20.580,4.780,429,100.0
32658.00,7.0430,-3.4660,9.3360,-41.290,-22.290,-1.880,429,100.0
32668.00,7.8560,-2.0630,9.8170,-44.900,-28.990,-11.310,429,100.0
32678.00,8.3410,-1.4380,9.7480,-39.910,-36.220,-23.540,429,100.0
32688.00,8.2540,-1.7560,9.0790,-19.640,-46.140,-43.210,430,100.0
32699.00,7.7760,-1.6630,8.4050,-0.480,-53.670,-55.690,430,100.0
32709.00,7.3360,-1.7030,7.6530,8.680,-54.370,-60.100,430,100.0
32719.00,6.8900,-2.4410,7.1780,12.460,-43.870,-54.730,430,100.0
32729.00,7.2930,-2.3400,7.8140,1.870,-34.700,-45.520,430,100.0
32739.00,7.7250,-2.5610,8.3480,-11.580,-27.800,-35.640,431,100.0
32749.00,8.1390,-2.7390,8.9410,-21.480,-29.900,-29.930,431,100.0
32759.00,7.6570,-2.9910,8.7570,-26.910,-35.520,-30.600,431,100.0
32769.00,7.3650,-2.1450,8.5660,-26.700,-41.960,-39.910,431,100.0
32779.00,6.3960,-1.2680,7.3990,-16.280,-43.030,-55.450,431,100.0
32789.00,5.6070,-0.4530,5.3770,-7.620,-32.600,-67.030,432,100.0
32799.00,5.6020,0.5020,4.3010,-3.670,-15.550,-70.090,432,100.0
32809.00,6.2690,0.7980,3.9430,-1.950,-0.400,-64.200,432,100.0
32819.00,6.2340,0.4170,4.0900,-2.790,10.950,-48.290,432,100.0
32829.00,6.1100,-0.2410,4.9020,-3.600,21.890,-33.260,432,100.0
32839.00,7.1180,-0.2640,6.6420,-4.190,28.030,-24.750,433,100.0
32849.00,7.2990,-1.6310,6.9580,-3.600,25.890,-23.750,433,100.0
32859.00,6.7700,-2.3290,7.3370,0.230,19.470,-36.830,433,100.0
32869.00,7.0640,-2.4050,7.8590,22.260,3.460,-55.830,433,100.0
32879.00,7.1900,-2.1750,8.2030,28.140,-7.210,-69.990,433,100.0
32889.00,6.9340,-1.8690,7.9740,22.500,-15.730,-74.700,434,100.0
32899.00,6.7500,-1.2390,7.5240,14.580,-18.410,-74.330,434,100.0
32909.00,6.9770,-0.0020,7.0270,11.430,-18.210,-71.070,434,100.0
32919.00,7.2980,0.4010,6.3190,7.070,-14.920,-68.130,434,100.0
32929.00,7.8770,0.8920,6.5090,1.910,-11.830,-62.100,434,100.0
32939.00,7.6980,1.0730,6.7570,-2.130,-15.050,-55.290,435,100.0
32949.00,7.3300,0.6970,6.6110,-10.720,-15.330,-51.880,435,100.0
32959.00,7.4330,0.5500,6.3880,-20.830,-13.580,-48.170,435,100.0
32969.00,7.1220,0.2140,6.7320,-27.750,-14.940,-44.910,435,100.0
32979.00,6.6360,-0.7010,6.8180,-32.100,-17.160,-48.310,435,100.0
32989.00,6.1510,-1.1920,6.7450,-37.880,-20.330,-52.440,436,100.0
32999.00,5.9300,-0.3700,5.8120,-48.610,-20.680,-53.680,436,100.0
33009.00,5.6600,-0.1530,5.1020,-73.580,-18.600,-50.440,436,100.0
33019.00,5.5710,0.3170,4.8130,-85.250,-14.770,-40.660,436,100.0
33029.00,5.0100,-0.1490,4.9450,-95.380,-10.220,-38.030,436,100.0
33039.00,4.3460,-0.4600,6.5620,-110.080,0.150,-37.540,437,100.0
33049.00,6.2100,-0.0920,10.7600,-147.040,14.690,-43.880,437,100.0
33059.00,10.7980,1.1170,15.7390,-194.630,13.210,-44.560,437,100.0
33069.00,12.6370,2.5660,13.7360,-212.300,-7.570,-16.280,437,100.0
33079.00,5.6610,4.8960,6.2410,-192.810,-46.130,29.400,437,100.0
33089.00,0.9020,4.4880,4.0940,-195.730,-47.230,38.290,438,100.0
33099.00,3.9270,0.7190,3.4830,-220.230,6.780,8.280,438,100.0
33109.00,6.1730,-1.3300,4.1080,-240.040,34.280,11.900,438,100.0
33119.00,6.2600,-1.9960,5.0810,-264.980,36.360,41.970,438,100.0
33129.00,4.9430,-2.8160,4.8130,-281.970,40.840,55.740,438,100.0
33139.00,4.8140,-3.7280,4.6770,-292.330,47.450,44.080,439,100.0
33149.00,6.1450,-2.3110,4.1090,-310.830,54.980,27.830,439,100.0
33159.00,6.5610,-0.8530,3.9420,-305.680,52.440,23.890,439,100.0
33169.00,6.6590,-0.1410,3.3140,-283.210,49.010,11.760,439,100.0
33179.00,6.9520,-0.3730,2.5480,-259.940,45.600,-0.710,439,100.0
33189.00,6.7600,-1.2100,1.6030,-238.880,46.770,-6.460,440,100.0
33199.00,6.1860,-2.2640,0.8760,-215.500,52.650,-8.000,440,100.0
33209.00,6.3840,-3.6150,0.9940,-203.290,62.080,-6.480,440,100.0
33219.00,7.2100,-4.3200,1.7750,-202.240,73.810,8.090,440,100.0
33229.00,7.4500,-3.9380,2.8850,-191.490,79.390,28.180,440,100.0
33239.00,7.5080,-4.4240,3.9790,-175.130,77.940,33.650,441,100.0
33249.00,8.0230,-4.9260,5.5130,-159.420,72.230,31.820,441,100.0
33259.00,8.4750,-6.2780,6.0940,-146.850,66.830,26.790,441,100.0
33269.00,8.2760,-7.9030,5.9310,-137.520,56.870,21.560,441,100.0
33279.00,8.1840,-8.5900,5.3520,-128.840,45.180,16.800,441,100.0
33289.00,7.0180,-8.4940,4.0410,-133.310,37.130,30.280,442,100.0
33299.00,6.6310,-8.3250,3.6800,-137.590,42.260,39.130,442,100.0
33309.00,6.8650,-7.7880,4.6520,-140.730,44.390,46.150,442,100.0
33319.00,7.7640,-7.9800,5.8260,-139.830,39.540,51.800,442,100.0
33329.00,8.2210,-7.8170,6.3970,-127.580,28.690,55.440,442,100.0
33339.00,8.3720,-7.0070,6.3720,-102.170,13.140,55.340,443,100.0
33349.00,8.6730,-6.2280,6.4220,-66.770,-6.030,50.820,443,100.0
33359.00,8.2210,-5.9970,6.2420,-18.330,-27.240,38.120,443,100.0
33369.00,6.5390,-6.3910,5.6840,37.760,-43.520,13.110,443,100.0
33379.00,5.5770,-6.7110,5.1080,83.670,-44.200,-22.230,443,100.0
33389.00,5.6420,-7.7670,4.3020,103.670,-31.550,-49.550,444,100.0
33399.00,4.6970,-9.7240,3.4000,101.640,-15.150,-61.800,444,100.0
33409.00,4.2050,-10.7740,4.0360,75.830,4.880,-70.290,444,100.0
33419.00,5.6370,-9.4250,5.7880,31.170,26.380,-71.390,444,100.0
33429.00,7.6060,-5.0400,7.9070,-15.460,33.560,-53.750,444,100.0
33439.00,6.3230,-5.1860,6.9160,-10.320,28.850,-60.770,445,100.0
33449.00,5.7150,-6.5160,5.5560,-9.720,29.950,-71.860,445,100.0
33459.00,5.7260,-6.5740,4.9710,-19.400,32.680,-71.840,445,100.0
33469.00,5.9590,-6.1510,4.2580,-27.220,40.700,-65.540,445,100.0
33479.00,6.0290,-6.4880,3.5960,-20.620,45.580,-62.640,445,100.0
33489.00,5.4360,-7.4280,3.2330,-11.870,46.320,-65.300,446,100.0
33499.00,4.9340,-7.6330,2.9330,-9.480,52.630,-69.310,446,100.0
33509.00,4.7920,-7.1050,2.7820,-11.840,64.550,-68.570,446,100.0
33519.00,5.3500,-5.0840,4.3360,-12.940,73.440,-61.450,446,100.0
33529.00,6.9670,-3.1690,6.4510,-6.940,73.200,-54.010,446,100.0
33539.00,7.1610,-3.9390,7.4260,1.290,65.300,-48.830,447,100.0
33549.00,7.1540,-4.9670,7.4230,8.070,52.340,-46.700,447,100.0
33559.00,7.0210,-5.3400,7.4750,14.240,40.030,-52.960,447,100.0
33569.00,6.4060,-4.9950,6.2080,12.340,40.980,-58.610,447,100.0
33579.00,6.2410,-4.9220,4.8700,4.340,52.230,-56.230,447,100.0
33589.00,7.4120,-2.9440,5.0990,-3.230,57.810,-39.140,448,100.0
33599.00,8.0780,-1.0550,5.9730,-1.760,53.390,-11.150,448,100.0
33609.00,7.5790,-1.4410,6.1530,18.180,42.120,3.590,448,100.0
33619.00,6.6020,-4.2050,5.6690,47.830,30.230,-7.060,448,100.0
33629.00,6.7770,-6.3990,5.2220,58.830,23.580,-21.360,448,100.0
33639.00,6.9690,-6.5370,5.4850,47.370,18.250,-18.360,449,100.0
33649.00,6.9850,-5.9620,5.5840,32.440,12.000,-11.080,449,100.0
33659.00,6.7680,-4.9260,5.4730,26.580,5.370,-7.600,449,100.0
33669.00,6.5060,-3.6900,5.4950,27.000,2.130,-2.250,449,100.0
33679.00,6.9710,-2.4570,7.2210,24.850,2.150,6.420,449,100.0
33689.00,7.8320,-3.0140,7.0770,33.060,-2.320,4.360,450,100.0
33699.00,6.7130,-3.9580,7.2500,54.060,-14.660,5.530,450,100.0
33709.00,5.6930,-7.4940,4.7540,61.670,-17.180,11.880,450,100.0
33720.00,5.3620,-8.4930,4.4970,39.600,-15.970,14.890,450,100.0
33730.00,5.8940,-7.5250,4.8860,21.310,-10.900,17.610,450,100.0
33740.00,6.3180,-6.2670,5.5750,14.470,-12.090,17.060,451,100.0
33750.00,6.9320,-4.8590,6.7380,20.420,-20.300,18.730,451,100.0
33760.00,7.7700,-4.1440,6.8600,45.810,-30.950,14.320,451,100.0
33770.00,7.6340,-4.0330,6.2080,81.270,-47.460,8.170,451,100.0
33780.00,5.7850,-4.8770,6.2380,104.820,-54.740,-3.300,451,100.0
33790.00,5.1520,-6.7680,5.4420,106.140,-41.510,-38.790,452,100.0
33800.00,6.9790,-4.9350,6.3620,83.770,-30.360,-58.720,452,100.0
33810.00,7.5790,-2.7030,5.9360,55.950,-27.230,-47.970,452,100.0
33820.00,5.7590,-3.9600,4.0910,40.970,-31.640,-34.850,452,100.0
33830.00,5.0940,-5.5130,3.7660,25.080,-25.790,-33.240,452,100.0
33840.00,6.4370,-5.8610,4.7210,0.590,-9.530,-27.380,453,100.0
33850.00,6.1250,-4.9470,5.7940,-22.690,-2.310,12.410,453,100.0
33860.00,7.0270,-3.8090,6.3360,-42.110,-5.600,18.170,453,100.0
33870.00,7.0660,-4.1690,6.0770,-28.900,-8.120,14.190,453,100.0
33880.00,6.3790,-5.9090,5.5930,-6.400,-14.610,1.840,453,100.0
33890.00,6.4060,-6.9570,5.1940,4.150,-12.890,-11.570,454,100.0
33900.00,6.1770,-5.4620,6.3580,6.600,-9.410,-20.760,454,100.0
33910.00,6.1980,-4.0850,5.9950,5.510,1.800,-33.990,454,100.0
33920.00,6.0380,-2.7300,6.1050,13.320,13.700,-46.980,454,100.0
33930.00,6.9590,-3.1810,6.0450,23.470,24.670,-63.990,454,100.0
33940.00,7.4600,-4.1430,5.5250,24.320,26.980,-63.690,455,100.0
33950.00,6.9260,-4.3580,5.0460,6.020,27.890,-44.140,455,100.0
33960.00,6.8920,-3.4190,4.1020,-13.010,31.370,-27.550,455,100.0
33970.00,7.3970,-2.3380,3.2880,-23.480,25.260,-8.420,455,100.0
33980.00,6.9520,-2.3580,5.3350,-22.110,17.000,9.750,455,100.0
33990.00,7.3800,-3.7240,5.1110,-6.570,21.750,7.460,456,100.0
34000.00,6.6140,-4.0210,5.1740,16.200,-4.300,10.150,456,100.0
34010.00,6.8010,-3.4280,4.6090,19.130,1.530,6.900,456,100.0
34020.00,7.5500,-2.3050,6.7350,28.910,0.680,3.960,456,100.0
34030.00,8.9790,-2.3000,8.5370,41.490,-0.870,-0.290,456,100.0
34040.00,8.7490,-3.1080,8.2800,44.120,-10.930,6.650,457,100.0
34050.00,7.1940,-2.8030,7.1610,30.240,-21.850,21.460,457,100.0
34060.00,6.8380,-2.5840,8.2690,20.980,-14.030,19.860,457,100.0
34070.00,8.3040,-2.1650,8.0980,24.800,3.200,5.550,457,100.0
34080.00,8.5650,-1.9340,7.9590,28.960,5.260,12.930,457,100.0
34090.00,7.8240,-1.9310,7.8130,32.880,6.380,29.720,458,100.0
34100.00,7.0710,-3.1230,7.4210,52.600,13.910,22.730,458,100.0
34110.00,7.7320,-5.4580,5.4180,76.190,9.580,-11.100,458,100.0
34120.00,7.8960,-5.6820,7.4390,76.000,-27.240,-23.040,458,100.0
34130.00,7.2760,-4.5000,8.1590,55.300,-32.650,-11.490,458,100.0
34140.00,7.3780,-3.7140,8.5420,36.640,-25.900,-26.890,459,100.0
34150.00,7.0870,-3.3360,8.6910,40.460,-23.340,-33.940,459,100.0
34160.00,7.4810,-3.8050,7.7200,46.270,-13.120,-41.410,459,100.0
34170.00,7.1880,-3.9070,8.4110,42.210,-2.740,-33.340,459,100.0
34180.00,7.7220,-3.9030,6.1810,33.270,11.820,-17.820,459,100.0
34190.00,7.5440,-4.4330,3.3390,30.710,-1.590,-4.450,460,100.0
34200.00,5.7370,-5.1620,1.5820,39.850,-29.820,2.660,460,100.0
34210.00,4.8030,-4.7500,1.3010,62.000,-24.970,-4.520,460,100.0
34220.00,5.5890,-4.4070,2.5040,69.600,-9.530,-20.450,460,100.0
34230.00,6.7540,-4.2710,4.5690,50.050,-2.110,-22.490,460,100.0
34240.00,7.7000,-2.9750,6.5730,27.810,-5.950,-12.590,461,100.0
34250.00,7.3830,-3.0480,7.0430,26.460,-19.390,-8.670,461,100.0
34260.00,6.7080,-3.7020,6.7620,41.140,-34.720,-19.240,461,100.0
34270.00,6.4120,-3.2420,7.2340,49.890,-41.450,-33.170,461,100.0
34280.00,7.3510,-1.5360,6.2750,57.540,-21.770,-54.130,461,100.0
34290.00,7.1890,-1.4150,5.4650,53.090,-10.850,-40.360,462,100.0
34300.00,7.7450,-2.2880,5.7230,41.580,-6.190,-31.980,462,100.0
34310.00,8.0430,-2.3430,6.1840,32.780,-2.290,-25.500,462,100.0
34320.00,8.3720,-2.3060,7.0260,24.290,-2.740,-22.390,462,100.0
34330.00,8.6990,-1.4080,7.2350,26.720,-4.600,-24.940,462,100.0
34340.00,8.5980,-0.7990,7.1780,35.490,-10.930,-26.820,463,100.0
34350.00,7.9780,-1.7220,6.3250,43.630,-16.310,-31.980,463,100.0
34360.00,7.8140,-1.5320,5.6540,42.940,-15.270,-31.540,463,100.0
34370.00,7.5730,-0.9590,5.1960,33.140,-7.490,-23.190,463,100.0
34380.00,7.2500,-2.2400,5.0210,30.310,-1.260,-20.500,463,100.0
34390.00,7.6270,-3.3040,6.5220,24.690,2.720,-18.750,464,100.0
34400.00,8.4740,-3.8730,7.6650,8.400,6.560,-11.290,464,100.0
34410.00,8.3650,-3.3450,7.3550,-5.820,1.830,2.680,464,100.0
34420.00,7.3420,-2.3840,6.5570,15.170,0.050,-7.880,464,100.0
34430.00,7.2490,-3.3760,5.9590,34.330,5.910,-28.060,464,100.0
34440.00,7.4770,-3.7350,5.8880,43.450,9.440,-41.830,465,100.0
34450.00,7.3420,-2.0900,4.8570,39.950,10.460,-41.950,465,100.0
34460.00,7.0140,-0.7620,3.2990,26.790,17.630,-29.970,465,100.0
34470.00,6.4950,-0.8820,3.0110,17.660,27.070,-17.820,465,100.0
34480.00,6.5620,-0.9050,3.8720,13.630,41.700,-9.300,465,100.0
34490.00,6.7780,-0.7310,5.2030,5.810,52.620,-6.740,466,100.0
34500.00,7.2860,-0.1750,6.2220,3.660,59.280,-10.490,466,100.0
34510.00,7.6970,0.1310,7.0280,5.770,59.700,-11.770,466,100.0
34520.00,7.7000,-0.0610,7.5460,8.940,56.620,-8.840,466,100.0
34530.00,7.3690,-1.8070,7.1980,13.140,56.640,-7.430,466,100.0
34540.00,6.9790,-3.5960,7.9170,10.010,57.150,-11.840,467,100.0
34550.00,7.0830,-3.5640,8.7330,3.550,60.750,-26.850,467,100.0
34560.00,7.1790,-0.8450,7.5700,12.490,62.100,-49.340,467,100.0
34570.00,7.1550,0.1950,5.8140,13.110,62.610,-45.940,467,100.0
34580.00,7.2680,0.5570,6.1320,7.100,65.900,-30.740,467,100.0
34590.00,7.4410,0.3330,6.8790,-3.670,67.000,-12.900,468,100.0
34600.00,6.6040,-0.6290,8.3290,-20.830,60.770,0.330,468,100.0
34610.00,7.0570,-1.7210,8.6690,-43.760,60.000,1.580,468,100.0
34621.00,7.1950,-1.5460,9.6290,-59.890,51.690,3.680,468,100.0
34630.00,7.3470,-2.7250,9.2590,-64.510,42.410,-2.250,468,100.0
34640.00,6.4190,-1.4940,7.8140,-58.630,30.080,-9.950,469,100.0
34650.00,5.6090,0.0550,6.4360,-47.960,31.930,-21.580,469,100.0
34660.00,6.4420,-0.4220,5.6210,-33.710,45.410,-32.990,469,100.0
34670.00,6.3980,-0.8690,5.6110,-26.430,46.330,-27.670,469,100.0
34680.00,5.8810,-1.2510,5.4290,-20.330,46.630,-18.210,469,100.0
34690.00,5.5960,-2.4830,5.3210,-13.830,49.920,-15.110,470,100.0
34700.00,6.1160,-2.6830,7.3360,-16.790,56.190,-10.650,470,100.0
34710.00,6.0490,-2.8720,7.3160,-14.100,52.160,-14.020,470,100.0
34720.00,5.6170,-2.7450,7.2900,-9.420,29.060,-22.550,470,100.0
34730.00,6.4590,-3.6760,9.4880,-7.920,-3.570,-35.220,470,100.0
34740.00,6.0930,-3.4880,7.4790,15.280,6.800,-38.120,471,100.0
34751.00,6.1830,-2.6230,6.1100,22.080,19.140,-30.650,471,100.0
34761.00,6.2540,-1.8840,6.7210,17.180,20.710,-19.760,471,100.0
34771.00,6.1600,-1.5820,6.9340,8.980,22.810,-13.130,471,100.0
34781.00,6.1350,-2.0790,7.7410,-0.780,27.450,-11.630,471,100.0
34791.00,6.2210,-1.8310,8.2130,-3.350,42.540,-9.180,472,100.0
34801.00,5.9500,-1.5060,7.3900,-9.340,48.800,-11.570,472,100.0
34811.00,6.6610,-0.9390,7.9080,-7.250,45.560,-18.540,472,100.0
34821.00,6.7270,-0.7930,7.8730,-5.120,40.820,-13.380,472,100.0
34831.00,5.9850,-1.7970,8.6010,-1.360,21.760,-8.700,472,100.0
34841.00,5.5980,-2.6510,7.3540,5.770,22.990,-18.430,473,100.0
34851.00,6.0020,-2.4690,7.6490,-0.940,15.970,-14.410,473,100.0
34861.00,6.0150,-1.5920,7.6940,-8.510,16.860,-7.180,473,100.0
34871.00,5.6230,-0.9210,7.7990,-6.890,12.790,-6.530,473,100.0
34881.00,5.3560,-2.5890,7.9380,-8.880,15.010,-13.850,473,100.0
34891.00,6.2210,-1.7890,8.3760,-15.780,16.810,-16.120,474,100.0
34901.00,6.4210,-0.6010,8.8580,-15.250,9.360,-12.030,474,100.0
34911.00,6.1420,-0.6620,8.5710,-1.460,0.050,-14.340,474,100.0
34921.00,5.8500,-1.5400,7.8890,17.730,-6.100,-22.040,474,100.0
34931.00,6.0220,-2.0800,7.7390,24.590,-8.340,-30.190,474,100.0
34941.00,6.2440,-1.2550,7.5070,22.570,-10.220,-32.360,475,100.0
34951.00,6.3000,-0.1710,7.3280,26.340,-15.080,-30.350,475,100.0
34961.00,6.0160,-0.6080,6.9340,31.360,-19.700,-28.200,475,100.0
34971.00,5.5800,-0.8850,6.6490,26.980,-19.930,-23.980,475,100.0
34981.00,6.1630,-0.5870,7.7380,9.080,-8.550,-15.440,475,100.0
34991.00,6.4820,-0.7360,8.6270,-17.750,4.180,2.150,476,100.0
35001.00,5.7240,-0.9890,8.2240,-16.390,-0.330,6.790,476,100.0
35011.00,5.5330,-1.9920,7.7990,-16.390,0.850,1.960,476,100.0
35021.00,5.7290,-1.8650,7.8000,-21.290,3.840,-0.480,476,100.0
35031.00,5.9130,-1.3010,7.6530,-27.480,3.060,0.250,476,100.0
35041.00,6.0140,-0.9940,7.5860,-32.240,0.290,2.420,477,100.0
35051.00,5.9120,-0.9730,7.9410,-28.670,-5.610,1.720,477,100.0
35061.00,5.9720,-1.4050,7.7340,-20.340,-10.500,-3.560,477,100.0
35071.00,5.8280,-1.3680,7.1540,-13.010,-16.290,-5.750,477,100.0
35081.00,5.4350,-1.1150,7.3680,-14.800,-20.310,-6.130,477,100.0
35091.00,5.5070,-1.0560,6.7140,-23.910,-12.560,-10.070,478,100.0
35101.00,5.7350,-0.5060,6.4510,-31.050,-3.710,-10.020,478,100.0
35111.00,6.2750,-0.0310,6.6480,-35.130,0.890,-6.800,478,100.0
35121.00,6.8270,-0.0650,7.3490,-28.940,-0.220,-4.030,478,100.0
35131.00,6.4310,-1.8600,7.0240,-4.260,-0.430,-11.800,478,100.0
35141.00,6.9460,-2.0620,7.5740,-6.410,3.040,-11.070,479,100.0
35151.00,7.0450,-2.2610,8.2870,-16.460,3.390,-4.070,479,100.0
35161.00,7.2230,-2.3210,8.3610,-27.330,2.180,5.500,479,100.0
35171.00,7.2030,-2.4470,8.5860,-39.140,0.690,12.640,479,100.0
35181.00,7.1910,-2.7090,8.7440,-53.240,-0.070,16.820,479,100.0
35191.00,7.2900,-2.3770,9.1250,-65.930,-1.030,19.440,480,100.0
35201.00,7.4100,-1.6410,9.1580,-60.630,-7.870,16.310,480,100.0
35211.00,6.9850,-1.2740,8.8460,-41.470,-18.370,9.500,480,100.0
35221.00,6.3070,-1.8740,7.8600,-20.480,-22.990,-0.010,480,100.0
35231.00,6.2560,-2.5800,7.4520,-7.480,-21.590,-6.740,480,100.0
35241.00,6.3070,-2.8540,7.5850,-4.310,-19.910,-8.160,481,100.0
35251.00,6.2990,-2.8860,7.3180,-5.770,-19.420,-8.860,481,100.0
35261.00,6.0870,-2.9550,7.0030,-13.170,-16.390,-9.470,481,100.0
35271.00,6.3540,-2.3370,6.8700,-34.990,-6.700,-7.460,481,100.0
35281.00,6.5860,-1.5670,6.7150,-44.320,-4.460,-3.980,481,100.0
35291.00,6.1110,-0.9000,6.6520,-35.320,-6.890,-4.710,482,100.0
35301.00,6.0710,-2.1280,6.2400,-13.100,-5.350,-13.950,482,100.0
35311.00,5.9600,-3.2010,6.2300,-5.380,-3.010,-16.140,482,100.0
35321.00,5.8490,-3.5770,6.3540,-6.780,1.340,-13.920,482,100.0
35331.00,6.0640,-3.5760,6.7350,-7.830,5.120,-15.070,482,100.0
35341.00,6.2450,-3.0180,7.0970,-3.440,5.750,-18.980,483,100.0
35351.00,6.2170,-2.5010,7.1860,3.640,4.750,-23.350,483,100.0
35361.00,6.3260,-2.2030,7.4270,9.430,2.950,-26.010,483,100.0
35371.00,6.2570,-2.3580,7.5630,11.740,1.040,-24.840,483,100.0
35381.00,5.9620,-2.2800,7.7510,11.040,-0.610,-23.610,483,100.0
35391.00,6.3050,-2.1550,7.8790,9.870,1.320,-25.380,484,100.0
35401.00,6.4710,-1.9170,7.8440,7.000,1.450,-22.480,484,100.0
35411.00,6.4580,-2.2600,7.6070,9.850,0.940,-18.050,484,100.0
35421.00,6.6530,-2.2220,7.7240,9.830,-0.080,-16.070,484,100.0
35431.00,6.5890,-1.7550,7.5800,10.270,-3.830,-15.350,484,100.0
35441.00,6.5640,-1.9620,7.2900,12.070,-7.430,-18.100,485,100.0
35451.00,6.6170,-2.5250,7.0570,12.210,-8.520,-19.890,485,100.0
35461.00,6.6130,-2.4670,6.8630,11.550,-10.040,-19.470,485,100.0
35471.00,6.6890,-2.1450,7.0580,5.900,-11.760,-16.790,485,100.0
35481.00,6.8590,-2.1510,7.3680,0.160,-12.280,-14.390,485,100.0
35491.00,6.9580,-2.2980,7.3980,-4.870,-14.400,-13.410,486,100.0
35501.00,6.9090,-2.3740,7.1840,-9.210,-19.880,-13.360,486,100.0
35511.00,6.7390,-2.6560,6.6380,-7.780,-24.320,-14.790,486,100.0
35521.00,6.4920,-2.3830,6.2450,-7.290,-22.290,-14.670,486,100.0
35531.00,6.5610,-2.1350,5.8460,-13.830,-15.780,-14.300,486,100.0
35541.00,6.6600,-1.9160,6.0110,-18.120,-12.160,-13.990,487,100.0
35551.00,6.8440,-1.5660,6.6300,-17.560,-11.670,-15.090,487,100.0
35561.00,6.9030,-1.5640,6.7630,-10.950,-13.750,-17.910,487,100.0
35571.00,7.0210,-1.6790,6.9220,-7.270,-17.060,-19.850,487,100.0
35581.00,7.1380,-1.7120,6.9880,-7.760,-21.170,-20.030,487,100.0
35591.00,7.3360,-1.7140,7.2110,-9.160,-26.740,-19.470,488,100.0
35601.00,7.2780,-1.7160,7.4350,-12.360,-32.630,-17.470,488,100.0
35611.00,6.8850,-1.5960,7.7210,-16.860,-36.100,-14.480,488,100.0
35621.00,6.4610,-1.2510,7.4730,-19.220,-34.000,-13.760,488,100.0
35631.00,6.7510,-1.1650,6.8090,-18.440,-27.210,-14.810,488,100.0
35641.00,6.8720,-1.1050,6.5770,-14.950,-22.750,-13.130,489,100.0
35651.00,6.9450,-1.0360,6.8090,-9.670,-20.820,-10.870,489,100.0
35661.00,7.0680,-1.1880,6.9550,-4.330,-17.810,-9.490,489,100.0
35671.00,7.2770,-1.5450,6.9880,0.890,-15.960,-8.490,489,100.0
35681.00,7.3120,-1.6820,6.9400,4.430,-16.150,-6.870,489,100.0
35691.00,7.2310,-1.9920,6.2890,4.640,-18.410,-1.280,490,100.0
35701.00,7.2580,-2.1770,6.7260,0.560,-17.370,2.590,490,100.0
35711.00,7.2750,-2.3060,6.6370,-3.700,-13.890,2.490,490,100.0
35721.00,7.2800,-1.7390,6.5090,-9.140,-13.330,0.370,490,100.0
35731.00,7.4450,-1.3080,6.3760,-10.160,-11.490,-3.470,490,100.0
35741.00,7.5490,-1.3390,5.9840,-7.870,-9.320,-6.290,491,100.0
35751.00,7.4530,-1.4180,5.8190,-5.980,-8.450,-5.990,491,100.0
35761.00,7.5510,-1.2020,5.6540,-3.650,-6.730,-4.100,491,100.0
35772.00,7.5460,-1.1820,5.9860,2.520,-6.030,-3.120,491,100.0
35782.00,7.6230,-1.5810,5.9470,9.360,-5.840,-4.330,491,100.0
35792.00,7.4530,-1.9530,6.0310,14.380,-5.960,-4.150,492,100.0
35802.00,7.4590,-2.2990,6.3090,13.470,-3.920,-4.640,492,100.0
35812.00,7.7380,-2.3920,6.3840,10.110,-2.730,-5.270,492,100.0
35822.00,7.4720,-2.3180,6.4790,9.200,-2.430,-4.140,492,100.0
35832.00,7.5990,-2.0180,6.0190,5.090,0.310,-7.360,492,100.0
35842.00,7.3000,-1.4650,5.8440,4.600,4.890,-6.220,493,100.0
35852.00,7.3830,-1.3620,5.9100,6.110,8.240,-8.000,493,100.0
35862.00,7.3780,-1.7140,5.9550,11.710,9.950,-11.540,493,100.0
35872.00,7.3300,-1.8710,6.0490,13.930,10.180,-12.680,493,100.0
35882.00,7.4590,-1.7560,6.4230,13.320,10.070,-11.680,493,100.0
35892.00,7.4820,-1.8220,6.6980,14.370,9.180,-11.520,494,100.0
35902.00,7.5660,-2.0090,6.9110,16.360,6.220,-12.750,494,100.0
35912.00,7.4100,-2.3000,6.8360,17.360,3.280,-14.250,494,100.0
35922.00,7.3450,-2.3730,6.6520,15.100,1.040,-14.500,494,100.0
35932.00,7.3230,-2.1950,6.6370,10.690,-1.220,-12.760,494,100.0
35942.00,7.2560,-2.1240,6.6960,7.660,-3.690,-12.130,495,100.0
35952.00,7.2780,-1.9990,6.8880,6.770,-5.960,-13.670,495,100.0
35962.00,7.3110,-1.8470,6.8700,6.750,-6.580,-15.210,495,100.0
35972.00,7.2190,-1.8430,6.6320,5.950,-7.850,-15.060,495,100.0
35982.00,7.2070,-1.9460,6.3860,4.320,-9.600,-13.850,495,100.0
35992.00,7.1110,-1.8660,6.4350,1.570,-10.640,-12.010,496,100.0
36002.00,7.2260,-1.6600,6.4050,-0.800,-10.580,-11.000,496,100.0
36012.00,7.4560,-1.3710,6.4920,-0.850,-12.490,-10.020,496,100.0
36022.00,7.4900,-1.3170,6.3980,-0.450,-15.360,-8.900,496,100.0
36032.00,7.4850,-1.2830,6.3370,-1.440,-17.920,-7.780,496,100.0
36042.00,7.4520,-1.5000,6.1450,-3.370,-18.790,-7.090,497,100.0
36052.00,7.4140,-1.7640,5.9520,-5.280,-17.250,-6.780,497,100.0
36062.00,7.5750,-1.9980,5.9950,-10.040,-16.150,-6.040,497,100.0
36072.00,7.6370,-1.9600,6.1530,-17.050,-14.260,-2.280,497,100.0
36082.00,7.5870,-1.8470,5.7290,-26.750,-9.030,1.870,497,100.0
36092.00,7.5630,-1.4630,5.7970,-32.750,-4.830,5.860,498,100.0
36102.00,7.8600,-1.6530,5.8240,-36.650,0.610,5.690,498,100.0
36112.00,8.0620,-1.8280,5.9540,-40.680,2.790,7.110,498,100.0
36122.00,8.1590,-1.6130,6.3640,-50.110,0.820,14.950,498,100.0
36132.00,8.4410,-1.7240,6.3170,-54.520,0.060,16.500,498,100.0
36142.00,8.2360,-1.7340,6.3180,-55.480,-4.110,20.630,499,100.0
36152.00,7.9020,-1.7530,6.0770,-56.880,-4.490,22.960,499,100.0
36162.00,7.6390,-2.0970,5.5460,-61.330,0.050,22.300,499,100.0
36172.00,7.5150,-2.8240,5.1080,-68.920,5.680,21.700,499,100.0
36182.00,7.4090,-2.9880,5.1080,-79.550,11.160,26.830,499,100.0
36192.00,7.6790,-2.6640,5.4460,-93.930,18.810,32.030,500,100.0
36202.00,7.7320,-2.7510,5.4690,-102.820,25.740,34.140,500,100.0
36212.00,7.6150,-3.4990,5.1060,-104.120,29.460,33.430,500,100.0
36222.00,7.6270,-3.2850,5.5350,-110.030,29.030,37.500,500,100.0
36232.00,7.4630,-3.7630,5.6050,-122.090,33.940,37.290,500,100.0
36242.00,8.0090,-4.2720,5.9950,-130.280,39.040,39.380,501,100.0
36252.00,7.6710,-3.1590,6.2710,-135.860,43.360,41.830,501,100.0
36262.00,7.3130,-4.4110,5.0330,-131.680,36.290,32.240,501,100.0
36272.00,7.0010,-3.7290,5.2790,-135.930,34.210,35.190,501,100.0
36282.00,6.7960,-2.6440,4.8500,-142.230,40.490,29.470,501,100.0
36292.00,7.2930,-4.1220,4.9120,-131.660,43.940,21.180,502,100.0
36302.00,6.8090,-4.2680,5.1080,-135.390,49.060,28.980,502,100.0
36312.00,5.6670,-2.2310,3.8990,-147.670,60.960,28.070,502,100.0
36322.00,7.7530,-7.1410,3.6010,-150.720,66.650,24.520,502,100.0
36332.00,7.5550,-5.8310,5.4960,-176.410,61.770,72.010,502,100.0
36342.00,7.0120,-4.2220,6.0620,-189.320,53.740,92.590,503,100.0
36352.00,6.5870,-4.0630,5.9850,-173.680,50.430,77.980,503,100.0
36362.00,7.1400,-5.9340,5.4900,-144.310,45.350,51.070,503,100.0
36372.00,6.5690,-6.0740,5.7050,-129.330,35.060,46.240,503,100.0
36382.00,5.9230,-5.2070,4.9660,-121.200,35.470,44.820,503,100.0
36392.00,5.9620,-5.6300,4.3200,-110.890,35.690,34.550,504,100.0
36402.00,5.9820,-6.9850,3.9600,-114.160,45.650,35.820,504,100.0
36412.00,5.3060,-6.0580,4.8390,-120.220,54.120,44.730,504,100.0
36422.00,6.3860,-6.3090,4.0280,-127.480,71.570,49.090,504,100.0
36432.00,5.8690,-6.8470,4.1020,-132.920,73.070,63.440,504,100.0
36442.00,5.6250,-7.0240,3.0010,-126.590,74.160,69.440,505,100.0
36452.00,4.8570,-7.8670,3.3840,-110.330,74.070,68.390,505,100.0
36462.00,3.4250,-7.6110,3.9930,-91.810,93.710,66.570,505,100.0
36472.00,3.4920,-7.3320,4.4210,-78.900,136.840,59.500,505,100.0
36482.00,4.3290,-6.6110,5.5830,-47.400,197.080,64.630,505,100.0
36492.00,6.6290,-6.6980,7.0380,28.610,287.030,115.750,506,100.0
36502.00,4.7840,-2.6720,-1.7690,129.170,227.950,151.220,506,100.0
36512.00,5.6240,-14.7840,13.2510,63.230,-55.090,-20.710,506,100.0
36522.00,5.2190,-8.5470,9.1810,20.580,-66.360,1.770,506,100.0
36532.00,3.7060,-7.0670,5.7760,17.340,-15.060,-9.420,506,100.0
36542.00,5.8100,-7.9020,5.0410,-6.640,-3.740,-15.720,507,100.0
36552.00,4.5480,-6.4880,4.2690,-22.850,-8.050,5.990,507,100.0
36562.00,3.8670,-6.4570,4.7440,-19.920,-7.450,9.260,507,100.0
36572.00,4.8810,-6.3000,5.7490,-30.930,-9.550,6.340,507,100.0
36582.00,4.1570,-5.5390,4.9970,-42.880,-11.440,8.510,507,100.0
36592.00,3.8060,-5.5080,5.4950,-54.940,-15.430,-4.120,508,100.0
36602.00,2.6510,-2.7910,5.0520,-93.510,-16.760,-34.180,508,100.0
36612.00,1.6890,0.1530,2.9630,-91.250,-5.750,-99.060,508,100.0
36622.00,1.8990,0.6380,1.1960,-50.370,-0.470,-215.540,508,100.0
36632.00,3.9870,-2.2100,-5.7370,51.780,-7.500,-327.680,508,100.0
36642.00,15.8410,-26.2500,9.9680,193.930,-74.840,-327.680,509,100.0
36652.00,10.9510,-11.2800,9.2980,-1.780,-53.840,-78.950,509,100.0
36662.00,5.5260,-5.5820,2.4130,-61.190,-29.410,35.090,509,100.0
36672.00,6.6340,-7.2220,3.9250,-67.910,-31.320,-4.210,509,100.0
36682.00,5.6130,-7.6530,4.1930,-29.950,8.660,-16.510,509,100.0
36692.00,5.8550,-7.1660,4.3080,-3.840,10.550,-12.970,510,100.0
36702.00,5.9210,-7.0620,3.6390,7.860,10.350,-12.590,510,100.0
36712.00,5.5680,-6.0350,3.3590,25.950,9.810,-0.130,510,100.0
36722.00,6.4960,-7.2570,4.8650,-9.620,-7.240,-1.740,510,100.0
36732.00,6.9670,-6.8960,4.0110,-35.850,-13.980,1.540,510,100.0
36742.00,6.2540,-6.6520,4.1640,-13.900,-7.540,8.210,511,100.0
36752.00,6.1500,-6.7100,4.6310,-3.440,-1.970,8.580,511,100.0
36762.00,6.0680,-6.9080,4.5470,-7.310,0.000,2.640,511,100.0
36772.00,5.9950,-6.9210,4.3450,-14.410,1.500,-2.040,511,100.0
36782.00,5.8990,-6.9160,4.2980,-12.990,4.370,-1.700,511,100.0
36792.00,5.7030,-7.1800,4.2890,-6.590,8.410,-2.260,512,100.0
36803.00,5.6530,-7.3450,4.2140,-3.160,12.030,-5.240,512,100.0
36813.00,5.7320,-7.4770,4.0330,-6.120,13.730,-9.530,512,100.0
36823.00,5.6480,-6.5410,3.8840,-12.540,15.080,-13.360,512,100.0
36833.00,5.6480,-6.1670,3.9400,-22.270,10.060,-12.610,512,100.0
36843.00,5.4460,-6.2690,4.1340,-26.750,6.050,-11.290,513,100.0
36853.00,4.7530,-6.2020,4.5710,-37.700,0.830,-13.040,513,100.0
36863.00,5.5750,-6.6080,3.7540,-57.690,-7.980,-19.940,513,100.0
36873.00,5.8250,-7.0030,3.4710,-56.870,-10.390,-15.210,513,100.0
36883.00,5.9130,-6.8660,3.8340,-35.200,-8.170,-9.820,513,100.0
36893.00,6.2150,-6.9770,3.1990,-17.400,-5.020,-6.500,514,100.0
36903.00,6.5370,-7.9800,3.7790,-13.610,-2.240,-7.990,514,100.0
36913.00,6.3510,-7.5310,2.8310,0.730,6.240,-8.770,514,100.0
36923.00,6.6660,-8.0390,3.2870,-5.780,3.270,-9.740,514,100.0
36933.00,6.4400,-7.4600,3.5770,5.630,3.770,-7.220,514,100.0
36943.00,6.0370,-6.8370,4.2010,4.500,2.760,-5.060,515,100.0
36953.00,5.6050,-6.1620,4.0590,-4.230,3.110,-3.960,515,100.0
36963.00,5.9590,-6.6650,3.8730,-14.550,0.960,-3.310,515,100.0
36973.00,6.1500,-7.1610,3.2740,-21.240,0.290,-6.550,515,100.0
36983.00,6.6900,-7.6130,3.4210,-12.540,2.060,-5.920,515,100.0
36993.00,6.3130,-7.4100,3.3100,-8.320,3.480,-3.260,516,100.0
37003.00,5.8340,-6.8870,3.4750,-2.560,5.790,-3.370,516,100.0
37013.00,5.8440,-6.7420,3.6520,-2.880,4.720,-5.080,516,100.0
37023.00,6.0890,-7.0240,3.4800,-5.710,3.700,-5.610,516,100.0
37033.00,6.1630,-7.2070,3.4250,-5.630,3.830,-5.130,516,100.0
37043.00,6.0500,-7.0800,3.5700,-2.490,5.980,-4.640,517,100.0
37053.00,5.9680,-6.9780,3.6690,-2.160,5.610,-4.400,517,100.0
37063.00,5.9220,-6.9690,3.6690,-2.950,3.880,-3.610,517,100.0
37073.00,5.9420,-7.0940,3.6030,-4.160,3.060,-3.490,517,100.0
37083.00,6.0350,-7.1900,3.6070,-3.960,3.340,-3.840,517,100.0
37093.00,6.0400,-7.1470,3.6400,-2.880,3.410,-3.750,518,100.0
37103.00,5.9800,-7.0730,3.6460,-1.860,2.690,-3.160,518,100.0
37113.00,5.9830,-7.0860,3.6410,-1.410,1.450,-2.670,518,100.0
37123.00,6.0770,-7.2150,3.6700,-1.510,1.520,-2.670,518,100.0
37133.00,6.1220,-7.2100,3.7120,-0.780,1.900,-2.650,518,100.0
37143.00,6.0870,-7.1150,3.7490,-0.600,2.290,-2.630,519,100.0
37153.00,6.0840,-7.1280,3.7800,-1.410,2.290,-2.700,519,100.0
37163.00,6.1000,-7.1060,3.8280,-1.370,2.720,-2.960,519,100.0
37173.00,6.0100,-7.1440,3.8990,-0.250,3.740,-3.120,519,100.0
37183.00,6.0750,-6.9530,3.8620,0.490,3.880,-3.230,519,100.0
37193.00,6.1960,-6.7170,3.8080,-1.060,3.110,-2.020,520,100.0
37203.00,6.0280,-6.6980,3.8690,-3.090,1.150,1.860,520,100.0
37213.00,5.9220,-6.9630,3.7070,-6.150,0.730,3.270,520,100.0
37223.00,6.4120,-6.5610,3.3690,-7.710,2.500,2.630,520,100.0
37233.00,5.9050,-6.7660,3.6030,-9.550,4.510,7.020,520,100.0
37243.00,5.2820,-7.1980,3.5170,-9.510,4.960,9.290,521,100.0
37253.00,5.9180,-7.5930,2.8300,-7.310,13.470,-5.200,521,100.0
37263.00,5.8680,-6.8480,2.8850,-6.540,19.170,-8.130,521,100.0
37273.00,5.9150,-6.1980,3.1210,-3.840,17.180,-6.060,521,100.0
37283.00,6.3980,-6.7760,3.2700,-8.200,8.180,-5.360,521,100.0
37293.00,5.9370,-7.3310,3.4390,-5.540,6.140,-6.480,522,100.0
37303.00,5.6450,-7.3630,3.3720,-3.320,12.750,-9.120,522,100.0
37313.00,6.1040,-7.0450,3.2190,-7.780,16.920,-9.890,522,100.0
37323.00,6.2200,-7.0740,3.1660,-11.590,16.040,-8.000,522,100.0
37333.00,5.9860,-7.1490,3.1580,-11.240,16.270,-5.900,522,100.0
37343.00,5.8030,-7.1520,3.1340,-11.730,17.600,-5.890,523,100.0
37353.00,5.9130,-7.2100,3.0230,-14.970,19.170,-7.410,523,100.0
37363.00,6.0960,-7.2770,2.8590,-16.880,20.890,-8.000,523,100.0
37373.00,6.0590,-7.3230,2.8170,-16.000,22.030,-7.900,523,100.0
37383.00,6.0130,-7.2380,2.8580,-15.650,23.040,-8.040,523,100.0
37393.00,6.6690,-7.6480,2.6540,-18.160,26.890,-12.060,524,100.0
37403.00,6.4120,-7.7500,2.5980,-13.590,24.930,-8.790,524,100.0
37413.00,6.1800,-7.7260,2.7670,-9.810,23.670,-7.360,524,100.0
37423.00,6.3090,-7.6520,2.7550,-7.320,25.050,-7.220,524,100.0
37433.00,6.3820,-7.6250,2.6930,-5.850,25.120,-6.270,524,100.0
37443.00,6.6380,-7.5580,2.5690,-3.160,25.530,-5.050,525,100.0
37453.00,6.5570,-7.5060,2.7510,0.330,26.330,-4.610,525,100.0
37463.00,6.2400,-7.3430,2.6080,3.270,28.620,-4.030,525,100.0
37473.00,5.7770,-7.0690,2.7540,4.270,28.690,-2.820,525,100.0
37483.00,5.8220,-6.9260,2.6390,3.200,28.550,-2.960,525,100.0
37493.00,5.9230,-6.9120,2.6100,3.480,27.420,-3.090,526,100.0
37503.00,5.7760,-6.6260,2.5190,4.580,26.730,-2.840,526,100.0
37513.00,5.6670,-6.7030,2.4350,3.360,27.710,-4.100,526,100.0
37523.00,5.2740,-6.9360,2.2500,4.060,27.640,-4.150,526,100.0
37533.00,4.6480,-6.9030,1.9770,12.180,24.490,-3.790,526,100.0
37543.00,4.6600,-6.8490,1.9770,20.120,23.300,-2.770,527,100.0
37553.00,4.6950,-6.5630,2.0880,29.050,20.520,-1.490,527,100.0
37563.00,4.7310,-6.2350,2.3900,36.100,18.000,-0.640,527,100.0
37573.00,4.5720,-5.9420,2.7910,40.210,17.250,0.390,527,100.0
37583.00,4.2000,-5.6180,3.1870,39.220,15.570,1.210,527,100.0
37593.00,3.9030,-5.3120,3.3570,32.600,11.280,3.310,528,100.0
37603.00,3.9720,-5.3260,3.5720,27.670,8.430,5.270,528,100.0
37613.00,4.0890,-5.4950,3.8280,26.210,7.960,4.850,528,100.0
37623.00,4.3760,-5.5640,4.1000,26.690,9.390,2.450,528,100.0
37633.00,4.8290,-5.6960,4.4480,29.730,13.240,-1.480,528,100.0
37643.00,4.9500,-6.1710,4.9670,32.060,17.460,-4.080,529,100.0
37653.00,4.8950,-6.4650,5.2790,28.790,17.510,-2.980,529,100.0
37663.00,5.0160,-7.0200,5.5780,20.820,13.750,-0.900,529,100.0
37673.00,5.1750,-7.4820,5.8240,14.870,9.640,0.680,529,100.0
37683.00,6.4230,-6.7810,6.0760,17.710,7.540,-2.610,529,100.0
37693.00,7.0610,-7.1180,6.3860,22.560,8.340,-2.980,530,100.0
37703.00,6.8080,-8.1230,6.6370,25.600,12.030,-0.390,530,100.0
37713.00,6.8190,-8.6470,6.7250,27.750,14.780,-1.910,530,100.0
37723.00,6.7050,-8.4190,6.7940,28.770,15.800,-4.030,530,100.0
37733.00,6.1240,-7.9220,7.0180,28.910,14.640,-4.430,530,100.0
37743.00,5.6020,-7.8250,7.0560,28.730,11.470,-4.050,531,100.0
37753.00,5.6330,-7.7470,6.7210,26.810,6.400,-2.720,531,100.0
37763.00,6.0920,-8.0670,6.3680,23.730,1.550,-3.030,531,100.0
37773.00,6.1480,-8.0910,6.2170,23.570,-1.730,-1.420,531,100.0
37783.00,6.1170,-7.9510,6.2030,23.800,-3.390,-0.500,531,100.0
37793.00,6.0860,-7.5320,6.2830,22.960,-4.020,0.110,532,100.0
37803.00,6.1020,-7.3170,6.4640,19.930,-4.390,0.400,532,100.0
37813.00,6.0710,-7.6190,6.5000,15.980,-5.580,0.440,532,100.0
37824.00,4.9970,-7.7410,6.3490,9.170,-3.440,0.980,532,100.0
37834.00,5.2980,-7.5580,6.0960,4.860,-1.800,-0.650,532,100.0
37844.00,5.8150,-7.3020,5.9710,1.500,-3.060,0.890,533,100.0
37854.00,5.8180,-7.0670,6.0040,2.520,-4.900,2.540,533,100.0
37864.00,5.6500,-6.9840,5.8890,0.980,-6.090,2.420,533,100.0
37874.00,5.4710,-6.9460,5.7430,-2.790,-6.930,1.650,533,100.0
37884.00,5.0450,-7.0190,5.6260,-4.940,-8.200,1.580,533,100.0
37894.00,5.1970,-6.8350,5.4990,-6.170,-10.010,0.050,534,100.0
37904.00,5.2740,-7.0400,5.4350,-7.080,-10.550,-1.880,534,100.0
37914.00,5.2790,-6.8320,5.3690,-3.950,-12.650,-3.660,534,100.0
37924.00,5.4000,-6.8860,5.3200,-5.430,-13.310,-5.640,534,100.0
37934.00,5.3350,-6.9990,5.3090,-6.170,-12.930,-6.640,534,100.0
37944.00,5.1540,-6.8110,5.3370,-5.490,-12.960,-7.760,535,100.0
37954.00,5.3740,-6.6910,5.1790,-9.070,-12.190,-9.720,535,100.0
37964.00,5.3830,-6.5550,5.0930,-11.910,-12.320,-9.560,535,100.0
37974.00,5.4840,-6.4850,4.9720,-13.310,-13.210,-9.400,535,100.0
37984.00,5.4650,-6.5440,4.8410,-14.360,-14.430,-8.700,535,100.0
37994.00,5.2520,-6.6010,4.8170,-14.380,-16.450,-7.510,536,100.0
38004.00,5.0350,-6.5410,4.8610,-13.620,-19.050,-6.640,536,100.0
38014.00,5.0470,-6.5200,4.7000,-13.620,-20.820,-7.160,536,100.0
38024.00,5.0870,-6.3690,4.5700,-12.820,-23.310,-5.850,536,100.0
38034.00,5.0320,-6.5030,4.4570,-11.790,-25.340,-3.650,536,100.0
38044.00,5.4520,-6.3870,4.1640,-12.080,-25.770,-3.770,537,100.0
38054.00,5.5460,-6.5250,3.8940,-13.400,-23.600,-3.310,537,100.0
38064.00,4.9370,-7.6400,3.7160,-15.340,-20.700,-4.380,537,100.0
38074.00,3.3570,-8.5570,4.0280,1.590,-21.070,-1.200,537,100.0
38084.00,6.1650,-6.0320,2.1630,-3.600,-13.280,-16.670,537,100.0
38094.00,7.1420,-6.1340,4.3350,-20.820,-0.070,-19.480,538,100.0
38104.00,4.6980,-5.6060,5.4670,-2.930,-23.900,4.100,538,100.0
38114.00,4.7660,-6.3690,4.3460,-13.470,-23.030,3.290,538,100.0
38124.00,5.8830,-7.4700,3.1860,-31.040,-15.990,-3.450,538,100.0
38134.00,6.4510,-7.4630,2.9390,-31.540,-12.330,-4.560,538,100.0
38144.00,6.5560,-6.5800,3.2250,-22.720,-8.470,-2.890,539,100.0
38154.00,6.2240,-6.5430,3.6520,-19.660,-6.840,-2.600,539,100.0
38164.00,5.9280,-6.4720,3.8100,-17.540,-7.490,-1.370,539,100.0
38174.00,6.0230,-6.8090,3.6520,-22.340,-6.510,-1.700,539,100.0
38184.00,6.1600,-6.9720,3.4980,-23.180,-3.950,-2.540,539,100.0
38194.00,6.0350,-6.9590,3.5010,-19.260,-2.660,-2.600,540,100.0
38204.00,6.2240,-6.9220,3.3660,-17.790,-3.180,-3.230,540,100.0
38214.00,6.3320,-7.0000,3.3060,-18.300,-2.340,-3.790,540,100.0
38224.00,6.2820,-6.9550,3.2980,-17.230,-0.630,-4.010,540,100.0
38234.00,6.1800,-6.8930,3.2970,-16.580,0.870,-4.150,540,100.0
38244.00,6.0350,-6.7330,3.2610,-17.370,1.970,-3.870,541,100.0
38254.00,6.3760,-6.8150,3.1920,-19.350,2.990,-4.680,541,100.0
38264.00,6.3700,-7.0150,3.2080,-17.860,3.560,-3.590,541,100.0
38274.00,6.4270,-6.8240,3.1150,-15.370,3.670,-2.950,541,100.0
38284.00,6.0580,-7.1150,3.2970,-15.950,4.930,-2.110,541,100.0
38294.00,5.9040,-7.0250,3.2590,-15.950,6.800,-2.490,542,100.0
38304.00,6.2420,-7.0140,3.1360,-18.660,9.410,-4.560,542,100.0
38314.00,6.2770,-7.1100,3.0980,-19.960,10.620,-4.050,542,100.0
38324.00,6.0740,-7.1040,3.1400,-18.050,11.320,-3.000,542,100.0
38334.00,5.8070,-7.2230,3.1960,-18.050,12.660,-2.910,542,100.0
38344.00,5.7170,-7.2230,3.0850,-18.680,13.260,-3.000,543,100.0
38354.00,5.7370,-7.2250,3.0280,-18.840,13.290,-3.020,543,100.0
38364.00,5.8040,-7.2670,3.0440,-17.670,13.030,-3.140,543,100.0
38374.00,5.8480,-7.2550,3.1170,-16.370,13.170,-3.400,543,100.0
38384.00,5.8220,-7.0740,3.2910,-17.630,12.210,-2.650,543,100.0
38394.00,5.7830,-7.1760,3.2180,-19.560,11.670,-1.770,544,100.0
38404.00,5.8430,-7.2920,3.1140,-20.120,11.960,-1.300,544,100.0
38414.00,5.8330,-7.4340,3.0000,-19.680,13.050,-1.440,544,100.0
38424.00,5.9050,-7.3370,2.9640,-18.870,14.500,-1.760,544,100.0
38434.00,5.8830,-7.3780,2.9870,-17.860,15.320,-2.020,544,100.0
38444.00,5.7770,-7.3370,3.0070,-17.180,15.430,-1.250,545,100.0
38454.00,5.8160,-7.4960,2.9890,-16.910,15.850,-1.550,545,100.0
38464.00,5.6560,-7.5620,3.0080,-16.020,16.220,-1.410,545,100.0
38474.00,5.8000,-7.4720,3.0350,-15.430,17.130,-2.070,545,100.0
38484.00,5.7550,-7.4040,3.0130,-15.920,17.110,-2.540,545,100.0
38494.00,5.6550,-7.3920,3.0710,-15.780,16.970,-2.530,546,100.0
38504.00,5.6330,-7.4790,3.0900,-15.790,17.300,-3.140,546,100.0
38514.00,5.6210,-7.4880,3.0400,-16.060,17.390,-3.790,546,100.0
38524.00,5.7540,-7.4330,3.0430,-15.370,16.880,-4.360,546,100.0
38534.00,5.4020,-7.4160,3.0590,-14.380,15.690,-2.980,546,100.0
38544.00,5.6300,-7.4110,3.0730,-14.410,15.660,-3.140,547,100.0
38554.00,5.5980,-7.6730,2.9850,-14.800,15.480,-3.350,547,100.0
38564.00,5.6660,-7.5680,3.0580,-13.470,16.040,-3.170,547,100.0
38574.00,5.7910,-7.6010,3.1520,-12.750,16.440,-4.170,547,100.0
38584.00,5.6430,-7.4750,3.2650,-10.910,16.780,-4.000,547,100.0
38594.00,5.6190,-7.4580,3.2860,-10.460,16.760,-3.770,548,100.0
38604.00,5.6380,-7.5110,3.2490,-10.960,15.920,-3.230,548,100.0
38614.00,5.6180,-7.4450,3.2430,-10.680,15.180,-2.630,548,100.0
38624.00,5.5530,-7.3780,3.2840,-10.510,14.640,-2.370,548,100.0
38634.00,5.4560,-7.3750,3.3110,-10.600,14.100,-2.110,548,100.0
38644.00,5.3800,-7.3960,3.2430,-11.210,13.350,-1.790,549,100.0
38654.00,5.6600,-7.4220,3.1930,-11.660,12.350,-1.910,549,100.0
38664.00,5.5540,-7.3970,3.1710,-8.710,10.420,-0.650,549,100.0
38674.00,5.6570,-7.4260,3.0850,-8.300,9.090,-0.900,549,100.0
38684.00,5.5530,-7.5080,3.0130,-7.710,7.640,0.120,549,100.0
38694.00,5.5450,-7.4520,2.8190,-6.990,5.840,1.400,550,100.0
38704.00,5.6430,-7.5390,2.6540,-6.260,3.000,1.860,550,100.0
38714.00,5.6310,-7.5340,2.5960,-3.770,-0.100,2.660,550,100.0
38724.00,5.8090,-7.5740,2.5670,-0.940,-2.180,2.940,550,100.0
38734.00,5.9830,-7.5810,2.5200,1.570,-4.210,3.060,550,100.0
38744.00,6.0190,-7.5790,2.5070,3.830,-6.020,3.480,551,100.0
38754.00,5.9740,-7.5010,2.5630,6.470,-7.800,3.940,551,100.0
38764.00,5.8870,-7.3990,2.6500,8.640,-10.220,4.460,551,100.0
38774.00,5.8220,-7.3160,2.7720,9.660,-13.310,5.390,551,100.0
38784.00,5.8730,-7.2270,2.8030,10.270,-16.110,6.130,551,100.0
38794.00,5.8380,-7.1550,2.7790,10.920,-18.880,6.690,552,100.0
38804.00,5.9360,-7.3630,2.6360,11.780,-21.920,7.110,552,100.0
38815.00,5.9220,-7.4120,2.7200,15.490,-26.790,6.950,552,100.0
38824.00,5.8800,-7.3920,2.8180,18.370,-27.580,6.200,552,100.0
38834.00,6.0320,-7.3240,2.7820,19.140,-28.380,5.510,552,100.0
38845.00,5.9660,-7.4180,2.8000,18.810,-29.550,5.390,553,100.0
38855.00,5.7000,-7.3830,2.9080,19.480,-30.920,5.160,553,100.0
38865.00,5.5360,-7.3360,2.9980,17.940,-32.980,3.990,553,100.0
38875.00,5.5250,-7.3950,2.8700,14.030,-35.240,2.570,553,100.0
38885.00,5.5990,-7.5370,2.5650,11.440,-36.760,1.720,553,100.0
38895.00,5.7140,-7.8180,2.3740,12.060,-37.030,1.120,554,100.0
38905.00,5.5510,-7.9170,2.4030,14.070,-36.240,0.370,554,100.0
38915.00,5.3850,-7.7570,2.4620,13.300,-36.680,-1.530,554,100.0
38925.00,5.4500,-7.6710,2.4570,11.040,-38.740,-3.590,554,100.0
38935.00,5.7110,-7.7590,2.4690,11.600,-38.900,-5.240,554,100.0
38945.00,5.9160,-7.6800,2.4830,14.170,-37.660,-5.920,555,100.0
38955.00,6.3430,-7.6450,2.4430,17.360,-34.750,-9.490,555,100.0
38965.00,6.2580,-7.6840,2.5590,17.880,-29.900,-10.140,555,100.0
38975.00,5.9150,-7.6360,2.7850,19.480,-26.770,-10.700,555,100.0
38985.00,6.0560,-7.5320,2.8190,16.480,-23.600,-12.380,555,100.0
38995.00,6.0620,-7.5020,2.7990,14.020,-21.840,-12.850,556,100.0
39005.00,5.9330,-7.4320,2.8890,13.530,-21.100,-11.000,556,100.0
39015.00,6.0010,-7.4530,2.7820,12.830,-19.490,-10.350,556,100.0
39025.00,5.9050,-7.7880,2.7880,10.570,-17.230,-9.160,556,100.0
39035.00,6.1390,-7.6900,2.6930,10.390,-14.210,-9.230,556,100.0
39045.00,6.0140,-7.6390,2.9320,13.180,-12.390,-8.670,557,100.0
39055.00,6.2330,-7.4420,3.0430,11.480,-8.780,-10.610,557,100.0
39065.00,6.1140,-7.6800,3.2130,9.710,-5.460,-10.350,557,100.0
39075.00,5.8930,-7.5570,3.3770,12.390,-3.510,-8.650,557,100.0
39085.00,6.0560,-7.5330,3.3460,10.150,-2.220,-9.840,557,100.0
39095.00,6.0550,-7.3720,3.3430,5.910,3.620,-11.190,558,100.0
39105.00,5.9250,-7.1500,3.4710,4.880,5.560,-10.770,558,100.0
39115.00,5.7760,-7.1700,3.4360,2.240,6.540,-10.350,558,100.0
39125.00,5.6870,-7.3120,3.2910,-1.600,7.750,-10.420,558,100.0
39135.00,5.6240,-7.3830,3.0740,-4.540,8.970,-10.650,558,100.0
39145.00,5.4750,-7.4420,2.9790,-6.690,9.640,-10.510,559,100.0
39155.00,5.4310,-7.4460,2.9080,-7.200,10.280,-10.510,559,100.0
39165.00,5.3850,-7.6040,2.7900,-7.320,11.180,-10.650,559,100.0
39175.00,5.3060,-7.8240,2.6400,-6.540,11.890,-10.400,559,100.0
39185.00,5.1370,-7.9520,2.5670,-4.280,11.580,-9.670,559,100.0
39195.00,5.2940,-7.6370,2.4130,-3.770,11.630,-9.600,560,100.0
39205.00,4.9440,-8.1420,2.6400,-5.470,12.650,-8.340,560,100.0
39215.00,4.5950,-8.2480,2.8060,-0.740,11.160,-7.320,560,100.0
39225.00,4.8450,-8.0800,2.6700,-1.230,9.480,-9.540,560,100.0
39235.00,5.0820,-8.5170,2.6960,-5.350,10.510,-11.520,560,100.0
39245.00,4.8650,-8.5230,2.7760,-2.490,10.060,-12.190,561,100.0
39255.00,4.9530,-8.4700,2.8120,-1.860,10.620,-15.000,561,100.0
39265.00,5.0870,-8.3010,2.8880,-1.500,11.420,-17.090,561,100.0
39275.00,5.4610,-7.8480,2.8350,-3.740,12.370,-17.980,561,100.0
39285.00,5.2980,-7.9720,2.9630,-6.900,11.880,-15.350,561,100.0
39295.00,4.8140,-8.2880,3.1760,-4.380,10.060,-12.080,562,100.0
39305.00,4.9990,-8.1630,2.9790,-3.460,7.830,-13.130,562,100.0
39315.00,5.4410,-8.0940,2.6300,-7.530,7.190,-14.550,562,100.0
39325.00,5.3590,-8.1180,2.6050,-6.750,7.870,-12.130,562,100.0
39335.00,4.9390,-8.0240,2.7330,-1.720,5.560,-8.130,562,100.0
39345.00,4.8080,-8.2770,2.5510,-2.200,1.380,-6.800,563,100.0
39355.00,5.0500,-8.3600,2.2430,-3.140,-0.050,-8.230,563,100.0
39365.00,5.1310,-8.3300,2.1850,-2.670,2.510,-10.660,563,100.0
39375.00,5.0460,-7.7560,2.4090,-0.590,4.670,-13.900,563,100.0
39385.00,5.0700,-7.7730,2.4640,-1.290,4.440,-13.850,563,100.0
39395.00,5.0760,-7.7910,2.4920,-0.290,3.320,-12.360,564,100.0
39405.00,4.9870,-7.7090,2.5840,1.870,1.640,-10.400,564,100.0
39415.00,4.9140,-7.5490,2.8470,4.410,-0.890,-8.160,564,100.0
39425.00,5.1480,-6.8270,3.0130,5.460,-3.740,-4.800,564,100.0
39435.00,4.7040,-5.9900,3.9070,9.200,-7.380,8.860,564,100.0
39445.00,3.4910,-5.9540,4.1030,10.570,-12.610,27.860,565,100.0
39455.00,4.8760,-9.8040,2.8720,-11.800,-25.340,25.570,565,100.0
39465.00,5.9920,-11.0900,0.8140,-23.630,-22.520,4.550,565,100.0
39475.00,6.0400,-9.9250,0.7100,-11.310,10.270,-19.170,565,100.0
39485.00,5.1180,-7.6100,2.3700,7.660,33.000,-27.870,565,100.0
39495.00,3.8660,-5.4190,4.1590,16.800,26.070,-21.480,566,100.0
39505.00,3.4540,-5.2610,4.6220,7.000,6.220,-10.240,566,100.0
39515.00,5.2740,-8.9710,2.5550,-19.590,-10.720,-4.850,566,100.0
39525.00,5.4690,-9.0320,2.2950,-12.210,-3.760,-7.060,566,100.0
39535.00,5.3550,-8.3370,2.5810,-3.930,1.460,-8.860,566,100.0
39545.00,5.4300,-7.9460,2.9220,-2.930,2.670,-10.020,567,100.0
39555.00,5.6550,-7.9990,3.0000,-6.410,3.040,-10.720,567,100.0
39565.00,5.8710,-8.0010,2.9920,-7.640,4.860,-11.330,567,100.0
39575.00,5.8610,-7.7430,3.1960,-7.950,6.850,-11.680,567,100.0
39585.00,5.8040,-7.4850,3.2540,-10.630,6.800,-11.070,567,100.0
39595.00,5.9350,-7.5910,3.0990,-16.810,5.660,-10.400,568,100.0
39605.00,6.0610,-7.7630,2.8270,-21.760,6.500,-10.260,568,100.0
39615.00,6.0380,-7.8080,2.7020,-23.950,8.870,-10.980,568,100.0
39625.00,6.1310,-8.0350,2.4950,-25.000,11.110,-12.550,568,100.0
39635.00,6.6850,-8.8630,1.9100,-28.500,10.810,-15.280,568,100.0
39645.00,6.6780,-8.3090,1.7690,-24.540,14.240,-21.060,569,100.0
39655.00,5.8450,-6.9960,2.8230,-16.250,16.880,-21.990,569,100.0
39665.00,6.0450,-7.1970,2.5730,-21.250,12.300,-21.370,569,100.0
39675.00,6.2030,-7.3990,2.3180,-23.110,10.720,-20.730,569,100.0
39685.00,6.1340,-7.3370,2.2680,-21.410,10.910,-19.640,569,100.0
39695.00,6.0310,-7.1190,2.3640,-20.200,12.210,-19.270,570,100.0
39705.00,5.9280,-6.8070,2.5200,-19.450,13.490,-18.260,570,100.0
39715.00,6.0500,-7.1600,2.4190,-20.890,12.720,-16.050,570,100.0
39725.00,6.3570,-7.6280,2.0760,-22.950,11.320,-15.580,570,100.0
39735.00,6.5120,-7.6370,1.9210,-20.820,14.730,-17.000,570,100.0
39745.00,6.5120,-7.3790,2.1270,-16.250,19.070,-17.840,571,100.0
39755.00,6.5460,-7.2520,2.3860,-13.500,20.220,-17.800,571,100.0
39765.00,6.6280,-7.2590,2.4940,-13.450,19.770,-17.800,571,100.0
39775.00,6.6840,-7.3200,2.4960,-13.660,19.800,-17.980,571,100.0
39785.00,6.6500,-7.2760,2.5790,-12.660,20.010,-17.820,571,100.0
39796.00,6.5450,-7.0660,2.7080,-10.190,18.790,-16.840,572,100.0
39805.00,6.5150,-6.9780,2.7000,-8.990,17.130,-16.040,572,100.0
39815.00,6.4540,-6.8940,2.6210,-8.370,15.030,-14.670,572,100.0
39825.00,6.4160,-6.7930,2.5360,-7.810,12.660,-12.990,572,100.0
39835.00,6.4180,-6.6770,2.4750,-7.600,10.490,-11.560,572,100.0
39845.00,6.5010,-6.6540,2.4400,-7.270,9.060,-10.700,573,100.0
39855.00,6.6180,-6.5820,2.3800,-6.940,8.780,-10.610,573,100.0
39865.00,6.7820,-6.5280,2.3500,-6.010,9.360,-10.440,573,100.0
39876.00,7.0010,-6.5650,2.3520,-4.300,10.700,-10.300,573,100.0
39886.00,7.2050,-6.6660,2.3500,-2.460,13.450,-10.540,573,100.0
39896.00,7.3230,-6.7620,2.4100,-0.800,16.090,-10.680,574,100.0
39906.00,7.3780,-6.8270,2.5050,0.400,18.190,-10.350,574,100.0
39916.00,7.3560,-6.8110,2.6660,1.350,19.650,-9.840,574,100.0
39926.00,7.3310,-6.7740,2.8670,1.940,20.420,-9.370,574,100.0
39936.00,7.2010,-6.8730,3.0350,1.800,20.000,-8.420,574,100.0
39946.00,7.0640,-6.8930,2.9680,-1.040,15.690,-5.940,575,100.0
39956.00,6.9210,-6.9320,2.8780,-1.640,14.120,-5.060,575,100.0
39966.00,6.8140,-6.9750,2.8180,-1.720,12.120,-4.490,575,100.0
39976.00,6.7900,-7.0420,2.6840,-2.760,9.370,-4.000,575,100.0
39986.00,6.7380,-7.0640,2.4940,-2.910,7.100,-3.330,575,100.0
39996.00,6.5730,-6.9660,2.4020,-0.970,5.890,-2.390,576,100.0
40006.00,6.3900,-6.8010,2.3700,1.120,3.530,-1.020,576,100.0
40016.00,6.3230,-6.7050,2.3220,1.780,-0.220,0.280,576,100.0
40026.00,6.3480,-6.7340,2.2520,2.570,-2.970,1.090,576,100.0
40036.00,6.4550,-6.7270,2.1810,3.640,-4.090,0.680,576,100.0
40046.00,6.5410,-6.6660,2.2260,5.340,-4.140,0.110,577,100.0
40056.00,6.5700,-6.6010,2.3110,7.440,-3.860,0.180,577,100.0
40066.00,6.5590,-6.5670,2.4150,8.890,-3.710,0.280,577,100.0
40076.00,6.5350,-6.5430,2.6240,8.400,-3.880,-0.080,577,100.0
40086.00,6.5340,-6.4230,2.7660,7.140,-3.760,-1.230,577,100.0
40096.00,6.7310,-6.4670,2.7550,6.120,-2.730,-2.400,578,100.0
40106.00,6.9690,-6.7170,2.8780,6.880,-0.710,-2.740,578,100.0
40116.00,7.0240,-6.8110,2.8970,6.680,0.800,-2.670,578,100.0
40126.00,6.8630,-6.6990,3.0160,5.930,2.570,-2.840,578,100.0
40136.00,6.7040,-6.5860,3.2110,6.120,5.120,-3.980,578,100.0
40146.00,6.5830,-6.5760,3.1890,4.790,6.420,-5.130,579,100.0
40156.00,6.6500,-6.7580,3.1160,2.030,7.050,-6.990,579,100.0
40166.00,6.7830,-6.9360,3.0730,1.680,8.250,-8.830,579,100.0
40176.00,6.7620,-7.0070,3.1100,2.470,8.800,-9.260,579,100.0
40186.00,6.6180,-6.9910,3.1470,2.500,9.740,-9.750,579,100.0
40196.00,6.4060,-6.8870,3.2090,2.520,11.050,-10.590,580,100.0
40206.00,6.3300,-6.8590,3.1760,1.780,11.580,-11.310,580,100.0
40216.00,6.4630,-6.9930,3.1940,1.820,11.460,-11.430,580,100.0
40226.00,6.5810,-7.0710,3.0520,1.140,11.530,-11.520,580,100.0
40236.00,6.3630,-6.9080,3.2210,0.630,12.070,-11.430,580,100.0
40246.00,6.2060,-6.6620,3.3000,-0.060,12.490,-11.770,581,100.0
40256.00,6.2440,-6.6950,3.2850,-1.290,12.350,-11.560,581,100.0
40266.00,6.3780,-6.9370,3.2200,-2.040,11.300,-10.310,581,100.0
40276.00,6.4400,-7.0880,3.1210,-2.280,11.420,-9.110,581,100.0
40286.00,6.3850,-7.0450,3.0970,-2.370,12.940,-8.930,581,100.0
40296.00,6.2460,-6.8620,3.2120,-2.370,14.360,-8.930,582,100.0
40306.00,6.1990,-6.7880,3.2610,-3.210,15.640,-9.090,582,100.0
40316.00,6.1600,-6.8720,3.1420,-3.950,15.670,-8.420,582,100.0
40326.00,6.1280,-7.0100,3.0600,-4.240,14.480,-7.570,582,100.0
40336.00,6.0700,-7.0370,3.0640,-3.820,14.270,-7.220,582,100.0
40346.00,6.0490,-7.0210,3.0960,-3.840,14.450,-7.860,583,100.0
40356.00,6.0620,-6.9510,3.1930,-3.190,14.410,-8.490,583,100.0
40366.00,6.1710,-7.0680,3.1940,-1.780,12.190,-8.230,583,100.0
40376.00,6.1290,-7.0340,3.2270,-0.990,11.370,-8.040,583,100.0
40386.00,6.0410,-6.9290,3.2190,-0.460,10.700,-7.720,583,100.0
40396.00,6.0310,-6.9410,3.2390,-0.810,9.950,-7.300,584,100.0
40406.00,6.0960,-6.9890,3.2740,-1.040,9.430,-6.990,584,100.0
40416.00,6.1350,-6.9830,3.3060,-1.460,8.480,-6.710,584,100.0
40426.00,6.1670,-6.9930,3.3390,-2.110,7.830,-6.390,584,100.0
40436.00,6.1850,-7.0510,3.3060,-3.000,7.590,-6.290,584,100.0
40446.00,6.1740,-7.0370,3.2780,-3.600,7.200,-5.900,585,100.0
40456.00,6.1540,-7.0460,3.2060,-4.190,7.270,-5.260,585,100.0
40466.00,6.1490,-7.0800,3.0770,-4.520,7.660,-4.780,585,100.0
40476.00,6.1370,-7.1740,2.9620,-4.610,7.760,-4.350,585,100.0
40486.00,6.0980,-7.2230,2.9570,-4.170,7.870,-3.940,585,100.0
40496.00,6.0760,-7.1940,2.9670,-3.490,8.390,-3.770,586,100.0
40506.00,6.0860,-7.2010,2.9610,-2.460,7.990,-3.000,586,100.0
40516.00,6.0530,-7.1920,2.9560,-2.720,6.840,-2.350,586,100.0
40526.00,6.0500,-7.2320,2.9880,-2.790,6.240,-1.830,586,100.0
40536.00,6.0930,-7.2560,2.9610,-2.410,6.310,-1.620,586,100.0
40546.00,6.1340,-7.2700,2.9520,-1.110,6.260,-1.370,587,100.0
40556.00,6.1160,-7.2440,3.0140,0.310,6.330,-1.210,587,100.0
40566.00,6.0610,-7.1440,3.0530,0.890,6.350,-1.090,587,100.0
40576.00,6.0580,-7.1460,3.0190,0.820,6.070,-0.930,587,100.0
40586.00,6.1540,-7.1940,3.0590,0.930,5.930,-0.850,587,100.0
40596.00,6.2320,-7.2040,3.1200,1.210,6.490,-0.860,588,100.0
40606.00,6.1910,-7.1530,3.1280,1.030,6.890,-0.720,588,100.0
40616.00,6.1050,-7.0990,3.0920,0.470,6.730,-0.370,588,100.0
40626.00,6.0030,-7.1400,2.9870,-0.460,6.360,-0.230,588,100.0
40636.00,5.9590,-7.2290,2.8270,-0.900,5.510,-0.150,588,100.0
40646.00,5.8770,-7.3750,2.7640,0.350,4.090,0.210,589,100.0
40656.00,5.8180,-7.3560,2.8090,1.640,3.620,0.190,589,100.0
40666.00,5.8000,-7.2930,2.9040,2.550,2.930,-0.060,589,100.0
40676.00,5.7970,-7.2260,2.9730,2.680,2.500,-0.500,589,100.0
40686.00,5.8820,-7.1820,3.0500,2.590,2.090,-0.950,589,100.0
40696.00,6.0090,-7.2000,3.0310,2.890,2.040,-1.340,590,100.0
40706.00,6.0580,-7.2860,2.9510,3.130,1.850,-1.300,590,100.0
40716.00,5.8880,-7.3780,2.7980,3.130,1.110,-0.830,590,100.0
40726.00,5.7450,-7.4750,2.6590,2.690,-0.220,-0.370,590,100.0
40736.00,5.7100,-7.5850,2.5840,2.520,-2.030,0.000,590,100.0
40746.00,5.7720,-7.6600,2.5900,3.290,-3.550,0.370,591,100.0
40756.00,5.8070,-7.6720,2.6080,4.850,-4.770,0.700,591,100.0
40766.00,5.8400,-7.6570,2.6630,6.280,-5.670,0.950,591,100.0
40776.00,5.9010,-7.6220,2.7170,7.470,-6.160,1.020,591,100.0
40786.00,5.9600,-7.5630,2.7900,8.220,-6.280,1.210,591,100.0
40796.00,5.9110,-7.4760,2.8150,9.450,-6.350,1.170,592,100.0
40806.00,5.8480,-7.4330,2.8610,9.330,-6.100,0.820,592,100.0
40816.00,5.7730,-7.4010,2.8580,8.770,-5.580,0.370,592,100.0
40826.00,5.7660,-7.3770,2.8670,7.800,-5.230,-0.230,592,100.0
40836.00,5.8400,-7.3750,2.8700,6.820,-4.910,-0.880,592,100.0
40897.00,6.0370,-7.4340,2.8230,6.470,-1.870,-3.230,594,100.0
40907.00,6.0410,-7.4520,2.7930,7.000,-1.190,-3.350,594,100.0
40917.00,6.0030,-7.3980,2.8390,7.580,-0.360,-3.470,594,100.0
40927.00,6.0990,-7.2320,3.0540,7.370,0.410,-3.980,594,100.0
40937.00,6.0780,-7.1830,3.0710,6.540,2.390,-4.640,594,100.0
40947.00,6.0720,-7.1840,3.0670,5.530,2.930,-4.630,595,100.0
40957.00,6.1020,-7.2580,3.0170,4.860,3.270,-4.660,595,100.0
40967.00,6.0570,-7.2690,3.0100,4.900,3.690,-4.420,595,100.0
40977.00,6.0800,-7.2750,3.0460,4.860,4.460,-4.630,595,100.0
40987.00,6.0880,-7.2770,3.0610,5.040,5.520,-4.840,595,100.0
40997.00,6.0010,-7.2290,3.0610,4.900,6.570,-4.990,596,100.0
41007.00,5.9350,-7.1960,3.0800,4.320,7.520,-5.340,596,100.0
41017.00,5.9770,-7.2140,3.0980,3.100,7.920,-5.640,596,100.0
41027.00,6.0700,-7.2530,3.0990,2.430,8.040,-5.800,596,100.0
41037.00,6.0520,-7.2760,3.0770,2.550,8.410,-5.610,596,100.0
41047.00,5.9890,-7.2720,3.0000,2.470,8.360,-5.170,597,100.0
41057.00,5.9600,-7.2940,2.9080,2.080,7.870,-4.850,597,100.0
41067.00,5.9970,-7.3120,2.8520,1.430,7.450,-4.680,597,100.0
41077.00,6.0510,-7.3080,2.8230,1.280,6.920,-4.570,597,100.0
41087.00,6.0170,-7.3350,2.8510,1.770,7.080,-4.660,597,100.0
41097.00,5.9860,-7.3410,2.9280,2.290,7.200,-5.010,598,100.0
41107.00,5.9180,-7.2750,2.9530,2.710,6.850,-5.030,598,100.0
41117.00,5.8580,-7.2340,2.9640,3.110,6.570,-4.820,598,100.0
41127.00,5.8800,-7.3040,2.9970,3.040,5.910,-4.730,598,100.0
41137.00,5.9180,-7.3360,3.0020,2.800,5.120,-4.540,598,100.0
41147.00,5.9000,-7.3120,3.0160,2.850,4.560,-4.470,599,100.0
41157.00,5.8480,-7.3070,2.9860,2.610,4.160,-4.610,599,100.0
41167.00,5.7930,-7.2950,2.9690,2.450,3.440,-4.520,599,100.0
41177.00,5.8690,-7.3600,2.9470,2.260,2.650,-4.640,599,100.0
41187.00,5.9300,-7.3340,2.9490,2.820,1.830,-4.590,599,100.0
41197.00,5.9240,-7.2620,2.9510,3.500,1.250,-4.310,600,100.0
41207.00,5.9310,-7.2310,2.9670,3.970,0.500,-4.190,600,100.0
41217.00,5.9850,-7.2800,2.9770,4.370,-0.780,-4.050,600,100.0
41227.00,6.0580,-7.2870,2.9790,4.600,-1.430,-3.960,600,100.0
41237.00,6.0030,-7.2870,2.9470,5.300,-1.990,-3.490,600,100.0
41247.00,5.9500,-7.3220,2.9270,5.970,-2.450,-3.020,601,100.0
41257.00,5.8930,-7.3120,2.9150,6.350,-2.830,-2.960,601,100.0
41267.00,5.9270,-7.2920,2.9740,6.160,-3.340,-3.190,601,100.0
41277.00,5.9600,-7.2960,2.9560,6.160,-4.090,-3.280,601,100.0
41287.00,5.9430,-7.2980,2.9350,6.190,-5.230,-3.160,601,100.0
41297.00,5.9830,-7.3350,2.9120,6.400,-6.370,-3.020,602,100.0
41307.00,5.9760,-7.3410,2.9130,7.310,-6.860,-2.960,602,100.0
41317.00,5.9380,-7.3010,2.9520,8.330,-6.610,-3.170,602,100.0
41327.00,5.9480,-7.2380,3.0380,8.820,-5.980,-3.860,602,100.0
41337.00,5.9410,-7.1410,3.0710,8.360,-5.540,-4.560,602,100.0
41347.00,5.9850,-7.1400,3.0540,6.720,-5.810,-5.190,603,100.0
41357.00,6.1050,-7.1550,3.0170,5.210,-6.020,-6.310,603,100.0
41367.00,6.1120,-7.2040,2.9380,4.790,-6.030,-6.410,603,100.0
41377.00,6.0810,-7.2530,2.9030,4.990,-5.910,-6.410,603,100.0
41387.00,6.0960,-7.2150,2.9470,5.480,-5.540,-6.600,603,100.0
41397.00,6.1900,-7.1500,3.0440,5.720,-4.860,-7.160,604,100.0
41407.00,6.2420,-7.1110,3.0910,5.580,-3.950,-7.720,604,100.0
41417.00,6.1470,-7.1270,3.0810,5.280,-3.290,-7.850,604,100.0
41427.00,6.2720,-7.1380,3.1340,5.000,-2.830,-7.900,604,100.0
41437.00,6.5800,-7.1580,3.1540,5.060,-1.970,-8.020,604,100.0
41447.00,6.6500,-7.1780,3.0540,4.930,-2.060,-7.010,605,100.0
41457.00,6.4340,-7.1360,2.9710,4.850,-2.180,-5.610,605,100.0
41467.00,6.2100,-7.0750,2.9490,4.200,-1.450,-5.200,605,100.0
41477.00,6.1170,-6.9790,2.8900,3.060,-0.330,-5.270,605,100.0
41487.00,6.1630,-6.9960,2.8580,2.030,0.780,-5.730,605,100.0
41497.00,6.0870,-6.9400,2.9560,1.870,3.200,-6.950,606,100.0
41507.00,6.0070,-6.9400,3.0120,1.000,4.190,-7.930,606,100.0
41517.00,5.9420,-6.9870,3.0180,-0.530,4.930,-8.980,606,100.0
41527.00,5.8810,-7.1150,2.9940,-1.930,5.400,-10.020,606,100.0
41537.00,5.8210,-7.2560,2.9690,-2.600,5.370,-10.860,606,100.0
41547.00,5.8480,-7.3280,3.0170,-2.530,5.330,-11.870,607,100.0
41557.00,5.9470,-7.3670,3.0750,-1.830,5.800,-13.270,607,100.0
41567.00,5.9890,-7.3770,3.0810,-0.660,6.770,-14.300,607,100.0
41577.00,6.0090,-7.3680,3.0860,-0.690,6.800,-14.830,607,100.0
41587.00,6.0630,-7.3440,3.0840,-1.020,6.610,-15.000,607,100.0
41597.00,6.1470,-7.3190,3.0870,-1.340,7.030,-15.390,608,100.0
41607.00,6.2500,-7.2470,3.1190,-1.040,8.060,-15.970,608,100.0
41617.00,6.3380,-7.1620,3.1400,-0.950,8.880,-16.180,608,100.0
41627.00,6.3920,-7.0990,3.1010,-1.710,9.290,-16.050,608,100.0
41637.00,6.4420,-6.9820,3.1650,-2.630,11.960,-16.120,608,100.0
41647.00,6.4250,-6.9470,3.1840,-3.680,13.450,-16.140,609,100.0
41657.00,6.3730,-6.8960,3.1860,-4.730,14.660,-15.950,609,100.0
41667.00,6.3850,-6.9090,3.1560,-5.570,15.940,-16.000,609,100.0
41677.00,6.3880,-6.9810,3.1220,-5.590,17.460,-16.320,609,100.0
41687.00,6.3130,-6.9650,3.0830,-5.290,18.790,-16.510,609,100.0
41697.00,6.2690,-6.9360,3.1150,-5.450,19.610,-16.890,610,100.0
41707.00,6.2410,-6.9120,3.1210,-5.500,20.120,-17.300,610,100.0
41717.00,6.2110,-6.9220,3.1090,-4.890,20.750,-17.560,610,100.0
41727.00,6.2330,-6.9400,3.1200,-4.590,21.220,-17.800,610,100.0
41737.00,6.4070,-6.9390,3.1460,-4.720,21.010,-17.770,610,100.0
41747.00,6.6280,-6.9140,3.1930,-4.070,20.750,-17.580,611,100.0
41757.00,6.6110,-6.7870,3.2440,-3.330,20.500,-17.120,611,100.0
41767.00,6.4780,-6.6310,3.2930,-3.680,20.630,-16.750,611,100.0
41777.00,6.2630,-6.7460,3.0770,-5.050,21.290,-17.120,611,100.0
41787.00,4.0390,-6.7190,2.2860,-8.620,18.840,-14.950,611,100.0
41797.00,5.2960,-7.4200,2.7510,-19.590,12.800,-17.440,612,100.0
41807.00,7.8480,-7.7460,3.1410,-16.560,9.530,-21.270,612,100.0
41817.00,7.9450,-6.9150,3.0600,-3.600,11.910,-17.790,612,100.0
41827.00,6.5200,-6.0450,3.1600,1.520,15.100,-15.970,612,100.0
41837.00,6.2820,-6.0350,3.5620,-3.300,16.970,-19.260,612,100.0
41847.00,7.0510,-6.1020,4.0570,-9.390,20.780,-23.120,613,100.0
41857.00,7.5400,-5.9040,4.3290,-13.340,28.240,-25.820,613,100.0
41867.00,7.4200,-5.6920,4.4850,-16.020,35.540,-27.550,613,100.0
41877.00,7.2000,-5.6880,4.5290,-21.220,40.540,-28.790,613,100.0
41887.00,7.0250,-5.8100,4.3620,-25.730,45.070,-29.900,613,100.0
41897.00,6.8510,-6.0040,4.2540,-28.240,49.220,-31.020,614,100.0
41908.00,6.6230,-6.0800,4.1640,-30.070,52.210,-31.730,614,100.0
41917.00,6.3940,-6.2840,3.7110,-32.820,54.170,-32.350,614,100.0
41928.00,6.5090,-6.3900,3.5490,-35.380,52.020,-31.720,614,100.0
41938.00,6.7070,-6.4070,3.4930,-34.360,49.690,-31.470,614,100.0
41948.00,6.7960,-6.3200,3.5830,-32.160,48.260,-31.210,615,100.0
41958.00,6.9400,-6.2220,3.5740,-30.740,48.170,-30.840,615,100.0
41968.00,7.2160,-6.2670,3.6200,-29.830,48.520,-30.390,615,100.0
41978.00,7.3890,-6.2150,3.6720,-28.450,49.330,-29.020,615,100.0
41988.00,7.2930,-6.0950,3.6830,-28.480,50.880,-27.460,615,100.0
41998.00,7.1950,-5.9910,3.7380,-29.670,52.670,-26.330,616,100.0
42008.00,7.1780,-6.0070,3.7670,-30.480,54.310,-25.280,616,100.0
42018.00,7.1090,-6.0720,3.6950,-30.600,54.910,-23.260,616,100.0
42028.00,6.9660,-6.1960,3.6220,-30.460,54.400,-20.670,616,100.0
42038.00,6.7450,-6.2450,3.5670,-30.620,52.580,-17.750,616,100.0
42048.00,6.6460,-6.3440,3.5380,-31.070,49.900,-15.200,617,100.0
42058.00,6.6480,-6.4840,3.4430,-31.490,47.540,-13.410,617,100.0
42068.00,6.4180,-6.5190,3.4150,-29.670,44.790,-9.910,617,100.0
42078.00,6.3550,-6.5550,3.4450,-28.060,43.530,-8.840,617,100.0
42088.00,6.3810,-6.5770,3.5060,-26.080,41.450,-8.370,617,100.0
42098.00,6.3660,-6.5220,3.5800,-24.530,38.900,-7.650,618,100.0
42108.00,6.3110,-6.4730,3.6920,-23.980,35.970,-7.060,618,100.0
42118.00,6.2930,-6.5130,3.7500,-24.330,32.790,-6.710,618,100.0
42128.00,6.3640,-6.6440,3.7120,-25.260,29.570,-6.450,618,100.0
42138.00,6.5250,-6.8180,3.6710,-25.590,26.890,-6.150,618,100.0
42148.00,6.6230,-6.8590,3.6640,-23.980,25.280,-5.540,619,100.0
42158.00,6.6180,-6.7530,3.7320,-21.800,23.880,-4.960,619,100.0
42168.00,6.6060,-6.6080,3.7490,-20.940,22.530,-4.630,619,100.0
42178.00,6.6430,-6.4940,3.7730,-20.640,21.100,-4.640,619,100.0
42188.00,6.6650,-6.3570,3.7740,-20.520,19.820,-4.560,619,100.0
42198.00,6.6380,-6.2640,3.6920,-21.220,18.960,-4.280,620,100.0
42208.00,6.5710,-6.0940,3.5950,-20.150,18.390,-4.210,620,100.0
42218.00,6.4950,-5.9850,3.5830,-18.840,17.860,-3.680,620,100.0
42228.00,6.4570,-5.9190,3.6020,-18.770,17.410,-3.070,620,100.0
42238.00,6.4820,-5.9120,3.5150,-18.370,17.670,-2.530,620,100.0
42248.00,6.4840,-5.9100,3.4640,-17.120,17.700,-1.280,621,100.0
42258.00,6.4650,-5.9410,3.5470,-15.880,17.410,0.210,621,100.0
42268.00,6.3930,-5.9550,3.6880,-14.690,17.070,1.300,621,100.0
42278.00,6.4400,-6.0010,3.8560,-14.590,16.830,1.790,621,100.0
42288.00,6.6200,-6.0630,3.9800,-15.640,16.640,1.610,621,100.0
42298.00,6.7930,-6.1740,4.0050,-17.440,16.580,1.170,622,100.0
42308.00,6.8380,-6.2930,3.9680,-18.650,17.760,0.820,622,100.0
42318.00,6.7470,-6.3960,3.9690,-20.080,19.840,0.050,622,100.0
42328.00,6.5810,-6.4780,3.9640,-22.200,21.830,-1.250,622,100.0
42338.00,6.4490,-6.6310,3.8950,-24.810,23.410,-2.880,622,100.0
42348.00,6.2870,-7.1800,3.5820,-29.900,22.900,-5.640,623,100.0
42358.00,6.2510,-7.3720,3.3580,-31.670,21.430,-6.390,623,100.0
42368.00,6.2100,-7.4330,3.0800,-32.230,19.280,-6.220,623,100.0
42378.00,6.1190,-7.5010,2.8180,-30.490,17.830,-5.410,623,100.0
42388.00,6.0550,-7.5440,2.7110,-27.470,17.250,-4.780,623,100.0
42398.00,5.9890,-7.5260,2.7190,-24.000,16.180,-4.360,624,100.0
42408.00,5.9430,-7.4470,2.7150,-21.410,13.610,-3.470,624,100.0
42418.00,5.9310,-7.4350,2.6460,-20.200,10.230,-2.070,624,100.0
42428.00,6.0010,-7.5090,2.5590,-18.400,7.850,-0.530,624,100.0
42438.00,6.0310,-7.5460,2.5670,-15.010,6.990,0.930,624,100.0
42448.00,5.9800,-7.4590,2.6440,-11.730,6.730,2.080,625,100.0
42458.00,5.8930,-7.3510,2.7400,-9.480,6.350,2.920,625,100.0
42468.00,5.8820,-7.3340,2.7990,-8.180,5.750,3.480,625,100.0
42478.00,5.9110,-7.3690,2.8160,-6.990,5.020,3.920,625,100.0
42488.00,5.9100,-7.4400,2.9240,-3.350,5.440,4.520,625,100.0
42498.00,5.8540,-7.4220,2.9940,-2.550,5.420,4.380,626,100.0
42508.00,5.8190,-7.4320,3.0040,-2.760,5.070,3.890,626,100.0
42518.00,5.8080,-7.4940,2.9910,-2.980,4.490,3.400,626,100.0
42528.00,5.7790,-7.5400,3.0120,-2.630,4.230,3.100,626,100.0
42538.00,5.8080,-7.5730,2.9620,-2.370,4.540,2.750,626,100.0
42548.00,5.8710,-7.6310,2.9750,-1.790,5.170,2.540,627,100.0
42558.00,5.8330,-7.6210,2.9890,-0.990,5.730,2.280,627,100.0
42568.00,5.7770,-7.5760,3.0000,-0.710,6.490,1.650,627,100.0
42578.00,5.7640,-7.5680,3.0070,-1.020,7.220,0.770,627,100.0
42588.00,5.8010,-7.5880,2.9990,-1.370,7.690,-0.110,627,100.0
42598.00,5.8690,-7.6340,2.9500,-1.250,8.450,-0.970,628,100.0
42608.00,5.8860,-7.6780,2.9740,-0.430,9.740,-1.630,628,100.0
42618.00,5.8140,-7.6680,2.9970,0.030,10.980,-2.560,628,100.0
42628.00,5.6320,-7.6290,2.9190,-0.880,12.470,-4.210,628,100.0
42638.00,5.6350,-7.7800,2.8960,-1.790,13.750,-5.270,628,100.0
42648.00,5.7210,-7.9720,2.8820,-1.550,15.170,-6.340,629,100.0
42658.00,5.6820,-7.9150,2.9390,-0.200,15.080,-6.950,629,100.0
42668.00,5.6000,-7.7980,3.0260,0.730,14.970,-7.340,629,100.0
42678.00,5.4840,-7.7920,3.1220,0.730,15.530,-7.510,629,100.0
42688.00,5.3490,-7.8070,3.2590,0.370,15.730,-7.760,629,100.0
42698.00,5.2720,-7.8060,3.2570,-0.430,15.390,-8.370,630,100.0
42708.00,5.3300,-7.9640,3.1900,-1.920,15.180,-8.790,630,100.0
42718.00,5.3490,-8.1820,3.2590,-2.630,15.670,-9.320,630,100.0
42728.00,5.2050,-8.1520,3.3600,-2.200,16.670,-9.810,630,100.0
42738.00,4.9910,-8.0090,3.5540,-0.990,17.720,-10.440,630,100.0
42748.00,4.8870,-7.9230,3.7250,-0.360,18.390,-11.000,631,100.0
42758.00,4.8760,-7.9100,3.8270,-0.740,18.470,-11.150,631,100.0
42768.00,4.8880,-7.9940,3.9330,-1.160,18.670,-11.170,631,100.0
42778.00,4.7970,-7.9170,4.0170,-0.180,19.840,-11.800,631,100.0
42788.00,4.6260,-7.7490,4.0630,-1.110,20.170,-12.830,631,100.0
42798.00,4.5100,-7.6280,4.0830,-2.340,20.220,-14.200,632,100.0
42808.00,4.4200,-7.5680,4.1390,-2.560,20.310,-15.690,632,100.0
42818.00,4.3050,-7.5190,4.2160,-2.560,20.500,-17.000,632,100.0
42828.00,4.2310,-7.5270,4.2680,-3.280,20.800,-18.280,632,100.0
42838.00,4.2320,-7.5520,4.3310,-4.160,20.380,-19.480,632,100.0
42848.00,4.2380,-7.5460,4.3560,-4.590,19.510,-20.310,633,100.0
42858.00,4.2770,-7.5020,4.3760,-4.860,18.600,-20.800,633,100.0
42868.00,4.3050,-7.4390,4.4050,-5.430,17.620,-21.250,633,100.0
42878.00,4.3580,-7.3780,4.4690,-6.820,16.720,-21.810,633,100.0
42888.00,4.4550,-7.3060,4.4990,-8.810,16.300,-22.580,633,100.0
42898.00,4.5480,-7.2700,4.5320,-10.960,16.500,-23.530,634,100.0
42908.00,4.6920,-7.2550,4.4550,-13.290,16.990,-24.380,634,100.0
42918.00,4.7090,-7.2380,4.4010,-18.350,17.900,-25.540,634,100.0
42928.00,4.7290,-7.2450,4.3330,-20.820,18.670,-25.850,634,100.0
42938.00,4.7470,-7.2320,4.2910,-22.200,19.770,-26.150,634,100.0
42949.00,4.7290,-7.1820,4.2420,-23.350,20.560,-26.480,635,100.0
42959.00,4.7840,-7.1840,4.1640,-25.520,20.210,-26.750,635,100.0
42969.00,4.8820,-7.2380,4.0430,-27.340,19.380,-26.690,635,100.0
42979.00,5.0160,-7.2830,3.9380,-27.570,19.450,-26.480,635,100.0
42989.00,5.1630,-7.2820,3.8910,-27.570,20.080,-26.410,635,100.0
42999.00,5.2980,-7.3040,3.8820,-28.060,21.080,-26.290,636,100.0
43009.00,5.4230,-7.3050,3.8830,-28.990,22.660,-26.330,636,100.0
43019.00,5.5650,-7.3170,3.9000,-30.350,24.550,-26.590,636,100.0
43029.00,5.6900,-7.3770,3.9080,-32.100,26.590,-26.970,636,100.0
43039.00,5.8030,-7.4450,3.9390,-33.710,28.820,-27.430,636,100.0
43049.00,5.8930,-7.4750,3.9390,-35.730,32.000,-28.250,637,100.0
43059.00,5.9720,-7.2840,3.9510,-39.240,38.830,-30.320,637,100.0
43069.00,5.9560,-7.1280,3.8630,-41.030,41.990,-31.370,637,100.0
43079.00,6.0270,-7.0120,3.8730,-42.410,44.830,-32.490,637,100.0
43089.00,6.1160,-6.9580,3.7850,-44.160,48.010,-33.760,637,100.0
43099.00,6.2040,-6.9270,3.6690,-45.930,50.920,-35.060,638,100.0
43109.00,6.2420,-6.8440,3.6380,-46.940,53.560,-35.930,638,100.0
43119.00,6.2020,-6.7140,3.6450,-48.540,56.010,-36.900,638,100.0
43129.00,6.2080,-6.5760,3.6250,-50.810,58.160,-38.190,638,100.0
43139.00,6.2380,-6.4740,3.6090,-53.100,60.230,-39.590,638,100.0
43149.00,6.3340,-6.4600,3.5310,-55.850,62.380,-41.180,639,100.0
43159.00,6.4430,-6.5650,3.4740,-57.830,64.830,-42.530,639,100.0
43169.00,6.5340,-6.6420,3.4380,-58.980,66.900,-43.910,639,100.0
43179.00,6.6680,-6.7330,3.3260,-60.330,68.610,-45.070,639,100.0
43189.00,6.7800,-6.6800,3.3230,-60.860,69.610,-45.730,639,100.0
43199.00,7.0260,-6.4660,3.2650,-62.470,71.240,-46.990,640,100.0
43209.00,7.1240,-6.2760,3.2490,-62.540,71.670,-47.410,640,100.0
43219.00,7.1310,-6.1260,3.3050,-62.270,71.170,-47.640,640,100.0
43229.00,7.2750,-6.1340,3.2360,-63.410,70.900,-48.450,640,100.0
43239.00,7.4620,-6.2160,3.2180,-62.450,70.750,-48.500,640,100.0
43249.00,7.5670,-6.2950,3.1630,-61.000,69.870,-47.780,641,100.0
43259.00,7.6630,-6.3190,3.0870,-60.090,68.050,-46.710,641,100.0
43269.00,7.9210,-6.3630,2.9620,-57.830,65.500,-44.630,641,100.0
43279.00,8.1210,-6.3920,2.9570,-51.510,60.860,-39.640,641,100.0
43289.00,7.7150,-6.2840,3.1310,-46.490,56.010,-34.430,641,100.0
43299.00,7.4940,-6.3370,3.1330,-48.170,56.620,-35.220,642,100.0
43309.00,7.6730,-6.3560,3.1380,-50.220,60.670,-38.000,642,100.0
43319.00,7.6190,-6.2480,3.1100,-49.760,62.540,-38.000,642,100.0
43329.00,7.5320,-6.2140,3.1750,-49.110,62.380,-37.400,642,100.0
43339.00,7.4230,-6.2100,3.1210,-48.550,61.490,-35.230,642,100.0
43349.00,7.3920,-6.2240,3.1190,-47.430,60.820,-33.960,643,100.0
43359.00,7.4630,-6.2690,3.0600,-46.140,60.300,-32.190,643,100.0
43369.00,7.4230,-6.3030,3.0360,-44.350,59.210,-29.770,643,100.0
43379.00,7.2820,-6.3340,3.0530,-42.320,58.360,-28.020,643,100.0
43389.00,7.2070,-6.3180,3.1040,-40.540,58.640,-27.690,643,100.0
43449.00,6.9910,-5.8270,3.5110,-32.440,54.140,-24.280,645,100.0
43459.00,7.0270,-5.7960,3.4810,-32.650,53.020,-24.470,645,100.0
43469.00,7.1550,-5.8570,3.4920,-32.510,51.860,-24.420,645,100.0
43479.00,7.1270,-5.8440,3.5970,-30.460,50.340,-23.090,645,100.0
43489.00,7.0790,-5.7390,3.7120,-29.970,50.220,-23.070,645,100.0
43499.00,7.0680,-5.6360,3.8170,-30.020,49.990,-23.230,646,100.0
43509.00,7.0860,-5.5950,3.8730,-31.210,49.540,-23.470,646,100.0
43519.00,7.1370,-5.6550,3.8520,-33.330,49.120,-23.820,646,100.0
43529.00,7.2370,-5.7420,3.7650,-35.060,49.260,-23.910,646,100.0
43539.00,7.2890,-5.8090,3.6710,-35.500,49.270,-23.260,646,100.0
43549.00,7.2520,-5.8390,3.6070,-35.640,48.590,-22.270,647,100.0
43559.00,7.1440,-5.9030,3.5830,-36.220,48.140,-21.900,647,100.0
43569.00,7.1180,-5.9820,3.5620,-37.130,49.060,-22.410,647,100.0
43579.00,7.0480,-5.9560,3.6130,-36.830,49.710,-22.370,647,100.0
43589.00,6.9100,-5.9240,3.6530,-36.760,49.710,-21.930,647,100.0
43599.00,6.8690,-5.9430,3.6440,-37.370,49.330,-21.710,648,100.0
43609.00,6.8750,-6.0010,3.6570,-37.200,48.490,-20.760,648,100.0
43619.00,6.8700,-6.1690,3.6440,-36.150,46.190,-18.190,648,100.0
43629.00,6.8310,-6.2690,3.6680,-34.800,45.210,-16.880,648,100.0
43639.00,6.7310,-6.2470,3.6980,-33.240,44.160,-15.480,648,100.0
43649.00,6.6360,-6.2120,3.7570,-31.960,43.180,-14.300,649,100.0
43659.00,6.5340,-6.1670,3.8560,-30.670,42.480,-13.380,649,100.0
43669.00,6.4850,-6.1280,3.8830,-29.620,40.790,-12.410,649,100.0
43679.00,6.4480,-6.2020,3.8780,-29.530,38.580,-11.260,649,100.0
43689.00,6.4530,-6.2960,3.8820,-29.480,36.360,-10.070,649,100.0
43699.00,6.4710,-6.3910,3.8710,-28.660,34.710,-8.950,650,100.0
43709.00,6.5550,-6.5990,3.9140,-27.520,33.280,-8.040,650,100.0
43719.00,6.6010,-6.8090,3.9230,-26.570,31.860,-6.970,650,100.0
43729.00,6.5100,-6.8800,3.9070,-26.070,30.300,-5.820,650,100.0
43739.00,6.3300,-6.8680,3.8180,-25.650,28.550,-4.910,650,100.0
43749.00,6.1990,-6.8760,3.7840,-24.280,26.720,-4.170,651,100.0
43759.00,6.0570,-6.8800,3.7470,-22.460,24.950,-2.770,651,100.0
43769.00,6.0320,-6.9290,3.6090,-22.020,21.260,-2.280,651,100.0
43779.00,6.0430,-6.9900,3.5500,-21.690,19.580,-1.770,651,100.0
43789.00,6.0070,-7.0060,3.4940,-21.270,18.300,-1.230,651,100.0
43799.00,5.9550,-7.0810,3.3880,-20.990,16.830,-0.810,652,100.0
43809.00,5.9330,-7.2020,3.3220,-19.940,15.340,-0.340,652,100.0
43819.00,5.8950,-7.2590,3.2860,-18.240,14.100,0.180,652,100.0
43829.00,5.7960,-7.2550,3.2800,-16.530,12.940,0.750,652,100.0
43839.00,5.7030,-7.2650,3.3040,-15.200,11.840,1.020,652,100.0
43849.00,5.6530,-7.3120,3.3400,-13.890,11.040,1.050,653,100.0
43859.00,5.5960,-7.3500,3.4240,-12.630,10.040,1.020,653,100.0
43869.00,5.5110,-7.2940,3.4880,-11.700,8.830,1.030,653,100.0
43879.00,5.4610,-7.2230,3.5380,-10.790,7.330,0.910,653,100.0
43889.00,5.4920,-7.2640,3.5890,-9.930,6.150,0.750,653,100.0
43899.00,5.5210,-7.3840,3.6920,-9.280,5.330,0.680,654,100.0
43909.00,5.4650,-7.3710,3.7350,-8.270,4.460,0.190,654,100.0
43919.00,5.4220,-7.3730,3.6930,-8.530,4.440,-0.230,654,100.0
43929.00,5.3980,-7.4320,3.7010,-8.620,4.490,-0.780,654,100.0
43939.00,5.3800,-7.4450,3.7200,-8.180,4.180,-1.040,654,100.0
43949.00,5.3370,-7.4780,3.7060,-7.780,3.320,-1.180,655,100.0
43959.00,5.3130,-7.5090,3.7190,-6.830,2.950,-1.110,655,100.0
43970.00,5.2910,-7.5270,3.7170,-6.030,3.000,-1.160,655,100.0
43980.00,5.1420,-7.7160,2.7500,-4.940,1.390,-1.230,655,100.0
43990.00,5.5210,-8.0550,2.9790,9.400,-7.220,-1.280,655,100.0
44000.00,5.4100,-7.6030,4.1350,23.610,-6.030,-0.480,656,100.0
44010.00,5.0930,-7.1010,4.5690,12.740,1.250,-0.460,656,100.0
44020.00,5.0110,-7.0360,4.3020,-6.380,4.210,-0.200,656,100.0
44030.00,5.1670,-7.4820,3.3420,-17.280,5.300,-0.150,656,100.0
44040.00,5.3980,-7.9750,3.1650,-13.130,2.860,0.190,656,100.0
