ts_ms,ax,ay,az,gx,gy,gz,seq
43844.00,-0.0520,2.0970,9.8760,25.140,-5.560,-0.490,0
43854.00,-0.0590,1.9870,9.8840,23.340,-5.320,-1.260,0
43864.00,-0.0070,2.2360,9.8040,13.280,-5.790,-6.350,0
43874.00,-0.0080,2.5910,9.7350,5.890,-5.000,-6.310,0
43884.00,0.0020,2.7270,9.7450,3.040,-3.990,-3.410,0
43894.00,-0.0390,2.3180,9.8230,1.590,-2.920,0.000,1
43904.00,-0.0190,2.2890,9.8240,-0.330,-2.200,0.630,1
43914.00,-0.0310,2.2640,9.8330,-2.390,-1.750,0.730,1
43924.00,0.0010,2.2970,9.8150,-4.880,-1.290,0.750,1
43934.00,-0.0330,2.2700,9.8220,-7.870,-0.680,1.130,1
43944.00,-0.0530,2.2370,9.8410,-10.370,-0.310,1.290,2
43954.00,-0.0530,2.2180,9.8540,-12.470,-0.070,1.410,2
43964.00,-0.0530,2.1900,9.8560,-13.450,0.120,1.540,2
43974.00,-0.0530,2.1470,9.8880,-12.840,0.150,1.710,2
43984.00,-0.0550,2.1200,9.8810,-11.090,0.070,1.830,2
43994.00,-0.0490,2.0940,9.8780,-9.030,-0.030,2.080,3
44004.00,-0.0560,2.0650,9.8930,-7.680,-0.400,2.250,3
44014.00,0.0610,2.1700,9.8060,-9.850,0.010,2.920,3
44024.00,-0.0160,2.2160,9.8480,-16.600,1.040,4.670,3
44034.00,-0.0570,2.3220,9.8230,-16.810,0.910,6.370,3
44044.00,-0.0410,2.4110,9.8470,-15.310,0.870,9.150,4
44054.00,-0.1110,2.2020,9.8870,-11.630,1.120,12.390,4
44064.00,-0.1490,1.3850,10.0490,-0.220,-0.030,11.200,4
44074.00,-0.1290,1.7580,9.9670,3.270,-1.330,5.470,4
44084.00,-0.0740,2.0010,9.9030,6.100,-2.240,2.760,4
44094.00,-0.0720,2.0080,9.9010,7.210,-2.530,2.620,5
44104.00,-0.0570,2.0150,9.8870,7.400,-2.670,2.570,5
44114.00,-0.0590,2.0370,9.8970,7.840,-3.080,2.570,5
44124.00,-0.0520,2.0290,9.8960,9.010,-3.620,2.760,5
44134.00,-0.0580,2.0430,9.9120,10.950,-4.110,2.940,5
44144.00,-0.0620,2.0630,9.9070,13.800,-4.460,3.060,6
44154.00,-0.0640,2.1020,9.8770,16.620,-4.620,3.130,6
44164.00,-0.0460,2.1390,9.8680,17.790,-4.600,3.010,6
44174.00,-0.1220,2.1670,9.8600,17.930,-4.670,2.730,6
44184.00,-0.1160,2.1260,9.8900,20.860,-5.770,1.680,6
44194.00,-0.1040,1.8730,9.8930,22.380,-5.750,-0.080,7
44204.00,-0.1180,1.7940,9.9580,17.950,-5.510,-3.580,7
44214.00,-0.0610,2.0480,9.8850,13.940,-5.820,-8.220,7
44224.00,0.0170,2.4050,9.7890,10.360,-5.810,-10.550,7
44235.00,0.0200,2.7980,9.6920,6.240,-4.900,-9.180,7
44244.00,0.0380,2.7290,9.7200,3.390,-3.690,-4.740,8
44254.00,0.0050,2.3860,9.7840,0.770,-2.660,-0.660,8
44264.00,-0.0330,2.2920,9.8280,-6.050,-1.290,1.450,8
44274.00,-0.0450,2.2630,9.8420,-7.450,-0.980,1.640,8
44284.00,-0.0580,2.2390,9.8560,-8.390,-0.680,1.800,8
44294.00,-0.0490,2.2220,9.8440,-8.150,-0.360,1.710,9
44304.00,-0.0460,2.2090,9.8570,-8.990,-0.100,1.620,9
44314.00,-0.0520,2.2060,9.8520,-9.110,0.010,1.450,9
44324.00,-0.0570,2.1670,9.8580,-10.130,0.190,1.400,9
44334.00,-0.0560,2.1270,9.8700,-11.040,0.330,1.200,9
44344.00,-0.0520,2.1810,9.8630,-11.650,0.520,0.870,10
44354.00,-0.0340,2.1760,9.8520,-12.190,0.630,0.960,10
44364.00,-0.0140,2.2310,9.8290,-16.110,1.590,2.480,10
44374.00,-0.0340,2.5350,9.7910,-16.900,1.590,4.160,10
44384.00,-0.0110,2.3240,9.8400,-11.790,1.150,7.780,10
44394.00,-0.1000,1.9650,9.9180,-8.750,0.630,10.250,11
44405.00,-0.1630,1.6150,10.0220,-6.280,0.170,9.240,11
44414.00,-0.1240,1.6820,10.0000,-1.120,-1.200,5.420,11
44424.00,-0.0700,2.0410,9.8890,3.290,-2.130,2.710,11
44434.00,-0.0740,2.0320,9.9010,5.530,-2.620,2.640,11
44445.00,-0.0650,2.0480,9.8810,8.010,-3.060,2.810,12
44455.00,-0.0780,2.0500,9.8770,9.320,-3.550,2.990,12
44465.00,-0.0750,2.0860,9.8990,12.020,-4.370,3.080,12
44475.00,-0.0740,2.1160,9.8880,13.580,-4.670,3.040,12
44485.00,-0.0640,2.1350,9.8810,14.500,-4.630,2.950,12
44495.00,-0.0520,2.1670,9.8650,15.610,-4.620,2.880,13
44505.00,-0.0630,2.2000,9.8580,15.470,-4.600,2.780,13
44515.00,-0.1130,2.2240,9.8660,14.980,-4.480,2.570,13
44525.00,-0.1230,2.1580,9.8760,18.580,-5.390,1.500,13
44535.00,-0.0720,1.9530,9.8960,19.230,-5.320,-0.070,13
44545.00,-0.0940,2.0860,9.8780,15.010,-4.950,-2.870,14
44555.00,-0.0760,2.2610,9.8280,11.880,-4.840,-5.470,14
44565.00,0.0150,2.4820,9.7490,8.220,-4.460,-6.070,14
44575.00,-0.0070,2.6080,9.7280,2.850,-3.460,-4.720,14
44585.00,-0.0070,2.4950,9.7620,-1.100,-2.480,-2.290,14
44595.00,-0.0010,2.3850,9.7920,-4.480,-1.620,-0.450,15
44605.00,-0.0090,2.3060,9.8240,-7.010,-0.920,0.520,15
44615.00,-0.0470,2.2850,9.8350,-8.290,-0.770,1.190,15
44625.00,-0.0450,2.2700,9.8300,-8.780,-0.570,1.540,15
44635.00,-0.0530,2.2380,9.8510,-9.430,-0.380,1.760,15
44645.00,-0.0490,2.2150,9.8640,-9.150,-0.210,1.940,16
44655.00,-0.0640,2.1940,9.8630,-8.640,-0.220,1.960,16
44665.00,-0.0620,2.0140,9.8750,-8.180,-0.490,1.730,16
44675.00,0.1050,2.3340,9.7790,-11.130,-0.350,0.960,16
44685.00,-0.0740,2.3660,9.8160,-18.090,1.030,3.370,16
44695.00,-0.0220,2.4510,9.8120,-17.860,1.120,5.860,17
44705.00,-0.0410,2.4200,9.8040,-14.920,0.910,8.900,17
44715.00,-0.0580,2.3230,9.8520,-12.510,0.850,12.190,17
44725.00,-0.1450,1.7000,9.9920,-6.400,0.450,13.800,17
44735.00,-0.1620,1.3620,10.0710,-0.640,-0.820,10.430,17
44745.00,-0.1190,1.9740,9.9180,3.570,-2.340,4.740,18
44755.00,-0.0830,2.0440,9.9170,8.240,-3.180,3.200,18
44765.00,-0.0640,2.0560,9.8840,11.440,-3.530,3.150,18
44775.00,-0.0550,2.0590,9.8820,12.960,-3.860,3.180,18
44785.00,-0.0530,2.0310,9.8770,13.300,-4.390,2.760,18
44795.00,-0.0620,2.1710,9.8630,13.350,-4.840,2.040,19
44805.00,-0.0510,2.1810,9.8690,14.350,-4.960,2.080,19
44815.00,-0.0650,2.2540,9.8510,15.680,-4.860,2.130,19
44825.00,-0.0520,2.2510,9.8470,16.220,-4.560,2.320,19
44835.00,-0.0380,2.2600,9.8390,16.270,-4.250,2.410,19
44845.00,-0.0470,2.2800,9.8340,15.050,-4.130,2.290,20
44855.00,-0.1320,2.2220,9.8690,16.830,-5.090,1.380,20
44865.00,-0.0750,2.1320,9.8730,19.330,-5.490,-0.100,20
44875.00,-0.0530,2.2250,9.8240,12.670,-4.830,-4.670,20
44885.00,0.0070,2.3000,9.7950,9.100,-4.700,-6.140,20
44895.00,0.0150,2.7270,9.7020,3.510,-3.830,-6.120,21
44905.00,0.0680,2.7270,9.7010,-1.120,-2.640,-3.180,21
44915.00,-0.0110,2.4140,9.7840,-5.960,-1.290,0.210,21
44925.00,-0.0260,2.3520,9.8100,-9.950,-0.660,1.060,21
44935.00,-0.0290,2.3340,9.8090,-11.770,-0.360,1.270,21
44945.00,-0.0440,2.3040,9.8300,-13.090,-0.030,1.380,22
44955.00,-0.0530,2.2810,9.8360,-13.140,0.260,1.450,22
44965.00,-0.0410,2.2480,9.8420,-12.700,0.420,1.500,22
44975.00,-0.0400,2.2210,9.8510,-12.530,0.310,1.640,22
44985.00,-0.0560,2.1970,9.8470,-12.070,0.120,1.800,22
44995.00,-0.0530,2.1900,9.8580,-11.630,-0.080,1.850,23
45005.00,0.0410,2.2130,9.8090,-12.540,0.290,2.380,23
45015.00,0.0400,2.3650,9.8280,-18.300,1.400,3.950,23
45025.00,-0.0510,2.4430,9.8220,-17.580,1.220,6.070,23
45035.00,-0.0460,2.4490,9.8090,-14.700,1.130,9.250,23
45045.00,-0.0350,2.2980,9.8450,-12.250,1.430,12.790,24
45055.00,-0.0760,1.9220,9.9240,-8.130,1.380,14.610,24
45065.00,-0.1570,1.5760,10.0160,-4.700,0.570,13.030,24
45075.00,-0.0810,1.9960,9.9190,0.680,-1.990,4.110,24
45085.00,-0.0900,2.0420,9.9080,4.690,-2.660,3.130,24
45095.00,-0.0640,2.0470,9.9090,8.060,-3.020,3.010,25
45105.00,-0.0660,2.0700,9.8940,10.480,-3.270,3.020,25
45115.00,-0.0550,2.0860,9.8690,12.190,-3.530,2.990,25
45125.00,-0.0610,2.1040,9.8810,12.980,-3.860,2.900,25
45135.00,-0.0490,2.1290,9.8640,13.800,-4.040,2.810,25
45145.00,-0.0370,2.1590,9.8650,14.630,-4.300,2.710,26
45155.00,-0.0580,2.1940,9.8500,14.570,-4.480,2.670,26
45165.00,-0.0640,2.2010,9.8530,14.100,-4.280,2.550,26
45175.00,-0.0530,2.2190,9.8410,14.030,-3.860,2.380,26
45185.00,-0.1360,2.2190,9.8880,15.990,-4.740,1.480,26
45195.00,-0.0900,2.1330,9.8710,19.330,-5.250,0.150,27
45205.00,-0.0570,2.1640,9.8620,17.060,-4.880,-1.400,27
45215.00,-0.0630,2.2040,9.8080,13.510,-4.270,-2.830,27
45225.00,-0.0200,2.1900,9.8330,9.110,-4.230,-4.210,27
45235.00,0.0200,2.5330,9.7540,2.880,-3.810,-4.980,27
45245.00,0.0220,2.6850,9.7220,-2.110,-2.640,-2.950,28
45255.00,-0.0100,2.3770,9.7970,-5.190,-1.520,0.140,28
45265.00,-0.0310,2.3150,9.8210,-8.100,-0.960,1.260,28
45275.00,-0.0550,2.2700,9.8470,-10.290,-0.450,1.610,28
45285.00,-0.0490,2.2450,9.8510,-9.900,-0.280,1.750,28
45295.00,-0.0410,2.2260,9.8470,-9.480,-0.240,1.850,29
45305.00,-0.0470,2.2020,9.8570,-9.430,-0.350,1.890,29
45315.00,-0.0350,2.2210,9.8390,-9.200,-0.470,1.960,29
45325.00,-0.0020,2.1000,9.8580,-9.710,-0.470,2.030,29
45335.00,-0.0160,2.2970,9.8010,-14.520,0.660,2.520,29
45345.00,-0.0620,2.2070,9.8540,-17.460,0.870,3.650,30
45355.00,-0.0100,2.2940,9.8340,-15.820,0.500,4.530,30
45365.00,-0.0690,2.3440,9.8580,-13.370,0.310,6.160,30
45375.00,-0.0630,2.1660,9.8960,-7.800,0.190,8.330,30
45385.00,-0.1180,1.7800,9.9670,-0.890,-0.470,8.850,30
45395.00,-0.1280,1.7000,9.9870,3.760,-1.710,5.810,31
45405.00,-0.0620,2.0820,9.8940,7.030,-2.690,3.040,31
45415.00,-0.0620,2.0930,9.8760,9.010,-3.080,2.920,31
45426.00,-0.0650,2.1080,9.8810,9.870,-3.340,2.950,31
45435.00,-0.0510,2.1160,9.8760,10.530,-3.620,2.830,31
45445.00,-0.0620,2.1470,9.8760,11.210,-3.930,2.810,32
45455.00,-0.0520,2.1580,9.8700,12.050,-4.110,2.780,32
45466.00,-0.0530,2.1830,9.8700,13.380,-4.090,2.710,32
45476.00,-0.0590,2.2390,9.8520,15.200,-3.860,2.450,32
45486.00,-0.1070,2.2270,9.8680,18.120,-4.690,1.590,32
45496.00,-0.0720,2.1810,9.8450,20.330,-4.790,0.730,33
45506.00,-0.0980,2.0530,9.8840,17.320,-4.390,-0.540,33
45516.00,-0.0590,2.1660,9.8410,14.420,-4.370,-2.940,33
45526.00,-0.0050,2.3480,9.7860,10.710,-4.340,-4.630,33
45536.00,0.0020,2.7880,9.7110,5.370,-3.670,-4.460,33
45546.00,0.0170,2.5130,9.7450,1.990,-2.660,-1.520,34
45556.00,0.0010,2.4020,9.7800,-1.900,-1.680,0.420,34
45566.00,-0.0290,2.3600,9.8110,-6.470,-1.190,1.080,34
45576.00,-0.0430,2.3370,9.8200,-9.060,-0.890,1.260,34
45586.00,-0.0520,2.3180,9.8230,-10.500,-0.570,1.400,34
45596.00,-0.0550,2.2890,9.8400,-11.300,-0.190,1.550,35
45606.00,-0.0520,2.2490,9.8410,-10.810,-0.010,1.780,35
45616.00,-0.0570,2.2400,9.8480,-10.230,0.000,1.920,35
45626.00,-0.0550,2.2090,9.8590,-9.970,0.010,2.030,35
45636.00,-0.0590,2.1890,9.8530,-9.850,-0.050,2.030,35
45646.00,0.0500,2.2360,9.8220,-10.460,0.150,2.040,36
45656.00,-0.0200,2.3740,9.7840,-16.780,1.430,3.550,36
45666.00,-0.0290,2.6390,9.7610,-18.600,1.340,5.560,36
45676.00,-0.0710,2.2490,9.8640,-13.630,1.710,13.170,36
45686.00,-0.1120,1.9150,9.9430,-9.340,1.480,14.070,36
45696.00,-0.1660,1.5000,10.0280,-3.930,0.420,12.050,37
45706.00,-0.1370,1.5840,10.0100,-0.350,-1.080,6.660,37
45716.00,-0.0750,2.0780,9.8930,3.390,-2.060,2.780,37
45726.00,-0.0660,2.0750,9.8990,6.440,-2.450,2.640,37
45736.00,-0.0640,2.0800,9.8750,8.030,-2.880,2.670,37
45746.00,-0.0630,2.1030,9.8700,8.850,-3.440,2.830,38
45756.00,-0.0630,2.1110,9.8780,9.360,-3.780,2.830,38
45766.00,-0.0740,2.1290,9.8940,10.900,-4.020,2.830,38
45776.00,-0.0570,2.1520,9.8770,13.160,-4.160,2.870,38
45786.00,-0.0590,2.1870,9.8880,15.400,-4.280,2.850,38
45796.00,-0.0580,2.1940,9.8730,17.790,-4.440,2.850,39
45806.00,-0.0920,2.2430,9.8630,21.330,-5.180,2.730,39
45816.00,-0.0450,2.2810,9.8280,25.140,-6.030,1.990,39
45826.00,-0.0660,2.2220,9.8340,23.620,-5.680,1.590,39
45836.00,-0.0680,2.0410,9.8680,20.650,-5.300,0.190,39
45846.00,-0.0500,2.2450,9.8170,16.240,-5.320,-2.430,40
45856.00,-0.0610,2.3070,9.7960,10.670,-5.190,-4.230,40
45866.00,0.0090,2.7290,9.7050,5.180,-4.510,-4.650,40
45876.00,-0.0210,2.4050,9.7920,-1.680,-2.220,0.260,40
45886.00,0.0010,2.4170,9.7860,-4.690,-1.520,0.840,40
45896.00,-0.0380,2.3730,9.8080,-7.260,-1.030,1.330,41
45906.00,-0.0380,2.3530,9.8080,-8.800,-0.570,1.480,41
45916.00,-0.0330,2.3360,9.8290,-10.020,-0.280,1.570,41
45926.00,-0.0410,2.2930,9.8290,-10.460,-0.150,1.750,41
45936.00,-0.0400,2.2730,9.8390,-10.580,-0.170,1.900,41
45946.00,-0.0430,2.1820,9.8510,-10.550,-0.280,1.850,42
45956.00,0.0710,2.3660,9.7680,-12.680,0.150,1.920,42
45966.00,0.0190,2.3890,9.7950,-20.450,1.570,3.970,42
45976.00,-0.0190,2.5130,9.7770,-22.500,1.750,6.020,42
45986.00,0.0000,2.7200,9.7380,-21.630,1.960,9.480,42
45996.00,-0.0710,2.6390,9.7750,-19.600,2.600,14.780,43
46006.00,-0.0960,2.0130,9.9320,-14.210,2.690,18.930,43
46016.00,-0.1360,1.4930,10.0300,-9.110,1.900,17.880,43
46026.00,-0.1730,1.3740,10.0590,-6.260,0.630,12.210,43
46036.00,-0.1320,1.8250,9.9780,-3.290,-0.870,5.650,43
46046.00,-0.0700,2.0650,9.9030,1.960,-1.940,2.800,44
46056.00,-0.0620,2.0730,9.8830,5.600,-2.480,2.660,44
46066.00,-0.0580,2.0810,9.8820,7.660,-2.950,2.800,44
46076.00,-0.0510,2.0990,9.8850,9.600,-3.850,3.090,44
46086.00,-0.0650,2.1200,9.8790,12.770,-4.250,3.060,44
46096.00,-0.0530,2.1590,9.8830,14.350,-4.550,2.990,45
46106.00,-0.0550,2.1820,9.8710,16.010,-4.460,2.920,45
46116.00,-0.0230,2.2080,9.8540,17.720,-4.490,2.780,45
46126.00,-0.0470,2.2380,9.8540,18.410,-4.690,2.660,45
46136.00,-0.0620,2.2610,9.8620,20.840,-5.280,1.920,45
46146.00,-0.0390,2.2060,9.8500,23.800,-5.700,1.330,46
46156.00,-0.0810,1.9980,9.8890,21.920,-5.580,0.050,46
46166.00,-0.0810,2.1030,9.8730,18.320,-5.670,-3.230,46
46176.00,-0.0500,2.4990,9.7510,14.640,-5.440,-5.320,46
46186.00,-0.0370,2.4690,9.7690,10.040,-4.720,-5.050,46
46196.00,-0.0100,2.4860,9.7710,4.960,-3.880,-4.690,47
46206.00,0.0160,2.6170,9.7250,0.590,-3.090,-3.900,47
46216.00,0.0290,2.6290,9.7130,-3.710,-2.150,-1.830,47
46226.00,0.0040,2.4430,9.7960,-7.380,-1.220,0.150,47
46236.00,-0.0170,2.3770,9.8010,-9.920,-0.560,0.940,47
46246.00,-0.0260,2.3500,9.8170,-11.370,-0.290,1.260,48
46256.00,-0.0270,2.3150,9.8380,-11.810,-0.170,1.590,48
46266.00,-0.0340,2.2850,9.8560,-11.340,-0.210,1.870,48
46276.00,-0.0470,2.1670,9.8600,-8.550,-0.430,2.060,48
46286.00,0.1110,2.3460,9.7680,-11.690,0.210,2.250,48
46296.00,-0.0150,2.4310,9.7830,-20.020,1.540,4.370,49
46306.00,-0.0110,2.4050,9.8080,-21.570,1.640,6.380,49
46316.00,-0.0550,2.6810,9.7560,-21.800,1.750,8.960,49
46326.00,-0.0550,2.6540,9.7850,-19.630,2.220,13.520,49
46336.00,-0.1000,2.1600,9.9030,-12.180,2.320,17.410,49
46346.00,-0.1440,1.4400,10.0390,-5.350,1.520,16.900,50
46356.00,-0.1650,1.2400,10.1040,-2.740,-0.030,10.060,50
46366.00,-0.0740,2.0870,9.8970,0.710,-1.480,3.270,50
46376.00,-0.0610,2.0900,9.8880,3.570,-1.830,2.340,50
46386.00,-0.0470,2.0980,9.8880,5.560,-2.240,2.320,50
46396.00,-0.0450,2.1170,9.8620,7.210,-2.830,2.460,51
46406.00,-0.0630,2.1170,9.8870,7.290,-3.390,2.690,51
46416.00,-0.0550,2.1280,9.8880,8.970,-3.710,2.800,51
46426.00,-0.0470,2.1520,9.8890,11.460,-4.040,2.880,51
46436.00,-0.0570,2.1610,9.8840,14.330,-4.160,3.010,51
46447.00,-0.1000,2.1690,9.8850,17.790,-4.420,2.950,52
46457.00,-0.1010,2.1880,9.8770,23.150,-5.560,1.780,52
46466.00,-0.0860,2.0240,9.8940,26.540,-5.820,0.310,52
46476.00,-0.0560,2.0900,9.8580,24.640,-5.700,-1.970,52
46486.00,0.0290,2.2340,9.8080,18.480,-6.160,-7.150,52
46497.00,-0.0340,2.6410,9.7230,11.690,-5.700,-8.150,53
46507.00,0.0090,2.9870,9.6740,7.140,-4.720,-6.020,53
46517.00,-0.0320,2.3740,9.7900,5.490,-3.430,-1.830,53
46527.00,-0.0100,2.4160,9.7670,1.850,-2.740,-0.730,53
46537.00,0.0070,2.4650,9.7850,-2.460,-2.130,-0.330,53
46547.00,0.0080,2.4500,9.7790,-5.370,-1.500,0.640,54
46557.00,-0.0260,2.3800,9.8150,-7.780,-0.920,1.290,54
46567.00,-0.0370,2.3590,9.8110,-9.110,-0.640,1.450,54
46577.00,-0.0350,2.3340,9.8220,-10.020,-0.520,1.550,54
46587.00,-0.0410,2.3090,9.8480,-10.230,-0.260,1.660,54
46597.00,-0.0340,2.3000,9.8270,-9.930,-0.070,1.540,55
46607.00,-0.0160,2.3190,9.8030,-10.200,-0.140,1.480,55
46617.00,0.0870,2.3290,9.7620,-14.120,0.540,2.090,55
46627.00,-0.0580,2.4700,9.7870,-22.660,2.010,3.500,55
46637.00,-0.0290,2.7560,9.7540,-23.550,2.460,5.600,55
46647.00,0.0020,2.8090,9.7340,-20.230,3.010,10.650,56
46657.00,-0.0810,2.6580,9.7670,-17.270,3.780,17.250,56
46667.00,-0.1110,1.9070,9.9450,-11.110,3.600,21.710,56
46677.00,-0.0800,1.3180,10.0570,-6.450,2.430,19.870,56
46687.00,-0.0860,1.8310,9.9750,-4.560,-1.240,6.260,56
46697.00,-0.0520,2.0380,9.9310,1.130,-2.570,3.900,57
46707.00,-0.0620,2.0570,9.9070,5.680,-3.080,3.920,57
46717.00,-0.0500,2.0300,9.8970,9.270,-3.530,3.780,57
46727.00,-0.0650,2.0010,9.8900,11.530,-4.300,3.060,57
46737.00,-0.0960,2.1770,9.8910,12.400,-4.790,2.150,57
46747.00,-0.0610,2.0570,9.8810,14.050,-5.070,1.800,58
46757.00,-0.0530,2.2620,9.8520,15.260,-4.960,1.310,58
46767.00,-0.0490,2.2430,9.8390,15.800,-4.760,1.260,58
46777.00,-0.0460,2.3980,9.8030,15.900,-4.420,1.540,58
46787.00,-0.0370,2.2570,9.8270,15.240,-4.140,2.310,58
46797.00,-0.0210,2.2950,9.8220,13.330,-4.130,2.170,59
46807.00,-0.0370,2.3190,9.8200,11.460,-4.110,2.110,59
46817.00,-0.0690,2.3290,9.8360,9.830,-3.850,1.960,59
46827.00,-0.0680,2.2690,9.8760,12.300,-4.490,0.870,59
46837.00,-0.0620,2.2740,9.8180,13.490,-4.190,0.080,59
46847.00,-0.0370,2.1990,9.8460,10.110,-3.600,-0.910,60
46857.00,-0.0440,2.2970,9.8100,5.930,-3.360,-2.290,60
46867.00,0.0740,2.5550,9.7440,1.450,-3.150,-2.550,60
46877.00,0.0140,2.5680,9.7260,-4.230,-2.030,-0.640,60
46887.00,-0.0320,2.3280,9.8110,-10.060,-1.100,1.540,60
46897.00,-0.0390,2.3040,9.8340,-11.690,-0.710,1.500,61
46907.00,-0.0370,2.2890,9.8520,-11.720,-0.220,1.450,61
46917.00,-0.0330,2.2770,9.8390,-11.230,0.120,1.410,61
46927.00,-0.0350,2.2490,9.8410,-11.530,0.260,1.540,61
46937.00,-0.0250,2.2330,9.8400,-11.900,0.080,1.610,61
46947.00,-0.0510,2.2060,9.8560,-12.510,-0.010,1.750,62
46957.00,-0.0440,2.1880,9.8630,-12.540,0.010,1.850,62
46967.00,0.0470,2.2100,9.8100,-14.430,0.750,2.480,62
46977.00,-0.0210,2.4650,9.8100,-19.260,1.550,4.000,62
46987.00,-0.0070,2.5990,9.7860,-15.970,1.360,7.150,62
46997.00,-0.0220,2.2910,9.8440,-11.410,1.240,11.690,63
47007.00,-0.1110,1.8710,9.9510,-8.220,0.920,13.720,63
47017.00,-0.1280,1.4520,10.0400,-3.290,-0.140,11.620,63
47027.00,-0.1300,1.7150,10.0110,1.120,-1.730,6.190,63
47037.00,-0.0570,2.0620,9.9070,6.630,-2.850,3.130,63
47047.00,-0.0550,2.0780,9.8970,10.390,-3.430,2.990,64
47057.00,-0.0390,2.0980,9.8720,12.470,-3.830,2.950,64
47067.00,-0.0440,2.1270,9.8750,13.330,-4.160,2.950,64
47077.00,-0.0440,2.1420,9.8590,13.190,-4.440,2.830,64
47087.00,-0.0390,2.1950,9.8660,13.970,-2.480,-0.120,64
47097.00,-0.0350,2.2090,9.8710,15.550,-2.480,-0.190,65
47107.00,-0.1160,2.2380,9.8650,20.150,-3.100,-1.100,65
47117.00,-0.1110,2.0120,9.9070,23.680,-3.550,-1.940,65
47127.00,-0.0860,1.9960,9.9010,23.600,-3.870,-4.700,65
47137.00,-0.0560,2.0240,9.8830,20.730,-4.090,-8.010,65
47147.00,-0.0230,2.1730,9.8260,16.630,-4.270,-11.180,66
47157.00,-0.0020,2.5240,9.7450,10.450,-4.080,-13.100,66
47167.00,0.0380,2.9930,9.6450,5.760,-3.080,-11.650,66
47177.00,0.0250,2.7880,9.6900,2.580,-1.520,-6.910,66
47187.00,-0.0030,2.4900,9.7530,-1.610,-0.160,-3.550,66
47197.00,0.0150,2.4160,9.7910,-5.300,0.550,-2.520,67
47207.00,-0.0030,2.3780,9.8090,-7.510,1.060,-1.820,67
47217.00,-0.0340,2.3840,9.8020,-9.120,1.340,-1.410,67
47227.00,-0.0320,2.3770,9.8120,-11.730,1.930,-1.380,67
47237.00,-0.0500,2.3700,9.8140,-13.490,2.510,-1.200,67
47247.00,-0.0410,2.3070,9.8230,-14.300,2.910,-0.780,68
47257.00,-0.0340,2.2390,9.8460,-14.950,3.000,-0.610,68
47267.00,-0.0390,2.2310,9.8470,-15.190,2.810,-0.710,68
47277.00,0.0700,2.2520,9.8120,-15.490,2.810,-0.470,68
47287.00,0.0340,2.9450,9.7050,-19.440,4.700,7.640,68
47297.00,0.0080,2.4530,9.7950,-14.680,5.080,15.080,69
47307.00,-0.1130,1.9450,9.9090,-14.020,4.980,18.440,69
47317.00,-0.1310,1.6800,10.0030,-13.320,4.400,17.650,69
47327.00,-0.0940,1.4900,10.0230,-10.380,3.040,14.030,69
47337.00,-0.1020,1.6760,10.0060,-7.180,1.600,9.320,69
47347.00,-0.0560,1.8250,9.9820,-1.370,0.310,5.610,70
47357.00,-0.0320,1.9760,9.9310,5.130,-0.750,3.650,70
47367.00,-0.1050,2.0150,9.9090,9.600,-1.640,2.690,70
47377.00,-0.1300,2.0000,9.9170,12.240,-2.200,1.640,70
47387.00,-0.0890,1.8830,9.9270,14.790,-2.850,-0.080,70
47397.00,-0.0760,1.9350,9.9110,14.620,-3.270,-2.740,71
47407.00,-0.0350,2.3680,9.8410,14.150,-3.390,-4.560,71
47417.00,-0.0190,2.5930,9.7770,15.770,-3.110,-3.480,71
47427.00,-0.0380,2.3560,9.8040,16.540,-2.660,-1.060,71
47437.00,-0.0310,2.2740,9.8350,14.830,-2.410,-0.400,71
47447.00,-0.0200,2.2970,9.8270,12.780,-2.240,-0.750,72
47457.00,-0.1280,2.2830,9.8600,14.580,-3.080,-2.150,72
47467.00,-0.1480,2.1890,9.8760,17.630,-3.360,-3.320,72
47477.00,-0.0870,2.1690,9.8840,17.730,-3.220,-5.180,72
47487.00,0.0050,2.1230,9.8420,16.540,-3.080,-9.570,72
47497.00,0.0430,2.4920,9.7510,6.920,-2.850,-11.320,73
47508.00,0.0770,2.8550,9.6700,0.340,-1.960,-9.850,73
47518.00,0.0470,2.6390,9.7140,-4.570,-0.470,-5.560,73
47528.00,0.0170,2.4230,9.7720,-9.380,0.520,-2.670,73
47538.00,-0.0190,2.3720,9.8060,-13.510,1.200,-1.760,73
47548.00,-0.0320,2.3380,9.8180,-15.450,1.670,-1.450,74
47558.00,-0.0390,2.3170,9.8280,-15.770,2.090,-1.240,74
47568.00,-0.0410,2.2640,9.8560,-15.280,2.340,-0.990,74
47578.00,-0.0440,2.2550,9.8500,-14.250,2.510,-0.920,74
47588.00,-0.0510,2.2180,9.8450,-13.420,2.530,-0.820,74
47598.00,-0.0450,2.1930,9.8640,-12.950,2.440,-0.700,75
47608.00,-0.0470,2.1990,9.8360,-12.620,2.160,-0.470,75
47618.00,0.0160,2.2830,9.8400,-16.260,2.740,0.780,75
47628.00,-0.0150,2.5110,9.7970,-17.100,2.970,2.600,75
47638.00,-0.0010,2.4690,9.8040,-14.400,3.020,6.330,75
47648.00,-0.0220,2.1870,9.8520,-11.340,2.930,9.550,76
47658.00,-0.1040,1.7850,9.9840,-8.540,2.390,10.560,76
47668.00,-0.1080,1.5490,10.0230,-4.740,1.370,7.870,76
47678.00,-0.0690,1.9100,9.9500,-0.630,0.060,3.270,76
47688.00,-0.0650,2.0630,9.9010,4.280,-0.680,0.820,76
47698.00,-0.0610,2.0600,9.8930,12.050,-1.660,0.450,77
47708.00,-0.0440,2.0740,9.8850,12.800,-1.850,-0.100,77
47718.00,-0.0430,2.1540,9.8700,13.080,-2.200,-0.640,77
47728.00,-0.0230,2.2890,9.8450,13.620,-2.410,-0.610,77
47738.00,-0.0340,2.2200,9.8560,14.500,-2.450,-0.050,77
47748.00,-0.0280,2.2320,9.8420,14.830,-2.400,-0.050,78
47758.00,-0.0310,2.2600,9.8540,14.580,-2.310,-0.120,78
47768.00,-0.0440,2.2770,9.8290,13.620,-1.850,-0.210,78
47778.00,-0.0660,2.2910,9.8270,11.630,-1.770,-0.420,78
47788.00,-0.0760,2.2810,9.8650,14.480,-2.970,-1.590,78
47798.00,-0.0820,2.1630,9.8410,15.580,-2.620,-2.660,79
47808.00,-0.0800,2.1700,9.8640,12.170,-2.200,-4.300,79
47818.00,-0.0040,2.3130,9.8210,10.910,-2.330,-6.100,79
47828.00,-0.0080,2.2910,9.8100,8.440,-2.220,-7.350,79
47838.00,0.0100,2.4020,9.7710,2.770,-1.750,-8.060,79
47848.00,0.0450,2.7690,9.7020,-1.750,-1.030,-6.700,80
47858.00,0.0370,2.5080,9.7610,-4.360,-0.030,-2.920,80
47868.00,-0.0030,2.3540,9.8380,-6.210,0.480,-0.890,80
47878.00,-0.0210,2.3160,9.8390,-5.790,0.660,-0.470,80
47888.00,-0.0410,1.4470,10.0070,-4.150,0.500,-0.140,80
47898.00,-0.0630,1.6240,9.9440,-8.860,-1.290,-7.990,81
47908.00,0.0250,3.1160,9.6680,-18.710,-1.380,-13.650,81
47918.00,0.0260,3.1780,9.5770,-15.800,-0.470,-7.640,81
47928.00,0.0030,2.2190,9.8680,-16.420,0.600,-1.550,81
47938.00,0.1650,2.2600,9.8320,-16.710,1.150,-0.920,81
47948.00,-0.0580,2.3820,9.8110,-21.050,2.370,0.080,82
47958.00,-0.2340,2.0630,9.9130,-18.110,2.000,1.410,82
47968.00,-0.0440,2.0910,9.9200,-13.810,1.220,0.130,82
47978.00,-0.0250,2.2040,9.8320,-9.500,0.800,-0.240,82
47988.00,-0.0140,2.2920,9.8530,-7.630,0.320,0.640,82
47998.00,-0.0250,2.0450,9.8900,-2.870,-0.190,2.390,83
48008.00,-0.0390,1.8780,9.9140,-2.000,-0.820,2.200,83
48018.00,-0.0450,1.9750,9.9330,-2.420,-1.450,0.870,83
48028.00,-0.0350,2.0560,9.9110,1.390,-1.910,0.380,83
48038.00,-0.0340,2.1170,9.8750,4.220,-1.990,0.270,83
48048.00,-0.0260,2.0960,9.9130,4.190,-1.660,-0.070,84
48058.00,-0.0400,2.1180,9.8780,6.810,-1.380,-0.050,84
48068.00,-0.0170,2.1330,9.8720,7.020,-1.140,-0.170,84
48078.00,0.0020,2.1060,9.8940,7.060,-1.000,-0.190,84
48088.00,-0.0210,2.1000,9.8690,11.520,-1.280,0.170,84
48098.00,-0.0200,2.0860,9.8760,16.460,-1.610,-0.360,85
48108.00,-0.0040,1.9360,9.8700,16.820,-2.060,-1.080,85
48118.00,-0.0020,1.9660,9.8600,12.220,-2.940,-3.670,85
48128.00,-0.0250,2.3880,9.8040,4.750,-3.250,-6.230,85
48138.00,0.0140,2.2660,9.8240,2.000,-2.800,-5.490,85
48148.00,0.0020,2.3130,9.7970,-1.140,-2.820,-5.680,86
48158.00,0.0200,2.4950,9.7960,-3.430,-2.690,-5.440,86
48168.00,0.0020,2.3460,9.8440,-2.470,-2.500,-3.760,86
48178.00,-0.0050,2.4040,9.8320,0.010,-2.330,-2.600,86
48188.00,-0.0010,1.7680,9.9490,1.420,-2.010,-1.640,86
48198.00,-0.0230,1.7210,9.9680,-0.250,-2.330,-4.510,87
48208.00,-0.0100,1.7930,9.9430,-0.560,-2.830,-8.750,87
48218.00,-0.0110,2.1820,9.8960,-1.650,-3.010,-12.040,87
48228.00,-0.0090,2.0090,9.9390,1.830,-2.500,-12.630,87
48238.00,0.0250,2.0080,9.8960,5.050,-2.550,-14.100,87
48248.00,0.0410,2.0880,9.8480,5.760,-3.430,-15.800,88
48258.00,0.2710,2.4230,9.7380,2.580,-3.760,-16.850,88
48268.00,-0.0150,3.4030,9.5790,-4.240,-2.620,-13.860,88
48278.00,-0.0320,3.0400,9.6330,-3.360,-2.120,-5.610,88
48288.00,0.0170,2.2990,9.8040,-4.170,-2.150,-0.220,88
48298.00,-0.0330,2.2360,9.8910,-2.630,-1.890,-0.330,89
48308.00,-0.0450,2.3070,9.8720,0.360,-0.720,-1.060,89
48318.00,-0.0310,2.1590,9.8830,2.020,0.950,-1.960,89
48328.00,-0.0470,2.4170,9.7750,0.930,2.000,-3.390,89
48338.00,-0.3240,2.1770,9.8650,-2.570,2.480,-3.790,89
48348.00,0.0440,2.1760,9.9010,-2.140,1.830,-6.230,90
48358.00,0.0550,2.2740,9.8360,-0.110,2.510,-7.380,90
48368.00,0.0330,2.3600,9.8350,-0.160,3.350,-6.750,90
48378.00,0.0470,2.2250,9.8580,4.260,2.720,-5.680,90
48388.00,0.0750,2.3100,9.7770,4.050,2.480,-4.760,90
48398.00,0.0130,2.3300,9.8150,-0.250,2.270,-2.990,91
48408.00,-0.0560,2.2690,9.8140,-0.560,1.510,-1.380,91
48418.00,-0.0470,2.1930,9.8810,-0.040,0.830,-0.500,91
48428.00,-0.1860,2.2150,9.8560,1.510,1.090,0.130,91
48438.00,-0.2480,2.0750,9.9480,5.640,0.690,0.850,91
48448.00,-0.4480,1.5750,10.0420,13.570,-0.050,0.940,92
48458.00,-0.3500,1.3750,9.9820,17.840,-0.890,-2.780,92
48468.00,0.2400,2.1320,9.8240,11.980,-3.880,-8.870,92
48478.00,0.1160,2.5570,9.8220,11.010,-5.440,-10.080,92
48488.00,0.0960,2.7490,9.7060,14.970,-4.920,-8.220,92
48499.00,-0.0090,2.3180,9.8160,21.670,-3.670,-0.870,93
48508.00,-0.1110,2.3380,9.8320,20.290,-3.200,0.080,93
48518.00,-0.0750,2.3410,9.7550,22.350,-3.460,2.230,93
48528.00,0.0210,2.6500,9.7910,13.780,-3.200,1.880,93
48539.00,-0.0560,2.4760,9.7020,17.420,-3.360,4.140,93
48549.00,-0.1310,2.7200,9.6980,13.500,-4.150,6.220,94
48559.00,-0.0710,2.6320,9.7860,12.050,-3.940,7.470,94
48569.00,0.0090,2.7260,9.6640,12.850,-3.170,8.110,94
48579.00,-0.0040,2.6930,9.7840,7.220,-3.240,8.410,94
48589.00,-0.3230,2.4930,9.8020,8.300,-1.170,8.390,94
48599.00,-0.1480,2.8390,9.7250,12.830,-0.300,9.850,95
48609.00,-0.1920,3.0830,9.5030,23.420,-2.820,17.650,95
48619.00,-0.4920,3.0950,9.7570,22.180,-3.480,26.210,95
48629.00,-0.3440,2.7030,9.7140,34.150,-0.100,34.570,95
48639.00,-0.2600,2.4930,9.4510,32.260,-0.560,36.950,95
48649.00,0.6120,2.7630,9.8780,-4.150,-5.880,31.110,96
48659.00,2.4590,3.0590,9.8440,-17.080,-1.170,25.000,96
48669.00,2.0670,2.4950,9.5340,3.210,1.670,28.120,96
48679.00,1.2010,2.4520,9.9120,-6.600,6.150,22.870,96
48689.00,0.6480,2.4200,9.8010,2.320,7.520,18.840,96
48699.00,-0.7350,2.9510,9.7230,5.360,5.770,12.720,97
48709.00,-0.5560,2.9350,9.5540,6.240,3.350,11.890,97
48719.00,-0.1720,2.7700,9.3540,-8.750,2.300,3.460,97
48729.00,0.5090,3.2190,10.1430,-31.060,4.980,-7.290,97
48739.00,0.6320,2.4950,9.6280,5.430,7.760,-3.480,97
48749.00,-0.2350,1.4790,9.8100,7.880,-3.240,7.080,98
48759.00,-0.2040,1.0790,10.7830,16.320,-3.180,13.430,98
48769.00,-0.5560,0.9950,9.6510,14.600,-3.450,-11.200,98
48779.00,-0.3080,3.7020,9.5130,-29.800,-3.110,-34.140,98
48789.00,-0.4700,4.6580,9.3770,-34.830,0.920,-25.790,98
48799.00,-0.3060,3.3230,9.6130,-23.490,10.050,-8.540,99
48809.00,-0.2850,1.9170,10.0610,-20.810,15.290,-1.310,99
48819.00,0.1040,1.4640,10.3020,-9.520,17.230,-1.820,99
48829.00,0.4980,0.9170,10.5400,16.720,20.710,-1.080,99
48839.00,1.0800,-0.0720,10.7540,50.200,24.470,2.390,99
48849.00,-0.0510,-0.0630,11.4470,65.120,30.340,0.570,100
48859.00,-1.3550,1.9580,12.4970,56.710,30.840,-5.300,100
48869.00,0.0720,4.7800,13.3730,56.250,30.390,-2.800,100
48879.00,-0.9390,5.3650,15.3610,87.510,31.960,17.440,100
48889.00,-1.3560,4.9840,16.6870,92.700,13.610,38.060,100
48899.00,-1.4870,2.4720,13.2820,80.240,-60.180,53.440,101
48909.00,-1.1300,2.1430,11.8740,69.900,-75.550,43.690,101
48919.00,-0.7680,2.7780,11.6200,58.050,-76.210,30.270,101
48929.00,-0.5510,3.5590,12.1990,57.790,-73.780,23.850,101
48939.00,-0.3490,4.1850,12.6770,58.440,-74.880,24.770,101
48949.00,0.0190,4.4990,12.9450,54.680,-78.850,29.360,102
48959.00,0.0110,4.2200,12.9100,52.240,-86.570,36.620,102
48969.00,0.1540,3.4360,12.3150,48.200,-97.190,43.040,102
48979.00,0.3870,2.6510,11.7550,41.380,-103.690,43.110,102
48989.00,0.3560,1.8600,11.1350,36.810,-108.460,37.230,102
48999.00,0.1530,1.0340,10.3260,28.160,-112.370,24.420,103
49009.00,0.5150,0.8490,9.9540,15.910,-111.000,2.390,103
49019.00,1.1000,0.9840,9.7160,6.590,-109.670,-19.560,103
49029.00,1.1160,0.8270,9.0980,-0.630,-112.870,-35.840,103
49039.00,0.7750,0.7650,8.3480,-13.510,-115.950,-53.460,103
49049.00,0.9850,1.4890,7.9140,-31.520,-114.120,-75.110,104
49059.00,1.3870,2.3960,8.2180,-42.070,-109.460,-90.870,104
49069.00,1.4120,2.9090,8.0450,-50.100,-111.490,-97.260,104
49079.00,1.3660,2.7390,6.9870,-49.020,-120.520,-98.290,104
49089.00,1.3130,2.9180,6.1450,-53.430,-122.130,-103.750,104
49099.00,1.5540,4.5880,6.7260,-70.300,-113.420,-112.660,105
49109.00,1.8490,5.4380,4.1010,-86.780,-125.120,-109.340,105
49119.00,1.7850,5.5960,1.9660,-94.610,-124.040,-101.780,105
49129.00,1.7690,5.8100,0.7350,-104.090,-105.420,-93.010,105
49139.00,2.6110,5.4590,0.2100,-107.280,-77.840,-79.310,105
49149.00,2.9240,4.3780,0.7950,-101.060,-45.950,-62.490,106
49159.00,2.5060,2.8860,2.1720,-94.960,-21.190,-50.610,106
49169.00,1.8530,1.4200,3.2290,-98.600,-7.330,-49.870,106
49179.00,1.8580,0.3790,3.5740,-104.140,-1.260,-61.070,106
49189.00,2.0410,0.1980,3.1310,-112.110,4.100,-80.530,106
49199.00,2.0500,0.7080,2.8310,-119.880,15.020,-101.250,107
49209.00,1.6860,2.2620,3.0970,-131.510,33.070,-119.730,107
49219.00,1.3200,3.8270,3.7320,-131.920,52.560,-125.870,107
49229.00,1.1300,5.2490,5.0970,-125.580,76.330,-121.520,107
49239.00,0.9590,5.6300,7.5690,-97.090,98.760,-103.210,107
49249.00,0.7660,4.3990,9.9440,-64.370,106.220,-77.870,108
49259.00,0.0340,2.2480,10.6800,-50.700,95.940,-62.680,108
49269.00,-0.1110,0.3050,10.1280,-53.530,80.020,-66.930,108
49279.00,-0.4780,-1.3180,7.9050,-66.130,66.820,-87.650,108
49289.00,-1.0460,-1.0330,6.5010,-88.730,69.710,-123.320,108
49299.00,-0.5880,2.9320,4.8100,-130.450,84.010,-157.500,109
49309.00,-0.8020,3.5520,5.8400,-152.740,142.530,-163.620,109
49319.00,-1.1350,4.1060,7.5260,-148.560,167.450,-149.290,109
49329.00,-1.3390,4.2470,10.1080,-136.380,186.170,-129.300,109
49339.00,-1.5780,3.7230,12.1360,-122.330,186.800,-107.060,109
49349.00,-1.7850,3.2470,12.6460,-106.940,169.860,-88.970,110
49359.00,-1.8320,2.7660,12.4430,-95.460,149.950,-75.300,110
49369.00,-2.1100,2.2820,11.4740,-87.750,132.940,-64.640,110
49379.00,-2.3330,1.1640,10.1080,-80.470,122.050,-55.100,110
49389.00,-2.4450,0.3920,7.9690,-84.110,118.570,-53.630,110
49399.00,-2.5310,0.1690,6.5940,-95.310,131.680,-57.660,111
49409.00,-2.9220,0.4540,7.7400,-103.160,159.700,-60.700,111
49419.00,-3.1460,0.5620,10.1150,-110.270,181.520,-57.430,111
49429.00,-3.4330,0.1600,11.6840,-116.550,184.880,-49.210,111
49439.00,-3.4680,-0.5650,12.0490,-121.780,176.650,-40.460,111
49449.00,-3.7490,-1.0620,11.8210,-129.590,165.980,-36.620,112
49459.00,-3.6050,-0.8010,11.4770,-142.890,157.960,-37.530,112
49469.00,-3.5380,-0.4340,11.2220,-147.180,150.610,-35.470,112
49479.00,-3.6760,-0.1650,11.3200,-147.000,143.840,-29.500,112
49489.00,-3.5550,0.6870,12.2330,-118.970,138.940,-17.360,112
49499.00,-3.6380,0.4580,13.5870,-63.810,127.290,2.720,113
49509.00,-3.7260,-1.5610,12.3570,-31.270,69.830,48.070,113
49519.00,-3.8020,-3.9300,11.1320,-16.840,57.080,61.240,113
49529.00,-3.8820,-5.9410,9.9990,-10.750,52.320,59.210,113
49539.00,-4.3660,-6.7830,9.3390,-15.910,54.150,39.770,113
49549.00,-4.4440,-5.6560,9.4160,-30.450,60.380,9.220,114
49559.00,-4.8590,-3.3930,10.0840,-41.300,65.320,-14.170,114
49570.00,-5.0750,-1.3080,10.3600,-47.600,64.460,-20.380,114
49580.00,-5.3120,-0.2760,10.5450,-46.570,62.800,-10.320,114
49590.00,-5.1870,-0.7740,11.0400,-35.860,63.320,11.230,114
49600.00,-5.4100,-2.8580,11.8190,-12.970,62.520,34.780,115
49610.00,-6.2420,-4.9240,12.0320,1.200,57.550,43.940,115
49620.00,-6.7170,-5.8180,12.4820,4.960,55.830,36.570,115
49630.00,-7.3710,-5.5720,13.4280,5.150,54.010,21.190,115
49640.00,-8.0410,-4.3280,14.3330,2.320,47.820,6.450,115
49650.00,-8.7350,-3.0530,15.2470,5.120,39.540,2.150,116
49660.00,-9.2590,-2.6760,16.1220,14.370,29.080,9.970,116
49670.00,-9.7130,-3.1330,16.7270,22.140,14.810,20.910,116
49680.00,-9.6150,-3.9940,17.2860,26.780,-1.360,28.220,116
49690.00,-9.4980,-4.9570,17.5500,30.390,-22.000,28.750,116
49700.00,-9.5950,-5.4460,17.4370,28.230,-45.100,20.000,117
49710.00,-9.4550,-4.2520,17.3160,26.030,-87.220,-7.630,117
49720.00,-9.4120,-3.7250,16.6250,35.300,-108.730,-9.710,117
49730.00,-9.3470,-2.8660,17.8480,49.780,-118.650,-11.300,117
49740.00,-9.0170,-1.3550,18.4740,50.900,-137.410,-13.330,117
49750.00,-7.4950,-0.7410,18.5810,65.160,-171.480,-2.600,118
49760.00,-7.0070,-1.1900,15.5300,76.460,-220.780,11.630,118
49770.00,-6.9060,-1.4760,11.0840,82.360,-249.230,22.590,118
49780.00,-6.7400,-1.4790,10.1580,96.060,-233.710,35.660,118
49790.00,-6.0230,-0.1600,9.9620,77.920,-206.430,48.920,118
49800.00,-5.1020,-0.4360,11.9290,74.210,-184.130,68.210,119
49810.00,-4.7360,-1.2200,13.7020,68.780,-180.140,81.320,119
49820.00,-4.5520,-1.3870,13.6530,62.060,-194.630,83.500,119
49830.00,-4.2520,-1.1850,12.1500,64.560,-211.240,85.170,119
49840.00,-3.7780,-1.2470,10.7940,78.040,-217.170,90.430,119
49850.00,-3.7390,-1.6640,10.0210,89.030,-217.520,93.850,120
49860.00,-3.2290,-1.5600,9.0070,87.310,-215.090,90.680,120
49870.00,-3.5240,-0.9410,9.3990,83.690,-205.360,83.820,120
49880.00,-2.8970,-0.1190,9.6950,79.810,-200.720,79.360,120
49890.00,-2.6690,0.7770,9.9210,78.000,-200.500,78.900,120
49900.00,-2.4200,1.4670,9.8270,79.840,-206.530,83.170,121
49910.00,-1.4730,3.4030,7.5730,79.560,-223.440,101.210,121
49920.00,-1.1540,3.8950,6.2520,93.770,-223.320,123.190,121
49930.00,-0.8210,4.1570,5.1640,107.720,-212.680,150.620,121
49940.00,-0.1720,3.7430,4.5240,120.560,-195.680,182.820,121
49950.00,0.2710,3.3930,4.2170,133.790,-174.980,211.150,122
49960.00,-0.0070,2.2880,4.4200,144.260,-151.230,236.800,122
49970.00,-0.0100,1.1410,5.1500,152.690,-130.550,253.990,122
49980.00,0.2950,0.1170,5.5210,150.580,-113.350,258.840,122
49990.00,0.6850,-1.2040,6.6740,144.890,-100.060,257.160,122
50000.00,1.2070,-2.2210,7.0370,129.160,-101.220,243.030,123
50010.00,1.7790,-2.9260,6.1960,105.900,-108.570,219.740,123
50020.00,2.0120,-3.6620,5.7180,82.240,-107.660,194.720,123
50030.00,2.4590,-3.4630,5.1990,62.410,-105.120,165.230,123
50040.00,2.8520,-3.2900,4.7310,46.710,-100.100,137.720,123
50050.00,3.1390,-2.9280,4.3040,34.660,-93.940,111.680,124
50060.00,3.4730,-2.4750,4.2500,23.670,-86.170,86.990,124
50070.00,3.7990,-1.6580,4.1080,12.010,-79.520,64.080,124
50080.00,4.0600,-0.5010,4.0040,1.300,-72.970,47.100,124
50090.00,4.1830,0.4900,3.7260,-2.150,-67.160,39.510,124
50100.00,4.4510,1.1790,3.6640,-0.330,-59.170,39.260,125
50110.00,4.7960,1.5010,3.4550,7.130,-45.460,53.000,125
50120.00,4.8930,1.0760,3.3100,15.980,-37.970,61.770,125
50130.00,4.9260,1.0890,3.4550,20.130,-26.550,67.250,125
50140.00,4.9080,1.6820,3.2370,34.990,-17.940,72.650,125
50150.00,4.6930,2.4960,2.4170,67.030,-12.340,82.980,126
50160.00,4.9800,2.3740,1.8410,107.000,-2.340,101.410,126
50170.00,4.8740,1.2720,2.5810,111.950,20.690,120.360,126
50180.00,4.7380,0.3870,4.3760,120.210,43.020,127.920,126
50190.00,5.1400,0.0530,5.9100,116.800,54.260,126.130,126
50200.00,4.6140,-0.5530,6.6130,92.760,58.900,122.250,127
50210.00,4.7190,-1.0860,7.3040,92.320,51.560,112.010,127
50220.00,4.6580,-1.1420,7.2960,80.330,43.970,98.550,127
50230.00,4.6060,-1.1310,7.4090,67.640,40.400,86.880,127
50240.00,4.5640,-1.0040,7.5390,61.290,38.260,76.000,127
50250.00,4.6250,-0.8620,7.7590,51.330,38.280,65.930,128
50260.00,3.5980,-0.0500,6.9030,57.900,35.460,58.810,128
50270.00,3.8660,-0.2040,5.3920,118.480,25.330,69.700,128
50280.00,4.3350,-1.1120,5.1290,137.070,41.010,81.680,128
50290.00,5.0320,-0.3960,7.6960,123.490,64.110,70.010,128
50300.00,5.7550,1.3080,9.2250,98.290,61.800,46.630,129
50310.00,4.6380,2.8150,7.0270,68.570,35.940,40.140,129
50320.00,4.9470,2.0270,5.7710,80.450,33.280,50.150,129
50330.00,4.8510,1.3990,5.5480,93.230,42.950,54.050,129
50340.00,4.5050,1.1370,5.8090,99.390,54.490,50.970,129
50350.00,3.8210,1.2080,6.3370,98.370,63.780,46.140,130
50360.00,3.5830,0.8780,7.0980,101.240,70.870,43.810,130
50370.00,4.3740,0.6580,8.0150,94.930,71.990,39.300,130
50380.00,5.0460,1.3810,7.9270,72.230,64.550,27.260,130
50390.00,5.1420,2.3910,7.6450,43.390,54.210,17.340,130
50400.00,5.4100,3.1330,6.3540,26.780,41.780,20.280,131
50410.00,5.2030,2.9610,4.4840,21.200,33.840,34.710,131
50420.00,4.5260,2.1700,2.4210,27.660,37.340,54.160,131
50430.00,4.2650,0.6300,1.2920,46.260,52.020,73.980,131
50440.00,3.9850,-1.2190,1.4790,59.680,73.350,85.180,131
50450.00,3.6820,-2.5380,1.8300,59.120,90.730,83.100,132
50460.00,3.4760,-3.0520,2.1850,52.210,103.120,69.260,132
50470.00,3.3780,-2.6570,2.3470,35.550,111.520,48.780,132
50480.00,2.6440,-2.0600,2.4470,17.800,117.920,33.050,132
50490.00,2.2140,-1.4670,1.4730,23.440,121.000,27.660,132
50500.00,1.6280,-1.4380,-0.9230,88.750,114.770,33.140,133
50510.00,1.5240,-1.6630,1.5960,114.610,180.870,5.660,133
50520.00,2.0490,-0.2670,3.5680,-15.540,212.270,-40.600,133
50530.00,0.4280,2.4160,5.9170,-53.990,225.160,-80.480,133
50540.00,-0.6910,3.5130,7.8430,-85.170,229.940,-91.750,133
50550.00,-1.1880,4.6380,9.5590,-110.510,234.110,-97.260,134
50560.00,-2.0120,5.9000,10.9070,-117.530,233.550,-98.430,134
50570.00,-2.8180,7.1680,12.3760,-119.540,235.260,-91.980,134
50580.00,-3.6920,7.8910,14.6590,-115.400,239.090,-73.970,134
50591.00,-4.5150,7.1890,16.7620,-96.500,234.440,-42.500,134
50601.00,-4.7490,5.2450,18.3870,-82.720,220.090,-13.820,135
50611.00,-4.4240,4.0370,19.0670,-85.420,199.490,-5.300,135
50621.00,-4.1020,5.7120,18.4220,-58.710,170.620,-8.010,135
50631.00,-4.4870,5.6620,18.7200,-43.590,149.530,2.530,135
50641.00,-4.7350,4.8450,19.5970,-28.650,135.790,16.480,135
50651.00,-4.0790,0.9090,21.0360,28.440,101.630,29.760,136
50661.00,-3.5550,-0.2300,19.5760,3.630,61.290,6.610,136
50671.00,-3.6080,0.1140,14.8590,-21.600,19.290,-24.460,136
50681.00,-3.7470,1.4320,12.2520,-48.280,15.930,-49.190,136
50691.00,-3.9200,3.4670,12.6920,-69.740,36.530,-62.610,136
50701.00,-4.2220,5.0640,15.0420,-71.770,54.070,-57.290,137
50711.00,-3.9610,4.4200,16.6340,-55.230,51.770,-35.430,137
50721.00,-3.8640,3.1570,15.1700,-12.430,10.190,9.550,137
50731.00,-3.6750,1.9210,13.8650,0.550,-1.490,19.160,137
50741.00,-3.4990,0.9650,13.0240,12.240,-8.360,21.590,137
50751.00,-3.1900,0.4910,11.7390,12.820,-14.490,17.910,138
50761.00,-3.1080,0.3920,10.9410,16.770,-14.610,12.720,138
50771.00,-2.8330,0.6240,10.9040,23.840,-11.430,7.760,138
50781.00,-2.4890,1.3220,10.6660,26.900,-11.620,4.320,138
50791.00,-2.3540,1.9230,10.2860,34.880,-13.670,6.030,138
50801.00,-2.3710,2.1520,9.4390,42.300,-14.960,11.190,139
50811.00,-2.9750,-2.1000,-3.3780,25.070,26.000,5.470,139
50821.00,-2.1510,1.4350,10.2300,42.690,93.910,-6.540,139
50831.00,-3.1050,1.6630,6.9270,51.070,111.800,-6.680,139
50841.00,-3.0650,1.8220,8.4590,60.430,130.330,-4.510,139
50851.00,-2.7050,2.3800,8.4090,61.970,142.110,-2.900,140
50861.00,-2.8280,2.5430,8.4150,65.840,141.830,-2.060,140
50871.00,-2.8630,2.6460,8.4890,80.790,143.580,-0.050,140
50881.00,-2.9500,2.7840,7.9510,92.060,142.620,1.200,140
50891.00,-3.4860,3.4880,8.2390,98.880,141.690,2.340,140
50901.00,-5.4160,0.0310,12.5510,52.280,107.830,7.690,141
50911.00,-4.5780,2.7480,7.9200,-90.910,-6.210,-10.010,141
50921.00,-3.9930,0.8430,9.2620,-4.690,-37.820,8.740,141
50931.00,-3.4760,1.9450,9.2960,-24.870,-35.510,4.950,141
50941.00,-3.6310,1.9080,9.2560,-22.580,-33.200,2.390,141
50951.00,-3.5120,1.8750,9.2490,-13.420,-31.880,1.520,142
50961.00,-3.3200,1.8020,9.2920,-10.340,-31.800,2.290,142
50971.00,-3.3870,1.6490,9.3000,-15.000,-32.650,0.520,142
50981.00,-3.2080,1.4570,9.3990,-20.970,-33.930,-2.590,142
50991.00,-3.3650,1.1590,9.3490,-26.900,-35.090,-5.930,142
51001.00,-3.3630,1.1430,9.3940,-42.910,-35.540,-10.650,143
51011.00,-3.2570,1.4060,9.4520,-52.820,-34.420,-14.360,143
51021.00,-3.2780,1.5780,9.4340,-52.170,-32.810,-14.920,143
51031.00,-3.2900,1.4570,9.3950,-48.480,-31.500,-12.950,143
51041.00,-3.2080,1.2920,9.4270,-51.310,-30.760,-11.370,143
51051.00,-3.0440,1.1970,9.4790,-53.550,-31.130,-11.420,144
51061.00,-3.0530,1.2490,9.4980,-56.000,-32.650,-13.560,144
51071.00,-3.0370,1.2860,9.4800,-55.630,-35.510,-14.380,144
51081.00,-2.7730,1.2000,9.7160,-52.900,-36.640,-12.120,144
51091.00,-3.2730,1.1700,9.3150,-45.200,-38.900,-6.940,144
51101.00,-3.6230,1.4410,8.5930,-34.460,-52.920,0.550,145
51111.00,-2.6530,0.7770,9.2190,-32.800,-87.410,6.350,145
51121.00,-3.9660,0.6060,10.4290,-91.700,-113.050,-7.870,145
51131.00,-1.3710,0.9350,10.3110,-54.290,-77.210,-13.400,145
51141.00,-0.5800,0.5300,9.9430,-31.730,-67.950,-11.690,145
51151.00,-1.1220,0.4540,9.9190,-35.880,-74.990,-11.200,146
51161.00,-0.9890,0.3400,10.2230,-41.350,-79.360,-16.080,146
51171.00,-0.9990,0.2690,9.9980,-39.450,-76.090,-17.720,146
51181.00,-1.3170,0.0920,10.0180,-46.940,-76.250,-15.570,146
51191.00,-1.3160,-0.0880,10.1690,-47.780,-75.320,-11.550,146
51201.00,-1.1830,-0.0650,10.1590,-29.800,-73.550,-9.660,147
51211.00,-1.0800,-0.2170,10.3130,-8.820,-70.750,-8.500,147
51221.00,-0.9530,0.0310,10.1650,1.910,-61.490,-3.530,147
51231.00,-0.9140,-0.1170,10.0090,2.530,-57.570,-4.790,147
51241.00,-0.7980,-0.0290,10.0070,2.460,-59.390,-3.090,147
51251.00,-0.7040,-0.0580,10.0460,2.510,-62.160,-2.500,148
51261.00,-0.5860,-0.0440,10.1330,2.120,-63.930,-1.470,148
51271.00,-0.5030,-0.0280,10.0150,1.160,-64.260,-0.840,148
51281.00,-0.3700,-0.0450,10.0980,1.130,-67.580,-0.470,148
51291.00,-0.2840,-0.0160,9.9720,1.160,-69.040,-0.380,148
51301.00,-0.0930,-0.0320,10.4820,1.230,-73.030,-0.420,149
51311.00,0.0010,-0.3940,11.3040,0.810,-33.230,1.810,149
51321.00,-0.1680,-0.1440,10.1080,1.690,14.480,24.060,149
51331.00,0.0680,0.6720,9.8990,42.360,1.790,15.240,149
51341.00,-0.4840,-2.1100,10.7720,56.500,-10.670,1.990,149
51351.00,-0.1050,0.6840,14.4670,115.980,-46.580,-28.490,150
51361.00,-5.4810,2.3900,1.2610,150.470,-128.500,-23.870,150
51371.00,0.0530,3.3900,8.8100,119.810,30.740,0.620,150
51381.00,-2.8520,2.7850,13.2170,82.340,53.030,23.180,150
51391.00,-2.2700,3.4950,16.0650,200.980,107.770,42.290,150
51401.00,-3.3810,1.8790,28.7540,138.290,126.740,73.210,151
51411.00,-3.4600,-1.2430,31.3320,108.050,28.850,85.480,151
51421.00,-4.2020,-4.4570,27.0670,73.770,-82.200,67.600,151
51431.00,-4.3390,-3.5010,22.0130,39.700,-148.540,19.770,151
51441.00,-3.9120,1.0700,18.2570,19.010,-178.200,-21.330,151
51451.00,-2.7800,4.9240,16.2610,-0.330,-188.020,-31.850,152
51461.00,-1.3840,7.4100,14.3940,0.180,-195.890,-18.480,152
51471.00,-0.2090,7.8740,11.3440,0.370,-208.770,8.640,152
51481.00,0.9720,9.2510,7.8960,-5.530,-217.650,28.940,152
51491.00,1.3900,11.1540,4.9410,9.090,-218.500,57.150,152
51501.00,1.6980,10.7680,1.6270,25.920,-212.920,109.610,153
51511.00,1.2040,7.9030,-0.1440,59.370,-193.670,166.890,153
51521.00,1.1160,3.5680,-3.7860,131.500,-163.590,237.080,153
51531.00,3.3630,1.7550,-5.1030,137.660,-134.710,252.190,153
51541.00,3.0410,-1.8870,-6.1890,144.850,-97.400,258.000,153
51551.00,0.9950,-3.0120,-7.7160,146.410,-55.740,231.850,154
51561.00,-0.2620,-0.8290,-9.9820,143.100,-14.260,194.370,154
51571.00,1.2720,0.2300,-11.0520,143.450,40.750,184.690,154
51581.00,1.3620,-2.7380,-9.8570,143.960,108.910,194.750,154
51591.00,-2.6440,-4.5290,-7.8900,133.600,172.020,184.060,154
51601.00,-2.6030,-4.5910,-7.6070,151.170,212.860,161.240,155
51611.00,-4.7370,-5.5380,-6.7750,168.080,252.180,150.000,155
51622.00,-5.0340,-6.8480,-5.2120,194.500,288.670,129.110,155
51632.00,-5.7080,-8.3730,-3.7900,211.770,316.150,97.190,155
51642.00,-7.2010,-9.2530,-2.9710,200.470,327.670,49.570,155
51652.00,-8.8640,-9.2130,-2.8530,175.920,327.670,-12.180,156
51662.00,-10.8170,-7.3310,-1.9330,147.830,327.670,-84.430,156
51672.00,-8.0180,-3.8240,-2.3800,105.530,327.670,-153.440,156
51682.00,-14.0840,-3.2490,-2.3120,137.000,327.670,-243.750,156
51692.00,-24.8040,10.8050,8.0270,-193.310,327.670,-281.410,156
51702.00,-16.9810,9.3890,17.0530,-193.550,327.670,-206.930,157
51712.00,-18.1970,10.3140,24.6110,-62.130,327.670,-162.200,157
51722.00,-18.9790,11.3320,32.7670,9.070,327.670,-112.000,157
51732.00,-18.0100,14.5140,32.7670,-18.130,327.670,-120.200,157
51742.00,-17.3310,19.7490,32.7670,-51.680,327.670,-123.140,157
51752.00,-17.4800,24.0020,32.7670,-54.250,269.670,-89.000,158
51762.00,-17.6900,23.3810,32.7670,-36.370,81.540,-5.110,158
51772.00,-18.8680,17.5160,32.7670,5.100,-123.830,94.880,158
51782.00,-19.4450,10.1940,25.9560,38.330,-263.620,166.770,158
51792.00,-19.0990,3.8810,19.3720,49.930,-298.290,192.420,158
51802.00,-17.4520,0.3300,17.3680,29.560,-287.000,174.590,159
51812.00,-16.2950,-0.3810,18.7280,-26.670,-264.690,133.060,159
51822.00,-15.4440,1.2000,20.5160,-89.110,-261.590,88.630,159
51832.00,-14.8490,3.2020,20.0650,-135.840,-282.470,58.220,159
51842.00,-14.3090,4.2110,18.7870,-164.120,-307.720,43.950,159
51852.00,-13.9360,4.2410,17.5800,-187.020,-327.680,35.660,160
51862.00,-13.5800,4.1330,15.6680,-201.130,-327.680,24.140,160
51872.00,-12.8790,4.5240,13.0880,-200.480,-327.680,8.590,160
51882.00,-11.8760,5.0590,10.6930,-185.680,-327.680,-5.420,160
51892.00,-11.0520,4.6970,8.1790,-161.840,-327.680,-12.000,160
51902.00,-10.0590,3.2500,5.0100,-143.450,-327.680,-14.560,161
51912.00,-8.9650,2.6260,0.2970,-147.300,-327.680,-22.150,161
51922.00,-5.0440,1.8910,-7.1620,-139.860,-327.680,-23.270,161
51932.00,-3.2110,0.8750,-8.0110,-110.020,-327.680,-18.340,161
51942.00,-1.5560,0.1390,-7.8410,-73.750,-315.650,-16.360,161
51952.00,-0.3580,-0.3150,-7.0020,-20.830,-254.220,-14.610,162
51962.00,0.5860,-0.4550,-5.4500,22.140,-200.230,-11.140,162
51972.00,1.2380,-0.8170,-4.1940,66.890,-160.050,-6.720,162
51982.00,1.5670,-1.1370,-3.8120,112.990,-131.270,-1.990,162
51992.00,2.1470,-1.0730,-4.1200,150.090,-104.910,1.710,162
52002.00,2.7670,-0.2150,-3.7390,181.030,-74.080,3.770,163
52012.00,3.0400,0.0020,-3.1920,214.780,-45.310,11.320,163
52022.00,2.7660,-1.7280,-1.9310,254.370,-21.540,20.700,163
52032.00,2.8770,-3.4540,0.0820,278.130,-8.100,15.620,163
52042.00,2.8130,-3.4220,1.0380,274.320,-4.620,-4.550,163
52052.00,3.6170,-3.0500,2.5610,262.820,-3.530,-28.220,164
52062.00,3.5500,-2.6640,3.7080,252.410,-11.710,-51.410,164
52072.00,2.7580,-1.6780,3.3960,232.550,-22.350,-74.060,164
52082.00,2.6510,-0.0630,3.1040,219.350,-25.220,-92.500,164
52092.00,2.6850,1.4880,2.6990,203.040,-21.870,-102.130,164
52102.00,2.5320,2.3980,2.9880,191.040,-12.630,-105.080,165
52112.00,2.4350,3.4060,3.7110,176.370,-1.560,-107.030,165
52122.00,3.1100,4.6460,4.5770,160.290,6.080,-107.180,165
52132.00,2.6600,4.3940,4.0340,136.860,4.610,-98.420,165
52142.00,2.7960,4.9590,3.7560,124.830,5.680,-97.030,165
52152.00,3.0160,5.8800,3.0610,111.340,5.820,-96.740,166
52162.00,2.7380,6.7230,3.0780,88.490,9.760,-94.250,166
52172.00,2.7800,7.1430,3.7590,68.450,12.310,-88.140,166
52182.00,2.6840,7.5240,4.2070,41.180,12.310,-83.730,166
52192.00,2.4700,8.2760,5.2400,7.230,15.230,-82.090,166
52202.00,2.1100,8.6140,6.2670,-18.310,14.150,-74.900,167
52212.00,2.2570,8.1770,6.5530,-35.820,6.830,-62.890,167
52222.00,2.3070,7.3810,7.0310,-61.990,-0.260,-52.250,167
52232.00,2.3120,6.3020,8.3410,-91.930,-3.810,-46.830,167
52242.00,1.3960,4.9220,5.2970,-100.700,-6.860,-55.100,167
52252.00,1.1130,1.0680,4.9610,-29.370,19.010,-81.880,168
52262.00,-0.0140,0.7740,9.9300,-12.950,45.670,-141.890,168
52272.00,0.0370,8.3280,10.4480,-94.970,27.690,-191.380,168
52282.00,1.0150,14.9380,7.8580,-156.770,-0.370,-169.890,168
52292.00,2.3040,17.2600,5.6990,-184.570,-10.130,-97.190,168
52302.00,3.4080,10.7160,8.1520,-187.390,-1.000,-36.640,169
52312.00,2.0940,7.4080,11.9790,-215.510,-5.460,-45.160,169
52322.00,1.2950,5.3830,11.1990,-260.860,-31.570,-61.610,169
52332.00,1.3630,5.6360,12.6480,-219.030,-43.430,-65.530,169
52342.00,1.7460,4.5220,13.6600,-189.650,-59.220,-75.460,169
52352.00,1.9890,3.9740,12.0940,-180.220,-88.090,-92.540,170
52362.00,2.0800,4.5660,7.4640,-174.790,-102.430,-107.710,170
52372.00,2.0490,5.7420,7.0740,-163.170,-74.620,-109.230,170
52382.00,1.9660,6.4430,9.2700,-150.120,-44.190,-93.130,170
52392.00,2.3170,6.1010,8.4830,-153.790,-35.280,-69.820,170
52402.00,2.4630,4.5330,8.1700,-141.160,-24.450,-55.630,171
52412.00,2.3780,5.7270,9.1310,-112.910,-11.880,-58.130,171
52422.00,2.7130,5.7110,9.4480,-91.420,-5.970,-44.710,171
52432.00,2.9650,3.7500,9.7890,-72.820,1.060,-23.690,171
52442.00,2.6230,3.4480,9.9560,-62.950,9.130,-17.040,171
52452.00,2.5830,2.1360,9.3170,-51.840,13.430,-8.100,172
52462.00,2.8330,0.7130,8.3100,-47.990,20.270,-6.700,172
52472.00,2.8860,1.9030,8.1000,-56.370,35.240,-18.740,172
52482.00,2.6720,4.0610,9.2760,-61.360,52.890,-23.830,172
52492.00,2.4750,5.4600,10.6790,-57.190,61.850,-13.870,172
52502.00,2.2270,5.3240,12.0260,-48.620,63.920,3.970,173
52512.00,1.8470,4.3440,12.9000,-37.330,59.350,20.310,173
52522.00,1.3590,3.0350,11.3750,-22.590,49.250,30.410,173
52532.00,0.9780,0.8030,11.3800,-6.770,50.880,31.280,173
52542.00,1.0940,0.9580,11.5740,-9.700,54.120,22.200,173
52552.00,1.2100,3.0690,11.5480,-11.100,53.750,9.830,174
52562.00,1.3620,4.2890,11.7260,10.020,51.970,11.880,174
52572.00,1.1400,2.7090,11.7520,41.030,47.050,27.730,174
52582.00,0.9080,0.2030,11.7600,58.890,40.450,34.350,174
52592.00,0.7920,-0.5590,11.6330,57.000,32.910,21.130,174
52602.00,0.9280,0.2110,11.4480,43.760,24.420,0.610,175
52612.00,0.7640,2.2080,13.2030,14.710,20.680,-17.270,175
52622.00,0.7170,4.6660,16.4080,-19.160,14.220,-24.850,175
52632.00,1.0280,5.1640,11.6030,0.720,-28.770,-13.440,175
52643.00,1.2640,3.8710,7.0000,33.990,-38.170,4.420,175
52653.00,1.4020,3.5060,7.8010,58.580,-7.560,14.480,176
52663.00,-1.6520,-5.0620,-3.3040,74.420,16.000,18.180,176
52673.00,-0.8300,-0.5980,-8.7550,15.370,189.200,-51.950,176
52683.00,0.6080,1.8190,5.3560,56.690,317.370,-80.110,176
52693.00,-1.2780,-0.4710,2.9440,45.490,286.360,-54.190,176
52703.00,-2.1300,8.6480,12.9300,-14.470,39.330,-9.150,177
52713.00,-7.6240,3.7690,8.6180,-6.370,-102.340,-8.450,177
52723.00,-1.7400,0.4700,14.8780,-57.770,-85.920,-17.970,177
52733.00,1.6950,1.2760,10.2000,-4.180,-2.820,-12.600,177
52743.00,0.0290,0.5690,9.9840,-1.610,-0.800,-3.220,177
52753.00,0.0510,1.0740,10.0530,-20.760,2.000,-8.190,178
52763.00,0.0950,1.1360,10.0650,-22.490,2.510,-9.450,178
52773.00,0.0680,0.6420,9.9990,-27.880,3.210,-9.760,178
52783.00,0.0320,0.6160,9.9990,-43.720,5.120,-13.520,178
52793.00,0.1200,0.3200,10.1910,-57.590,6.730,-19.260,178
52803.00,0.7960,0.4700,10.1330,-53.080,5.070,-24.200,179
52813.00,0.6770,0.5880,10.1160,-49.600,5.190,-25.040,179
52823.00,0.8980,0.1720,10.0910,-55.350,6.550,-26.370,179
52833.00,0.4310,0.5100,10.2020,-65.010,8.360,-29.500,179
52843.00,0.1990,0.5330,10.1430,-52.710,7.390,-25.830,179
52853.00,-0.4190,0.5630,10.1490,-41.370,6.310,-18.840,180
52863.00,-0.3080,0.5450,10.2060,-25.990,4.470,-11.600,180
52873.00,-0.8690,0.3370,10.0760,-8.050,1.880,-4.600,180
52883.00,-0.9210,0.5140,10.1830,-9.560,1.850,-3.970,180
52893.00,-0.3140,0.1650,10.0220,2.470,-0.090,-4.810,180
52903.00,-0.3370,0.3250,10.0730,-7.460,1.270,-7.360,181
52913.00,-0.0250,0.1840,10.1130,-7.600,1.360,-8.520,181
52923.00,-0.0520,0.1260,10.0880,-13.000,2.130,-8.620,181
52933.00,0.1720,0.0310,10.0770,-12.440,2.160,-6.280,181
52943.00,0.0340,0.0940,10.1700,-12.970,2.020,-3.270,181
52953.00,0.1260,0.0520,10.1430,-5.850,1.060,0.750,182
52963.00,-0.1250,0.1080,10.1000,-1.930,0.550,4.180,182
52973.00,0.1680,-0.1220,10.1160,-1.870,0.480,5.730,182
52983.00,-0.0770,0.0680,10.1370,-1.910,0.460,9.790,182
52993.00,-0.4430,0.2720,10.0980,-0.440,0.290,10.230,182
53003.00,-0.3300,0.0280,10.1130,-0.020,0.000,4.740,183
53013.00,-0.2360,0.0930,10.1280,-0.300,-0.030,-0.190,183
53023.00,-0.0380,-0.0880,10.1100,0.230,-0.100,-2.570,183
53033.00,-0.2170,0.1540,10.1400,-0.160,-0.170,-3.360,183
53043.00,-0.2080,-0.0130,10.0860,1.300,-0.310,-4.410,183
53053.00,-0.2770,-0.0620,10.1300,-0.210,-0.260,-8.550,184
53063.00,-0.1360,0.2160,10.0950,0.320,-0.350,-12.120,184
53073.00,-0.1180,-0.0230,10.1440,0.650,-0.510,-11.600,184
53083.00,-0.0760,0.3080,10.1070,0.010,-0.310,-12.720,184
53093.00,-0.0920,0.1200,10.1180,-0.460,-0.350,-11.020,184
53103.00,-0.0880,0.0580,10.1240,-0.610,-0.300,-9.760,185
53113.00,-0.0710,0.1160,10.1080,1.020,-0.510,-6.980,185
53123.00,-0.0880,0.1120,10.1150,-0.190,-0.420,-6.470,185
53133.00,-0.0950,0.0050,10.1210,-0.180,-0.350,-3.640,185
53143.00,-0.0680,0.2540,10.1250,0.000,-0.380,-2.950,185
53153.00,-0.0820,0.0610,10.1090,0.670,-0.490,-0.400,186
53163.00,-0.0920,0.0630,10.1190,0.440,-0.380,-0.360,186
53173.00,-0.0780,0.0610,10.1090,0.160,-0.310,-0.360,186
53183.00,-0.0840,0.0490,10.1100,0.080,-0.310,-0.290,186
53193.00,-0.0800,0.0550,10.1140,0.110,-0.350,-0.360,186
53203.00,-0.0890,0.0610,10.1200,0.250,-0.380,-0.360,187
53213.00,-0.0830,0.0510,10.1240,0.320,-0.370,-0.290,187
53223.00,-0.0880,0.0500,10.1060,0.390,-0.260,-0.360,187
53233.00,-0.0810,0.0550,10.1090,0.270,-0.280,-0.380,187
53243.00,-0.0860,0.0640,10.1130,-0.020,-0.350,-0.330,187
53253.00,-0.0690,0.0610,10.1250,-1.190,0.010,-0.400,188
53263.00,-0.0870,0.0370,10.1140,-1.520,0.110,-0.430,188
53273.00,-0.0780,0.0560,10.1150,-0.650,-0.260,-0.430,188
53283.00,-0.0820,0.0500,10.1090,-1.610,0.130,-0.470,188
53293.00,-0.0780,0.0450,10.1150,-1.840,0.150,-0.470,188
53303.00,-0.0860,0.0410,10.1220,-2.310,0.220,-0.490,189
53313.00,-0.0830,0.0350,10.1160,-3.240,0.450,-0.520,189
53323.00,-0.0900,0.0260,10.1000,-4.010,0.640,-0.560,189
53333.00,-0.0830,0.0010,10.1130,-6.580,1.130,-0.500,189
53343.00,-0.0860,-0.0050,10.1090,-5.710,0.950,-0.470,189
53353.00,-0.0860,-0.0150,10.1030,-6.410,1.110,-0.430,190
53363.00,-0.0890,-0.0390,10.1090,-6.740,1.200,-0.430,190
53373.00,-0.0990,-0.0410,10.1210,-4.550,0.740,-0.400,190
53383.00,-0.0950,-0.0450,10.1140,-2.560,0.290,-0.400,190
53393.00,-0.0880,-0.0400,10.1150,0.040,-0.350,-0.350,190
53403.00,-0.0950,-0.0400,10.1100,0.250,-0.350,-0.380,191
53413.00,-0.0960,-0.0370,10.1180,0.270,-0.240,-0.360,191
53423.00,-0.0900,-0.0350,10.0970,0.390,-0.380,-0.360,191
53433.00,-0.0880,-0.0430,10.1380,0.270,-0.230,-0.380,191
53443.00,-0.1010,-0.0370,10.1000,0.290,-0.190,-0.380,191
53453.00,-0.0930,-0.0410,10.1320,0.340,-0.160,-0.380,192
53463.00,-0.1070,-0.0400,10.1100,0.340,-0.190,-0.400,192
53473.00,-0.0920,-0.0590,10.1130,0.720,-0.310,-0.380,192
53483.00,-0.1360,-0.2140,10.1040,5.310,-1.570,-0.560,192
53494.00,-0.1610,-0.6050,10.1320,-0.790,-0.020,-7.700,192
53503.00,-0.0250,0.4680,10.1060,-3.290,0.670,-9.730,193
53513.00,-0.0510,0.1390,10.1200,0.220,-0.170,-4.270,193
53523.00,-0.0820,0.0450,10.1090,0.300,-0.160,-1.550,193
53533.00,-0.0940,-0.0410,10.1190,0.290,-0.210,-0.400,193
53543.00,-0.0880,-0.0410,10.1150,0.180,-0.100,-0.420,193
53553.00,-0.0820,-0.0510,10.1260,0.160,-0.100,-0.430,194
53563.00,-0.0860,-0.0350,10.1150,0.160,-0.050,-0.430,194
53573.00,-0.0920,-0.0330,10.1140,0.150,-0.120,-0.420,194
53584.00,-0.0960,-0.0400,10.1080,0.180,-0.120,-0.430,194
53593.00,-0.0960,-0.0410,10.1070,0.110,-0.070,-0.450,194
53603.00,-0.0960,-0.0400,10.1270,0.230,-0.140,-0.490,195
53613.00,-0.0920,-0.0400,10.1130,0.270,-0.090,-0.400,195
53623.00,-0.0920,-0.0440,10.1180,0.270,-0.100,-0.350,195
53633.00,-0.0930,-0.0310,10.1020,0.250,-0.140,-0.380,195
53643.00,-0.1000,-0.0470,10.1120,0.270,-0.170,-0.360,195
53653.00,-0.0860,-0.0430,10.1080,0.270,-0.210,-0.360,196
53664.00,-0.0900,-0.0450,10.1030,0.290,-0.260,-0.350,196
53674.00,-0.0890,-0.0440,10.1080,0.290,-0.210,-0.350,196
53684.00,-0.0930,-0.0440,10.1070,0.360,-0.280,-0.400,196
53694.00,-0.0870,-0.0390,10.1160,0.340,-0.240,-0.330,196
53704.00,-0.0950,-0.0510,10.1030,0.320,-0.230,-0.360,197
53714.00,-0.0870,-0.0340,10.1210,0.300,-0.140,-0.380,197
53724.00,-0.0930,-0.0350,10.1150,0.340,-0.140,-0.360,197
53734.00,-0.0960,-0.0280,10.1060,0.320,-0.140,-0.380,197
53744.00,-0.0980,-0.0370,10.1130,0.250,-0.070,-0.430,197
53754.00,-0.0880,-0.0410,10.1210,0.180,-0.030,-0.380,198
53764.00,-0.0960,-0.0460,10.1140,0.230,-0.020,-0.400,198
53774.00,-0.0880,-0.0330,10.1120,0.290,-0.030,-0.420,198
53784.00,-0.0830,-0.0440,10.1190,0.300,0.000,-0.360,198
53794.00,-0.0840,-0.0350,10.1130,0.360,0.010,-0.350,198
53804.00,-0.0940,-0.0330,10.1140,0.370,0.030,-0.380,199
53814.00,-0.0920,-0.0450,10.1140,0.300,0.000,-0.380,199
53824.00,-0.0890,-0.0460,10.1150,0.320,0.030,-0.380,199
53834.00,-0.0890,-0.0390,10.1140,0.360,0.080,-0.380,199
53844.00,-0.1010,-0.0370,10.1220,0.410,0.030,-0.360,199
53854.00,-0.1010,-0.0740,10.0910,2.070,-0.260,-0.350,200
53864.00,-0.1490,-0.3140,10.1200,9.980,-2.150,-0.850,200
53874.00,-0.1410,-0.6280,10.1130,2.820,-0.210,-8.730,200
53884.00,-0.1050,-0.0630,10.1220,2.460,-0.350,-13.540,200
53894.00,-0.0530,0.2200,10.1100,3.660,-0.520,-13.120,200
53904.00,-0.0620,0.2160,10.1150,6.410,-1.070,-10.220,201
53914.00,-0.0700,0.1480,10.1180,6.690,-1.050,-7.770,201
53924.00,-0.0780,0.1480,10.1180,4.590,-0.610,-6.700,201
53934.00,-0.0470,0.3080,10.1240,2.910,-0.240,-4.140,201
53944.00,-0.0830,0.0330,10.1150,1.230,0.010,-0.330,201
53954.00,-0.0950,0.0260,10.1160,0.790,0.080,-0.380,202
53964.00,-0.0800,0.0290,10.1140,0.410,0.180,-0.380,202
53974.00,-0.0930,0.0260,10.1150,0.340,0.170,-0.400,202
53984.00,-0.0900,0.0250,10.1200,0.650,0.010,-0.420,202
53994.00,-0.0840,0.0270,10.1210,0.780,-0.100,-0.380,202
54004.00,-0.0800,0.0260,10.1140,0.760,-0.020,-0.380,203
54014.00,-0.0960,0.0370,10.1190,0.880,-0.090,-0.360,203
54024.00,-0.0810,0.0340,10.1210,0.780,-0.090,-0.400,203
54034.00,-0.0900,0.0330,10.1180,0.060,0.060,-0.450,203
54044.00,-0.0920,0.0330,10.1140,-0.610,0.220,-0.420,203
54054.00,0.0200,1.0030,10.1150,-1.100,0.320,-0.170,204
54064.00,-0.1230,-0.1990,10.1200,1.600,-0.310,6.400,204
54074.00,-0.0820,0.0880,10.1300,0.970,-0.050,9.060,204
54084.00,-0.1080,-0.1280,10.1140,0.880,-0.020,9.950,204
54094.00,-0.0990,-0.0490,10.1220,0.160,0.130,8.460,204
54104.00,-0.1160,-0.1590,10.1160,0.000,0.110,6.820,205
54114.00,-0.0770,0.1540,10.1220,0.220,0.100,5.980,205
54124.00,-0.0950,0.1130,10.1150,0.480,0.040,6.400,205
54134.00,-0.0820,0.1320,10.1000,0.530,0.100,7.470,205
54144.00,-0.0880,0.0840,10.1160,0.130,0.150,9.950,205
54154.00,-0.0870,0.1280,10.1020,0.220,0.100,10.620,206
54164.00,-0.0830,0.1420,10.1190,0.320,0.030,11.530,206
54174.00,-0.1160,-0.0500,10.1250,0.340,-0.030,12.240,206
54184.00,-0.0700,0.2360,10.1300,0.530,-0.020,12.770,206
54194.00,-0.0800,0.1570,10.1020,0.830,-0.020,14.430,206
54204.00,-0.1040,-0.0900,10.1150,0.670,0.010,15.940,207
54214.00,-0.1010,-0.0530,10.1010,0.530,-0.090,14.760,207
54224.00,-0.0810,0.0500,10.1260,-0.050,-0.050,14.120,207
54234.00,-0.0310,-0.0990,10.1100,0.970,-0.120,14.310,207
54244.00,0.5380,0.0140,10.1330,1.370,-0.120,12.440,207
54254.00,0.1960,-0.2360,10.1210,1.480,-0.070,7.310,208
54264.00,-0.3600,-0.1900,10.1310,1.270,-0.100,3.020,208
54274.00,-0.8060,-0.2520,10.1080,1.180,-0.020,1.060,208
54284.00,-0.2040,-0.0110,10.1260,1.790,-0.140,-0.120,208
54294.00,-0.1040,-0.0190,10.1800,6.780,-1.070,-0.170,208
54304.00,-0.1860,-0.7520,10.0540,7.290,-1.010,-5.320,209
54314.00,-0.0650,0.2900,10.1460,-2.700,0.570,-11.650,209
54324.00,-0.0870,0.2220,10.1280,3.090,-0.310,-9.690,209
54334.00,-0.4850,0.1800,10.0940,5.150,-0.560,-7.140,209
54344.00,-2.7020,0.5340,10.0310,-1.190,0.250,-0.220,209
54354.00,-1.2580,0.1810,10.0420,-4.390,0.590,0.010,210
54364.00,-0.0900,0.0400,10.1460,-13.420,1.570,-1.590,210
54374.00,0.3310,0.1020,10.1700,-8.650,0.950,-1.610,210
54384.00,0.0070,-0.0430,10.1180,-1.160,-0.190,-0.420,210
54394.00,-0.7780,0.0320,10.1270,0.180,-0.370,-2.250,210
54404.00,-1.0300,0.0560,10.0950,0.220,-0.590,-6.230,211
54414.00,-1.4930,0.2630,10.0860,0.060,-0.470,-9.660,211
54424.00,-1.2210,0.3060,10.0920,0.320,-0.540,-11.970,211
54434.00,-0.3170,0.1900,10.0890,-2.890,0.970,-13.120,211
54444.00,0.0190,0.0770,10.1300,-1.420,0.170,-14.170,211
54454.00,0.8820,-0.1040,10.1490,-1.610,0.590,-14.380,212
54464.00,-0.0690,-0.1070,10.1060,-1.720,0.100,-13.930,212
54474.00,-0.2050,0.0530,10.1260,-0.190,-0.280,-13.870,212
54484.00,0.0560,0.1220,10.1130,0.670,-0.790,-12.980,212
54494.00,0.2970,-0.6770,10.1460,-1.490,-0.310,-12.090,212
54504.00,-1.8520,-0.0410,10.0640,-24.590,5.700,-87.670,213
54514.00,0.9290,0.1300,10.1460,-9.430,1.710,-214.690,213
54524.00,1.5230,-0.1470,10.1560,3.330,-1.030,-214.130,213
54534.00,-0.8970,-0.3910,10.1150,3.680,-1.210,-251.790,213
54544.00,-1.4180,0.5560,10.0770,-3.360,-0.730,-327.680,213
54554.00,-7.9760,7.0030,13.0250,-27.320,-8.000,-327.680,214
54564.00,-18.2220,16.6280,11.8330,-158.520,-24.010,-327.680,214
54574.00,-3.3600,28.8560,15.3890,-83.510,-43.100,-198.290,214
54584.00,17.1520,20.2200,7.0150,327.670,-182.380,279.030,214
54594.00,-11.4300,-1.9020,0.3790,327.670,-183.050,327.670,214
54604.00,-8.7920,-17.8180,20.8410,327.670,-135.270,327.670,215
54614.00,-5.3560,-23.5760,14.1140,313.340,-317.480,327.670,215
54624.00,-4.6870,-16.5970,5.6930,73.070,-327.680,327.670,215
54634.00,-2.3700,-11.2520,-7.1760,-3.080,-327.680,163.920,215
54644.00,3.1510,2.5850,7.1360,76.270,-231.450,48.780,215
54654.00,-3.5150,1.6660,5.9000,-15.310,-327.680,-24.180,216
54664.00,2.0470,4.2790,-25.2210,75.010,-327.680,-34.470,216
54674.00,-0.2400,-0.2110,-19.3340,-25.830,-111.820,35.890,216
54684.00,0.7390,-1.6540,-20.2300,14.010,-142.610,27.610,216
54695.00,8.0660,0.1240,-14.6910,21.550,-159.690,64.990,216
54705.00,-1.4650,-13.9360,-29.6120,28.650,-109.850,37.510,217
54715.00,-0.9710,9.9090,-8.0610,55.250,152.730,-13.170,217
54725.00,2.1400,-0.2260,2.8760,14.500,317.530,17.840,217
54735.00,0.2710,-3.2260,2.3040,61.150,263.940,17.900,217
54745.00,-19.6760,-19.1070,-23.6380,200.990,327.670,-192.850,217
54755.00,-22.4300,1.9480,-1.5260,4.610,327.670,-327.680,218
54765.00,-20.5980,13.1270,16.3580,-91.260,327.670,-327.680,218
54775.00,-16.5100,18.4530,31.0550,-178.830,327.670,-327.680,218
54785.00,-14.5050,19.7850,32.7670,-188.880,327.670,-236.460,218
54795.00,-12.2890,14.7940,32.7670,-102.290,327.670,-48.910,218
54805.00,-11.9060,2.7500,32.7670,19.290,327.670,130.110,219
54815.00,-12.7340,-10.6600,32.7670,105.320,166.710,210.750,219
54825.00,-12.6170,-19.4060,32.7670,107.700,2.460,160.420,219
54835.00,-12.2420,-18.7660,27.4990,53.640,-58.080,4.260,219
54845.00,-12.1690,-7.0340,25.6980,-6.460,-47.460,-173.530,219
54855.00,-11.6570,5.9820,28.3860,-27.130,-28.520,-271.120,220
54865.00,-10.2560,14.7660,29.3880,-22.790,-50.800,-264.040,220
54875.00,-9.1760,17.2110,26.6060,-3.130,-105.960,-174.630,220
54885.00,-8.3100,14.1780,21.9910,21.650,-152.670,-56.730,220
54895.00,-7.7970,9.5160,19.7890,34.520,-160.630,31.860,220
54905.00,-7.8750,6.6550,21.7480,32.680,-145.200,71.380,221
54915.00,-7.9420,6.0410,24.6370,16.790,-152.980,78.410,221
54925.00,-7.3720,7.3800,23.7120,-14.600,-200.550,72.970,221
54935.00,-6.8060,8.7910,19.6710,-35.070,-256.710,70.760,221
54945.00,-17.6000,14.5540,6.7890,-45.470,-286.250,40.650,221
54955.00,-19.3650,20.3600,32.7670,10.020,53.300,5.240,222
54965.00,-16.4360,16.7270,32.7670,-4.030,-6.490,-12.980,222
54975.00,-24.6890,6.7340,32.7670,-43.170,-327.680,5.030,222
54985.00,-28.4080,0.5850,19.3950,-96.290,-327.680,2.090,222
54995.00,-25.2550,-0.8310,-4.6390,-101.450,-327.680,10.040,222
55005.00,-18.8880,0.7420,-18.1930,-133.530,-327.680,-3.580,223
55015.00,-12.6290,3.4810,-26.1690,-148.930,-327.680,-13.700,223
55025.00,-5.8660,4.4140,-26.9280,-110.900,-327.680,13.140,223
55035.00,-2.6500,3.1710,-22.1570,-66.850,-289.690,3.510,223
55045.00,-0.2670,-0.0940,-15.1090,-19.300,-177.540,-5.740,223
55055.00,1.1780,-2.3070,-7.3860,-14.090,-89.650,-2.290,224
55065.00,1.1090,-2.5930,-1.4870,-16.710,-43.770,-2.030,224
55075.00,0.6600,-2.4090,1.3740,-17.760,-43.190,3.740,224
55085.00,0.6580,-2.0390,1.1030,-16.140,-64.800,-5.610,224
55095.00,0.8530,-0.9420,-1.2250,-12.270,-76.560,-7.520,224
55105.00,1.2500,0.5590,-1.7350,2.110,-59.970,-5.460,225
55115.00,1.6340,1.0010,-0.6560,34.340,-34.420,-0.100,225
55125.00,1.8400,0.3920,0.1200,81.500,-17.900,0.450,225
55135.00,1.8490,-0.9280,0.4180,118.240,-6.440,5.330,225
55145.00,3.0040,-1.8890,2.4280,137.450,6.660,9.270,225
55155.00,2.9470,-0.9000,3.8570,126.480,31.700,9.500,226
55165.00,3.0220,-0.3920,4.8490,123.850,34.940,13.150,226
55175.00,2.7730,-0.3380,5.3380,125.110,34.890,19.030,226
55185.00,2.7810,-0.4350,5.5600,121.890,37.390,30.620,226
55195.00,2.8460,-0.6910,5.8490,111.170,44.210,35.960,226
55205.00,2.7780,-0.4680,6.8920,98.290,55.760,27.960,227
55215.00,2.9800,0.3600,8.0010,82.470,62.470,16.850,227
55225.00,3.0950,1.2210,9.3470,64.410,64.480,6.920,227
55235.00,3.3260,1.9880,10.1260,54.240,59.280,1.080,227
55245.00,3.2690,2.3350,10.3890,46.750,50.040,-0.560,227
55255.00,3.1500,2.5630,10.6930,36.210,42.900,-1.800,228
55265.00,3.4040,2.4500,10.4590,25.030,34.660,-1.480,228
55275.00,3.4260,2.1490,10.1040,17.210,29.020,-0.890,228
55285.00,3.4320,1.6540,9.8080,5.710,26.820,-1.290,228
55295.00,3.3990,1.2160,9.0070,-8.350,25.160,-4.340,228
55305.00,3.2250,0.5060,8.6850,-22.940,28.950,-9.640,229
55315.00,2.8010,0.1740,8.6650,-37.710,34.260,-18.860,229
55325.00,2.6580,0.7280,8.6520,-57.890,36.950,-29.890,229
55335.00,2.4860,1.7190,8.6850,-74.100,37.490,-35.470,229
55345.00,2.1050,1.2770,7.3870,-77.750,34.870,-29.540,229
55355.00,1.6710,0.8180,6.1770,-79.220,28.660,-10.550,230
55365.00,1.3170,2.1790,5.1170,-97.630,33.070,-14.730,230
55375.00,1.1280,3.6430,4.8170,-93.890,40.540,-6.540,230
55385.00,1.1910,2.4880,4.2690,-55.970,40.940,24.130,230
55395.00,0.6950,-0.7150,2.9910,-17.920,37.840,53.470,230
55405.00,0.1970,-3.7390,1.6980,0.710,40.680,61.170,231
55415.00,-0.5740,-5.2240,0.7920,-1.330,51.320,42.470,231
55425.00,-0.8210,-3.9970,-0.1060,-15.100,66.180,4.960,231
55435.00,-0.8760,-1.8170,0.6870,-19.500,85.290,-26.860,231
55445.00,-0.8060,0.9040,1.2750,-33.390,99.390,-42.840,231
55455.00,0.0490,4.4360,2.4670,-37.080,114.040,-45.570,232
55465.00,0.7190,6.3580,4.6570,-18.060,125.340,-21.800,232
55475.00,-0.2380,4.1880,5.5310,7.880,120.860,24.180,232
55485.00,-1.3450,0.0590,4.7830,33.620,110.170,54.800,232
55495.00,-0.8860,-3.3590,2.8740,31.660,108.820,55.010,232
55505.00,-0.7950,-4.9680,2.2710,8.130,128.880,30.440,233
55515.00,-1.0600,-4.0730,4.1330,-19.600,161.130,-10.900,233
55525.00,-0.6080,-0.5980,6.4670,-62.770,187.660,-53.720,233
55535.00,-0.2170,2.9870,9.4660,-82.130,205.830,-69.140,233
55545.00,-0.4850,4.0160,11.5870,-74.480,203.100,-49.640,233
55555.00,-0.7890,2.6390,12.0340,-71.870,174.330,-4.340,234
55565.00,-1.4650,1.0980,13.9390,-61.500,174.680,9.990,234
55575.00,-1.7150,-0.1190,14.3220,-41.420,157.370,15.040,234
55585.00,-1.8800,-0.5760,14.0790,-33.530,141.060,12.380,234
55595.00,-3.0130,-1.1460,14.3580,-33.510,135.250,12.420,234
55605.00,-3.4950,-2.2630,14.6110,-20.390,128.340,14.340,235
55615.00,-3.8880,-4.0670,13.5500,-10.750,115.750,13.430,235
55625.00,-4.1700,-4.3150,11.7430,-25.310,114.550,-0.420,235
55635.00,-4.7120,-2.5050,13.1650,-50.890,139.500,-23.410,235
55645.00,-4.8880,-0.2030,17.0930,-69.690,165.540,-39.480,235
55655.00,-4.9000,1.5310,20.5250,-87.430,169.530,-39.530,236
55665.00,-5.1450,1.6030,21.3930,-85.590,140.180,-22.260,236
55675.00,-5.6470,-0.1800,20.4250,-70.880,98.060,0.730,236
55685.00,-5.9590,-2.3410,19.3530,-54.370,66.180,13.220,236
55695.00,-5.7300,-3.4600,17.7420,-45.060,40.000,11.050,236
55705.00,-6.1540,-3.8540,16.1360,-37.910,21.310,2.850,237
55716.00,-6.2180,-3.1330,14.6030,-38.200,11.280,-7.210,237
55726.00,-6.1740,-1.2590,14.2480,-36.000,15.880,-12.680,237
55736.00,-6.1960,-0.0580,15.3410,-25.880,29.090,-3.180,237
55746.00,-6.7540,-0.2410,17.8420,-10.310,40.000,14.900,237
55756.00,-6.9670,0.4410,21.1540,7.410,26.730,33.510,238
55766.00,-7.5370,0.0150,22.2120,20.180,13.400,50.780,238
55776.00,-8.0170,-3.4190,22.2460,40.960,-10.080,75.470,238
55786.00,-8.4800,-5.3380,21.7540,49.340,-34.740,71.740,238
55796.00,-8.5610,-4.5540,21.3260,49.130,-54.740,48.290,238
55806.00,-7.8350,-1.8540,20.9090,44.810,-70.790,28.050,239
55816.00,-7.0950,0.9530,20.9000,52.930,-82.790,26.140,239
55826.00,-6.2700,0.4890,20.6600,67.210,-100.470,46.840,239
55836.00,-5.6440,-2.2020,19.6290,81.400,-124.420,67.470,239
55846.00,-4.7580,-5.1880,17.8420,81.840,-146.210,67.070,239
55856.00,-4.1670,-6.5630,16.9080,58.580,-157.240,36.920,240
55866.00,-3.4680,-4.6390,16.8960,21.180,-165.230,-13.240,240
55876.00,-3.3270,-2.2160,15.1310,-6.770,-185.150,-50.380,240
55886.00,-2.8730,-0.2620,13.1180,-15.310,-202.330,-68.300,240
55896.00,-1.5750,1.0190,11.0210,-13.810,-214.430,-69.930,240
55906.00,-1.2610,-0.0570,8.5390,-2.290,-225.050,-57.800,241
55916.00,-1.4790,-1.3990,5.0480,17.300,-238.910,-54.950,241
55926.00,-1.3510,-0.9850,1.3910,25.260,-242.970,-66.460,241
55936.00,-0.6810,-0.5830,-2.0200,40.620,-236.410,-72.450,241
55946.00,-0.1610,-0.5650,-4.3140,64.390,-215.370,-69.020,241
55956.00,0.2020,-0.2230,-8.0030,103.480,-148.520,-48.210,242
55966.00,0.3200,-1.1550,-8.7920,130.240,-104.600,-28.940,242
55976.00,0.2160,-1.6060,-9.1280,142.820,-55.580,-20.840,242
55986.00,1.3950,-0.9050,-8.9670,129.700,-0.930,-23.940,242
55996.00,1.6400,0.6650,-5.7350,118.150,60.820,-27.840,242
56006.00,0.9360,2.4390,-2.7760,117.150,98.200,-24.300,243
56016.00,0.6540,2.8180,-2.2310,120.130,110.540,-7.730,243
56026.00,0.5940,1.9380,-1.5120,128.810,125.500,11.400,243
56036.00,0.0810,1.1950,-0.7260,138.310,144.720,23.020,243
56046.00,-1.4880,-0.3600,1.0220,141.600,166.570,29.880,243
56056.00,-2.3380,-1.0920,3.2510,134.090,185.300,24.130,244
56066.00,-3.2560,-0.9960,5.4990,111.430,198.270,8.130,244
56076.00,-3.6430,-0.7500,9.4920,73.520,211.690,-13.890,244
56086.00,-4.1010,0.9320,13.3860,32.290,209.190,-45.580,244
56096.00,-4.4080,3.2470,15.9330,-3.050,185.020,-70.280,244
56106.00,-4.8980,4.5340,16.7740,-20.230,145.150,-76.450,245
56116.00,-4.6820,5.0090,16.7590,-26.920,102.980,-74.040,245
56126.00,-3.9070,5.6690,15.7860,-37.540,65.340,-73.900,245
56136.00,-3.6560,6.1350,13.6840,-46.870,35.940,-69.820,245
56146.00,-3.6610,5.7170,11.4550,-50.590,21.810,-58.660,245
56156.00,-3.5070,3.7430,10.3810,-54.600,35.240,-42.570,246
56166.00,-3.4480,2.9490,11.4310,-62.490,46.280,-43.500,246
56176.00,-3.4800,2.7430,12.2500,-76.760,47.990,-48.370,246
56186.00,-3.4550,2.7760,11.9830,-94.550,44.230,-51.010,246
56196.00,-3.4260,2.9250,12.2090,-104.390,41.450,-50.820,246
56206.00,-3.0460,4.5230,15.0590,-137.850,21.220,-46.830,247
56216.00,-3.1280,2.6720,9.4760,-143.330,-75.720,-31.990,247
56226.00,-2.6400,2.1570,10.3940,-150.480,-70.730,-24.500,247
56236.00,-2.5730,0.8270,9.3890,-151.730,-67.480,-20.280,247
56246.00,-2.5020,-0.0580,9.4400,-164.540,-77.680,-17.720,247
56256.00,-2.8280,0.1200,9.6560,-180.720,-85.330,-17.530,248
56266.00,-2.6930,1.5080,10.7030,-76.060,-95.690,-15.270,248
56276.00,-2.1460,0.5980,11.1680,-3.920,-90.750,0.500,248
56286.00,-1.8250,-0.4950,10.0060,-50.490,-92.170,9.110,248
56296.00,-1.6580,-0.3080,10.4850,-66.900,-92.420,0.750,248
56306.00,-1.6240,-0.0430,10.4450,-77.420,-87.250,-8.970,249
56316.00,-1.6370,-0.3640,10.1620,-86.700,-76.300,-14.640,249
56326.00,-1.1850,-0.6430,9.5890,-90.420,-66.620,-19.580,249
56336.00,-0.8780,1.6770,9.1320,-49.440,-66.110,-30.290,249
56346.00,-2.6700,-0.7450,10.3270,-28.230,-70.370,-14.940,249
56356.00,-1.3220,-1.8740,9.8650,-45.360,-48.390,0.500,250
56366.00,-1.0570,-1.5140,10.1560,-46.670,-47.760,-4.510,250
56376.00,-0.8310,-1.6270,10.1260,-52.800,-45.340,-7.430,250
56386.00,-0.8120,-1.5270,9.8820,-55.460,-42.170,-13.560,250
56396.00,-0.6190,-1.0770,9.8510,-48.690,-37.920,-19.880,250
56406.00,-0.4370,-1.2370,9.9660,-39.010,-34.000,-24.150,251
56416.00,-0.6400,-0.8560,9.4620,-15.890,-26.790,-26.260,251
56426.00,-0.5120,-1.2470,10.3650,0.760,-22.170,-23.940,251
56436.00,-0.6010,-1.2310,10.0160,-6.130,-17.900,-21.520,251
56446.00,-0.7840,-1.4180,9.8530,2.600,-7.960,-16.620,251
56456.00,-0.7570,-1.6280,9.7610,12.990,1.360,-9.550,252
56466.00,-0.7080,-1.7930,9.8270,27.310,10.210,-3.530,252
56476.00,-0.7280,-3.6260,10.3960,32.350,17.140,-4.760,252
56486.00,-0.7200,-3.6870,9.2510,16.700,19.000,-20.510,252
56496.00,-0.4330,-1.2440,10.0330,30.950,23.620,-39.160,252
56506.00,-0.2850,0.1950,9.9880,36.210,22.830,-39.490,253
56516.00,-0.1840,-0.0710,10.0980,40.550,18.510,-29.270,253
56526.00,-0.3840,-0.4210,10.0580,40.890,13.120,-23.100,253
56536.00,-0.3080,0.1610,10.1690,42.150,10.160,-20.870,253
56546.00,-0.3640,-0.9700,10.0740,40.960,8.720,-17.600,253
56556.00,-0.5350,-0.3780,10.0520,40.190,8.010,-19.370,254
56566.00,-0.5530,-0.5130,10.1310,42.690,6.170,-13.840,254
56576.00,-0.5310,-0.3670,10.2410,41.310,6.130,-12.950,254
56586.00,-0.8190,1.3240,6.5490,35.410,4.070,-9.570,254
56596.00,-0.7190,-1.8620,-0.3820,214.260,20.620,-8.240,254
56606.00,-1.0940,0.2890,10.5510,60.030,-7.300,-0.080,255
56616.00,-0.6430,-0.4840,10.1870,2.910,-8.310,5.840,255
56626.00,-0.6900,-0.4770,10.1100,5.010,-4.220,2.650,255
56636.00,-0.6840,-0.4510,10.2070,10.870,-1.400,-1.080,255
56646.00,-0.6120,0.1570,10.1310,0.850,0.380,-2.740,255
56656.00,-0.5040,0.0640,10.1340,0.570,1.930,-2.710,256
56666.00,-0.4150,0.0710,10.1240,0.510,2.840,-2.690,256
56676.00,-0.5640,0.1240,10.0770,0.550,2.970,-4.390,256
56686.00,-0.4850,0.1080,10.0460,0.830,1.220,-6.580,256
56696.00,-0.5180,0.0610,10.0460,1.090,-1.710,-7.680,256
56706.00,-0.8880,-0.0170,10.0290,1.140,-4.950,-9.600,257
56716.00,-0.7720,-0.1370,10.0470,1.210,-7.240,-10.850,257
56726.00,-1.1370,-0.2970,9.9780,1.250,-9.340,-9.670,257
56736.00,-0.9470,-0.1920,10.0570,1.020,-12.460,-5.230,257
56747.00,-0.8260,-0.0800,10.0890,0.690,-13.490,0.220,257
56757.00,-0.5560,-0.0430,10.0740,0.300,-13.390,3.970,258
56767.00,-0.5260,-0.0330,10.1340,0.250,-15.220,2.950,258
56777.00,-0.4890,-0.0590,10.0980,0.430,-14.210,0.760,258
56787.00,-0.4520,-0.0720,10.1590,0.460,-13.610,-0.260,258
56797.00,-0.4240,-0.0820,10.1670,0.500,-11.390,-0.330,258
56807.00,-0.4160,-0.0710,10.1370,0.430,-8.490,-0.210,259
56817.00,-0.4420,-0.0260,10.1340,0.430,-7.090,-0.450,259
56827.00,-1.0560,0.0860,10.0680,0.480,-5.770,-1.830,259
56837.00,-0.5120,-0.1330,10.1650,0.370,-5.110,-1.050,259
56847.00,-0.5750,-0.1410,10.1710,0.370,-2.400,-1.080,259
56857.00,-0.5020,-0.1140,10.1310,0.320,0.480,-0.770,260
56867.00,-0.3690,-0.0490,10.1190,0.220,1.780,-0.500,260
56877.00,-0.4310,-0.0190,10.1250,0.220,2.230,-1.430,260
56887.00,-0.2090,-0.0210,10.1300,0.180,2.880,-2.670,260
56897.00,-0.2360,-0.0020,10.1070,0.250,3.540,-4.550,260
56907.00,-0.1310,-0.0610,10.1040,0.460,3.160,-6.070,261
56917.00,-0.2280,-0.0840,10.0630,0.570,1.920,-7.570,261
56927.00,-0.3080,-0.1010,10.0640,0.620,-0.580,-9.060,261
56937.00,-0.3960,-0.0700,10.0970,0.720,-3.060,-9.780,261
56947.00,-0.3880,0.0000,10.0950,0.790,-4.130,-9.430,261
56957.00,-0.3690,-0.1740,10.1310,0.760,-4.670,-8.050,262
56967.00,-0.3690,-0.0820,10.1620,0.600,-4.040,-6.000,262
56977.00,-0.3810,-0.0740,10.1300,0.550,-1.800,-5.750,262
56987.00,-0.3940,-0.0620,10.1020,0.530,-0.490,-5.650,262
56997.00,-0.3900,-0.0760,10.0430,0.510,-1.400,-5.820,262
57007.00,-0.3630,-0.0740,10.0520,0.550,-4.740,-5.960,263
57017.00,-0.3550,-0.0860,10.0730,0.640,-7.870,-6.030,263
57027.00,-0.3170,-0.1020,10.0890,0.650,-9.710,-5.610,263
57037.00,-0.2890,-0.1130,10.0830,0.600,-10.850,-4.060,263
57047.00,-0.2910,-0.1110,10.0660,0.510,-12.950,-1.870,263
57057.00,-0.2440,-0.1320,10.1020,0.570,-15.140,-0.100,264
57067.00,-0.2180,-0.1130,10.1430,0.430,-15.540,2.600,264
57077.00,-0.2100,-0.1060,10.1530,0.410,-14.210,4.980,264
57087.00,-0.1620,-0.1140,10.2160,0.370,-12.070,6.630,264
57097.00,-0.1750,-0.0940,10.2590,0.300,-7.240,8.570,264
57107.00,-0.1830,-0.0470,10.3160,0.230,-0.020,9.390,265
57117.00,-0.2100,-0.0200,10.3860,0.290,10.090,8.390,265
57127.00,-0.2670,0.0250,10.4590,0.340,24.530,5.590,265
57137.00,-1.3260,0.8420,10.2520,0.360,41.150,2.010,265
57147.00,-2.6660,-2.7190,10.4430,12.450,50.200,-3.500,265
57157.00,-3.1050,6.9590,9.1780,63.020,45.000,-23.180,266
57167.00,-2.2940,3.7070,11.6050,63.990,69.850,57.150,266
57177.00,-2.8580,3.0160,15.0600,39.030,72.250,66.320,266
57187.00,-2.9440,3.4460,16.2960,29.000,27.710,64.880,266
57197.00,-2.3760,4.1850,13.4280,19.900,-38.030,67.740,266
57207.00,-2.0170,3.9640,9.0730,18.000,-82.690,78.550,267
57217.00,-2.4220,2.8300,5.7350,26.820,-94.600,90.780,267
57227.00,-3.6190,0.8570,3.3520,45.770,-91.450,102.700,267
57237.00,-2.8480,-1.5620,1.1440,56.340,-79.240,111.980,267
57247.00,-2.5790,-4.0630,-0.4150,65.680,-53.710,117.490,267
57257.00,-3.0850,-6.6970,-0.9080,80.700,-21.000,116.420,268
57267.00,-2.9850,-7.9480,-0.7380,79.540,12.500,98.800,268
57277.00,-1.1540,-7.3120,1.0210,57.950,44.440,62.840,268
57287.00,0.2700,-5.0560,2.6460,19.610,64.790,20.080,268
57297.00,0.7660,-2.5600,2.7240,3.210,68.870,-11.880,268
57307.00,1.2040,-0.9330,0.7960,-3.760,66.470,-26.860,269
57317.00,1.2830,-0.1120,-1.1640,-7.370,75.500,-31.670,269
57327.00,0.5270,0.4720,-2.4290,-5.130,98.270,-32.180,269
57337.00,0.1010,0.9840,-2.3040,-5.880,128.980,-32.770,269
57347.00,-0.5610,1.4780,-1.6170,-16.980,164.670,-35.680,269
57357.00,-0.3150,0.7250,-0.0830,1.020,214.560,-48.070,270
57367.00,-2.4130,1.5550,13.9080,-14.350,327.670,-94.440,270
57377.00,-4.4600,1.6480,21.2270,-52.800,327.670,-101.180,270
57387.00,-6.0740,0.1130,25.6160,-74.040,308.810,-87.900,270
57397.00,-7.0940,-2.5140,24.8330,-77.790,208.540,-71.640,270
57407.00,-8.7820,-4.1210,20.3900,-82.180,118.290,-70.820,271
57417.00,-7.6230,-3.1510,14.2870,-90.160,62.260,-85.170,271
57427.00,-5.6560,-0.6400,10.9160,-96.780,57.640,-100.990,271
57437.00,-5.2060,2.5410,10.7950,-102.550,79.040,-107.710,271
57447.00,-5.1860,4.6600,11.7660,-105.930,91.130,-93.290,271
57457.00,-5.1450,4.4150,11.9700,-104.560,86.970,-61.020,272
57467.00,-5.4640,2.9520,12.6220,-104.630,79.620,-29.730,272
57477.00,-6.2330,0.5080,12.2210,-109.060,64.710,-8.010,272
57487.00,-6.9110,-0.5080,11.1180,-109.760,54.330,-2.450,272
57497.00,-7.0730,-0.9890,11.8040,-104.130,62.120,0.710,272
57507.00,-6.4470,-2.5220,14.1290,-89.460,76.870,7.430,273
57517.00,-7.1860,-3.7610,19.4960,-60.760,85.290,4.960,273
57527.00,-7.0320,-2.9790,21.5670,-51.070,56.060,-1.100,273
57537.00,-7.7300,-2.4840,20.3190,-36.210,1.300,4.140,273
57547.00,-7.5540,-2.9100,15.6150,-27.530,-46.150,17.860,273
57557.00,-7.7580,-4.1180,13.1730,-11.430,-51.150,28.940,274
57567.00,-7.0370,-5.5830,16.6970,28.220,-20.580,20.120,274
57577.00,-7.2030,-5.6600,18.0770,44.230,-27.070,7.480,274
57587.00,-7.9870,-3.9060,19.0790,59.700,-43.780,-8.030,274
57597.00,-8.3070,-2.2990,17.8920,61.030,-69.490,-10.180,274
57607.00,-8.4810,-1.8850,17.1550,70.510,-81.900,0.730,275
57617.00,-9.3400,-2.0170,18.1670,86.320,-79.730,14.080,275
57627.00,-9.4270,-1.8040,19.6960,110.270,-75.950,28.010,275
57637.00,-9.0680,-2.7800,21.5300,129.630,-76.070,47.120,275
57647.00,-9.1130,-4.5810,23.6870,140.580,-84.660,58.930,275
57657.00,-10.0580,-5.9090,25.5170,131.970,-105.160,53.180,276
57667.00,-9.4520,-5.6630,25.6580,107.670,-143.250,24.390,276
57677.00,-9.7290,-1.9480,25.5350,71.140,-177.780,-11.250,276
57687.00,-9.3850,2.2940,24.2750,53.640,-216.510,-25.690,276
57697.00,-8.8700,4.6370,21.3080,57.040,-261.800,-13.070,276
57707.00,-8.4110,3.1660,17.6720,66.090,-298.410,9.040,277
57717.00,-7.9880,2.1810,17.0730,55.290,-311.060,13.050,277
57727.00,-7.1530,1.6480,15.0230,22.770,-327.680,6.770,277
57737.00,-6.9300,1.3250,11.6850,-5.480,-327.680,-8.130,277
57747.00,-6.8430,3.0800,10.0740,-24.900,-327.680,-30.920,277
57757.00,-6.5770,4.9290,7.6130,-42.720,-327.680,-42.660,278
57768.00,-5.7470,3.6350,-0.6190,-40.880,-327.680,-17.090,278
57778.00,-4.2870,0.6540,-4.6260,51.260,-327.680,0.660,278
57788.00,-2.2500,-1.3050,-7.3080,59.720,-296.380,0.170,278
57798.00,-0.7140,-0.5550,-6.2760,42.020,-222.090,-17.760,278
57808.00,-0.1360,1.5800,-3.1150,4.910,-160.050,-31.460,279
57818.00,1.1250,3.7440,-0.4330,-13.840,-129.870,-28.990,279
57828.00,0.9550,5.3000,0.6110,-0.470,-118.370,-8.450,279
57838.00,0.6720,4.4730,0.3320,32.870,-116.160,30.440,279
57848.00,0.8570,2.3820,-0.2990,69.940,-114.870,67.930,279
57858.00,1.0260,0.2140,-1.9340,94.980,-109.620,93.340,280
57868.00,1.6290,-1.6350,-2.9910,111.760,-91.020,103.120,280
57878.00,2.3330,-2.2400,-2.9890,111.880,-60.060,96.280,280
57888.00,2.2200,-1.6070,-2.4090,110.340,-30.500,84.270,280
57898.00,2.5360,-1.1380,-2.0960,112.530,-2.620,78.030,280
57908.00,2.1750,0.1570,-1.0030,137.680,26.120,74.230,281
57918.00,2.2880,-0.0070,1.5440,160.970,53.860,80.720,281
57928.00,1.9510,-0.8620,3.7980,166.130,71.040,84.500,281
57938.00,1.6120,-1.2400,6.0040,154.710,77.290,80.160,281
57948.00,1.5500,-1.5200,6.7900,141.340,69.900,73.210,281
57958.00,1.7010,-1.6920,7.1830,133.780,57.370,65.430,282
57968.00,1.9990,-2.6080,5.4110,136.070,41.660,51.670,282
57978.00,1.9280,-3.0050,4.1450,112.600,23.110,36.530,282
57988.00,1.9930,-2.9550,2.9620,100.530,24.330,19.750,282
57998.00,2.0740,-2.6400,2.7690,96.310,31.260,1.870,282
58008.00,2.0030,-1.1250,2.4440,76.480,40.470,-20.280,283
58018.00,1.8380,1.0370,2.9680,61.430,51.560,-35.730,283
58028.00,1.3840,2.0440,2.5310,56.090,57.250,-34.090,283
58038.00,0.9260,1.9290,1.2810,60.120,65.510,-26.350,283
58048.00,0.4360,1.4530,0.4910,67.430,82.380,-21.840,283
58058.00,0.0960,1.0320,-0.0440,75.060,105.060,-19.700,284
58068.00,-0.5710,0.2080,-0.6780,61.940,129.280,-23.110,284
58078.00,-0.5180,1.1210,-1.0580,34.940,157.020,-37.340,284
58088.00,-0.2360,3.3810,-0.9550,10.700,188.820,-43.850,284
58098.00,0.2180,5.1700,-0.7260,7.300,219.930,-26.420,284
58108.00,0.2280,4.6130,0.5310,20.430,246.160,10.910,285
58118.00,-0.6800,2.0230,1.4570,21.550,264.910,41.700,285
58128.00,-2.0470,-0.6710,4.3420,18.640,276.910,43.620,285
58138.00,-3.7050,-0.8360,6.0000,-26.160,266.920,14.200,285
58148.00,-4.3380,3.3080,6.3690,-76.630,249.070,-24.530,285
58158.00,-3.5830,5.7910,6.6860,-73.870,233.860,-26.490,286
58168.00,-3.4630,3.9310,7.7940,-36.910,220.330,1.040,286
58178.00,-3.4340,1.6250,9.4100,-5.110,200.610,45.350,286
58188.00,-3.9660,-0.7540,11.0730,-12.500,185.750,48.310,286
58198.00,-3.8940,-1.6600,10.4760,-46.410,153.170,29.830,286
58208.00,-3.4560,-0.6020,9.1710,-94.850,128.390,-2.780,287
58218.00,-4.0030,1.0880,9.8330,-126.770,118.500,-28.660,287
58228.00,-4.1010,1.5490,11.5390,-149.700,105.810,-39.300,287
58238.00,-4.1490,0.0290,12.2300,-160.110,86.480,-48.630,287
58248.00,-4.0360,-3.5110,12.9340,-110.760,73.680,-84.750,287
58258.00,-7.4540,0.2180,13.3050,-124.860,83.890,-146.090,288
58268.00,-6.8310,3.9080,5.8850,-118.160,96.980,-164.440,288
58278.00,-7.3610,2.7980,9.3880,-54.430,183.230,-147.170,288
58288.00,-8.2850,2.3700,18.8330,-38.030,242.350,-137.830,288
58298.00,-7.8680,2.8920,22.3470,-43.940,208.700,-137.460,288
58308.00,-7.2680,3.8220,20.0190,-66.540,140.270,-134.830,289
58318.00,-6.9660,3.9730,14.9630,-81.250,92.740,-128.360,289
58328.00,-7.1700,5.2390,13.7760,-98.160,94.120,-123.630,289
58338.00,-7.3170,6.2530,14.7990,-114.920,112.310,-107.850,289
58348.00,-8.0170,6.7600,16.2740,-109.730,121.300,-74.440,289
58358.00,-7.7430,4.6820,17.6570,-75.580,109.490,-21.570,290
58368.00,-7.5690,0.2380,15.4130,-28.350,79.790,26.870,290
58378.00,-7.6210,-5.9360,13.7260,-1.450,32.380,23.780,290
58388.00,-7.7450,-4.1090,12.9240,-34.110,27.750,-25.350,290
58398.00,-8.0080,0.1990,10.9650,-66.800,18.000,-66.710,290
58408.00,-7.4530,3.1810,8.0350,-71.650,10.070,-76.490,291
58418.00,-7.1350,4.7950,7.5080,-70.440,27.990,-62.210,291
58428.00,-6.7290,5.5230,10.5150,-59.920,58.630,-35.280,291
58438.00,-6.8330,0.6800,26.0430,-7.020,47.280,-6.940,291
58448.00,-6.5390,-9.9630,28.6990,21.900,-114.610,-33.120,291
58458.00,-6.9600,-0.5010,1.7870,-146.210,-174.140,-84.960,292
58468.00,-5.0590,-2.6040,11.7260,-12.880,-92.770,-69.160,292
58478.00,-5.5340,-2.0970,8.6810,6.730,-43.280,-45.740,292
58488.00,-5.4860,-2.2240,10.2370,41.320,-1.590,-21.260,292
58498.00,-5.7670,-1.7850,9.2210,53.560,21.850,-1.660,292
58508.00,-5.7970,-1.2800,9.4450,63.510,32.370,10.860,293
58518.00,-5.8130,-0.5920,9.1280,61.610,29.200,17.670,293
58528.00,-5.7150,1.0370,8.5930,57.410,19.450,22.870,293
58538.00,-5.3310,1.2170,8.7900,65.120,6.590,33.910,293
58548.00,-5.2230,-0.3000,7.4100,63.720,-1.420,41.980,293
58558.00,-5.3330,-1.1410,7.5670,59.120,2.860,37.040,294
58568.00,-5.1480,-0.9240,7.9310,47.260,6.640,26.020,294
58578.00,-5.0050,-0.4250,8.9970,33.620,13.100,11.370,294
58588.00,-5.0090,-0.2200,9.6020,29.670,11.580,7.680,294
58598.00,-5.0020,-0.2570,9.6350,25.560,6.220,5.450,294
58608.00,-5.2370,-0.3610,10.0190,24.450,2.840,1.740,295
58618.00,-5.5580,-0.0220,10.3620,24.520,-2.680,-3.460,295
58628.00,-5.5650,0.2480,10.0230,19.290,-9.750,-7.100,295
58638.00,-5.7840,0.7230,10.0390,13.940,-10.600,-10.500,295
58648.00,-5.9400,1.3200,10.5000,9.160,-7.280,-11.600,295
58658.00,-5.6910,1.8590,11.7140,3.440,-0.770,-8.960,296
58668.00,-5.6590,2.4550,14.0120,-4.730,8.640,-3.410,296
58678.00,-6.1310,2.4690,17.0540,3.400,11.610,9.640,296
58688.00,-6.6800,1.7040,19.3540,25.220,-5.160,27.680,296
58698.00,-7.1270,0.2040,20.4810,50.300,-37.680,43.940,296
58708.00,-7.3230,-1.4960,20.5040,69.800,-76.260,50.320,297
58718.00,-7.4220,-2.2520,20.5630,80.260,-107.800,42.750,297
58728.00,-8.0060,-2.4230,20.6290,84.200,-133.210,29.550,297
58738.00,-8.4680,-2.3710,19.6820,88.240,-161.330,15.730,297
58748.00,-8.4690,-1.7760,17.9460,85.530,-189.940,0.540,297
58759.00,-7.9700,-0.1330,15.2480,74.450,-212.150,-16.530,298
58769.00,-7.0850,1.9920,13.9630,58.530,-215.040,-28.980,298
58778.00,-6.1970,5.6720,17.7520,34.570,-203.730,-26.610,298
58789.00,-6.3380,6.1390,18.9830,35.690,-222.580,-8.540,298
58799.00,-6.4890,6.3090,18.3750,39.220,-255.710,13.150,298
58809.00,-6.3920,5.6180,14.7760,35.970,-286.930,38.830,299
58819.00,-6.2090,3.1110,12.1440,56.880,-299.480,64.570,299
58829.00,-5.5530,0.4510,10.4970,66.300,-300.880,71.270,299
58839.00,-4.5640,-0.8620,8.8170,49.710,-297.270,53.650,299
58849.00,-4.2020,-0.3980,8.3590,35.740,-289.200,25.250,299
58859.00,-3.4340,1.2610,7.3790,18.210,-286.390,0.410,300
58869.00,-3.0720,2.4640,6.7080,8.200,-281.520,-10.480,300
58879.00,-2.6120,3.0410,4.9300,8.040,-283.360,-9.030,300
58889.00,-1.6540,3.1350,1.8960,5.550,-281.890,-1.870,300
58899.00,-0.6980,3.1230,-0.1390,3.680,-258.090,5.370,300
58909.00,0.2990,2.8430,-0.6710,11.540,-220.530,13.540,301
58919.00,0.8440,2.6060,0.2280,18.840,-181.000,20.380,301
58929.00,0.8130,1.5290,1.3260,20.290,-151.060,28.340,301
58939.00,1.3890,0.2160,1.3720,20.760,-138.720,33.280,301
58949.00,1.7950,-0.2380,0.5990,8.880,-127.660,29.010,301
58959.00,2.0480,0.7810,0.4130,-8.170,-105.090,18.160,302
58969.00,2.0540,2.0530,1.6770,-12.220,-77.070,13.730,302
58979.00,2.4630,2.7960,4.3450,6.810,-42.580,27.350,302
58989.00,2.2220,2.2400,4.5080,24.020,-37.340,39.420,302
58999.00,2.2360,0.8930,4.3600,38.090,-32.880,49.170,302
59009.00,2.4000,0.5740,4.7530,38.490,-23.620,48.070,303
59019.00,3.0780,0.6050,5.5310,35.720,-13.630,44.650,303
59029.00,2.1890,0.5580,5.6210,42.290,-10.320,44.880,303
59039.00,2.8290,-0.4710,4.5410,49.200,-10.460,48.240,303
59049.00,3.0730,-0.8700,4.8700,49.530,-0.070,40.840,303
59059.00,2.9370,-0.1730,4.1890,39.400,7.170,27.450,304
59069.00,3.5000,0.7840,4.6370,32.450,20.270,17.670,304
59079.00,3.2880,2.2940,6.2710,27.450,33.640,12.090,304
59089.00,3.3590,2.6400,7.2960,34.870,35.810,18.330,304
59099.00,3.0910,2.0360,7.9390,50.600,32.050,28.470,304
59109.00,2.8070,1.2710,7.9510,57.230,25.820,35.380,305
59119.00,2.7600,0.3840,8.1360,61.170,20.920,38.090,305
59129.00,2.7540,-0.5930,7.5820,64.270,13.190,36.730,305
59139.00,2.5720,-1.5080,6.8560,65.110,6.780,31.070,305
59149.00,2.5960,-1.9210,6.2110,56.920,3.600,19.940,305
59159.00,2.7000,-1.5510,5.5030,45.120,2.670,4.740,306
59169.00,2.6660,-0.4460,4.9120,36.440,4.000,-8.260,306
59179.00,2.7330,1.2000,3.4460,36.070,8.760,-10.340,306
59189.00,2.7690,1.5140,3.0810,41.600,15.930,-3.010,306
59199.00,2.5010,1.3370,2.2640,50.230,23.070,8.060,306
59209.00,2.5470,0.6600,1.2650,61.710,31.930,18.320,307
59219.00,2.6600,-0.1660,0.0700,62.360,45.250,21.680,307
59229.00,1.9190,-0.5180,-0.8250,60.680,63.590,16.180,307
59239.00,1.9010,-0.3360,-2.1540,59.840,82.420,6.240,307
59249.00,1.9520,0.2480,-2.4340,55.640,108.390,-2.830,307
59259.00,0.9900,1.4080,-1.9260,49.290,133.970,-5.700,308
59269.00,-0.9580,2.0600,-1.8560,51.250,150.560,1.800,308
59279.00,-1.1300,2.8400,-1.6950,55.850,165.020,13.520,308
59289.00,-0.8480,3.7680,-0.3190,53.980,185.330,26.750,308
59299.00,-0.6220,4.0840,1.1840,49.650,202.410,45.460,308
59309.00,-0.3880,3.5220,2.2810,44.890,212.420,65.150,309
59319.00,-1.0130,2.6300,3.0920,33.100,218.320,79.480,309
59329.00,-1.9280,1.7570,2.6180,5.760,218.920,82.560,309
59339.00,-2.3720,0.9770,1.5460,-22.420,225.130,73.650,309
59349.00,-3.5050,0.3020,1.4020,-46.240,247.530,53.160,309
59359.00,-4.6040,-0.5880,2.4810,-59.590,277.170,24.510,310
59369.00,-6.3050,-1.3570,4.4840,-76.950,305.030,-8.780,310
59379.00,-7.2000,-4.0610,9.2350,-38.120,321.150,-111.350,310
59389.00,-9.7620,-1.7710,14.2420,-44.240,327.670,-182.780,310
59399.00,-9.6400,1.9590,19.1350,-83.840,327.670,-235.460,310
59409.00,-9.4240,5.3940,22.7460,-116.130,327.670,-254.480,311
59419.00,-9.2390,7.5550,24.5080,-131.460,307.430,-243.190,311
59429.00,-9.2390,8.4440,24.3400,-126.960,261.860,-215.330,311
59439.00,-9.8750,8.2300,24.9630,-109.640,223.570,-179.300,311
59449.00,-10.1340,8.0360,25.0480,-91.580,179.330,-144.740,311
59459.00,-9.6220,7.1840,21.3940,-73.540,119.970,-112.750,312
59469.00,-9.2370,5.5100,14.7200,-49.770,73.930,-88.880,312
59479.00,-8.9380,4.8040,10.6400,-31.430,75.630,-78.050,312
59489.00,-8.9010,6.3090,13.2860,-29.030,124.980,-73.850,312
59499.00,-9.0530,7.7070,21.9930,-29.750,170.070,-61.650,312
59509.00,-9.0300,8.2560,27.5760,-25.730,151.680,-34.730,313
59519.00,-9.1760,6.0710,26.2870,1.530,80.770,17.700,313
59529.00,-8.8100,0.9420,21.6370,59.770,13.260,81.440,313
59539.00,-8.7190,-4.7270,18.1780,109.030,-22.240,122.020,313
59549.00,-8.1120,-8.7300,16.1560,119.760,-41.610,119.430,313
59559.00,-7.3000,-10.0640,13.5320,99.670,-60.460,75.770,314
59569.00,-6.7690,-8.0130,10.4600,60.820,-73.040,7.800,314
59579.00,-5.6020,1.7560,6.0950,14.710,-74.650,-55.770,314
59589.00,-4.8560,5.6530,5.1190,-13.440,-56.090,-88.740,314
59599.00,-3.8170,7.6820,4.5100,-3.380,-40.720,-65.080,314
59609.00,-3.6900,8.1990,4.6620,13.570,-21.470,-30.830,315
59619.00,-3.5600,7.1150,5.3380,36.930,-5.180,3.760,315
59629.00,-3.8660,5.4460,6.5560,51.810,6.780,30.930,315
59639.00,-4.1460,3.2330,7.5110,59.540,10.190,47.820,315
59649.00,-4.4060,1.1000,8.2770,62.240,7.200,49.900,315
59659.00,-4.5590,-0.0350,8.6630,52.630,-0.310,36.620,316
59669.00,-4.5670,-0.0450,8.5420,35.740,-9.520,14.750,316
59679.00,-4.4910,0.7820,8.1510,15.490,-17.060,-6.890,316
59689.00,-4.5490,2.2150,7.3630,-5.510,-21.520,-22.660,316
59699.00,-4.4740,3.5840,6.8970,-19.220,-18.990,-28.400,316
59709.00,-4.4590,4.4660,7.3770,-23.050,-11.090,-24.790,317
59719.00,-4.4360,4.7440,7.9250,-22.300,-6.250,-15.410,317
59729.00,-4.5900,4.3870,7.9640,-18.970,-5.490,-3.790,317
59739.00,-4.7280,3.6260,8.0780,-13.740,-3.250,6.500,317
59749.00,-4.9630,2.7620,8.5690,-9.960,0.340,12.240,317
59759.00,-5.0540,1.8660,9.2550,-6.420,2.020,13.540,318
59769.00,-5.1750,1.2470,9.6980,-6.020,0.810,10.390,318
59779.00,-5.3200,0.9710,10.4120,-5.920,-1.500,4.770,318
59789.00,-5.4060,1.1770,10.4060,-8.520,-11.020,-6.230,318
59799.00,-5.3670,1.4140,9.7770,-8.310,-18.010,-8.610,318
59809.00,-5.3370,1.6340,8.9470,-6.620,-21.330,-9.130,319
59820.00,-5.3040,1.8560,8.4990,-4.040,-19.390,-8.260,319
59830.00,-5.2520,2.1090,8.4290,-0.890,-15.590,-6.170,319
59840.00,-5.2340,2.2610,8.4500,3.140,-12.690,-2.240,319
59850.00,-5.1980,2.1590,8.4780,8.630,-11.160,3.510,319
59860.00,-5.2190,1.9280,8.3650,12.850,-10.760,9.130,320
59870.00,-5.2940,1.6210,7.9960,16.820,-10.530,13.030,320
59880.00,-5.2770,1.3750,7.9570,20.480,-7.090,14.430,320
59890.00,-5.2490,1.3410,8.2130,20.710,-2.900,12.930,320
59900.00,-5.2910,1.4990,8.3120,18.680,-1.350,10.650,320
59910.00,-5.0180,1.4390,8.1610,19.360,-0.490,9.500,321
59920.00,-5.3790,1.3480,8.6900,23.560,1.550,6.890,321
59930.00,-5.0650,1.6550,8.1470,19.680,-1.680,4.440,321
59940.00,-5.0730,1.4790,8.0000,19.890,-0.720,4.020,321
59950.00,-5.0380,1.6130,8.4810,18.780,1.990,1.040,321
59960.00,-4.9310,1.9230,8.7760,15.060,1.160,-1.170,322
59970.00,-4.9260,2.0760,8.8980,15.070,-0.940,-0.980,322
59980.00,-4.8680,2.0930,8.9910,17.300,-3.310,-0.050,322
59990.00,-4.7670,2.1300,8.2830,12.400,-13.140,-0.910,322
60000.00,-4.7400,2.1520,8.0110,10.230,-11.640,-2.800,322
60010.00,-4.6700,2.2440,8.3270,8.300,-7.800,-4.700,323
60020.00,-4.5850,2.3620,8.6400,5.710,-6.680,-6.100,323
60030.00,-4.5830,2.4500,8.5430,1.490,-8.500,-6.490,323
60040.00,-4.5720,2.3490,8.3030,-0.610,-9.540,-5.530,323
60050.00,-4.5910,2.0970,8.3460,-2.010,-8.070,-4.810,323
60060.00,-4.5810,1.8530,8.4930,-3.990,-7.330,-6.120,324
60070.00,-4.5670,1.8400,8.4010,-7.140,-8.000,-9.590,324
60080.00,-4.5230,2.0880,8.3970,-10.470,-7.020,-13.440,324
60090.00,-4.5610,2.4320,8.6100,-12.390,-5.550,-15.340,324
60100.00,-4.5420,2.6340,8.6870,-11.520,-6.230,-13.940,324
60110.00,-4.5220,2.6330,8.5190,-9.050,-7.440,-10.600,325
60120.00,-4.5020,2.4030,8.4310,-6.440,-6.960,-7.140,325
60130.00,-4.4780,2.1690,8.4580,-5.780,-5.790,-5.820,325
60140.00,-4.5000,2.0420,8.4030,-6.420,-5.270,-6.380,325
60150.00,-4.5400,1.9380,8.3760,-6.200,-4.270,-7.070,325
60160.00,-4.4750,1.9750,8.6010,-6.490,-2.400,-8.470,326
60170.00,-4.5400,2.1460,8.8130,-8.370,-1.360,-10.130,326
60180.00,-4.5460,2.4280,8.9550,-8.510,-1.560,-10.250,326
60190.00,-4.6100,2.4110,8.8600,-3.800,-4.440,-3.850,326
60200.00,-4.5480,2.0840,8.6090,1.810,-5.630,-0.330,326
60210.00,-4.5330,1.8740,8.4610,3.120,-4.500,0.030,327
60220.00,-4.5480,2.0670,8.5480,0.830,-1.980,-2.520,327
60230.00,-4.6610,2.4590,8.7700,-2.120,0.130,-3.990,327
60240.00,-4.8190,2.6580,9.0540,-0.330,1.290,-1.340,327
60250.00,-5.0160,2.5900,9.5370,4.220,2.370,3.630,327
60260.00,-5.2920,2.4570,10.1410,9.120,2.650,8.250,328
60270.00,-5.5740,2.4100,11.1060,13.180,2.530,11.090,328
60280.00,-5.9820,2.4920,12.7230,16.020,3.140,12.310,328
60290.00,-6.2700,2.8840,15.0430,19.270,2.620,12.260,328
60300.00,-6.7650,3.2850,17.2840,21.010,-1.010,11.840,328
60310.00,-7.5270,3.7060,20.0680,27.850,-7.730,12.590,329
60320.00,-8.3590,3.7800,23.0990,35.620,-24.740,15.690,329
60330.00,-8.8960,3.5380,25.2560,44.650,-57.450,16.430,329
60340.00,-9.1890,3.5430,26.1430,46.730,-100.410,13.330,329
60350.00,-9.2120,3.7960,25.3800,46.290,-146.040,8.080,329
60360.00,-9.0280,4.5100,24.2700,48.730,-178.990,1.850,330
60370.00,-9.6000,5.1520,23.9710,54.150,-196.140,-0.540,330
60380.00,-9.9270,5.7430,23.6600,74.730,-214.740,5.820,330
60390.00,-9.9960,2.5380,21.7610,106.760,-276.810,43.450,330
60400.00,-9.5480,-3.3300,17.5960,114.860,-320.860,37.810,330
60410.00,-9.9170,-2.0410,13.0250,84.010,-327.680,-20.230,331
60420.00,-8.7810,2.5600,6.9060,25.490,-327.680,-62.210,331
60430.00,-6.8030,4.0900,4.2910,16.580,-327.680,-63.710,331
60440.00,-5.5260,5.2800,4.6310,12.340,-318.310,-60.510,331
60450.00,-4.3410,6.8910,5.0520,-3.660,-301.350,-57.010,331
60460.00,-3.1070,7.9360,3.4710,-17.760,-301.940,-44.220,332
60470.00,-2.4930,7.7770,0.2380,-16.890,-303.610,-22.730,332
60480.00,-1.1440,6.3840,-2.6450,-3.890,-289.480,0.690,332
60490.00,0.2400,4.8950,-3.9730,7.570,-258.120,17.200,332
60500.00,1.4600,3.9690,-5.0930,10.400,-221.480,24.090,332
60510.00,1.6270,3.7020,-5.8040,12.290,-182.490,26.720,333
60520.00,2.6100,2.6290,-6.1010,19.190,-146.600,33.490,333
60530.00,3.8390,2.7810,-5.9740,14.020,-105.800,34.190,333
60540.00,3.1030,4.4760,-4.2990,5.940,-56.560,34.820,333
60550.00,2.6440,4.3040,-3.0460,17.310,-20.610,54.210,333
60560.00,2.4680,3.2540,-1.1970,33.330,11.680,78.460,334
60570.00,2.0050,1.9920,1.0800,43.560,40.910,95.680,334
60580.00,1.7980,0.1530,3.6960,62.200,58.980,105.960,334
60590.00,1.7790,-2.5230,5.6030,72.330,55.990,84.550,334
60600.00,1.8280,-1.6710,5.8760,61.450,50.500,55.350,334
60610.00,2.3600,-0.4670,6.0040,46.570,46.370,32.400,335
60620.00,2.0170,1.1700,6.5120,41.030,45.390,17.530,335
60630.00,2.0900,1.7590,6.3050,34.800,42.290,16.160,335
60640.00,2.1940,1.8360,7.0370,31.170,44.490,17.950,335
60650.00,2.1730,2.4470,7.2570,21.970,46.170,16.430,335
60660.00,1.9720,3.0110,8.4990,19.900,48.920,18.540,336
60670.00,1.9400,2.8900,9.7850,17.870,45.250,24.130,336
60680.00,2.0840,2.3490,10.6560,14.880,32.800,27.490,336
60690.00,2.1830,1.4110,9.9110,8.070,12.660,25.610,336
60700.00,2.1050,1.2490,8.3440,-1.860,-0.730,15.080,336
60710.00,2.2340,1.7810,7.5440,-8.660,-1.210,3.300,337
60720.00,2.4380,2.1910,7.3570,-10.660,3.540,-3.640,337
60730.00,2.5280,2.5840,7.4480,-10.550,9.070,-7.430,337
60740.00,2.5980,2.9710,7.8220,-9.850,13.870,-8.550,337
60750.00,2.5390,3.0470,8.2820,-8.940,16.560,-7.470,337
60760.00,2.4090,2.8780,9.0840,-7.680,17.820,-7.500,338
60770.00,2.3270,2.9450,9.7370,-10.410,15.180,-10.160,338
60780.00,2.3360,3.2980,10.0410,-14.420,8.390,-13.450,338
60790.00,2.4330,3.6980,9.9580,-18.430,-7.350,-14.540,338
60800.00,2.4890,3.2230,8.9580,-23.010,-14.940,-12.420,338
60810.00,2.5610,2.9080,8.4550,-22.630,-14.630,-13.980,339
60820.00,2.6890,3.0230,8.7030,-23.080,-10.620,-18.300,339
60830.00,2.7080,3.4560,8.9890,-24.970,-9.060,-22.030,339
60841.00,2.8070,3.8320,9.1140,-26.110,-9.620,-22.780,339
60851.00,2.8120,3.9580,9.0770,-26.530,-10.250,-20.940,339
60861.00,2.8170,4.0700,9.2180,-25.850,-10.060,-18.250,340
60871.00,2.8780,3.9940,9.2840,-23.400,-11.080,-13.730,340
60881.00,2.8550,3.5500,9.0830,-19.650,-13.670,-8.310,340
60891.00,2.8030,3.2840,8.9910,-17.450,-14.330,-5.880,340
60901.00,2.8800,3.1510,9.3000,-15.140,-13.880,-5.390,340
60911.00,2.9520,2.8980,9.1980,-13.720,-16.470,-5.160,341
60921.00,2.9800,2.6830,8.6650,-13.650,-18.580,-6.790,341
60931.00,3.0580,2.5630,8.3730,-13.700,-16.990,-9.830,341
60941.00,3.2060,2.4320,8.0070,-14.820,-14.980,-13.450,341
60951.00,3.3970,2.4750,7.4230,-16.150,-12.670,-18.510,341
60961.00,3.4710,3.1090,7.0240,-20.280,-6.740,-25.300,342
60971.00,3.5310,4.2670,7.5020,-23.700,3.160,-30.080,342
60981.00,3.4730,5.4550,8.2800,-23.030,10.580,-28.520,342
60991.00,3.0790,5.8330,9.3790,-16.680,14.200,-2.780,342
61001.00,2.8610,4.6770,9.6870,3.770,14.920,11.650,342
61011.00,2.6000,3.4330,9.9870,7.410,14.760,18.280,343
61021.00,2.5410,2.4510,10.3160,6.900,13.340,17.790,343
61031.00,2.4570,1.8650,9.9840,3.370,8.670,12.300,343
61041.00,2.4810,1.8290,9.2470,-2.910,5.610,4.040,343
61051.00,2.4920,2.2430,8.9490,-8.240,7.660,-3.720,343
61061.00,2.5740,2.8370,9.2700,-10.570,11.260,-7.850,344
61071.00,2.5720,3.0900,9.4070,-9.610,11.120,-6.890,344
61081.00,2.5670,2.9690,9.5030,-4.430,8.880,-3.440,344
61091.00,2.5320,2.6970,9.4910,1.630,5.560,-0.700,344
61101.00,2.6360,2.6530,9.5660,7.510,1.920,-0.380,344
61111.00,2.7370,2.8910,9.3770,9.860,-2.570,-1.380,345
61121.00,2.8530,2.9670,8.8430,12.240,-6.700,-0.280,345
61131.00,2.9740,2.7360,8.1910,13.710,-7.720,1.710,345
61141.00,2.9940,2.4310,7.6030,12.940,-4.760,1.550,345
61151.00,2.9850,2.1900,7.5790,11.140,2.300,-1.240,345
61161.00,2.9920,2.4200,8.0260,6.920,10.110,-7.030,346
61171.00,2.9820,3.1130,8.6140,0.690,15.600,-13.070,346
61181.00,2.9740,3.9240,9.1900,-3.750,18.190,-15.410,346
61191.00,2.9180,4.5120,9.8290,-4.340,17.880,-12.930,346
61201.00,2.8470,4.1790,9.8170,1.060,13.010,-1.080,346
61211.00,2.7720,3.8890,9.7960,2.650,10.510,2.640,347
61221.00,2.6790,3.9240,9.9700,3.240,8.830,4.390,347
61231.00,2.6360,3.9230,10.1580,4.220,6.170,7.080,347
61241.00,2.5990,3.6010,9.9900,5.920,1.720,10.760,347
61251.00,2.5500,3.1980,9.6010,5.970,-1.520,12.560,347
61261.00,2.5100,2.6900,9.3830,6.180,-1.850,12.260,348
61271.00,2.5620,2.2210,9.1470,5.190,-1.660,9.990,348
61281.00,2.5830,2.1100,8.6460,1.670,-1.360,4.910,348
61291.00,2.6440,2.5330,8.5050,-0.470,1.830,-1.270,348
61301.00,2.6390,3.2600,8.7620,-1.070,5.640,-4.900,348
61311.00,2.5710,3.6140,9.0020,0.930,7.150,-3.060,349
61321.00,2.4920,3.5920,9.1280,4.430,6.890,1.250,349
61331.00,2.4050,3.5050,9.2880,7.430,6.290,4.460,349
61341.00,2.3290,3.2840,9.2200,9.180,4.280,7.100,349
61351.00,2.3230,2.9020,8.9240,10.770,1.740,9.130,349
61361.00,2.2990,2.7460,8.3920,10.940,-0.230,8.810,350
61371.00,2.2850,2.6850,7.7460,11.030,-0.700,8.100,350
61381.00,2.1970,2.6590,7.1860,12.130,0.670,8.030,350
61391.00,1.8610,2.7490,6.1490,13.130,3.110,8.080,350
61401.00,0.7390,3.2840,4.4080,-5.670,0.870,5.170,350
61411.00,-0.1320,5.2250,1.7980,-37.560,1.620,-3.300,351
61421.00,0.0740,8.0030,-0.9650,-46.500,10.350,-2.080,351
61431.00,1.0400,10.2970,-1.7190,-19.880,31.580,27.590,351
61441.00,2.1260,9.4670,-2.4490,22.840,51.910,83.190,351
61451.00,2.2260,5.5330,-4.1190,61.010,75.870,140.870,351
61461.00,0.5520,0.8300,-5.2430,104.600,113.040,183.950,352
61471.00,-1.4600,-4.4910,-4.3170,157.650,159.290,207.930,352
61481.00,-3.7070,-9.9390,-2.1780,198.530,200.700,205.970,352
61491.00,-5.0300,-14.2820,1.7640,225.110,229.800,170.090,352
61501.00,-4.0790,-15.6370,5.4710,210.270,232.040,95.880,352
61511.00,-3.6410,-13.5540,7.2840,161.480,204.270,-0.490,353
61521.00,-3.6320,-9.3900,6.0530,104.130,159.240,-89.120,353
61531.00,-3.2500,-4.4550,3.0190,46.750,125.200,-157.550,353
61541.00,-3.2420,0.8180,0.8780,-4.380,119.780,-205.410,353
61551.00,-2.8270,5.5100,-0.2690,-38.990,137.590,-226.950,353
61561.00,-3.5620,8.9500,-0.8030,-57.440,173.310,-221.900,354
61571.00,-4.5950,10.6560,-0.0090,-56.820,218.620,-194.750,354
61581.00,-5.7750,10.7700,2.5920,-51.450,264.220,-154.820,354
61591.00,-7.0800,8.2930,5.3210,-47.430,292.430,-120.640,354
61601.00,-11.6940,6.6360,10.0060,-98.420,327.670,-121.520,354
61611.00,-12.9970,7.9350,13.1940,-142.470,327.670,-131.300,355
61621.00,-14.3040,10.2420,17.4380,-184.380,327.670,-128.880,355
61631.00,-15.3610,9.5670,22.7920,-155.190,327.670,-112.220,355
61641.00,-14.8940,11.3970,32.2520,-116.990,327.670,-108.230,355
61651.00,-14.1630,15.2980,32.7670,-116.080,327.670,-93.800,355
61661.00,-12.7090,16.8210,32.7670,-95.620,203.990,-45.830,356
61671.00,-12.1810,12.9730,32.7670,-58.730,10.960,24.130,356
61681.00,-11.6670,5.7230,21.8590,-30.750,-134.240,73.620,356
61691.00,-10.8680,-0.7770,11.0830,-32.130,-178.990,77.310,356
61701.00,-9.4860,-4.1870,5.2850,-48.130,-143.220,45.340,356
61711.00,-7.6800,-4.8740,4.2400,-53.500,-61.200,6.220,357
61721.00,-7.0620,-3.8390,7.9830,-51.560,25.730,-19.090,357
61731.00,-6.7570,-1.7870,13.0300,-39.360,72.000,-22.640,357
61741.00,-6.2240,-0.5020,16.5000,-20.250,72.670,-8.780,357
61751.00,-5.7970,-0.3420,18.0110,-1.420,41.820,7.480,357
61761.00,-5.7770,-0.4310,16.8410,6.810,-5.510,10.420,358
61771.00,-5.6510,0.7160,13.6180,-3.380,-48.460,-4.200,358
61781.00,-5.4780,3.2070,11.4260,-20.840,-70.870,-24.620,358
61791.00,-5.2600,5.8870,10.2580,-27.700,-83.000,-35.850,358
61801.00,-4.7100,7.6000,6.7640,5.890,-104.950,-10.340,358
61811.00,-4.7440,5.3950,4.4610,34.250,-108.570,16.020,359
61821.00,-4.5820,2.8970,2.2420,49.710,-100.220,30.900,359
61831.00,-4.5150,1.4180,1.1250,46.890,-74.570,29.900,359
61841.00,-4.4970,0.9580,1.1910,32.610,-37.850,20.400,359
61851.00,-4.4630,1.2830,2.8300,16.950,1.300,9.900,359
61861.00,-4.4930,1.9400,5.7950,4.220,30.440,3.250,360
61872.00,-4.4680,2.5750,8.0560,-8.090,39.630,0.200,360
61882.00,-4.6210,3.2590,9.0780,-15.650,35.830,-1.220,360
61892.00,-4.8640,3.8990,9.8180,-15.030,29.880,-0.170,360
61902.00,-4.7590,4.4180,10.6920,-10.520,23.180,3.180,360
61912.00,-4.6830,4.6700,11.2770,-6.510,12.540,8.640,361
61922.00,-4.8140,4.3620,11.2370,0.320,-1.630,16.970,361
61932.00,-4.9370,3.1900,10.5940,10.050,-15.750,25.750,361
61942.00,-5.0180,2.0680,9.3180,13.850,-26.930,28.120,361
61952.00,-5.1360,1.4200,7.9900,13.040,-31.040,24.620,361
61962.00,-5.2600,1.1090,7.1180,9.700,-27.190,18.790,362
61972.00,-5.2350,1.1030,6.6310,7.090,-19.580,12.720,362
61982.00,-5.1850,1.1520,6.6990,2.490,-9.610,7.410,362
61992.00,-5.1700,1.6230,7.0540,-3.940,-0.420,1.830,362
62002.00,-5.0830,2.7250,8.3840,-9.080,11.470,-2.240,362
62012.00,-5.0530,3.0620,9.2510,-7.190,12.770,0.080,363
62022.00,-5.0080,3.0930,9.9720,-0.600,9.340,4.960,363
62032.00,-4.9920,2.6960,10.1650,7.620,1.090,10.620,363
62042.00,-4.9040,2.1950,9.6640,12.970,-8.520,13.150,363
62052.00,-4.9410,1.8220,8.8280,15.600,-14.490,12.300,363
62062.00,-4.9100,1.6400,8.2560,16.600,-15.290,9.580,364
62072.00,-4.9050,1.6660,7.8960,14.600,-13.530,5.770,364
62082.00,-4.9560,1.8320,7.3500,12.380,-11.480,2.510,364
62092.00,-4.8620,2.0090,6.8900,11.420,-7.090,0.470,364
62102.00,-4.7790,2.2420,6.8190,7.430,0.660,-1.330,364
62112.00,-4.7880,2.6710,7.3110,3.890,9.700,-2.590,365
62122.00,-4.6240,3.0340,8.3780,2.390,16.530,-1.780,365
62132.00,-4.6320,3.2310,9.3640,1.980,17.530,0.710,365
62142.00,-4.6640,3.1620,10.0300,4.890,12.890,4.510,365
62152.00,-4.7060,2.9680,10.3020,8.550,5.150,7.410,365
62162.00,-4.7640,2.9150,10.2460,11.310,-2.890,8.170,366
62172.00,-4.8030,2.8450,10.0850,13.270,-9.500,8.010,366
62182.00,-4.9060,2.8780,9.9060,13.040,-14.520,7.190,366
62192.00,-5.0450,2.9880,9.6090,13.880,-18.930,7.010,366
62202.00,-5.2760,2.8360,8.1280,16.190,-21.980,8.530,366
62212.00,-5.4340,3.2320,8.3850,13.760,-12.970,7.450,367
62222.00,-5.7820,3.9460,10.1770,8.490,-1.220,7.170,367
62232.00,-6.1250,5.4370,12.1990,-0.910,4.450,6.540,367
62242.00,-6.3780,7.5960,14.6340,-8.660,8.970,9.300,367
62252.00,-6.8660,9.5620,18.2460,-8.580,17.740,22.130,367
62262.00,-7.2880,10.9980,23.4710,-3.500,25.230,45.090,368
62272.00,-7.9140,12.1320,30.4310,-1.790,21.180,70.760,368
62282.00,-9.6330,13.1070,32.7670,-5.340,-13.050,99.830,368
62292.00,-11.7510,11.8150,32.7670,1.320,-95.340,140.360,368
62302.00,-14.0880,7.5880,32.7670,20.240,-212.800,179.120,368
62312.00,-15.7080,3.0680,31.3170,35.970,-321.600,191.020,369
62322.00,-16.6480,0.1950,24.8690,15.200,-327.680,173.000,369
62332.00,-17.6270,-1.9220,19.3920,-4.640,-327.680,146.100,369
62342.00,-16.9240,-12.0280,13.4850,14.990,-327.680,111.920,369
62352.00,-15.5400,-15.8520,7.2980,-15.980,-327.680,-3.270,369
62362.00,-14.4280,-9.2020,0.0380,-120.590,-327.680,-153.030,370
62372.00,-12.3020,-0.1230,-2.6570,-202.110,-327.680,-259.490,370
62382.00,-9.6020,8.0320,-3.2440,-265.160,-327.680,-314.070,370
62392.00,-6.8840,14.6280,-2.7750,-268.000,-319.150,-315.140,370
62402.00,-0.2900,16.6760,-4.9710,-237.840,-292.690,-173.400,370
62412.00,1.7740,12.9600,-8.5720,-149.140,-275.610,-88.350,371
62422.00,3.6550,6.9940,-11.8070,-78.930,-255.130,-22.220,371
62432.00,3.6630,1.4560,-13.7500,-15.730,-220.340,9.830,371
62442.00,4.1410,-0.7440,-14.8300,20.850,-168.370,5.590,371
62452.00,4.5480,-0.0940,-13.4580,43.270,-95.710,-11.580,371
62462.00,4.5660,1.0280,-8.6630,68.500,-19.110,-14.540,372
62472.00,3.7890,1.5330,-3.9330,87.700,31.740,-3.250,372
62482.00,2.9190,1.0760,-0.1870,105.110,59.890,13.120,372
62492.00,2.6760,0.1620,2.5670,119.150,76.850,24.830,372
62502.00,1.2320,0.0490,5.1240,129.490,89.490,25.510,372
62512.00,1.6290,-0.1840,7.3000,131.100,93.970,21.130,373
62522.00,1.7760,0.4820,9.4020,127.370,90.400,11.650,373
62532.00,1.5540,0.4430,9.5330,122.000,72.840,7.400,373
62542.00,2.0050,0.1490,9.1870,118.870,56.010,1.100,373
62552.00,2.1580,0.5980,9.3650,107.630,46.860,-9.480,373
62562.00,2.5170,1.5250,9.0850,96.310,39.050,-19.280,374
62572.00,2.4650,3.1510,9.0980,83.690,36.740,-26.260,374
62582.00,2.5450,3.9550,9.5650,72.950,36.690,-24.810,374
62592.00,2.2310,5.0010,10.4750,61.400,39.350,-25.000,374
62602.00,1.8810,5.2370,13.3310,54.710,40.630,-22.480,374
62612.00,2.0680,4.1610,12.6990,42.250,7.220,-7.280,375
62622.00,2.5680,4.2710,10.6140,24.940,-11.460,-12.720,375
62632.00,3.0170,5.5520,9.5790,13.360,-13.370,-17.790,375
62642.00,3.3410,5.4130,9.1990,14.650,-10.390,-8.310,375
62652.00,3.4620,4.1680,8.4130,15.790,-8.290,2.810,375
62662.00,3.3430,3.4580,7.9030,10.160,-1.800,3.900,376
62672.00,3.0720,3.5530,7.9800,1.020,7.340,-1.030,376
62682.00,2.6360,3.9680,9.0120,-6.480,16.180,-5.040,376
62692.00,2.4330,3.8840,10.0570,-12.790,17.840,-5.040,376
62702.00,2.3170,3.9260,10.4940,-21.910,12.140,-5.750,376
62712.00,2.2670,3.5850,10.0020,-29.420,3.540,-5.020,377
62722.00,2.3720,3.0800,9.1520,-33.040,-2.520,-6.050,377
62732.00,2.3800,3.2900,8.4760,-39.550,-2.410,-11.130,377
62742.00,2.7320,3.1710,8.2710,-33.990,0.830,-14.470,377
62752.00,2.9040,3.2960,8.3910,-30.750,3.770,-16.710,377
62762.00,3.0640,3.0410,7.8010,-30.170,3.190,-14.980,378
62772.00,3.1420,2.6560,7.4240,-28.250,5.400,-14.380,378
62782.00,3.0580,2.5110,7.6470,-27.140,10.180,-17.320,378
62792.00,2.6580,2.4390,8.2830,-28.040,14.080,-23.170,378
62802.00,2.2930,2.8680,10.7960,-27.020,16.830,-33.300,378
62812.00,2.4160,2.6040,10.1950,-21.460,-3.800,-48.560,379
62822.00,2.6750,1.8680,8.9830,-17.550,-15.170,-53.810,379
62832.00,2.8530,0.3820,7.8890,-16.710,-19.580,-59.390,379
62842.00,2.5470,-0.5770,6.8760,-21.320,-19.210,-74.370,379
62852.00,2.2180,-0.0370,5.6880,-31.540,-14.840,-100.970,379
62862.00,2.2950,2.5050,5.1900,-45.730,-1.240,-129.220,380
62872.00,2.5670,5.4680,6.0290,-56.880,17.580,-143.150,380
62882.00,2.8280,7.8900,7.1700,-61.110,31.350,-138.810,380
62893.00,2.7970,8.9750,7.8560,-55.320,36.460,-115.950,380
62903.00,2.7990,7.2170,7.7100,-37.330,34.760,-78.760,380
62913.00,2.5650,4.5040,6.8870,-21.890,33.520,-52.060,381
62923.00,2.4390,2.4490,5.5210,-17.150,37.620,-44.710,381
62933.00,2.2830,1.1130,5.2950,-20.930,53.030,-50.120,381
62943.00,1.1340,1.8590,6.2830,-34.910,74.120,-68.040,381
62953.00,0.1490,4.4530,8.3430,-43.580,94.580,-88.250,381
62963.00,-0.2300,7.5240,12.0440,-47.080,112.430,-92.990,382
62973.00,-0.5930,8.9390,15.4950,-35.370,110.170,-71.780,382
62983.00,-0.4730,7.6230,15.9170,-15.790,78.180,-31.670,382
62993.00,-0.1490,4.5340,13.4940,-0.050,39.510,1.800,382
63003.00,0.2940,2.0880,8.4890,3.020,19.820,12.560,382
63013.00,0.5250,1.3440,7.4290,-9.920,31.540,-8.340,383
63023.00,0.0440,4.0030,9.2060,-27.250,53.770,-27.930,383
63033.00,-0.5370,6.6010,12.5140,-33.390,67.020,-29.260,383
63043.00,-0.8020,6.5030,14.0190,-15.870,54.990,-4.300,383
63053.00,-0.9400,4.1700,13.3860,4.100,31.470,24.880,383
63063.00,-1.0940,1.7000,11.8190,11.190,13.680,38.530,384
63073.00,-1.0670,0.1500,10.6920,10.910,7.360,33.590,384
63083.00,-0.7710,0.0170,10.4800,5.360,8.830,15.430,384
63093.00,-2.0810,-5.7000,10.2480,-7.000,12.470,-11.550,384
63103.00,0.1450,0.9540,10.6730,-38.290,12.780,-66.110,384
63113.00,-0.9720,0.7600,8.5560,-75.990,22.300,-94.390,385
63123.00,-0.8490,2.0390,10.7110,-65.750,33.700,-110.490,385
63133.00,-0.4660,5.2880,8.4930,-91.050,38.610,-111.750,385
63143.00,-1.2350,4.5720,6.5800,-81.830,58.630,-86.240,385
63153.00,-1.4180,3.3330,9.1250,-43.790,77.100,-59.080,385
63163.00,-1.1790,2.3270,11.4500,-25.250,77.760,-44.220,386
63173.00,-1.8160,3.3410,14.8970,-18.150,56.990,-38.500,386
63183.00,-1.8500,3.4160,15.7800,-12.950,13.480,-30.270,386
63193.00,-1.7590,3.1820,12.3330,-21.390,-27.860,-19.750,386
63203.00,-1.5780,2.4050,9.3220,-16.590,-43.260,-10.790,386
63213.00,-1.1150,1.9510,9.4370,6.340,-36.260,-0.820,387
63223.00,-1.0670,1.7200,10.5870,9.820,-35.140,1.460,387
63233.00,-1.2310,1.3860,10.7550,11.730,-43.700,1.990,387
63243.00,-1.1060,2.0430,10.1010,13.600,-51.590,1.880,387
63253.00,-1.1790,5.9580,4.8400,5.570,-45.830,8.290,387
63263.00,-0.4470,9.5740,3.3820,25.220,7.290,46.470,388
63273.00,-0.6370,7.6460,8.2280,80.000,60.100,106.950,388
63283.00,-0.8350,1.3220,12.0350,105.950,67.090,146.260,388
63293.00,-1.2500,-2.6990,12.8090,78.350,46.310,131.890,388
63303.00,-1.2620,-3.7670,11.9550,37.810,21.480,81.840,388
63313.00,-1.1540,-1.9600,11.0400,3.170,6.050,23.390,389
63323.00,-0.8330,1.2400,10.1300,-15.380,-2.290,-16.660,389
63333.00,-0.7440,3.8340,9.3220,-17.570,-4.480,-27.770,389
63343.00,-0.6740,4.6550,9.1440,-5.850,-0.510,-16.170,389
63353.00,-0.6750,3.6050,9.7110,9.320,5.120,2.480,389
63363.00,-0.6840,2.0880,10.1510,14.650,5.920,11.370,390
63373.00,-0.6250,1.5170,9.9880,8.830,2.860,5.980,390
63383.00,-0.4880,1.9800,9.7240,1.270,0.460,-5.050,390
63393.00,-0.3010,2.8720,9.3350,-3.760,-1.140,-12.580,390
63403.00,-0.2900,3.7190,8.8830,-6.160,-0.400,-13.440,390
63413.00,-0.4710,0.3820,9.0250,-96.200,-7.580,1.060,391
63423.00,-0.2890,2.5120,9.6740,-251.390,-1.310,-8.080,391
63433.00,-0.4700,2.1710,9.5000,-265.770,0.100,-10.720,391
63443.00,-0.3750,1.7030,9.9970,-300.840,1.430,-7.770,391
63453.00,-0.4730,1.1090,10.2640,-306.950,2.880,-5.890,391
63463.00,-0.5790,0.5490,10.5030,-266.400,-4.920,-5.180,392
63473.00,-0.5300,0.0810,9.9820,-203.470,-15.120,-5.440,392
63483.00,-0.5970,0.0810,10.9160,-70.300,-33.880,-8.760,392
63493.00,-0.3250,0.0650,10.0050,1.000,-37.450,-8.800,392
63503.00,-0.3000,0.1240,10.0900,0.690,-41.580,-9.690,392
63513.00,-0.1660,0.1240,10.0540,1.020,-43.080,-12.250,393
63523.00,-0.2780,0.0100,10.1460,1.210,-44.710,-14.660,393
63533.00,-0.2540,0.0410,10.1730,1.140,-43.170,-17.850,393
63543.00,-0.2790,-0.1280,10.9140,1.040,-40.480,-18.790,393
63553.00,-0.3620,-0.1910,10.1710,0.460,-14.380,-16.340,393
63563.00,-0.5250,-0.2400,10.1560,0.160,5.490,-11.560,394
63573.00,-0.2530,-0.1040,10.1150,0.080,6.900,-7.240,394
63583.00,-0.1540,-0.0290,10.1020,0.020,6.500,-3.130,394
63593.00,-0.0580,0.1130,10.1990,-1.980,5.350,1.430,394
63603.00,-0.1200,-0.0380,10.0890,-9.840,2.020,6.430,394
63613.00,-0.2320,-0.2330,10.1070,-1.700,1.810,9.270,395
63623.00,-0.0920,-0.0470,10.1040,-0.650,1.690,8.460,395
63633.00,0.4580,0.6240,10.1390,-0.120,1.570,9.130,395
63643.00,-0.1570,-0.2700,10.0880,0.020,1.340,8.110,395
63653.00,-0.5160,-0.5570,10.0800,-0.120,0.010,5.030,395
63663.00,-0.3050,-0.2330,10.1030,0.080,-0.860,4.330,396
63673.00,-0.1560,0.0400,10.1220,0.500,-1.170,7.710,396
63683.00,-0.1430,-0.0650,10.1330,0.460,-0.800,11.980,396
63693.00,-0.1510,-0.1330,10.1140,-0.230,-0.030,12.610,396
63703.00,-0.1040,-0.0070,10.1070,-0.440,0.130,11.210,396
63713.00,-0.1610,-0.2120,10.1200,-0.140,0.110,12.000,397
63723.00,-0.1220,-0.0370,10.1150,-0.120,0.010,9.570,397
63733.00,-0.1190,-0.0320,10.1190,0.040,-0.030,9.650,397
63743.00,-0.1390,-0.1360,10.1030,0.060,-0.030,10.600,397
63753.00,-0.1780,-0.1970,10.1100,0.040,-0.160,8.180,397
63763.00,-0.1110,-0.0110,10.1130,0.020,-0.300,5.260,398
63773.00,-0.1510,-0.1490,10.1190,-0.040,-0.280,6.640,398
63783.00,-0.1560,-0.1610,10.1100,-0.140,-0.240,4.650,398
63793.00,-0.1300,-0.0840,10.1060,0.000,-0.260,2.360,398
63803.00,-0.1500,-0.1450,10.1210,0.000,-0.280,1.520,398
63813.00,-0.1260,-0.0770,10.1100,0.130,-0.240,-0.420,399
63823.00,-0.1330,-0.0830,10.1100,0.110,-0.190,-0.380,399
63833.00,-0.1380,-0.0830,10.1130,0.110,-0.170,-0.420,399
63844.00,-0.1280,-0.0820,10.1040,0.130,-0.120,-0.420,399
63853.00,-0.1290,-0.0800,10.1010,0.130,-0.140,-0.380,399
63863.00,-0.1260,-0.0810,10.1220,0.160,-0.140,-0.400,400
63873.00,-0.1310,-0.0800,10.1160,0.180,-0.100,-0.360,400
63883.00,-0.1320,-0.0800,10.1190,0.220,-0.050,-0.330,400
63893.00,-0.1320,-0.0770,10.1130,0.220,-0.050,-0.350,400
63903.00,-0.1280,-0.0720,10.1140,0.200,-0.070,-0.360,400
63914.00,-0.1290,-0.0870,10.1130,0.340,-0.160,-0.350,401
63924.00,-0.1300,-0.0820,10.1130,0.430,-0.210,-0.350,401
63934.00,-0.1360,-0.0840,10.1160,0.460,-0.190,-0.330,401
63944.00,-0.1310,-0.0840,10.1140,0.390,-0.190,-0.380,401
63954.00,-0.1230,-0.0740,10.1080,0.370,-0.170,-0.350,401
63964.00,-0.1300,-0.0810,10.1280,0.360,-0.190,-0.360,402
63974.00,-0.1310,-0.0760,10.1080,0.340,-0.240,-0.330,402
63984.00,-0.1290,-0.0810,10.1120,0.300,-0.190,-0.360,402
63994.00,-0.1320,-0.0700,10.1120,0.300,-0.210,-0.360,402
64004.00,-0.1310,-0.0840,10.1070,0.250,-0.230,-0.380,402
64014.00,-0.1320,-0.0840,10.1070,0.200,-0.160,-0.400,403
64024.00,-0.1180,-0.0760,10.1120,0.230,-0.140,-0.350,403
64034.00,-0.1230,-0.0870,10.1090,0.270,-0.140,-0.330,403
64044.00,-0.1260,-0.0780,10.1140,0.370,-0.120,-0.350,403
64054.00,-0.1260,-0.0780,10.1080,0.370,-0.100,-0.330,403
64064.00,-0.1250,-0.0810,10.1190,0.390,-0.100,-0.330,404
64074.00,-0.1260,-0.0800,10.1210,0.460,-0.100,-0.380,404
64084.00,-0.1160,-0.0800,10.1020,0.410,-0.090,-0.380,404
64094.00,-0.1240,-0.0820,10.1200,0.320,-0.100,-0.360,404
64104.00,-0.1280,-0.0810,10.1090,0.230,-0.090,-0.400,404
64114.00,-0.1300,-0.0770,10.1090,0.250,0.000,-0.350,405
64124.00,-0.1300,-0.0800,10.1120,0.250,-0.050,-0.380,405
64134.00,-0.1310,-0.0800,10.1100,0.220,-0.050,-0.400,405
64144.00,-0.1360,-0.0810,10.1160,0.110,-0.030,-0.380,405
64154.00,-0.1370,-0.0880,10.1150,0.060,0.000,-0.450,405
64164.00,-0.1310,-0.0780,10.1160,0.010,-0.020,-0.470,406
64174.00,-0.1320,-0.0830,10.1090,0.040,0.010,-0.420,406
64184.00,-0.1330,-0.0800,10.1150,-0.020,0.030,-0.420,406
64194.00,-0.1310,-0.0830,10.1140,-0.070,-0.020,-0.450,406
64204.00,-0.1240,-0.0800,10.1070,-0.040,-0.030,-0.380,406
64214.00,-0.1370,-0.0830,10.1120,0.020,-0.090,-0.400,407
64224.00,-0.1330,-0.0900,10.1090,0.110,-0.030,-0.400,407
64234.00,-0.1280,-0.0920,10.1140,0.150,-0.020,-0.380,407
64244.00,-0.1290,-0.0880,10.1100,0.250,0.010,-0.380,407
64254.00,-0.1260,-0.0860,10.1200,0.320,0.000,-0.400,407
64264.00,-0.1350,-0.0860,10.1140,0.320,0.000,-0.430,408
64274.00,-0.1280,-0.0810,10.1030,0.290,0.010,-0.430,408
64284.00,-0.1330,-0.0860,10.1100,0.300,0.010,-0.310,408
64294.00,-0.1200,-0.0810,10.1080,0.220,-0.020,-0.360,408
64304.00,-0.1260,-0.0770,10.1160,0.160,0.010,-0.380,408
64314.00,-0.1280,-0.0780,10.1120,0.130,0.000,-0.360,409
64324.00,-0.1200,-0.0830,10.1210,0.110,-0.030,-0.360,409
64334.00,-0.1260,-0.0800,10.1150,0.150,-0.090,-0.360,409
64344.00,-0.1310,-0.0890,10.1060,0.230,-0.050,-0.350,409
64354.00,-0.1360,-0.0880,10.1090,0.270,-0.030,-0.360,409
64364.00,-0.1190,-0.0710,10.1140,0.320,-0.030,-0.350,410
64374.00,-0.1290,-0.0930,10.1100,0.360,-0.050,-0.350,410
64384.00,-0.1220,-0.0870,10.1090,0.370,0.000,-0.350,410
64394.00,-0.1300,-0.0760,10.1130,0.370,-0.020,-0.360,410
64404.00,-0.1170,-0.0780,10.1210,0.440,0.010,-0.400,410
64414.00,-0.1330,-0.0840,10.1190,0.370,-0.020,-0.420,411
64424.00,-0.1300,-0.0720,10.1180,0.390,-0.030,-0.430,411
64434.00,-0.1280,-0.0740,10.1210,0.230,-0.020,-0.360,411
64444.00,-0.1300,-0.0840,10.1210,0.130,-0.100,-0.420,411
64454.00,-0.1240,-0.0770,10.1040,0.110,-0.090,-0.400,411
64464.00,-0.1280,-0.0820,10.1200,0.060,-0.090,-0.420,412
64474.00,-0.1290,-0.0820,10.1040,0.150,-0.070,-0.360,412
64484.00,-0.1330,-0.0860,10.1120,0.220,-0.100,-0.380,412
64494.00,-0.1320,-0.0770,10.1200,0.270,-0.050,-0.360,412
64504.00,-0.1220,-0.0740,10.1130,0.320,-0.050,-0.360,412
64514.00,-0.1240,-0.0900,10.1100,0.370,-0.090,-0.380,413
64524.00,-0.1280,-0.0810,10.1060,0.340,-0.030,-0.400,413
64534.00,-0.1360,-0.0800,10.1140,0.270,-0.070,-0.350,413
64544.00,-0.1220,-0.0820,10.1120,0.230,-0.100,-0.350,413
64554.00,-0.1280,-0.0770,10.1020,0.200,-0.100,-0.360,413
64564.00,-0.1230,-0.0810,10.1140,0.150,-0.100,-0.400,414
64574.00,-0.1310,-0.0860,10.1040,0.130,-0.090,-0.430,414
64584.00,-0.1180,-0.0780,10.1180,0.150,-0.100,-0.450,414
64594.00,-0.1240,-0.0810,10.1080,0.180,-0.120,-0.420,414
64604.00,-0.1290,-0.0830,10.1150,0.220,-0.100,-0.380,414
64614.00,-0.1220,-0.0770,10.1040,0.300,-0.140,-0.420,415
64624.00,-0.1360,-0.0800,10.1130,0.340,-0.140,-0.350,415
64634.00,-0.1260,-0.0810,10.1100,0.290,-0.140,-0.380,415
64644.00,-0.1380,-0.0860,10.1150,0.290,-0.160,-0.330,415
64654.00,-0.1280,-0.0800,10.1160,0.230,-0.090,-0.380,415
64664.00,-0.1290,-0.0800,10.1180,0.160,-0.070,-0.360,416
64674.00,-0.1170,-0.0800,10.1190,0.130,-0.070,-0.360,416
64684.00,-0.1310,-0.0840,10.1020,0.200,-0.120,-0.380,416
64694.00,-0.1290,-0.0870,10.1200,0.270,-0.160,-0.400,416
64704.00,-0.1330,-0.0780,10.1090,0.360,-0.140,-0.350,416
64714.00,-0.1350,-0.0840,10.1180,0.430,-0.100,-0.400,417
64724.00,-0.1260,-0.0820,10.1190,0.440,-0.070,-0.330,417
64734.00,-0.1320,-0.0860,10.1020,0.430,-0.140,-0.360,417
64744.00,-0.1190,-0.0810,10.1190,0.430,-0.140,-0.350,417
64754.00,-0.1280,-0.0760,10.1080,0.410,-0.100,-0.350,417
64764.00,-0.1170,-0.0780,10.1090,0.360,-0.100,-0.360,418
64774.00,-0.1130,-0.0840,10.1160,0.230,-0.120,-0.380,418
64784.00,-0.1200,-0.0700,10.1030,0.150,-0.100,-0.380,418
64794.00,-0.1260,-0.0820,10.1040,0.090,-0.090,-0.400,418
64804.00,-0.1220,-0.0820,10.1120,0.060,-0.100,-0.400,418
64814.00,-0.1290,-0.0880,10.1090,0.060,-0.120,-0.420,419
64824.00,-0.1320,-0.0800,10.1030,0.160,-0.070,-0.380,419
64834.00,-0.1250,-0.0800,10.1280,0.270,-0.070,-0.400,419
64844.00,-0.1200,-0.0830,10.1080,0.300,-0.070,-0.360,419
64854.00,-0.1200,-0.0810,10.1190,0.300,-0.090,-0.360,419
64864.00,-0.1200,-0.0800,10.1040,0.220,-0.070,-0.360,420
64874.00,-0.1240,-0.0870,10.1070,0.300,-0.090,-0.380,420
64884.00,-0.1180,-0.0820,10.1080,0.230,-0.100,-0.400,420
64894.00,-0.1280,-0.0830,10.1180,0.270,-0.160,-0.400,420
64904.00,-0.1250,-0.0840,10.1140,0.220,-0.090,-0.400,420
64914.00,-0.1320,-0.0680,10.1090,0.220,-0.100,-0.350,421
64924.00,-0.1250,-0.0870,10.1040,0.160,-0.120,-0.380,421
64934.00,-0.1220,-0.0780,10.1150,0.220,-0.050,-0.400,421
64945.00,-0.1240,-0.0770,10.0980,0.180,-0.160,-0.400,421
64955.00,-0.1200,-0.0940,10.1090,0.180,-0.170,-0.400,421
64965.00,-0.1240,-0.0780,10.1090,0.150,-0.090,-0.350,422
64975.00,-0.1300,-0.0820,10.1080,0.200,-0.140,-0.400,422
64985.00,-0.1320,-0.0900,10.1000,0.220,-0.100,-0.400,422
64995.00,-0.1280,-0.0770,10.1100,0.300,-0.120,-0.400,422
65005.00,-0.1140,-0.0780,10.1130,0.430,-0.090,-0.400,422
65015.00,-0.1250,-0.0780,10.1120,0.440,-0.070,-0.400,423
65025.00,-0.1290,-0.0780,10.1210,0.480,-0.050,-0.400,423
65035.00,-0.1180,-0.0720,10.1030,0.430,-0.100,-0.380,423
65045.00,-0.1250,-0.0800,10.1060,0.410,-0.050,-0.400,423
65055.00,-0.1250,-0.0810,10.1030,0.300,-0.100,-0.380,423
65065.00,-0.1280,-0.0740,10.1250,0.220,-0.090,-0.400,424
65075.00,-0.1240,-0.0830,10.1220,0.110,-0.100,-0.380,424
65085.00,-0.1260,-0.0760,10.1120,0.010,-0.100,-0.400,424
65095.00,-0.1230,-0.0870,10.1100,0.010,-0.120,-0.400,424
65105.00,-0.1220,-0.0750,10.1130,0.040,-0.190,-0.400,424
65115.00,-0.1160,-0.0780,10.1080,0.110,-0.160,-0.420,425
65125.00,-0.1200,-0.0810,10.1250,0.200,-0.100,-0.360,425
65135.00,-0.1290,-0.0840,10.1120,0.250,-0.090,-0.360,425
65145.00,-0.1260,-0.0780,10.1100,0.320,-0.070,-0.400,425
65155.00,-0.1190,-0.0840,10.1090,0.410,-0.050,-0.420,425
65165.00,-0.1220,-0.0820,10.1240,0.480,-0.090,-0.420,426
65175.00,-0.1280,-0.0840,10.1140,0.440,-0.140,-0.400,426
65185.00,-0.1200,-0.0770,10.1120,0.430,-0.190,-0.380,426
65195.00,-0.1250,-0.0840,10.1210,0.340,-0.140,-0.400,426
65205.00,-0.1190,-0.0840,10.1080,0.360,-0.140,-0.400,426
65215.00,-0.1260,-0.0820,10.1030,0.340,-0.100,-0.360,427
65225.00,-0.1140,-0.0770,10.1040,0.300,-0.030,-0.420,427
65235.00,-0.1170,-0.0760,10.1160,0.320,-0.030,-0.380,427
65245.00,-0.1200,-0.0810,10.1040,0.370,-0.050,-0.420,427
65255.00,-0.1110,-0.0770,10.1210,0.390,-0.020,-0.400,427
65265.00,-0.1180,-0.0750,10.1020,0.290,-0.090,-0.380,428
65275.00,-0.1240,-0.0800,10.1270,0.160,-0.070,-0.360,428
65285.00,-0.1180,-0.0780,10.1120,0.110,-0.070,-0.360,428
65295.00,-0.1200,-0.0750,10.1080,0.160,-0.030,-0.360,428
65305.00,-0.1170,-0.0840,10.1210,0.160,-0.020,-0.400,428
65315.00,-0.1160,-0.0760,10.0980,0.250,-0.020,-0.400,429
65325.00,-0.1230,-0.0900,10.1090,0.460,0.010,-0.420,429
65335.00,-0.1350,-0.0810,10.0950,1.200,0.170,-0.360,429
65345.00,-0.1240,-0.0710,10.1020,2.470,0.320,-0.350,429
65355.00,-0.1430,-0.0640,10.1080,3.510,0.520,-0.290,429
65365.00,-0.1180,-0.0630,10.0860,4.500,0.640,-0.350,430
65375.00,-0.1330,-0.0340,10.1630,5.570,0.800,-0.350,430
65385.00,-0.1230,-0.0520,10.1120,2.190,0.200,-0.380,430
65395.00,-0.1240,-0.0530,10.1140,0.620,-0.020,-0.380,430
65405.00,-0.1350,-0.0430,10.1130,0.440,-0.090,-0.380,430
65415.00,-0.1260,-0.0490,10.1140,0.370,-0.090,-0.400,431
65425.00,-0.1310,-0.0510,10.1080,0.340,-0.100,-0.360,431
65435.00,-0.1310,-0.0470,10.1210,0.230,-0.140,-0.350,431
65445.00,-0.1310,-0.0570,10.1130,0.230,-0.160,-0.380,431
65455.00,-0.1220,-0.0440,10.1090,0.230,-0.100,-0.360,431
65465.00,-0.1330,-0.0490,10.1120,0.220,-0.160,-0.420,432
65475.00,-0.1220,-0.0460,10.1130,0.250,-0.160,-0.400,432
65485.00,-0.1240,-0.0520,10.1130,0.270,-0.100,-0.380,432
65495.00,-0.1230,-0.0470,10.1190,0.220,-0.100,-0.400,432
65505.00,-0.1350,-0.0490,10.1100,0.230,-0.190,-0.400,432
65515.00,-0.1370,-0.0410,10.1090,0.250,-0.170,-0.420,433
65525.00,-0.1390,-0.0460,10.1150,0.250,-0.160,-0.360,433
65535.00,-0.1260,-0.0460,10.1180,0.160,-0.160,-0.380,433
65545.00,-0.1320,-0.0450,10.1080,0.200,-0.140,-0.360,433
65555.00,-0.1350,-0.0440,10.1140,0.220,-0.160,-0.350,433
65565.00,-0.1240,-0.0490,10.1100,0.200,-0.160,-0.380,434
65575.00,-0.1230,-0.0500,10.1080,0.200,-0.170,-0.420,434
65585.00,-0.1220,-0.0550,10.1150,0.180,-0.190,-0.380,434
65595.00,-0.1220,-0.0450,10.1010,0.220,-0.190,-0.400,434
65605.00,-0.1220,-0.0500,10.1160,0.270,-0.170,-0.400,434
65615.00,-0.1320,-0.0490,10.1070,0.300,-0.120,-0.360,435
65625.00,-0.1300,-0.0410,10.1180,0.290,-0.100,-0.360,435
65635.00,-0.1320,-0.0470,10.1130,0.230,-0.100,-0.400,435
65645.00,-0.1300,-0.0430,10.1030,0.250,-0.100,-0.380,435
65655.00,-0.1260,-0.0400,10.1180,0.200,-0.090,-0.380,435
65665.00,-0.1250,-0.0490,10.1070,0.230,-0.070,-0.400,436
65675.00,-0.1280,-0.0450,10.1190,0.220,-0.070,-0.360,436
65685.00,-0.1390,-0.0460,10.1120,0.250,-0.100,-0.350,436
65695.00,-0.1290,-0.0510,10.1030,0.230,-0.070,-0.400,436
65705.00,-0.1240,-0.0470,10.1100,0.250,-0.120,-0.400,436
65715.00,-0.1170,-0.0470,10.1090,0.250,-0.120,-0.380,437
65725.00,-0.1220,-0.0430,10.1240,0.230,-0.030,-0.360,437
65735.00,-0.1230,-0.0510,10.1190,0.250,-0.090,-0.400,437
65745.00,-0.1250,-0.0440,10.1090,0.160,-0.020,-0.380,437
65755.00,-0.1260,-0.0410,10.1060,0.160,-0.090,-0.380,437
65765.00,-0.1260,-0.0470,10.1190,0.160,-0.030,-0.400,438
65775.00,-0.1350,-0.0470,10.1060,0.090,-0.020,-0.400,438
65785.00,-0.1200,-0.0500,10.1370,-0.610,-0.140,-0.360,438
65795.00,-0.1260,-0.0530,10.0950,-1.160,-0.260,-0.450,438
65805.00,-0.1250,-0.0500,10.1160,-0.810,-0.210,-0.420,438
65815.00,-0.1290,-0.0590,10.0980,-0.680,-0.120,-0.380,439
65825.00,-0.1290,-0.0610,10.1180,-0.050,-0.100,-0.380,439
65835.00,-0.1300,-0.0470,10.1250,0.430,-0.050,-0.360,439
65845.00,-0.1290,-0.0580,10.1160,-0.510,-0.140,-0.350,439
65855.00,-0.1250,-0.0550,10.1160,-1.420,-0.300,-0.350,439
65865.00,-0.1320,-0.0640,10.1220,-2.450,-0.450,-0.400,440
65875.00,-0.1250,-0.0690,10.1080,-3.190,-0.520,-0.430,440
65885.00,-0.1320,-0.0830,10.0920,-3.450,-0.560,-0.350,440
65895.00,-0.1220,-0.0740,10.1020,-1.860,-0.310,-0.380,440
65905.00,-0.0470,0.2350,10.0710,2.120,0.690,7.570,440
65915.00,-0.1810,-0.2990,10.1470,3.030,0.430,11.470,441
65925.00,-0.1420,-0.1360,10.1150,-0.600,-0.190,3.000,441
65935.00,-0.1390,-0.0830,10.0830,-0.370,-0.170,0.360,441
65945.00,-0.1240,-0.0810,10.1000,0.990,0.010,-0.360,441
65955.00,-0.1220,-0.0660,10.0960,1.970,0.150,-0.350,441
65966.00,-0.1260,-0.0520,10.1210,2.210,0.200,-0.330,442
65976.00,-0.1220,-0.0640,10.1090,1.020,0.080,-0.330,442
65986.00,-0.1230,-0.0660,10.1320,0.200,-0.090,-0.350,442
65996.00,-0.1300,-0.0630,10.1010,-0.600,-0.190,-0.400,442
66006.00,-0.1230,-0.0720,10.1080,-1.020,-0.170,-0.360,442
66016.00,-0.1240,-0.0720,10.1030,-0.460,-0.100,-0.380,443
66026.00,-0.1170,-0.0700,10.1200,-0.090,-0.090,-0.420,443
66036.00,-0.1250,-0.0750,10.1150,-0.540,-0.140,-0.360,443
66046.00,-0.1250,-0.0800,10.1130,-0.600,-0.160,-0.310,443
66056.00,-0.1290,-0.0810,10.1070,-0.330,-0.160,-0.330,443
66066.00,-0.1240,-0.0750,10.0900,0.620,-0.030,-0.350,444
66076.00,-0.1200,-0.0770,10.0980,1.930,0.080,-0.420,444
66086.00,-0.1280,-0.0710,10.0960,3.470,0.320,-0.330,444
66096.00,-0.1160,-0.0610,10.1120,4.170,0.430,-0.350,444
66106.00,-0.1230,-0.0410,10.1440,4.280,0.390,-0.330,444
66116.00,-0.1190,-0.0460,10.1260,1.930,0.040,-0.310,445
66126.00,-0.1220,-0.0510,10.1250,0.430,-0.140,-0.330,445
66136.00,-0.1320,-0.0550,10.1140,0.340,-0.090,-0.310,445
66146.00,-0.1280,-0.0470,10.1040,0.300,-0.090,-0.350,445
66156.00,-0.1330,-0.0510,10.1150,0.300,-0.100,-0.310,445
66166.00,-0.1260,-0.0450,10.1140,0.320,-0.100,-0.350,446
66176.00,-0.1360,-0.0530,10.1180,0.390,-0.140,-0.350,446
66186.00,-0.2460,-0.5140,10.1280,0.340,-0.070,-1.430,446
66196.00,-0.0450,0.2890,10.1090,0.320,-0.020,-10.360,446
66206.00,-0.1370,-0.0510,10.1140,0.390,-0.090,-5.510,446
66216.00,-0.1140,-0.0070,10.1100,0.270,-0.070,-4.420,447
66226.00,-0.1160,-0.0150,10.1090,0.300,-0.090,-2.740,447
66236.00,-0.1080,0.0050,10.1090,0.270,-0.090,-2.080,447
66246.00,-0.1350,-0.0710,10.1080,0.320,-0.050,-1.060,447
66256.00,-0.1350,-0.0990,10.1190,0.340,-0.070,-2.010,447
66266.00,-0.1300,-0.0710,10.1000,0.440,0.040,-3.440,448
66276.00,-0.1390,-0.1170,10.1090,0.410,0.000,-4.700,448
66286.00,-0.1330,-0.0710,10.1140,0.360,-0.100,-6.450,448
66296.00,-0.1470,-0.0980,10.1150,0.480,-0.100,-7.220,448
66306.00,-0.1230,-0.0220,10.1030,0.410,-0.100,-8.730,448
66316.00,-0.1330,-0.0780,10.1090,0.410,-0.160,-8.290,449
66326.00,-0.1140,0.0050,10.1100,0.460,-0.090,-8.920,449
66336.00,-0.1380,-0.0330,10.1180,0.430,-0.030,-7.630,449
66346.00,-0.1140,0.0070,10.1020,0.410,-0.030,-6.940,449
66356.00,-0.1180,0.0380,10.1080,0.370,-0.090,-5.470,449
66366.00,-0.1140,0.0090,10.1080,0.370,-0.090,-2.570,450
66376.00,-0.1190,-0.0460,10.1120,0.270,-0.120,-0.610,450
66386.00,-0.1240,-0.0450,10.1100,0.230,-0.100,-0.360,450
66396.00,-0.1280,-0.0430,10.1140,0.220,-0.100,-0.350,450
66406.00,-0.1230,-0.0430,10.1150,0.220,-0.090,-0.350,450
66416.00,-0.1260,-0.0500,10.1200,-0.400,-0.170,-0.350,451
66426.00,-0.1290,-0.0450,10.1070,-1.350,-0.260,-0.400,451
66436.00,0.1560,0.5730,9.9370,0.300,3.180,5.580,451
66446.00,0.8010,-2.3600,10.1550,3.520,2.440,42.870,451
66456.00,0.0270,-0.2400,10.1440,-1.140,0.660,84.520,451
66466.00,-0.0920,-0.0520,10.1270,-1.400,1.230,92.800,452
66476.00,-0.1770,0.0630,10.1000,-1.470,1.720,96.980,452
66486.00,-0.1960,0.0920,10.1070,-1.490,1.300,92.200,452
66496.00,-0.2500,0.1980,10.0960,-1.470,0.670,85.900,452
66506.00,-0.3070,0.5940,10.0710,-1.210,-0.030,76.870,452
66516.00,-0.3680,0.2300,10.1060,-0.930,-1.050,59.070,453
66526.00,-0.3090,0.0940,10.1040,-0.610,-1.400,39.600,453
66536.00,-0.3200,0.0010,10.1180,-0.210,-1.490,26.680,453
66546.00,-0.3030,0.1570,10.1190,-0.090,-0.790,17.270,453
66556.00,-0.2180,0.0710,10.1150,0.060,-0.280,6.010,453
66566.00,-0.1390,-0.0560,10.1190,0.180,-0.050,-0.350,454
66576.00,-0.1510,-0.0490,10.1070,0.160,0.000,-0.770,454
66586.00,-0.1470,-0.0530,10.1150,0.160,-0.020,-0.640,454
66596.00,-0.1780,-0.0680,10.1250,0.200,0.110,-0.630,454
66606.00,-0.1510,-0.0660,10.1100,0.200,0.730,-0.750,454
66616.00,-0.1330,-0.0330,10.1570,-0.880,0.880,-0.990,455
66626.00,-0.1410,-0.0560,10.0940,-3.970,-0.170,-0.800,455
66636.00,-0.1390,-0.0750,10.0800,-1.770,-0.440,-0.490,455
66646.00,-0.1420,-0.0740,10.1180,-0.090,-0.240,-0.360,455
66656.00,-0.2600,-0.3170,10.3480,-2.380,-0.280,-0.910,455
66666.00,-0.1250,-0.0590,9.9140,-6.810,0.380,-6.960,456
66676.00,-0.1780,-0.1850,10.1270,-0.320,1.900,-7.630,456
66686.00,-0.1570,-0.1480,10.0900,-0.020,2.440,-9.660,456
66696.00,-0.1140,-0.0470,10.0830,0.410,1.930,-11.490,456
66706.00,-0.1300,-0.0220,10.0860,0.810,0.970,-10.110,456
66716.00,-0.1170,0.0210,10.0660,1.280,0.200,-7.570,457
66726.00,-0.1140,-0.0280,9.8770,8.410,0.690,-3.550,457
66736.00,-0.1710,0.0310,10.3870,13.240,0.970,-0.190,457
66746.00,-0.1660,-0.0720,10.1010,0.570,-0.510,0.000,457
66756.00,-1.3860,-1.4500,10.0800,0.180,-0.580,0.570,457
66766.00,0.3860,0.6460,10.1310,0.180,-0.770,5.860,458
66776.00,0.1890,0.1300,10.1200,0.370,-0.510,-2.390,458
66786.00,-0.5370,-0.2820,10.0890,0.480,-1.100,-13.020,458
66796.00,-0.2930,-0.0680,10.1250,0.440,-1.430,-20.070,458
66806.00,-0.1300,0.0050,10.1280,-2.000,-1.770,-23.180,458
66816.00,-0.2540,-0.0860,10.0860,-3.150,-1.890,-22.330,459
66826.00,-0.7250,-0.4110,10.1930,-2.710,-1.730,-21.310,459
66836.00,-0.5380,-0.3550,10.1200,-6.560,-0.630,-14.780,459
66846.00,-0.5160,-0.1810,10.1070,-0.420,0.060,-16.220,459
66856.00,-0.5680,-0.2900,10.0880,-1.260,0.100,-18.930,459
66866.00,-0.0720,0.3210,10.1220,-0.250,0.110,-19.470,460
66876.00,-0.4040,0.0570,10.0940,-0.090,-0.280,-21.070,460
66886.00,-0.7710,0.0760,10.0180,-0.120,-1.730,-23.380,460
66896.00,-0.4520,0.2950,9.9440,0.440,-5.230,-26.510,460
66906.00,-0.4350,0.4730,9.2970,0.460,-23.410,-27.540,460
66916.00,1.6370,0.2510,9.7100,0.690,-68.720,-27.090,461
66926.00,0.1260,0.0900,11.3330,0.390,-70.210,-29.220,461
66936.00,-0.1450,-0.2100,10.3840,-1.440,-16.270,-32.770,461
66946.00,-0.1850,-0.1060,10.1030,0.830,-0.610,-26.250,461
66956.00,0.1680,-0.1830,10.1220,0.950,-0.160,-18.670,461
66966.00,0.1720,-0.0780,10.1160,0.810,-0.190,-12.040,462
66976.00,0.2470,-0.0560,10.1190,0.780,0.040,-7.490,462
66986.00,0.3000,-0.1160,10.1200,0.230,0.270,-4.810,462
66997.00,0.2510,-0.0370,10.1310,-0.020,0.290,-5.400,462
67007.00,0.5120,0.0550,10.1010,-0.120,0.170,-9.200,462
67017.00,0.4240,0.0590,10.1190,0.180,-0.070,-15.760,463
67027.00,0.4160,0.0130,10.1300,0.370,-0.100,-21.780,463
67037.00,0.2080,-0.1630,10.1160,0.710,-0.280,-20.980,463
67047.00,0.2440,-0.1440,10.1400,1.020,-0.230,-16.480,463
67057.00,0.2060,-0.1690,10.1090,0.390,0.010,-10.600,463
67067.00,0.1040,-0.2140,10.1150,0.600,0.010,-5.210,464
67077.00,0.2400,-0.1550,10.1130,0.970,-0.050,-0.560,464
67087.00,-0.0880,-0.2470,10.1080,0.040,0.130,1.430,464
67097.00,-0.2600,-0.0720,10.1320,-0.140,0.320,0.960,464
67107.00,-0.2000,-0.0390,9.9900,1.690,-0.050,2.600,464
67117.00,-0.4860,0.0650,10.2250,7.440,-1.630,5.170,465
67127.00,-0.5330,-0.2990,11.9330,28.200,1.810,9.060,465
67137.00,-0.5380,-0.5280,16.9900,131.820,-42.860,9.230,465
67147.00,-0.4650,0.0230,13.1650,108.860,-100.850,3.460,465
67157.00,-1.4480,8.2700,5.7170,74.290,-105.750,7.480,465
67167.00,0.0500,1.0100,11.2770,123.610,-47.720,85.990,466
67177.00,-0.1960,-1.4600,11.2030,118.460,-54.740,96.160,466
67187.00,-1.9560,-0.6730,6.7570,66.520,-57.800,59.790,466
67197.00,-0.7190,1.6180,7.6350,43.740,-36.700,37.220,466
67207.00,-0.0260,3.0550,9.3140,35.720,-27.460,35.750,466
67217.00,0.3930,3.5400,9.5100,29.250,-30.690,45.600,467
67227.00,0.4850,4.1090,9.5910,19.760,-34.090,53.470,467
67237.00,0.6910,3.7910,8.0290,18.380,-39.150,65.780,467
67247.00,0.3840,1.7640,5.6600,32.990,-46.290,106.690,467
67257.00,-0.1010,0.3290,4.0770,34.600,-41.490,113.240,467
67267.00,0.7040,-0.3620,3.7710,35.430,-32.090,110.400,468
67277.00,0.6950,-2.5810,1.9640,28.710,-24.780,104.430,468
67287.00,0.5450,-4.3170,-0.8360,31.800,-13.000,88.050,468
67297.00,1.0310,-4.5940,-1.7790,38.610,13.550,62.960,468
67307.00,1.1960,-4.4190,-1.8710,39.220,41.060,39.950,468
67317.00,1.7040,-3.0790,-0.2480,37.070,65.320,22.310,469
67327.00,2.2450,-1.4170,1.7190,20.810,82.360,13.780,469
67337.00,2.1330,-0.0820,3.0430,4.640,90.750,15.390,469
67347.00,2.3190,1.4040,4.6390,-16.290,96.570,24.420,469
67357.00,2.7320,2.3910,5.5860,-45.170,100.000,37.970,469
67367.00,2.4210,1.7990,5.3980,-62.690,101.980,55.490,470
67377.00,1.6490,0.9060,4.8810,-73.170,106.550,70.290,470
67387.00,0.7440,-0.1280,4.8170,-77.330,113.270,79.460,470
67397.00,-0.0390,-0.4490,5.3760,-68.130,117.080,84.360,470
67407.00,-1.1580,-0.5270,5.8460,-77.050,115.670,88.250,470
67417.00,-1.8890,-1.6590,7.5900,-99.140,115.350,90.450,471
67427.00,-2.0630,-2.6560,11.2370,-118.530,113.640,85.660,471
67437.00,-2.0880,-5.6450,12.4150,-131.640,103.350,71.600,471
67447.00,-2.4290,-3.0340,15.2600,-137.130,148.810,6.220,471
67457.00,-2.3310,-3.9680,16.9360,-122.710,155.320,4.070,471
67467.00,-3.2510,-3.9450,16.2980,-113.590,144.380,-10.270,472
67477.00,-3.5850,-2.4860,14.6010,-96.930,129.210,-28.450,472
67487.00,-3.4260,-0.8650,14.9200,-93.800,126.130,-41.870,472
67497.00,-3.2450,0.1870,15.0890,-85.260,117.730,-44.670,472
67507.00,-3.2940,0.6430,15.2210,-76.480,106.530,-40.160,472
67517.00,-3.4940,0.2720,14.4030,-66.640,91.010,-29.960,473
67527.00,-3.8180,-0.1040,13.9590,-58.190,81.260,-21.710,473
67537.00,-0.3790,5.4140,32.7670,27.010,-51.380,-11.810,473
67547.00,-4.3540,-5.2780,14.6260,97.060,-327.680,64.460,473
67557.00,-3.6350,-6.8510,4.8220,-79.570,-327.680,5.170,473
67567.00,-0.2470,0.7410,14.6080,-59.290,-327.680,-78.330,474
67577.00,0.4790,-0.1500,9.3410,-93.470,-267.820,-80.460,474
67587.00,1.0140,-2.2800,11.0910,-61.810,-173.770,-78.170,474
67597.00,2.2240,0.7270,11.9550,-46.660,-107.050,-74.510,474
67607.00,-1.5930,-2.2540,0.1420,-51.920,6.360,-66.920,474
67617.00,2.2340,1.7710,16.0430,-58.140,151.170,-71.260,475
67627.00,0.4910,0.3580,9.9580,-66.900,171.020,-39.130,475
67637.00,-0.2030,0.2270,12.3080,-101.960,253.150,-26.040,475
67647.00,-0.2110,-2.0880,22.8400,-64.210,186.260,15.010,475
67657.00,-1.5850,-3.5230,14.6530,-49.610,119.990,19.700,475
67667.00,-1.7040,-4.0640,19.8400,-25.970,132.170,13.780,476
67677.00,-1.6580,-4.4970,19.2220,28.530,20.200,12.030,476
67687.00,-2.2660,-4.9230,14.3840,43.270,-25.410,5.890,476
67697.00,-1.8230,-4.3860,16.1870,43.230,-10.660,-3.900,476
67707.00,-1.3900,-4.3410,17.4280,50.210,-8.770,-4.480,476
67717.00,-1.5420,-3.3530,18.0000,51.510,-14.890,-4.530,477
67727.00,-2.3860,-2.2030,15.7670,50.690,-26.840,1.270,477
67737.00,-2.7300,-2.2510,14.5660,53.570,-22.770,11.020,477
67747.00,-2.2620,-2.5110,15.6530,60.960,-9.310,18.260,477
67757.00,-2.6290,-1.9540,17.9190,76.480,-11.360,21.400,477
67767.00,-2.7140,-0.8980,15.7380,79.300,-37.850,26.400,478
67777.00,-3.2810,-1.3110,13.7270,95.120,-53.460,36.710,478
67787.00,-3.1960,-2.6530,12.2570,106.670,-53.060,43.460,478
67797.00,-3.1150,-4.3260,11.7950,104.390,-44.340,42.750,478
67807.00,-3.4380,-4.4500,10.8430,95.660,-38.010,29.880,478
67817.00,-2.5220,-2.3280,10.8350,80.720,-28.840,15.550,479
67827.00,-2.4630,-0.9370,9.6270,71.320,-23.870,12.170,479
67837.00,-2.7020,0.3970,8.0680,75.200,-16.890,12.940,479
67847.00,-2.2180,1.0080,7.1660,52.000,3.160,22.040,479
67857.00,-1.0340,-0.2000,8.8790,37.160,13.710,26.840,479
67867.00,-0.5020,-0.9760,10.6640,27.220,10.560,26.100,480
67877.00,-0.0320,-2.3670,10.8330,19.360,-6.980,23.220,480
67887.00,0.1620,-3.4040,11.2210,15.670,-24.130,12.630,480
67897.00,-0.3030,-4.0610,9.4340,25.280,-45.270,-2.590,480
67907.00,0.0030,-4.1580,7.8930,41.870,-55.610,-19.880,480
67917.00,0.2390,-3.7840,7.4170,61.190,-55.680,-37.830,481
67927.00,-0.1630,-3.1010,6.4070,67.850,-56.160,-50.620,481
67937.00,-0.4190,-1.3510,4.6940,56.270,-50.590,-59.600,481
67947.00,0.7350,0.6980,5.0950,46.450,-35.240,-60.550,481
67957.00,1.4710,0.7690,5.6910,39.010,-28.450,-51.730,481
67967.00,1.5900,-0.3760,4.9370,11.800,-29.080,-42.430,482
67977.00,1.7070,-1.0580,6.0560,-27.420,-24.920,-38.270,482
67987.00,1.9750,-1.4990,7.2330,-55.770,-27.420,-34.800,482
67997.00,2.0380,-2.6030,7.7680,-63.680,-36.570,-33.120,482
68007.00,1.8990,-3.7070,7.5330,-59.430,-49.940,-37.760,482
68018.00,2.1170,-3.0260,6.5250,-52.850,-61.830,-48.790,483
68028.00,2.3950,-1.7750,6.1130,-38.190,-63.860,-54.140,483
68038.00,2.4040,-1.9360,4.9350,-13.970,-57.630,-52.850,483
68048.00,1.3330,-1.6180,4.4560,25.890,-35.580,-68.530,483
68058.00,1.3370,0.2100,3.8280,22.510,-24.390,-83.520,483
68068.00,0.8800,1.0500,2.4960,26.660,-10.870,-87.530,484
68078.00,0.6250,1.0740,2.4830,36.130,6.400,-85.710,484
68088.00,0.4940,1.0810,3.2440,39.120,16.350,-84.050,484
68098.00,0.1890,1.3600,2.5430,19.470,21.620,-80.790,484
68108.00,-0.1660,1.4270,3.7710,2.250,34.540,-73.670,484
68118.00,0.1770,2.8000,5.1440,-19.530,44.860,-63.560,485
68128.00,0.3300,3.7080,7.3490,-32.670,57.160,-45.650,485
68138.00,0.0190,3.7490,8.3100,-29.140,61.430,-23.200,485
68148.00,-0.5700,2.3850,9.5330,-27.270,66.910,-3.650,485
68158.00,-1.0760,0.7140,11.0030,-24.640,71.600,6.120,485
68168.00,-0.9580,-0.3000,12.5590,-27.410,72.250,4.820,486
68178.00,0.0210,0.8850,19.8810,-16.000,10.680,3.720,486
68188.00,-1.4220,-2.4070,14.4710,15.580,-100.120,9.650,486
68198.00,-2.4940,-2.4630,10.4660,-9.140,-100.680,-10.020,486
68208.00,-1.5360,-2.1040,10.1100,-5.080,-68.370,-25.950,486
68218.00,-1.2700,-0.9690,9.9640,-1.680,-36.980,-37.780,487
68228.00,-0.9830,3.3600,9.1460,7.550,42.830,-18.830,487
68238.00,-0.5590,1.2340,10.7540,16.790,123.100,26.260,487
68248.00,-0.4640,-0.0550,10.1010,-5.760,3.050,30.860,487
68258.00,-0.4520,-0.1800,10.1130,-1.510,0.990,33.020,487
68268.00,-0.1670,-0.2420,10.1220,0.480,-0.100,36.110,488
68278.00,-0.0570,-0.0380,10.1390,0.510,-0.120,40.610,488
68288.00,0.1990,0.0510,10.1220,0.620,-0.170,40.610,488
68298.00,-0.0660,-0.0460,10.1370,0.460,-0.240,30.950,488
68308.00,0.2280,0.1360,10.1310,0.230,-0.260,13.280,488
68318.00,0.2790,0.0700,10.1390,-0.190,-0.380,-5.210,489
68328.00,-0.0170,-0.0290,10.1220,-0.390,-0.380,-15.990,489
68338.00,-0.1410,-0.0680,10.1120,-0.090,-0.190,-18.390,489
68348.00,-0.2880,-0.1120,10.1250,-0.160,-0.240,-14.100,489
68358.00,-0.0270,-0.1680,10.1240,-0.040,-0.190,-7.360,489
68368.00,0.0320,-0.1780,10.1280,0.080,-0.230,-1.100,490
68378.00,0.1290,-0.1780,10.1220,0.250,-0.030,5.240,490
68388.00,0.3140,-0.1220,10.1270,0.460,-0.230,10.910,490
68398.00,0.0940,-0.1590,10.1240,0.530,-0.310,15.110,490
68408.00,0.1800,-0.1540,10.1160,0.600,-0.370,19.440,490
68418.00,0.1430,-0.1750,10.1280,0.580,-0.260,22.530,491
68428.00,0.0220,-0.1720,10.1210,0.600,-0.380,23.040,491
68438.00,0.1680,-0.1540,10.1330,0.640,-0.350,21.750,491
68448.00,0.2320,-0.0260,10.1250,0.670,-0.370,11.370,491
68458.00,-0.2650,0.0810,10.1320,0.670,-0.380,3.830,491
68468.00,-0.6720,0.0210,10.1300,0.530,-0.210,0.800,492
68478.00,0.1480,-0.1120,10.1270,0.500,-0.190,-0.280,492
68488.00,0.1470,-0.0960,10.1350,0.600,-0.230,-0.310,492
68498.00,0.1690,-0.1120,10.1310,0.640,-0.230,-0.150,492
68508.00,0.7100,-0.1950,10.1440,0.720,-0.280,6.070,492
68518.00,-0.2230,-0.0340,10.1260,0.740,-0.230,15.550,493
68528.00,0.1720,-0.1110,10.1400,0.710,-0.240,8.250,493
68538.00,0.0710,-0.0720,10.1270,0.780,-0.190,9.300,493
68548.00,0.2050,-0.1220,10.1340,0.480,-0.050,7.100,493
68558.00,0.2470,-0.1180,10.1300,0.670,-0.160,9.810,493
68568.00,0.1670,-0.1280,10.1140,0.850,-0.210,12.580,494
68578.00,-0.0780,-0.0160,10.1430,0.670,-0.140,11.650,494
68588.00,0.0440,-0.0640,10.1200,0.410,-0.090,4.950,494
68598.00,0.1440,-0.0950,10.1340,0.410,-0.070,0.500,494
68608.00,0.1840,-0.1230,10.1280,0.360,-0.090,0.270,494
68618.00,0.9700,-0.2500,10.1280,0.430,-0.030,5.860,495
68628.00,0.0220,-0.1120,10.1470,0.760,-0.160,22.240,495
68638.00,-0.2990,0.0210,10.1270,0.670,-0.170,18.910,495
68648.00,0.4240,-0.1840,10.1350,0.550,-0.090,10.340,495
68658.00,0.0900,-0.0570,10.1350,0.640,-0.100,21.080,495
68668.00,-0.0150,-0.0530,10.1300,0.690,-0.090,19.930,496
68678.00,-0.1430,0.0000,10.1250,0.550,-0.100,15.900,496
68688.00,-0.0490,-0.0370,10.1400,0.360,-0.100,8.520,496
68698.00,0.0900,-0.0740,10.1320,0.230,-0.070,2.580,496
68708.00,0.1300,-0.0940,10.1350,0.250,-0.090,0.080,496
68718.00,0.1390,-0.1020,10.1250,0.340,-0.050,-0.330,497
68728.00,0.1470,-0.0930,10.1350,0.370,-0.090,-0.380,497
68738.00,0.1470,-0.0890,10.1300,0.390,-0.050,-0.400,497
68748.00,0.1480,-0.0950,10.1350,0.360,-0.090,-0.350,497
68758.00,0.1430,-0.0980,10.1430,0.370,-0.090,-0.350,497
68768.00,0.1420,-0.1000,10.1300,0.410,-0.100,-0.360,498
68778.00,0.1500,-0.0890,10.1280,0.370,-0.100,-0.420,498
68788.00,0.1440,-0.1020,10.1380,0.370,-0.090,-0.380,498
68798.00,0.1540,-0.0960,10.1250,0.340,-0.070,-0.380,498
68808.00,0.1540,-0.1060,10.1300,0.390,-0.020,-0.400,498
68818.00,0.1490,-0.0920,10.1330,0.340,-0.050,-0.380,499
68828.00,0.1470,-0.0990,10.1350,0.360,-0.070,-0.380,499
68838.00,0.1480,-0.0950,10.1330,0.360,-0.070,-0.350,499
68848.00,0.1540,-0.1020,10.1260,0.360,-0.100,-0.350,499
68858.00,0.1470,-0.0960,10.1280,0.320,-0.070,-0.310,499
68868.00,0.1450,-0.0960,10.1370,0.340,-0.090,-0.380,500
68878.00,0.1490,-0.0980,10.1270,0.570,-0.090,-0.380,500
68888.00,0.1530,-0.0920,10.1270,0.500,-0.100,-0.380,500
68898.00,0.1390,-0.1010,10.1400,0.430,-0.090,-0.400,500
68908.00,0.1470,-0.0960,10.1330,0.230,-0.070,-0.400,500
68918.00,0.1450,-0.0880,10.1300,0.320,-0.070,-0.420,501
68928.00,0.0490,0.1440,10.1260,0.390,-0.090,-0.960,501
68938.00,0.1160,-0.0090,10.1450,0.480,-0.190,-14.280,501
68948.00,0.1320,-0.0550,10.1160,-0.350,0.010,-23.220,501
68958.00,0.1540,-0.0640,10.1610,-0.160,0.010,-26.040,501
68968.00,0.1200,-0.0500,10.1150,-1.050,0.290,-29.010,502
68978.00,0.1790,-0.1500,10.1340,-0.460,0.110,-31.340,502
68988.00,0.1890,-0.1910,10.1250,-0.420,0.060,-27.260,502
68998.00,0.1980,-0.1810,10.1410,-0.330,0.060,-20.700,502
69008.00,0.1750,-0.1890,10.1240,-2.170,1.020,-13.910,502
69019.00,0.1720,-0.1570,10.1270,-0.840,0.500,-7.960,503
69028.00,0.1570,-0.1220,10.1300,-0.040,0.110,-3.970,503
69039.00,0.1590,-0.1130,10.1260,0.180,0.030,-2.360,503
69049.00,0.1590,-0.1180,10.1100,0.250,-0.100,-1.330,503
69059.00,0.1550,-0.1020,10.1300,2.330,-1.050,-0.290,503
69069.00,0.1720,-0.1200,10.1270,2.230,-0.870,-0.350,504
69079.00,0.2230,-0.2750,10.1350,1.060,-0.370,4.320,504
69089.00,0.1660,-0.1070,10.1350,0.790,-0.260,13.220,504
69099.00,0.1560,-0.0930,10.1370,0.690,-0.190,15.110,504
69109.00,0.1480,-0.0830,10.1370,0.710,-0.090,15.180,504
69119.00,0.1260,-0.0410,10.1320,0.650,-0.120,13.980,505
69129.00,0.1330,-0.0190,10.1350,0.530,-0.140,10.280,505
69139.00,0.1390,-0.0290,10.1310,0.440,-0.120,5.350,505
69149.00,0.1420,-0.0690,10.1450,0.500,-0.140,1.110,505
69159.00,0.1550,-0.0900,10.1400,0.500,-0.120,-0.330,505
69169.00,0.1510,-0.0840,10.1350,0.500,-0.140,-0.400,506
69179.00,0.1410,-0.0980,10.1390,0.440,-0.090,-0.360,506
69189.00,0.1530,-0.0880,10.1270,0.460,-0.090,-0.360,506
69199.00,0.1690,-0.1450,10.1300,0.430,-0.070,-0.070,506
69209.00,0.1380,-0.1000,10.1300,0.480,-0.170,2.690,506
69219.00,0.1440,-0.0650,10.1460,0.460,-0.100,3.320,507
69229.00,0.1360,-0.0660,10.1260,0.320,-0.090,1.710,507
69239.00,0.1430,-0.0830,10.1410,0.180,-0.090,0.080,507
69249.00,0.1490,-0.0930,10.1370,0.200,-0.020,-0.350,507
69259.00,0.1540,-0.0930,10.1350,0.200,-0.020,-0.360,507
69269.00,0.1470,-0.0920,10.1330,0.180,-0.020,-0.380,508
69279.00,0.1380,-0.0860,10.1240,0.250,-0.050,-0.310,508
69289.00,0.1480,-0.0950,10.1430,0.320,-0.030,-0.330,508
69299.00,0.1450,-0.0890,10.1260,0.290,-0.050,-0.310,508
69309.00,0.1530,-0.0900,10.1510,0.390,-0.100,-0.380,508
69319.00,0.1470,-0.1000,10.1390,0.340,-0.050,-0.310,509
69329.00,0.1550,-0.0940,10.1370,0.390,-0.050,-0.350,509
69339.00,0.1430,-0.0980,10.1370,0.360,-0.050,-0.380,509
69349.00,0.1480,-0.0840,10.1300,0.340,-0.070,-0.400,509
69359.00,0.1570,-0.0900,10.1330,0.320,-0.090,-0.430,509
69369.00,0.1510,-0.0860,10.1310,0.300,-0.100,-0.400,510
69379.00,0.1410,-0.0920,10.1460,0.270,-0.100,-0.430,510
69389.00,0.1430,-0.0890,10.1260,0.270,-0.140,-0.400,510
69399.00,0.1450,-0.0880,10.1370,0.180,-0.170,-0.520,510
69409.00,-0.8820,0.6520,10.1240,0.180,-0.160,-2.460,510
69419.00,-1.7470,0.2810,11.0240,0.510,-1.190,-9.500,511
69429.00,0.2770,-1.3840,19.0280,57.040,-49.520,-27.000,511
69439.00,-0.5530,-1.0560,21.2130,83.310,-93.100,-53.770,511
69449.00,-2.6240,-0.2590,13.7030,13.950,-163.800,-70.840,511
69459.00,-1.2990,8.5040,5.6850,-5.810,-192.760,-89.440,511
69469.00,-1.1710,8.4620,6.5940,68.310,-163.890,-13.160,512
69479.00,-0.0660,22.8140,21.6380,166.360,-146.250,92.200,512
69489.00,0.8000,7.9890,15.2500,298.360,-265.840,285.790,512
69499.00,-1.2800,-4.8940,2.8460,268.120,-285.650,327.670,512
69509.00,-0.8450,-6.6770,-1.1600,189.650,-200.410,310.990,512
69519.00,-0.3580,-4.0490,1.5450,118.360,-101.030,247.690,513
69529.00,1.1040,-1.2330,4.8380,91.710,-45.690,211.390,513
69539.00,1.0790,-0.3370,4.8030,82.760,-26.550,195.910,513
69549.00,1.8830,-1.7530,3.3850,99.930,-14.870,189.150,513
69559.00,2.8360,-5.3100,4.2010,120.160,5.030,173.000,513
69569.00,2.7920,-5.8690,3.0180,94.800,11.800,126.870,514
69579.00,1.9520,-6.3960,1.4180,54.100,20.800,75.420,514
69589.00,2.5970,-5.8080,0.2600,26.080,38.460,20.990,514
69599.00,3.0810,-3.8570,-0.6650,7.570,63.710,-22.240,514
69609.00,3.0280,-3.5800,-1.4120,15.440,89.870,-36.550,514
69619.00,1.6660,-4.0460,-2.3010,3.790,114.770,-46.200,515
69629.00,0.6320,-3.2550,-2.3030,4.010,139.310,-67.620,515
69639.00,0.5070,-3.0950,-1.0760,-4.410,165.140,-88.250,515
69649.00,0.0460,-2.9030,0.8960,-46.060,187.800,-111.170,515
69659.00,-1.1800,-1.5090,7.5450,-136.010,224.410,-146.590,515
69669.00,-3.8160,0.2840,12.3870,-147.600,226.810,-146.510,516
69679.00,-2.7860,1.7880,1.6340,-142.050,213.190,-123.950,516
69689.00,-3.7890,-2.0350,4.7880,-105.050,327.670,-89.050,516
69699.00,-4.8900,-3.0950,21.2760,-72.100,327.670,-92.010,516
69709.00,-4.4380,-0.7680,21.1370,-81.380,326.170,-114.900,516
69719.00,-4.8140,2.3110,12.7580,-90.160,242.700,-121.130,517
69729.00,-5.5390,4.3780,9.3570,-77.390,238.450,-110.650,517
69739.00,-6.1900,6.5340,12.5500,-71.790,267.250,-97.260,517
69749.00,-5.6060,8.4430,15.5760,-65.380,264.890,-76.300,517
69759.00,-5.2290,8.9180,15.8680,-53.270,236.870,-46.000,517
69769.00,-3.6390,7.1830,16.5780,-49.190,207.420,-11.770,518
69779.00,-3.2690,4.2980,16.8690,-84.950,184.180,16.600,518
69789.00,-4.7000,0.6860,16.9670,-113.650,169.230,31.620,518
69799.00,-4.4210,-1.8620,20.0070,-134.350,162.640,35.710,518
69809.00,-5.5530,-7.4100,21.2510,-116.080,140.950,38.670,518
69819.00,-5.5470,-9.7870,21.6750,-90.130,100.370,16.430,519
69829.00,-4.8010,-7.1250,18.7380,-40.740,43.780,-15.730,519
69839.00,-9.2320,-8.1990,16.3800,-9.700,-1.420,-21.360,519
69849.00,-7.8250,-5.1260,13.9840,-15.580,-9.710,-37.520,519
69859.00,-6.6130,-1.3240,13.3890,-4.990,-21.790,-38.150,519
69869.00,-5.4690,-0.3810,11.2170,1.770,-40.040,-26.230,520
69879.00,-5.4360,-1.1720,7.5700,-1.100,-43.800,-9.360,520
69889.00,-5.4430,-1.1860,6.7810,-5.460,-20.330,-3.090,520
69899.00,-5.6560,-1.3490,7.7430,-12.670,8.920,-0.280,520
69909.00,-5.6230,-1.9600,10.0740,-18.740,30.550,-0.800,520
69919.00,-5.2780,-1.9080,12.4230,-22.420,35.940,-10.220,521
69929.00,-4.8780,-1.2400,13.3990,-20.550,24.400,-21.730,521
69939.00,-4.8150,-0.8690,13.1190,-15.420,7.110,-27.520,521
69949.00,-4.9050,-0.5650,12.5260,-2.710,-7.310,-28.660,521
69959.00,-5.1080,-0.6790,12.0000,15.480,-17.810,-25.930,521
69969.00,-5.3370,-0.8320,11.4790,31.450,-25.650,-24.180,522
69979.00,-5.5690,-0.3180,11.1170,38.930,-29.470,-24.760,522
69989.00,-5.7040,0.7890,11.8950,46.360,-28.440,-21.660,522
69999.00,-5.5560,2.3350,12.9170,50.840,-29.990,-12.020,522
70009.00,-4.6910,2.5910,13.7740,57.510,-35.190,9.360,522
70019.00,-5.3740,1.0860,13.0730,59.020,-43.490,32.720,523
70029.00,-5.3380,0.4670,12.9260,50.550,-43.430,42.410,523
70039.00,-5.2490,-0.3340,15.0830,38.800,-38.320,45.090,523
70049.00,-6.3880,-1.3620,16.1730,27.010,-47.790,44.060,523
70059.00,-5.8980,1.5010,17.5760,15.490,-61.910,42.400,523
70070.00,-6.1450,2.3920,17.0640,18.750,-98.190,62.170,524
70080.00,-5.8320,0.4650,16.5760,24.030,-114.330,89.090,524
70090.00,-6.1770,-2.4960,16.0660,18.520,-124.090,97.590,524
70100.00,-6.8880,-3.6000,15.5090,12.150,-129.690,84.120,524
70110.00,-6.1260,-2.9950,16.4700,19.450,-131.770,66.480,524
70120.00,-5.2580,-2.4840,19.1460,19.170,-134.470,51.830,525
70130.00,-5.3530,-0.2640,20.5630,40.900,-155.800,43.600,525
70140.00,-5.2670,1.8850,19.8190,80.030,-193.510,57.760,525
70150.00,-6.6240,1.7950,16.7970,113.390,-231.790,86.020,525
70160.00,-6.8700,2.6990,13.6330,140.150,-267.150,100.970,525
70170.00,-6.0100,3.0360,9.2480,141.420,-300.510,112.170,526
70180.00,-4.8440,1.9830,6.0000,138.410,-314.070,125.150,526
70190.00,-3.2540,0.9720,2.7070,117.480,-313.370,126.240,526
70200.00,-1.3130,0.1240,0.9450,94.190,-294.750,118.100,526
70210.00,-0.3550,-1.7130,0.8240,54.730,-261.120,107.500,526
70220.00,0.8290,-4.3590,1.7220,10.510,-228.480,87.280,527
70230.00,0.7520,-5.6190,4.2610,-50.540,-196.940,44.460,527
70240.00,0.1920,-3.2350,5.9410,-130.480,-173.860,-12.000,527
70250.00,0.1280,-3.2680,6.1060,-191.490,-163.470,-46.950,527
70260.00,1.9650,-1.3260,3.6630,-214.480,-160.280,-83.000,527
70270.00,2.5930,2.4860,3.1820,-267.420,-140.230,-178.670,528
70280.00,3.6410,2.4210,2.5960,-256.200,-136.730,-179.910,528
70290.00,4.1040,1.2070,1.3490,-239.370,-134.140,-169.730,528
70300.00,3.6010,4.3590,-1.2590,-190.300,-125.370,-170.060,528
70310.00,3.0640,6.2210,-3.6820,-127.000,-101.360,-144.280,528
70320.00,3.7980,3.3120,-4.9300,-51.030,-66.200,-87.150,529
70330.00,3.9670,-0.8430,-4.2890,2.630,-21.750,-41.510,529
70340.00,4.1250,-2.0320,-0.5860,4.990,23.860,-32.880,529
70350.00,3.5040,0.2080,1.3750,8.720,46.490,-36.220,529
70360.00,2.9760,1.0160,3.2390,45.120,57.510,-21.000,529
70370.00,2.2930,-1.4340,4.8270,76.270,70.480,1.030,530
70380.00,1.5200,-4.3130,7.5930,81.280,80.190,3.040,530
70390.00,1.2270,-3.9600,10.2580,49.110,77.100,-24.010,530
70400.00,1.7100,-0.2990,11.7220,10.580,58.390,-54.740,530
70410.00,2.4370,3.6410,11.2950,-18.880,37.000,-61.680,530
70420.00,3.9680,3.0720,10.8340,-0.680,23.760,-36.830,531
70430.00,3.3240,0.8140,9.0560,26.680,17.040,-13.210,531
70440.00,1.8850,-0.6410,7.8490,49.250,19.680,-4.840,531
70450.00,2.5480,-2.9800,9.9610,31.700,32.000,-5.810,531
70460.00,2.6890,-2.2880,12.3450,2.650,29.650,-25.370,531
70470.00,2.7260,1.4870,12.6780,-26.060,17.580,-34.210,532
70480.00,2.7120,-0.2220,11.7890,-25.270,7.670,-18.600,532
70490.00,2.4490,-0.3120,11.3640,-24.010,5.280,-17.480,532
70500.00,2.8610,0.2630,11.6270,-19.200,5.990,-18.210,532
70510.00,3.8930,-0.0700,12.2440,-23.500,6.570,-14.770,532
70520.00,2.2280,-0.0320,12.6100,-31.690,1.990,-14.120,533
70530.00,2.5710,-1.0510,9.9300,-12.410,-17.480,-8.830,533
70540.00,3.3850,-0.4490,9.3670,-1.230,-15.610,-9.760,533
70550.00,3.3390,0.0700,9.8050,-8.350,-6.950,-7.770,533
70560.00,3.3700,-0.2140,9.9430,-11.080,-4.920,-1.290,533
70570.00,3.2240,-0.6160,9.6950,-12.570,-4.570,1.990,534
70580.00,3.0740,-0.6950,10.1580,-16.920,-0.790,1.030,534
70590.00,3.0500,-0.5430,10.9000,-20.620,0.920,-0.640,534
70600.00,3.1510,-1.1700,10.8230,-20.950,-4.110,0.920,534
70610.00,2.9910,-1.4140,10.1940,-22.730,-9.780,-0.920,534
70620.00,3.0780,-0.9750,9.6770,-19.500,-12.790,-4.630,535
70630.00,3.1410,-0.7470,9.6740,-17.500,-12.950,-4.860,535
70640.00,3.1360,-0.7380,9.6580,-11.520,-14.330,-2.920,535
70650.00,3.2940,-1.2760,9.3360,-3.340,-17.340,0.120,535
70660.00,3.2600,-2.3100,8.7370,-6.440,-18.780,0.380,535
70670.00,3.2130,-0.7640,9.9850,-14.610,-13.680,-18.740,536
70680.00,3.1780,-0.3760,9.8710,-11.410,-18.130,-17.110,536
70690.00,3.2380,-0.5430,9.0170,-4.710,-22.490,-12.560,536
70700.00,3.3140,-0.4850,8.5590,2.140,-20.680,-10.780,536
70710.00,3.6220,0.0250,8.3950,8.090,-16.710,-10.220,536
70720.00,3.7170,0.0800,8.5510,13.590,-12.480,-6.560,537
70730.00,3.8230,-0.0460,8.2460,17.730,-11.430,-2.620,537
70740.00,4.0010,0.1660,7.8520,18.730,-9.520,-0.350,537
70750.00,4.0190,-0.3330,7.3610,16.260,-5.440,4.040,537
70760.00,3.9630,-0.7530,7.4410,13.100,1.480,5.100,537
70770.00,4.4330,-0.7520,8.0660,6.780,9.600,1.340,538
70780.00,3.2010,0.1970,9.2200,3.020,13.380,-3.460,538
70790.00,3.2680,-0.6590,8.1970,5.340,6.610,1.600,538
70800.00,3.7040,-1.0670,8.8420,8.490,10.580,0.450,538
70810.00,3.9930,-0.7350,9.0120,10.170,10.630,-5.090,538
70820.00,3.3510,-0.3630,8.6710,9.670,7.870,-6.910,539
70830.00,3.4450,-1.2560,7.0680,17.090,3.040,-3.650,539
70840.00,4.0590,-0.8720,6.7070,20.690,10.420,-7.840,539
70850.00,4.1320,-0.4770,7.5270,19.500,21.380,-9.690,539
70860.00,3.1160,-2.1550,6.1190,14.720,20.570,-4.000,539
70870.00,2.8950,-2.6170,4.5720,24.750,51.410,-25.020,540
70880.00,3.0500,-0.7260,6.6370,36.950,77.030,-37.550,540
70890.00,3.6160,0.2450,9.1740,39.560,90.680,-39.510,540
70900.00,2.7940,1.3710,10.3220,23.720,88.350,-37.570,540
70910.00,2.4310,-0.1750,8.5440,19.540,73.050,-26.740,540
70920.00,2.1160,-0.9170,7.0440,19.220,71.570,-26.960,541
70930.00,1.8970,-0.2300,6.9090,17.860,83.400,-35.030,541
70940.00,1.7130,0.3010,7.1340,21.440,95.090,-37.730,541
70950.00,1.8400,0.5570,8.5540,19.470,106.300,-38.180,541
70960.00,1.6650,0.7840,9.2250,9.890,108.820,-37.710,541
70970.00,1.2230,1.2200,10.0590,-3.010,111.120,-38.830,542
70980.00,0.9490,2.4330,12.2650,-9.170,118.310,-41.700,542
70990.00,0.9730,2.7270,14.3730,-11.270,115.490,-33.400,542
71000.00,0.7220,1.2200,14.4100,-8.170,96.890,-16.940,542
71010.00,0.5100,-1.2470,13.7920,-16.140,79.070,-9.660,542
71020.00,0.5160,-1.9200,12.2680,-26.340,61.640,-18.650,543
71030.00,0.6920,-1.0010,10.1150,-31.850,51.550,-31.010,543
71040.00,1.1980,0.3210,9.4260,-27.280,56.180,-37.390,543
71050.00,1.2380,1.9720,10.9140,-27.790,64.990,-36.500,543
71060.00,1.0550,2.4550,11.7490,-24.200,61.920,-27.190,543
71070.00,0.5710,0.7620,12.0210,-6.840,49.990,-10.620,544
71080.00,0.4760,0.2640,11.1610,-6.110,43.130,-8.240,544
71091.00,0.1510,-0.1990,10.5460,-11.060,42.480,-7.220,544
71101.00,0.1620,-0.2270,10.5230,-12.710,45.390,-8.400,544
71111.00,-0.4710,-0.3810,6.2630,-2.280,9.270,-22.360,544
71121.00,0.0350,-1.0690,11.1870,17.000,-53.270,-13.700,545
71131.00,0.2090,-0.7270,9.6680,4.280,-111.400,-10.580,545
71141.00,0.8120,-0.1630,9.6470,0.320,-128.240,-15.130,545
71151.00,1.1090,0.0620,9.7870,-0.610,-109.060,-16.130,545
71161.00,-0.6010,0.9730,11.7650,-19.620,-96.690,-12.770,545
71171.00,1.7400,-0.2620,9.4250,-51.940,-98.660,3.930,546
71181.00,2.7540,-1.5300,9.8360,-40.600,-80.480,3.210,546
71191.00,1.0140,0.4700,8.6330,-12.270,-58.220,-13.580,546
71201.00,1.6210,-0.0570,9.6220,4.990,-37.400,-13.540,546
71211.00,1.9830,-0.2120,9.7670,4.330,-28.770,-12.950,546
71221.00,2.0450,-0.0400,9.8820,1.160,-22.730,-13.520,547
71231.00,2.0230,-0.0760,9.9320,-2.850,-20.420,-8.380,547
71241.00,2.1040,-0.1630,9.9460,-5.250,-21.490,-3.570,547
71251.00,2.1230,-0.2000,9.8700,-6.790,-22.540,-1.610,547
71261.00,2.1550,-0.2640,9.7690,-7.110,-21.510,-1.060,547
71271.00,2.1650,-0.1930,9.6920,-4.130,-10.180,-2.950,548
71281.00,2.1150,-0.1830,9.7420,-2.290,-4.130,-1.340,548
71291.00,2.1600,-0.2320,9.7500,0.740,-0.440,0.820,548
71301.00,2.1570,-0.2400,9.7620,6.080,2.630,2.160,548
71311.00,1.8290,-0.1380,9.3890,12.030,5.710,3.390,548
71321.00,1.8420,-0.4100,9.4180,19.900,12.050,6.490,549
71331.00,2.0540,-1.8500,9.3460,7.180,17.950,7.590,549
71341.00,3.3460,0.4860,12.3230,61.190,23.440,-3.010,549
71351.00,1.7950,0.4780,8.6460,46.710,12.420,4.860,549
71361.00,1.6800,-1.3000,10.1640,2.890,1.900,11.070,549
71371.00,2.1170,-0.6620,9.8830,0.740,-2.260,1.340,550
71381.00,2.2130,0.0770,9.9210,-0.600,-3.290,-4.840,550
71391.00,2.1990,0.4240,9.9130,-0.460,-4.320,-3.850,550
71401.00,2.3480,0.8630,9.9010,1.690,-5.880,1.800,550
71411.00,1.9050,0.4410,9.8110,5.470,-6.370,11.880,550
71421.00,1.5920,-1.0210,10.0860,12.940,1.990,17.720,551
71431.00,0.4790,-0.9290,10.1530,48.220,11.420,9.790,551
71441.00,1.0340,-0.2530,9.9320,72.230,21.920,1.110,551
71451.00,2.0930,1.0490,9.5370,72.670,34.640,-2.920,551
71461.00,2.4000,1.6040,9.5120,76.690,54.700,-0.010,551
71471.00,-0.5980,1.0100,9.6920,97.740,106.580,8.640,552
71481.00,-0.9420,2.7300,12.5850,135.300,144.560,4.180,552
71491.00,-0.1810,6.3980,20.1830,106.090,157.880,4.070,552
71501.00,1.5080,8.2090,24.4350,85.200,104.400,31.950,552
71511.00,-0.2360,7.3080,25.0690,102.210,11.610,78.600,552
71521.00,-0.4460,7.5750,22.8530,118.550,-79.920,112.480,553
71531.00,-0.5270,9.9070,21.8270,139.550,-147.210,141.220,553
71541.00,1.4760,12.9330,22.1940,146.030,-205.410,182.010,553
71551.00,4.9480,13.4830,22.5170,145.080,-269.920,241.460,553
71561.00,-0.1850,5.1490,18.1280,162.700,-327.680,316.780,553
71571.00,-4.7010,-2.7090,8.9670,96.680,-327.680,324.010,554
71581.00,-4.5670,-5.7940,2.3220,70.300,-327.680,265.350,554
71591.00,-5.5230,-5.4750,-4.2410,33.080,-327.680,192.200,554
71601.00,-2.1840,-5.8000,-9.4600,24.520,-327.680,133.470,554
71611.00,-0.3170,-4.5710,-11.9920,44.440,-300.260,80.690,554
71621.00,-1.8060,0.5580,-12.7700,59.910,-191.080,39.180,555
71631.00,-0.9530,4.3920,-11.0230,125.180,-97.260,55.980,555
71641.00,0.8500,0.5750,-7.4950,196.110,-22.450,121.390,555
71651.00,-0.6160,-6.3610,-8.5930,184.680,24.300,159.660,555
71661.00,-3.1050,-11.0270,-12.4820,189.360,59.910,148.290,555
71671.00,-9.4370,-16.4020,-16.4440,194.920,116.120,104.960,556
71681.00,-12.3190,-17.0340,-20.9880,146.180,274.880,-46.280,556
71691.00,-17.0840,-16.1220,-22.0040,168.950,327.670,-151.460,556
71701.00,-22.0590,-11.5570,-14.9010,138.430,327.670,-264.680,556
71711.00,-26.6540,-7.6590,-3.9130,102.120,327.670,-327.680,556
71721.00,-28.8470,-1.4530,7.8440,114.510,327.670,-327.680,557
71731.00,-29.0530,3.1630,17.1050,111.800,327.670,-327.680,557
71741.00,-28.5750,8.7720,20.4780,53.660,327.670,-327.680,557
71751.00,-27.1050,14.8310,21.3810,-44.140,327.670,-327.680,557
71761.00,-24.8170,20.0650,27.9740,-142.470,327.670,-327.680,557
71771.00,-24.1660,23.1440,32.7670,-187.860,327.670,-327.680,558
71781.00,-19.7530,26.4050,32.7670,-216.830,327.670,-327.680,558
71791.00,-15.7920,29.0390,32.7670,-218.330,327.670,-263.410,558
71801.00,-15.2820,30.1850,32.7670,-165.530,261.140,-163.320,558
71811.00,-18.4340,28.7650,32.7670,-96.780,-108.990,-46.130,558
71821.00,-22.8580,24.0380,32.7670,-45.190,-327.680,74.260,559
71831.00,-25.2390,17.1390,32.7670,-13.690,-327.680,171.620,559
71841.00,-29.2520,9.6050,30.7720,-8.280,-327.680,224.330,559
71851.00,-26.0420,7.4580,18.9630,-33.790,-327.680,218.870,559
71861.00,-22.8930,8.7750,16.3650,-65.890,-327.680,197.170,559
71871.00,-22.8370,2.0760,19.4210,-58.470,-327.680,205.930,560
71881.00,-24.4060,2.5230,16.2730,-28.140,-327.680,169.380,560
71891.00,-25.7120,0.8450,13.6240,59.450,-327.680,188.710,560
71901.00,-25.9890,-2.6750,11.1720,129.860,-327.680,228.470,560
71911.00,-26.0150,-6.4490,6.1830,188.810,-327.680,257.350,560
71921.00,-25.3990,-10.6630,-1.1460,168.410,-327.680,253.620,561
71931.00,-21.1010,-9.3810,-14.9300,79.790,-327.680,180.380,561
71941.00,-21.3180,-7.4010,-28.9510,-42.580,-327.680,91.640,561
71951.00,-21.1890,-6.0440,-32.7680,-219.840,-327.680,12.210,561
71961.00,-16.9730,-0.0160,-32.7680,-307.810,-327.680,-75.190,561
71971.00,-13.2580,6.2180,-32.7680,-323.680,-231.330,-111.730,562
71981.00,-13.0460,8.3000,-32.7680,-239.940,89.990,-62.170,562
71991.00,-19.6340,4.7910,-32.7680,-154.540,327.670,33.730,562
72001.00,-20.5670,0.6310,-27.0380,38.700,327.670,112.340,562
72011.00,-22.3840,-6.3270,-23.4410,210.060,327.670,179.700,562
72021.00,-23.3410,-14.7250,-20.0320,288.370,327.670,197.480,563
72031.00,-24.0690,-17.8700,-12.9900,281.320,327.670,128.600,563
72041.00,-28.0600,-14.5770,-3.8710,218.490,327.670,9.850,563
72051.00,-31.4400,-8.9910,3.6050,171.940,327.670,-100.080,563
72061.00,-32.7680,-2.5280,8.4340,118.010,327.670,-183.620,563
72071.00,-32.7680,2.3590,15.7560,38.840,327.670,-226.460,564
72081.00,-32.7680,7.8920,20.8660,-27.860,327.670,-242.000,564
72091.00,-32.7680,9.5400,27.3780,-68.020,327.670,-235.550,564
72101.00,-32.7680,11.9980,32.7670,-75.460,327.670,-227.300,564
72111.00,-32.7680,14.5900,32.7670,-36.800,327.670,-200.810,564
72122.00,-32.7680,16.8040,32.7670,22.200,327.670,-153.980,565
72132.00,-32.7680,17.7930,32.7670,63.360,327.670,-90.380,565
72142.00,-32.7680,17.3450,32.7670,57.070,327.670,-15.920,565
72152.00,-32.7680,14.0690,32.7670,47.340,-54.350,56.620,565
72162.00,-32.7680,8.9950,32.7670,24.910,-327.680,89.680,565
72172.00,-32.7680,7.6400,32.7670,-56.740,-327.680,67.840,566
72182.00,-32.7680,7.2100,13.9260,-76.090,-327.680,50.970,566
72192.00,-32.7680,6.3570,3.9010,-69.070,-327.680,56.570,566
72202.00,-32.7680,6.8630,-4.4240,-83.110,-327.680,41.780,566
72212.00,-32.7680,7.1890,-7.5480,-34.970,-327.680,38.110,566
72222.00,-32.7680,7.7160,-8.5740,-9.170,-327.680,61.610,567
72232.00,-29.2290,8.8240,-10.4590,51.050,-327.680,114.860,567
72242.00,-21.9250,8.4430,-12.1500,186.640,-327.680,217.900,567
72252.00,-19.5430,3.6040,-14.8800,296.280,-327.680,327.670,567
72262.00,-17.7520,-2.9440,-15.4950,327.670,-327.680,327.670,567
72272.00,-18.9050,-12.0830,-18.0750,327.670,-327.680,327.670,568
72282.00,-16.8190,-29.9820,-32.7680,327.670,-327.680,327.670,568
72292.00,-12.0080,-32.7680,-32.7680,327.670,-327.680,327.670,568
72302.00,-16.3820,-32.7680,-32.7680,274.600,-148.450,168.130,568
72312.00,-21.2080,-32.7680,-32.7680,272.250,134.780,-66.160,568
72322.00,-29.7960,-31.8440,-32.7680,209.200,327.670,-306.210,569
72332.00,-32.7680,-21.3750,-24.2170,124.540,327.670,-327.680,569
72342.00,-32.7680,-10.4600,-10.9130,11.700,327.670,-327.680,569
72352.00,-32.7680,-0.6290,1.9310,-50.510,327.670,-327.680,569
72362.00,-32.7680,7.4320,11.6800,-91.840,327.670,-327.680,569
72372.00,-32.7680,13.5960,19.6720,-110.360,327.670,-327.680,570
72382.00,-32.7680,18.1610,27.0650,-120.890,327.670,-327.680,570
72392.00,-32.7680,22.6830,32.7670,-164.990,327.670,-327.680,570
72402.00,-32.7680,29.7430,32.7670,-252.630,327.670,-327.680,570
72412.00,-32.7680,32.7670,32.7670,-295.980,327.670,-327.680,570
72422.00,-32.7680,32.7670,32.7670,-218.450,327.670,-327.680,571
72432.00,-32.7680,32.7670,32.7670,-111.560,327.670,-109.630,571
72442.00,-32.7680,32.3460,32.7670,-18.390,185.980,137.180,571
72452.00,-32.7680,22.8840,32.7670,20.480,-327.680,327.670,571
72462.00,-32.7680,12.8050,32.7670,0.950,-327.680,327.670,571
72472.00,-32.7680,4.2640,20.6040,-11.360,-327.680,327.670,572
72482.00,-32.7680,-4.2200,-9.0230,-50.020,-327.680,327.670,572
72492.00,-32.7680,-3.8400,-16.5660,-75.410,-327.680,309.740,572
72502.00,-32.7680,-3.3590,-22.0090,-56.700,-327.680,239.660,572
72512.00,-23.5460,-2.8130,-22.5240,-0.110,-327.680,208.090,572
72522.00,-17.6680,-3.1360,-22.6640,24.680,-327.680,206.630,573
72532.00,-12.9180,-5.0590,-21.1160,83.500,-327.680,226.930,573
72542.00,-8.6350,-7.7560,-16.5510,163.670,-327.680,253.940,573
72552.00,-7.2690,-11.1960,-12.8730,191.000,-282.410,286.350,573
72562.00,-6.4890,-17.1930,-11.3400,237.670,-253.220,320.350,573
72572.00,-5.2890,-23.0010,-12.8090,281.320,-268.850,321.940,574
72582.00,-3.3080,-28.3980,-18.6790,263.400,-291.460,287.850,574
72592.00,-4.2100,-32.0410,-24.8410,257.220,-264.770,207.510,574
72602.00,-7.5860,-32.7680,-28.9390,293.570,-189.280,81.160,574
72612.00,-12.5700,-31.8770,-31.7670,288.810,-70.300,-71.120,574
72622.00,-20.7640,-27.4340,-32.7680,277.310,75.640,-244.240,575
72632.00,-20.2250,-21.0250,-32.7680,208.570,243.490,-327.680,575
72642.00,-27.0850,-14.6510,-27.4670,-1.510,327.670,-327.680,575
72652.00,-32.7680,-7.1670,-14.4260,-160.300,327.670,-327.680,575
72662.00,-32.7680,-0.8080,-1.3190,-189.000,327.670,-327.680,575
72672.00,-32.7680,4.9920,11.1780,-165.450,327.670,-327.680,576
72682.00,-32.7680,19.1290,27.9910,-186.550,327.670,-327.680,576
72692.00,-32.7680,26.5020,32.3540,-207.220,327.670,-327.680,576
72702.00,-32.7680,32.0820,32.7670,-178.270,327.670,-327.680,576
72712.00,-32.7680,32.7670,32.7670,-124.860,327.670,-327.680,576
72722.00,-29.4600,32.3840,32.7670,-55.550,327.670,-327.680,577
72732.00,-26.7700,27.3670,32.7670,11.280,327.670,-192.390,577
72742.00,-24.1860,21.9390,32.7670,71.140,172.520,-16.830,577
72752.00,-21.7560,17.3160,30.9080,106.180,22.110,111.960,577
72762.00,-19.6150,12.6110,25.4720,135.650,-104.300,209.380,577
72772.00,-16.9160,7.8290,20.0670,148.620,-202.740,276.620,578
72782.00,-15.2670,3.3200,14.7520,149.110,-281.700,313.580,578
72792.00,-14.7480,-0.7210,9.6350,139.060,-327.680,321.750,578
72802.00,-13.4220,-3.8440,5.0200,111.590,-327.680,301.240,578
72812.00,-12.6170,-6.1920,0.9780,69.620,-327.680,254.130,578
72822.00,-10.8930,-6.8190,-2.7800,8.070,-327.680,184.060,579
72832.00,-8.6120,-5.6420,-6.0880,-51.080,-316.430,109.260,579
72842.00,-7.8660,-3.5150,-7.4040,-73.550,-230.580,49.060,579
72852.00,-6.6110,-2.5990,-8.4610,-34.690,-128.520,16.060,579
72862.00,-8.4380,-1.7180,-5.0590,4.220,-4.230,-2.340,579
72872.00,-8.8070,-1.7410,0.5070,29.160,88.750,-16.200,580
72882.00,-12.0840,-1.9620,11.6240,35.830,167.900,-57.960,580
72892.00,-12.2810,-1.1090,16.6220,32.050,150.320,-89.810,580
72902.00,-13.0070,0.3560,19.5980,15.510,95.330,-126.000,580
72912.00,-13.6120,2.1120,20.9200,-7.110,16.060,-160.660,580
72922.00,-14.2480,4.3470,20.5480,-39.320,-74.020,-192.480,581
72932.00,-14.7850,6.6480,19.3890,-79.540,-156.400,-215.180,581
72942.00,-15.1410,8.7790,18.6260,-110.300,-216.250,-225.680,581
72952.00,-15.3340,10.4380,18.4040,-112.050,-264.880,-218.200,581
72962.00,-14.7150,11.1050,17.0150,-83.910,-327.680,-189.800,581
72972.00,-14.2250,10.2720,13.2080,-46.640,-327.680,-150.500,582
72982.00,-13.5610,9.0920,8.6890,-14.120,-327.680,-116.490,582
72992.00,-11.9860,8.5850,3.9870,15.060,-327.680,-87.760,582
73002.00,-9.8060,7.8950,-0.3450,38.330,-327.680,-55.870,582
73012.00,-7.7140,7.2250,-4.6200,58.580,-327.680,-21.660,582
73022.00,-4.6980,5.9740,-8.1580,67.910,-327.680,19.170,583
73032.00,-3.4890,5.1380,-10.3950,74.630,-327.680,52.460,583
73042.00,-0.3450,4.6990,-12.3640,79.350,-327.680,81.530,583
73052.00,2.0910,3.6110,-15.2880,148.510,-304.180,105.540,583
73062.00,4.1310,2.5050,-16.9130,197.900,-185.590,119.080,583
73072.00,4.9430,0.7590,-14.8050,186.310,-37.920,119.430,584
73082.00,2.1330,1.0810,-10.0970,148.090,96.210,79.690,584
73092.00,-2.0620,1.8960,-5.5130,134.320,327.670,68.790,584
73102.00,-6.1430,3.3030,0.8060,117.310,327.670,65.830,584
73112.00,-10.0370,4.0920,7.2470,105.110,327.670,73.340,584
73122.00,-12.2020,5.2970,13.6830,81.330,327.670,82.420,585
73132.00,-14.5480,5.7280,17.7040,71.760,327.670,98.540,585
73143.00,-14.4150,6.4490,19.6090,56.360,327.670,113.250,585
73153.00,-10.0800,8.0030,19.6660,22.390,327.670,123.670,585
73163.00,-8.3670,8.2140,16.1320,5.200,306.890,146.730,585
73173.00,-8.4750,5.8930,19.1000,61.920,254.740,173.650,586
73183.00,-6.8760,4.2170,17.6480,99.650,171.560,178.390,586
73193.00,-6.7230,3.2560,14.9930,75.550,103.840,164.620,586
73203.00,-5.7640,3.0480,11.4540,44.960,53.070,146.640,586
73213.00,-6.3130,1.8610,7.2470,31.520,14.430,131.120,586
73223.00,-6.0380,1.3590,5.2550,12.100,14.390,105.030,587
73233.00,-5.9530,1.9680,5.9560,-2.420,31.980,69.210,587
73243.00,-6.3070,3.7230,8.4610,-15.890,44.390,33.050,587
73253.00,-6.3540,6.0310,9.9520,-33.110,40.100,6.850,587
73263.00,-7.5340,6.2300,9.9260,-39.310,9.600,-0.120,587
73273.00,-7.0760,6.0290,6.0280,-38.360,-34.600,0.850,588
73283.00,-1.3870,1.9690,7.4260,-3.710,-50.150,13.730,588
73293.00,-0.2560,2.5970,11.7470,-57.700,-54.460,-29.920,588
73303.00,-9.4130,6.4210,5.2290,-111.250,-145.320,-66.720,588
73313.00,-17.0650,4.1020,-1.7830,-34.600,-129.200,-0.770,588
73323.00,4.3990,4.1670,12.7380,2.630,2.950,33.400,589
73333.00,-1.2550,1.3930,7.2900,-15.450,-82.620,17.020,589
73343.00,-6.0350,3.3640,2.1540,-58.630,-90.770,-29.380,589
73353.00,-4.9620,1.7520,2.9620,-5.250,-50.800,-19.350,589
73363.00,-2.0780,-0.4450,7.3170,20.970,-38.920,-32.180,589
73373.00,-4.8150,0.6320,3.4450,-44.940,-72.170,-87.270,590
73383.00,-4.3580,1.8840,2.3240,-71.580,-63.420,-122.370,590
73393.00,-0.3360,0.5890,6.0030,-66.730,-43.010,-138.050,590
73403.00,1.7180,6.7860,0.6730,-195.860,-82.300,-224.920,590
73413.00,-1.4460,12.3510,-8.8040,-284.450,-101.040,-274.520,590
73423.00,-5.9470,15.9180,-11.4300,-318.820,5.310,-242.830,591
73433.00,-9.5640,14.2440,-11.2800,-327.680,181.430,-141.500,591
73443.00,-13.0120,1.3490,-0.8020,-247.050,327.670,2.710,591
73453.00,-15.3410,-4.3040,12.0440,-177.840,327.670,37.430,591
73463.00,-15.6550,-7.1730,18.0620,-221.850,327.670,18.540,591
73473.00,-16.1180,-6.1850,24.7380,-220.310,327.670,-30.830,592
73483.00,-15.0500,-2.9490,32.7670,-160.770,327.670,-72.590,592
73493.00,-13.8960,1.2130,30.7040,-72.430,-31.240,-64.030,592
73503.00,-13.6300,-3.4210,14.2860,-73.800,-211.820,-46.110,592
73513.00,-12.4860,-6.3320,3.1680,-66.240,-257.230,-68.440,592
73523.00,-10.0220,-4.9980,1.9350,-46.590,-206.040,-125.380,593
73533.00,-9.0300,-0.2730,4.4250,-49.040,-152.840,-176.900,593
73543.00,-7.5240,5.9370,4.8750,-70.700,-128.010,-189.540,593
73553.00,-7.0450,8.8580,5.2120,-60.940,-107.550,-149.080,593
73563.00,-7.3540,7.4530,8.2880,-15.590,-84.750,-74.760,593
73573.00,-8.6730,1.8530,12.6560,32.890,-80.880,1.740,594
73583.00,-6.7890,-2.9560,14.2740,57.690,-115.850,35.750,594
73593.00,-7.5250,-2.1360,12.1140,43.140,-166.690,20.450,594
73603.00,-6.9830,-2.3070,11.0970,35.300,-196.820,9.440,594
73613.00,-7.1590,-2.8710,10.9470,33.430,-219.870,2.230,594
73623.00,-7.0970,-2.7460,9.0980,33.100,-241.430,-6.770,595
73633.00,-6.5010,-3.2210,8.9410,44.840,-249.080,-11.790,595
73643.00,-6.4610,-2.1900,7.6130,52.800,-258.320,-23.320,595
73653.00,-4.6970,-1.7470,8.6100,49.110,-261.960,-34.980,595
73663.00,-4.9690,-1.2170,7.3170,29.230,-267.360,-52.650,595
73673.00,-1.0550,-1.4270,6.1790,25.590,-249.640,-71.660,596
73683.00,1.7920,-7.3320,3.4580,17.440,-215.130,-86.530,596
73693.00,-6.7140,2.8430,13.8590,57.510,-60.250,-206.670,596
73703.00,-6.4150,10.0770,18.0780,59.070,-82.580,-187.880,596
73713.00,-5.7290,12.3130,15.9750,17.350,-132.610,-106.410,596
73723.00,-4.0960,5.9440,10.1690,-29.100,-154.100,-3.950,597
73733.00,-4.6480,-2.3620,13.9170,-29.720,-129.480,50.600,597
73743.00,-3.7360,-2.6690,15.4180,-39.150,-147.090,30.060,597
73753.00,-3.1010,-0.2030,11.6290,-82.110,-184.550,4.540,597
73763.00,-2.0190,1.4870,6.8390,-103.640,-196.630,-0.700,597
73773.00,-0.8620,0.7570,4.1460,-98.910,-176.610,3.810,598
73783.00,-0.0880,0.2290,4.1630,-97.110,-145.410,0.540,598
73793.00,-0.0440,-0.9120,2.1540,-115.750,-127.750,-6.820,598
73803.00,0.5140,-1.1090,-0.2870,-118.950,-107.690,-16.990,598
73813.00,0.8150,-1.3420,-1.5300,-113.240,-73.660,-21.280,598
73823.00,0.6140,-2.2580,-2.1330,-97.910,-38.730,-22.830,599
73833.00,1.1480,-1.5900,-2.7680,-83.690,-6.910,-33.530,599
73843.00,1.3000,0.1690,-2.7210,-69.700,24.300,-46.350,599
73853.00,0.8900,1.3620,-2.5920,-60.200,51.320,-42.960,599
73863.00,1.0380,0.4070,-2.6730,-67.800,71.790,-22.990,599
73873.00,0.7070,-0.9550,-2.3250,-73.750,91.100,-9.460,600
73883.00,0.2080,-1.3110,-2.1900,-74.060,107.320,-8.270,600
73893.00,-0.4800,-1.1220,0.3550,-62.270,133.270,-9.870,600
73903.00,-1.3330,0.7520,0.1900,-67.060,134.480,-9.240,600
73913.00,-1.1280,2.9160,-0.0700,-81.640,141.460,-0.070,600
73923.00,-1.1030,2.1460,3.9500,-90.830,169.220,27.960,601
73933.00,-1.6680,-0.5390,10.3770,-105.490,189.130,57.990,601
73943.00,-2.0190,-3.9570,14.9120,-120.840,169.020,73.270,601
73953.00,-2.5050,-6.7780,14.9610,-140.860,116.790,69.940,601
73963.00,-4.1650,-8.5570,12.1950,-157.400,66.160,53.190,601
73973.00,-4.5220,-6.2410,9.6720,-172.180,39.700,25.560,602
73983.00,-4.8800,-3.2850,11.4750,-165.150,43.780,15.080,602
73993.00,-4.6430,-2.2320,14.5660,-166.390,44.020,28.970,602
74003.00,-4.4360,-5.0450,15.9870,-182.960,21.110,56.380,602
74014.00,-4.9730,-10.1820,11.6300,-180.900,-13.740,64.010,602
74023.00,-4.1680,-9.8030,8.1300,-112.070,-17.340,23.090,603
74033.00,-3.6350,-5.9070,9.9520,-53.850,8.830,-12.680,603
74043.00,-3.7710,-5.7090,11.5270,-4.940,5.400,-11.230,603
74053.00,-3.8050,-5.5800,9.6010,25.710,-14.700,-15.200,603
74063.00,-4.1970,-5.2230,8.7840,54.400,-19.210,-25.650,603
74073.00,-4.9560,-4.6370,8.0370,70.090,-20.530,-31.670,604
74083.00,-5.4300,-5.0830,7.6900,59.870,-22.850,-33.250,604
74093.00,-4.9910,-2.5810,8.1370,12.150,-15.590,-53.300,604
74104.00,-4.6020,-0.3260,10.6160,-10.050,-6.320,-43.450,604
74114.00,-3.9060,-0.1800,12.6600,-37.220,-12.950,-13.790,604
74123.00,-3.3770,-1.7220,11.1260,-67.310,-30.010,14.900,605
74133.00,-3.4510,-3.7840,10.5180,-80.970,-31.970,32.810,605
74143.00,-3.1770,-5.9780,11.9620,-104.790,-31.030,38.320,605
74153.00,-2.8300,-7.9010,12.5580,-123.970,-37.500,30.480,605
74164.00,-2.4810,-9.5980,13.1640,-120.890,-42.750,14.340,605
74174.00,-2.5330,-11.0930,14.1660,-105.950,-55.140,-10.440,606
74184.00,-2.8540,-10.5610,11.8770,-101.260,-78.080,-44.390,606
74194.00,-3.7650,-11.7880,9.9680,-98.530,-89.950,-76.310,606
74204.00,-4.1870,-12.4940,8.6540,-101.100,-95.370,-119.680,606
74214.00,-3.0840,-12.7530,12.1500,-106.940,-95.250,-174.800,606
74224.00,-3.0680,-10.9370,12.8240,-154.330,-125.250,-235.040,607
74234.00,-0.5270,-1.5520,5.9720,-193.900,-143.530,-268.240,607
74244.00,0.5750,4.2550,3.5060,-135.840,-101.310,-204.620,607
74254.00,1.3500,-0.1980,4.9970,-56.980,-36.960,-89.750,607
74264.00,0.9900,-6.1310,7.1700,12.690,10.790,-17.230,607
74274.00,1.1580,-9.5900,9.8620,70.300,36.500,-4.000,608
74284.00,0.6460,-8.0990,9.2470,102.780,37.040,-23.170,608
74294.00,-0.5070,-5.3860,7.6270,137.710,15.500,-17.230,608
74304.00,-0.7600,-5.4320,7.4830,139.310,24.740,-6.280,608
74314.00,0.0810,-5.5770,9.1480,130.210,38.820,-0.680,608
74324.00,-0.0380,-6.1430,11.3200,116.800,40.780,4.810,609
74334.00,-0.2810,-5.9620,10.5020,89.970,23.770,6.710,609
74344.00,-0.2870,-5.4550,8.6400,64.410,11.910,8.410,609
74354.00,-0.2320,-5.0670,8.3170,45.260,17.350,10.700,609
74364.00,-0.1410,-5.3970,9.5620,31.870,27.220,14.940,609
74374.00,-0.5980,-5.6320,10.3680,19.760,25.280,16.460,610
74384.00,-0.7230,-4.9550,10.0900,8.880,12.910,15.710,610
74394.00,-0.6580,-4.9350,9.4370,-3.010,1.320,20.420,610
74404.00,-0.8760,-5.9610,9.0220,-14.580,-6.110,26.720,610
74414.00,-0.8310,-6.1610,8.4260,-21.910,-10.270,26.520,610
74424.00,-0.7340,-6.7810,8.0920,-25.460,-9.270,26.630,611
74434.00,-0.7330,-7.1530,8.5310,-28.540,-5.320,23.410,611
74444.00,-0.6690,-7.2860,8.3150,-31.120,-4.670,17.420,611
74454.00,-0.5710,-7.6630,7.7010,-30.540,-1.430,10.930,611
74464.00,-0.6260,-7.3660,8.1100,-27.140,6.660,1.380,611
74474.00,-0.4960,-7.1090,8.7020,-24.060,11.870,-6.090,612
74484.00,-0.3840,-7.4410,9.1100,-24.900,12.680,-10.790,612
74494.00,-0.2170,-7.8160,10.0730,-25.800,3.020,-23.530,612
74504.00,-0.3170,-8.2850,8.8360,-26.220,-6.400,-30.500,612
74514.00,0.1840,-8.7540,10.1940,-19.620,-6.510,-40.580,612
74524.00,0.6750,-9.7540,9.8400,-18.660,-16.970,-52.600,613
74534.00,1.8130,-12.5390,6.5570,5.730,-28.730,-71.030,613
74544.00,-0.1290,-9.8020,6.3910,8.370,-7.260,-111.960,613
74554.00,0.9370,-4.2070,12.4180,23.540,22.080,-130.020,613
74564.00,1.5550,-6.4130,11.1800,0.000,2.410,-100.920,613
74574.00,0.8810,-8.7350,9.6530,-12.500,-8.980,-91.330,614
74584.00,0.7460,-7.6060,9.8940,9.630,-11.740,-105.910,614
74594.00,-0.0260,-5.3250,11.3740,16.180,-15.450,-112.330,614
74604.00,-0.5080,-3.6590,12.4550,27.780,-29.910,-100.530,614
74614.00,1.3470,-6.0050,9.2960,-12.670,-60.250,-78.050,614
74624.00,0.9730,-5.4900,5.2960,4.470,-65.800,-74.410,615
74634.00,2.1260,-4.9480,6.3210,27.390,-32.500,-68.420,615
74644.00,1.2770,-5.3400,9.7290,52.630,-8.170,-55.030,615
74654.00,1.0690,-6.2940,10.5030,47.730,-14.240,-46.790,615
74664.00,0.7330,-5.6530,9.9860,47.170,-32.920,-46.550,615
74674.00,0.6010,-4.7380,8.6120,46.870,-47.970,-44.220,616
74684.00,0.4030,-4.9770,7.6410,40.400,-52.030,-35.870,616
74694.00,0.2570,-4.7170,7.7070,40.200,-49.400,-31.440,616
74704.00,0.3500,-4.5080,7.4210,43.350,-48.090,-26.950,616
74714.00,0.2090,-4.1200,8.2630,42.990,-42.350,-23.450,616
74724.00,0.3600,-3.5360,9.0100,48.310,-42.240,-17.920,617
74734.00,0.5810,-3.6740,8.8920,51.700,-44.750,-6.940,617
74744.00,0.8180,-4.4200,8.0590,59.170,-42.560,5.750,617
74754.00,0.9600,-4.6210,7.8230,73.030,-29.470,16.060,617
74764.00,1.8650,-3.7890,8.3030,95.800,-8.350,26.940,617
74774.00,1.9920,-2.8110,10.6640,120.810,16.790,44.780,618
74784.00,2.7200,-2.3530,12.5120,134.370,31.320,70.480,618
74794.00,3.4300,-3.1290,14.6360,133.160,39.890,98.850,618
74804.00,3.3550,-4.2110,16.1400,114.350,40.610,119.940,618
74814.00,3.2000,-4.7150,17.2670,92.140,35.430,133.800,618
74824.00,2.7680,-4.8650,17.8140,76.030,28.390,144.740,619
74834.00,2.3860,-5.7210,17.5870,63.650,19.070,157.280,619
74844.00,1.9630,-9.2170,16.9800,59.560,9.700,171.910,619
74854.00,1.2140,-11.1050,17.0150,71.160,6.260,163.810,619
74864.00,1.0220,-8.3860,17.3870,106.060,5.770,137.670,619
74874.00,1.0360,-7.1230,17.4280,147.950,3.000,131.370,620
74884.00,0.7030,-6.5580,16.5340,228.280,2.460,133.050,620
74894.00,0.1390,-2.6100,15.8850,288.560,10.250,124.580,620
74904.00,-0.8240,-0.2230,19.0570,327.670,25.280,94.250,620
74914.00,-5.0220,0.2320,21.2500,327.670,10.820,77.430,620
74924.00,-4.4020,13.9130,23.5810,327.670,-77.380,83.700,621
74934.00,-2.3520,13.0210,12.4530,286.990,-192.080,206.530,621
74944.00,-2.2660,7.7760,7.2140,289.040,-218.330,297.250,621
74954.00,-2.8040,2.7330,4.5590,243.410,-192.640,327.670,621
74964.00,-1.8930,-0.3010,4.0330,207.260,-151.340,322.340,621
74974.00,-0.3450,-2.0290,5.5640,161.370,-114.060,288.450,622
74984.00,0.6000,-1.8170,8.1290,101.020,-95.200,241.440,622
74994.00,0.3000,-1.5940,9.3370,61.690,-103.200,202.800,622
75004.00,1.6530,-8.5670,0.2120,60.520,-139.420,176.570,622
75014.00,-3.8410,-19.6450,-16.0970,-30.840,-128.080,101.280,622
75024.00,1.7500,4.8990,0.4310,-239.730,77.830,-75.020,623
75034.00,-0.3310,5.8340,4.8640,-195.600,88.750,-58.600,623
75044.00,-0.0780,7.0360,4.7170,-212.170,48.920,-29.900,623
75054.00,1.5190,5.9530,0.6240,-217.860,7.080,4.580,623
75064.00,1.5080,2.7660,-0.7750,-202.910,12.190,32.880,623
75074.00,1.4150,-0.3200,3.9140,-182.860,42.100,42.820,624
75084.00,1.0010,-3.2810,7.4390,-162.210,36.110,40.750,624
75094.00,0.4490,-5.6490,8.1970,-151.130,4.720,26.190,624
75104.00,0.9730,-4.9110,9.1340,-109.620,-36.210,-26.190,624
75114.00,1.3420,-4.1620,8.5080,-77.610,-56.610,-43.400,624
75124.00,1.5420,-3.7370,8.2360,-45.050,-65.430,-51.060,625
75134.00,1.6360,-4.2660,9.2170,-10.410,-70.660,-52.880,625
75144.00,2.3840,-3.7110,8.7820,20.600,-80.970,-58.200,625
75154.00,3.8630,-1.7630,8.5180,39.560,-78.890,-58.850,625
75164.00,5.0420,-0.9140,8.8310,24.540,-61.320,-43.660,625
75174.00,7.6580,-2.3130,8.1990,20.200,-37.760,-20.630,626
75184.00,5.3270,-7.2860,11.0600,58.120,-6.950,-2.670,626
75195.00,4.3320,-4.3150,14.2970,5.710,15.760,-30.430,626
75205.00,4.5340,-1.4940,13.6280,-15.800,3.300,-42.560,626
75215.00,4.2380,-4.2520,12.0810,-11.600,-9.410,-23.760,626
75225.00,3.5850,-3.7220,10.9220,-26.570,-10.830,-24.020,627
75235.00,3.4760,-3.3080,10.1430,-18.810,-13.070,-32.630,627
75245.00,2.9750,1.8110,9.0200,5.590,-10.450,-38.930,627
75255.00,1.9470,-4.9130,9.6950,-5.510,1.690,-5.890,627
75265.00,2.3530,-3.5720,9.1830,-17.900,-8.640,-22.270,627
75275.00,2.1650,-1.2860,7.9400,-32.800,-16.780,-40.050,628
75285.00,1.9420,-1.3010,5.7550,-27.230,-21.520,-38.880,628
75295.00,1.9320,-0.8210,4.6800,-34.950,-12.970,-41.520,628
75305.00,1.6760,-1.9280,4.4910,-44.380,5.150,-50.820,628
75315.00,1.4330,-1.3120,4.1570,-43.260,7.710,-63.120,628
75325.00,0.2820,1.3870,3.0920,-62.000,13.520,-66.300,629
75335.00,0.2090,1.3830,1.2830,-66.830,27.900,-44.970,629
75345.00,0.5730,1.1310,0.8800,-47.600,55.820,-20.840,629
75355.00,-0.2300,-2.7960,3.3030,-65.490,87.530,0.190,629
75365.00,-0.2730,-2.2390,5.6970,-47.320,90.100,0.550,629
75375.00,-0.3990,-4.8620,5.3560,-118.460,94.330,-5.670,630
75385.00,0.3620,-1.6330,4.5570,-110.160,84.340,-33.960,630
75395.00,0.5690,-1.5260,5.6120,-103.860,84.460,-33.460,630
75405.00,0.3640,-1.6910,5.5950,-93.630,77.290,-32.810,630
75415.00,0.8940,-0.4890,5.7660,-78.890,69.940,-36.190,630
75425.00,1.2320,0.5430,5.3330,-71.260,65.790,-34.330,631
75435.00,1.1150,0.1060,5.5820,-59.290,68.170,-25.760,631
75445.00,1.1730,-0.1850,7.5690,-63.250,75.980,-17.690,631
75455.00,1.3600,-0.6930,10.8510,-78.120,82.210,-9.180,631
75465.00,1.6370,-1.6920,13.8950,-98.230,81.260,0.010,631
75475.00,1.8360,-2.7740,15.7290,-112.530,72.740,8.180,632
75485.00,1.8040,-3.8560,15.9730,-118.180,58.420,13.870,632
75495.00,1.5730,-4.2350,14.2010,-113.590,40.380,14.130,632
75505.00,1.6510,-4.3780,12.8620,-102.150,32.050,12.300,632
75515.00,1.5050,-6.3500,12.2340,-90.250,25.170,12.190,632
75525.00,1.3990,-6.0260,10.8980,-66.430,20.010,-5.440,633
75535.00,1.5420,-5.1020,11.8990,-39.620,20.900,-17.220,633
75545.00,1.6430,-6.3310,11.5350,-29.790,12.070,-16.110,633
75555.00,1.7070,-6.0880,11.1910,-32.800,7.600,-22.990,633
75565.00,2.2400,-6.9760,10.8460,-33.060,6.960,-27.960,633
75575.00,1.8850,-8.8880,11.0830,-15.540,8.920,-40.580,634
75585.00,1.6670,-3.1100,11.6310,-29.770,6.870,-62.490,634
75595.00,1.8520,-2.2150,10.8260,-25.570,-3.970,-44.040,634
75605.00,1.7740,-5.2100,9.3490,-1.890,-14.400,-18.230,634
75615.00,1.5720,-6.0680,8.5180,14.460,-18.040,-16.150,634
75625.00,1.6700,-5.1130,8.3490,26.060,-17.950,-21.710,635
75635.00,1.6040,-4.6540,8.1420,33.570,-16.270,-19.720,635
75645.00,1.4990,-5.5980,8.3620,42.200,-12.970,-13.520,635
75655.00,1.5630,-5.7450,8.6870,47.380,-11.410,-13.120,635
75665.00,1.7520,-5.3010,8.9140,51.070,-10.320,-14.990,635
75675.00,1.9070,-5.0340,8.6460,55.030,-9.500,-14.910,636
75685.00,1.9830,-4.8370,8.8290,51.280,-5.110,-13.750,636
75695.00,2.2010,-4.1440,9.1600,38.490,0.390,-12.530,636
75705.00,2.4130,-3.3450,10.1830,41.270,6.660,-9.130,636
75715.00,2.4080,-2.9450,10.0650,37.560,6.130,-6.230,636
75725.00,2.2310,-2.9920,10.3160,39.240,5.080,-2.640,637
75735.00,2.2340,-2.5540,9.9690,37.400,2.530,-0.990,637
75745.00,2.1580,-2.5380,10.3420,37.610,1.220,1.990,637
75755.00,1.9860,-2.5500,9.9350,32.400,-3.730,4.090,637
75765.00,1.7700,-3.1710,9.6350,27.850,-7.370,6.700,637
75775.00,1.5560,-3.3970,9.1190,24.240,-10.170,6.260,638
75785.00,1.4540,-3.2350,8.0740,18.240,-11.640,4.530,638
75795.00,1.2350,-3.1880,7.2810,2.560,-7.190,4.140,638
75805.00,1.3530,-2.9010,6.6230,-10.750,2.040,3.550,638
75815.00,1.6390,-2.7450,7.3530,-18.880,17.050,3.560,638
75825.00,1.8680,-2.5710,8.1830,-22.800,27.780,3.810,639
75835.00,2.1140,-2.3890,8.9880,-22.560,32.820,4.250,639
75845.00,2.3050,-2.1570,9.8870,-19.040,33.380,5.590,639
75855.00,2.3040,-1.9700,9.6520,-23.870,29.690,9.410,639
75865.00,2.1080,-2.3850,9.5040,-23.640,28.220,14.380,639
75875.00,1.9160,-3.0560,9.4300,-22.840,28.150,17.300,640
75885.00,1.7560,-3.5670,9.4700,-25.380,29.530,18.040,640
75895.00,1.6110,-4.1460,9.4580,-22.940,30.830,17.720,640
75905.00,1.2100,-5.6600,9.1460,-14.160,33.770,10.830,640
75915.00,1.0570,-5.6590,9.0160,-6.580,34.640,2.710,640
75925.00,0.9400,-5.5700,9.0900,2.350,35.180,-4.720,641
75935.00,1.0550,-5.3020,10.1280,15.460,36.340,-11.530,641
75945.00,1.0920,-5.3590,11.0150,22.980,33.080,-16.110,641
75955.00,0.9420,-5.3200,11.2020,32.140,22.920,-21.000,641
75965.00,0.8470,-5.3120,10.1570,45.610,9.000,-27.230,641
75975.00,0.6690,-4.7100,9.0750,59.730,0.900,-33.210,642
75985.00,0.4820,-4.5990,8.5370,75.240,-2.500,-35.870,642
75995.00,0.6790,-3.9550,8.2200,82.410,-3.670,-39.250,642
76005.00,0.6130,-3.4920,7.5640,76.550,-1.570,-39.980,642
76015.00,0.2030,-4.2470,6.7350,76.100,2.340,-38.060,642
76025.00,0.2360,-3.7830,7.3600,76.200,12.360,-42.310,643
76035.00,0.6100,-3.0910,8.4980,68.900,20.970,-45.970,643
76045.00,0.9550,-2.1090,9.6100,69.360,24.120,-46.320,643
76055.00,1.0710,-1.9110,9.9230,76.690,20.640,-41.260,643
76065.00,0.9580,-1.6980,8.7630,70.440,16.970,-37.500,643
76075.00,0.5280,-1.9870,8.0650,76.180,24.260,-36.940,644
76085.00,0.4270,-1.7940,8.0020,103.310,39.870,-43.900,644
76095.00,1.0730,-0.6070,9.4660,117.640,58.530,-54.230,644
76105.00,1.2640,0.0840,13.2270,111.170,69.240,-44.100,644
76115.00,1.2020,-0.1840,12.0080,56.020,28.530,-32.860,644
76125.00,0.9990,0.9480,10.8430,9.950,12.490,-24.860,645
76135.00,0.8880,0.7350,10.7000,4.910,9.490,-7.630,645
76145.00,1.0940,-0.1660,11.1550,7.570,3.700,8.100,645
76155.00,0.7340,-0.0690,10.7430,-12.690,-6.350,12.520,645
76165.00,0.6240,0.5000,10.5650,-25.040,-13.460,13.400,645
76175.00,2.0470,2.3640,12.3180,-32.110,-21.490,10.270,646
76185.00,1.6250,3.0010,10.5790,-35.750,-39.640,18.630,646
76195.00,-0.2020,-0.8900,8.4760,-10.170,-43.240,42.890,646
76205.00,0.1230,-2.7170,9.0000,28.530,-32.440,46.280,646
76216.00,1.2350,-1.9750,11.3260,38.210,-32.650,34.960,646
76226.00,0.9530,-1.6460,11.1260,11.940,-43.490,28.130,647
76236.00,0.8180,-1.8550,10.9470,11.280,-47.480,28.960,647
76246.00,1.1490,-2.6560,10.8880,19.830,-51.660,30.810,647
76256.00,0.9840,-3.4120,9.4020,13.290,-58.100,25.670,647
76266.00,0.9790,-3.6310,8.5220,15.740,-56.510,16.270,647
76276.00,1.3680,-3.4130,8.2120,16.250,-51.870,4.860,648
76286.00,1.4910,-2.8010,7.4720,10.720,-44.520,-5.810,648
76296.00,1.7340,-2.0350,8.4090,19.850,-30.640,-11.300,648
76306.00,2.6440,-0.8290,9.7670,25.120,-20.740,-13.030,648
76316.00,2.8790,0.1990,9.4020,29.060,-11.900,-15.270,648
76326.00,3.1720,2.2770,9.7830,26.610,-4.090,-11.000,649
76336.00,3.3020,3.1940,9.6310,25.170,0.000,4.110,649
76346.00,3.2540,2.8460,9.0860,22.390,4.980,25.530,649
76356.00,2.7620,1.8010,9.6870,17.050,15.290,46.840,649
76366.00,2.1640,-0.0640,9.5030,11.360,20.130,64.640,649
76376.00,1.3660,-1.6670,8.7080,1.530,25.940,72.290,650
76386.00,0.8350,-2.5690,9.4160,-2.800,37.070,70.990,650
76396.00,0.5470,-3.4670,10.0540,-2.660,42.220,66.440,650
76406.00,0.2970,-4.8700,10.7270,-0.390,42.030,59.880,650
76416.00,0.1500,-5.7060,11.2100,0.430,37.110,47.300,650
76426.00,-0.1430,-6.0930,10.4730,4.850,27.500,30.510,651
76436.00,-0.1280,-5.6230,9.6680,12.360,21.730,11.530,651
76446.00,0.0690,-4.3990,9.0160,19.890,20.960,-6.280,651
76456.00,0.2000,-3.9750,8.2950,26.050,25.020,-19.140,651
76466.00,0.3940,-3.1820,7.9460,23.890,34.780,-32.580,651
76476.00,0.3870,-1.6970,7.7060,22.130,46.770,-44.060,652
76486.00,0.6640,-0.2960,8.3360,25.960,59.370,-46.560,652
76496.00,0.7100,0.1040,6.9030,14.650,68.660,-40.210,652
76506.00,0.2400,-0.0900,7.9600,8.480,87.050,-31.690,652
76516.00,0.3560,0.7170,8.5470,-25.150,116.800,-23.390,652
76526.00,-1.0860,-6.8200,32.7670,22.510,59.510,-8.960,653
76536.00,-0.3000,-0.1960,5.4010,10.730,-106.820,-22.470,653
76546.00,0.9180,0.6020,11.1850,27.110,-64.420,-14.380,653
76556.00,0.3430,0.0370,10.8680,19.730,-67.090,-23.030,653
76566.00,0.5470,-0.3700,9.6650,-1.940,-42.930,-16.130,653
76576.00,0.7700,0.3240,10.2380,-6.790,-21.980,-18.630,654
76586.00,0.3510,-0.3550,8.3250,-33.970,-18.620,-23.040,654
76596.00,0.2930,-0.2260,9.1450,-21.460,-8.770,-23.900,654
76606.00,0.6050,-0.1550,9.1780,-9.220,-4.290,-20.720,654
76616.00,0.6690,-0.3290,9.2050,-1.230,-0.770,-16.340,654
76626.00,0.7690,-0.2440,9.6290,12.520,3.770,-12.680,655
76636.00,0.7980,-0.3560,9.7050,18.210,8.220,-8.270,655
76646.00,0.7570,-0.5730,9.8380,21.020,11.400,-4.950,655
76656.00,0.7750,-0.6720,9.9980,23.180,11.910,-2.830,655
76666.00,0.7660,-0.7130,9.9180,22.700,11.730,-1.920,655
76676.00,0.7310,-0.7100,9.8120,18.070,12.150,-1.890,656
76686.00,0.7680,-0.5850,9.8010,11.000,12.450,-3.160,656
76696.00,0.5070,-0.7340,9.3750,-0.120,12.010,-4.130,656
76706.00,0.6660,-0.8060,9.9010,-0.120,11.380,-5.180,656
76716.00,0.6730,-0.9090,9.8580,-1.940,7.240,-3.180,656
76726.00,0.4520,-0.8930,9.9060,-0.120,4.490,-0.350,657
76736.00,0.4670,-0.7900,9.8420,2.770,0.570,1.940,657
76746.00,0.2320,-0.8670,9.8850,6.150,-2.990,2.600,657
76756.00,0.3080,-0.7890,10.0120,11.190,-8.150,1.810,657
76766.00,0.4720,-0.6190,10.3340,10.590,-13.180,-0.500,657
76776.00,0.5500,-0.6670,10.3560,-2.150,-14.170,-3.860,658
76786.00,0.6440,-0.7690,10.2790,-15.100,-8.400,-10.370,658
76796.00,0.8820,-1.2010,9.7860,-21.280,-0.590,-18.600,658
76806.00,0.9880,-0.3150,9.7290,-12.220,5.630,-20.560,658
76816.00,0.8480,-0.5950,9.9010,4.210,8.230,-10.600,658
76826.00,0.6660,-0.9230,10.0070,15.630,8.510,-4.410,659
76836.00,0.5890,-0.3750,10.1020,22.830,6.710,-0.210,659
76846.00,0.6520,-0.5860,10.4610,25.140,4.560,3.510,659
76856.00,0.5390,-0.4830,10.5400,16.820,2.280,2.250,659
76866.00,0.5560,-0.6500,10.5750,8.770,1.060,0.870,659
76876.00,0.3740,-0.6990,10.6400,-0.510,-0.210,-1.710,660
76886.00,0.5920,-0.7220,10.3030,-11.030,-1.360,-3.230,660
76896.00,0.5340,-0.8230,10.0240,-12.830,0.460,-2.830,660
76906.00,0.7050,-0.8170,9.9020,-4.220,3.650,-0.420,660
76916.00,0.3860,-0.8670,10.1190,22.510,9.910,7.870,660
76926.00,0.3030,-0.7520,10.1180,30.350,10.460,9.360,661
76936.00,0.0770,-0.6650,10.2870,35.150,9.970,7.850,661
76946.00,0.4550,-0.3430,10.9980,30.880,9.230,3.160,661
76956.00,0.4960,-0.2870,10.9840,5.920,7.900,-1.940,661
76966.00,0.4460,-0.6400,10.6260,-14.470,5.220,-6.680,661
76976.00,0.2420,-1.5540,10.6460,-19.390,3.670,-9.660,662
76986.00,0.1240,-0.8840,10.1330,-18.290,0.520,-15.710,662
76996.00,0.2420,-1.0130,10.0040,-6.020,-2.200,-18.740,662
77006.00,0.2140,-1.5370,9.6890,6.040,-2.640,-18.670,662
77016.00,0.4230,-0.2090,9.5330,15.140,4.330,-21.010,662
77026.00,0.6460,0.6960,10.0160,26.570,10.880,-12.910,663
77036.00,0.6290,-0.2160,9.7060,34.060,13.360,4.140,663
77046.00,0.6850,-0.5070,9.7010,38.120,17.300,10.770,663
77056.00,0.3780,-0.5620,10.2710,39.610,19.400,10.630,663
77066.00,0.3260,-0.3740,10.4740,33.470,18.940,8.970,663
77076.00,0.4600,-0.2870,10.6080,22.300,18.870,6.430,664
77086.00,0.4280,-0.2890,10.4900,6.870,19.330,3.740,664
77096.00,0.3480,-0.3310,10.3250,0.360,20.380,1.870,664
77106.00,0.2820,-0.2850,10.6210,2.420,21.060,1.430,664
77116.00,0.2290,-0.2330,10.2400,0.390,22.620,2.180,664
77126.00,0.0810,-0.3300,10.1380,2.140,23.970,3.830,665
77136.00,-0.0840,-0.3330,10.0820,6.570,22.900,5.890,665
77146.00,-0.2260,-0.2480,10.1610,11.050,19.770,6.560,665
77156.00,-0.0210,0.0870,10.3010,9.110,13.620,4.350,665
77166.00,0.0220,0.0470,10.1980,-6.930,5.430,1.740,665
77176.00,0.1910,0.1740,10.4650,-23.870,-2.010,0.190,666
77186.00,0.0200,-0.3190,10.1560,-41.070,-6.980,-0.540,666
77196.00,0.0140,-0.4390,10.5210,-35.960,-6.790,-1.760,666
77206.00,-0.0150,-0.4090,10.0630,-30.220,-6.300,-1.920,666
77216.00,-0.0830,-0.6060,9.8600,-23.800,-4.300,-1.760,666
77226.00,0.0400,-0.4830,9.7140,-14.230,-3.010,-0.730,667
77236.00,0.1160,-0.4300,9.6450,-8.450,-2.410,1.760,667
77247.00,-0.1590,-0.5160,9.7950,-7.070,-1.920,3.700,667
77257.00,-0.0940,-0.4910,9.9030,-6.860,-2.900,2.950,667
77267.00,-0.0090,-0.4210,9.9370,-8.000,-4.670,1.690,667
77277.00,0.0500,-0.4710,9.8440,-9.710,-5.160,1.170,668
77287.00,0.0430,-0.4910,9.8660,-7.040,-3.970,1.710,668
77297.00,0.0110,-0.5140,9.8200,-3.800,-2.080,2.920,668
77307.00,0.0190,-0.5570,9.8340,0.220,-0.230,3.600,668
77317.00,0.2420,-0.5610,9.9620,1.700,1.640,3.910,668
77327.00,0.2230,-0.6070,10.0350,1.410,1.860,4.700,669
77337.00,0.3000,-0.6590,9.8270,2.330,-1.290,7.190,669
77347.00,0.9890,-0.4460,9.6310,11.100,-2.450,11.040,669
77357.00,0.3550,-0.3070,9.7960,25.080,0.390,14.450,669
77367.00,0.1230,-0.8720,9.4250,39.260,15.620,23.300,669
77377.00,0.2090,-0.2200,9.8040,58.960,23.090,26.730,670
77387.00,0.2170,-0.3700,9.6520,40.680,12.000,24.510,670
77397.00,0.1170,-0.3290,9.8780,26.080,15.950,20.450,670
77407.00,-3.4260,-0.4940,11.8930,31.030,18.940,14.760,670
77417.00,2.0530,6.8780,16.2660,24.840,-7.170,31.020,670
77427.00,0.2520,-1.2710,8.8240,24.300,-77.470,92.500,671
77437.00,-0.6730,-0.6790,9.9720,65.930,-91.470,101.440,671
77447.00,0.7030,-1.5780,4.8370,67.630,-78.290,98.500,671
77457.00,-0.0980,-0.4980,8.3700,42.270,-1.610,72.270,671
77467.00,-0.4540,-0.9320,12.4920,20.480,24.910,51.510,671
77477.00,0.3020,-0.8730,10.5600,-7.180,6.970,33.160,672
77487.00,0.5070,0.6730,11.7870,-19.090,0.810,18.540,672
77497.00,0.0080,-0.3290,10.9790,-30.260,-22.870,18.050,672
77507.00,0.1380,0.0500,11.6140,-49.250,-47.180,11.670,672
77517.00,0.6380,-0.4900,9.5610,-70.210,-85.280,14.590,672
77527.00,0.1560,-0.5980,10.0790,-79.840,-87.030,11.020,673
77537.00,0.3980,-0.5330,9.9510,-65.700,-92.070,8.320,673
77547.00,0.3790,-0.6140,10.6080,-43.520,-96.830,7.780,673
77557.00,1.2400,-0.2560,9.6980,-40.160,-102.740,6.560,673
77567.00,1.3740,-0.6060,10.8510,-24.800,-95.640,9.640,673
77577.00,1.6760,-0.6640,9.8600,-7.960,-92.420,13.030,674
77587.00,1.7700,-0.7560,9.3950,-5.930,-82.140,12.510,674
77597.00,1.3540,-0.8690,9.5660,-3.240,-67.390,11.040,674
77607.00,1.7400,-0.8450,9.1920,-3.890,-59.450,8.320,674
77617.00,1.8340,-0.8660,9.4860,-7.300,-50.080,5.350,674
77627.00,1.8100,-0.8150,10.7110,2.110,-42.560,4.070,675
77637.00,2.0150,-0.8060,11.7490,18.730,-49.140,4.560,675
77647.00,2.2500,-0.6080,9.6860,3.440,-60.360,0.500,675
77657.00,2.2670,-0.5260,9.9740,-8.860,-54.090,-3.010,675
77667.00,2.5300,-0.9830,9.5220,-12.720,-49.860,-3.620,675
77677.00,2.4430,-0.9570,9.2050,-20.210,-39.950,-6.630,676
77687.00,2.9180,2.1840,5.8390,-24.470,-25.360,-7.750,676
77697.00,3.5360,12.1480,5.3510,234.940,199.320,137.910,676
77707.00,-2.7330,-1.9190,15.6440,327.670,327.670,303.880,676
77717.00,-2.2730,-9.1410,20.3960,327.670,327.670,254.670,676
77727.00,-0.9540,-0.5580,16.4940,279.870,153.760,77.780,677
77737.00,-0.8350,1.9640,11.0870,209.410,78.110,0.340,677
77747.00,0.0310,2.2500,9.0810,193.920,60.660,-0.630,677
77757.00,-0.4960,2.6020,10.6680,208.340,48.050,-6.310,677
77767.00,-0.9210,3.2330,11.3910,147.500,18.030,-8.920,677
77777.00,-0.3920,3.4280,10.0180,75.330,-3.830,-9.830,678
77787.00,-0.1720,3.2320,9.6890,47.760,-9.900,-11.350,678
77797.00,-0.4170,3.1590,9.6260,37.720,-7.730,-10.090,678
77807.00,-0.4410,3.0950,9.3830,32.360,-5.910,-5.820,678
77817.00,-0.4420,3.0780,9.3430,33.060,-3.270,-3.990,678
77827.00,-0.1570,3.3230,9.5050,34.780,-2.940,-3.430,679
77837.00,-0.7140,3.1590,9.1780,35.550,-1.170,-4.090,679
77847.00,-0.0490,3.0240,9.4640,35.720,-0.580,-5.470,679
77857.00,-0.0410,3.3600,9.3340,30.880,0.100,-2.150,679
77867.00,-0.0370,3.3290,9.2370,28.460,1.600,-1.850,679
77877.00,-0.0500,3.3050,9.3910,25.330,3.670,-1.430,680
77887.00,-0.2930,3.4560,9.6210,20.740,3.600,-3.010,680
77897.00,-0.0920,3.4700,9.2730,13.570,-1.070,-9.590,680
77907.00,-0.4510,3.5180,9.3790,9.750,-4.900,-13.540,680
77917.00,-0.4010,3.5160,9.3870,5.550,-6.680,-15.610,680
77927.00,-0.2400,3.7320,9.2870,-1.560,-6.750,-18.440,681
77937.00,-0.3080,3.6620,9.2960,-6.480,-6.070,-18.860,681
77947.00,-0.2390,3.7470,9.4070,-9.000,-2.890,-18.490,681
77957.00,-0.2440,3.6800,9.4220,-10.100,1.710,-16.920,681
77967.00,-0.3190,3.5240,9.5220,-11.170,6.240,-16.200,681
77977.00,-0.1890,3.6570,9.4010,-12.160,9.690,-16.040,682
77987.00,-0.4160,3.4120,9.4270,-11.660,11.440,-14.360,682
77997.00,-0.4590,3.4610,9.4740,-9.360,11.300,-15.170,682
78007.00,-0.4290,3.4580,9.6130,-6.410,9.320,-18.020,682
78017.00,-0.4170,3.3810,9.6460,-1.330,6.640,-20.350,682
78027.00,-0.2650,3.4030,9.6390,5.330,4.910,-20.540,683
78037.00,-0.2940,3.5180,9.6590,10.420,4.020,-19.070,683
78047.00,-0.3540,3.5410,9.6200,12.330,3.610,-16.640,683
78057.00,-0.3940,3.4580,9.5800,12.010,3.350,-15.170,683
78067.00,-0.2020,3.5760,9.5670,9.790,2.350,-14.770,683
78077.00,-0.5020,3.4670,9.7800,5.030,2.950,-14.000,684
78087.00,-0.4790,3.5830,9.6050,1.770,3.210,-14.560,684
78097.00,-0.3210,3.2610,9.6430,0.480,0.430,-16.430,684
78107.00,-0.3610,3.5120,9.8380,0.970,3.190,-13.490,684
78117.00,-0.2390,3.6000,9.7310,0.650,2.580,-11.230,684
78127.00,-0.3230,3.5250,9.6520,-2.080,-0.210,-8.380,685
78137.00,-0.3340,3.4560,9.6570,-0.950,-1.150,-8.400,685
78147.00,-0.3600,3.4030,9.6450,2.320,-2.120,-9.670,685
78157.00,-0.2570,3.4950,9.6960,6.970,-2.940,-11.090,685
78167.00,-0.3050,3.5100,9.7420,8.320,-2.130,-11.370,685
78177.00,-0.3640,3.4520,9.8090,8.270,-0.720,-11.560,686
78187.00,-0.3570,3.4740,9.7960,8.140,0.000,-12.180,686
78197.00,-0.4650,3.4160,9.6820,9.670,-0.350,-13.190,686
78207.00,-0.6480,3.3670,9.2200,11.640,-1.240,-13.330,686
78217.00,-0.4640,3.5720,9.2920,8.130,-4.620,-11.210,686
78227.00,-0.5080,3.5460,9.4480,2.790,-6.680,-8.610,687
78237.00,-0.6300,3.6900,9.5060,-4.200,-7.070,-8.270,687
78247.00,-0.5850,3.5760,9.6460,-9.380,-7.730,-9.130,687
78257.00,-0.5080,3.5780,9.5240,-12.040,-5.970,-10.510,687
78268.00,-0.5080,3.5900,9.4980,-12.360,-4.500,-11.270,687
78278.00,-0.4520,3.6260,9.3930,-13.810,-3.850,-12.140,688
78288.00,-0.6000,3.4870,9.4610,-15.450,-3.080,-11.910,688
78298.00,-0.5990,3.5220,9.5940,-16.070,-2.450,-12.790,688
78308.00,-0.7010,3.3570,9.6030,-17.270,-1.280,-13.980,688
78318.00,-0.5880,3.4380,9.4790,-17.760,-1.730,-14.850,688
78328.00,-0.7020,3.1630,9.3780,-17.970,-3.850,-16.670,689
78338.00,-0.6220,3.2780,9.4310,-15.190,-7.070,-17.220,689
78348.00,-0.5390,3.3180,9.4210,-14.400,-10.550,-17.900,689
78358.00,-0.5630,3.2740,9.3660,-16.490,-12.830,-18.130,689
78368.00,-0.5560,3.2610,9.3760,-18.810,-13.300,-17.200,689
78378.00,-0.6190,3.1820,9.3830,-18.530,-13.160,-14.940,690
78388.00,-0.5500,3.1470,9.4250,-17.990,-11.410,-12.390,690
78398.00,-0.5740,3.0380,9.3480,-16.220,-10.290,-9.920,690
78408.00,-0.5270,3.1090,9.3610,-12.150,-9.780,-7.290,690
78418.00,-0.5350,2.9680,9.3550,-9.450,-9.450,-5.040,690
78428.00,-0.4630,3.0260,9.2430,-7.820,-9.610,-3.970,691
78438.00,-0.4390,2.9430,9.2600,-7.180,-9.310,-3.040,691
78448.00,-0.3400,2.9700,9.1900,-5.060,-9.430,-2.270,691
78458.00,-0.3580,2.9970,9.1900,-2.920,-9.310,-1.550,691
78468.00,-0.2780,2.9890,9.3830,-3.410,-8.940,-0.800,691
78478.00,-0.3330,3.0470,9.3890,-6.580,-7.980,-0.540,692
78488.00,-0.3030,3.1100,9.4810,-9.070,-6.470,-1.050,692
78498.00,-0.3230,3.1150,9.4480,-11.710,-4.300,-1.380,692
78508.00,-0.3340,3.0850,9.5590,-14.460,-2.080,-1.690,692
78518.00,-0.2940,3.0500,9.5520,-16.660,-1.070,-2.040,692
78528.00,-0.3200,2.8960,9.6750,-16.260,-0.840,-1.520,693
78538.00,-0.2710,2.8720,9.8110,-16.350,0.100,-0.800,693
78548.00,-0.2420,2.7670,10.0090,-18.800,3.470,-0.260,693
78558.00,-0.4770,2.9220,10.1000,-19.390,8.790,-1.240,693
78568.00,-1.4180,1.2070,10.6740,-20.300,6.170,-9.970,693
78578.00,-1.2860,1.9230,11.8600,-57.770,-7.230,-43.660,694
78588.00,-0.8000,2.1100,10.0730,-113.090,-24.430,-53.600,694
78598.00,-0.3130,1.5000,10.0720,-126.370,-35.930,-53.970,694
78608.00,0.0770,3.2130,10.6800,-135.330,-46.580,-61.330,694
78618.00,-0.6750,0.3840,10.5660,-141.650,-51.360,-64.500,694
78628.00,-0.8430,-0.3730,10.3500,-143.570,-49.590,-98.770,695
78638.00,-0.1360,1.7380,10.4380,-141.520,-40.090,-129.880,695
78648.00,0.7230,5.2450,8.3980,-133.820,-27.050,-118.540,695
78658.00,0.1240,2.9690,8.3040,-87.710,-4.900,-62.870,695
78668.00,-0.1730,1.4750,8.4830,-32.290,13.430,-26.440,695
78678.00,-0.1140,0.9670,9.8700,8.020,24.740,-9.660,696
78688.00,-0.3260,0.7520,9.9120,27.430,23.130,-3.530,696
78698.00,-0.3240,0.8370,9.7370,38.380,20.690,-2.030,696
78708.00,-0.4030,0.9330,9.6860,55.010,22.410,-2.390,696
78718.00,-0.3170,1.0630,10.3310,68.920,23.790,-3.370,696
78728.00,-0.5130,1.2220,9.9990,39.590,7.990,-3.510,697
78738.00,-0.4130,1.3430,9.6820,35.160,4.510,-2.570,697
78748.00,-0.3170,1.4100,9.7160,34.080,3.250,-1.380,697
78758.00,-0.4480,1.4030,9.4450,29.440,2.130,-0.360,697
78768.00,-0.4800,1.4590,9.3670,28.640,1.900,-0.010,697
78778.00,-0.4240,1.5860,9.3040,29.650,2.130,-0.170,698
78788.00,-0.4830,1.6890,9.3930,28.810,2.900,0.120,698
78798.00,-0.4160,1.9840,9.4890,20.900,1.880,-0.220,698
78808.00,-0.5010,1.7280,9.4520,14.020,1.670,-1.170,698
78818.00,-0.3810,1.8850,9.6050,11.100,4.370,-2.530,698
78828.00,-0.4520,1.9030,9.6590,10.120,6.830,-1.940,699
78838.00,-0.4610,1.9990,9.5340,9.530,9.440,-1.750,699
78848.00,-0.4960,2.1270,9.4810,8.230,11.940,-1.690,699
78858.00,-0.3900,2.1290,9.6280,5.960,12.610,-1.430,699
78868.00,-0.3490,1.9540,9.6190,4.260,13.800,-0.770,699
78878.00,-0.3620,1.9640,9.5230,5.730,14.430,0.010,700
78888.00,-0.3870,1.9990,9.5780,8.530,14.760,0.920,700
78898.00,-0.5370,1.9880,9.6520,10.630,13.890,1.270,700
78908.00,-0.5320,2.1060,9.6260,10.190,12.420,1.030,700
78918.00,-0.4960,2.0990,9.6750,9.610,12.240,2.040,700
78928.00,-0.5080,2.0320,9.7960,11.330,13.400,2.860,701
78938.00,-0.5520,2.0570,9.8580,11.710,13.710,3.180,701
78948.00,-0.5890,2.1000,9.8960,10.910,14.520,4.770,701
78958.00,-0.6950,2.0510,9.8720,10.140,14.990,6.540,701
78968.00,-0.7350,2.0750,9.8660,9.490,14.080,6.870,701
78978.00,-0.7350,2.1060,9.7990,7.900,11.580,5.490,702
78988.00,-0.7280,2.1690,9.7080,6.810,9.110,3.770,702
78998.00,-0.8070,2.0840,9.7620,6.240,7.810,2.760,702
79008.00,-0.8090,2.1120,9.7980,6.670,6.960,1.670,702
79018.00,-0.8200,2.1370,9.8830,6.200,7.940,1.880,702
79028.00,-0.8600,2.0510,9.8630,5.080,9.600,2.300,703
79038.00,-0.8900,2.0850,9.8170,4.560,11.020,2.500,703
79048.00,-0.8960,2.1820,9.9030,4.010,11.680,2.930,703
79058.00,-0.8150,2.1280,9.9130,2.280,12.540,3.700,703
79068.00,-0.9110,2.0500,9.9390,3.210,11.520,4.740,703
79078.00,-0.9750,2.0570,9.8200,4.330,10.370,5.840,704
79088.00,-1.0460,2.0760,9.7720,4.680,9.130,5.420,704
79099.00,-1.0560,2.0930,9.8460,2.720,7.270,4.350,704
79108.00,-1.0280,2.0450,9.8170,1.700,5.500,3.690,704
79118.00,-1.0520,2.0140,9.7470,2.180,4.660,3.830,704
79128.00,-1.0860,2.0840,9.7470,2.470,5.210,5.090,705
79138.00,-1.0320,2.0980,9.7950,2.000,3.810,4.950,705
79148.00,-0.9650,2.2130,9.8030,1.650,3.280,5.420,705
79158.00,-1.0180,2.0060,9.9300,0.990,3.050,5.860,705
79168.00,-1.0220,2.0110,9.8940,1.670,2.930,6.260,705
79178.00,-1.0750,2.1290,9.8990,3.100,3.180,6.450,706
79189.00,-1.0020,2.1810,9.9060,3.190,1.620,5.820,706
79198.00,-0.9510,2.1900,9.9070,2.530,0.950,4.600,706
79208.00,-0.9530,2.1950,9.7920,1.250,0.410,3.280,706
79218.00,-1.0240,2.1590,9.6110,0.460,-0.540,2.410,706
79228.00,-1.0710,2.1330,9.5970,1.130,-0.770,1.660,707
79238.00,-1.0700,2.1340,9.6190,1.040,-1.630,0.850,707
79248.00,-1.1250,2.1670,9.6190,0.740,-1.730,-0.100,707
79258.00,-1.1380,2.1570,9.6160,0.850,-1.870,-1.030,707
79268.00,-1.1050,2.1490,9.6900,0.720,-1.990,-1.500,707
79279.00,-1.1440,2.1400,9.7280,-0.050,-2.890,-1.400,708
79289.00,-1.1040,2.1850,9.7930,0.000,-4.010,-1.520,708
79299.00,-1.0680,2.2500,9.8140,0.900,-4.530,-1.270,708
79309.00,-1.1030,2.1750,9.8940,0.010,-4.410,-0.700,708
79319.00,-1.0560,2.1510,9.8470,0.090,-3.590,-0.680,708
79329.00,-1.0260,2.2030,9.7200,0.060,-3.740,-0.560,709
79339.00,-0.9990,2.1890,9.7550,0.160,-3.340,-1.270,709
79349.00,-1.0140,2.1870,9.7780,0.640,-2.780,-1.820,709
79359.00,-1.0460,2.1890,9.7890,1.480,-1.990,-2.110,709
79369.00,-1.0150,2.1760,9.7280,2.580,-1.330,-2.270,709
79379.00,-0.9670,2.2140,9.6640,3.380,-0.860,-2.060,710
79389.00,-0.9910,2.2010,9.6750,3.260,0.030,-1.680,710
79399.00,-0.9400,2.2030,9.6830,3.790,0.310,-1.200,710
79409.00,-0.9200,2.2310,9.6450,3.470,0.660,-0.280,710
79419.00,-0.9050,2.2980,9.6570,3.350,1.180,0.470,710
79429.00,-0.8970,2.2860,9.7050,2.530,1.290,0.760,711
79439.00,-0.9080,2.2770,9.6980,1.790,1.300,0.610,711
79449.00,-0.9000,2.2570,9.7380,1.510,1.530,0.270,711
79459.00,-0.8960,2.2910,9.6980,1.560,0.450,-0.350,711
79469.00,-0.9570,2.3270,9.6530,1.670,-0.090,-0.430,711
79479.00,-0.9510,2.2640,9.6720,1.130,-0.330,-0.350,712
79489.00,-0.8760,2.2450,9.6760,1.250,-1.190,-1.260,712
79499.00,-0.8690,2.2940,9.6920,0.860,-0.730,-1.360,712
79509.00,-0.8080,2.3060,9.6500,0.150,-0.610,-1.100,712
79519.00,-0.8680,2.3000,9.6340,-0.110,-0.210,-0.210,712
79529.00,-1.0020,2.2520,9.6430,-0.630,0.690,0.710,713
79539.00,-1.0080,2.1940,9.6520,-0.930,1.500,1.220,713
79549.00,-1.0090,2.2210,9.6090,0.090,1.860,1.340,713
79559.00,-0.9270,2.2490,9.6680,0.500,1.320,0.890,713
79569.00,-0.9600,2.2560,9.6980,0.480,0.660,0.540,713
79579.00,-0.9780,2.1930,9.7620,0.220,-0.330,0.360,714
79589.00,-0.9420,2.1910,9.7390,-0.350,-1.310,-0.100,714
79599.00,-0.9670,2.0940,9.6780,-0.740,-1.700,-0.080,714
79609.00,-0.8980,2.1210,9.7040,0.130,-1.750,-0.140,714
79619.00,-0.8760,2.1220,9.6830,0.230,-2.130,-0.140,714
79629.00,-0.8910,2.1660,9.6190,0.290,-1.910,-0.150,715
79639.00,-0.8910,2.1420,9.6630,0.290,-1.400,-0.380,715
79649.00,-0.8790,2.1660,9.6260,-0.250,-1.500,-0.750,715
79659.00,-0.9260,2.1340,9.6250,-1.140,-1.030,-0.700,715
79669.00,-0.9240,2.1750,9.6290,-0.810,-1.080,-0.890,715
79679.00,-0.9230,2.1880,9.6330,-0.540,-0.930,-1.130,716
79689.00,-0.9470,2.1950,9.6900,-0.720,-0.330,-1.260,716
79699.00,-0.9540,2.1890,9.7250,-0.400,-0.190,-1.400,716
79709.00,-0.9630,2.1990,9.6820,0.600,-0.050,-1.260,716
79719.00,-0.9790,2.1780,9.6890,1.460,0.480,-0.560,716
79729.00,-0.8900,2.2600,9.7320,1.480,-0.100,0.050,717
79739.00,-0.8850,2.2610,9.6750,1.070,-0.090,1.200,717
79749.00,-0.9080,2.2060,9.6870,0.020,0.380,1.670,717
79759.00,-0.8910,2.2160,9.6650,-0.050,0.780,1.480,717
79769.00,-0.8870,2.2130,9.6700,0.340,0.800,0.830,717
79779.00,-0.9240,2.2670,9.6460,1.060,0.710,0.000,718
79789.00,-0.9050,2.2830,9.6700,1.760,0.810,-0.630,718
79799.00,-0.9060,2.2380,9.6770,2.810,0.670,-0.780,718
79809.00,-0.9020,2.2850,9.6810,3.590,0.740,-0.520,718
79819.00,-0.9150,2.2880,9.6900,2.040,0.880,0.050,718
79829.00,-0.9290,2.2480,9.6890,0.500,0.670,0.640,719
79839.00,-0.9060,2.2400,9.6960,-0.110,0.920,0.340,719
79849.00,-0.8800,2.2150,9.6980,-0.630,0.940,-0.140,719
79859.00,-0.8650,2.2140,9.6820,-1.140,0.570,-0.470,719
79869.00,-0.8920,2.1840,9.6450,-1.310,0.110,-0.660,719
79879.00,-0.8730,2.1640,9.6650,-0.950,-0.120,-0.800,720
79889.00,-0.8610,2.1710,9.5970,-1.170,-0.700,-0.980,720
79899.00,-0.8760,2.1780,9.5710,-0.720,-0.910,-1.450,720
79909.00,-0.8490,2.2140,9.5980,0.290,-1.290,-1.990,720
79919.00,-0.8450,2.1780,9.6350,0.670,-1.400,-2.220,720
79929.00,-0.8290,2.1570,9.6250,0.990,-1.640,-2.520,721
79939.00,-0.7810,2.1820,9.5940,-0.190,-2.130,-1.870,721
79949.00,-0.7520,2.1880,9.5900,0.360,-2.360,-1.260,721
79959.00,-0.7520,2.1710,9.5400,1.060,-3.030,-0.610,721
79969.00,-0.7150,2.1750,9.5740,1.650,-3.520,0.010,721
79979.00,-0.7380,2.1690,9.5820,1.860,-2.760,0.680,722
79989.00,-0.7330,2.1640,9.6130,1.420,-1.330,0.540,722
79999.00,-0.7200,2.1750,9.6410,1.300,-0.330,0.030,722
80009.00,-0.7280,2.1890,9.5730,1.390,0.410,-0.500,722
80019.00,-0.7440,2.1530,9.5740,1.770,0.660,-0.850,722
80029.00,-0.7050,2.1770,9.5790,1.620,0.430,-0.890,723
80039.00,-0.7620,2.0940,9.6460,1.420,0.760,-0.350,723
80049.00,-0.7170,2.1490,9.6260,1.840,0.870,-0.420,723
80059.00,-0.7640,2.0980,9.6530,1.340,1.460,-0.030,723
80069.00,-0.7530,2.1000,9.6800,0.990,1.390,0.000,723
80079.00,-0.7540,2.1170,9.6830,0.930,1.250,-0.360,724
80089.00,-0.7460,2.1100,9.6650,1.740,1.270,-0.800,724
80099.00,-0.7420,2.1480,9.7010,1.910,1.270,-0.960,724
80109.00,-0.7520,2.1080,9.7280,-1.280,3.000,-1.540,724
80119.00,-0.8210,2.0200,9.7570,-1.450,3.460,-2.150,724
80129.00,-0.8550,2.0620,9.7730,-1.680,1.370,-2.200,725
80139.00,-0.8800,1.9360,9.6900,-3.340,1.440,-3.150,725
80149.00,-0.9470,1.8870,9.6800,-1.960,2.090,-3.710,725
80159.00,-0.9880,1.8360,9.6220,0.020,2.410,-3.920,725
80169.00,-0.9850,1.9230,9.6550,1.460,1.970,-3.640,725
80179.00,-1.0730,1.9270,9.6950,1.880,1.360,-3.020,726
80189.00,-1.0080,1.9330,9.6840,2.140,1.130,-2.340,726
80199.00,-0.9060,2.1100,9.7550,3.590,1.430,-2.430,726
80209.00,-0.9290,2.1550,9.8270,3.940,3.740,-2.150,726
80219.00,-0.9530,2.1730,9.8830,3.790,5.870,-2.130,726
80229.00,-0.9210,2.2770,9.9130,4.470,7.240,-2.670,727
80239.00,-0.9220,2.2380,9.9510,5.130,8.720,-2.430,727
80249.00,-0.9060,2.3100,9.9690,6.380,8.830,-1.890,727
80259.00,-0.9020,2.4050,9.9490,6.810,7.830,-0.750,727
80269.00,-0.8880,2.4030,9.9230,6.760,6.730,-0.080,727
80279.00,-0.8920,2.3520,9.8850,6.410,5.680,0.760,728
80289.00,-0.9150,2.3950,9.8320,6.390,4.610,1.220,728
80299.00,-0.9990,2.3350,9.7840,6.410,3.350,1.390,728
80309.00,-1.0550,2.3370,9.7170,6.530,2.230,0.830,728
80320.00,-1.0930,2.4110,9.6440,6.320,0.900,0.480,728
80330.00,-1.0850,2.3670,9.6270,4.990,-0.630,0.100,729
80340.00,-1.0600,2.4080,9.5560,2.540,-2.540,-1.570,729
80350.00,-1.0690,2.3980,9.5410,0.830,-3.030,-2.110,729
80360.00,-1.0940,2.4340,9.5160,-0.540,-3.290,-2.180,729
80370.00,-1.1710,2.3780,9.5330,-1.400,-3.990,-2.150,729
80380.00,-1.1580,2.3910,9.5150,-1.790,-4.950,-2.430,730
80390.00,-1.1330,2.3730,9.4770,-1.630,-5.560,-2.320,730
80400.00,-1.0700,2.4500,9.4400,-1.230,-5.980,-2.150,730
80410.00,-1.0750,2.4590,9.4740,-0.670,-6.090,-1.890,730
80420.00,-1.0380,2.4560,9.5120,0.270,-5.620,-1.890,730
80430.00,-1.0130,2.5080,9.5100,1.160,-4.150,-1.360,731
80440.00,-1.0060,2.5010,9.4970,2.230,-3.640,-0.850,731
80450.00,-1.0070,2.4920,9.5300,3.440,-3.360,-0.280,731
80460.00,-1.0100,2.4860,9.5730,4.800,-2.260,1.030,731
80470.00,-1.0130,2.5050,9.6030,5.990,-0.980,2.370,731
80480.00,-1.0430,2.4370,9.6230,6.380,0.590,3.180,732
80490.00,-1.0320,2.5070,9.6400,6.380,1.300,3.250,732
80500.00,-1.0380,2.5110,9.6900,5.550,2.280,3.480,732
80510.00,-1.0800,2.4700,9.7000,4.750,4.140,3.250,732
80520.00,-1.1250,2.4490,9.7160,4.100,5.240,2.270,732
80530.00,-1.1410,2.4570,9.6700,3.260,5.780,1.100,733
80540.00,-1.1440,2.2830,9.6230,1.970,5.050,-0.730,733
80550.00,-1.1150,2.3000,9.6220,2.320,3.890,-1.570,733
80560.00,-1.1150,2.3090,9.6690,3.140,2.460,-2.130,733
80570.00,-1.1110,2.2950,9.6860,4.310,1.200,-2.240,733
80580.00,-1.1380,2.3740,9.6530,4.990,0.380,-1.540,734
80590.00,-1.1980,2.3800,9.7300,4.070,-0.840,-0.640,734
80600.00,-1.2230,2.3640,9.7990,3.380,-1.540,-0.800,734
80610.00,-1.2190,2.4200,9.7920,3.350,-2.260,-1.120,734
80620.00,-1.2450,2.4350,9.7600,3.050,-2.800,-1.060,734
80630.00,-1.2690,2.4160,9.7010,2.050,-3.460,-1.080,735
80640.00,-1.2720,2.4030,9.6650,1.130,-4.020,-1.200,735
80650.00,-1.2210,2.4140,9.6400,0.080,-4.200,-1.430,735
80660.00,-1.2190,2.4020,9.5820,-0.820,-4.010,-1.760,735
80670.00,-1.1830,2.4270,9.5340,-1.630,-3.530,-1.900,735
80680.00,-1.2410,2.3330,9.4640,-2.030,-2.940,-1.820,736
80690.00,-1.2440,2.3460,9.4860,-1.960,-1.940,-1.990,736
80700.00,-1.2810,2.3190,9.5100,-1.910,-0.790,-1.730,736
80710.00,-1.2690,2.3540,9.5120,-0.670,0.100,-1.830,736
80720.00,-1.3000,2.4250,9.5360,0.550,0.590,-2.360,736
80730.00,-1.2530,2.5080,9.5600,1.510,0.310,-2.900,737
80740.00,-1.0830,2.6380,9.5650,2.230,-0.730,-1.800,737
80750.00,-1.0790,2.6200,9.6510,2.650,-2.500,-0.490,737
80760.00,-1.0760,2.6270,9.6100,2.420,-3.270,0.310,737
80770.00,-1.0360,2.6380,9.5920,1.930,-3.850,0.710,737
80780.00,-1.0340,2.6410,9.6080,1.740,-4.080,0.920,738
80790.00,-1.0510,2.6760,9.6220,1.040,-3.950,1.040,738
80800.00,-1.0710,2.6640,9.6460,0.160,-4.320,1.180,738
80810.00,-1.0600,2.6960,9.7040,-0.460,-4.740,0.590,738
80820.00,-1.1050,2.6760,9.7850,-1.860,-5.580,-0.140,738
80830.00,-1.1030,2.7030,9.8420,-3.120,-6.210,-1.010,739
80840.00,-1.0450,2.7000,9.8480,-3.870,-5.720,-2.150,739
80850.00,-1.1100,2.5890,9.8350,-4.520,-4.810,-2.600,739
80860.00,-1.1040,2.5050,9.7900,-4.800,-3.880,-3.020,739
80870.00,-1.1180,2.4390,9.7670,-4.430,-3.030,-3.410,739
80880.00,-1.1190,2.3620,9.7840,-4.030,-2.430,-3.600,740
80890.00,-1.0460,2.3160,9.8420,-3.610,-2.260,-3.760,740
80900.00,-1.0250,2.4320,9.8850,-2.190,-2.400,-4.130,740
80910.00,-1.0570,2.4610,9.9290,-1.930,-2.120,-4.070,740
80920.00,-1.0450,2.4720,9.9780,-1.420,-2.060,-3.650,740
80930.00,-0.9880,2.5730,10.0760,-1.170,-2.430,-3.900,741
80940.00,-1.0210,2.5850,10.2680,-2.280,-3.060,-4.060,741
80950.00,-1.0330,2.5890,10.2600,-5.230,-4.040,-4.210,741
80960.00,-1.0310,2.5510,10.2180,-6.620,-3.660,-4.560,741
80970.00,-0.9910,2.4890,10.1740,-8.050,-2.480,-5.000,741
80980.00,-0.9760,2.3770,10.0980,-8.490,-2.100,-5.160,742
80990.00,-0.9430,2.3520,10.0710,-7.820,-1.750,-5.320,742
81000.00,-0.9520,2.3470,10.0390,-7.860,-1.680,-4.840,742
81010.00,-0.9370,2.3090,10.0230,-8.280,-2.100,-3.950,742
81020.00,-0.8910,2.2980,10.0890,-7.700,-3.200,-3.640,742
81030.00,-0.8480,2.3730,10.0450,-6.880,-5.210,-3.930,743
81040.00,-0.8230,2.3650,10.0610,-6.700,-7.090,-3.760,743
81050.00,-0.8490,2.2480,10.0960,-6.250,-8.490,-4.040,743
81060.00,-0.8670,2.3130,9.9450,-5.460,-8.140,-4.670,743
81070.00,-0.9900,2.2660,9.7810,-5.040,-4.040,-5.050,743
81080.00,-0.9610,2.2820,9.5640,-5.580,2.140,-5.090,744
81090.00,-0.9020,2.2440,9.6450,-4.920,5.170,-4.440,744
81100.00,-0.8380,2.2380,9.6290,-6.140,3.880,-4.110,744
81110.00,-0.8390,2.2430,9.6500,-7.460,1.930,-3.550,744
81120.00,-0.8380,2.2490,9.6550,-8.380,0.100,-3.460,744
81130.00,-0.7620,2.2150,9.5800,-9.380,-0.120,-4.110,745
81140.00,-0.7780,2.1410,9.2980,-8.980,-0.120,-4.720,745
81150.00,-0.6810,2.0130,9.1270,-7.280,-1.820,-4.370,745
81160.00,-0.6530,1.9380,8.9820,-6.980,-2.890,-3.760,745
81170.00,-0.6280,1.9760,8.8160,-6.670,-5.340,-3.300,745
81180.00,-0.6130,1.9360,8.7880,-7.560,-7.090,-2.730,746
81190.00,-0.6260,1.8540,8.6770,-9.330,-8.330,-2.570,746
81200.00,-0.6430,1.7700,8.5260,-10.190,-9.450,-3.130,746
81210.00,-0.6060,1.7410,8.4230,-9.850,-10.550,-3.920,746
81220.00,-0.6910,1.5840,8.3880,-9.540,-10.340,-4.140,746
81230.00,-0.6350,1.5210,8.3100,-8.840,-9.470,-4.390,747
81240.00,-0.6320,1.4470,8.2660,-8.230,-9.410,-4.480,747
81250.00,-0.5990,1.4030,8.2500,-7.120,-8.780,-5.070,747
81260.00,-0.5880,1.3130,8.2710,-6.830,-7.510,-5.440,747
81270.00,-0.5620,1.2900,8.2140,-6.650,-6.090,-6.070,747
81280.00,-0.4890,1.2200,8.2360,-6.600,-5.020,-6.190,748
81290.00,-0.4370,1.2250,8.2820,-5.850,-5.340,-5.910,748
81300.00,-0.3680,1.3010,8.3540,-4.870,-6.320,-5.440,748
81310.00,-0.4050,1.1850,8.4020,-3.960,-7.680,-4.690,748
81320.00,-0.3620,1.1840,8.3880,-3.260,-8.560,-4.130,748
81330.00,-0.3190,1.1410,8.3430,-2.820,-7.610,-3.160,749
81341.00,-0.1860,1.2140,8.3460,-2.980,-5.910,-2.710,749
81351.00,-0.2090,1.1490,8.2760,-3.260,-2.890,-1.610,749
81361.00,-0.2090,1.2500,8.3530,-3.820,-0.170,-0.960,749
81371.00,-0.1950,1.2330,8.4510,-6.210,2.700,-0.850,749
81381.00,-0.2180,1.3380,8.5290,-6.620,5.280,-0.870,750
81391.00,-0.3390,1.3840,8.5710,-6.830,7.060,-0.500,750
81401.00,-0.4410,1.4150,8.5810,-9.870,7.730,-0.960,750
81411.00,-0.4770,1.2260,8.6160,-12.950,7.660,-1.480,750
81421.00,-0.4730,1.2800,8.6840,-13.370,7.940,-2.850,750
81431.00,-0.4940,1.3290,8.7990,-13.070,7.710,-4.200,751
81441.00,-0.5100,1.3480,8.9710,-12.250,7.830,-4.770,751
81451.00,-0.5140,1.4630,9.0460,-11.670,8.230,-4.740,751
81461.00,-0.4470,1.5110,9.2080,-12.060,7.430,-4.600,751
81471.00,-0.4790,1.5680,9.3330,-12.250,6.080,-4.420,751
81481.00,-0.3870,1.5680,9.3890,-13.110,3.300,-4.000,752
81491.00,-0.3690,1.4780,9.3510,-14.950,-0.700,-3.690,752
81501.00,-0.4550,1.4900,9.3110,-15.800,-3.010,-3.160,752
81511.00,-0.5740,1.4150,9.4140,-15.870,-2.100,-2.310,752
81521.00,-0.5520,1.4410,9.6160,-15.300,-0.560,-1.820,752
81531.00,-0.6580,1.4060,9.7490,-14.880,0.590,-0.840,753
81541.00,-0.8120,1.4410,9.8510,-13.630,2.950,0.590,753
81551.00,-0.8630,1.4270,10.2260,-12.160,5.500,0.620,753
81561.00,-0.8150,1.4040,10.2400,-12.150,4.380,-0.630,753
81571.00,-0.8410,1.5070,10.1400,-12.290,4.420,-2.530,753
81581.00,-0.8910,1.4770,10.0720,-13.370,3.960,-3.900,754
81591.00,-0.8320,1.4380,9.9580,-14.790,2.460,-5.370,754
81601.00,-0.8030,1.3450,9.9120,-15.300,2.110,-6.140,754
81611.00,-0.7870,1.1960,9.9270,-15.170,4.860,-7.000,754
81621.00,-0.8090,1.2450,10.0290,-13.700,8.580,-7.080,754
81631.00,-0.9530,1.1500,10.0730,-12.620,10.880,-6.580,755
81641.00,-1.0140,1.1170,10.1740,-12.230,12.630,-5.490,755
81651.00,-1.0930,1.1550,10.1910,-11.250,12.680,-3.810,755
81661.00,-1.1640,1.1110,10.1520,-10.400,11.240,-3.040,755
81671.00,-1.2270,1.0760,9.9900,-8.230,9.160,-2.950,755
81681.00,-1.1220,1.0210,9.8680,-6.230,5.570,-4.110,756
81691.00,-1.0190,1.0460,9.8770,-4.320,2.530,-5.320,756
81701.00,-1.0040,1.1860,10.0520,-1.580,1.720,-4.630,756
81711.00,-0.8780,1.1700,10.3080,1.250,1.550,-3.920,756
81721.00,-0.9150,1.2780,10.4250,3.730,0.570,-2.950,756
81731.00,-0.9180,1.2070,10.4680,5.170,-0.840,-1.500,757
81741.00,-0.9280,1.2720,10.3870,5.570,-2.080,0.200,757
81751.00,-0.9630,1.2260,10.1580,4.910,-4.710,2.220,757
81761.00,-0.9630,1.2560,10.0570,5.660,-5.910,1.710,757
81771.00,-0.9970,1.3600,9.9010,7.670,-6.250,1.390,757
81781.00,-1.1030,1.3730,9.7670,9.540,-5.390,1.740,758
81791.00,-1.1470,1.4300,9.7420,9.960,-3.880,2.440,758
81801.00,-1.2560,1.4530,9.8110,9.460,-2.100,2.500,758
81811.00,-1.1780,1.5400,9.9370,10.140,2.740,0.690,758
81821.00,-1.1770,1.5960,10.0860,10.540,7.710,0.100,758
81831.00,-1.0730,1.6230,10.0720,10.140,8.810,-0.680,759
81841.00,-0.9830,1.5400,10.0130,11.140,8.650,-0.980,759
81851.00,-1.0380,1.6050,9.8840,13.760,8.930,-0.330,759
81861.00,-1.0690,1.5500,9.8240,16.530,8.920,0.590,759
81871.00,-1.1090,1.5730,9.7650,18.330,8.150,1.060,759
81881.00,-1.1380,1.7220,9.6760,19.380,6.410,1.410,760
81891.00,-1.1680,1.7070,9.6670,18.280,4.700,2.230,760
81901.00,-1.2010,1.6940,9.7080,16.630,2.880,2.340,760
81911.00,-1.1580,1.8180,9.8730,16.700,2.530,2.230,760
81921.00,-1.1780,1.7910,10.0530,16.960,3.320,2.440,760
81931.00,-1.2330,1.9140,10.1450,17.930,4.910,2.880,761
81941.00,-1.2150,1.9800,10.2900,18.100,7.010,3.620,761
81951.00,-1.2310,2.0610,10.4620,18.520,7.730,4.740,761
81961.00,-1.2780,2.2030,10.3900,21.970,6.050,4.720,761
81971.00,-1.3310,2.1720,10.1890,21.460,4.310,4.950,761
81981.00,-1.1900,2.1660,10.1310,20.620,2.230,4.330,762
81991.00,-0.9810,2.2260,10.1860,20.240,-0.440,3.250,762
82001.00,-0.9930,2.2260,10.1790,19.960,-3.220,3.110,762
82011.00,-1.0120,2.2210,10.1920,18.910,-3.530,5.840,762
82021.00,-1.0660,2.2120,10.2750,17.020,-2.030,8.830,762
82031.00,-1.0860,2.1240,10.2670,15.560,0.520,10.340,763
82041.00,-1.0860,2.2480,10.1210,15.480,3.680,11.110,763
82051.00,-1.1980,2.2360,9.9980,15.370,6.030,11.330,763
82061.00,-1.2100,2.3030,9.8780,14.690,6.890,10.720,763
82071.00,-1.2410,2.3660,9.7830,14.500,6.890,9.530,763
82081.00,-1.1840,2.5060,9.7860,14.410,5.980,7.900,764
82091.00,-1.1700,2.4410,9.8540,13.830,4.940,6.750,764
82101.00,-1.1780,2.3980,9.9200,14.340,5.630,5.930,764
82111.00,-1.2210,2.4580,9.9290,14.460,7.620,5.720,764
82121.00,-1.2720,2.4770,9.8710,13.410,9.200,6.120,764
82131.00,-1.2620,2.4930,9.8300,11.490,9.950,5.660,765
82141.00,-1.3430,2.4010,9.7490,9.490,10.370,5.280,765
82151.00,-1.2960,2.5490,9.6700,8.420,9.930,3.630,765
82161.00,-1.3190,2.5470,9.7200,9.840,7.640,3.930,765
82171.00,-1.3300,2.5610,9.8160,10.720,6.660,4.210,765
82181.00,-1.3890,2.5110,9.8950,11.850,6.100,4.880,766
82191.00,-1.4870,2.4710,9.9290,12.500,5.610,5.260,766
82201.00,-1.4960,2.4570,9.9850,12.970,5.380,5.580,766
82211.00,-1.4270,2.4810,10.0390,13.830,4.260,4.860,766
82221.00,-1.4090,2.4510,10.1430,14.340,3.330,3.670,766
82231.00,-1.4160,2.5430,10.1810,15.110,3.120,3.140,767
82241.00,-1.3730,2.5780,10.2650,15.950,3.400,2.790,767
82251.00,-1.3800,2.5190,10.2860,15.530,3.600,2.720,767
82261.00,-1.3480,2.4820,10.3150,15.550,2.650,2.220,767
82271.00,-1.2650,2.5950,10.3460,15.690,1.270,1.830,767
82281.00,-1.2220,2.5690,10.3380,14.580,-0.260,1.570,768
82291.00,-1.2270,2.5380,10.3070,13.800,-1.400,1.290,768
82301.00,-1.2290,2.5470,10.2640,13.170,-2.710,1.430,768
82311.00,-1.2530,2.5630,10.2230,11.710,-3.550,1.310,768
82321.00,-1.2280,2.6140,10.1450,9.680,-4.230,1.200,768
82331.00,-1.2510,2.5350,10.1630,8.830,-5.000,1.530,769
82341.00,-1.1670,2.5740,10.2530,8.650,-4.690,1.880,769
82351.00,-1.2390,2.5390,10.3720,8.250,-2.990,2.900,769
82361.00,-1.2110,2.5430,10.3410,9.600,0.690,3.550,769
82372.00,-1.2040,2.5430,10.3200,10.160,1.510,3.280,769
82382.00,-1.2260,2.6220,10.2470,10.820,1.570,2.990,770
82392.00,-1.2310,2.7130,10.2140,10.930,0.830,2.990,770
82402.00,-1.2280,2.7780,10.1820,10.750,0.360,3.550,770
82412.00,-1.2870,2.7450,10.1160,10.190,0.220,4.190,770
82422.00,-1.2830,2.6480,10.0910,10.470,0.410,4.930,770
82432.00,-1.2930,2.6950,10.0720,11.520,1.110,5.330,771
82442.00,-1.3440,2.6850,10.0660,11.470,2.090,5.790,771
82452.00,-1.3120,2.7380,10.1180,10.450,3.350,5.380,771
82462.00,-1.3010,2.8290,10.1430,9.980,3.770,5.820,771
82472.00,-1.3450,2.8530,10.1400,9.190,2.860,6.070,771
82482.00,-1.3230,2.9210,10.0950,8.860,2.900,5.490,772
82492.00,-1.3350,2.9610,10.0580,9.320,3.020,4.230,772
82502.00,-1.3350,3.0070,10.0630,9.600,2.280,2.580,772
82512.00,-1.3170,3.0120,10.0940,9.260,1.150,1.380,772
82522.00,-1.3370,2.8980,10.1080,8.530,-0.380,1.100,772
82532.00,-1.3250,2.8280,10.1370,7.600,-1.590,1.030,773
82542.00,-1.3100,2.7850,10.1940,7.390,-1.960,1.480,773
82552.00,-1.3000,2.8220,10.2560,7.290,-2.360,1.920,773
82562.00,-1.3160,3.0120,10.1520,8.350,-2.940,2.460,773
82572.00,-1.3280,3.1540,10.0840,8.930,-2.850,2.850,773
82582.00,-1.3540,3.0900,10.0770,8.580,-3.060,3.340,774
82592.00,-1.3720,3.0770,10.0550,8.860,-3.690,3.020,774
82602.00,-1.3470,3.2090,9.9940,9.300,-3.880,1.990,774
82612.00,-1.3410,3.2090,9.9300,9.630,-3.690,1.460,774
82622.00,-1.3230,3.2310,9.8900,9.950,-3.850,1.460,774
82632.00,-1.2620,3.2630,9.8930,10.260,-3.390,1.710,775
82642.00,-1.2130,3.3400,9.8520,10.560,-3.080,1.990,775
82652.00,-1.2280,3.3090,9.8330,10.070,-2.710,2.340,775
82662.00,-1.2520,3.2860,9.7390,8.970,-1.910,3.210,775
82672.00,-1.2630,3.2570,9.7360,8.140,-0.470,4.110,775
82682.00,-1.2520,3.3450,9.6930,7.010,-0.020,4.300,776
82692.00,-1.2620,3.3210,9.6880,5.540,-0.230,3.790,776
82702.00,-1.2260,3.3650,9.6690,5.240,-0.400,3.280,776
82712.00,-1.1900,3.4260,9.7060,4.910,-0.520,3.020,776
82722.00,-1.1460,3.3750,9.7840,4.350,-0.860,2.850,776
82732.00,-1.0640,3.4670,9.8080,4.560,-1.730,2.640,777
82742.00,-1.0570,3.4830,9.8040,4.610,-2.750,2.930,777
82752.00,-1.0620,3.4160,9.8350,4.450,-3.710,3.200,777
82762.00,-1.1680,3.4710,9.7870,4.010,-3.670,3.650,777
82772.00,-1.2030,3.5070,9.7360,3.790,-1.680,3.600,777
82782.00,-1.2130,3.5180,9.7590,4.400,-0.260,2.880,778
82792.00,-1.2750,3.4360,9.7380,5.380,-0.580,2.530,778
82802.00,-1.3450,3.3810,9.7590,5.990,-1.280,2.480,778
82812.00,-1.3080,3.3810,9.8750,6.530,-3.220,2.040,778
82822.00,-1.2530,3.3640,10.0040,7.090,-5.130,1.410,778
82832.00,-1.2880,3.3670,10.1060,8.210,-5.930,1.220,779
82842.00,-1.2780,3.3950,10.1570,9.000,-6.190,1.460,779
82852.00,-1.1890,3.4830,10.2360,8.770,-5.930,1.450,779
82862.00,-1.1660,3.5300,10.2970,7.580,-5.950,1.410,779
82872.00,-1.1780,3.5780,10.2910,5.680,-5.700,1.410,779
82882.00,-1.1460,3.5970,10.2980,3.840,-5.760,0.850,780
82892.00,-1.1500,3.5190,10.3710,2.530,-6.070,-0.050,780
82902.00,-1.1950,3.5280,10.3380,1.480,-5.900,-0.700,780
82912.00,-1.2100,3.3490,10.2490,0.780,-5.160,-1.150,780
82922.00,-1.1280,3.2940,10.2290,0.740,-4.250,-1.200,780
82932.00,-1.0740,3.3320,10.2470,0.510,-3.690,-1.240,781
82942.00,-1.0220,3.4150,10.2310,-0.580,-4.550,-1.470,781
82952.00,-0.9750,3.4370,10.2120,-1.910,-5.560,-1.520,781
82962.00,-0.9280,3.4320,10.0760,-5.200,-6.580,-1.120,781
82972.00,-0.9570,3.3490,10.0680,-5.740,-6.400,-0.780,781
82982.00,-0.9110,3.3460,10.1640,-5.510,-6.720,-0.870,782
82992.00,-0.9520,3.3810,10.1790,-5.410,-7.650,-0.680,782
83002.00,-0.9940,3.3960,10.1530,-4.920,-7.860,0.010,782
83012.00,-1.0520,3.4160,10.1270,-4.060,-7.910,0.750,782
83022.00,-1.0980,3.4570,10.1010,-2.940,-7.520,1.660,782
83032.00,-1.0970,3.4250,10.1310,-1.840,-6.160,2.090,783
83042.00,-1.0630,3.4800,10.1750,-1.300,-4.790,2.160,783
83052.00,-1.1000,3.5050,10.2640,-1.120,-3.900,2.410,783
83062.00,-1.1030,3.5840,10.3110,-1.560,-4.090,2.440,783
83072.00,-1.1060,3.5780,10.3930,-2.560,-3.730,1.990,783
83082.00,-1.0340,3.5580,10.4690,-3.310,-2.890,2.080,784
83092.00,-1.0270,3.6160,10.5700,-4.640,-1.850,1.500,784
83102.00,-0.9760,3.6290,10.6240,-5.860,-0.860,0.380,784
83112.00,-0.9180,3.6740,10.6360,-6.620,-0.930,-1.100,784
83122.00,-0.8800,3.8600,10.6080,-6.910,-1.420,-2.390,784
83132.00,-0.8570,3.9120,10.5210,-7.610,-1.470,-2.010,785
83142.00,-0.8390,3.8940,10.4230,-9.190,-0.700,-1.200,785
83152.00,-0.8810,3.7680,10.2660,-10.620,0.220,-0.470,785
83162.00,-0.8600,3.5680,10.0610,-11.320,2.270,0.200,785
83172.00,-0.8980,3.5330,10.0600,-12.090,4.070,0.550,785
83182.00,-0.9480,3.4850,10.0000,-13.840,6.060,0.900,786
83192.00,-0.9480,3.4930,9.8750,-16.140,8.080,0.470,786
83202.00,-1.0420,3.4090,9.8230,-19.180,9.580,-0.100,786
83212.00,-1.1440,3.4240,9.7470,-20.900,9.280,-0.680,786
83222.00,-1.1220,3.2370,9.6580,-20.840,7.570,-1.190,786
83232.00,-1.0560,3.0420,9.5760,-19.370,5.730,-2.080,787
83242.00,-1.0760,2.8920,9.5150,-16.310,3.280,-2.620,787
83252.00,-0.9050,3.0980,9.6100,-11.870,-0.310,-1.970,787
83262.00,-0.7700,3.1880,9.6520,-8.980,-3.640,0.050,787
83272.00,-0.6770,3.2130,9.5000,-8.660,-3.950,2.850,787
83282.00,-0.8330,3.2060,9.3840,-10.470,-2.220,4.740,788
83292.00,-0.9170,3.0530,9.2980,-12.250,-1.400,5.020,788
83302.00,-0.8880,2.9760,9.1640,-13.980,-0.630,3.480,788
83312.00,-0.9520,2.8530,9.1710,-14.090,0.240,1.940,788
83322.00,-0.8900,2.7660,9.1440,-12.480,-0.940,0.170,788
83332.00,-0.8180,2.7310,9.1160,-9.750,-3.220,-0.780,789
83342.00,-0.7580,2.8450,9.1200,-6.350,-4.930,-0.920,789
83352.00,-0.8070,2.9060,8.9830,-3.640,-5.560,0.290,789
83362.00,-0.9350,2.7780,9.0920,-1.090,0.550,4.980,789
83372.00,-0.9520,2.7700,9.0770,2.320,1.920,6.980,789
83382.00,-0.8190,2.7880,9.1620,2.300,1.720,6.940,790
83393.00,-0.7880,2.7550,9.2120,1.070,-0.240,5.720,790
83403.00,-0.6970,2.7010,9.1340,-0.350,-2.470,3.440,790
83413.00,-0.6550,2.6750,9.0520,-1.700,-4.250,1.060,790
83423.00,-0.5740,2.6910,9.1920,-2.990,-5.340,-0.280,790
83433.00,-0.5930,2.7720,9.1200,-4.670,-5.320,-0.380,791
83443.00,-0.6490,2.6960,9.0320,-6.350,-3.250,1.410,791
83453.00,-0.6890,2.6090,8.9990,-8.750,-0.540,3.110,791
83463.00,-0.7830,2.4950,8.9650,-10.660,2.200,4.280,791
83473.00,-0.8380,2.4610,8.9520,-12.530,2.510,4.510,791
83483.00,-0.9120,2.3830,8.9980,-12.110,1.080,3.510,792
83493.00,-0.8540,2.3730,9.0220,-10.060,-1.080,2.060,792
83503.00,-0.8470,2.4100,8.9510,-7.740,-2.120,1.010,792
83513.00,-0.7420,2.4050,9.0350,-5.830,-2.590,0.640,792
83523.00,-0.7130,2.5480,9.1350,-5.290,-2.680,1.660,792
83533.00,-0.7420,2.5780,9.1820,-7.530,-2.030,3.840,793
83543.00,-0.8060,2.5190,9.2080,-10.570,-0.800,4.960,793
83553.00,-0.9020,2.4650,9.1840,-12.110,0.920,4.770,793
83563.00,-0.7660,2.3680,9.0240,-13.140,2.830,3.200,793
83573.00,-0.7260,2.2130,9.0110,-15.820,5.220,-0.210,793
83583.00,-0.7050,2.0930,8.9740,-16.080,4.790,-1.310,794
83593.00,-0.6980,2.0530,8.9610,-15.000,3.840,-1.800,794
83603.00,-0.6420,2.0670,9.1090,-13.000,1.920,-2.060,794
83613.00,-0.6860,2.1140,9.2190,-11.940,0.170,-1.450,794
83623.00,-0.6740,2.1880,9.2740,-12.580,-0.860,0.050,794
83633.00,-0.6980,2.2370,9.2660,-13.810,-1.070,2.110,795
83643.00,-0.7230,2.1730,9.3360,-15.680,-1.430,3.700,795
83653.00,-0.7400,2.1610,9.3290,-16.990,-1.570,3.880,795
83663.00,-0.7470,2.1320,9.2490,-18.030,0.030,3.130,795
83673.00,-0.7450,2.0670,9.1030,-18.570,2.950,1.640,795
83683.00,-0.7230,1.9860,8.9790,-17.680,4.700,-0.070,796
83693.00,-0.7160,1.9380,8.9130,-16.820,4.210,-1.540,796
83703.00,-0.6710,1.9510,8.8710,-16.420,2.910,-2.550,796
83713.00,-0.6610,1.8490,8.9280,-15.720,2.930,-2.550,796
83723.00,-0.6040,1.8410,8.9850,-15.240,3.390,-1.990,796
83733.00,-0.5500,1.8470,8.9850,-14.770,3.470,-1.480,797
83743.00,-0.5520,1.8740,9.0340,-13.490,3.700,-1.150,797
83753.00,-0.5270,1.9380,9.1010,-12.150,3.680,-0.700,797
83763.00,-0.6480,1.8420,9.0470,-12.150,4.380,0.260,797
83773.00,-0.6920,1.7810,9.0020,-13.560,4.470,1.530,797
83783.00,-0.7090,1.7490,9.0680,-12.740,4.070,0.710,798
83793.00,-0.7340,1.7380,9.1680,-11.670,3.420,-0.150,798
83803.00,-0.7800,1.6740,9.1500,-10.080,2.530,-0.700,798
83813.00,-0.7860,1.6510,9.1190,-7.910,1.270,-0.800,798
83823.00,-0.7820,1.7300,9.2050,-5.150,0.710,-1.290,798
83833.00,-0.7540,1.7810,9.2180,-2.990,0.990,-0.470,799
83843.00,-0.7860,1.8170,9.2900,-2.980,2.340,0.990,799
83853.00,-0.8170,1.9100,9.3350,-4.810,3.020,2.570,799
83863.00,-0.8150,1.8890,9.2750,-6.620,2.910,2.690,799
83873.00,-0.7990,1.8890,9.3180,-8.910,3.810,1.810,799
83883.00,-0.8740,1.7590,9.3320,-11.270,5.030,1.180,800
83893.00,-0.8990,1.7380,9.3120,-10.960,5.730,0.340,800
83903.00,-0.8810,1.6860,9.2030,-9.910,5.640,-0.030,800
83913.00,-0.8810,1.6130,9.2020,-8.520,4.580,0.340,800
83923.00,-0.8810,1.6170,9.1930,-6.440,3.280,0.710,800
83933.00,-0.9110,1.5670,9.3020,-4.640,2.980,0.850,801
83943.00,-0.9610,1.5920,9.3110,-3.130,4.170,0.820,801
83953.00,-1.0340,1.6780,9.2860,-1.590,5.280,0.710,801
83963.00,-1.0890,1.6760,9.3830,-0.860,5.210,0.340,801
83973.00,-1.1470,1.9270,9.3810,2.700,3.540,-1.190,801
83983.00,-1.1310,1.8840,9.4910,3.370,2.340,-1.400,802
83993.00,-1.1480,1.9480,9.5350,3.470,1.150,-1.470,802
84003.00,-1.0190,1.8720,9.5900,3.770,0.460,-1.640,802
84013.00,-0.9410,1.6460,9.6490,4.260,0.530,-1.660,802
84023.00,-0.9640,1.8680,9.6550,7.580,2.510,0.010,802
84033.00,-1.0370,1.9270,9.7650,7.600,4.650,0.660,803
84043.00,-1.0640,1.7650,9.8260,7.180,4.590,0.330,803
84053.00,-1.0770,1.8530,9.8510,7.640,4.910,0.550,803
84063.00,-1.0810,1.8550,9.9680,9.950,6.240,0.680,803
84073.00,-0.9850,1.9830,10.0360,7.250,5.310,1.320,803
84083.00,-1.1310,1.9100,10.1830,3.630,3.880,1.880,804
84093.00,-1.1330,1.9690,10.2710,2.190,3.210,1.990,804
84103.00,-1.1440,1.7560,10.3290,-1.470,1.810,1.010,804
84113.00,-1.0260,1.9950,10.0790,-4.360,0.810,-2.830,804
84123.00,-1.0940,1.8890,9.7870,-6.300,3.790,-5.720,804
84133.00,-1.1700,1.7300,10.0300,-8.980,4.820,-6.070,805
84143.00,-1.1590,1.6900,10.1380,-13.060,0.380,-6.860,805
84153.00,-1.0730,1.5670,9.9700,-16.170,-4.220,-8.060,805
84163.00,-1.1660,1.4700,10.4360,-16.150,-6.680,-7.490,805
84173.00,-0.9340,1.4560,9.5670,-31.360,-12.130,-10.410,805
84183.00,-0.3110,2.0490,8.2340,-24.410,-19.930,-9.360,806
84193.00,-0.7590,1.4420,9.3350,-26.010,-7.350,-5.790,806
84203.00,-0.6320,1.4670,10.5430,-25.170,0.620,-2.080,806
84213.00,-2.1160,0.7390,9.1700,-32.340,-6.650,1.640,806
84223.00,-1.1610,1.3170,9.1030,-26.600,-9.850,-0.570,806
84233.00,-1.0200,1.3780,9.1960,-16.750,-5.930,0.690,807
84243.00,-1.1500,1.3830,9.1470,-11.130,-3.990,1.460,807
84253.00,-1.2370,1.2960,9.1160,-4.150,-1.000,3.650,807
84263.00,-1.0830,1.2710,9.5860,3.380,0.710,6.380,807
84273.00,-0.9110,1.2880,10.2850,6.670,-0.770,8.100,807
84283.00,-0.8960,1.1740,10.4070,1.970,-5.700,6.590,808
84293.00,-0.8120,1.1350,9.9680,-6.700,-8.280,3.040,808
84303.00,-0.8940,1.0940,9.5160,-10.970,-8.710,1.390,808
84313.00,-0.7680,1.2760,9.3050,-11.100,-7.720,0.340,808
84323.00,-0.7710,1.2160,9.3050,-12.080,-6.370,0.030,808
84333.00,-0.8500,1.1620,9.5790,-12.430,-4.640,-0.010,809
84343.00,-0.8030,1.1030,9.6770,-11.410,-2.710,0.220,809
84353.00,-0.8380,1.0560,9.5150,-9.770,-0.140,0.800,809
84364.00,-0.8470,1.0700,9.5650,-7.540,2.560,0.730,809
84373.00,-0.8840,1.0540,9.5250,-0.630,6.690,0.960,809
84383.00,-0.8390,1.0620,9.4130,5.170,6.900,1.850,810
84393.00,-0.8480,1.1490,9.5800,8.620,6.220,2.570,810
84403.00,-0.7600,1.2940,9.6450,9.560,5.330,2.780,810
84414.00,-0.8000,1.1520,9.4460,7.760,4.190,2.930,810
84424.00,-0.8260,1.1330,9.5670,10.790,3.680,4.190,810
84434.00,-0.6320,1.2900,9.3100,13.110,2.460,6.080,811
84444.00,-0.6790,1.1850,9.4580,12.310,1.710,7.100,811
84454.00,-0.7200,1.1160,9.4030,11.540,0.430,7.060,811
84464.00,-0.6990,1.1720,9.3580,10.960,-0.800,6.420,811
84474.00,-0.6620,1.0930,9.3470,6.800,-1.890,5.170,811
84484.00,-0.7010,1.0150,9.3470,1.560,-1.640,3.970,812
84494.00,-0.7780,0.9370,9.5900,-2.500,-0.420,3.690,812
84504.00,-0.7870,0.8600,9.4040,-5.780,0.390,4.540,812
84514.00,-1.0610,0.6960,9.6950,5.760,-5.530,6.540,812
84524.00,-0.7530,1.0700,8.1900,2.400,-11.320,7.680,812
84534.00,-0.9220,0.9320,10.7590,16.700,-2.990,9.110,813
84544.00,-0.8910,1.2830,9.1870,12.330,-5.560,8.880,813
84554.00,-1.3480,1.3990,8.4920,20.450,-5.600,8.740,813
84564.00,-1.2160,1.3740,9.8880,48.080,-10.620,1.390,813
84574.00,-0.8590,1.2640,8.7580,54.680,-3.660,0.820,813
84584.00,-0.7170,1.6130,11.2430,62.970,7.460,-0.120,814
84594.00,-1.3300,1.6000,10.5890,39.630,3.740,-1.080,814
84604.00,-1.0500,1.5750,10.1790,31.870,-1.990,-3.060,814
84614.00,-0.9700,1.6220,10.0770,29.160,-2.260,-3.930,814
84624.00,-0.9290,1.7670,9.9290,27.760,-2.570,-4.460,814
84634.00,-0.9230,1.8560,9.8600,29.790,-3.200,-4.740,815
84644.00,-0.8320,1.9400,9.7930,32.010,-4.080,-6.720,815
84654.00,-0.8250,1.8890,9.7430,29.440,-5.510,-8.400,815
84664.00,-1.4530,1.9130,9.6940,22.370,-7.560,-8.830,815
84674.00,-0.7360,1.7340,9.7660,13.480,-11.060,-10.040,815
84684.00,-0.4890,1.8410,9.6470,15.720,-15.630,-10.640,816
84694.00,-0.8170,1.7610,9.5890,16.840,-16.400,-9.830,816
84704.00,-0.8910,1.7140,9.5100,17.890,-17.170,-10.090,816
84714.00,-0.8690,1.8180,9.4510,17.930,-18.570,-10.950,816
84724.00,-0.6690,1.9460,9.3930,15.510,-19.840,-11.060,816
84734.00,-0.1610,2.1420,9.4310,12.820,-21.050,-11.370,817
84744.00,-0.3110,1.8930,9.4920,10.910,-20.160,-12.110,817
84754.00,-0.4230,1.6350,9.4500,10.870,-18.480,-14.240,817
84764.00,-0.2850,2.0110,9.3600,12.080,-18.580,-14.840,817
84774.00,-0.2890,2.1700,9.4690,13.880,-19.460,-12.020,817
84784.00,-0.2710,2.3420,9.4950,16.120,-16.850,-11.230,818
84794.00,-0.1970,2.5120,9.5070,16.320,-13.540,-10.900,818
84804.00,-0.4270,2.4820,9.6070,14.040,-10.170,-9.640,818
84814.00,-0.5320,2.6240,9.5820,10.840,-9.470,-9.670,818
84824.00,-0.5510,2.8240,9.6710,5.760,-11.320,-10.040,818
84834.00,-1.0130,3.1650,10.1450,-1.560,-15.140,-9.710,819
84844.00,-0.2890,3.1350,9.2170,-7.860,-19.350,-10.460,819
84854.00,-0.0750,3.3260,9.6100,-4.310,-15.220,-12.470,819
84864.00,-0.0960,2.3300,9.4280,-6.980,-16.960,-10.900,819
84874.00,0.4800,3.1410,9.1450,-2.840,-26.320,-6.230,819
84884.00,0.5180,2.7660,8.7910,4.420,-23.500,-2.670,820
84894.00,-0.0740,2.2950,9.4390,10.300,-19.480,-0.380,820
84904.00,-0.2440,2.1950,9.3290,28.300,-22.430,1.990,820
84914.00,-0.1950,2.1720,9.0640,58.580,-28.280,5.580,820
84924.00,0.3850,2.9990,8.4830,69.040,-29.310,10.160,820
84934.00,0.8430,2.4170,8.3120,64.880,-22.290,22.920,821
84944.00,-0.1190,2.4550,8.5660,39.590,-3.180,43.970,821
84954.00,0.0680,2.9270,8.9020,45.260,2.530,47.800,821
84964.00,0.0950,3.2810,9.0790,37.560,6.480,48.350,821
84974.00,0.4360,3.3490,8.5800,34.150,3.230,40.030,821
84984.00,0.0320,3.1100,8.6520,5.620,-5.340,9.720,822
84994.00,0.0900,3.1630,8.4820,-2.290,-4.860,3.620,822
85004.00,-0.0170,3.0300,8.2580,-10.410,-1.490,0.360,822
85014.00,-0.0090,3.0540,8.4510,-19.850,4.660,-0.660,822
85024.00,-0.2730,2.7880,9.3690,-27.350,9.230,-0.430,822
85034.00,-0.2570,2.8890,9.8530,-36.790,8.300,-0.730,823
85044.00,-0.3310,3.0350,9.9880,-39.220,8.150,-0.120,823
85054.00,-0.4450,2.9950,9.8790,-33.200,7.290,0.480,823
85064.00,-0.4800,2.9820,9.8480,-26.510,6.360,0.240,823
85074.00,-0.5120,2.9240,9.9090,-20.350,1.780,0.030,823
85084.00,-0.2730,2.9300,9.9140,-24.570,-8.280,-2.310,824
85094.00,-0.1780,2.9040,9.8480,-34.000,-21.370,-2.990,824
85104.00,0.5620,2.9430,10.1280,-22.960,-30.360,-2.500,824
85114.00,-0.4730,2.4510,10.3050,-59.310,-42.310,-12.490,824
85124.00,-0.5930,2.3000,10.9770,-48.930,-40.980,-19.180,824
85134.00,-0.3480,1.8530,11.1510,-20.200,-38.310,-9.450,825
85144.00,0.1690,2.4800,11.1250,8.000,-32.460,1.030,825
85154.00,0.6620,2.7910,11.3430,12.170,-28.470,5.050,825
85164.00,0.7640,2.8970,11.6780,4.210,-27.840,4.320,825
85174.00,0.8480,3.0640,12.4090,-8.230,-27.300,0.970,825
85184.00,0.9400,2.8130,12.7740,-26.060,-20.510,-11.160,826
85194.00,0.7030,2.3830,12.7130,-24.680,-19.200,-11.860,826
85204.00,0.8140,2.6700,12.9120,-14.880,-15.140,-5.230,826
85214.00,0.4640,2.8520,13.5660,-12.390,-11.580,2.740,826
85224.00,0.9180,3.0400,12.8440,-17.340,-12.060,4.600,826
85234.00,1.0240,3.0480,12.4310,-15.280,-6.110,1.390,827
85244.00,0.6640,3.0080,12.3550,-6.600,-1.380,0.270,827
85254.00,0.7510,3.1960,11.9360,-4.900,-5.760,-1.590,827
85264.00,0.7840,3.0540,11.4360,-7.020,-7.980,-2.600,827
85274.00,1.0390,3.5470,11.3580,-9.500,-8.850,-2.920,827
85284.00,0.7230,3.0890,10.5290,-4.870,-9.150,8.270,828
85294.00,0.5630,2.4830,10.0660,-14.330,7.320,7.750,828
85304.00,0.4920,2.6620,9.8050,-12.390,25.560,1.250,828
85314.00,0.1970,2.7910,10.2280,-6.700,40.000,-0.150,828
85324.00,0.0440,2.7330,10.2590,-5.880,44.840,-1.760,828
85334.00,0.0370,2.4610,9.9070,-2.980,50.090,-4.770,829
85344.00,0.0550,2.6020,9.8340,4.190,57.180,-8.900,829
85354.00,0.1280,2.5780,9.6930,10.230,63.390,-12.370,829
85364.00,-0.0560,2.3700,9.7350,17.140,66.330,-15.010,829
85374.00,-0.0740,2.4010,9.7960,19.990,63.170,-17.640,829
85384.00,-0.3670,2.6720,9.9430,16.580,61.560,-16.740,830
85394.00,-0.5300,2.6510,9.8040,13.310,64.340,-15.310,830
85404.00,-0.5990,2.6260,9.6740,12.170,65.550,-13.470,830
85414.00,-0.7750,2.4710,9.3320,14.790,66.910,-11.630,830
85424.00,-0.9660,2.5550,9.4810,18.240,64.790,-10.290,830
85434.00,-1.3470,2.3300,9.1900,19.870,61.710,-10.080,831
85445.00,-1.5090,2.2420,9.2060,24.050,56.150,-11.210,831
85455.00,-1.4090,2.5120,9.4730,27.760,52.750,-11.670,831
85465.00,-1.4540,2.8780,9.7660,28.370,50.790,-11.340,831
85475.00,-1.6340,2.7570,9.6400,24.940,45.680,-10.600,831
85485.00,-1.3010,2.7610,9.3810,23.490,39.050,-10.550,832
85495.00,-1.2740,2.7400,9.3710,24.700,35.800,-10.020,832
85505.00,-1.3080,2.9650,9.3890,28.040,35.640,-9.730,832
85515.00,-1.4650,2.9990,9.4850,27.670,33.500,-7.910,832
85525.00,-1.5980,2.9790,9.5350,26.060,29.200,-5.750,832
85535.00,-1.6410,2.9000,9.5590,23.330,21.180,-4.550,833
85545.00,-1.6660,2.8590,9.5070,20.430,12.290,-4.410,833
85555.00,-1.5920,2.8520,9.5590,16.300,4.680,-4.860,833
85565.00,-1.5230,2.8010,9.5680,11.800,-1.820,-5.000,833
85575.00,-1.5380,2.7010,9.4710,7.850,-7.020,-3.570,833
85585.00,-1.2890,2.7630,9.4740,5.430,-6.600,-1.480,834
85595.00,-1.3560,2.9160,9.6160,2.280,-5.700,0.380,834
85605.00,-1.3110,3.1080,9.6140,-2.310,-8.330,2.150,834
85615.00,-1.3040,3.1150,9.6490,-7.880,-11.810,3.320,834
85625.00,-1.3230,3.1190,9.6990,-11.530,-14.770,4.260,834
85635.00,-1.3390,3.1220,9.6390,-13.760,-18.440,5.230,835
85645.00,-1.2460,3.1870,9.6000,-16.570,-22.350,6.140,835
85655.00,-1.2090,3.1890,9.5350,-20.060,-25.110,6.920,835
85665.00,-1.1920,3.1260,9.4080,-23.210,-26.040,7.290,835
85675.00,-1.1300,3.1400,9.3650,-26.390,-25.600,6.430,835
85685.00,-1.1410,3.1470,9.4510,-28.960,-25.530,5.380,836
85695.00,-1.0970,3.0220,9.3420,-31.470,-26.600,4.600,836
85705.00,-1.0190,2.8450,9.2310,-32.740,-24.970,3.790,836
85715.00,-1.0030,2.8390,9.0600,-34.440,-24.320,3.320,836
85725.00,-0.8660,2.6890,9.0500,-36.890,-22.710,3.510,836
85735.00,-0.9180,2.6790,9.1340,-38.120,-20.880,3.860,837
85745.00,-0.9020,2.6560,9.1720,-40.650,-19.530,2.950,837
85755.00,-0.9220,2.5630,9.0380,-44.660,-18.250,1.380,837
85765.00,-0.8670,2.3550,9.3270,-48.900,-16.150,-0.050,837
85775.00,-0.8020,2.2340,9.5240,-48.760,-13.470,-0.700,837
85785.00,-0.8940,2.0260,9.4400,-46.430,-8.610,-1.430,838
85795.00,-0.9300,1.7950,9.3000,-45.010,-8.000,-2.040,838
85805.00,-0.8810,1.5680,9.1570,-42.960,-7.120,-2.080,838
85815.00,-0.8780,1.4180,9.2880,-39.390,-7.860,-1.680,838
85825.00,-0.9020,1.2810,9.3370,-33.550,-6.180,-1.310,838
85835.00,-0.9660,1.0690,9.4210,-27.350,-3.250,-0.750,839
85845.00,-1.0040,1.0630,9.4400,-20.020,-3.810,0.200,839
85855.00,-1.0200,1.0770,9.4610,-13.700,-6.680,1.320,839
85865.00,-0.9360,0.9120,9.4610,-8.520,-6.980,2.430,839
85875.00,-1.0820,0.8820,9.4580,-2.150,-6.040,2.990,839
85885.00,-1.4820,1.0810,9.6620,2.750,-7.540,2.640,840
85895.00,-1.2190,0.9610,9.4550,1.550,-9.660,-0.330,840
85905.00,-0.9470,0.5070,9.6350,1.950,-7.380,-2.040,840
85915.00,-0.2690,1.1120,8.1280,4.360,3.840,-7.000,840
85925.00,-0.9170,0.7400,8.7870,14.780,16.840,-6.720,840
85935.00,-0.8920,1.0810,8.5790,11.890,9.830,-5.190,841
85945.00,-0.6300,1.0850,8.8710,14.320,3.470,-3.970,841
85955.00,-0.7010,1.4320,8.8960,17.090,1.860,-2.310,841
85965.00,-0.6980,1.6060,9.0020,17.190,-1.470,-0.540,841
85975.00,-0.6440,1.7240,9.2410,15.090,-5.490,1.430,841
85985.00,-0.5260,2.0200,9.6990,11.700,-9.820,2.830,842
85995.00,-0.4860,2.1850,9.8580,2.400,-9.450,1.670,842
86005.00,-0.5850,2.2220,9.9010,-0.720,-8.700,1.110,842
86015.00,-0.6220,2.2270,10.0160,-3.550,-8.190,1.290,842
86025.00,-0.7590,2.1700,10.1220,-5.340,-6.510,1.390,842
86035.00,-0.8130,2.1040,10.1760,-5.780,-5.040,1.410,843
86045.00,-0.7380,2.0720,10.1150,-5.600,-4.340,0.870,843
86055.00,-0.7860,1.9980,10.0540,-5.760,-3.850,0.640,843
86065.00,-0.6720,2.0030,9.9500,-5.900,-3.620,0.870,843
86075.00,-0.7320,1.8980,10.0190,-6.340,-2.450,1.250,843
86085.00,-0.6300,1.7160,9.9850,-5.530,-0.960,0.610,844
86095.00,-0.6250,1.7970,9.9140,-2.940,0.250,-0.490,844
86105.00,-0.6360,1.7040,9.8790,-2.500,-0.580,-0.940,844
86115.00,-0.5990,1.6090,9.8510,-2.910,-0.100,-1.640,844
86125.00,-0.5080,1.6840,9.9030,-2.210,0.180,-2.460,844
86135.00,-0.5520,1.4290,9.9870,0.180,2.440,-3.290,845
86145.00,-0.6380,1.4720,9.9070,1.980,4.240,-3.460,845
86155.00,-0.7480,1.5290,10.0100,3.610,4.470,-3.370,845
86165.00,-0.7400,1.5450,10.0240,6.030,4.540,-3.500,845
86175.00,-0.8080,1.5140,9.9060,10.050,5.560,-3.440,845
86185.00,-0.8020,1.6610,9.7600,11.660,5.420,-3.430,846
86195.00,-0.7200,1.6520,9.6050,7.920,3.250,-3.290,846
86205.00,-0.5920,1.7380,9.4890,6.380,3.470,-4.160,846
86215.00,-0.6300,1.7040,9.3690,5.430,4.720,-4.630,846
86225.00,-0.5800,1.6250,9.4040,5.060,6.760,-6.090,846
86235.00,-0.7750,1.6830,9.4710,4.500,8.620,-8.240,847
86245.00,-0.6970,1.8950,9.6460,6.170,8.500,-7.730,847
86255.00,-0.7770,1.6710,9.6920,10.940,7.080,-6.840,847
86265.00,-0.6050,2.0490,9.8760,16.530,5.910,-6.170,847
86275.00,-0.5770,1.8470,9.9900,19.760,4.160,-4.160,847
86285.00,-0.6420,2.0260,9.8790,23.320,2.700,-3.220,848
86295.00,-0.5950,1.9390,9.8950,26.660,1.670,-2.150,848
86305.00,-0.4950,2.0010,9.7490,29.370,-1.350,-0.940,848
86315.00,-0.5140,2.0490,9.9980,29.070,-4.830,0.660,848
86325.00,-0.4840,2.0430,9.8990,30.350,-6.890,2.060,848
86335.00,-0.4400,2.0880,9.5950,30.180,-7.490,4.000,849
86345.00,-0.5630,2.1260,9.5530,29.300,-7.770,5.520,849
86355.00,-0.6350,2.2020,9.4630,28.080,-7.820,6.770,849
86365.00,-0.6610,2.3970,9.5230,23.740,-5.980,7.200,849
86375.00,-0.7780,2.4500,9.6490,18.030,-0.540,7.730,849
86385.00,-0.8670,2.2890,9.4480,11.680,0.590,7.920,850
86395.00,-0.7690,2.5840,9.6070,-1.930,-16.260,11.420,850
86405.00,-0.5640,2.2560,9.5650,-11.170,-22.490,10.970,850
86415.00,-0.5650,2.1060,9.6230,-8.720,-29.290,13.710,850
86425.00,-0.8180,2.0820,9.6050,2.630,-31.710,16.620,850
86435.00,-0.1370,2.2420,9.2900,9.670,-34.510,15.530,851
86445.00,0.1620,2.4630,9.2720,9.610,-32.740,15.990,851
86455.00,0.2060,2.7460,9.8700,-11.200,-29.080,11.650,851
86466.00,-0.0100,2.6280,10.0550,-38.150,-27.440,6.210,851
86476.00,0.2620,2.6570,9.5740,-51.260,-22.630,2.230,851
86486.00,0.1560,2.7360,9.8220,-44.450,-10.250,2.060,852
86496.00,-0.8180,2.1210,10.2990,-36.230,-3.010,2.950,852
86506.00,-0.4360,2.4230,10.4680,-31.010,-3.100,1.570,852
86516.00,-0.3430,2.2390,9.6320,-27.280,-4.160,0.380,852
86526.00,-0.4640,2.2450,10.4680,-22.450,-1.980,-0.780,852
86536.00,-0.4180,2.0540,10.5040,-19.970,-3.010,-0.540,853
86546.00,-0.3540,2.0530,10.7230,-19.480,-2.900,-1.750,853
86556.00,-0.4240,1.7880,10.7070,-18.080,-4.060,-3.600,853
86566.00,-0.2810,1.9540,10.5460,-18.320,-5.130,-5.890,853
86576.00,-0.2580,1.9160,10.2650,-14.960,-1.050,-5.560,853
86586.00,-0.3750,1.6050,10.7960,-9.380,4.590,-5.210,854
86596.00,-0.5200,1.4180,10.0820,-19.110,2.090,-9.590,854
86606.00,-0.1120,1.4730,9.7840,-15.120,7.150,-10.720,854
86616.00,-0.5130,1.3260,9.6100,-11.320,15.160,-11.490,854
86626.00,-0.5380,1.5050,9.7360,2.020,22.320,-10.320,854
86636.00,-0.4540,1.5660,9.6450,14.760,25.610,-7.680,855
86646.00,-0.4330,1.3300,9.6380,18.960,25.650,-5.860,855
86656.00,-0.5830,1.3750,9.7350,12.030,22.010,-6.470,855
86666.00,-0.5130,1.4640,9.5880,13.530,18.260,-6.370,855
86676.00,-0.5630,1.3960,9.3990,12.270,17.230,-5.890,855
86686.00,-0.6360,1.3990,9.3320,12.760,18.560,-6.470,856
86696.00,-0.6180,1.4900,9.1720,14.390,19.100,-6.420,856
86706.00,-0.7680,1.4510,9.3600,15.280,19.070,-5.860,856
86716.00,-0.8380,1.6050,9.5480,17.790,18.520,-6.000,856
86726.00,-0.8590,1.8230,9.6270,18.800,19.400,-6.790,856
86736.00,-1.0030,1.8900,9.9680,18.170,20.730,-6.540,857
86746.00,-1.1030,1.8420,9.9860,20.550,20.850,-6.840,857
86756.00,-1.0310,2.0420,10.1980,26.820,21.150,-7.140,857
86766.00,-1.1180,2.1910,10.4350,30.120,19.940,-5.210,857
86776.00,-1.2570,2.1820,10.4110,30.260,15.500,-3.410,857
86786.00,-1.0390,2.4770,10.5140,33.450,14.500,-3.440,858
86796.00,-1.2290,2.5050,10.4490,18.010,20.760,-4.090,858
86806.00,-1.0620,2.4800,10.3290,14.290,20.170,-4.790,858
86816.00,-1.3080,2.6600,10.2430,13.340,23.550,-5.540,858
86826.00,-1.7530,1.8420,9.6080,-2.070,23.740,-3.040,858
86836.00,-1.1330,1.9620,9.3510,-1.230,25.730,0.920,859
86846.00,-1.5060,2.2020,9.1930,-1.100,26.630,1.430,859
86856.00,-1.3900,2.1080,9.5240,-5.760,23.560,3.070,859
86866.00,-1.1070,2.4430,9.5490,-12.640,14.780,1.500,859
86876.00,-1.4670,2.0740,9.6930,-15.680,5.400,0.760,859
86886.00,-1.1650,2.1660,9.5090,-11.940,4.280,-2.410,860
86896.00,-1.1250,2.1600,9.4970,-9.850,8.500,-5.860,860
86906.00,-1.0070,2.1240,9.3850,-8.560,11.210,-7.570,860
86916.00,-1.0540,2.0380,9.4390,-7.840,12.120,-7.850,860
86926.00,-1.0070,1.8980,9.4280,-6.320,12.290,-7.000,860
86936.00,-0.9730,1.8300,9.4690,-4.100,11.030,-5.370,861
86946.00,-0.9850,1.7910,9.5860,-1.870,8.810,-4.020,861
86956.00,-1.0790,1.7310,9.6460,0.880,5.840,-2.870,861
86966.00,-1.0550,1.8580,9.6230,3.860,2.530,-1.680,861
86976.00,-1.0940,1.9020,9.5720,6.030,0.290,-0.640,861
86986.00,-1.1330,1.9990,9.5910,7.930,-1.910,-0.380,862
86996.00,-1.1940,2.2080,9.7020,8.320,-4.080,0.660,862
87006.00,-1.2630,2.1410,9.6760,7.600,-2.680,0.710,862
87016.00,-1.1830,2.2700,9.6470,6.180,-1.750,0.030,862
87026.00,-1.2570,2.2520,9.7620,3.100,-1.310,0.100,862
87036.00,-1.3560,2.1540,9.8150,1.580,-2.270,0.150,863
87046.00,-1.3590,2.0880,9.7720,2.260,-2.830,-0.120,863
87056.00,-1.3070,2.1340,9.8260,3.700,-2.590,-0.940,863
87066.00,-1.3260,2.3190,9.9240,4.450,-2.010,-1.190,863
87076.00,-1.3130,2.2120,9.8780,3.790,-1.890,-0.420,863
87086.00,-1.2700,2.2990,9.8380,2.910,-0.860,-0.310,864
87096.00,-1.2650,2.4210,9.9370,1.490,0.830,0.060,864
87106.00,-1.2750,2.3720,9.9190,-0.260,2.140,0.000,864
87116.00,-1.2610,2.3420,9.8790,-1.980,2.690,-0.190,864
87126.00,-1.3300,2.3110,9.8520,-2.280,2.720,-0.050,864
87136.00,-1.3430,2.2770,9.8330,-2.780,2.040,-0.080,865
87146.00,-1.3320,2.2220,9.7790,-3.260,1.230,-0.010,865
87156.00,-1.3440,2.1700,9.7730,-3.410,-0.070,0.270,865
87166.00,-1.3630,2.1090,9.7110,-2.820,-1.430,0.550,865
87176.00,-1.3290,2.1000,9.6510,-1.910,-1.960,0.570,865
87186.00,-1.3490,2.1090,9.6380,-0.810,-1.820,0.410,866
87196.00,-1.3780,2.1870,9.6640,1.440,-1.400,-0.190,866
87206.00,-1.3420,2.2240,9.7320,1.980,-0.090,-0.590,866
87216.00,-1.3410,2.2830,9.7610,1.340,1.460,-1.060,866
87226.00,-1.3980,2.2300,9.8240,0.220,1.780,-1.380,866
87236.00,-1.3740,2.2740,9.8040,-0.280,1.040,-1.750,867
87246.00,-1.4020,2.2260,9.8300,0.060,0.640,-1.240,867
87256.00,-1.3910,2.2560,9.8230,1.440,0.430,-0.640,867
87266.00,-1.4420,2.2520,9.8480,2.110,0.450,0.100,867
87276.00,-1.4290,2.2620,9.9230,3.170,0.740,-0.050,867
87286.00,-1.4770,2.2850,9.9570,4.290,1.620,-0.710,868
87296.00,-1.4110,2.3380,9.8970,4.910,2.930,-1.550,868
87306.00,-1.5000,2.3680,10.0530,4.570,3.950,-2.430,868
87316.00,-1.4890,2.2760,9.8730,4.400,3.330,-3.370,868
87326.00,-1.4060,2.2490,9.7000,3.190,3.190,-3.850,868
87336.00,-1.3140,2.3580,9.7470,2.930,4.610,-3.640,869
87346.00,-1.3970,2.3500,9.6430,1.600,6.100,-2.660,869
87356.00,-1.4420,2.2160,9.5970,0.990,6.540,-1.660,869
87366.00,-1.4280,2.2220,9.7170,0.580,6.030,-1.260,869
87376.00,-1.4450,2.1520,9.7070,0.460,5.170,-1.330,869
87386.00,-1.4140,2.1820,9.6500,1.510,5.070,-2.220,870
87396.00,-1.3800,2.1940,9.5000,2.040,4.140,-2.430,870
87406.00,-1.3670,2.2260,9.5090,1.950,1.850,-1.870,870
87416.00,-1.3980,2.1640,9.5100,1.720,0.940,-1.360,870
87426.00,-1.3810,2.1930,9.4940,1.130,-0.070,-1.050,870
87436.00,-1.3790,2.2220,9.4540,0.290,-0.790,-1.010,871
87446.00,-1.4120,2.1300,9.4330,-0.490,-0.510,-0.960,871
87456.00,-1.3470,2.1480,9.4190,-0.420,-0.400,-1.120,871
87466.00,-1.3630,2.0870,9.4120,0.000,-0.280,-1.220,871
87476.00,-1.3920,2.1080,9.4160,0.830,-0.100,-1.480,871
87486.00,-1.4110,2.1650,9.4300,1.600,-0.300,-1.570,872
87497.00,-1.4350,2.1430,9.5340,2.210,-0.070,-1.500,872
87507.00,-1.4240,2.1550,9.5860,2.720,-0.160,-1.330,872
87517.00,-1.4270,2.1940,9.7490,2.750,-0.120,-0.920,872
87527.00,-1.4020,2.2630,9.8110,3.030,0.180,-0.700,872
87537.00,-1.4560,2.2710,9.8360,3.090,0.170,-0.420,873
87547.00,-1.4450,2.3300,9.8770,2.210,-0.660,-0.190,873
87557.00,-1.4660,2.3280,9.8710,1.620,-1.010,-0.140,873
87567.00,-1.4640,2.3780,9.8420,1.440,-0.510,-0.470,873
87577.00,-1.4880,2.3740,9.7960,1.350,-0.030,-0.700,873
87587.00,-1.4940,2.3610,9.7420,1.510,0.480,-0.910,874
87597.00,-1.5230,2.3520,9.6820,1.700,1.430,-0.920,874
87607.00,-1.5050,2.3860,9.7420,2.490,4.020,-1.270,874
87617.00,-1.5330,2.2930,9.8210,2.210,5.450,-1.380,874
87627.00,-1.4540,2.4160,9.7860,2.000,6.750,-2.080,874
87637.00,-1.4540,2.3460,9.7560,1.200,6.830,-4.810,875
87647.00,-1.5230,2.2690,9.6430,1.490,6.270,-4.970,875
87657.00,-1.5380,2.2130,9.6490,1.180,4.520,-4.230,875
87667.00,-1.4030,2.2040,9.5860,0.570,2.480,-2.940,875
87677.00,-1.3190,2.1340,9.5100,0.290,1.780,-1.610,875
87687.00,-1.2950,2.0210,9.4830,0.370,1.640,-0.730,876
87697.00,-1.3390,2.0230,9.5250,1.210,0.880,-0.100,876
87707.00,-1.3720,2.0510,9.5660,1.410,0.030,0.010,876
87717.00,-1.3980,2.1200,9.5740,1.020,-0.160,-0.120,876
87727.00,-1.4290,2.1360,9.6100,0.970,0.240,-0.380,876
87737.00,-1.4580,2.1730,9.6280,1.580,0.810,-0.450,877
87747.00,-1.4820,2.1890,9.6710,1.900,1.130,-0.190,877
87757.00,-1.5330,2.2420,9.7380,2.140,0.880,-0.010,877
87767.00,-1.5290,2.3380,9.7680,2.160,0.850,0.200,877
87777.00,-1.5600,2.2640,9.8240,1.950,0.830,-0.190,877
87787.00,-1.6290,2.2980,9.7750,1.480,0.660,-0.220,878
87797.00,-1.5170,2.3090,9.6900,-0.120,0.410,-0.540,878
87807.00,-1.4330,2.3440,9.6980,-3.330,0.040,-0.350,878
87817.00,-1.4600,2.3120,9.7370,-3.640,0.460,-0.490,878
87827.00,-1.4340,2.3610,9.7280,-3.340,0.780,-0.960,878
87837.00,-1.4290,2.3420,9.7190,-3.590,1.220,-1.260,879
87847.00,-1.4650,2.2790,9.6710,-3.590,0.990,-0.940,879
87857.00,-1.4540,2.2800,9.6430,-3.290,-0.100,-0.470,879
87867.00,-1.4950,2.2430,9.6900,-2.640,-0.800,0.130,879
87877.00,-1.5070,2.2320,9.7020,-2.000,-1.490,0.520,879
87887.00,-1.4870,2.2400,9.7160,-2.190,-2.290,0.730,880
87897.00,-1.4950,2.2080,9.6560,-1.580,-2.220,0.760,880
87907.00,-1.4910,2.2310,9.6110,-0.670,-1.520,0.780,880
87917.00,-1.4910,2.2220,9.5410,-0.300,-0.840,0.890,880
87927.00,-1.4640,2.2250,9.5610,-0.530,-0.540,0.760,880
87937.00,-1.4870,2.2440,9.5240,-0.580,-0.160,0.610,881
87947.00,-1.4840,2.2260,9.5310,-0.560,0.030,0.520,881
87957.00,-1.4830,2.2390,9.5860,-0.820,-0.020,0.430,881
87967.00,-1.5070,2.2740,9.6410,-0.280,0.450,0.360,881
87977.00,-1.5260,2.3130,9.6920,0.040,1.390,0.130,881
87987.00,-1.5170,2.3350,9.7160,0.480,1.950,-0.050,882
87997.00,-1.5720,2.3070,9.7350,1.460,2.460,-0.150,882
88007.00,-1.5810,2.3030,9.7440,2.420,0.740,0.080,882
88017.00,-1.5310,2.3050,9.7320,1.840,0.010,0.400,882
88027.00,-1.5430,2.2600,9.6880,0.740,-1.080,0.760,882
88037.00,-1.5020,2.2980,9.6460,0.440,-1.400,0.640,883
88047.00,-1.5560,2.2920,9.6700,-0.250,-1.710,0.800,883
88057.00,-1.5490,2.2820,9.6800,-0.580,-1.850,0.540,883
88067.00,-1.5850,2.2480,9.7130,-0.530,-1.520,0.080,883
88077.00,-1.5880,2.2570,9.7190,0.060,-1.210,-0.360,883
88087.00,-1.5330,2.2940,9.6930,0.160,-0.420,-0.450,884
88097.00,-1.5050,2.2430,9.6820,-0.160,-0.730,-0.220,884
88107.00,-1.5170,2.2580,9.7420,0.150,-1.070,0.130,884
88117.00,-1.5320,2.2520,9.7710,0.670,-1.080,0.340,884
88127.00,-1.5360,2.2360,9.7690,1.440,-1.420,0.400,884
88137.00,-1.4900,2.2100,9.6620,1.650,-1.710,0.310,885
88147.00,-1.4620,2.2600,9.6370,1.550,-1.800,0.330,885
88157.00,-1.4650,2.3040,9.6830,0.580,-1.570,0.550,885
88167.00,-1.5170,2.2100,9.6880,-0.390,-1.730,0.890,885
88177.00,-1.5300,2.2120,9.6740,-0.400,-1.940,0.610,885
88187.00,-1.5390,2.1770,9.7130,0.390,-1.680,0.200,886
88197.00,-1.5180,2.1400,9.6670,1.580,-0.940,-0.190,886
88207.00,-1.4140,2.2790,9.6430,1.860,-0.170,-0.590,886
88217.00,-1.4560,2.2330,9.6640,0.500,0.220,-0.280,886
88227.00,-1.4700,2.2450,9.7140,0.250,0.570,-0.360,886
88237.00,-1.4880,2.2660,9.7850,0.620,0.430,-0.700,887
88247.00,-1.5020,2.3000,9.8090,1.340,0.080,-0.910,887
88257.00,-1.4850,2.3290,9.7920,2.050,0.220,-0.920,887
88267.00,-1.4380,2.3530,9.7550,1.970,0.380,-0.610,887
88277.00,-1.4050,2.3050,9.7070,0.970,0.240,-0.150,887
88287.00,-1.3810,2.3050,9.6560,0.020,-0.630,-0.030,888
88297.00,-1.4350,2.2850,9.6710,-1.100,-1.100,-0.140,888
88307.00,-1.4280,2.2600,9.6530,-1.590,-0.610,-0.430,888
88317.00,-1.4630,2.2370,9.6270,-1.210,-0.160,-0.710,888
88327.00,-1.4990,2.2380,9.5790,-0.580,0.740,-0.990,888
88337.00,-1.4810,2.2910,9.6090,-0.440,1.900,-1.170,889
88347.00,-1.5020,2.2370,9.6190,-1.210,2.320,-1.060,889
88357.00,-1.4890,2.2420,9.6670,-1.280,2.270,-1.400,889
88367.00,-1.4760,2.2220,9.6520,-0.950,1.850,-1.410,889
88377.00,-1.4710,2.1990,9.6590,-0.250,1.440,-1.150,889
88387.00,-1.4230,2.2130,9.6370,0.640,0.780,-0.770,890
88397.00,-1.4360,2.2130,9.6320,1.420,-0.240,-0.280,890
88407.00,-1.3970,2.3070,9.6610,0.780,-1.750,0.620,890
88417.00,-1.3970,2.3040,9.7190,0.290,-1.220,0.850,890
88427.00,-1.4300,2.2860,9.6770,0.040,-0.420,0.900,890
88437.00,-1.5080,2.2940,9.7540,0.290,1.250,0.800,891
88447.00,-1.5300,2.3120,9.7830,0.090,2.370,1.100,891
88457.00,-1.5920,2.2480,9.8110,0.150,2.720,1.320,891
88467.00,-1.6110,2.2630,9.8580,0.530,2.550,1.080,891
88477.00,-1.6030,2.2890,9.8960,0.570,2.160,1.100,891
88487.00,-1.6430,2.2120,9.8500,0.320,2.040,1.150,892
88497.00,-1.5860,2.2100,9.7910,0.320,1.250,1.130,892
88507.00,-1.5130,2.2830,9.7130,0.160,1.160,0.660,892
88518.00,-1.5440,2.2250,9.6590,-0.510,1.530,0.100,892
88528.00,-1.5080,2.2480,9.6340,-0.950,2.020,-0.610,892
88538.00,-1.4960,2.2250,9.6010,-1.650,2.860,-1.360,893
88548.00,-1.4710,2.2380,9.5290,-1.680,3.370,-2.110,893
88558.00,-1.4930,2.2610,9.5440,-1.120,3.530,-2.550,893
88568.00,-1.5260,2.2620,9.5970,-0.720,3.560,-2.380,893
88578.00,-1.5720,2.2550,9.6390,0.010,3.000,-1.940,893
88588.00,-1.5790,2.2490,9.6560,1.060,1.860,-1.410,894
88598.00,-1.5960,2.2310,9.6560,1.790,0.450,-0.660,894
88608.00,-1.5900,2.1750,9.6280,1.620,-1.940,0.540,894
88618.00,-1.5910,2.1410,9.6000,0.690,-2.590,0.570,894
88628.00,-1.5940,2.1770,9.5800,0.250,-2.400,0.290,894
88638.00,-1.5580,2.1730,9.5270,0.320,-1.850,-0.140,895
88648.00,-1.5120,2.1820,9.4370,0.740,-1.290,-0.470,895
88658.00,-1.4830,2.1940,9.4620,1.200,-0.910,-0.470,895
88668.00,-1.4580,2.1930,9.4660,1.700,-0.170,-0.310,895
88678.00,-1.4730,2.1940,9.5460,2.230,0.380,-0.330,895
88688.00,-1.4440,2.2100,9.5370,2.670,0.530,-0.350,896
88698.00,-1.4290,2.2090,9.5640,2.960,-0.020,-0.190,896
88708.00,-1.4420,2.2310,9.5920,2.700,-0.720,0.130,896
88718.00,-1.4840,2.2500,9.6560,2.470,-1.210,0.500,896
88728.00,-1.4530,2.2850,9.6430,2.370,-1.470,0.710,896
88738.00,-1.4650,2.3360,9.6860,1.510,-1.080,1.080,897
88748.00,-1.5340,2.2980,9.7070,1.140,-0.370,1.130,897
88758.00,-1.5450,2.3040,9.7230,1.340,0.030,0.820,897
88768.00,-1.5450,2.3170,9.7550,1.560,-0.090,0.380,897
88778.00,-1.5310,2.2890,9.6860,1.600,-0.020,0.200,897
88788.00,-1.5450,2.2280,9.6370,1.600,0.180,0.190,898
88798.00,-1.4950,2.3100,9.6980,1.250,0.250,0.100,898
88808.00,-1.5310,2.2660,9.7780,0.060,-0.190,0.400,898
88818.00,-1.5460,2.2870,9.7480,0.040,-0.100,0.050,898
88828.00,-1.5450,2.3090,9.7180,0.160,-0.120,0.330,898
88838.00,-1.5380,2.3090,9.6470,0.370,-0.750,0.690,899
88848.00,-1.4950,2.3650,9.6290,0.790,-1.100,1.040,899
88858.00,-1.5620,2.3240,9.6320,0.230,-1.360,1.450,899
88868.00,-1.5630,2.2660,9.6070,0.360,-1.360,1.570,899
88878.00,-1.5660,2.2080,9.5670,0.410,-1.220,1.590,899
88888.00,-1.5300,2.2100,9.5650,0.900,-1.080,1.530,900
88898.00,-1.5610,2.1930,9.6520,1.350,-0.800,1.520,900
88908.00,-1.5790,2.2070,9.6680,1.650,-0.560,1.150,900
88918.00,-1.5560,2.2220,9.6950,1.670,-0.160,0.550,900
88928.00,-1.5430,2.2660,9.6740,1.700,0.340,0.150,900
88938.00,-1.5460,2.3060,9.7180,1.160,0.850,0.190,901
88948.00,-1.5340,2.3270,9.7120,0.720,1.010,0.290,901
88958.00,-1.5540,2.3550,9.7300,0.500,0.810,0.380,901
88968.00,-1.5500,2.3370,9.7180,0.410,0.380,0.400,901
88978.00,-1.5360,2.3300,9.6410,0.200,-0.160,0.310,901
88988.00,-1.4930,2.3030,9.5970,0.130,-0.630,0.410,902
88998.00,-1.4880,2.3030,9.5650,0.430,-1.010,0.710,902
89008.00,-1.4900,2.3420,9.5360,0.920,-1.150,0.800,902
89018.00,-1.5180,2.2930,9.5490,0.970,-0.650,0.640,902
89028.00,-1.5090,2.3370,9.5900,1.060,0.080,0.150,902
89038.00,-1.5420,2.3410,9.6620,0.930,0.940,-0.360,903
89048.00,-1.5340,2.3430,9.6770,0.950,1.600,-0.840,903
89058.00,-1.5260,2.3790,9.7260,1.130,1.920,-0.890,903
89068.00,-1.5580,2.3700,9.7710,1.350,1.670,-0.630,903
89078.00,-1.5670,2.3490,9.7530,1.340,0.780,-0.350,903
89088.00,-1.5550,2.3610,9.7370,1.070,-0.070,-0.050,904
89098.00,-1.5570,2.3040,9.7310,0.690,-1.030,0.410,904
89108.00,-1.5340,2.3220,9.6780,0.360,-1.800,0.550,904
89118.00,-1.5580,2.2890,9.6490,0.080,-2.400,0.550,904
89128.00,-1.5050,2.2920,9.6190,0.150,-2.410,0.290,904
89138.00,-1.5150,2.3010,9.6310,0.830,-2.290,0.290,905
89148.00,-1.4830,2.3180,9.6130,1.810,-2.030,0.260,905
89158.00,-1.4270,2.3850,9.6780,2.720,-1.820,0.030,905
89168.00,-1.4410,2.3680,9.6470,2.860,-1.400,0.080,905
89178.00,-1.4220,2.3770,9.6530,2.930,-0.540,0.000,905
89188.00,-1.3970,2.3790,9.6780,2.930,0.360,0.190,906
89198.00,-1.3900,2.3530,9.6840,2.680,1.020,0.400,906
89208.00,-1.4110,2.3420,9.6530,2.070,1.530,0.540,906
89218.00,-1.4670,2.3740,9.7100,0.830,1.110,0.190,906
89228.00,-1.5340,2.3540,9.7380,0.550,0.690,0.130,906
89238.00,-1.5780,2.3420,9.7420,0.290,0.360,-0.070,907
89248.00,-1.6090,2.3780,9.7380,0.090,-0.230,-0.170,907
89258.00,-1.6270,2.3710,9.7280,-0.320,-1.030,-0.210,907
89268.00,-1.6460,2.3400,9.7500,-0.560,-1.420,-0.140,907
89278.00,-1.6290,2.3240,9.7370,-0.600,-1.780,-0.120,907
89288.00,-1.6050,2.3220,9.6650,-0.490,-2.340,-0.050,908
89298.00,-1.5600,2.3010,9.6170,-0.440,-2.640,0.050,908
89308.00,-1.5010,2.2950,9.5920,-0.320,-2.570,-0.050,908
89318.00,-1.4510,2.3190,9.5380,0.000,-2.360,-0.310,908
89328.00,-1.3990,2.3360,9.5220,0.500,-1.800,-0.590,908
89338.00,-1.3440,2.3160,9.5830,0.860,-0.930,-0.590,909
89348.00,-1.3550,2.3000,9.6040,0.740,-0.090,-0.290,909
89358.00,-1.3810,2.3040,9.6260,0.290,0.880,-0.310,909
89368.00,-1.4160,2.2500,9.6090,-0.160,1.600,-0.070,909
89378.00,-1.4460,2.2300,9.6620,-0.230,2.000,-0.070,909
89388.00,-1.4750,2.2580,9.6590,0.060,1.860,-0.170,910
89398.00,-1.5030,2.2860,9.6520,0.230,1.500,-0.190,910
89408.00,-1.5200,2.2760,9.6700,0.510,0.990,-0.050,910
89418.00,-1.5490,2.3490,9.6590,1.250,-0.240,0.150,910
89428.00,-1.5580,2.3620,9.7020,1.040,-0.380,0.330,910
89438.00,-1.5180,2.3380,9.6670,0.930,-0.470,0.330,911
89448.00,-1.5010,2.3680,9.6500,1.250,-0.540,0.170,911
89458.00,-1.4830,2.3560,9.6270,1.700,-0.490,0.200,911
89468.00,-1.4930,2.3780,9.6470,1.690,-0.030,0.060,911
89478.00,-1.4720,2.3800,9.6770,1.510,0.640,-0.100,911
89488.00,-1.4790,2.3740,9.6520,0.990,0.990,-0.280,912
89498.00,-1.4720,2.4010,9.6770,0.670,1.180,-0.430,912
89508.00,-1.4710,2.3500,9.6580,0.370,0.520,-0.470,912
89518.00,-1.4530,2.3950,9.6320,0.600,-0.170,-0.240,912
89528.00,-1.4750,2.3540,9.6560,0.620,-0.490,0.120,912
89539.00,-1.4950,2.3410,9.6200,0.340,-0.730,0.190,913
89549.00,-1.4950,2.3520,9.5960,0.090,-0.910,0.130,913
89559.00,-1.4890,2.3480,9.5680,0.180,-0.890,0.340,913
89569.00,-1.4970,2.3370,9.5520,0.740,-0.860,0.590,913
89579.00,-1.5240,2.3280,9.5740,1.420,-0.790,0.710,913
89589.00,-1.5230,2.3350,9.5940,1.880,-0.890,0.620,914
89599.00,-1.5370,2.3330,9.6580,2.050,-0.520,0.340,914
89609.00,-1.5250,2.3500,9.7000,2.000,-0.030,-0.120,914
89619.00,-1.5030,2.3460,9.7390,1.840,0.150,-0.630,914
89629.00,-1.4840,2.3670,9.7250,1.630,0.320,-0.490,914
89639.00,-1.4970,2.3460,9.7230,1.270,0.100,-0.080,915
89649.00,-1.4710,2.3890,9.6990,1.370,-0.240,0.100,915
89659.00,-1.4750,2.3980,9.7080,1.090,-0.560,0.260,915
89669.00,-1.4660,2.3970,9.6810,0.920,-0.420,0.380,915
89679.00,-1.4570,2.3880,9.6820,0.830,-0.230,0.310,915
89689.00,-1.4470,2.3960,9.6380,0.780,-0.210,0.270,916
89699.00,-1.4810,2.4270,9.6200,0.720,-0.140,0.130,916
89709.00,-1.4950,2.4290,9.6580,1.020,0.430,-0.190,916
89719.00,-1.5150,2.4250,9.7100,1.300,1.180,-0.560,916
89729.00,-1.5510,2.4410,9.7290,1.460,1.720,-1.010,916
89739.00,-1.5510,2.4570,9.7740,1.320,2.200,-1.470,917
89749.00,-1.5390,2.4610,9.7910,1.000,2.090,-1.640,917
89759.00,-1.5430,2.4440,9.7990,0.670,1.810,-1.760,917
89769.00,-1.5730,2.4170,9.7680,0.480,1.220,-1.660,917
89779.00,-1.5510,2.4340,9.7720,0.620,0.880,-1.540,917
89789.00,-1.5970,2.4150,9.8110,0.300,1.340,-1.330,918
89799.00,-1.5870,2.4330,9.8220,-0.190,2.000,-1.680,918
89809.00,-1.5990,2.3920,9.8040,-0.810,2.560,-2.100,918
89819.00,-1.5210,2.3480,9.6590,-1.350,2.860,-2.500,918
89829.00,-1.4950,2.2870,9.6270,-1.240,2.530,-2.200,918
89839.00,-1.4530,2.2190,9.5560,-0.880,2.040,-1.760,919
89849.00,-1.3870,2.1640,9.4770,-0.580,0.740,-1.190,919
89859.00,-1.3260,2.1750,9.4790,-0.110,-0.210,-0.700,919
89869.00,-1.3310,2.2250,9.4390,0.200,-0.590,-0.330,919
89879.00,-1.3590,2.2640,9.4970,0.410,-0.330,-0.310,919
89889.00,-1.3690,2.3270,9.4870,0.040,0.130,-0.450,920
89899.00,-1.4040,2.3890,9.5160,-0.260,0.590,-0.560,920
89909.00,-1.4670,2.4150,9.5290,-0.580,0.810,-0.490,920
89919.00,-1.4940,2.4800,9.5560,-0.400,1.340,-0.280,920
89929.00,-1.5330,2.4890,9.6200,-0.650,1.290,0.120,920
89939.00,-1.6150,2.4760,9.6460,-0.910,0.920,0.430,921
89949.00,-1.6280,2.4530,9.6720,-0.910,0.640,0.310,921
89959.00,-1.6580,2.4520,9.6250,-0.960,0.430,0.030,921
89969.00,-1.6310,2.4450,9.5940,-0.680,0.290,-0.120,921
89979.00,-1.6280,2.3940,9.5790,-0.580,0.000,-0.080,921
89989.00,-1.6220,2.4090,9.5780,-0.110,-0.240,-0.280,922
89999.00,-1.6540,2.4030,9.5830,0.200,-0.400,-0.520,922
90009.00,-1.6430,2.3890,9.5720,-0.040,-0.170,-0.710,922
90019.00,-1.6520,2.3790,9.6490,-0.180,0.170,-1.010,922
90029.00,-1.6070,2.3580,9.6220,-1.210,-0.020,-1.870,922
90039.00,-1.5750,2.2910,9.5610,-1.350,-0.660,-1.970,923
90049.00,-1.5270,2.2930,9.5610,-0.600,-1.520,-1.710,923
90059.00,-1.4870,2.2920,9.5620,0.580,-2.270,-1.150,923
90069.00,-1.5210,2.2730,9.5650,2.040,-2.240,-0.490,923
90079.00,-1.4940,2.2830,9.5710,3.030,-2.200,-0.350,923
90089.00,-1.5480,2.3000,9.5560,3.820,-1.850,-0.610,924
90099.00,-1.4810,2.2820,9.6090,4.240,-1.710,-1.120,924
90109.00,-1.4510,2.4080,9.6530,5.150,-1.490,-1.520,924
90119.00,-1.4260,2.4740,9.6610,3.520,-0.720,-0.990,924
90129.00,-1.4660,2.4450,9.7050,2.350,0.660,-0.630,924
90139.00,-1.5330,2.4160,9.7470,1.270,1.580,-0.700,925
90149.00,-1.5300,2.4530,9.7770,0.930,2.070,-1.190,925
90159.00,-1.5720,2.4500,9.8080,0.830,2.370,-1.450,925
90169.00,-1.6010,2.4250,9.8140,1.040,2.510,-1.400,925
90179.00,-1.6050,2.4040,9.8590,1.340,2.410,-1.410,925
90189.00,-1.6050,2.4310,9.8350,1.630,2.410,-1.610,926
90199.00,-1.6270,2.4550,9.8170,1.270,1.920,-1.660,926
90209.00,-1.5720,2.4840,9.7860,0.900,1.230,-1.640,926
90219.00,-1.6010,2.4640,9.7800,0.000,0.600,-1.290,926
90229.00,-1.5930,2.4640,9.7310,-0.720,0.760,-1.060,926
90239.00,-1.5570,2.4870,9.7120,-1.230,1.150,-1.170,927
90249.00,-1.5690,2.4860,9.6040,-1.750,1.740,-1.050,927
90259.00,-1.5490,2.3850,9.6230,-2.260,2.200,-1.200,927
90269.00,-1.5800,2.3370,9.5980,-2.700,1.760,-1.360,927
90279.00,-1.5680,2.2340,9.5640,-2.770,0.810,-1.330,927
90289.00,-1.5230,2.2120,9.5280,-2.100,-0.510,-1.120,928
90299.00,-1.5090,2.2010,9.6000,-1.280,-1.920,-0.730,928
90309.00,-1.4540,2.2400,9.5710,-0.560,-3.170,-0.260,928
90319.00,-1.5230,2.1840,9.5960,-0.330,-4.130,0.200,928
90329.00,-1.5960,2.1990,9.5640,0.500,-4.640,0.080,928
90339.00,-1.5990,2.2740,9.6160,1.230,-5.350,-0.010,929
90349.00,-1.6330,2.2600,9.5820,1.440,-6.020,-0.350,929
90359.00,-1.6150,2.2790,9.5660,2.190,-6.740,-0.840,929
90369.00,-1.2900,2.3440,9.4240,1.040,-7.280,-1.360,929
90379.00,-1.4180,2.3280,9.4440,-0.440,-6.610,-0.240,929
90389.00,-1.3910,2.2990,9.4480,-0.770,-5.930,0.240,930
90399.00,-1.4500,2.3240,9.5420,-1.330,-4.480,0.480,930
90409.00,-1.4730,2.3360,9.5860,-0.580,-3.710,-0.280,930
90419.00,-1.4830,2.3770,9.6400,0.360,-3.360,-0.780,930
90429.00,-1.5400,2.4590,9.7080,0.200,-2.940,-0.770,930
90439.00,-1.5130,2.4930,9.7930,-0.680,-3.380,-0.820,931
90449.00,-1.5250,2.4440,9.7420,-1.890,-4.020,-1.050,931
90459.00,-1.4700,2.4890,9.7920,-2.920,-4.160,-1.430,931
90469.00,-1.4840,2.3920,9.8020,-4.200,-3.870,-1.620,931
90479.00,-1.4300,2.3880,9.7790,-5.040,-3.710,-1.570,931
90489.00,-1.4810,2.3500,9.7490,-5.370,-4.040,-1.150,932
90499.00,-1.4640,2.2930,9.6830,-4.550,-4.250,-0.980,932
90509.00,-1.4850,2.2670,9.6510,-3.620,-3.600,-0.800,932
90519.00,-1.4530,2.2260,9.6430,-3.100,-3.060,-0.850,932
90529.00,-1.4990,2.2280,9.5840,-3.360,-1.920,-0.980,932
90539.00,-1.4790,2.1810,9.6020,-2.980,-0.820,-1.410,933
90549.00,-1.4830,2.1790,9.5820,-2.420,-0.420,-1.710,933
90559.00,-1.4280,2.2240,9.6460,-1.700,-0.580,-1.970,933
90570.00,-1.4420,2.2200,9.6390,-1.450,-0.730,-1.570,933
90580.00,-1.4770,2.2800,9.6010,-1.350,-1.280,-1.190,933
90590.00,-1.4900,2.2520,9.6580,-1.280,-1.240,-1.150,934
90600.00,-1.4650,2.2670,9.6740,-1.490,-1.360,-1.330,934
90610.00,-1.4160,2.2940,9.6870,-2.400,-2.120,-1.430,934
90620.00,-1.3990,2.2930,9.7350,-3.190,-2.550,-1.290,934
90630.00,-1.3750,2.2670,9.7080,-3.340,-1.640,-1.500,934
90640.00,-1.4140,2.2640,9.6690,-3.890,-0.860,-1.450,935
90650.00,-1.3610,2.2680,9.6820,-3.870,0.570,-1.610,935
90660.00,-1.3260,2.2610,9.7190,-4.130,1.530,-1.550,935
90670.00,-1.3550,2.2740,9.7140,-4.200,2.270,-1.400,935
90680.00,-1.3780,2.2760,9.7840,-3.940,3.370,-1.450,935
90690.00,-1.4140,2.2430,9.7770,-3.960,3.670,-1.380,936
90700.00,-1.4730,2.2180,9.7060,-3.780,4.840,-1.480,936
90710.00,-1.4150,2.2440,9.6810,-3.780,7.500,-1.710,936
90720.00,-1.4360,2.1830,9.6590,-3.710,8.620,-1.450,936
90730.00,-1.4720,2.1430,9.7050,-2.450,8.440,-1.520,936
90740.00,-1.5140,2.1570,9.6720,-1.520,8.440,-1.470,937
90750.00,-1.5520,2.1350,9.6520,-1.260,9.340,-1.890,937
90760.00,-1.5380,2.1910,9.5840,-1.980,9.390,-2.390,937
90770.00,-1.5230,2.2100,9.6760,-3.060,10.120,-3.090,937
90780.00,-1.5400,2.2790,9.6630,-4.250,11.050,-3.780,937
90790.00,-1.4910,2.3180,9.6450,-4.900,11.630,-6.050,938
90800.00,-1.6550,2.1030,9.6260,-4.590,12.910,-5.260,938
90810.00,-1.6530,2.1950,9.7660,-4.360,14.340,-5.160,938
90820.00,-1.5810,2.2210,9.7620,-5.460,14.390,-4.110,938
90830.00,-1.5800,2.0480,9.7000,-5.710,11.790,-1.940,938
90840.00,-1.6360,1.9590,9.7440,-5.970,10.720,-0.920,939
90850.00,-1.5820,1.8750,9.9050,-6.740,10.350,0.570,939
90860.00,-1.6610,1.9130,10.1220,-7.820,11.680,3.560,939
90870.00,-1.8580,1.9540,10.3450,-11.060,13.960,6.330,939
90880.00,-1.8890,2.0200,10.3410,-14.190,15.760,8.670,939
90890.00,-1.6310,3.4220,9.3290,-14.350,13.010,-2.220,940
90900.00,-1.4380,1.7490,9.9350,-19.220,4.370,-20.190,940
90910.00,-2.1690,2.3010,10.0100,-11.620,16.020,-15.010,940
90920.00,-2.0900,1.9170,9.4620,-17.730,9.490,-13.800,940
90930.00,-1.8490,1.9090,9.6010,-18.390,9.160,-11.690,940
90940.00,-1.3870,1.8950,9.4060,-16.400,11.260,-8.920,941
90950.00,-1.9100,1.5050,9.4570,-12.720,14.030,-5.280,941
90960.00,-1.9150,1.4540,9.3960,-10.220,11.450,-2.100,941
90970.00,-1.8560,1.5390,9.3230,-7.120,9.160,0.610,941
90980.00,-1.9190,1.6170,9.2910,-3.470,7.180,1.740,941
90990.00,-2.1120,1.6580,9.3040,-0.050,4.090,0.290,942
91000.00,-1.9630,1.6250,9.4980,2.930,2.000,-1.500,942
91010.00,-1.9750,1.5310,9.2150,5.330,3.350,-0.260,942
91020.00,-2.2670,1.5730,9.2800,6.040,4.280,0.730,942
91030.00,-1.9310,1.8420,9.5860,3.540,2.790,0.360,942
91040.00,-1.9540,1.8180,9.6400,-0.210,2.490,0.590,943
91050.00,-1.8610,1.8890,9.6890,-0.860,1.880,0.660,943
91060.00,-1.8720,1.9110,9.6940,-0.950,2.040,1.550,943
91070.00,-2.0540,1.7870,9.7950,-0.350,1.300,2.440,943
91080.00,-1.9360,1.8910,9.8420,0.340,0.240,2.760,943
91090.00,-1.9400,1.9100,9.7920,1.460,0.500,3.810,944
91100.00,-1.8500,1.9520,9.8810,1.810,-0.520,4.400,944
91110.00,-1.9650,1.8470,9.6560,2.740,-1.240,5.470,944
91120.00,-1.9660,1.9160,9.8560,1.810,-2.660,5.820,944
91130.00,-2.1150,1.9090,9.7810,0.270,-2.520,4.980,944
91140.00,-2.1200,1.8690,9.6940,-1.310,-2.200,4.370,945
91150.00,-2.0650,1.9330,9.7930,-2.330,-1.820,3.180,945
91160.00,-2.1240,1.9880,9.8050,-3.290,0.100,2.230,945
91170.00,-2.0780,1.9570,9.8240,-5.130,2.090,-0.150,945
91180.00,-2.0610,1.8440,9.7850,-6.020,3.330,-2.110,945
91190.00,-2.0820,1.8650,9.7770,-5.200,4.300,-3.640,946
91200.00,-2.1320,1.8590,9.7650,-4.380,7.250,-5.180,946
91210.00,-2.1080,1.9080,9.9020,-3.830,10.820,-6.700,946
91220.00,-2.0860,1.8840,9.7720,-3.200,13.660,-6.820,946
91230.00,-2.1770,1.7980,9.6750,-1.940,15.290,-7.360,946
91240.00,-2.1510,1.7690,9.6350,-1.120,14.570,-7.700,947
91250.00,-2.3600,1.6800,9.5380,-1.860,13.570,-7.080,947
91260.00,-2.2980,1.7400,9.7220,-3.800,11.260,-6.930,947
91270.00,-2.2700,1.8190,9.6350,-6.790,9.550,-7.210,947
91280.00,-2.2080,1.7510,9.5770,-7.890,7.920,-6.910,947
91290.00,-2.2460,1.7020,9.5710,-7.160,8.060,-6.280,948
91300.00,-2.3490,1.6040,9.5720,-6.230,8.010,-5.370,948
91310.00,-2.3820,1.5390,9.5950,-4.640,7.430,-4.440,948
91320.00,-2.3840,1.5720,9.5620,-3.170,6.680,-3.640,948
91330.00,-2.2830,1.6120,9.5770,-2.100,5.310,-2.810,948
91340.00,-2.2540,1.6000,9.5710,-1.030,3.890,-1.780,949
91350.00,-2.2030,1.5910,9.5900,0.020,2.560,-0.890,949
91360.00,-2.2120,1.6070,9.5040,0.640,2.530,-0.700,949
91370.00,-2.2990,1.6120,9.5050,1.250,1.740,-0.540,949
91380.00,-2.3430,1.5680,9.4790,0.740,-0.210,-0.080,949
91390.00,-2.3460,1.5580,9.4710,0.830,-1.820,-0.140,950
91400.00,-2.3440,1.5500,9.4810,1.250,-2.130,-0.420,950
91410.00,-2.3170,1.5520,9.4700,1.370,-2.360,-0.520,950
91420.00,-2.3620,1.5210,9.5430,1.880,-2.800,-0.400,950
91430.00,-2.3520,1.5750,9.7280,2.610,-2.380,-0.500,950
91440.00,-2.3640,1.6070,9.7950,3.580,-0.860,-0.780,951
91450.00,-2.4050,1.5580,9.8280,3.330,-1.150,-1.100,951
91460.00,-2.3940,1.4770,9.8100,3.820,-2.310,-1.310,951
91470.00,-2.3850,1.5020,9.7620,4.960,-4.040,-1.190,951
91480.00,-2.3490,1.5870,9.8320,6.010,-5.880,-0.750,951
91490.00,-2.3250,1.7030,9.8720,7.320,-5.770,-0.190,952
91500.00,-2.4270,1.7880,9.8380,8.070,-4.760,0.570,952
91510.00,-2.4100,1.9070,9.9320,8.460,-4.430,0.850,952
91520.00,-2.4340,2.0020,9.8880,7.810,-4.040,1.040,952
91530.00,-2.4050,2.0510,9.9250,6.450,-3.730,1.110,952
91540.00,-2.3770,1.9810,9.9430,4.770,-3.870,1.130,953
91550.00,-2.3120,1.9810,9.8780,3.490,-4.410,1.040,953
91560.00,-2.2750,1.9510,9.8420,2.280,-5.600,1.520,953
91570.00,-2.2610,1.9150,9.8300,1.620,-6.750,1.360,953
91580.00,-2.2220,1.8710,9.7950,0.480,-8.940,0.550,953
91591.00,-2.1730,1.8790,9.7350,0.360,-11.200,0.290,954
91601.00,-2.0880,2.0120,9.6170,0.580,-11.950,0.590,954
91611.00,-2.0690,1.9040,9.6370,0.480,-11.720,1.180,954
91621.00,-2.0820,1.9160,9.5950,-0.320,-10.900,1.060,954
91631.00,-2.0320,1.9040,9.4130,-0.300,-10.430,1.150,954
91641.00,-2.0490,1.8000,9.3670,0.390,-7.520,1.170,955
91651.00,-2.0660,1.8360,9.3280,0.740,-6.890,1.110,955
91661.00,-2.0600,1.8250,9.3640,0.990,-6.510,0.900,955
91671.00,-1.9780,1.8670,9.4100,1.460,-5.700,0.660,955
91681.00,-2.0050,1.8830,9.3890,1.830,-4.570,0.550,955
91691.00,-1.9980,1.9160,9.4460,1.950,-3.730,0.150,956
91701.00,-1.9860,1.9580,9.4750,1.600,-2.830,-0.120,956
91711.00,-1.9770,1.8980,9.5100,1.130,-2.170,-0.170,956
91721.00,-1.9640,1.8340,9.5120,0.780,-2.310,-0.220,956
91731.00,-1.9690,1.8530,9.5600,1.900,-2.550,0.050,956
91741.00,-1.9720,1.8470,9.5820,2.390,-3.060,0.310,957
91751.00,-1.9820,1.8140,9.5740,2.400,-3.990,0.550,957
91761.00,-1.9770,1.8080,9.5790,2.700,-5.020,0.730,957
91771.00,-1.9160,1.8110,9.6140,3.240,-6.020,0.850,957
91781.00,-1.9110,1.8740,9.6050,3.330,-6.230,0.900,957
91791.00,-1.8860,1.8900,9.6440,3.370,-5.510,0.760,958
91801.00,-1.8730,1.8830,9.7160,3.330,-4.710,0.660,958
91811.00,-1.8520,1.8790,9.7100,3.330,-2.710,0.220,958
91821.00,-1.8650,1.8960,9.7260,2.350,-1.590,-0.150,958
91831.00,-1.8800,1.8780,9.7080,1.910,-0.630,-0.280,958
91841.00,-1.8770,1.8900,9.7110,1.410,-0.730,-0.430,959
91851.00,-1.8730,1.8750,9.6780,1.410,-1.050,-0.490,959
91861.00,-1.8460,1.8560,9.6930,1.420,-1.840,-0.330,959
91871.00,-1.8440,1.8010,9.7630,1.140,-2.380,-0.360,959
91881.00,-1.8380,1.7810,9.7310,0.860,-1.920,-0.590,959
91891.00,-1.8110,1.7450,9.6950,0.570,-1.920,-0.630,960
91901.00,-1.8120,1.7620,9.6440,0.370,-2.240,-0.630,960
91911.00,-1.8020,1.7450,9.5900,0.580,-1.850,-0.520,960
91921.00,-1.8430,1.7340,9.5400,0.430,-1.210,-0.540,960
91931.00,-1.7860,1.6950,9.4550,0.270,-0.280,-0.770,960
91941.00,-1.7570,1.6740,9.4260,0.360,0.060,-1.130,961
91951.00,-1.7340,1.6550,9.3840,0.640,0.080,-1.410,961
91961.00,-1.6680,1.6300,9.3720,0.740,-0.120,-1.260,961
91971.00,-1.6580,1.6150,9.3370,0.950,-0.070,-0.660,961
91981.00,-1.6900,1.5200,9.3120,0.810,-0.090,-0.170,961
91991.00,-1.6050,1.5110,9.2060,-0.180,-0.210,-0.280,962
92001.00,-1.5820,1.4640,9.1090,-1.160,-0.490,-0.500,962
92011.00,-1.5230,1.3550,8.9670,-1.610,-0.790,-0.680,962
92021.00,-1.4580,1.2640,8.8130,-2.190,-1.280,-0.820,962
92031.00,-1.3980,1.2280,8.6140,-2.560,-2.010,-0.840,962
92041.00,-1.3490,0.9650,8.1430,-2.590,-3.110,-1.330,963
92051.00,-1.2030,0.8310,7.8910,-3.960,-2.640,-2.730,963
92061.00,-1.1190,0.6260,7.5690,-5.930,-1.010,-4.620,963
92071.00,-1.0310,0.4580,7.2950,-8.650,-0.310,-6.440,963
92081.00,-0.9910,0.3150,6.9520,-11.970,-0.510,-7.840,963
92091.00,-0.8470,0.2180,6.6260,-13.620,0.730,-8.470,964
92101.00,-0.5980,0.0840,6.6430,-12.500,2.980,-8.590,964
92111.00,-0.6590,0.0500,6.6980,-9.310,6.220,-8.010,964
92121.00,-0.6890,0.4240,6.7150,-2.960,9.270,-6.750,964
92131.00,-0.7760,0.6960,6.9570,6.200,11.930,-3.650,964
92141.00,-0.9330,0.9360,7.0490,16.610,12.050,0.590,965
92151.00,-0.9430,1.3440,7.1720,26.990,9.700,4.650,965
92161.00,-0.8800,1.8310,7.5510,36.370,5.750,8.320,965
92171.00,-0.9160,2.2700,8.0430,42.340,0.500,11.420,965
92181.00,-0.9760,2.5710,8.5140,43.230,-4.690,13.290,965
92191.00,-0.9410,2.6560,8.6750,41.200,-8.630,14.870,966
92201.00,-0.9760,2.7260,8.8090,39.140,-11.130,15.800,966
92211.00,-1.0660,2.7700,9.0260,35.060,-12.560,15.780,966
92221.00,-1.1130,2.6590,9.2920,29.790,-12.480,14.590,966
92231.00,-1.3190,2.7120,9.2290,24.540,-10.940,12.280,966
92241.00,-1.7200,2.4210,9.1600,18.190,-11.760,10.140,967
92251.00,-1.8340,2.5690,9.3590,19.290,-14.870,10.420,967
92261.00,-1.8170,2.7140,9.7200,22.040,-16.030,11.090,967
92271.00,-1.9150,2.7030,10.1620,26.450,-14.170,11.860,967
92281.00,-2.0910,2.7200,10.4350,30.350,-14.510,12.820,967
92291.00,-2.2000,2.7980,10.6550,32.800,-13.770,12.860,968
92301.00,-2.2970,2.9240,11.0950,33.690,-11.160,12.190,968
92311.00,-2.4840,2.9740,11.3370,31.750,-9.680,11.400,968
92321.00,-2.5660,3.0550,11.5390,28.950,-7.840,9.930,968
92331.00,-2.6690,2.9870,11.5190,25.630,-6.330,8.480,968
92341.00,-2.6160,3.0610,11.3150,21.160,-5.090,6.890,969
92351.00,-2.5430,3.0930,11.2250,15.860,-2.970,4.700,969
92361.00,-2.5080,3.1320,11.3380,10.800,0.290,2.200,969
92371.00,-2.4810,2.9610,11.5710,7.740,4.700,-0.010,969
92381.00,-2.6020,2.5080,11.8370,2.750,11.310,-2.180,969
92391.00,-2.6930,2.3270,10.7730,-4.740,14.200,-7.330,970
92401.00,-2.4570,2.3720,10.5410,-8.840,13.550,-8.820,970
92411.00,-2.6990,2.2800,10.7150,-10.150,14.870,-8.760,970
92421.00,-2.7310,2.1120,10.2540,-13.090,15.620,-9.900,970
92431.00,-2.6100,2.1530,9.6590,-16.610,14.940,-12.460,970
92441.00,-2.3460,2.3430,9.0680,-19.570,16.420,-16.220,971
92451.00,-2.4330,2.5240,8.8310,-25.670,24.460,-16.340,971
92461.00,-2.5020,2.5960,8.6180,-28.420,30.000,-16.290,971
92471.00,-2.6050,2.6160,8.6990,-28.160,33.640,-16.130,971
92481.00,-2.6300,2.7010,8.6210,-25.030,35.410,-15.330,971
92491.00,-2.5870,2.7850,8.5130,-20.090,35.340,-13.090,972
92501.00,-2.4760,2.8710,8.5780,-14.980,33.070,-10.020,972
92511.00,-2.3820,3.0420,8.7600,-10.750,29.010,-6.960,972
92521.00,-2.3770,3.2360,8.9700,-8.630,24.490,-4.090,972
92531.00,-2.3170,3.2660,9.0190,-8.260,20.960,-1.760,972
92541.00,-2.4090,3.2730,8.9740,-6.690,19.310,0.340,973
92551.00,-2.5180,3.2730,8.9790,-4.660,18.590,1.920,973
92561.00,-2.6260,3.1690,9.0280,-2.910,19.540,2.670,973
92571.00,-2.7300,3.0860,9.1480,-0.930,21.220,2.570,973
92581.00,-2.7980,2.9590,9.2780,1.560,20.800,2.640,973
92591.00,-2.8130,2.8800,9.3990,5.330,19.170,2.600,974
92601.00,-2.7080,2.9910,9.5550,9.810,15.740,2.710,974
92611.00,-2.6350,3.1250,9.8510,13.060,11.230,3.210,974
92622.00,-2.5750,3.1360,10.0520,14.810,8.010,4.420,974
92632.00,-2.5870,3.1330,10.1610,16.650,6.240,6.120,974
92642.00,-2.5950,3.2080,10.3400,18.520,5.100,7.760,975
92652.00,-2.7000,3.2080,10.1790,18.960,8.550,7.570,975
92662.00,-2.5780,3.0460,10.1150,17.930,10.120,6.400,975
92672.00,-2.4840,3.0020,10.1560,18.570,9.620,5.120,975
92682.00,-2.3770,3.0040,10.1670,20.740,7.570,4.930,975
92692.00,-2.3550,2.9640,10.0590,23.560,5.570,5.490,976
92702.00,-2.4570,3.0200,10.0190,25.840,3.180,6.610,976
92712.00,-2.4560,3.0690,10.0020,26.900,2.070,7.260,976
92722.00,-2.5570,3.1890,9.9570,27.640,2.510,8.040,976
92732.00,-2.6400,3.1990,9.9720,26.570,2.440,8.920,976
92742.00,-2.6880,3.3040,9.9290,23.980,3.650,8.340,977
92752.00,-2.6870,3.2540,9.9140,21.180,6.520,6.850,977
92762.00,-2.6690,3.2260,9.9130,19.570,7.710,5.750,977
92772.00,-2.6630,3.1360,9.7560,18.470,6.680,5.770,977
92782.00,-2.7020,3.0520,9.6230,18.920,4.680,6.000,977
92792.00,-2.7170,3.0650,9.5340,19.660,2.340,5.840,978
92802.00,-2.7640,3.0690,9.4970,20.460,0.480,5.510,978
92812.00,-2.7500,3.1420,9.5400,21.020,-0.510,4.770,978
92822.00,-2.7070,3.2530,9.5290,21.920,-0.650,4.090,978
92832.00,-2.6420,3.2910,9.4890,23.070,-0.770,3.910,978
92842.00,-2.5740,3.3480,9.4520,23.650,-1.360,4.110,979
92852.00,-2.4880,3.4620,9.4800,23.720,-1.310,4.260,979
92862.00,-2.4330,3.6250,9.5180,23.280,-1.380,4.370,979
92872.00,-2.5280,3.6530,9.5360,22.810,-0.840,5.000,979
92882.00,-2.5050,3.7180,9.5920,21.830,-0.190,5.650,979
92892.00,-2.5480,3.7510,9.6740,21.970,2.790,4.650,980
92902.00,-2.7050,3.7680,9.7910,22.160,3.980,4.470,980
92912.00,-2.6350,3.8890,9.8500,21.300,2.880,4.440,980
92922.00,-2.6450,3.9290,9.8440,19.660,1.200,4.580,980
92932.00,-2.6000,3.9190,9.8440,17.720,-0.260,4.320,980
92942.00,-2.5440,3.9660,9.8170,15.700,-1.150,3.420,981
92952.00,-2.5180,3.8970,9.7280,13.460,-1.660,2.740,981
92962.00,-2.4840,3.8640,9.6070,11.660,-0.680,1.850,981
92972.00,-2.4780,3.8230,9.5900,10.580,0.480,1.080,981
92982.00,-2.5550,3.7720,9.4810,9.750,0.570,0.780,981
92992.00,-2.6060,3.7850,9.4070,9.400,0.850,0.820,982
93002.00,-2.6960,3.7600,9.3930,9.140,1.110,1.590,982
93012.00,-2.7310,3.7890,9.3720,7.970,0.640,1.880,982
93022.00,-2.7330,3.7960,9.3600,6.810,-0.260,1.520,982
93032.00,-2.7480,3.6990,9.3510,5.680,-1.630,1.530,982
93042.00,-2.6990,3.7290,9.2550,5.260,-2.830,2.250,983
93052.00,-2.5850,3.6900,9.1140,6.850,-4.200,3.280,983
93062.00,-2.5990,3.7720,9.0720,8.110,-4.090,3.350,983
93072.00,-2.4860,3.8140,9.0620,7.780,-3.550,2.990,983
93082.00,-2.4150,3.8060,9.0240,7.550,-3.250,2.860,983
93092.00,-2.3890,3.9110,8.9750,7.990,-2.690,2.790,984
93102.00,-2.3010,3.9320,8.8780,7.290,-2.150,2.860,984
93112.00,-2.2620,3.8840,8.7270,6.180,-1.220,2.830,984
93122.00,-2.2270,3.9030,8.6590,5.240,0.430,2.650,984
93132.00,-2.2640,3.8530,8.5920,4.220,1.440,2.460,984
93142.00,-2.3240,3.7860,8.6150,4.150,1.930,2.440,985
93152.00,-2.3980,3.8110,8.6480,5.200,1.740,2.710,985
93162.00,-2.4650,3.8320,8.6720,6.360,1.040,3.370,985
93172.00,-2.5710,3.9380,8.7130,7.480,0.430,3.860,985
93182.00,-2.6730,4.0050,8.7690,7.760,0.550,3.860,985
93192.00,-2.6710,3.9250,8.7620,7.290,1.390,3.000,986
93202.00,-2.6440,3.9880,8.7090,7.480,1.900,1.920,986
93212.00,-2.5980,4.0230,8.6630,7.780,1.790,0.960,986
93222.00,-2.6080,4.0580,8.6580,8.130,0.640,0.410,986
93232.00,-2.6210,4.1330,8.7020,8.300,-0.750,0.730,986
93242.00,-2.6670,4.1150,8.8190,8.620,-1.680,1.430,987
93252.00,-2.7610,4.1130,8.7690,10.100,-0.380,1.640,987
93262.00,-2.7370,4.1010,8.7740,10.510,-0.510,1.150,987
93272.00,-2.6290,4.0350,8.7870,10.870,-1.190,0.750,987
93282.00,-2.5280,4.0900,8.7920,11.210,-2.240,1.060,987
93292.00,-2.4570,4.1390,8.8780,11.220,-2.730,1.640,988
93302.00,-2.4170,4.1460,8.8880,10.120,-2.550,2.220,988
93312.00,-2.3710,4.1670,8.8950,9.250,-1.560,2.530,988
93322.00,-2.4500,4.1250,8.8510,9.070,1.010,2.290,988
93332.00,-2.4980,4.1220,8.7600,8.980,3.330,2.320,988
93342.00,-2.5410,4.0420,8.7110,8.910,5.430,2.180,989
93352.00,-2.6040,4.0800,8.7370,9.090,5.920,2.150,989
93362.00,-2.6540,4.0180,8.7170,8.550,3.960,3.160,989
93372.00,-2.6500,3.9720,8.8130,8.160,3.330,3.250,989
93382.00,-2.7240,4.1400,8.9070,9.510,4.170,2.480,989
93392.00,-2.7460,4.0760,9.1270,9.510,4.540,1.970,990
93402.00,-2.8190,4.2480,9.1150,10.470,4.030,2.160,990
93412.00,-2.8780,4.2500,9.2910,11.470,3.110,2.160,990
93422.00,-2.8730,4.2850,9.3850,11.780,1.360,2.080,990
93432.00,-2.7700,4.4370,9.4380,12.050,-0.440,1.970,990
93442.00,-2.7540,4.4500,9.4860,11.840,-1.490,2.130,991
93452.00,-2.7050,4.4440,9.4480,9.960,-1.360,1.970,991
93462.00,-2.6730,4.4270,9.4460,8.580,-1.070,1.460,991
93472.00,-2.6380,4.3690,9.4240,7.570,-0.490,1.060,991
93482.00,-2.6270,4.3760,9.4090,6.920,0.040,1.110,991
93492.00,-2.6060,4.3890,9.4130,5.990,0.600,1.480,992
93502.00,-2.6100,4.3620,9.3940,4.430,0.690,1.310,992
93512.00,-2.5840,4.4500,9.3690,3.210,0.200,0.870,992
93522.00,-2.5830,4.4410,9.3570,1.910,-0.140,0.640,992
93532.00,-2.6230,4.3940,9.4040,0.990,-0.910,0.520,992
93542.00,-2.6360,4.4740,9.4500,0.500,-2.340,0.610,993
93552.00,-2.6390,4.4910,9.4060,0.000,-3.550,0.590,993
93562.00,-2.5950,4.5180,9.3570,-0.560,-4.580,0.450,993
93572.00,-2.5240,4.5520,9.3610,-0.950,-5.180,0.540,993
93582.00,-2.5010,4.5540,9.3020,-1.700,-5.040,0.920,993
93592.00,-2.4930,4.5410,9.2410,-2.850,-4.950,1.200,994
93602.00,-2.5140,4.5270,9.2840,-3.450,-4.410,1.150,994
93612.00,-2.5240,4.5270,9.3260,-4.110,-3.780,1.060,994
93622.00,-2.5740,4.5750,9.3910,-4.390,-3.670,1.410,994
93632.00,-2.5680,4.5790,9.5010,-4.410,-3.500,1.830,994
93643.00,-2.6140,4.6710,9.5790,-4.800,-3.550,2.270,995
93653.00,-2.6050,4.6460,9.4760,-6.740,-4.080,1.760,995
93663.00,-2.5840,4.7040,9.3710,-9.520,-5.650,1.590,995
93673.00,-2.6210,4.6570,9.3390,-10.030,-6.610,1.950,995
93683.00,-2.5710,4.6160,9.2090,-9.820,-7.580,2.130,995
93693.00,-2.5040,4.5830,9.1270,-8.910,-8.290,2.410,996
93703.00,-2.5050,4.5520,9.0500,-8.210,-8.540,3.020,996
93713.00,-2.4530,4.4820,9.0320,-7.720,-7.650,3.670,996
93723.00,-2.4260,4.4750,9.0530,-7.630,-5.670,4.020,996
93733.00,-2.4680,4.4900,9.1080,-8.700,-3.940,4.050,996
93743.00,-2.4680,4.4410,9.1500,-9.890,-3.150,3.700,997
93753.00,-2.4610,4.4480,9.2850,-10.010,-3.240,2.930,997
93763.00,-2.4630,4.4940,9.4600,-9.680,-4.160,2.460,997
93773.00,-2.4370,4.5090,9.5670,-10.050,-5.670,2.790,997
93783.00,-2.4310,4.4410,9.5330,-10.450,-6.510,3.250,997
93793.00,-2.4680,4.3740,9.5710,-10.430,-6.540,3.560,998
93803.00,-2.5190,4.3330,9.6280,-9.610,-6.090,3.650,998
93813.00,-2.5350,4.3380,9.6560,-8.100,-6.040,3.830,998
93823.00,-2.5180,4.3310,9.7320,-6.270,-6.390,3.900,998
93833.00,-2.4680,4.4800,9.7340,-5.930,-8.190,3.930,998
93843.00,-2.4770,4.4810,9.9070,-7.320,-9.900,4.040,999
93853.00,-2.4700,4.5810,10.2060,-9.960,-9.750,3.420,999
93863.00,-2.4840,4.6240,10.4170,-13.480,-8.330,1.310,999
93873.00,-2.4560,4.6680,10.5410,-14.810,-9.430,1.410,999
93883.00,-2.5490,4.6430,10.4860,-16.660,-9.970,1.250,999
93893.00,-2.5410,4.5940,10.3880,-18.250,-9.690,0.340,1000
93903.00,-2.4200,4.4910,10.2900,-19.500,-10.240,-0.170,1000
93913.00,-2.1510,4.3660,10.1100,-19.880,-10.340,-0.910,1000
93923.00,-1.9740,4.1710,9.9250,-18.030,-9.190,-0.850,1000
93933.00,-1.8180,4.1030,9.8090,-14.910,-7.940,0.430,1000
93943.00,-1.8680,4.1020,9.9130,-11.220,-7.020,2.990,1001
93953.00,-1.9620,4.4390,10.0630,-9.310,-7.260,6.590,1001
93963.00,-2.2510,4.6920,10.3750,-12.150,-8.190,9.950,1001
93973.00,-2.4490,4.6660,10.6080,-18.030,-7.610,10.970,1001
93983.00,-2.5500,4.8670,10.8880,-22.700,-6.110,10.420,1001
93993.00,-2.6150,4.9710,11.1900,-27.280,-4.850,10.000,1002
94003.00,-2.5510,4.8630,10.9660,-32.150,-4.290,9.040,1002
94013.00,-2.4280,4.5960,10.6620,-34.070,-5.060,7.640,1002
94023.00,-2.3330,4.2960,10.3560,-32.710,-4.690,5.960,1002
94033.00,-2.2450,4.0050,10.1010,-29.440,-3.880,3.760,1002
94043.00,-2.1550,3.7950,9.9860,-24.850,-5.040,4.250,1003
94053.00,-2.0430,3.7850,9.5110,-20.600,-6.810,5.870,1003
94063.00,-1.9160,3.9550,9.1830,-15.820,-4.720,9.130,1003
94073.00,-1.8230,3.9300,9.0440,-15.790,-2.890,10.440,1003
94083.00,-1.8500,3.9940,9.0490,-16.470,-1.820,10.370,1003
94093.00,-1.8770,4.0420,8.7820,-18.480,-0.770,10.060,1004
94103.00,-2.0330,3.8780,8.5630,-20.460,0.970,9.090,1004
94113.00,-2.1940,3.6620,8.3950,-22.120,0.250,7.470,1004
94123.00,-2.0550,3.4930,8.2390,-24.380,-2.830,5.930,1004
94133.00,-1.8380,3.3880,8.1730,-26.740,-2.970,4.050,1004
94143.00,-1.8230,3.1380,8.0410,-29.300,-1.570,1.520,1005
94153.00,-1.7000,2.8650,7.8710,-31.060,-0.050,-1.750,1005
94163.00,-1.6060,2.6770,7.7190,-30.640,1.640,-4.880,1005
94173.00,-1.6160,2.3970,7.5660,-27.060,3.090,-6.450,1005
94183.00,-1.5750,2.2610,7.2100,-20.830,4.750,-6.310,1005
94193.00,-1.6710,2.1770,7.1190,-13.530,6.290,-4.440,1006
94203.00,-1.6390,2.2280,7.3420,-6.620,6.430,-1.710,1006
94213.00,-1.6520,2.4810,7.6360,-1.770,3.390,1.430,1006
94223.00,-1.7500,2.5930,7.7640,-1.240,-1.770,3.860,1006
94233.00,-1.6710,2.5670,7.9360,-4.480,-6.610,3.980,1006
94243.00,-1.6150,2.4840,8.0450,-7.560,-11.130,2.360,1007
94253.00,-1.5570,2.4380,8.1760,-8.230,-12.770,0.270,1007
94263.00,-1.3170,2.5190,8.1900,-4.970,-12.480,-0.450,1007
94273.00,-1.3560,2.4890,8.4190,-2.010,-12.880,-0.450,1007
94283.00,-1.2400,2.5650,8.4020,-1.310,-14.590,0.130,1007
94293.00,-1.3840,2.6530,8.5540,-0.040,-14.300,1.500,1008
94303.00,-1.4480,2.6790,8.4860,1.440,-12.530,2.480,1008
94313.00,-1.6270,2.6120,8.5420,2.160,-10.780,3.210,1008
94323.00,-1.6350,2.6290,8.5300,3.000,-10.240,3.020,1008
94333.00,-1.5070,2.7150,8.5960,2.890,-9.100,1.430,1008
94343.00,-1.5540,2.7920,8.5790,0.370,-7.930,-0.910,1009
94353.00,-1.5510,2.7620,8.6180,-4.390,-7.840,-3.250,1009
94363.00,-1.5390,2.6500,8.6690,-8.240,-8.500,-5.650,1009
94373.00,-1.4830,2.5850,8.7250,-10.850,-7.840,-8.050,1009
94383.00,-1.4170,2.5420,8.8220,-12.270,-7.630,-10.020,1009
94393.00,-1.3160,2.5050,8.7930,-11.410,-7.170,-11.280,1010
94403.00,-1.3220,2.4750,8.7980,-10.330,-6.070,-12.160,1010
94413.00,-1.2980,2.4490,8.7540,-9.960,-5.650,-11.600,1010
94423.00,-1.1760,2.3970,8.6570,-10.100,-5.580,-10.270,1010
94433.00,-1.1740,2.3000,8.5280,-10.550,-4.810,-8.920,1010
94443.00,-1.2210,2.1650,8.4030,-11.520,-4.480,-7.840,1011
94453.00,-1.2010,2.1820,8.3890,-11.920,-4.110,-7.490,1011
94463.00,-1.4620,2.2200,8.1480,-10.400,-1.290,-7.640,1011
94473.00,-1.5140,2.2660,8.1850,-8.980,-1.030,-7.780,1011
94483.00,-1.4760,2.3500,8.3520,-6.700,-0.680,-7.820,1011
94493.00,-1.4710,2.3590,8.4760,-5.010,-0.800,-7.850,1012
94503.00,-1.3620,2.4050,8.5870,-3.620,-1.420,-7.630,1012
94513.00,-1.2810,2.4550,8.7060,-1.610,-2.380,-6.860,1012
94523.00,-1.1580,2.4590,8.8590,0.010,-3.110,-5.630,1012
94533.00,-1.0800,2.3940,8.8390,1.060,-2.970,-4.200,1012
94543.00,-1.0080,2.4130,8.7380,1.090,-2.150,-3.460,1013
94553.00,-1.0140,2.2700,8.5780,1.020,-1.100,-3.460,1013
94563.00,-0.9890,2.2060,8.4070,0.880,-0.310,-3.990,1013
94573.00,-1.0180,2.1650,8.3910,1.480,1.510,-4.790,1013
94583.00,-1.0750,2.2010,8.4800,1.020,3.180,-4.980,1013
94593.00,-1.1900,2.2450,8.6300,0.000,4.160,-4.550,1014
94603.00,-1.2890,2.2740,8.7060,-0.250,5.120,-3.880,1014
94613.00,-1.3350,2.2510,8.7990,0.150,5.360,-3.220,1014
94623.00,-1.3470,2.1990,8.8430,0.430,4.660,-2.920,1014
94633.00,-1.3540,2.0590,8.9080,1.130,4.090,-3.160,1014
94643.00,-1.3650,1.9700,9.0160,2.210,4.380,-3.740,1015
94653.00,-1.4170,1.9500,9.1400,3.230,4.790,-3.930,1015
94664.00,-1.5190,2.0130,9.2360,5.170,3.610,-1.270,1015
94674.00,-1.6340,2.0660,9.3030,6.100,2.280,1.340,1015
94684.00,-1.6900,2.1430,9.4700,7.390,2.510,3.350,1015
94694.00,-1.8480,2.1720,9.6290,8.210,3.350,4.370,1016
94704.00,-1.9320,2.2420,9.7070,8.410,3.210,4.190,1016
94714.00,-2.0130,2.3460,9.8020,8.060,2.670,2.990,1016
94724.00,-2.0240,2.4860,9.9970,8.350,2.700,0.960,1016
94734.00,-1.9720,2.5870,10.1010,8.860,2.600,-1.030,1016
94744.00,-1.8990,2.6650,10.0890,9.160,2.160,-2.150,1017
94754.00,-1.8460,2.8050,10.1370,8.300,1.020,-2.240,1017
94764.00,-1.7810,2.7740,10.2170,6.170,-0.610,-1.430,1017
94774.00,-1.7120,2.8460,10.2970,3.820,-1.610,-0.700,1017
94784.00,-1.7400,2.9710,10.2460,2.530,-1.730,-0.030,1017
94794.00,-1.7680,3.0410,10.2830,1.930,-1.120,0.130,1018
94804.00,-1.8170,3.0370,10.2610,1.790,-0.730,-0.070,1018
94814.00,-1.8020,3.0470,10.1690,1.740,-1.190,-0.450,1018
94824.00,-1.7520,3.0500,10.0860,1.420,-1.940,-0.680,1018
94834.00,-1.6960,3.0810,9.9760,0.010,-2.200,-0.590,1018
94844.00,-1.7180,2.9370,9.8790,-2.150,-2.990,-0.190,1019
94854.00,-1.6890,2.9040,9.7960,-4.310,-4.180,-0.190,1019
94864.00,-1.6760,2.9200,9.8120,-5.080,-4.340,-1.240,1019
94874.00,-1.6610,2.9690,9.8300,-1.960,-1.400,-1.920,1019
94884.00,-1.7320,2.9700,9.7980,0.340,1.970,-2.710,1019
94894.00,-1.7210,2.9980,9.7620,1.490,3.630,-2.940,1020
94904.00,-1.7070,2.9490,9.6980,1.200,3.490,-2.710,1020
94914.00,-1.6850,2.8800,9.6280,0.410,2.770,-2.320,1020
94924.00,-1.6730,2.8790,9.5440,-0.040,2.980,-2.220,1020
94934.00,-1.7260,2.7920,9.4460,-0.890,2.480,-2.010,1020
94944.00,-1.6910,2.7060,9.3360,-1.890,0.810,-1.890,1021
94954.00,-1.6840,2.6530,9.3360,-3.030,-1.420,-1.520,1021
94964.00,-1.6230,2.6810,9.3400,-3.200,-2.550,-1.410,1021
94974.00,-1.6270,2.7360,9.3830,-2.220,-2.100,-1.660,1021
94984.00,-1.6520,2.7840,9.4800,-0.770,-0.840,-1.850,1021
94994.00,-1.7150,2.8490,9.4890,0.500,0.240,-2.010,1022
95004.00,-1.7090,2.8480,9.4540,1.370,1.270,-2.220,1022
95014.00,-1.6960,2.8180,9.5130,2.020,2.000,-2.360,1022
95024.00,-1.7130,2.8170,9.4760,2.910,2.670,-2.690,1022
95034.00,-1.6940,2.7420,9.3760,2.860,2.720,-2.590,1022
95044.00,-1.6600,2.6580,9.3230,1.700,1.200,-2.080,1023
95054.00,-1.6480,2.6330,9.2700,0.550,-0.610,-1.450,1023
95064.00,-1.5700,2.5570,9.1580,-0.190,-2.520,-0.700,1023
95074.00,-1.5600,2.5980,9.1210,-0.610,-3.570,0.010,1023
95084.00,-1.5610,2.6570,9.2180,-1.120,-2.820,0.080,1023
95094.00,-1.6110,2.7330,9.3410,-0.260,-0.300,-0.360,1024
95104.00,-1.7000,2.7420,9.4150,0.930,2.140,-0.840,1024
95114.00,-1.7440,2.7820,9.4550,1.630,3.420,-1.150,1024
95124.00,-1.7090,2.7810,9.5190,2.650,3.750,-1.080,1024
95134.00,-1.6730,2.7600,9.5830,3.120,3.020,-0.660,1024
95144.00,-1.6710,2.7030,9.6390,2.840,1.500,-0.050,1025
95154.00,-1.6190,2.7290,9.6510,1.910,-0.140,0.470,1025
95164.00,-1.6630,2.7430,9.6490,0.830,-1.400,0.900,1025
95174.00,-1.6300,2.7170,9.6280,0.340,-2.260,1.460,1025
95184.00,-1.6390,2.7110,9.5980,-0.110,-2.220,1.530,1025
95194.00,-1.6300,2.7320,9.5650,-0.540,-1.540,1.360,1026
95204.00,-1.6630,2.7610,9.5790,-0.740,-0.120,0.870,1026
95214.00,-1.6790,2.7780,9.5910,-1.050,0.640,0.380,1026
95224.00,-1.6890,2.7780,9.5410,-1.610,1.440,-0.070,1026
95234.00,-1.7120,2.7780,9.5790,-2.570,1.390,-0.030,1026
95244.00,-1.7070,2.7070,9.5590,-2.710,0.710,0.260,1027
95254.00,-1.7090,2.6520,9.5340,-1.870,-0.230,0.540,1027
95264.00,-1.6820,2.6300,9.6690,-1.230,-1.590,0.760,1027
95274.00,-1.6460,2.7390,9.6960,1.140,-1.750,0.680,1027
95284.00,-1.6920,2.6990,9.5950,2.190,-0.590,0.520,1027
95294.00,-1.6730,2.6780,9.5130,2.230,-0.560,0.610,1028
95304.00,-1.6670,2.6580,9.4550,1.790,-0.230,0.900,1028
95314.00,-1.6630,2.6500,9.3730,1.370,-0.020,1.040,1028
95324.00,-1.6310,2.5930,9.2470,0.990,-0.770,1.320,1028
95334.00,-1.6170,2.5420,9.0750,0.690,-1.870,1.620,1028
95344.00,-1.6010,2.6100,9.0670,0.950,-1.940,2.010,1029
95354.00,-1.6110,2.6900,9.1280,1.970,-1.050,2.200,1029
95364.00,-1.6940,2.7080,9.1800,3.510,0.380,1.950,1029
95374.00,-1.6920,2.7760,9.2410,5.130,1.790,1.380,1029
95384.00,-1.7220,2.7690,9.3080,6.270,2.830,0.900,1029
95394.00,-1.6780,2.8480,9.4270,7.250,3.260,0.660,1030
95404.00,-1.6760,2.9280,9.6040,7.510,3.160,0.620,1030
95414.00,-1.6830,3.0050,9.7230,7.320,3.510,0.540,1030
95424.00,-1.7120,2.9920,9.7360,5.240,3.770,0.310,1030
95434.00,-1.7490,2.9490,9.7910,1.690,2.830,0.330,1030
95444.00,-1.8200,2.9100,9.7860,-0.320,1.040,0.410,1031
95454.00,-1.8610,2.8190,9.7490,-1.090,-0.730,0.260,1031
95464.00,-1.8930,2.7850,9.6880,-1.030,-2.380,-0.010,1031
95474.00,-1.7730,2.8000,9.6950,0.040,-4.570,0.120,1031
95484.00,-1.7790,2.8680,9.6980,0.780,-2.290,-0.220,1031
95494.00,-1.7970,2.8470,9.7170,0.440,-0.280,-0.700,1032
95504.00,-1.7940,2.8480,9.6610,0.250,-0.050,-1.170,1032
95514.00,-1.7490,2.8960,9.6670,-0.140,-0.730,-1.610,1032
95524.00,-1.6970,2.9150,9.6610,-1.100,-1.120,-1.900,1032
95534.00,-1.6820,2.8950,9.6880,-1.680,-0.770,-2.010,1032
95544.00,-1.6780,2.9590,9.7550,-2.290,-0.470,-2.080,1033
95554.00,-1.6940,2.9450,9.6990,-3.060,-0.510,-1.870,1033
95564.00,-1.7030,2.8890,9.6990,-3.900,-0.790,-1.500,1033
95574.00,-1.7070,2.8240,9.6820,-3.990,-1.350,-1.150,1033
95584.00,-1.7250,2.7170,9.5950,-3.640,-1.840,-1.150,1033
95594.00,-1.6820,2.6540,9.5580,-3.170,-2.270,-1.290,1034
95604.00,-1.5940,2.6640,9.5560,-2.330,-1.890,-1.500,1034
95614.00,-1.6180,2.6470,9.4800,-2.220,-0.890,-1.540,1034
95624.00,-1.6370,2.6380,9.5170,-2.150,0.340,-1.730,1034
95634.00,-1.6600,2.6440,9.5160,-1.860,0.730,-2.060,1034
95644.00,-1.6640,2.7000,9.4770,-1.540,0.130,-2.060,1035
95654.00,-1.6190,2.7130,9.4920,-1.240,-0.140,-1.780,1035
95664.00,-1.6070,2.7720,9.5420,-0.700,-0.380,-1.330,1035
95674.00,-1.6120,2.8000,9.5940,0.230,-0.160,-1.080,1035
95684.00,-1.6180,2.8090,9.5230,0.300,-0.520,-1.030,1035
95695.00,-1.6040,2.8280,9.5480,0.320,-0.580,-0.750,1036
95705.00,-1.6160,2.7840,9.5160,0.020,-0.020,-0.500,1036
95715.00,-1.6210,2.7820,9.5110,-0.470,0.730,-0.630,1036
95725.00,-1.6710,2.7660,9.5400,-1.090,0.730,-0.960,1036
95735.00,-1.6680,2.7460,9.5770,-0.740,0.920,-1.500,1036
95745.00,-1.6490,2.7510,9.5490,-0.460,1.430,-1.940,1037
95755.00,-1.6280,2.7200,9.5220,-0.810,1.300,-1.920,1037
95765.00,-1.5860,2.7150,9.4870,-1.310,0.380,-1.640,1037
95775.00,-1.5720,2.7110,9.5130,-1.660,-0.750,-1.030,1037
95785.00,-1.5330,2.7080,9.4950,-2.360,-1.590,-0.350,1037
95795.00,-1.5450,2.6560,9.4810,-3.050,-2.050,0.010,1038
95805.00,-1.5850,2.6650,9.4510,-3.170,-1.840,0.050,1038
95815.00,-1.5780,2.6300,9.3960,-3.120,-1.750,0.120,1038
95825.00,-1.6150,2.6030,9.4070,-2.850,-1.490,0.220,1038
95835.00,-1.5990,2.5990,9.4310,-2.070,-1.100,0.120,1038
95845.00,-1.5900,2.6260,9.4560,-1.310,-0.170,-0.030,1039
95855.00,-1.6480,2.6480,9.5170,-0.160,1.390,-0.290,1039
95865.00,-1.6780,2.6950,9.5520,0.020,2.160,-0.310,1039
95875.00,-1.6850,2.7450,9.6710,-0.210,0.640,0.260,1039
95885.00,-1.6730,2.7750,9.7130,-0.390,-0.820,0.470,1039
95895.00,-1.7000,2.7720,9.7110,-0.720,-1.630,0.730,1040
95905.00,-1.6760,2.7850,9.6950,-0.980,-1.450,0.820,1040
95915.00,-1.7070,2.8090,9.6770,-0.880,-0.960,0.850,1040
95925.00,-1.7380,2.7550,9.6490,-0.180,-0.030,0.850,1040
95935.00,-1.7340,2.7570,9.6370,0.250,0.810,0.480,1040
95945.00,-1.7350,2.7110,9.6280,-0.160,1.650,0.010,1041
95955.00,-1.7090,2.6990,9.6330,-0.580,2.250,-0.710,1041
95965.00,-1.7040,2.6700,9.6020,-1.350,2.320,-1.270,1041
95975.00,-1.6900,2.6470,9.6020,-2.030,1.990,-1.450,1041
95985.00,-1.6470,2.7020,9.6010,-2.630,1.460,-1.310,1041
95995.00,-1.6770,2.6670,9.5910,-2.560,1.200,-0.940,1042
96005.00,-1.7280,2.6100,9.5520,-2.610,0.570,-0.610,1042
96015.00,-1.6880,2.6110,9.4990,-2.400,-0.660,-0.190,1042
96025.00,-1.6570,2.5840,9.4300,-2.710,-1.660,0.190,1042
96035.00,-1.6550,2.4810,9.3750,-2.920,-2.400,0.290,1042
96045.00,-1.6150,2.4380,9.2210,-2.500,-2.570,-0.100,1043
96055.00,-1.5790,2.3740,9.1170,-2.610,-2.850,-0.640,1043
96065.00,-1.5390,2.3330,8.9920,-2.490,-3.030,-0.990,1043
96075.00,-1.4730,2.2120,8.7550,-2.470,-3.010,-1.010,1043
96085.00,-1.4620,2.1080,8.6600,-2.890,-3.170,-1.150,1043
96095.00,-1.4090,1.9990,8.5280,-2.920,-4.090,-1.470,1044
96105.00,-1.3300,1.9030,8.4100,-2.960,-5.040,-1.940,1044
96115.00,-1.3110,1.7320,8.2070,-3.760,-5.320,-2.250,1044
96125.00,-1.2770,1.4970,7.8920,-5.720,-6.720,-2.780,1044
96135.00,-1.1560,1.2610,7.5880,-8.560,-9.310,-3.410,1044
96145.00,-1.0240,1.1090,7.4160,-11.340,-10.780,-4.440,1045
96155.00,-0.9450,0.9450,7.2510,-11.460,-8.710,-6.890,1045
96165.00,-0.9940,0.9040,7.1560,-10.330,-4.180,-10.340,1045
96175.00,-0.9550,0.8560,6.9610,-8.470,-1.210,-12.790,1045
96185.00,-0.9210,0.8500,6.7480,-5.220,1.270,-13.680,1045
96195.00,-0.9540,0.8650,6.7710,-1.490,2.580,-12.950,1046
96205.00,-1.0140,0.9330,6.7220,1.830,1.670,-11.550,1046
96215.00,-0.9760,0.9880,6.6560,3.960,-1.310,-9.670,1046
96225.00,-0.8920,1.0040,6.5620,4.940,-4.740,-8.380,1046
96235.00,-0.8780,1.0970,6.6490,6.250,-5.790,-8.960,1046
96245.00,-0.9170,1.2470,6.8730,8.550,-4.460,-10.900,1047
96255.00,-0.9700,1.3770,7.0460,11.290,-0.960,-12.950,1047
96265.00,-1.0360,1.5120,7.0710,12.660,3.300,-15.970,1047
96275.00,-1.1030,1.8960,7.4460,12.680,6.940,-19.230,1047
96285.00,-1.1530,2.0920,7.3260,8.760,6.380,-27.100,1047
96295.00,-1.0400,2.0700,7.2500,7.930,2.580,-29.970,1048
96305.00,-0.9660,2.2030,7.2160,7.990,-2.780,-31.080,1048
96315.00,-0.8700,2.4470,7.4690,11.280,-6.460,-28.700,1048
96325.00,-0.9950,1.9660,8.0390,18.780,-7.520,-28.000,1048
96335.00,-1.1880,3.3990,8.1170,30.490,-0.800,-25.510,1048
96345.00,-1.3650,3.3280,8.5440,38.070,6.710,-12.440,1049
96355.00,-1.9140,3.4800,8.8480,40.680,12.010,-4.840,1049
96365.00,-2.2030,3.6510,9.3120,47.240,16.740,1.180,1049
96375.00,-2.3300,3.9430,9.5500,51.280,16.370,5.070,1049
96385.00,-2.4950,4.1460,9.9140,54.290,12.360,7.150,1049
96395.00,-2.4520,4.4250,10.0610,55.390,7.590,7.820,1050
96405.00,-2.2860,4.6610,10.1520,54.710,3.390,7.380,1050
96415.00,-2.2270,4.8020,10.0900,55.010,1.720,8.240,1050
96425.00,-2.1750,4.9890,10.1570,56.110,3.950,8.970,1050
96435.00,-2.1170,5.0090,10.0570,55.830,6.800,9.580,1050
96445.00,-2.2930,4.9810,10.1060,55.290,9.950,10.390,1051
96455.00,-2.4170,5.0050,9.9110,54.610,14.550,10.600,1051
96465.00,-2.5780,5.0380,9.8840,52.610,19.380,9.600,1051
96475.00,-2.6220,5.0830,10.0860,49.440,22.500,7.750,1051
96485.00,-2.7870,5.4260,10.1330,44.790,25.140,3.530,1051
96495.00,-2.8960,5.4190,10.0920,42.010,20.680,1.870,1052
96505.00,-2.7250,5.4580,10.0390,38.870,12.590,0.690,1052
96515.00,-2.5100,5.5560,10.3690,38.240,5.870,-0.380,1052
96525.00,-2.5960,5.4010,10.8080,40.690,4.170,-1.690,1052
96535.00,-2.6590,5.5200,11.0140,42.990,7.990,-0.640,1052
96545.00,-2.6630,5.4610,11.1070,44.530,13.270,1.290,1053
96555.00,-2.7570,5.2970,11.0790,43.980,17.250,2.900,1053
96565.00,-2.8920,5.2400,10.9980,41.810,20.060,2.760,1053
96575.00,-2.8090,5.1640,10.8250,38.870,20.550,2.690,1053
96585.00,-2.8880,5.2640,10.8210,36.840,22.060,3.280,1053
96595.00,-2.9130,5.2290,10.5840,32.750,23.600,3.550,1054
96605.00,-2.8590,5.1680,10.3350,27.640,24.330,3.200,1054
96615.00,-2.7610,5.1430,10.1440,22.270,23.460,2.780,1054
96625.00,-2.7380,5.1690,9.9310,18.080,22.370,3.090,1054
96635.00,-2.7260,5.1480,9.8200,16.050,22.230,3.950,1054
96645.00,-2.7610,4.9660,9.6710,15.420,23.910,4.560,1055
96655.00,-2.8000,5.0180,9.4160,15.690,27.680,4.440,1055
96665.00,-2.9880,5.0500,9.2680,15.630,29.090,4.700,1055
96675.00,-3.0220,5.0530,9.0410,13.900,27.100,4.370,1055
96685.00,-3.0640,5.0090,8.5670,11.240,18.280,3.060,1055
96695.00,-3.0420,4.9060,8.3600,9.540,13.170,2.250,1056
96705.00,-2.9400,4.8170,8.3540,9.160,7.170,1.310,1056
96716.00,-2.7760,4.9000,8.4760,10.240,1.090,0.890,1056
96726.00,-2.8070,4.7880,8.6030,12.360,-3.250,1.850,1056
96736.00,-2.7050,4.9680,8.6630,14.460,-3.920,3.390,1056
96746.00,-2.7680,4.9190,8.7680,14.040,-2.820,5.590,1057
96756.00,-2.7970,4.9110,8.9320,18.450,0.180,7.330,1057
96766.00,-2.8550,4.9660,9.0430,18.890,3.160,7.900,1057
96776.00,-2.8730,5.0780,9.0810,19.410,3.930,7.780,1057
96786.00,-2.8550,5.2740,9.2090,20.270,3.350,7.660,1057
96796.00,-2.8770,5.3800,9.1780,17.820,0.180,6.450,1058
96806.00,-2.7340,5.4080,9.1940,13.660,-4.740,5.450,1058
96816.00,-2.6300,5.5310,9.3940,11.990,-8.170,5.350,1058
96826.00,-2.5440,5.5470,9.5720,10.770,-7.940,5.750,1058
96836.00,-2.7570,5.6110,9.7890,12.990,-4.530,5.870,1058
96846.00,-2.6960,5.7510,9.9720,14.780,-2.030,6.310,1059
96856.00,-2.8090,5.8770,10.4120,16.770,-0.400,6.980,1059
96866.00,-2.8850,5.9290,10.7420,16.260,-1.850,8.150,1059
96876.00,-2.8720,6.1050,11.1250,16.600,-5.420,10.020,1059
96886.00,-2.7550,6.3000,11.9300,18.220,-9.970,14.220,1059
96896.00,-2.6580,6.4350,12.2510,20.270,-10.060,15.340,1060
96906.00,-2.6840,6.5760,12.4410,19.470,-11.830,16.530,1060
96916.00,-2.7380,6.8200,12.4540,17.020,-14.070,18.160,1060
96926.00,-2.7200,7.0890,12.6340,15.620,-14.890,19.960,1060
96936.00,-2.7250,7.2080,12.8840,12.190,-15.450,21.570,1060
96946.00,-2.7680,7.3550,12.9650,7.340,-14.700,23.080,1061
96956.00,-2.9310,7.4460,12.8570,1.560,-10.590,24.140,1061
96966.00,-2.8880,7.4730,12.7500,-4.340,-5.900,23.760,1061
96976.00,-2.9640,7.4040,12.6650,-10.870,-4.570,22.640,1061
96986.00,-2.9500,7.5450,12.5580,-15.930,-6.040,20.430,1061
96996.00,-2.8730,7.6110,12.5410,-18.450,-8.030,17.300,1062
97006.00,-2.7800,7.5940,12.3070,-20.910,-9.690,13.030,1062
97016.00,-2.5250,7.7930,11.9000,-23.710,-10.920,8.900,1062
97026.00,-2.3070,7.6680,11.4830,-32.660,-13.250,5.050,1062
97036.00,-2.1710,7.4790,10.9540,-46.150,-17.110,0.410,1062
97046.00,-2.0620,7.2160,10.3260,-58.570,-20.020,-3.760,1063
97056.00,-1.7560,7.0390,9.7420,-67.110,-21.170,-7.590,1063
97066.00,-1.9090,6.8840,9.5100,-70.650,-21.580,-9.570,1063
97076.00,-1.9410,6.3390,9.4680,-71.820,-22.350,-11.180,1063
97086.00,-1.6940,6.5570,8.4680,-54.570,-20.650,-12.000,1063
97096.00,-1.7130,5.8320,8.2040,-79.450,-23.710,-10.320,1064
97106.00,-2.1200,5.7530,7.7970,-89.580,-31.940,-7.940,1064
97116.00,-1.6830,5.2190,7.5910,-94.590,-36.920,-5.390,1064
97126.00,-1.4330,4.6830,7.3320,-96.650,-36.330,-5.560,1064
97136.00,-1.6430,4.3640,6.9660,-96.360,-32.650,-7.710,1064
97146.00,-1.4120,4.0740,6.6550,-94.500,-28.420,-11.040,1065
97156.00,-1.2010,3.6650,6.4770,-93.000,-25.440,-13.510,1065
97166.00,-1.5490,3.5980,6.2750,-86.520,-21.070,-14.910,1065
97176.00,-1.4630,3.2870,6.3510,-77.540,-18.110,-14.920,1065
97186.00,-1.3890,3.3280,6.3180,-67.600,-18.200,-13.350,1065
97196.00,-1.3990,3.2370,6.2780,-59.270,-15.990,-9.480,1066
97206.00,-1.3910,3.1280,6.3420,-54.320,-14.100,-5.210,1066
97216.00,-1.2750,2.8450,6.3810,-51.730,-15.150,-1.640,1066
97226.00,-0.9790,2.5970,6.3720,-48.950,-15.080,-0.800,1066
97236.00,-0.8030,2.3030,6.1420,-46.390,-14.190,-2.730,1066
97246.00,-0.5860,2.0620,6.1130,-46.710,-13.490,-5.910,1067
97256.00,-0.4640,1.8640,6.2360,-43.510,-11.850,-9.520,1067
97266.00,-0.3510,1.8000,6.2180,-38.400,-9.480,-12.510,1067
97276.00,-0.3840,1.6390,6.4430,-34.600,-7.560,-13.230,1067
97286.00,-0.4540,1.7850,6.8610,-28.120,-6.040,-8.200,1067
97296.00,-0.5390,1.7330,6.9170,-20.280,-1.310,-4.630,1068
97306.00,-0.7190,1.6720,7.0040,-22.070,-0.020,-1.850,1068
97316.00,-0.8650,1.5230,7.0700,-21.560,-0.750,-0.980,1068
97326.00,-0.7460,1.5480,7.1890,-20.110,-2.430,-1.570,1068
97336.00,-0.8140,1.4300,7.4210,-18.200,-3.130,-2.800,1068
97346.00,-0.7840,1.3950,7.4760,-13.180,-2.170,-4.420,1069
97356.00,-0.7760,1.3740,7.5120,-9.000,0.880,-5.530,1069
97366.00,-0.7890,1.3770,7.6790,-6.580,4.310,-5.370,1069
97376.00,-0.8900,1.4650,7.9130,-4.130,6.330,-4.090,1069
97386.00,-0.9660,1.6610,8.0840,-2.030,7.180,-1.870,1069
97396.00,-1.1160,1.7060,8.2580,-3.080,7.550,0.900,1070
97406.00,-1.2530,1.7060,8.3850,-3.660,6.960,3.670,1070
97416.00,-1.3470,1.6900,8.5290,-3.970,5.990,5.300,1070
97426.00,-1.3780,1.6580,8.7330,-4.810,4.770,5.910,1070
97436.00,-1.3840,1.6270,8.9270,-4.450,2.830,5.580,1070
97446.00,-1.2860,1.6920,8.7420,-2.870,1.320,3.830,1071
97456.00,-1.2930,1.8260,9.1350,2.420,4.650,2.290,1071
97466.00,-1.2690,1.9070,9.3160,4.400,4.050,2.860,1071
97476.00,-1.3290,1.9350,9.3660,3.930,3.390,4.440,1071
97486.00,-1.4560,1.9630,9.4980,4.170,4.540,5.470,1071
97496.00,-1.4540,2.0010,9.5300,-0.530,3.400,7.970,1072
97506.00,-1.4420,1.9460,9.4930,-4.530,0.170,8.830,1072
97516.00,-1.4110,1.9480,9.5280,-7.280,-2.610,9.010,1072
97526.00,-1.4500,1.9440,9.5230,-8.280,-4.010,8.180,1072
97536.00,-1.3990,1.9330,9.6080,-9.310,-5.880,7.290,1072
97546.00,-1.3690,2.0260,9.6130,-8.660,-5.440,6.210,1073
97556.00,-1.3530,2.0730,9.6160,-8.030,-3.100,5.260,1073
97566.00,-1.4440,2.0790,9.6800,-8.370,-0.190,5.140,1073
97576.00,-1.5120,2.1060,9.7560,-8.580,1.160,5.370,1073
97586.00,-1.5230,2.0660,9.7130,-8.450,0.550,5.310,1073
97596.00,-1.4590,2.0190,9.5770,-8.800,-1.350,4.840,1074
97606.00,-1.3570,1.9360,9.4630,-9.940,-3.460,4.120,1074
97616.00,-1.2350,1.8490,9.3570,-11.570,-5.410,3.740,1074
97626.00,-1.1860,1.6710,9.1760,-12.500,-8.070,4.230,1074
97636.00,-1.0940,1.5730,8.9450,-12.640,-11.010,5.170,1074
97646.00,-1.0600,1.4480,8.6900,-13.040,-12.830,6.540,1075
97656.00,-1.0130,1.3500,8.5060,-14.120,-13.650,8.180,1075
97666.00,-0.9390,1.2450,8.3600,-15.440,-13.440,9.600,1075
97676.00,-0.9550,1.0920,8.2000,-15.560,-11.830,10.420,1075
97686.00,-0.9050,0.9270,7.6900,-15.370,-9.850,10.410,1075
97696.00,-0.8540,0.2950,7.4020,-13.320,-8.500,6.420,1076
97706.00,-0.6010,0.4910,6.8050,-11.340,-9.410,1.740,1076
97716.00,-0.5940,0.1600,6.0880,-6.020,-3.010,-1.800,1076
97726.00,-0.7590,-0.1330,5.7880,-6.650,3.400,-5.840,1076
97736.00,-0.6970,-0.2090,5.4440,-5.600,3.720,-8.060,1076
97747.00,-0.5090,-0.2030,5.0990,-1.700,6.100,-9.060,1077
97757.00,-0.8760,0.1900,4.9840,5.400,15.300,-11.410,1077
97767.00,-0.5460,-0.6920,5.5210,13.170,21.520,-14.700,1077
97777.00,-0.7390,-0.1060,4.8500,28.250,20.540,-18.530,1077
97787.00,-0.6470,-0.0190,5.0880,27.880,22.390,-21.380,1077
97797.00,-0.9000,0.1840,5.1810,32.070,25.000,-22.940,1078
97807.00,-0.9050,0.3920,5.1070,41.530,27.360,-23.040,1078
97817.00,-0.5530,0.8450,5.2180,50.510,31.630,-22.130,1078
97827.00,-0.6750,1.3420,5.2310,58.230,37.970,-18.420,1078
97837.00,-0.7580,1.8020,5.6670,63.790,43.200,-12.470,1078
97847.00,-0.9270,2.3940,5.9400,69.970,47.660,-6.520,1079
97857.00,-1.3900,2.8130,5.8600,76.150,48.960,-0.700,1079
97867.00,-1.4790,3.1570,6.0220,75.890,39.890,5.580,1079
97877.00,-1.3620,3.6650,6.3600,75.610,30.200,11.300,1079
97887.00,-1.5360,3.9840,6.3390,78.510,26.560,15.320,1079
97897.00,-1.8620,4.6210,6.6560,89.330,15.180,24.130,1080
97907.00,-1.9090,5.2710,7.1110,93.280,12.400,32.210,1080
97917.00,-2.4430,6.0150,8.1470,96.870,12.330,39.420,1080
97927.00,-1.6640,5.9740,8.3480,82.360,4.610,41.840,1080
97937.00,-2.0200,7.0700,9.9430,99.760,7.900,45.840,1080
97947.00,-2.3790,7.3850,10.6080,108.190,19.520,48.980,1081
97957.00,-2.5650,7.6240,10.7960,102.850,21.990,49.660,1081
97967.00,-2.9300,8.7050,11.0160,101.050,16.650,50.780,1081
97977.00,-3.2350,8.4900,11.3560,90.530,13.330,55.080,1081
97987.00,-2.7670,7.6680,11.1930,78.770,4.820,56.100,1081
97997.00,-3.0370,8.4820,11.8370,76.310,-4.160,47.560,1082
98007.00,-2.8590,7.2310,10.6250,39.680,-19.210,39.350,1082
98017.00,-1.1350,6.5040,11.4980,53.350,-20.810,38.480,1082
98027.00,-1.3070,7.6670,11.8680,81.640,-3.390,29.760,1082
98037.00,-2.3230,8.1550,11.8700,96.870,16.950,28.120,1082
98047.00,-1.9580,6.4010,12.1370,83.060,24.540,32.160,1083
98057.00,-2.6040,8.6790,11.2660,62.950,30.280,20.520,1083
98067.00,-1.4960,6.7940,11.4580,58.160,34.750,20.850,1083
98077.00,-2.6790,7.6980,10.4910,51.020,36.570,32.390,1083
98087.00,-2.4160,7.8050,10.6690,47.800,28.940,25.890,1083
98097.00,-2.7400,7.3120,10.8950,39.260,16.950,10.090,1084
98107.00,-2.7780,7.2460,11.0410,40.310,19.280,8.500,1084
98117.00,-2.8420,7.1650,11.0300,41.660,24.470,6.150,1084
98127.00,-2.7330,7.2130,10.9050,41.080,30.950,2.270,1084
98137.00,-2.6830,7.1380,10.7470,37.930,33.750,-2.480,1084
98147.00,-2.5140,7.2290,10.4760,32.770,31.440,-8.540,1085
98157.00,-3.7040,8.3960,10.1560,24.440,25.790,-12.390,1085
98167.00,-0.8730,5.8480,9.8650,16.740,14.800,-8.100,1085
98177.00,-2.1390,7.0280,9.5410,-14.530,3.880,-18.130,1085
98187.00,-1.5760,6.5120,9.3420,-25.800,-4.760,-20.100,1085
98197.00,-1.5740,6.4820,9.6000,-13.200,-2.900,-15.890,1086
98207.00,-1.8580,6.0950,9.5780,-14.390,2.560,-11.930,1086
98217.00,-1.9540,5.9560,9.5490,-6.460,10.180,-7.770,1086
98227.00,-2.1340,5.7710,9.4020,-2.190,16.160,-5.560,1086
98237.00,-2.2400,5.7350,9.2570,-5.340,17.540,-5.810,1086
98247.00,-2.2790,5.7330,9.0350,-7.950,14.880,-6.240,1087
98257.00,-2.2180,5.7050,8.9500,-11.520,10.790,-6.580,1087
98267.00,-2.2810,5.7710,8.9620,-18.710,5.640,-7.310,1087
98277.00,-2.2920,5.5200,8.9270,-30.920,-0.890,-7.310,1087
98287.00,-2.1910,5.3500,8.9530,-32.180,-4.220,-7.070,1087
98297.00,-2.2210,5.2670,9.0470,-27.650,2.340,-5.910,1088
98307.00,-2.3070,5.2270,9.0040,-19.480,7.590,-4.910,1088
98317.00,-2.3890,5.2490,8.9710,-15.470,10.260,-3.620,1088
98327.00,-2.3780,5.2980,8.9440,-13.690,9.980,-2.550,1088
98337.00,-2.3700,5.2980,8.8800,-12.500,7.660,-1.870,1088
98347.00,-2.3540,5.5020,8.8170,-9.590,5.310,-2.010,1089
98357.00,-2.3380,5.6410,8.7370,-9.560,2.650,-2.100,1089
98367.00,-2.2620,5.5950,8.7390,-12.060,-0.400,-2.360,1089
98377.00,-2.2500,5.6480,8.7760,-15.070,-2.220,-4.040,1089
98387.00,-2.2480,5.6500,8.8410,-19.430,-4.010,-5.400,1089
98397.00,-2.1880,5.6880,8.8280,-20.760,-2.640,-6.940,1090
98407.00,-2.2950,6.0990,8.7310,-20.350,0.800,-7.210,1090
98417.00,-2.4340,5.7400,8.8720,-20.200,3.560,-5.880,1090
98427.00,-2.3850,5.9600,9.0500,-15.720,6.010,-5.700,1090
98437.00,-2.6850,6.1440,9.2300,-12.790,7.130,-5.790,1090
98447.00,-2.9150,6.0680,9.1740,-14.050,6.100,-4.740,1091
98457.00,-2.7920,6.0290,9.3510,-16.220,-0.120,-4.740,1091
98467.00,-2.8350,6.3560,9.4520,-14.190,-5.700,-4.700,1091
98477.00,-2.8900,6.4800,9.5560,-8.730,-10.010,-4.390,1091
98487.00,-2.9060,6.3320,9.7250,-8.890,-12.630,-3.670,1091
98497.00,-2.9880,6.4800,9.7060,-7.210,-12.270,-4.690,1092
98507.00,-3.2000,6.2850,9.4030,-17.970,-3.320,-7.940,1092
98517.00,-3.1170,5.7950,9.3690,-22.610,-3.730,-9.950,1092
98527.00,-3.0470,5.9880,9.2500,-20.350,-6.210,-12.400,1092
98537.00,-2.5220,5.7080,9.5880,-17.170,-8.360,-13.030,1092
98547.00,-2.1890,5.6550,9.7310,-9.630,-6.840,-15.310,1093
98557.00,-2.1970,5.5660,9.7540,-8.160,-4.650,-18.230,1093
98567.00,-2.1470,5.4250,9.8210,-5.290,-7.820,-19.810,1093
98577.00,-2.2000,5.5840,9.7660,-2.960,-12.580,-20.910,1093
98587.00,-2.0720,5.3530,9.8440,-4.430,-16.820,-21.210,1093
98597.00,-2.2660,5.5320,9.6820,-3.480,-17.900,-21.150,1094
98607.00,-2.2770,5.4300,9.7220,-0.050,-16.690,-20.730,1094
98617.00,-2.4630,5.4640,9.7250,0.950,-16.800,-21.490,1094
98627.00,-2.3480,5.2150,9.7800,5.920,-18.200,-21.750,1094
98637.00,-2.3220,5.2390,9.8140,2.980,-20.180,-23.710,1094
98647.00,-2.3270,5.4280,9.7420,1.790,-20.910,-24.090,1095
98657.00,-2.0480,5.2970,9.9480,0.880,-22.150,-22.590,1095
98667.00,-2.0190,5.5350,10.0070,0.270,-21.930,-21.260,1095
98677.00,-1.9690,5.4640,9.8260,1.250,-19.880,-18.140,1095
98687.00,-1.7790,5.4500,9.7230,5.170,-17.380,-15.480,1095
98697.00,-1.6740,5.7410,9.0260,8.930,-15.430,-14.010,1096
98707.00,-1.6180,5.6920,9.1350,8.620,-15.120,-11.600,1096
98717.00,-1.8250,5.8130,8.6380,4.560,-17.690,-10.180,1096
98727.00,-1.5070,5.8320,8.6960,-4.110,-22.850,-9.520,1096
98737.00,-1.5480,5.8800,8.5410,-9.220,-29.210,-7.280,1096
98747.00,-1.4080,5.8730,8.5300,-10.750,-34.420,-6.730,1097
98757.00,-1.2860,5.9420,8.5830,-11.530,-36.840,-6.350,1097
98768.00,-1.2720,5.7230,8.6120,-13.720,-36.990,-5.330,1097
98778.00,-1.2080,5.5150,8.4870,-13.460,-35.700,-4.340,1097
98788.00,-1.1220,5.4490,8.2710,-13.070,-34.000,-3.080,1097
98798.00,-1.1950,5.2580,8.1290,-11.450,-30.340,-1.680,1098
98808.00,-1.0200,5.1250,7.9230,-13.370,-28.980,-0.050,1098
98818.00,-1.0820,4.8100,7.7590,-18.320,-29.430,2.640,1098
98828.00,-1.1890,4.6460,7.7340,-20.320,-28.120,4.120,1098
98838.00,-1.3900,4.6100,7.6470,-21.890,-24.360,5.170,1098
98848.00,-1.6520,4.5030,7.7150,-23.540,-18.850,6.820,1099
98858.00,-2.0020,4.5810,7.5450,-22.240,-11.390,8.850,1099
98868.00,-2.1180,4.6220,7.4950,-26.360,-3.500,9.250,1099
98878.00,-2.5560,4.4010,7.2320,-29.370,4.280,9.570,1099
98888.00,-2.7580,4.2620,7.1120,-31.470,9.230,8.710,1099
98898.00,-2.8350,4.1790,6.9640,-31.620,9.410,8.080,1100
98908.00,-2.8610,4.0520,6.7930,-27.620,7.040,8.690,1100
98918.00,-3.2510,4.0920,6.5450,-28.050,4.440,8.920,1100
98928.00,-2.6480,3.4380,6.6560,-26.440,1.650,8.900,1100
98938.00,-2.2950,3.2260,6.5730,-22.190,-1.420,6.400,1100
98948.00,-1.7060,3.6460,6.9080,-0.770,-1.280,1.690,1101
98958.00,-1.7500,4.0150,6.6660,13.320,-1.260,-1.410,1101
98968.00,-1.8060,3.7380,6.9050,9.460,-2.780,1.180,1101
98978.00,-1.7090,3.9430,6.9100,3.520,-0.820,0.920,1101
98988.00,-1.6060,3.9400,7.0100,-12.480,2.300,-2.310,1101
98998.00,-1.5230,3.8080,7.0140,-30.560,4.450,-7.700,1102
99008.00,-1.3320,3.8300,6.9880,-49.600,9.700,-16.430,1102
99018.00,-1.3540,3.5660,6.7380,-64.560,16.950,-24.580,1102
99028.00,-1.1920,3.4620,6.7390,-73.940,24.090,-32.620,1102
99038.00,-1.2570,3.2310,6.7820,-79.120,30.630,-38.460,1102
99048.00,-1.3190,3.1540,7.0520,-81.320,39.000,-42.660,1103
99058.00,-1.6850,2.8410,7.0980,-79.210,43.830,-42.570,1103
99068.00,-1.9130,2.5670,7.2560,-79.360,43.620,-40.020,1103
99078.00,-2.1280,2.3270,7.3530,-81.780,38.840,-34.910,1103
99088.00,-2.2540,2.1760,7.7200,-84.330,31.840,-29.450,1103
99098.00,-2.3250,2.0350,8.0350,-84.260,25.420,-24.970,1104
99108.00,-2.6790,2.1320,8.9630,-67.320,20.220,-20.520,1104
99118.00,-2.7970,2.1840,9.2970,-55.060,15.850,-16.760,1104
99128.00,-2.7790,2.1470,9.4570,-43.800,10.530,-12.070,1104
99138.00,-2.7200,2.2760,9.7160,-32.200,7.410,-7.890,1104
99148.00,-2.8590,2.4410,10.0940,-21.860,6.960,-4.410,1105
99158.00,-2.9590,2.5420,10.4090,-15.520,7.520,-1.500,1105
99168.00,-3.0800,2.6060,10.4480,-16.980,7.150,0.550,1105
99178.00,-3.1320,2.6080,10.1400,-20.970,2.390,1.690,1105
99188.00,-3.0430,2.7110,10.1030,-17.590,-2.260,2.760,1105
99198.00,-2.8420,2.7990,10.4130,-13.720,-6.890,4.070,1106
99208.00,-2.7180,2.8490,10.6210,-13.790,-11.040,5.720,1106
99218.00,-2.7880,2.8520,11.1140,-19.530,-19.200,7.100,1106
99228.00,-2.5510,2.8360,10.5400,-32.180,-30.640,7.480,1106
99238.00,-2.4440,2.9250,10.3400,-29.160,-34.700,8.200,1106
99248.00,-2.3010,2.8520,10.2070,-19.740,-36.360,9.650,1107
99258.00,-2.2910,2.6440,9.6110,-15.350,-43.470,12.160,1107
99268.00,-2.0370,2.6820,9.7890,-10.710,-54.440,14.960,1107
99278.00,-1.8050,2.6770,9.8110,-13.700,-66.570,17.790,1107
99288.00,-1.5520,2.7460,10.0160,-23.290,-76.810,19.700,1107
99298.00,-1.0980,2.4050,10.2430,-30.940,-72.170,16.860,1108
99308.00,-0.9780,2.5560,9.3340,-34.900,-58.570,10.280,1108
99318.00,-0.9520,2.2680,9.5190,-42.880,-55.440,8.240,1108
99328.00,-0.8050,2.1450,9.6770,-38.800,-56.960,7.360,1108
99338.00,-0.5620,2.1540,9.8640,-36.000,-56.210,6.710,1108
99348.00,-0.3930,2.0700,9.6700,-34.790,-49.750,5.790,1109
99358.00,-0.3520,2.0080,9.7930,-30.490,-45.200,6.030,1109
99368.00,-0.1240,2.0740,9.2920,-27.550,-42.310,6.820,1109
99378.00,-0.4700,1.3840,8.9140,-23.800,-39.970,7.850,1109
99388.00,0.0160,2.4990,8.8740,-24.400,-34.440,6.680,1109
99398.00,-0.0890,1.5740,8.9370,-5.650,-26.410,17.420,1110
99408.00,-0.2840,1.3430,8.8270,0.180,-20.260,17.810,1110
99418.00,-0.2970,1.4500,8.7820,-2.820,-17.900,11.650,1110
99428.00,-0.2270,1.5680,9.0600,1.110,-16.380,8.870,1110
99438.00,-0.4010,1.4750,9.0200,5.620,-14.820,8.570,1110
99448.00,-0.2990,1.6700,9.2070,9.950,-13.120,8.570,1111
99458.00,-0.3080,1.9340,9.5470,11.660,-12.760,9.460,1111
99468.00,-0.5190,1.7140,9.0480,10.680,-14.120,10.230,1111
99478.00,-0.3200,1.7870,7.1030,14.500,-11.580,8.670,1111
99488.00,-0.6120,1.6700,8.2920,45.750,3.750,10.490,1111
99498.00,-0.4890,1.7750,7.4730,50.060,11.170,7.100,1112
99508.00,-0.3700,1.4200,7.8140,50.370,11.030,0.640,1112
99518.00,-0.2100,1.4340,7.7390,29.560,7.320,-2.640,1112
99528.00,-0.1810,1.4110,7.9020,23.050,5.640,-3.880,1112
99538.00,-0.1530,1.5000,8.1610,17.840,5.000,-4.300,1112
99548.00,-0.2770,1.6710,8.4680,13.870,4.610,-3.810,1113
99558.00,-0.4370,1.6830,8.6850,7.640,4.720,-3.290,1113
99568.00,-0.4910,1.7810,9.0220,-1.660,1.990,-2.870,1113
99578.00,-0.7100,1.8400,9.9990,9.910,-5.700,0.990,1113
99588.00,-0.4680,3.2350,8.6700,25.940,-22.780,5.960,1113
99598.00,-0.8330,2.4150,9.1820,3.120,-25.040,16.200,1114
99608.00,-0.9450,1.8010,9.6500,-2.590,-22.780,20.120,1114
99618.00,-0.8210,2.5110,9.8320,-5.580,-24.800,12.660,1114
99628.00,-0.8470,2.1870,10.3770,-5.920,-25.550,9.160,1114
99638.00,-0.7030,2.4920,10.8160,-16.140,-29.100,2.160,1114
99648.00,-0.4370,2.7810,10.9860,-24.820,-33.790,-1.310,1115
99658.00,-0.2090,2.3360,11.0080,-30.350,-38.040,-0.190,1115
99668.00,-0.1930,2.1880,11.5500,-36.260,-43.140,-2.200,1115
99678.00,0.6380,2.8120,10.7970,-39.710,-48.960,-3.510,1115
99688.00,-0.4490,2.6600,11.3000,-26.880,-41.350,5.310,1115
99698.00,0.2480,2.6020,11.1330,-24.200,-34.740,13.220,1116
99708.00,0.3110,2.1670,11.5960,-17.340,-28.160,20.360,1116
99718.00,0.3310,2.2970,11.4360,-22.260,-15.630,18.930,1116
99728.00,0.3540,2.1080,11.4840,-20.690,-11.250,18.680,1116
99738.00,0.2620,1.8500,11.2060,-20.600,-9.710,15.180,1116
99748.00,0.4050,2.1100,10.8690,-21.650,-10.380,9.880,1117
99758.00,0.4290,2.0270,11.2940,-22.190,-12.320,9.460,1117
99768.00,0.1590,1.5000,10.8640,-34.390,-19.350,7.900,1117
99778.00,-0.1570,0.1770,8.0920,-42.840,-20.820,-2.170,1117
99789.00,0.6420,2.5170,11.4060,-20.270,-7.700,-12.890,1117
99799.00,0.4450,2.1150,9.1380,-28.750,-11.860,-9.310,1118
99809.00,0.0960,1.3810,9.5380,-23.630,-2.340,-6.260,1118
99819.00,0.1220,1.2980,9.7340,-21.230,3.540,-7.750,1118
99829.00,0.4450,1.6490,9.8290,-16.080,5.940,-9.590,1118
99839.00,0.5920,1.5840,9.7930,-12.010,9.110,-8.760,1118
99849.00,0.4980,1.5090,9.7320,-5.460,13.820,-6.910,1119
99859.00,0.4050,1.5970,10.1760,2.890,17.470,-5.630,1119
99869.00,0.3910,1.6040,10.3690,8.600,17.110,-4.160,1119
99879.00,0.2480,1.3660,10.2830,11.850,15.390,-3.740,1119
99889.00,0.2570,1.6460,10.5580,19.150,12.960,-4.460,1119
99899.00,1.4540,3.5980,4.1770,64.130,24.630,6.220,1120
99909.00,-0.3180,2.8480,6.9430,183.880,85.970,41.080,1120
99919.00,0.1130,2.3420,10.5700,292.890,154.390,63.890,1120
99929.00,-0.0880,2.3660,13.1880,241.260,106.970,45.510,1120
99939.00,-1.6470,2.9000,10.2080,40.960,58.070,7.310,1120
99949.00,-1.3570,2.9140,10.2770,3.930,56.410,3.180,1121
99959.00,-0.7690,3.3260,9.6350,28.990,44.930,5.510,1121
99969.00,-1.2920,3.0340,9.5700,10.210,34.890,2.460,1121
99979.00,-1.2760,3.5150,9.5340,3.280,28.170,1.480,1121
99989.00,-0.4610,3.1920,9.8120,-3.620,19.780,2.220,1121
99999.00,-2.3960,2.5740,9.8510,12.100,11.000,-1.430,1122
100009.00,-1.5910,3.7080,9.8200,26.150,4.280,2.620,1122
100019.00,-1.2660,3.4700,9.9010,17.280,-2.780,-1.970,1122
100029.00,-1.5580,3.4040,9.6750,13.290,-6.880,-1.550,1122
100039.00,-1.1410,3.1440,9.6800,13.870,-5.230,-0.560,1122
100049.00,-1.4040,3.2330,9.6270,15.970,-1.840,1.520,1123
100059.00,-1.3890,3.3990,9.4970,15.070,-1.100,3.650,1123
100069.00,-1.3080,3.3360,9.4800,11.870,-3.570,4.280,1123
100079.00,-1.3860,3.3320,9.3670,8.980,-5.550,4.750,1123
100089.00,-1.2800,3.2960,9.3150,7.080,-7.960,4.510,1123
100099.00,-1.3550,3.3450,9.2960,5.760,-11.180,4.260,1124
100109.00,-1.2900,3.4870,9.4690,5.550,-14.800,4.740,1124
100119.00,-1.3060,3.6500,9.5840,-3.060,-14.820,5.820,1124
100129.00,-1.3540,3.6750,9.7570,-6.690,-13.950,5.230,1124
100139.00,-1.2450,3.7320,9.7990,-11.900,-11.600,4.040,1124
100149.00,-1.2630,3.6000,9.7920,-14.440,-7.400,2.620,1125
100159.00,-1.2500,3.4580,9.7680,-16.500,-5.250,2.020,1125
100169.00,-1.3380,3.3090,9.8120,-14.820,-3.670,0.200,1125
100179.00,-1.4780,3.1510,9.8180,-13.530,-3.240,-1.500,1125
100189.00,-1.0320,3.4910,9.5790,-11.180,-4.720,-2.760,1125
100199.00,-0.7450,3.2430,9.9030,-13.810,-5.670,-2.220,1126
100209.00,-1.2570,3.2620,9.6580,-13.630,-5.320,-0.450,1126
100219.00,-0.7680,3.5440,9.9780,-17.010,-6.280,-3.270,1126
100229.00,-0.9580,3.5400,9.8110,-18.810,-11.600,-4.510,1126
100239.00,-0.9570,3.3420,9.9930,-21.950,-14.490,-7.100,1126
100249.00,-0.6340,3.8440,10.3720,-32.390,-16.170,-12.630,1127
100259.00,-0.9110,3.5850,9.9880,-46.730,-19.560,-16.950,1127
100269.00,-0.7840,3.6320,10.5400,-51.030,-22.660,-23.850,1127
100279.00,-0.3390,3.2080,9.9960,-53.170,-21.650,-22.660,1127
100289.00,-0.5990,2.8470,9.9870,-43.090,-16.520,-18.840,1127
100299.00,-0.7030,2.8790,9.8560,-37.840,-14.210,-17.900,1128
100309.00,-0.6240,2.7050,9.9260,-33.930,-15.840,-17.200,1128
100319.00,-0.5810,2.5560,9.9720,-13.070,-17.110,-9.900,1128
100329.00,-0.0550,2.8220,9.6350,-3.240,-17.810,-7.190,1128
100339.00,0.2520,2.9630,9.3780,0.370,-15.260,-6.630,1128
100349.00,0.2260,2.9380,9.4480,1.040,-11.250,-7.080,1129
100359.00,0.1540,2.9580,9.4740,1.630,-7.380,-8.080,1129
100369.00,0.1600,2.9850,9.3200,1.950,-3.340,-8.610,1129
100379.00,-0.0100,2.8310,9.0690,-5.830,-1.080,-11.460,1129
100389.00,-0.1860,2.5990,8.9560,-13.720,0.110,-13.190,1129
100399.00,-0.2470,2.4520,8.9680,-14.260,1.930,-12.650,1130
100409.00,-0.3730,2.3100,8.9020,-9.640,2.420,-11.740,1130
100419.00,-0.3360,2.2430,8.8390,-1.660,2.210,-10.510,1130
100429.00,-0.3730,2.2150,8.7510,1.880,0.940,-8.520,1130
100439.00,-0.4720,2.1470,8.6870,5.660,-1.400,-6.000,1130
100449.00,-0.3420,2.2730,8.5190,9.700,-6.070,-5.470,1131
100459.00,-0.2180,2.3720,8.6750,11.010,-10.270,-4.420,1131
100469.00,-0.3620,2.4370,8.9200,10.310,-10.920,-1.850,1131
100479.00,-0.1570,2.5990,8.9390,8.510,-11.930,-2.340,1131
100489.00,-0.0030,2.4080,9.5480,4.010,-10.450,-1.030,1131
100499.00,-0.2710,2.4260,9.7420,4.820,-4.690,2.060,1132
100509.00,-0.3930,2.4470,9.7620,1.490,-2.900,1.810,1132
100519.00,-0.4650,2.8030,10.2610,0.650,-5.070,4.700,1132
100529.00,-0.5350,2.5280,10.3190,-12.780,-8.780,-5.610,1132
100539.00,-0.4940,2.5960,10.3590,-6.060,-13.400,-4.510,1132
100549.00,-0.5860,2.8430,10.2770,-2.780,-14.420,-3.530,1133
100559.00,-0.4880,2.6820,10.1490,-6.760,-19.280,-4.770,1133
100569.00,-0.2810,2.6460,10.0900,-6.670,-16.570,-5.910,1133
100579.00,-0.3170,2.6330,9.9870,-2.360,-11.370,-7.660,1133
100589.00,-0.4160,2.5650,9.8320,0.900,-7.800,-5.390,1133
100599.00,-0.4490,2.5010,9.9600,3.630,-6.930,-0.450,1134
100609.00,-0.3310,2.5840,9.8150,1.970,-5.200,0.200,1134
100619.00,-0.2660,2.5750,9.7410,-2.470,-3.880,0.190,1134
100629.00,-0.3320,2.5310,9.8460,-4.030,-2.680,0.000,1134
100639.00,-0.3310,2.5680,9.8990,-2.770,-2.870,-0.140,1134
100649.00,-0.2420,2.6820,9.8240,-0.910,-2.620,0.310,1135
100659.00,-0.3020,2.5610,9.8380,0.110,-1.190,0.760,1135
100669.00,-0.2330,2.6000,9.7500,0.270,-0.420,1.030,1135
100679.00,-0.3000,2.5320,9.7010,-1.160,0.430,1.380,1135
100689.00,-0.3560,2.4490,9.6430,-1.260,1.060,1.870,1135
100699.00,-0.3480,2.3960,9.5540,-0.460,1.130,2.340,1136
100709.00,-0.3860,2.3800,9.4400,1.070,0.340,2.640,1136
100719.00,-0.2910,2.4980,9.2620,4.630,-1.610,2.410,1136
100729.00,-0.3170,2.5170,9.3330,6.480,-1.470,1.850,1136
100739.00,-0.3390,2.4950,9.4040,6.760,-1.260,0.890,1136
100749.00,-0.2820,2.6160,9.4930,6.590,-0.650,-0.210,1137
100759.00,-0.3150,2.5990,9.6200,4.750,-0.120,-1.260,1137
100769.00,-0.2530,2.7070,9.6980,3.820,-0.300,-2.220,1137
100779.00,-0.1900,2.6950,9.7930,3.370,-0.700,-2.670,1137
100790.00,-0.1380,2.7360,9.8240,2.540,-1.640,-3.410,1137
100799.00,0.1970,2.4490,9.8220,1.530,-2.270,-3.650,1138
100809.00,-0.2780,2.8600,9.7170,-0.390,-2.940,-5.210,1138
100820.00,-0.0580,2.8860,9.5960,2.250,-3.290,-3.850,1138
100830.00,-0.0020,2.6510,9.4680,-0.980,-4.720,-3.650,1138
100840.00,-0.0590,2.7420,9.4430,-0.610,-5.140,-3.300,1138
100850.00,-0.0410,2.6750,9.5380,-0.740,-4.860,-2.600,1139
100860.00,-0.1530,2.6580,9.5500,-2.560,-3.830,-2.310,1139
100870.00,-0.1920,2.6720,9.4850,-2.520,-1.500,-2.310,1139
100880.00,-0.2100,2.5930,9.5150,-4.480,0.740,-3.090,1139
100890.00,-0.2820,2.4630,9.5910,-5.360,3.350,-4.020,1139
100900.00,-0.2930,2.5950,9.6450,-4.040,5.050,-5.000,1140
100910.00,-0.2750,2.5650,9.6870,-2.420,5.150,-4.550,1140
100920.00,0.1780,2.8610,9.5110,-2.610,4.380,-4.630,1140
100930.00,-0.0580,2.4580,9.8060,1.410,-2.680,-2.600,1140
100940.00,-0.0270,2.7960,9.8170,3.440,-2.570,-0.980,1140
100950.00,0.0460,2.7310,9.9050,2.050,-4.290,-0.640,1141
100960.00,0.0270,2.7840,10.0110,1.930,-3.640,-0.190,1141
100970.00,-0.0260,2.7970,10.1030,2.160,-3.040,-0.080,1141
100980.00,0.0010,2.7630,10.1750,1.250,-3.310,0.060,1141
100990.00,-0.0210,2.8270,10.3270,-0.280,-3.670,-2.760,1141
101000.00,0.0570,2.7970,10.1190,0.040,-6.460,-6.000,1142
101010.00,0.0520,2.7310,10.3280,1.420,-6.650,-2.360,1142
101020.00,0.0640,2.7690,10.3190,0.010,-7.330,-4.550,1142
101030.00,0.0410,2.7930,10.2100,-1.910,-8.380,-8.500,1142
101040.00,-0.0580,2.9160,10.2530,1.620,-11.620,-13.790,1142
101050.00,0.1390,2.8030,9.9670,-1.510,-15.330,-20.050,1143
101060.00,0.1280,2.6820,9.9740,-13.200,-13.320,-14.590,1143
101070.00,-0.0270,2.6820,9.9910,-17.960,-10.810,-12.230,1143
101080.00,-0.1480,2.7620,9.9660,-20.600,-9.240,-11.580,1143
101090.00,0.0810,2.5750,9.8470,-23.140,-9.450,-14.590,1143
101100.00,-0.3810,2.5320,9.8520,-22.980,-7.930,-12.720,1144
101110.00,-0.0980,2.5980,9.6780,-19.920,-8.500,-19.810,1144
101120.00,-0.3260,2.5510,9.6610,-16.660,-11.130,-18.630,1144
101130.00,-0.1260,2.3950,9.5950,-10.940,-10.950,-19.560,1144
101140.00,-0.3080,2.2750,9.6880,-9.710,-10.880,-16.010,1144
101150.00,-0.3260,2.3620,9.5960,-9.170,-10.810,-13.960,1145
101160.00,-0.1530,2.1690,9.5760,-10.060,-12.700,-13.120,1145
101170.00,-0.2180,2.1110,9.6530,-6.600,-12.720,-7.220,1145
101180.00,-0.3490,2.2920,9.7160,-2.350,-10.990,-3.790,1145
101190.00,-0.1690,2.1880,9.7160,-2.610,-8.910,-2.430,1145
101200.00,-0.1620,2.1450,9.7360,0.230,-7.100,-1.850,1146
101210.00,-0.1430,2.2010,9.5940,0.720,-6.890,-2.180,1146
101220.00,-0.1350,2.1710,9.6710,1.700,-6.980,-2.590,1146
101230.00,-0.1670,2.1570,9.7390,3.310,-6.820,-2.690,1146
101240.00,-0.2380,2.1290,9.8600,3.800,-7.310,-3.580,1146
101250.00,-0.0740,2.1830,9.8660,3.190,-7.730,-6.160,1147
101260.00,0.0470,2.0980,9.8830,5.480,-7.580,-7.520,1147
101270.00,0.0570,2.1910,9.9060,7.720,-6.880,-7.890,1147
101280.00,0.0620,2.2490,9.9810,9.190,-6.300,-8.060,1147
101290.00,0.0200,2.3670,9.9840,11.850,-5.860,-10.500,1147
101300.00,0.2320,2.3940,9.9440,17.520,-6.790,-15.080,1148
101310.00,0.2390,2.2880,9.9430,19.610,-7.820,-13.800,1148
101320.00,0.2350,2.2870,9.8450,18.120,-7.890,-11.440,1148
101330.00,0.3200,2.5200,9.8010,17.910,-9.450,-10.090,1148
101340.00,0.2710,2.5860,9.7410,21.510,-10.060,-10.710,1148
101350.00,0.3010,2.6350,9.6370,25.990,-10.780,-13.520,1149
101360.00,0.3610,2.6830,9.6980,28.410,-10.570,-17.080,1149
101370.00,0.4390,2.5590,9.6330,32.030,-9.970,-20.030,1149
101380.00,0.3630,2.7560,9.6270,26.800,-5.980,-17.990,1149
101390.00,0.3400,2.8050,9.5350,25.640,-4.300,-17.720,1149
101400.00,0.2480,2.8430,9.5550,23.700,-3.290,-16.590,1150
101410.00,0.3060,2.8170,9.6150,26.170,-3.940,-18.930,1150
101420.00,0.4340,2.7150,9.7840,34.320,-6.720,-18.620,1150
101430.00,0.3300,2.8360,9.7670,38.050,-7.590,-16.010,1150
101440.00,0.2750,2.8830,9.9380,26.100,-5.210,-12.330,1150
101450.00,0.6040,2.6950,10.4880,34.130,-9.100,-13.860,1151
101460.00,0.2020,3.1040,9.6770,64.550,-20.390,-17.640,1151
101470.00,0.2890,1.7640,10.6990,44.600,-19.230,-23.410,1151
101480.00,0.3700,1.3180,12.0330,-12.110,-37.310,-55.000,1151
101490.00,0.3480,3.4450,10.3340,-52.480,-66.100,-71.940,1151
101500.00,0.2930,3.8260,9.8830,-51.050,-72.430,-60.810,1152
101510.00,-0.0140,0.9430,7.6050,-28.960,-66.200,-61.860,1152
101520.00,1.2620,5.2270,10.9200,-6.320,-49.910,-77.780,1152
101530.00,0.8050,3.7550,9.2140,15.020,-53.110,-41.700,1152
101540.00,0.7940,3.6080,8.7080,20.620,-47.900,-34.140,1152
101550.00,1.0490,3.5780,9.3870,29.340,-38.920,-27.930,1153
101560.00,0.8680,3.2240,8.6060,24.980,-37.240,-21.840,1153
101570.00,1.3320,4.0580,8.3730,21.550,-30.260,-18.810,1153
101580.00,1.0240,3.6520,7.7670,16.790,-22.770,-8.520,1153
101590.00,0.9590,3.4580,7.4470,7.720,-11.300,0.170,1153
101600.00,0.7890,2.9610,8.2130,-2.120,2.480,7.750,1154
101610.00,0.7250,2.8470,8.5480,-11.780,11.680,10.130,1154
101620.00,-0.4120,5.5950,-4.0800,41.150,71.970,25.610,1154
101630.00,0.3640,1.7580,14.2160,64.760,182.710,46.740,1154
101640.00,-0.0190,1.5930,14.4940,6.670,120.550,30.220,1154
101650.00,0.0870,2.5660,13.9880,-16.560,53.380,12.100,1155
101660.00,-0.3360,3.2190,11.1210,-24.550,-1.520,0.900,1155
101670.00,0.0720,3.3260,9.4760,-8.650,4.590,0.970,1155
101680.00,0.2540,3.3850,9.3410,3.890,7.620,1.310,1155
101690.00,0.3020,3.5600,9.9880,1.900,10.050,1.480,1155
101700.00,0.3020,3.5230,9.9780,-1.440,7.150,2.550,1156
101710.00,0.2560,3.4510,9.8170,-4.590,5.000,3.250,1156
101720.00,0.3750,3.5240,9.8280,-6.550,4.120,3.770,1156
101730.00,0.2590,3.1810,9.7590,-8.330,2.390,5.730,1156
101740.00,0.3720,3.3000,9.6820,-5.830,0.590,5.750,1156
101750.00,0.3090,3.2800,9.6040,-2.080,-0.700,6.100,1157
101760.00,0.3930,3.3990,9.5960,0.110,-1.750,5.300,1157
101770.00,0.3490,3.3170,9.5400,1.110,-2.730,4.950,1157
101780.00,0.2890,3.2330,9.4660,-0.390,-1.570,3.830,1157
101790.00,0.3230,3.2900,9.4680,-3.260,-0.610,3.270,1157
101800.00,0.1890,3.1620,9.4560,-5.270,-0.440,3.740,1158
101810.00,0.2670,3.1750,9.2720,-4.780,-1.010,4.190,1158
101820.00,0.2400,3.2440,9.3290,-2.750,-1.190,5.000,1158
101830.00,0.2640,3.2250,9.3710,-1.720,-0.070,5.330,1158
101841.00,0.2790,3.1560,9.3730,-1.170,1.110,5.050,1158
101851.00,0.2880,3.1720,9.4010,0.290,2.580,4.420,1159
101861.00,0.2650,3.0790,9.4320,0.900,3.950,4.350,1159
101871.00,0.2730,3.0770,9.5440,2.230,4.160,3.880,1159
101881.00,0.2560,3.1340,9.5620,4.470,4.100,3.760,1159
101891.00,0.3400,3.2180,9.5960,5.310,4.520,4.260,1159
101901.00,0.3400,3.1840,9.7110,4.560,4.300,4.880,1160
101911.00,0.4210,3.2620,9.7100,5.540,3.070,4.460,1160
101921.00,0.3720,3.2870,9.8090,6.130,1.440,3.970,1160
101931.00,0.3880,3.3110,9.7690,5.470,-2.960,3.480,1160
101941.00,0.3900,3.3080,9.7180,2.460,-4.440,3.420,1160
101951.00,0.3110,3.3150,9.8200,1.460,-4.290,3.510,1161
101961.00,0.2890,3.3370,9.8620,0.440,-4.510,3.280,1161
101971.00,0.2620,3.3220,9.8660,0.080,-4.230,3.060,1161
101981.00,0.2890,3.3820,9.8210,0.200,-4.020,2.970,1161
101991.00,0.3150,3.4420,9.7830,-0.750,-3.710,2.790,1161
102001.00,0.2990,3.3580,9.7770,-1.170,-3.080,2.220,1162
102011.00,0.3700,3.4190,9.7540,-2.010,-2.750,1.450,1162
102021.00,0.3640,3.4770,9.7750,-3.850,-2.640,1.430,1162
102031.00,0.3670,3.5230,9.7680,-5.880,-2.200,1.150,1162
102041.00,0.3970,3.5060,9.8020,-8.280,-1.220,0.270,1162
102051.00,0.3580,3.4600,9.8060,-11.920,-0.300,-0.470,1163
102061.00,0.3140,3.3420,9.8220,-15.380,0.390,-1.430,1163
102071.00,0.1080,3.2920,9.7370,-23.960,-1.260,-2.100,1163
102081.00,0.0860,3.2260,9.7190,-36.510,-5.530,-2.380,1163
102091.00,0.2930,2.9870,9.8520,-27.040,-4.950,-2.030,1163
102101.00,0.4250,3.2230,9.9150,-16.910,-2.470,-1.750,1164
102111.00,0.5100,3.1830,9.9550,-13.200,1.390,-2.270,1164
102121.00,0.3030,2.9220,10.0510,-11.240,-0.490,-4.200,1164
102131.00,0.4120,3.7310,10.1160,-8.190,4.160,-5.210,1164
102141.00,0.3090,3.8000,10.2550,-8.470,9.460,-3.720,1164
102151.00,0.2730,3.5670,10.3800,-16.570,9.760,-3.830,1165
102161.00,0.3480,3.6110,10.5170,-20.580,9.090,-5.020,1165
102171.00,0.2870,3.7420,10.4960,-21.050,7.180,-5.960,1165
102181.00,0.0930,3.5350,10.3130,-23.080,3.720,-6.470,1165
102191.00,0.1680,3.3890,10.0210,-25.640,0.360,-6.870,1165
102201.00,0.1990,3.1570,9.7380,-26.810,-2.710,-5.680,1166
102211.00,0.2140,2.8820,9.4940,-26.360,-5.130,-4.720,1166
102221.00,0.2940,2.6540,9.2920,-26.690,-6.700,-4.670,1166
102231.00,0.2720,2.4370,9.0100,-25.480,-7.720,-3.950,1166
102241.00,0.3170,2.2210,8.8330,-24.870,-7.260,-3.250,1166
102251.00,0.2880,1.9900,8.6460,-24.100,-6.230,-3.250,1167
102261.00,0.3880,1.8970,8.4680,-23.330,-4.090,-3.920,1167
102271.00,0.3500,1.7590,8.3700,-22.370,-1.310,-4.600,1167
102281.00,0.3940,1.6920,8.3250,-21.460,0.690,-5.700,1167
102291.00,0.3800,1.4500,8.1480,-21.840,2.070,-6.650,1167
102301.00,0.3680,1.3750,8.1820,-20.950,3.720,-7.960,1168
102311.00,0.4010,1.3010,8.2120,-19.550,3.580,-8.730,1168
102321.00,0.4420,1.3280,8.2880,-15.090,3.350,-8.800,1168
102331.00,0.2820,1.1860,8.1940,-11.950,4.650,-7.710,1168
102341.00,0.3240,1.3000,8.1670,-4.480,7.380,-5.280,1168
102351.00,0.3660,1.2740,8.1050,-3.470,8.850,-4.000,1169
102361.00,0.3970,1.2740,8.1430,-5.320,9.810,-3.290,1169
102371.00,0.3360,1.2870,8.3010,-3.120,10.930,-2.760,1169
102381.00,0.2560,1.2500,8.4820,-0.230,10.960,-2.130,1169
102391.00,0.1810,1.4870,8.8300,3.960,9.620,-1.290,1169
102401.00,0.1970,1.6090,9.0580,10.070,7.180,-0.310,1170
102411.00,0.1140,1.8800,9.2740,12.900,4.510,0.990,1170
102421.00,0.0800,2.0120,9.4260,17.420,2.230,2.250,1170
102431.00,0.1850,2.2380,9.2000,18.050,1.150,2.500,1170
102441.00,0.1040,2.2790,8.8900,16.070,2.790,2.510,1170
102451.00,0.0500,2.3280,8.4680,12.690,4.730,1.040,1171
102461.00,0.0510,2.3740,8.0730,8.620,7.940,-1.200,1171
102471.00,-0.1230,2.1930,7.8520,4.630,13.470,-3.790,1171
102481.00,-0.1850,2.0690,7.8500,5.050,18.680,-7.330,1171
102491.00,-0.1980,1.8620,8.3340,8.320,23.130,-10.760,1171
102501.00,-0.3820,1.7890,9.0140,15.600,27.990,-11.860,1172
102511.00,-0.3550,2.0500,9.9390,25.280,29.010,-11.230,1172
102521.00,-0.3760,2.2550,10.7360,34.640,25.940,-7.890,1172
102531.00,-0.3370,2.5900,11.5580,42.040,21.600,-5.230,1172
102541.00,-0.2150,3.1030,11.1540,39.470,12.870,-1.450,1172
102551.00,-0.0210,3.3880,10.3920,33.540,11.050,-2.110,1173
102561.00,0.0090,3.3570,9.4260,26.050,13.780,-3.650,1173
102571.00,-0.0040,3.3400,8.4710,16.910,20.190,-6.790,1173
102581.00,-0.1480,3.2300,7.5020,9.090,28.220,-10.130,1173
102591.00,-0.3460,3.0420,6.7960,3.580,37.230,-13.940,1173
102601.00,-0.6230,2.9560,6.2730,1.650,46.450,-17.930,1174
102611.00,-0.9040,2.8520,6.2300,3.940,54.010,-20.910,1174
102621.00,-1.1280,2.8370,6.4070,8.280,57.740,-22.590,1174
102631.00,-1.2640,2.7430,6.8990,13.040,57.570,-22.680,1174
102641.00,-1.3770,2.8460,7.4630,23.600,56.570,-20.330,1174
102651.00,-1.5340,2.8120,8.0670,34.500,53.930,-16.180,1175
102661.00,-1.6530,2.9850,8.6240,49.020,50.460,-11.790,1175
102671.00,-1.7250,3.1890,9.0950,61.710,45.000,-6.960,1175
102681.00,-1.6000,3.4250,9.4520,67.630,38.740,-3.340,1175
102691.00,-1.4480,3.5170,9.6010,70.480,33.700,-1.960,1175
102701.00,-1.5140,3.5850,9.7870,72.960,31.700,-1.290,1176
102711.00,-1.6780,3.5480,10.0730,72.680,29.600,-0.660,1176
102721.00,-1.6880,3.5620,10.2860,71.550,26.000,-0.770,1176
102731.00,-1.7150,3.5890,10.5430,72.180,21.970,-1.380,1176
102741.00,-1.4350,3.7110,11.1140,61.220,10.440,-3.130,1176
102751.00,-1.4410,3.9010,11.3850,56.090,5.500,-2.970,1177
102761.00,-1.5200,4.1710,11.5800,59.170,6.010,-1.820,1177
102771.00,-1.3740,4.3950,11.7930,59.980,5.940,-1.220,1177
102781.00,-1.2430,4.8870,11.9300,58.120,3.910,-0.080,1177
102791.00,-1.1550,5.1480,11.9060,51.090,0.810,0.340,1177
102801.00,-1.1420,5.3240,11.6090,41.500,-1.700,-0.490,1178
102811.00,-1.0460,5.5620,11.4370,33.710,-2.360,-2.150,1178
102821.00,-0.9520,5.6290,11.3400,28.180,-3.360,-2.900,1178
102831.00,-0.9850,5.7770,11.1670,24.820,-3.360,-3.160,1178
102841.00,-1.0820,5.8940,11.0360,23.180,-3.660,-2.310,1178
102851.00,-1.2150,5.9860,10.8100,21.760,-4.880,-0.140,1179
102861.00,-1.1920,6.1740,10.6210,21.090,-7.030,2.600,1179
102872.00,-1.3000,6.1390,10.5020,23.000,-6.390,7.120,1179
102882.00,-1.4400,6.2710,10.5360,26.310,-1.540,11.930,1179
102892.00,-1.6400,6.1980,10.6150,28.460,5.980,15.360,1179
102902.00,-1.9200,6.1560,10.7380,30.190,13.920,16.650,1180
102912.00,-2.1950,6.2900,10.7250,30.960,21.810,16.780,1180
102922.00,-2.4940,6.5000,10.8210,31.470,29.360,16.300,1180
102932.00,-2.6690,6.6440,10.9990,31.300,32.610,17.700,1180
102942.00,-2.9030,7.1680,11.2660,21.810,35.760,22.570,1180
102952.00,-2.8800,7.4180,11.2740,19.620,34.410,20.380,1181
102962.00,-2.8150,7.3610,11.2720,19.730,34.380,17.000,1181
102972.00,-3.0230,7.4110,11.4790,13.170,34.450,12.790,1181
102982.00,-3.1090,6.9770,11.4430,-4.620,27.730,10.600,1181
102992.00,-2.9310,6.6280,10.9170,-17.290,17.470,9.850,1181
103002.00,-2.7090,6.3430,10.8450,-18.970,8.720,9.570,1182
103012.00,-2.5800,6.6020,10.6510,-23.430,-1.220,10.700,1182
103022.00,-2.3910,6.5150,10.4260,-24.100,-8.290,13.310,1182
103032.00,-2.1520,6.2270,10.3630,-21.670,-11.270,14.820,1182
103042.00,-2.1910,6.6740,10.1590,-22.910,-14.260,15.520,1182
103052.00,-2.2380,6.6180,10.1330,-19.040,-17.320,16.480,1183
103062.00,-1.4910,6.0020,9.5610,-18.710,-19.230,16.620,1183
103072.00,-2.3400,6.1430,9.4540,-21.350,-21.770,16.160,1183
103082.00,-0.0220,5.5560,9.0470,-24.050,-25.880,16.900,1183
103092.00,-2.9300,5.5020,8.6330,-15.820,-37.990,23.650,1183
103102.00,-0.7470,4.8030,8.6520,-22.490,-40.700,25.400,1184
103112.00,-1.0190,4.7880,7.9690,-12.060,-42.590,21.030,1184
103122.00,-0.1330,4.5950,7.9160,-6.700,-33.740,22.660,1184
103132.00,-2.4160,4.2350,7.8480,11.070,-40.860,56.400,1184
103142.00,-0.7040,4.7770,7.3500,9.980,-44.360,14.780,1184
103152.00,-0.0830,4.5970,7.1620,19.610,-46.570,14.240,1185
103162.00,-0.3120,4.4060,6.9150,8.320,-44.640,13.850,1185
103172.00,-0.5080,4.2790,6.7460,-4.810,-42.940,15.360,1185
103182.00,-0.5380,4.1730,6.7920,-14.910,-41.000,16.950,1185
103192.00,-0.5690,3.9000,6.7990,-23.050,-41.050,17.350,1185
103202.00,-0.5400,3.8350,6.8990,-30.050,-40.670,16.060,1186
103212.00,-0.5220,3.9930,6.7780,-29.100,-41.000,14.690,1186
103222.00,-0.4180,4.2740,6.6750,-28.000,-40.720,15.760,1186
103232.00,-0.1960,4.5590,6.6850,-27.650,-33.700,19.470,1186
103242.00,-0.0690,4.1620,6.9780,-22.020,-21.650,24.250,1186
103252.00,-0.0170,3.9090,7.3550,-10.680,-18.500,25.420,1187
103262.00,0.0350,3.5430,7.6430,-4.520,-20.510,23.740,1187
103272.00,0.0220,3.4490,7.6720,-2.490,-23.570,19.050,1187
103282.00,0.0250,3.1350,7.6300,-5.830,-26.910,13.260,1187
103292.00,0.1570,3.3610,6.9210,-11.450,-28.400,6.680,1187
103302.00,0.3190,3.4150,7.1300,-8.000,-21.680,3.140,1188
103312.00,0.4590,3.5840,7.5400,-6.490,-16.870,0.380,1188
103322.00,0.5040,4.0470,7.4930,-11.800,-17.360,-0.240,1188
103332.00,0.5280,4.1890,7.8240,-16.770,-17.710,3.440,1188
103342.00,0.8440,3.6800,8.7210,-20.880,-19.910,7.500,1188
103352.00,0.7700,3.6070,8.7880,-31.620,-30.380,5.680,1189
103362.00,0.8510,3.7450,8.7610,-33.250,-35.890,3.460,1189
103372.00,1.0270,3.5980,8.6580,-34.440,-41.370,2.900,1189
103382.00,0.9820,3.6940,8.9410,-32.100,-45.410,1.180,1189
103392.00,1.0750,3.8460,9.0740,-32.800,-52.200,0.240,1189
103402.00,1.1410,4.4570,9.2190,-27.320,-57.770,2.360,1190
103412.00,1.2090,4.5750,9.1690,-7.740,-61.140,11.070,1190
103422.00,1.3130,3.7380,8.2000,-10.190,-61.580,19.800,1190
103432.00,1.2530,4.0210,9.1800,-13.200,-57.000,22.110,1190
103442.00,1.3050,3.6650,8.9970,-8.350,-58.990,26.210,1190
103452.00,1.3800,3.9070,8.7740,-18.240,-61.410,26.230,1191
103462.00,1.4020,3.8090,9.2630,-31.920,-65.380,26.350,1191
103472.00,1.5520,3.9070,9.5490,-34.980,-69.840,27.330,1191
103482.00,2.1670,2.8940,9.6370,-28.090,-73.150,28.990,1191
103492.00,0.8600,2.6940,8.1540,-30.330,-78.560,22.760,1191
103502.00,1.8990,2.9510,8.0730,-29.260,-77.720,17.270,1192
103512.00,2.1390,2.9180,8.5790,-34.840,-77.470,15.880,1192
103522.00,0.4530,7.1520,-4.5050,-21.580,-71.840,12.610,1192
103532.00,0.7700,3.8500,9.0010,60.260,37.140,49.170,1192
103542.00,2.0190,2.1360,8.7900,39.290,80.890,71.690,1192
103552.00,1.1240,3.0300,7.7640,-20.670,101.090,44.690,1193
103562.00,1.2710,3.8910,7.3870,-29.380,113.270,42.360,1193
103572.00,1.3230,3.3030,7.3110,-30.360,134.150,47.440,1193
103582.00,1.2110,2.9310,8.0230,-35.910,156.530,49.590,1193
103592.00,1.1280,1.6980,11.1120,-43.300,166.820,46.330,1193
103602.00,2.1750,-0.2790,14.5340,-103.860,133.250,25.510,1194
103612.00,-0.0170,2.7810,10.9490,-104.740,69.680,-3.810,1194
103622.00,0.3980,3.0290,9.1690,-63.750,34.220,-3.360,1194
103632.00,0.2650,3.2940,8.5010,-55.630,24.890,3.160,1194
103642.00,0.2270,2.3000,9.6940,-62.140,12.870,11.790,1194
103652.00,-0.0150,1.7940,9.9110,-53.850,-0.280,8.740,1195
103662.00,0.0620,2.3650,9.6630,-41.370,-5.950,2.670,1195
103672.00,0.2500,2.3980,9.8970,-36.650,-5.900,1.150,1195
103682.00,0.0900,2.4020,10.0760,-28.960,-2.220,0.380,1195
103692.00,0.4070,2.4520,9.8790,-24.820,-0.790,-1.800,1195
103702.00,0.3610,2.3590,10.0950,-13.790,4.940,3.340,1196
103712.00,0.0930,2.0140,10.2100,-7.350,4.380,6.570,1196
103722.00,0.5030,2.4710,10.5360,-12.810,-10.450,9.790,1196
103732.00,0.5390,2.1280,10.1380,-13.930,-13.720,2.850,1196
103742.00,0.2560,2.1570,10.3470,-18.950,-16.540,3.060,1196
103752.00,0.3600,2.0910,10.4780,-19.600,-18.090,1.240,1197
103762.00,0.6490,2.3890,10.2440,-22.230,-13.020,-1.610,1197
103772.00,0.5870,2.0380,10.1970,-22.070,-15.780,-0.610,1197
103782.00,0.5300,2.5280,10.0480,-20.600,-17.760,1.550,1197
103792.00,0.5440,2.1050,10.0000,-28.320,-26.210,0.030,1197
103802.00,0.6660,2.0840,10.8920,-19.290,-30.290,0.010,1198
103812.00,0.6970,2.4440,10.5810,-26.430,-51.970,-7.750,1198
103822.00,0.4410,2.0120,10.3620,-32.730,-69.980,-12.890,1198
103832.00,0.6860,1.7180,11.0570,-37.560,-80.550,-26.860,1198
103842.00,0.9550,3.3280,11.4320,-38.080,-100.480,-45.900,1198
103852.00,1.6430,1.4670,11.9520,-33.150,-125.790,-36.240,1199
103862.00,2.6180,0.4480,10.1860,-29.510,-152.600,-33.820,1199
103872.00,3.3790,0.3910,5.7370,-51.280,-138.060,-47.110,1199
103882.00,3.5900,-0.2080,3.4920,-29.980,-65.750,-60.550,1199
103893.00,0.0150,0.5020,11.4580,-6.630,3.280,-96.330,1199
103903.00,4.2850,7.3370,10.5030,-39.830,8.990,-96.530,1200
103913.00,2.7390,4.1200,6.3490,11.590,21.060,-32.770,1200
103923.00,0.6550,1.9740,7.8360,41.150,69.430,-6.790,1200
103933.00,-0.1280,3.8990,12.6650,54.220,100.840,-0.540,1200
103943.00,0.7560,5.0380,14.8270,53.850,104.430,17.420,1200
103953.00,-0.7360,2.1280,9.1690,99.580,112.010,99.180,1201
103963.00,-1.7130,-1.4820,10.1610,119.930,154.730,122.270,1201
103973.00,-1.1380,-1.4690,14.6110,69.220,187.080,92.170,1201
103983.00,-2.5950,3.8850,15.2330,9.090,174.150,35.800,1201
103993.00,-1.7990,7.4910,12.9810,2.230,143.720,24.910,1201
104003.00,0.8510,4.9740,8.8850,5.500,122.810,46.250,1202
104013.00,0.1450,1.8920,7.0000,28.930,132.500,51.200,1202
104023.00,-0.3940,0.5670,8.1220,52.300,146.520,32.680,1202
104033.00,-0.5590,-0.2470,7.3570,54.430,134.510,8.460,1202
104043.00,0.2470,-0.7170,5.4340,45.420,116.020,-13.930,1202
104053.00,0.1280,-0.6430,5.7550,44.880,93.700,-33.650,1203
104063.00,0.1010,-0.6370,1.5870,33.610,57.690,-43.200,1203
104073.00,0.7260,-1.4730,-1.3290,40.990,57.020,-39.650,1203
104083.00,-0.9960,-3.8400,-1.8600,54.730,79.350,-34.930,1203
104093.00,-1.1440,-3.5730,-3.2470,22.930,93.250,-56.990,1203
104103.00,-1.0760,-4.0880,-2.3270,-1.140,106.900,-88.130,1204
104113.00,-2.0000,-4.4240,-1.6650,-13.060,103.590,-130.270,1204
104123.00,-3.1360,-3.7410,-4.3210,-36.210,95.930,-180.720,1204
104133.00,-4.3160,0.0640,-6.5730,-70.110,117.350,-232.800,1204
104143.00,-4.4150,9.9050,3.1460,-101.830,154.970,-264.630,1204
104153.00,-7.7220,0.7500,-32.7680,-218.070,-157.500,-175.210,1205
104163.00,-9.6230,20.5140,-23.0290,-186.730,216.590,-241.970,1205
104173.00,-11.3460,28.5810,2.7980,-93.150,327.670,-130.180,1205
104183.00,-12.5860,21.2840,29.5170,-13.090,327.670,78.810,1205
104193.00,-13.3660,12.4890,32.7670,-40.900,327.670,221.950,1205
104203.00,-13.9960,4.4300,31.8080,-5.060,327.670,311.060,1206
104213.00,-16.8130,-5.1330,26.7980,43.110,264.630,327.670,1206
104223.00,-16.6420,-9.4200,30.0860,86.090,229.220,296.830,1206
104233.00,-15.4280,-9.1660,32.7670,69.310,186.100,212.580,1206
104243.00,-14.8330,-7.5560,32.7670,42.060,98.690,128.250,1206
104253.00,-14.4750,-4.7710,32.7670,8.320,-10.640,58.460,1207
104263.00,-13.8730,-0.1470,32.1360,-18.480,-95.880,14.410,1207
104273.00,-14.2520,4.1870,29.3800,-13.250,-139.700,6.360,1207
104283.00,-14.8090,5.2000,28.1830,24.800,-164.710,26.700,1207
104293.00,-15.7250,4.2850,26.7880,45.240,-190.710,37.550,1207
104303.00,-16.8470,3.9460,23.8610,38.610,-238.660,21.920,1208
104313.00,-17.1070,3.6270,19.3610,25.730,-306.630,-6.470,1208
104323.00,-16.3440,3.8080,13.4240,7.810,-327.680,-41.660,1208
104333.00,-14.9990,4.8710,7.6210,1.280,-327.680,-70.050,1208
104343.00,-12.9000,6.0470,3.4070,12.170,-327.680,-86.950,1208
104353.00,-8.8720,6.1980,-1.8190,38.580,-327.680,-69.440,1209
104363.00,-6.8940,2.4590,-6.3800,67.770,-327.680,-41.170,1209
104373.00,-4.7000,-1.1680,-9.6040,73.370,-327.680,-30.220,1209
104383.00,-2.3910,-3.2360,-10.9380,76.170,-327.680,-40.490,1209
104393.00,-0.1260,-3.5300,-11.3970,81.050,-289.200,-55.820,1209
104403.00,1.8140,-2.6830,-12.1470,85.130,-243.560,-63.380,1210
104413.00,2.7120,-3.2920,-14.4460,88.630,-203.580,-53.930,1210
104423.00,4.1390,-6.4840,-16.6020,111.040,-156.120,-38.440,1210
104433.00,3.9430,-9.6410,-17.7910,123.700,-91.590,-41.680,1210
104443.00,2.2360,-10.3420,-17.7210,124.080,-13.210,-71.540,1210
104453.00,0.7220,-10.3890,-17.9660,132.060,63.170,-113.410,1211
104463.00,-1.2080,-11.5140,-14.8330,138.520,147.040,-166.610,1211
104473.00,-2.6720,-8.4690,-12.0470,110.050,208.960,-245.330,1211
104483.00,-4.6850,-0.6560,-10.5930,45.330,247.320,-318.200,1211
104493.00,-7.2960,10.2770,-12.9880,-9.050,285.280,-327.680,1211
104503.00,-10.0340,17.1610,-10.0110,-39.880,327.670,-307.370,1212
104513.00,-12.4130,23.7510,-3.6890,-85.240,327.670,-237.240,1212
104523.00,-12.6160,27.7040,5.3410,-130.320,327.670,-141.190,1212
104533.00,-13.6780,22.6560,12.0630,-198.840,327.670,-9.150,1212
104543.00,-14.3620,17.5150,16.1400,-238.890,327.670,99.130,1212
104553.00,-16.6830,5.1820,15.9730,-278.920,327.670,179.930,1213
104563.00,-17.7580,6.5570,17.1990,-317.680,327.670,198.370,1213
104573.00,-21.5180,10.4550,21.3140,-259.420,327.670,229.940,1213
104583.00,-24.5920,6.3290,21.2730,-179.380,321.890,316.710,1213
104593.00,-24.1200,-3.8480,22.2800,-66.080,259.600,327.670,1213
104603.00,-18.8030,-10.1670,23.7910,31.020,193.890,327.670,1214
104613.00,-16.5530,-14.5070,22.3770,24.160,128.480,243.420,1214
104623.00,-14.2870,-12.6900,21.3450,-28.180,78.690,105.520,1214
104633.00,-14.2550,-5.9370,22.2140,-72.140,54.140,-22.830,1214
104643.00,-14.3340,1.0430,25.3990,-84.260,36.950,-92.150,1214
104653.00,-15.0160,5.2240,27.2600,-81.010,-2.150,-99.660,1215
104663.00,-16.4680,8.0960,26.9080,-58.120,-60.970,-67.350,1215
104673.00,-17.6850,7.9780,24.4980,-11.970,-128.220,-14.240,1215
104683.00,-15.9020,4.1380,20.2270,28.710,-195.580,17.810,1215
104693.00,-13.9820,0.7320,15.2590,31.960,-254.120,2.110,1215
104703.00,-12.9570,1.5370,11.6540,11.500,-291.460,-48.720,1216
104713.00,-12.2880,5.5580,9.5240,-12.650,-310.970,-93.660,1216
104723.00,-11.4930,8.0270,10.6940,35.880,-316.360,-86.950,1216
104733.00,-10.6910,6.9330,10.1320,94.370,-327.680,-51.270,1216
104743.00,-9.4250,6.0000,3.5660,93.820,-327.680,-29.760,1216
104753.00,-4.5080,4.7160,-0.9270,105.220,-327.680,-4.510,1217
104763.00,-3.5030,-1.2720,0.8760,116.080,-327.680,27.210,1217
104773.00,-5.6820,2.1100,-8.5650,-5.440,-327.680,-26.910,1217
104783.00,-1.8240,-0.1790,-4.2740,77.760,-327.680,12.870,1217
104793.00,-1.9650,-4.0300,0.4780,83.660,-327.680,16.500,1217
104803.00,-4.1310,-1.1050,-6.0510,-32.830,-327.680,-54.840,1218
104813.00,3.0740,3.9780,-19.6430,12.730,-327.680,-74.910,1218
104823.00,-7.2780,-15.0620,-32.7680,178.560,-264.180,34.800,1218
104833.00,-14.5340,1.4110,-1.6550,-315.580,28.480,-144.630,1218
104843.00,-0.0230,7.0520,5.4100,-247.100,-16.990,-234.530,1218
104853.00,-7.5430,9.8200,-14.8090,-327.680,-188.070,-219.810,1219
104863.00,-5.2650,10.7850,-12.5730,-293.270,-64.890,-187.350,1219
104873.00,-2.8520,14.6700,-9.9130,-270.010,104.620,-149.780,1219
104884.00,1.4470,14.4330,2.4700,-140.540,285.750,-65.880,1219
104893.00,1.6100,12.5380,10.5950,-73.100,327.670,29.380,1219
104903.00,-2.8150,10.5590,0.6580,-109.640,283.560,106.310,1220
104914.00,-10.6980,8.9180,10.9510,159.550,327.670,286.490,1220
104924.00,-28.9720,9.7660,32.7670,327.670,327.670,315.660,1220
104934.00,-19.4270,3.6700,32.7670,236.610,327.670,226.780,1220
104944.00,-19.5370,-6.4940,32.7670,164.630,267.710,113.220,1220
104954.00,-21.3080,-4.0790,32.7670,11.490,-221.250,-89.180,1221
104964.00,-23.8040,12.5350,32.7670,-144.450,-327.680,-327.680,1221
104974.00,-21.5910,19.6510,23.2020,-102.990,-327.680,-327.680,1221
104984.00,-19.3070,11.0330,1.1050,52.750,-327.680,-227.250,1221
104994.00,-16.4200,5.4410,-13.7040,155.630,-327.680,-77.100,1221
105004.00,-19.0890,4.9990,-19.6300,138.380,-327.680,-12.890,1222
105014.00,-7.4110,13.4030,-21.9050,106.620,-327.680,7.220,1222
105024.00,-1.6710,12.7200,-3.3840,189.250,-278.490,137.790,1222
105034.00,-4.6910,4.2830,-2.3740,222.430,-280.260,273.900,1222
105044.00,-5.2100,2.5050,-5.6020,301.720,-327.680,327.670,1222
105054.00,-7.4530,-4.1200,-21.6470,287.060,-327.680,327.670,1223
105064.00,-4.4930,-11.6540,-32.7680,327.670,-275.540,327.670,1223
105074.00,-4.7160,-20.3890,-26.3640,327.670,-37.590,327.670,1223
105084.00,-5.3880,-23.7370,-20.3280,327.670,119.320,324.810,1223
105094.00,-4.0070,-18.1040,-16.7680,190.790,224.780,155.900,1223
105104.00,-4.2070,-13.2350,-12.7590,123.190,297.330,46.560,1224
105114.00,-5.3970,-9.8700,-11.6560,82.450,327.670,-24.130,1224
105124.00,-6.6710,-8.3840,-7.7030,69.520,327.670,-83.490,1224
105134.00,-7.9230,-7.2310,-3.8410,35.480,327.670,-154.380,1224
105144.00,-9.5920,-5.2630,0.0210,-32.970,327.670,-246.430,1224
105154.00,-7.7370,-0.6130,1.9890,-117.920,327.670,-327.680,1225
105164.00,-7.8310,-0.1850,13.8300,-27.130,327.670,-327.680,1225
105174.00,-14.3460,11.7650,6.8490,-291.530,327.670,-327.680,1225
105184.00,-29.9970,7.5520,10.7480,-295.120,327.670,-327.680,1225
105194.00,-32.7680,32.7670,32.6820,-327.680,327.670,-327.680,1225
105204.00,-32.7680,32.7670,32.7670,-309.240,327.670,-327.680,1226
105214.00,-21.4460,32.7670,32.7670,-176.120,327.670,-76.350,1226
105224.00,-21.8650,24.1920,32.7670,-81.170,-130.720,242.490,1226
105234.00,-22.2070,9.2130,26.6660,-7.510,-327.680,327.670,1226
105244.00,-19.1440,-2.6690,10.8170,51.190,-327.680,327.670,1226
105254.00,-12.5430,-7.9520,2.5530,35.080,-327.680,327.670,1227
105264.00,-9.6690,-9.4710,-2.3430,-10.120,-327.680,327.670,1227
105274.00,-7.4170,-8.4070,-2.7750,-24.150,-270.250,237.210,1227
105284.00,-5.8280,-8.8420,-0.4530,-3.610,-150.800,170.090,1227
105294.00,-6.4250,-12.5930,10.7150,31.700,-67.740,112.940,1227
105304.00,-3.1340,-2.8330,12.2640,-130.810,-76.110,-45.830,1228
105314.00,-3.3830,3.7650,11.3890,-181.270,-116.780,-105.470,1228
105324.00,-4.5040,7.3350,8.5110,-153.980,-156.820,-96.180,1228
105334.00,-3.4030,8.3620,4.8090,-100.260,-181.540,-49.940,1228
105344.00,-2.3440,6.5810,2.3890,-21.890,-180.300,11.110,1228
105354.00,-1.8490,3.4820,1.9680,47.480,-163.690,58.340,1229
105364.00,-0.2580,0.8440,3.8300,90.110,-149.450,74.300,1229
105374.00,-1.8260,-0.9900,3.0280,88.700,-158.500,76.100,1229
105384.00,-2.4800,-3.8200,1.2890,80.730,-164.950,71.200,1229
105394.00,-3.9720,-6.1900,-1.0150,55.290,-163.870,42.470,1229
105404.00,-5.5540,-7.5080,-3.8590,33.710,-147.580,-0.660,1230
105414.00,-3.1570,-10.7160,-4.2460,47.060,-111.960,-35.960,1230
105424.00,-0.4310,-11.9940,-7.7210,12.200,-93.130,-105.000,1230
105434.00,-1.7390,-8.7680,-14.1040,-71.070,-60.160,-202.230,1230
105444.00,-3.0250,-3.2610,-17.3380,-108.360,43.650,-273.640,1230
105454.00,-5.4810,0.7050,-12.6730,-75.160,196.320,-287.310,1231
105464.00,-7.4720,3.8150,-7.5940,-57.400,312.420,-280.540,1231
105474.00,-9.3890,5.8760,-0.5060,-32.940,327.670,-265.450,1231
105484.00,-18.1890,9.3600,8.9400,-92.510,327.670,-271.440,1231
105494.00,-13.4770,12.8810,28.2240,-156.170,327.670,-266.310,1231
105504.00,-14.3230,17.7900,32.7670,-250.900,327.670,-252.260,1232
105514.00,-17.9590,21.5790,32.7670,-211.980,327.670,-171.510,1232
105524.00,-21.8930,15.8080,32.7670,-135.850,327.010,-21.080,1232
105534.00,-23.6450,4.9040,32.7670,-61.690,123.470,89.870,1232
105544.00,-23.5100,-2.6360,32.7670,-13.670,-72.550,93.950,1232
105554.00,-21.8950,-1.7830,32.7670,2.390,-228.340,17.530,1233
105564.00,-16.6830,10.1460,19.8890,3.650,-327.680,-74.880,1233
105574.00,-13.9480,11.9280,15.4070,41.200,-324.750,-37.530,1233
105584.00,-12.1120,10.4130,14.5780,58.860,-278.060,22.880,1233
105594.00,-11.3010,6.3250,16.6100,61.410,-234.710,73.840,1233
105604.00,-10.8190,2.6700,18.7880,57.630,-221.500,93.270,1234
105614.00,-10.2600,0.2220,19.0030,63.290,-247.220,88.670,1234
105624.00,-9.2110,-1.1520,16.6210,75.050,-295.890,70.590,1234
105634.00,-7.9540,-1.5000,13.8550,90.520,-327.680,43.730,1234
105644.00,-7.4420,-1.8230,10.3900,100.670,-327.680,14.360,1234
105654.00,-7.9780,-0.9290,7.0500,101.070,-327.680,-17.810,1235
105664.00,-7.9480,2.6600,2.3640,70.130,-327.680,-40.650,1235
105674.00,-6.0700,4.7230,-4.8130,4.630,-327.680,-35.120,1235
105684.00,-3.8040,4.5730,-10.1750,-33.390,-327.680,-21.940,1235
105695.00,-1.8480,4.7730,-14.2950,-82.580,-327.680,-20.350,1235
105704.00,0.0950,4.8670,-16.5540,-113.120,-327.680,-15.170,1236
105714.00,2.3980,4.0680,-17.0400,-108.890,-303.100,-0.520,1236
105724.00,4.3760,3.7530,-16.7530,-94.620,-231.030,12.890,1236
105734.00,6.1220,4.0340,-17.6050,-81.810,-174.650,24.480,1236
105744.00,6.7830,3.8020,-19.4300,-57.590,-121.030,42.990,1236
105754.00,6.6020,2.0090,-20.4070,-16.750,-49.820,72.720,1237
105764.00,4.9890,-4.0790,-13.1040,35.010,42.480,100.060,1237
105774.00,3.6590,-4.6890,-8.0170,74.960,185.540,86.530,1237
105785.00,2.3350,-4.5240,-5.8160,65.400,213.880,65.580,1237
105794.00,0.8420,-4.2060,-3.3530,52.440,243.940,45.020,1237
105804.00,-0.6540,-3.6440,0.1160,38.400,274.650,25.020,1238
105814.00,-1.7140,-2.2370,3.3060,17.050,292.150,4.390,1238
105824.00,-2.8510,-0.4660,5.5450,-17.680,303.040,-13.790,1238
105834.00,-3.2470,2.6510,8.9560,-28.560,319.000,-28.560,1238
105844.00,-2.9440,7.4990,11.3250,-2.070,319.310,-23.320,1238
105854.00,-4.8900,9.2140,11.7590,37.250,310.250,20.500,1239
105864.00,-6.7440,6.1860,15.7490,90.740,311.350,78.550,1239
105875.00,-7.0220,1.2810,21.8420,102.190,296.510,103.960,1239
105884.00,-6.1870,-2.5450,25.2170,72.820,225.950,81.700,1239
105894.00,-5.3610,-4.9660,22.2640,-17.030,120.600,19.910,1239
105904.00,-4.3820,-1.8300,15.7300,-98.040,36.550,-62.070,1240
105914.00,-4.2960,4.2310,11.0810,-147.210,10.050,-114.480,1240
105924.00,-3.8540,9.0950,11.5500,-138.580,31.110,-109.350,1240
105934.00,-3.4510,9.5130,13.6180,-92.750,48.920,-55.300,1240
105945.00,-2.9560,5.7520,13.0420,-46.780,46.510,7.220,1240
105955.00,-4.0210,1.9410,10.6430,-10.760,44.410,44.850,1241
105965.00,-4.5940,-2.5080,13.6040,8.230,61.350,54.540,1241
105975.00,-4.5880,-4.1640,17.0460,-4.730,63.520,14.960,1241
105985.00,-2.9870,-2.0030,17.1440,-30.780,17.280,-27.440,1241
105995.00,-2.5260,1.5490,10.4240,-58.310,-36.290,-52.900,1241
106005.00,-1.7920,3.4850,7.3900,-53.110,-35.240,-45.060,1242
106015.00,-1.6120,1.5250,7.9820,-33.370,-13.210,-17.780,1242
106025.00,-1.6240,-0.7010,9.1760,-23.400,-2.710,-7.490,1242
106035.00,-1.4670,-0.5930,8.8580,-38.260,-3.830,-21.520,1242
106045.00,-1.6130,1.0420,8.2370,-54.340,-0.750,-36.500,1242
106055.00,-1.7040,2.2070,8.5790,-52.120,8.290,-35.280,1243
106065.00,-1.7590,2.0940,8.9500,-43.090,14.640,-22.870,1243
106075.00,-1.9050,1.3950,9.0710,-33.200,18.490,-11.270,1243
106085.00,-2.1020,1.0260,9.0000,-27.020,21.570,-6.440,1243
106095.00,-2.6020,1.1880,12.5320,-47.670,3.910,-8.290,1243
106105.00,-2.7480,1.3910,9.9360,-65.910,-47.140,-9.060,1244
106115.00,-2.6320,1.2050,10.0290,-84.260,-81.760,-5.790,1244
106125.00,-2.2920,0.6260,10.1690,-61.430,-75.270,0.830,1244
106135.00,-1.7990,0.3720,10.2360,-47.620,-63.750,3.140,1244
106145.00,-1.7090,0.3520,10.1970,-39.620,-53.060,2.370,1244
106155.00,-1.5490,0.3580,10.1320,-33.220,-44.570,1.970,1245
106165.00,-1.2230,0.4360,10.0590,-24.820,-41.190,1.250,1245
106175.00,-0.8720,0.4350,10.0370,-35.210,-42.910,-3.580,1245
106185.00,-0.8410,0.6720,10.0960,-45.760,-42.630,-8.050,1245
106195.00,-0.7710,0.5940,10.1920,-56.070,-39.510,-11.650,1245
106205.00,-1.0750,-0.1990,10.2620,-58.350,-34.540,-12.490,1246
106215.00,-0.8760,0.0700,10.3480,-31.220,-32.510,-13.310,1246
106225.00,-0.8030,0.1480,10.2350,0.810,-29.240,-10.270,1246
106235.00,-0.8120,-0.0980,10.2550,0.920,-22.660,-5.510,1246
106245.00,-0.7530,0.0000,10.2810,0.780,-14.660,-4.480,1246
106255.00,-0.7440,-0.1420,10.2290,0.440,-6.350,-2.240,1247
106265.00,-0.6560,-0.5650,10.1680,0.410,-0.610,-1.590,1247
106275.00,-0.5120,-0.1060,10.1320,0.410,1.850,-2.250,1247
106285.00,-0.5030,-0.0410,10.0640,0.320,1.670,-0.980,1247
106295.00,-0.3400,0.0780,10.0270,0.340,-1.640,-1.060,1247
106305.00,-0.1840,0.2770,10.0420,0.360,-7.560,-1.050,1248
106315.00,-0.3020,0.2570,10.0480,0.430,-13.160,-0.490,1248
106325.00,-0.2620,0.2750,10.0840,0.390,-17.600,1.060,1248
106335.00,-0.3680,-0.2170,10.1150,0.200,-20.280,1.570,1248
106345.00,-0.3270,0.3630,10.1790,0.340,-20.630,-1.010,1248
106355.00,-0.3290,0.2460,10.1510,0.370,-19.130,0.310,1249
106365.00,-0.2570,0.8060,10.1530,0.320,-18.250,3.770,1249
106375.00,-0.3640,-0.5430,10.1040,0.810,-17.360,3.130,1249
106385.00,-0.2940,-0.1790,10.1620,0.320,-18.080,2.550,1249
106395.00,-0.3550,0.0070,10.2230,-0.020,-17.500,3.620,1249
106405.00,-0.4460,-0.1780,10.2240,0.410,-12.970,1.500,1250
106415.00,-0.3370,-0.0900,10.2020,0.480,-7.860,-0.030,1250
106425.00,-0.3900,0.1450,10.1580,0.390,-4.760,1.380,1250
106435.00,-0.2280,-0.1350,10.1610,0.480,-3.060,3.690,1250
106445.00,-0.1680,-0.1000,10.1670,0.570,-1.890,2.090,1250
106455.00,-0.1800,-0.0190,10.1490,0.360,-0.650,1.670,1251
106465.00,-0.0280,-0.0980,10.1830,0.110,0.250,3.350,1251
106475.00,-0.1120,-0.0280,10.1950,0.340,2.060,2.970,1251
106485.00,-0.1560,0.0250,10.2140,0.320,4.860,1.380,1251
106495.00,-0.1730,0.0080,10.1890,0.320,8.480,0.190,1251
106505.00,-0.2840,0.0470,10.1930,0.230,11.440,0.130,1252
106515.00,-0.3250,0.0280,10.1790,0.200,13.960,1.710,1252
106525.00,-0.2500,-0.0660,10.1760,0.130,16.650,3.740,1252
106535.00,-0.2970,0.1630,10.1800,0.020,19.080,4.330,1252
106545.00,-0.2670,-0.1970,10.1000,-0.140,20.710,6.240,1252
106555.00,-0.1720,-0.3130,10.0580,1.980,18.510,6.400,1253
106565.00,-0.1390,-0.1430,10.0340,6.290,13.400,5.470,1253
106575.00,-0.3250,-0.0330,10.1510,-6.110,6.870,1.360,1253
106585.00,-0.3820,-0.0490,10.1650,-1.400,6.310,-0.310,1253
106595.00,-0.4220,-0.0550,10.1930,2.040,7.340,-0.500,1253
106605.00,-0.4030,-0.0410,10.1370,12.340,7.660,-0.840,1254
106615.00,-0.4050,0.0160,10.1510,17.030,7.480,-0.910,1254
106625.00,-0.3000,1.4450,10.1700,24.400,6.590,0.330,1254
106635.00,-0.3730,1.8130,10.1860,37.580,5.980,12.000,1254
106645.00,-0.4300,1.1340,10.1500,51.180,6.480,25.180,1254
106655.00,-0.4950,-0.0450,10.1500,57.300,6.970,31.390,1255
106665.00,-0.5040,-0.2970,10.0480,59.470,6.400,30.460,1255
106675.00,-0.4110,-0.9810,9.9820,51.070,3.000,28.240,1255
106685.00,-0.4040,-1.2620,9.9390,31.070,-2.890,20.770,1255
106695.00,-0.2570,-0.0510,9.8530,5.620,-9.730,11.650,1255
106705.00,-0.3670,-0.3550,10.0040,-21.720,-15.910,7.730,1256
106715.00,-0.5700,-0.5620,10.1610,-40.760,-18.850,-1.220,1256
106725.00,-0.6190,1.3420,10.2790,-46.340,-16.780,-9.660,1256
106735.00,-0.6890,1.7680,10.3770,-29.490,-11.270,-4.110,1256
106745.00,-0.8470,0.0920,10.4210,-4.710,-2.380,3.090,1256
106755.00,-0.7640,0.2520,10.3210,15.840,6.900,-0.710,1257
106765.00,-0.5570,0.5710,10.1550,31.280,12.980,-1.800,1257
106775.00,-0.2890,0.4100,9.9640,35.150,12.540,2.810,1257
106785.00,-0.1870,0.2140,9.9370,15.280,8.340,3.070,1257
106795.00,-0.1440,0.2170,9.9970,-1.380,3.490,0.400,1257
106805.00,-0.2090,0.4600,10.0130,-14.740,-0.440,-3.340,1258
106815.00,-0.2360,1.1250,10.0960,-22.090,-3.080,-4.270,1258
106825.00,-0.3550,0.4740,10.1580,-18.970,-4.040,-1.690,1258
106835.00,-0.3560,0.4190,10.1570,-13.040,-3.920,-2.450,1258
106845.00,-0.4460,0.4420,10.1920,-8.070,-3.060,-3.720,1258
106855.00,-0.5040,0.4060,10.1920,-0.230,-1.730,-4.270,1259
106865.00,-0.4970,0.3730,10.1460,6.780,-0.450,-4.160,1259
106875.00,-0.4280,0.3700,10.0960,10.680,-0.050,-3.220,1259
106885.00,-0.3780,0.4160,10.0600,10.490,-1.150,-1.470,1259
106895.00,-0.4130,0.4290,10.0680,8.790,-3.270,0.610,1259
106905.00,-0.4960,0.3640,10.0960,6.690,-4.950,1.970,1260
106915.00,-0.4860,0.4010,10.1510,6.660,-5.210,2.580,1260
106925.00,-0.9290,0.5590,10.2680,9.650,-3.200,3.740,1260
106935.00,-0.6780,0.5530,10.3330,24.930,1.510,7.750,1260
106945.00,0.6160,0.7010,10.1700,45.890,5.520,10.600,1260
106955.00,0.4790,3.1600,9.7350,68.890,-4.010,10.580,1261
106966.00,-1.8370,2.1940,11.0580,72.040,-0.730,31.650,1261
106976.00,-0.8360,0.0410,10.0000,144.540,15.250,48.800,1261
106986.00,-0.5890,2.3500,9.9660,64.620,23.090,7.380,1261
106996.00,-0.3750,2.6810,9.8450,66.820,27.480,12.210,1261
107006.00,-0.5450,2.5600,9.9300,69.170,30.110,23.410,1262
107016.00,-0.6800,2.0470,9.8630,81.050,31.470,33.590,1262
107026.00,-0.6490,1.2310,9.9390,85.830,30.690,38.580,1262
107036.00,-0.4090,0.8540,10.0180,77.790,27.780,34.380,1262
107046.00,-0.4290,1.3840,9.8540,59.160,24.510,24.830,1262
107056.00,-0.6370,1.4640,9.9570,42.570,20.260,19.380,1263
107066.00,-0.7500,1.6470,9.9400,36.900,17.650,16.390,1263
107076.00,-0.8000,1.7770,9.9540,36.880,15.920,14.990,1263
107086.00,-0.7760,1.5960,9.9440,39.260,14.640,14.100,1263
107096.00,-0.6680,1.7640,9.8770,36.350,12.870,10.620,1263
107106.00,-0.7690,2.2320,9.8470,28.830,10.740,6.910,1264
107116.00,-0.8620,2.2980,9.8050,27.920,11.170,6.570,1264
107126.00,-1.0330,2.2200,9.8440,28.640,11.490,6.990,1264
107136.00,-0.9660,1.9580,9.8590,30.390,11.030,5.890,1264
107146.00,-0.8080,1.7620,9.9200,29.480,9.420,2.250,1264
107156.00,-0.5620,1.5620,9.9210,25.140,6.130,-4.060,1265
107166.00,-0.6120,1.8910,9.8940,14.760,0.710,-12.070,1265
107176.00,-0.6780,2.9760,9.5850,6.940,-2.780,-19.140,1265
107186.00,-0.9550,3.2780,9.5550,1.560,-5.830,-19.110,1265
107196.00,-0.8190,3.3420,9.5440,5.570,-5.140,-14.420,1265
107206.00,-0.6010,3.0610,9.5840,9.160,-4.440,-9.340,1266
107216.00,-0.6530,2.8550,9.6350,8.130,-5.060,-6.930,1266
107226.00,-0.6470,2.7030,9.6580,5.170,-6.680,-7.120,1266
107236.00,-0.7740,2.6730,9.6510,-0.400,-8.890,-8.430,1266
107246.00,-0.7350,2.7560,9.7120,-4.030,-10.410,-9.780,1266
107256.00,-0.7050,2.7460,9.6930,-4.810,-11.130,-11.280,1267
107266.00,-0.8330,2.7850,9.6610,-6.060,-11.920,-12.420,1267
107276.00,-1.0320,2.7180,9.7300,-5.860,-12.280,-12.020,1267
107286.00,-1.3920,2.9880,9.5590,0.080,-11.790,-11.970,1267
107296.00,-0.9180,2.4740,9.6990,2.860,-12.280,-11.280,1267
107306.00,-0.7500,2.2210,9.7740,2.020,-15.190,-12.740,1268
107316.00,-0.8470,1.9740,9.7900,-0.950,-19.740,-15.410,1268
107326.00,-0.8350,1.7810,9.8080,-4.460,-25.880,-20.020,1268
107336.00,-0.0590,1.9260,9.8790,-12.990,-32.810,-27.470,1268
107346.00,0.1200,2.7930,9.6880,-22.680,-37.010,-36.780,1268
107356.00,-0.2540,3.7470,9.5000,-27.000,-37.990,-37.880,1269
107366.00,-0.4390,3.8060,9.5070,-22.310,-36.140,-29.130,1269
107376.00,-0.4960,3.0890,9.5350,-17.620,-32.340,-20.490,1269
107386.00,0.3850,5.2370,9.3400,-43.380,-31.340,-23.040,1269
107396.00,-0.3550,3.3770,9.7500,-32.810,-22.470,-3.220,1269
107406.00,0.0490,2.6850,9.8220,-5.880,-14.230,10.370,1270
107416.00,0.0110,1.7830,10.0770,0.930,-9.890,17.670,1270
107426.00,-0.0880,1.0550,10.2600,6.530,-7.560,18.750,1270
107436.00,0.0510,1.1430,10.2360,11.070,-5.110,14.620,1270
107446.00,0.0680,1.5680,10.0790,9.560,-2.660,8.620,1270
107456.00,0.1230,2.1230,9.9930,6.590,0.410,4.460,1271
107466.00,0.0560,2.3620,9.9740,9.050,4.910,4.840,1271
107476.00,0.0030,2.2190,9.9750,14.080,10.930,7.780,1271
107486.00,-0.0960,1.8190,10.0700,18.590,15.340,11.370,1271
107496.00,-0.1600,1.4910,10.1260,23.840,18.800,13.780,1271
107506.00,-0.2570,1.1070,10.2550,27.040,22.060,14.450,1272
107516.00,-0.4470,0.9340,10.2620,30.300,25.020,11.890,1272
107526.00,-0.5940,1.0770,10.2180,29.410,26.710,6.800,1272
107536.00,-0.5610,1.6700,10.0130,26.470,28.270,0.610,1272
107546.00,-0.5920,2.3040,9.9290,21.920,29.740,-3.670,1272
107556.00,-0.6980,3.0460,10.3410,20.590,30.510,-3.620,1273
107566.00,-0.6640,3.3480,10.6800,24.440,27.170,3.060,1273
107576.00,-0.6860,2.9310,10.4120,29.980,20.060,12.400,1273
107586.00,-0.4420,1.8350,9.4480,32.070,11.140,17.530,1273
107596.00,-0.3820,1.6010,8.9770,27.320,10.110,13.630,1273
107606.00,-0.3430,1.8750,8.4350,19.760,11.770,7.450,1274
107616.00,-0.7100,2.0270,7.5290,21.090,17.460,1.810,1274
107626.00,0.1080,0.7770,7.1950,26.270,16.460,-2.430,1274
107636.00,-0.1740,4.7130,6.5450,-11.660,38.210,-15.710,1274
107646.00,-0.2650,5.4490,12.4030,-32.110,15.290,5.300,1274
107656.00,-1.0420,3.8150,9.4450,-13.210,-15.070,23.200,1275
107666.00,-0.8670,3.3260,9.5860,-29.680,-13.000,25.600,1275
107676.00,-1.0770,3.7020,9.5590,-30.260,-9.290,22.590,1275
107686.00,-1.1650,3.2030,9.6640,-15.470,-3.880,23.130,1275
107696.00,-2.6400,9.1380,9.1520,38.170,1.010,37.740,1275
107706.00,0.7960,-3.0060,12.3500,327.670,-33.600,84.760,1276
107716.00,-0.0450,-8.2910,13.6330,327.670,-51.590,0.610,1276
107726.00,-2.6470,-0.0610,10.2990,91.810,-57.170,-124.840,1276
107736.00,-2.0800,7.8910,7.2890,-70.440,-49.840,-149.240,1276
107746.00,-0.4070,11.8610,5.7530,-68.010,-28.090,-90.520,1276
107756.00,0.8090,11.2770,6.1340,-21.790,-7.770,-3.500,1277
107766.00,0.2950,7.0020,8.0560,-0.300,14.310,56.870,1277
107776.00,-0.1060,4.5730,8.9310,15.420,20.970,73.180,1277
107786.00,-0.7580,2.8520,9.8950,22.340,8.480,53.400,1277
107796.00,-0.8470,3.0310,9.7910,27.250,3.600,30.110,1277
107806.00,-0.6300,3.5420,9.4400,33.050,-0.030,11.600,1278
107816.00,-0.4860,4.0050,9.1960,30.140,-1.420,2.440,1278
107826.00,-0.3320,3.9320,9.1710,22.070,-1.960,2.600,1278
107836.00,-0.0270,3.3690,9.3750,15.270,-5.490,6.140,1278
107846.00,-0.0050,2.9510,9.4990,9.740,-15.360,5.910,1278
107856.00,-0.4480,3.2680,9.3570,-13.250,-26.210,-0.290,1279
107866.00,-0.9330,4.1670,9.0900,-40.790,-32.570,-9.060,1279
107876.00,-0.8330,4.6030,8.8830,-52.310,-33.580,-12.280,1279
107886.00,-1.7410,5.2630,9.1940,-58.820,-33.760,-12.510,1279
107896.00,-1.0040,5.4140,8.7270,-21.370,-21.370,-12.460,1279
107906.00,-0.8200,4.6370,8.8700,-11.870,-7.660,-7.630,1280
107916.00,-1.2340,3.8470,9.4640,-15.650,-4.290,-2.390,1280
107926.00,-0.8810,3.3020,9.4800,-6.350,-2.820,-0.350,1280
107936.00,-0.0350,3.5760,9.4550,-9.170,-1.960,-3.250,1280
107946.00,-0.7560,3.6170,9.4000,-7.160,-1.430,-4.790,1280
107956.00,-0.3440,3.4790,9.5000,-7.190,-1.870,-3.670,1281
107966.00,-0.2590,3.6270,9.3290,-6.880,-2.220,-5.930,1281
107976.00,-0.3790,3.8790,9.3720,-11.320,-2.890,-6.490,1281
107986.00,-0.1470,3.8420,9.3370,-4.740,2.760,-8.970,1281
107997.00,0.0310,4.0170,9.2310,0.640,3.820,-9.970,1281
108007.00,0.2260,4.1810,9.2020,0.620,4.980,-8.970,1282
108017.00,0.0710,4.1970,9.1740,1.130,5.940,-6.860,1282
108027.00,0.2700,4.2920,9.1940,1.930,6.270,-3.720,1282
108037.00,0.3290,4.4330,9.1140,2.740,8.460,-1.410,1282
108047.00,0.2110,4.3620,9.2320,0.780,10.630,1.170,1282
108057.00,0.2880,4.2830,9.1650,7.970,13.800,3.390,1283
108067.00,0.2510,4.1370,9.1990,7.480,17.670,6.520,1283
108077.00,0.2020,4.0330,9.4480,7.390,19.400,12.140,1283
108087.00,0.7170,3.5400,9.5790,22.060,24.370,16.850,1283
108097.00,0.6420,2.8190,9.8120,26.260,27.080,18.720,1283
108107.00,0.7510,2.3770,9.9990,24.420,24.580,15.870,1284
108117.00,0.8730,2.6580,9.8040,18.770,18.820,8.880,1284
108127.00,-1.9580,2.8390,9.3140,7.370,12.540,1.970,1284
108137.00,0.2350,-1.0850,11.7000,-6.020,3.460,-2.460,1284
108147.00,-0.9030,-1.5920,11.7080,-15.300,-5.670,-47.350,1284
108157.00,-3.6340,-0.5590,10.9320,-39.130,-18.780,-97.930,1285
108167.00,-5.2610,-0.5620,11.2830,-52.820,-24.170,-124.330,1285
108177.00,-2.7610,-0.1260,11.1730,-16.520,-19.910,-146.000,1285
108187.00,-2.1430,1.9870,9.8970,21.200,-16.900,-164.180,1285
108197.00,-3.4180,3.5780,8.5650,61.050,-28.380,-177.290,1285
108207.00,-2.3500,3.6050,8.6180,50.600,-49.210,-166.180,1286
108217.00,-1.6670,6.8550,7.4900,3.420,-65.150,-160.590,1286
108227.00,-1.3220,10.7650,6.0770,-30.940,-58.780,-129.390,1286
108237.00,-0.6740,10.9200,6.2090,-33.410,-39.320,-64.330,1286
108247.00,-0.9220,8.6360,7.1380,-30.920,-22.120,-5.820,1286
108257.00,-1.3720,7.7140,7.7990,-32.810,-10.800,27.730,1287
108267.00,-1.5790,6.1840,8.4640,-27.770,4.580,49.550,1287
108277.00,-1.5330,3.9570,9.2450,-20.720,18.610,59.020,1287
108287.00,-1.9660,4.4230,9.0710,-26.230,25.190,55.100,1287
108297.00,-1.8060,5.0730,8.9010,-23.290,30.580,53.540,1287
108307.00,-1.7120,4.6890,8.8610,-4.970,35.450,59.320,1288
108317.00,-0.9950,3.9370,9.0490,-1.890,36.500,62.000,1288
108327.00,-1.4340,5.1730,8.8090,-29.210,40.940,61.980,1288
108337.00,-1.4670,5.4620,8.7920,-34.350,50.130,70.360,1288
108347.00,-0.9580,4.1800,9.4910,-28.140,64.580,81.630,1288
108357.00,-0.1620,4.2730,9.5160,-2.220,73.470,79.390,1289
108367.00,0.1990,4.4700,9.0250,24.730,75.150,68.840,1289
108377.00,1.5420,7.7130,7.9020,-15.380,78.440,67.820,1289
108387.00,0.7760,-1.0830,11.2190,-29.090,83.050,90.940,1289
108397.00,0.0920,-0.2390,10.0980,53.140,-1.430,17.690,1289
108407.00,0.2590,1.9680,10.0710,-14.960,-32.860,-22.830,1290
108417.00,0.0570,4.1640,10.4430,-33.570,-49.770,-43.380,1290
108427.00,-0.6000,5.8420,12.6960,-38.960,-72.540,-41.050,1290
108437.00,-0.8920,6.5080,12.5130,-41.740,-108.200,-24.530,1290
108447.00,-1.3750,6.7410,11.1240,-41.350,-136.010,-2.340,1290
108457.00,-2.0700,5.9430,9.8260,-34.060,-144.340,26.240,1291
108467.00,-1.6710,4.0350,9.7780,-20.090,-138.700,52.180,1291
108477.00,-5.2820,-1.0440,2.7880,-50.770,-127.380,64.530,1291
108487.00,-5.5050,-25.4390,-3.2750,-127.800,-6.250,-27.520,1291
108497.00,0.2630,15.2690,16.4060,-106.310,114.620,-257.000,1291
108507.00,-0.2020,3.2860,8.8790,-98.770,38.630,-140.820,1292
108517.00,-0.5240,6.6900,10.8610,-42.090,36.460,-84.070,1292
108527.00,-0.3430,9.6320,10.7040,-9.920,30.320,-42.420,1292
108537.00,-1.3040,-0.2450,7.4880,33.080,21.940,18.020,1292
108547.00,-1.0080,-0.8860,14.3680,72.650,25.170,-2.430,1292
108557.00,-0.4470,5.3510,11.1180,-29.370,3.110,-43.150,1293
108567.00,-0.8150,5.7050,8.8450,-33.290,-26.160,-25.840,1293
108577.00,-1.2290,3.3360,9.4560,-7.750,-30.340,-2.670,1293
108587.00,-1.6580,2.6780,9.7260,0.930,-31.990,0.570,1293
108597.00,-1.1720,2.9430,9.6450,15.250,-42.170,-11.250,1293
108607.00,-0.0130,3.4610,9.8090,19.780,-39.710,-17.130,1294
108617.00,-0.0870,3.0650,9.7160,27.240,-28.790,-21.640,1294
108627.00,-0.6370,2.2330,9.8870,11.920,-18.690,-22.970,1294
108637.00,-1.3910,2.1930,9.6760,6.150,-16.610,-27.930,1294
108647.00,-1.4770,1.4440,10.0060,-1.000,-20.350,-35.420,1294
108657.00,-2.9070,-1.8190,10.9380,-20.460,-24.460,-66.670,1295
108667.00,0.9300,3.3020,9.7220,-39.410,-32.580,-125.260,1295
108677.00,3.6340,7.6700,8.8880,-34.230,-18.160,-102.250,1295
108687.00,-0.0680,2.8070,9.6030,5.170,1.950,-14.680,1295
108697.00,-0.3540,2.3730,9.7750,4.570,3.440,3.810,1295
108707.00,-0.2850,2.3180,9.7790,-11.060,5.490,3.980,1296
108717.00,-0.4060,2.4010,9.7470,-23.010,6.060,2.220,1296
108727.00,-0.4640,1.6570,9.9520,-30.030,4.700,-0.870,1296
108737.00,-0.3170,2.2850,9.8030,-33.720,1.760,-8.330,1296
108747.00,-0.1020,2.3110,9.7730,-30.820,-2.330,-9.800,1296
108757.00,-0.5150,2.2950,9.9120,-28.040,-5.390,-7.960,1297
108767.00,-0.4130,2.4470,9.7870,-23.990,-4.220,-8.800,1297
108777.00,0.0650,2.4680,9.8300,-24.960,-3.180,-7.710,1297
108787.00,-0.5440,2.6100,9.7950,-22.930,-3.200,-9.320,1297
108797.00,-1.2290,2.8340,9.6520,0.970,-6.020,2.110,1297
108807.00,0.4120,1.9440,9.5100,-1.420,-6.460,13.780,1298
108817.00,1.6070,1.2310,9.9240,-67.290,-3.640,18.050,1298
108827.00,-0.8180,-0.2510,9.9720,-91.050,-7.840,21.570,1298
108837.00,-0.6590,-0.5470,10.2640,-114.430,-15.730,11.180,1298
108847.00,-1.2710,-0.7560,10.2200,-136.850,-19.980,-5.540,1298
108857.00,-0.7100,-1.2330,10.0920,-142.080,-24.170,-15.690,1299
108867.00,-0.2760,1.7610,10.2680,-158.240,-27.370,-19.700,1299
108877.00,0.1160,3.5910,10.2870,-132.460,-24.380,-9.760,1299
108887.00,0.0450,1.7260,10.4320,-85.400,-15.990,5.020,1299
108897.00,0.0200,3.0460,10.0760,-57.700,-6.160,-3.570,1299
108907.00,-0.9350,2.6640,9.6490,-57.030,-2.170,-5.930,1300
108917.00,-1.0540,0.4130,10.3630,-65.140,-5.530,0.850,1300
108927.00,-0.4000,0.5990,9.6100,-44.940,-8.380,-0.660,1300
108937.00,-0.1000,0.1900,10.0920,-91.630,-12.580,-0.450,1300
108947.00,-0.2580,-0.2570,11.0210,-80.310,-19.040,-2.360,1300
108957.00,-0.1910,0.1300,10.1390,-15.630,-7.890,-1.890,1301
108967.00,-0.1170,0.0100,10.1250,-1.020,0.170,-0.400,1301
108977.00,-0.2380,0.0090,10.1220,-1.140,0.170,-0.350,1301
108987.00,-0.5680,0.2140,10.1210,-5.970,1.300,-2.570,1301
108997.00,0.3880,-0.4910,10.1370,0.130,0.010,-0.170,1301
109007.00,0.7330,-1.0930,10.1520,0.020,0.000,2.880,1302
109018.00,0.1490,-0.1790,10.1190,0.360,-0.090,0.380,1302
109028.00,-0.0440,-0.3240,10.1200,1.930,-0.420,8.200,1302
109038.00,-0.1380,-0.5180,10.2130,8.070,-1.730,7.760,1302
109048.00,-0.1330,-0.7700,10.1150,19.380,-0.660,-1.620,1302
109058.00,-0.2020,-0.6430,10.1560,11.030,1.410,-13.510,1303
109068.00,-0.5210,2.8110,10.2640,8.760,3.190,-22.900,1303
109078.00,-0.3730,3.3420,10.3380,33.820,4.820,-19.980,1303
109088.00,-0.3020,9.4000,9.8350,62.320,5.520,-0.590,1303
109098.00,-0.9420,8.6530,9.4160,70.710,5.750,62.450,1303
109108.00,-1.5430,7.4350,10.0470,52.160,7.030,97.660,1304
109118.00,-2.1300,6.7090,9.9760,73.770,5.850,134.970,1304
109128.00,1.9740,2.2210,10.2520,131.340,5.990,187.140,1304
109138.00,0.1420,-11.5290,10.5480,158.500,9.980,243.420,1304
109148.00,-1.0870,-25.2570,12.2930,42.580,3.180,187.230,1304
109158.00,-0.5090,-8.5680,11.0050,-75.370,-10.950,-7.120,1305
109168.00,0.0930,5.0890,10.2110,-108.690,-10.180,-96.260,1305
109178.00,-0.2060,3.8950,10.1060,-53.200,-8.190,-62.660,1305
109188.00,-0.3290,0.2660,10.2190,-8.100,-7.890,-34.540,1305
109198.00,-0.2600,3.7110,6.4890,-67.010,6.470,-15.310,1305
109208.00,-0.6460,-2.1480,11.9240,-327.680,23.210,9.300,1306
109218.00,0.1480,-0.0770,10.1440,-19.740,0.590,-12.460,1306
109228.00,0.1860,0.4270,10.1370,-6.930,0.940,-18.970,1306
109238.00,-0.2670,-0.3510,10.1820,-5.290,-1.470,-20.820,1306
109248.00,0.3110,0.4940,10.0880,-10.820,-2.200,-21.890,1306
109258.00,-0.2290,-0.5430,10.2620,-1.470,-0.860,-18.970,1307
109268.00,0.3440,0.6550,10.1760,-8.100,-3.010,-23.410,1307
109278.00,0.2060,0.6560,10.0600,-10.060,-3.590,-12.330,1307
109288.00,-0.1130,-0.5880,10.3320,-9.140,-3.310,-1.590,1307
109298.00,-0.2020,-1.6360,10.5700,-21.090,-7.240,-14.770,1307
109308.00,0.6260,-0.9850,9.7470,-36.590,-12.490,-41.160,1308
109318.00,1.1860,0.6100,10.2350,-23.990,-7.770,-62.560,1308
109328.00,0.8490,0.8190,10.0250,-23.540,-7.400,-62.860,1308
109338.00,-0.2520,1.1640,10.4360,-21.180,-6.160,-50.480,1308
109348.00,-0.2470,0.1290,9.9680,-26.580,-8.170,-26.650,1308
109358.00,-1.4690,-0.8200,10.3660,-24.050,-7.770,-7.490,1309
109368.00,0.3110,-0.5100,10.5820,-37.360,-10.010,1.250,1309
109378.00,-0.5370,-0.0830,8.0840,-55.110,-17.010,1.360,1309
109388.00,0.0000,-1.3180,11.5310,-3.540,-0.820,12.800,1309
109398.00,0.4360,1.0490,7.3650,-57.860,-10.460,9.550,1309
109408.00,-0.0900,-2.1660,10.4350,-23.570,-6.840,22.920,1310
109418.00,-0.9700,0.6780,9.8590,-15.590,-2.800,14.190,1310
109428.00,0.1750,-1.9340,9.8630,2.880,-1.560,21.220,1310
109438.00,0.6610,-1.4580,10.1300,2.840,-1.520,17.000,1310
109448.00,0.2520,-0.3960,9.9140,0.810,-1.490,13.640,1310
109458.00,0.1790,-0.5860,9.5660,5.870,-1.220,17.770,1311
109468.00,0.0550,-1.1620,9.4010,33.010,3.580,22.460,1311
109478.00,0.5800,-2.1320,11.5200,58.460,8.550,20.100,1311
109488.00,0.1770,-0.8090,10.0960,4.350,-0.280,5.350,1311
109498.00,0.1570,-0.8420,9.3470,-6.950,-1.610,-0.710,1311
109508.00,0.1290,-0.7580,9.6560,27.410,4.930,-0.240,1312
109518.00,0.1170,-0.6560,9.7860,48.450,8.790,-0.120,1312
109528.00,0.0490,-0.4370,10.7720,62.570,11.680,-0.050,1312
109538.00,0.0560,-0.4180,10.1390,48.520,11.280,-0.080,1312
109548.00,0.0430,-0.3420,10.3150,32.850,9.000,-0.280,1312
109558.00,0.0440,-0.3190,10.2550,22.440,6.690,-0.330,1313
109568.00,0.0170,-0.3510,10.1670,16.770,5.490,-0.400,1313
109578.00,-0.1290,-1.1090,10.2350,14.010,4.680,-1.730,1313
109588.00,-0.2120,-0.4840,10.2610,7.300,2.390,-9.850,1313
109598.00,0.1380,0.0140,10.0650,1.790,0.460,-8.820,1313
109608.00,0.7290,1.4930,10.0970,5.830,2.160,-11.370,1314
109618.00,0.0160,-0.2080,10.2560,5.550,1.830,-2.520,1314
109628.00,0.0110,-0.2710,10.0780,0.650,-0.050,-0.470,1314
109638.00,0.0100,-0.2830,10.0190,3.260,0.850,-0.430,1314
109648.00,0.0030,-0.2500,10.0420,8.350,2.830,-0.380,1314
109658.00,-0.0070,-0.2280,10.0090,14.550,5.290,-0.150,1315
109668.00,0.3260,1.0940,10.7400,17.890,6.430,0.550,1315
109678.00,-0.3060,-1.6520,9.8010,8.930,2.700,21.750,1315
109688.00,-0.1160,-1.1730,10.0900,8.840,2.530,30.370,1315
109698.00,0.1610,-0.0840,10.0350,9.190,2.760,29.180,1315
109708.00,0.1050,-0.1130,10.0210,12.920,4.100,35.400,1316
109718.00,0.0610,-0.5010,10.2290,14.460,4.750,42.100,1316
109728.00,-0.1540,-0.3250,9.9070,14.180,4.960,42.120,1316
109738.00,-0.0210,-0.5880,10.2620,20.130,6.800,41.470,1316
109748.00,0.0140,-0.8480,10.4030,18.350,2.370,33.650,1316
109758.00,-0.0890,0.5500,10.1430,17.050,-3.710,22.620,1317
109768.00,-0.1470,-0.5630,10.1580,21.740,-5.390,17.300,1317
109778.00,-0.1330,-1.2860,10.1400,21.160,-6.050,-1.520,1317
109788.00,-0.1800,0.4410,10.1040,19.130,-5.840,-23.950,1317
109798.00,0.0100,2.1540,10.1410,21.830,-6.740,-27.070,1317
109808.00,0.0810,-0.3500,10.3520,37.110,-6.810,0.590,1318
109818.00,-2.0140,-4.1270,10.2110,59.510,-8.470,-1.660,1318
109828.00,-1.7570,-2.5180,10.2740,52.160,-7.160,-21.120,1318
109838.00,-0.9780,-0.1710,10.1410,65.280,-10.010,-35.030,1318
109848.00,0.7870,1.4570,9.9640,56.040,-9.940,-36.970,1318
109858.00,1.2220,2.6590,9.9760,43.060,-8.260,-31.850,1319
109868.00,1.8250,3.0260,9.9010,42.110,-8.170,-22.290,1319
109878.00,0.7390,3.6320,9.7680,30.530,-6.890,-23.850,1319
109888.00,0.0710,2.3030,9.9840,18.490,-4.300,-12.610,1319
109898.00,0.0760,0.8820,10.0650,20.760,-3.590,-0.470,1319
109908.00,0.0880,0.9220,10.0480,20.740,-3.530,-0.150,1320
109918.00,0.1070,0.9230,10.0800,13.390,-2.310,-0.260,1320
109928.00,0.0940,0.9350,10.0940,10.030,-1.680,-0.280,1320
109938.00,0.0870,0.9400,10.0960,9.950,-1.640,-0.280,1320
109948.00,0.0980,0.9580,10.0850,11.630,-1.940,-0.240,1320
109958.00,0.1040,1.0010,10.0590,12.800,-2.200,-0.260,1321
109968.00,0.1000,1.0210,10.0640,9.950,-1.710,-0.290,1321
109978.00,0.1240,1.0160,10.0780,6.740,-1.190,-0.290,1321
109988.00,0.1220,1.0000,10.0970,5.890,-1.050,-0.310,1321
109998.00,0.1220,1.0370,10.0970,10.350,-1.890,-0.240,1321
110008.00,0.1980,9.2860,10.9710,-234.520,46.490,-33.260,1322
110018.00,-0.6410,0.1180,10.0060,-2.540,0.900,6.590,1322
110028.00,-0.6310,-0.1970,10.2020,-39.550,7.660,25.890,1322
110039.00,-0.9080,0.3020,10.1590,-47.300,11.020,24.690,1322
110049.00,-1.8190,-0.5250,10.0740,-28.350,7.710,13.220,1322
110059.00,-3.6330,-0.7480,10.1120,-28.820,7.590,-5.370,1323
110069.00,-4.5020,-1.9710,10.0410,-10.730,2.250,-16.500,1323
110079.00,-3.2550,-0.7620,10.1000,3.370,-0.930,-19.020,1323
110089.00,-0.0980,0.3420,10.1000,7.650,-1.840,-26.700,1323
110099.00,1.7390,0.6530,10.1770,1.880,-0.940,-37.110,1323
110109.00,3.4510,1.1710,10.1870,-0.280,-0.700,-39.600,1324
110119.00,2.8510,1.2220,10.1810,-2.840,0.690,-36.010,1324
110129.00,2.8030,1.0080,10.1990,-0.880,-0.020,-24.830,1324
110139.00,1.4870,0.4310,10.1670,0.000,-0.230,-18.110,1324
110149.00,1.1180,0.3050,10.1430,-0.670,-0.030,-12.720,1324
110159.00,0.9430,0.3050,10.1530,-0.630,-0.140,-7.700,1325
110169.00,0.5150,0.3190,10.1450,-0.580,-0.030,-3.250,1325
110179.00,-0.0740,-0.0640,10.0650,-1.310,0.130,-0.500,1325
110189.00,-0.0190,0.0160,10.2340,18.470,-7.700,-0.610,1325
110199.00,-0.0630,0.1960,10.1160,18.220,-5.840,-1.060,1325
110209.00,-0.0130,0.1370,10.1330,13.360,-4.600,-0.210,1326
110219.00,-0.0110,0.1970,10.1320,12.660,-4.150,0.400,1326
110229.00,-0.0340,0.1320,10.1340,19.550,-6.490,2.040,1326
110239.00,-0.0230,0.1590,10.1460,23.440,-7.440,1.520,1326
110249.00,-0.2630,0.3720,10.1300,26.200,-7.700,1.270,1326
110259.00,-2.3680,0.4510,10.2060,28.780,-7.380,2.690,1327
110269.00,-11.2410,-1.2930,10.5350,67.640,-12.910,5.630,1327
110279.00,-3.0610,-1.1670,9.7980,130.770,-20.960,2.460,1327
110289.00,0.5910,0.5870,10.0480,72.330,-12.040,-18.950,1327
110299.00,2.6470,1.9710,9.9080,32.780,-8.010,-41.100,1327
110309.00,3.4760,1.9510,9.7620,15.000,-6.020,-47.260,1328
110319.00,4.2530,1.6390,10.0280,-25.100,1.270,-39.930,1328
110329.00,3.7230,1.0460,9.9740,-49.680,6.030,-28.280,1328
110339.00,2.7210,0.8960,10.2100,-79.960,12.330,-14.890,1328
110349.00,0.2560,0.3900,10.2040,-72.420,12.400,-2.780,1328
110359.00,-0.0250,0.1950,10.1640,-56.910,9.840,-0.680,1329
110369.00,-1.1030,-0.8350,10.2670,-51.770,9.910,-5.120,1329
110379.00,-2.5130,-0.9180,10.1440,-38.660,10.020,-16.410,1329
110389.00,-2.5180,-0.5130,10.1180,-31.900,9.670,-24.570,1329
110399.00,-1.3750,0.0380,10.1310,-23.730,7.480,-27.260,1329
110409.00,0.2780,0.4250,10.1430,-8.470,2.980,-18.840,1330
110419.00,-0.0830,0.3000,10.1510,-8.160,2.480,-13.580,1330
110429.00,-0.8300,0.1860,10.1530,-22.870,7.100,-8.190,1330
110439.00,0.0570,0.4070,10.0910,-15.660,5.470,-3.600,1330
110449.00,0.4790,0.4190,10.1610,0.740,0.520,-1.830,1330
110459.00,1.0240,0.3510,10.1760,0.740,0.360,0.260,1331
110469.00,1.2290,0.4330,10.1670,0.230,0.290,1.310,1331
110479.00,1.5990,0.3460,10.1930,-0.280,0.530,0.340,1331
110489.00,1.5700,0.1450,10.1790,0.230,0.810,-0.540,1331
110499.00,1.3630,-0.0170,10.3020,0.220,1.860,0.130,1331
110509.00,0.0500,-0.0430,10.1560,0.040,6.570,0.260,1332
110519.00,-1.8160,-0.0330,10.0540,0.090,8.220,2.410,1332
110529.00,-0.3090,-0.1290,10.0510,0.060,6.400,11.960,1332
110539.00,0.9790,0.0900,10.2020,-0.040,3.610,14.640,1332
110549.00,0.4040,0.1000,10.4690,-0.050,6.710,9.390,1332
110559.00,-0.0580,-0.0190,9.7350,-0.160,12.000,5.070,1333
110569.00,-0.1250,0.0410,10.1580,0.010,0.760,5.330,1333
110579.00,-0.1170,0.0080,10.1450,0.110,0.220,4.120,1333
110589.00,-0.2950,0.1370,10.1200,0.160,0.320,2.990,1333
110599.00,-0.4830,0.2350,9.7590,0.250,-2.590,5.520,1333
110609.00,-0.1600,0.0400,10.2750,0.480,-16.340,7.220,1334
110619.00,-0.1380,-0.0150,10.2580,0.290,-7.230,8.500,1334
110629.00,-0.1200,-0.0200,10.1440,0.200,-1.540,9.850,1334
110639.00,-0.0940,0.0200,10.1410,0.250,-1.170,10.350,1334
110649.00,0.1370,-0.1200,10.1470,0.340,-1.070,10.340,1334
110659.00,-0.0130,-0.0230,10.1510,0.320,-0.980,8.170,1335
110669.00,-0.0980,-0.0100,10.1370,0.300,-0.870,7.730,1335
110679.00,-0.0090,-0.0500,10.1470,0.250,-0.800,8.220,1335
110689.00,-0.0330,-0.0460,10.1450,0.230,-0.720,7.870,1335
110699.00,-0.1260,0.0190,10.1310,0.200,-0.730,7.500,1335
110709.00,-0.1050,-0.0030,10.1520,0.200,-0.770,8.270,1336
110719.00,-0.0960,-0.0230,10.1350,0.180,-0.730,8.640,1336
110729.00,0.1310,-0.1260,10.1470,0.220,-0.680,7.330,1336
110739.00,0.0860,-0.0990,10.1390,0.200,-0.630,3.480,1336
110749.00,-0.0280,-0.0330,10.1490,0.270,-0.610,0.550,1336
110759.00,-0.0640,-0.0030,10.1390,0.270,-0.630,-0.240,1337
110769.00,-0.0690,0.0020,10.1350,0.410,-0.700,-0.240,1337
110779.00,-0.0640,-0.0030,10.1440,0.360,-0.630,-0.290,1337
110789.00,-0.0700,0.0020,10.1450,0.360,-0.540,-0.260,1337
110799.00,-0.0680,-0.0040,10.1510,0.230,-0.680,-0.280,1337
110809.00,-0.0560,0.0000,10.1410,0.230,-0.630,-0.280,1338
110819.00,-0.0640,-0.0080,10.1400,0.180,-0.660,-0.280,1338
110829.00,-0.0660,-0.0080,10.1300,0.080,-0.540,-0.360,1338
110839.00,-0.0700,-0.0070,10.1550,0.090,-0.470,-0.380,1338
110849.00,-0.0530,-0.0040,10.1410,0.080,-0.470,-0.420,1338
110859.00,-0.0530,-0.0110,10.1430,0.040,-0.380,-0.420,1339
110869.00,-0.0530,-0.0080,10.1470,0.080,-0.420,-0.490,1339
110879.00,-0.0830,0.0260,10.1490,0.060,-0.370,-0.420,1339
110889.00,-1.6000,0.4430,10.1070,0.080,-0.300,3.970,1339
110899.00,-0.2540,-0.1890,10.1340,0.200,-0.260,24.040,1339
110909.00,0.0860,-0.0860,10.1500,0.130,-0.170,22.620,1340
110919.00,0.0820,0.0640,10.1440,-0.140,-0.190,18.880,1340
110929.00,-0.3120,0.1780,10.1260,-0.300,-0.170,15.480,1340
110939.00,-0.3780,0.1680,10.1310,-0.320,-0.100,14.470,1340
110949.00,0.2420,0.0260,10.1300,-0.230,-0.070,12.260,1340
110960.00,0.0380,0.0440,10.1550,-0.020,-0.170,10.060,1341
110969.00,0.0170,0.0090,10.1390,-0.040,-0.280,8.900,1341
110979.00,-0.2040,-0.0930,10.1460,0.000,-0.210,8.130,1341
110989.00,-0.1280,0.0040,10.1350,0.130,-0.190,6.780,1341
110999.00,0.2290,-0.0810,10.1520,0.000,-0.160,6.870,1341
111009.00,0.1240,-0.0470,10.1490,0.090,-0.170,7.410,1342
111019.00,0.1720,-0.0750,10.1530,0.250,-0.090,6.710,1342
111029.00,0.2150,-0.1250,10.1470,0.090,-0.050,5.960,1342
111039.00,0.0870,-0.0960,10.1390,0.270,-0.090,5.190,1342
111050.00,0.0330,-0.0680,10.1470,0.370,-0.140,4.810,1342
111059.00,0.0570,-0.1350,10.1450,0.410,-0.170,4.300,1343
111070.00,0.0400,-0.1280,10.1430,0.390,-0.160,2.790,1343
111080.00,-0.0230,-0.0560,10.1520,0.340,-0.120,0.870,1343
111090.00,-0.0410,-0.0130,10.1380,0.340,-0.140,-0.030,1343
111100.00,-0.0550,-0.0160,10.1460,0.390,-0.090,-0.240,1343
111110.00,-0.0590,-0.0190,10.1340,0.410,-0.100,-0.310,1344
111120.00,-0.0500,-0.0160,10.1410,0.370,-0.050,-0.290,1344
111130.00,-0.0470,-0.0160,10.1370,0.360,-0.070,-0.310,1344
111140.00,-0.0560,-0.0170,10.1350,0.300,-0.100,-0.330,1344
111150.00,-0.0570,-0.0150,10.1250,0.300,-0.120,-0.380,1344
111160.00,-0.0500,-0.0160,10.1460,0.270,-0.120,-0.360,1345
111170.00,-0.0440,-0.0070,10.1340,0.320,-0.070,-0.290,1345
111180.00,-0.0580,-0.0090,10.1450,0.290,-0.090,-0.280,1345
111190.00,-0.0510,-0.0170,10.1410,0.320,-0.050,-0.330,1345
111200.00,-0.0640,-0.0100,10.1490,0.340,-0.070,-0.310,1345
111210.00,-0.0520,-0.0130,10.1380,0.300,-0.090,-0.330,1346
111220.00,-0.0640,-0.0170,10.1310,0.390,-0.100,-0.310,1346
111230.00,-0.0570,-0.0080,10.1530,0.360,-0.090,-0.330,1346
111240.00,-0.0620,-0.0130,10.1440,0.340,-0.140,-0.310,1346
111250.00,-0.0610,-0.0110,10.1470,0.340,-0.160,-0.360,1346
111260.00,-0.0610,-0.0100,10.1500,0.290,-0.160,-0.360,1347
111270.00,-0.0510,-0.0110,10.1470,0.230,-0.140,-0.420,1347
111280.00,-0.0590,-0.0220,10.1520,0.230,-0.140,-0.420,1347
111290.00,-0.0610,-0.0110,10.1340,0.270,-0.210,-0.400,1347
111300.00,-0.0610,-0.0130,10.1460,0.290,-0.210,-0.420,1347
111310.00,-0.0520,-0.0110,10.1500,0.360,-0.190,-0.430,1348
111320.00,-0.0460,-0.0070,10.1350,0.360,-0.170,-0.400,1348
111330.00,-0.0510,-0.0090,10.1320,0.320,-0.170,-0.380,1348
111340.00,-0.0580,-0.0030,10.1530,0.320,-0.190,-0.400,1348
111350.00,-0.0550,-0.0090,10.1440,0.340,-0.170,-0.360,1348
111360.00,-0.0500,-0.0090,10.1410,0.370,-0.210,-0.350,1349
111370.00,-0.0520,-0.0100,10.1460,0.360,-0.260,-0.360,1349
111380.00,-0.0570,-0.0090,10.1410,0.300,-0.210,-0.360,1349
111390.00,-0.0490,-0.0030,10.1410,0.300,-0.230,-0.420,1349
111400.00,-0.0610,-0.0110,10.1400,0.320,-0.210,-0.400,1349
111410.00,-0.0570,-0.0070,10.1460,0.290,-0.240,-0.450,1350
111420.00,-0.0620,-0.0050,10.1320,0.230,-0.260,-0.450,1350
111430.00,-0.0410,-0.0010,10.1490,0.250,-0.210,-0.450,1350
111440.00,-0.0500,-0.0110,10.1390,0.250,-0.210,-0.450,1350
111450.00,-0.0430,-0.0080,10.1520,0.250,-0.240,-0.470,1350
111460.00,-0.0530,-0.0150,10.1440,0.230,-0.230,-0.470,1351
111470.00,-0.0460,-0.0100,10.1390,0.290,-0.190,-0.450,1351
111480.00,-0.0450,-0.0040,10.1330,0.290,-0.260,-0.450,1351
111490.00,-0.0520,-0.0030,10.1530,0.250,-0.210,-0.430,1351
111500.00,-0.0570,-0.0110,10.1340,0.230,-0.230,-0.420,1351
111510.00,-0.0520,-0.0030,10.1460,0.230,-0.260,-0.430,1352
111520.00,-0.0530,-0.0070,10.1370,0.150,-0.280,-0.520,1352
111530.00,-0.0430,-0.0020,10.1490,0.110,-0.230,-0.560,1352
111540.00,-0.0520,-0.0090,10.1650,-0.250,-0.210,-0.570,1352
111550.00,-0.0550,-0.0330,10.1280,-1.750,-0.420,-0.450,1352
111560.00,-0.0450,-0.0210,10.1120,-0.650,-0.330,-0.400,1353
111570.00,-0.0410,-0.0260,10.1090,1.670,0.030,-0.380,1353
111580.00,-0.0450,-0.0030,10.1800,2.440,0.100,-0.310,1353
111590.00,-0.0550,-0.0520,10.1390,0.710,-0.240,-1.130,1353
111600.00,-0.0430,-0.0010,10.1440,0.550,-0.310,-2.390,1353
111610.00,-0.0550,-0.0070,10.1380,0.460,-0.240,-1.890,1354
111620.00,0.0640,0.3670,10.1460,0.270,-0.210,-12.530,1354
111630.00,-0.0410,0.0010,10.1530,0.300,-0.170,-1.750,1354
111640.00,-0.0520,-0.0020,10.1430,0.220,-0.120,-0.470,1354
111650.00,-0.0440,-0.0080,10.1430,0.180,-0.100,-0.450,1354
111660.00,-0.0500,-0.0080,10.1490,0.160,-0.140,-0.490,1355
111670.00,-0.0410,-0.0010,10.2060,-1.940,-0.380,-0.540,1355
111680.00,-0.0450,-0.0220,10.1440,-4.900,-0.860,-0.500,1355
111690.00,-0.0410,-0.0330,10.1430,-5.220,-0.870,-0.520,1355
111700.00,-0.0430,-0.0450,10.1180,-4.410,-0.720,-0.450,1355
111710.00,-0.0400,-0.0550,10.1180,-2.470,-0.470,-0.400,1356
111720.00,-0.0410,-0.0460,10.1320,-0.420,-0.170,-0.420,1356
111730.00,-0.0380,-0.0530,10.1410,0.440,-0.070,-0.400,1356
111740.00,-0.0450,-0.0450,10.1500,0.780,-0.050,-0.400,1356
111750.00,-0.0410,-0.0430,10.1450,0.340,-0.090,-0.400,1356
111760.00,-0.0390,-0.0430,10.1470,-0.040,-0.230,-0.400,1357
111770.00,-0.0390,-0.0500,10.1340,-0.020,-0.140,-0.400,1357
111780.00,-0.0370,-0.0460,10.1390,0.150,-0.140,-0.380,1357
111790.00,-0.0390,-0.0560,10.1370,0.430,-0.070,-0.380,1357
111800.00,-0.0490,-0.0490,10.1270,1.160,0.040,-0.330,1357
111810.00,-0.0410,-0.0500,10.1210,2.880,0.250,-0.310,1358
111820.00,-0.0450,-0.0270,10.1390,4.990,0.830,-0.290,1358
111830.00,-0.0500,0.0050,10.2160,5.900,0.690,-0.240,1358
111840.00,-0.0550,-0.0150,10.1470,1.070,0.010,-0.220,1358
111850.00,-0.0550,-0.0130,10.1430,0.320,-0.020,-0.260,1358
111860.00,-0.0580,-0.0030,10.1550,0.180,-0.020,-0.310,1359
111870.00,-0.0450,0.0190,10.1410,0.220,0.040,1.100,1359
111880.00,-0.0460,-0.0200,10.1380,0.220,0.010,1.030,1359
111890.00,-0.0430,0.0100,10.1410,0.200,0.010,0.850,1359
111900.00,0.0520,0.3870,10.1500,0.270,0.030,5.510,1359
111910.00,-0.0920,-0.1450,10.1440,0.180,0.060,15.830,1360
111920.00,-0.0520,-0.0570,10.1430,0.110,0.030,10.910,1360
111930.00,-0.0800,-0.1330,10.1410,0.180,0.060,9.500,1360
111940.00,-0.0680,-0.0930,10.1370,0.340,0.040,5.330,1360
111950.00,-0.0690,-0.0980,10.1320,0.440,0.060,2.440,1360
111960.00,-0.0590,-0.0190,10.1450,0.460,0.010,0.130,1361
111970.00,-0.0520,-0.0080,10.1520,0.480,0.130,-0.210,1361
111980.00,-0.0550,-0.0100,10.1430,0.410,0.240,-0.330,1361
111990.00,-0.0570,-0.0090,10.1430,0.340,0.480,-0.380,1361
112000.00,-0.0630,-0.0110,10.1620,0.270,0.710,-0.400,1361
112010.00,-0.0500,-0.0110,10.1530,0.250,0.970,-0.470,1362
112020.00,-0.0620,-0.0100,10.1350,0.290,1.160,-0.490,1362
112030.00,-0.0640,-0.0110,10.1630,0.290,2.090,-0.500,1362
112040.00,-0.0800,-0.0190,10.1250,0.360,2.930,-0.280,1362
112050.00,-0.0760,-0.0130,10.1270,0.250,0.450,-0.210,1362
112060.00,-0.0780,-0.0140,10.1460,0.300,0.180,-0.350,1363
112070.00,-0.0680,-0.0130,10.1340,0.290,0.270,-0.360,1363
112080.00,-0.0700,-0.0150,10.1510,0.320,0.320,-0.400,1363
112091.00,-0.0720,-0.0160,10.1550,0.220,0.590,-0.380,1363
112101.00,-0.0880,-0.0050,10.1240,0.320,0.710,-0.240,1363
112111.00,-0.0740,-0.0150,10.1550,0.320,0.080,-0.330,1364
112121.00,-0.0820,-0.0100,10.1430,0.300,0.060,-0.380,1364
112131.00,-0.0760,-0.0110,10.1470,0.270,0.060,-0.400,1364
112141.00,-0.0810,-0.0170,10.1380,0.270,-0.050,-0.360,1364
112151.00,-0.0650,-0.0220,10.1460,0.270,-0.100,-0.360,1364
112161.00,-0.0720,-0.0090,10.1500,0.300,-0.050,-0.400,1365
112171.00,-0.0820,-0.0110,10.1440,0.290,-0.050,-0.380,1365
112181.00,-0.0880,-0.0100,10.1500,0.270,-0.050,-0.380,1365
112191.00,-0.0740,-0.0020,10.1320,0.230,-0.580,-0.450,1365
112201.00,-0.0840,-0.0130,10.1330,0.250,-1.220,-0.490,1365
112211.00,-0.0700,-0.0050,10.1620,0.230,-1.220,-0.540,1366
112221.00,-0.0640,0.2950,10.1400,0.270,-0.790,-0.520,1366
112231.00,-0.0930,-0.2290,10.1490,0.360,-0.890,3.770,1366
112241.00,-0.0530,-0.1220,10.1450,0.320,-0.860,1.130,1366
112251.00,-0.0620,-0.0160,10.1550,0.340,-0.820,-0.290,1366
112261.00,-0.0630,-0.0140,10.1430,0.370,-0.800,-0.360,1367
112271.00,-0.0680,-0.0070,10.1470,0.300,-0.840,-0.430,1367
112281.00,-0.0620,-0.0220,10.1470,0.270,-0.870,-0.400,1367
112291.00,-0.0610,-0.0110,10.1410,0.300,-0.840,-0.420,1367
112301.00,-0.0660,-0.0090,10.1320,0.320,-0.770,-0.420,1367
112311.00,-0.0510,-0.0030,10.1520,0.320,-0.730,-0.400,1368
112321.00,-0.0570,-0.0160,10.1350,0.270,-0.700,-0.420,1368
112331.00,-0.0580,-0.0130,10.1450,0.220,-0.590,-0.450,1368
112341.00,-0.0530,-0.0050,10.1380,0.220,-0.540,-0.380,1368
112351.00,-0.0430,-0.0020,10.1430,0.230,-0.510,-0.380,1368
112361.00,-0.0630,-0.0210,10.1390,0.200,-0.520,-0.420,1369
112371.00,-0.0510,-0.0090,10.1470,0.290,-0.450,-0.400,1369
112381.00,-0.0570,-0.0110,10.1460,0.250,-0.420,-0.400,1369
112391.00,-0.0520,-0.0080,10.1430,0.270,-0.420,-0.380,1369
112401.00,-0.0550,-0.0110,10.1370,0.290,-0.370,-0.330,1369
112411.00,-0.0490,-0.0130,10.1350,0.270,-0.350,-0.290,1370
112421.00,-0.0520,-0.0160,10.1400,0.290,-0.300,-0.330,1370
112431.00,-0.0520,-0.0190,10.1520,0.340,-0.380,-0.400,1370
112441.00,-0.0610,-0.0130,10.1390,0.250,-0.310,-0.330,1370
112451.00,-0.0490,-0.0230,10.1370,0.510,-0.190,-0.430,1370
112461.00,-0.0520,-0.0070,10.1510,0.270,-0.240,-0.420,1371
112471.00,-0.0510,-0.0010,10.1460,0.150,-0.230,-0.520,1371
112481.00,-0.0550,-0.0200,10.1330,0.160,-0.260,-0.570,1371
112491.00,-0.0440,-0.0110,10.1510,0.290,-0.190,-0.490,1371
112501.00,-0.0500,-0.0200,10.1410,0.300,-0.190,-0.420,1371
112511.00,-0.0500,-0.0100,10.1550,0.270,-0.170,-0.430,1372
112521.00,-0.0550,-0.0140,10.1340,0.360,-0.190,-0.400,1372
112531.00,-0.0460,-0.0140,10.1460,0.360,-0.230,-0.430,1372
112541.00,-0.0470,-0.0070,10.1310,0.370,-0.280,-0.350,1372
112551.00,-0.0460,-0.0140,10.1370,0.320,-0.280,-0.290,1372
112561.00,-0.0430,-0.0150,10.1390,0.300,-0.300,-0.310,1373
112571.00,-0.0450,-0.0090,10.1430,0.290,-0.230,-0.330,1373
112581.00,-0.0450,-0.0160,10.1410,0.270,-0.170,-0.380,1373
112591.00,-0.0370,-0.0020,10.1430,0.250,-0.170,-0.360,1373
112601.00,-0.0570,-0.0160,10.1340,0.340,-0.170,-0.360,1373
112611.00,-0.0410,-0.0140,10.1440,0.340,-0.210,-0.350,1374
112621.00,-0.0490,-0.0090,10.1500,0.340,-0.240,-0.360,1374
112631.00,-0.0530,-0.0160,10.1430,0.340,-0.170,-0.350,1374
112641.00,-0.0410,-0.0170,10.1430,0.290,-0.230,-0.380,1374
112651.00,-0.0380,-0.0160,10.1440,0.340,-0.190,-0.350,1374
112661.00,-0.0520,-0.0110,10.1390,0.340,-0.170,-0.360,1375
112671.00,-0.0370,-0.0160,10.1430,0.360,-0.160,-0.380,1375
112681.00,-0.0510,-0.0160,10.1350,0.360,-0.160,-0.350,1375
112691.00,-0.0440,-0.0210,10.1470,0.290,-0.140,-0.400,1375
112701.00,-0.0530,-0.0150,10.1410,0.220,-0.120,-0.400,1375
112711.00,-0.0570,-0.0140,10.1510,0.250,-0.100,-0.430,1376
112721.00,-0.0500,-0.0200,10.1390,0.250,-0.140,-0.490,1376
112731.00,-0.0470,-0.0110,10.1510,0.220,-0.170,-0.400,1376
112741.00,-0.0400,-0.0130,10.1450,0.300,-0.170,-0.380,1376
112751.00,-0.0410,-0.0150,10.1430,0.370,-0.120,-0.310,1376
112761.00,-0.0500,-0.0110,10.1450,0.410,-0.100,-0.350,1377
112771.00,-0.0550,-0.0200,10.1430,0.340,-0.140,-0.400,1377
112781.00,-0.0520,-0.0130,10.1380,0.360,-0.140,-0.360,1377
112791.00,-0.0430,-0.0140,10.1460,0.320,-0.170,-0.380,1377
112801.00,-0.0500,-0.0160,10.1410,0.300,-0.190,-0.380,1377
112811.00,-0.0430,-0.0170,10.1430,0.360,-0.240,-0.280,1378
112821.00,-0.0520,-0.0030,10.1330,0.360,-0.300,-0.240,1378
112831.00,-0.0460,-0.0190,10.1400,0.130,-0.310,-0.430,1378
112841.00,-0.0370,-0.0170,10.1340,0.220,-0.260,-0.380,1378
112851.00,-0.0430,-0.0160,10.1520,0.290,-0.160,-0.360,1378
112861.00,-0.0550,-0.0170,10.1350,0.320,-0.240,-0.350,1379
112871.00,-0.0440,-0.0140,10.1410,0.290,-0.350,-0.330,1379
112881.00,-0.0410,-0.0080,10.1440,0.340,-0.230,-0.310,1379
112891.00,-0.0400,-0.0140,10.1440,0.320,-0.120,-0.330,1379
112901.00,-0.0470,-0.0050,10.1470,0.320,-0.090,-0.330,1379
112911.00,-0.0430,-0.0140,10.1340,0.290,-0.090,-0.360,1380
112921.00,-0.0460,-0.0220,10.1390,0.270,-0.020,-0.380,1380
112931.00,-0.0430,-0.0190,10.1350,0.250,-0.030,-0.400,1380
112941.00,-0.0520,-0.0080,10.1410,0.300,-0.090,-0.380,1380
112951.00,-0.0430,-0.0090,10.1440,0.300,-0.050,-0.350,1380
112961.00,-0.0410,-0.0130,10.1410,0.290,-0.070,-0.420,1381
112971.00,-0.0370,-0.0130,10.1430,0.270,-0.140,-0.380,1381
112981.00,-0.0530,-0.0160,10.1400,0.290,-0.170,-0.360,1381
112991.00,-0.0410,-0.0110,10.1440,0.300,-0.140,-0.380,1381
113001.00,-0.0500,-0.0130,10.1370,0.300,-0.190,-0.360,1381
113011.00,-0.0460,-0.0230,10.1400,0.250,-0.120,-0.360,1382
113021.00,-0.0450,-0.0210,10.1490,0.290,-0.100,-0.350,1382
113031.00,-0.0450,-0.0170,10.1470,0.230,0.000,-0.400,1382
113041.00,-0.0450,-0.0190,10.1400,0.320,-0.090,-0.380,1382
113051.00,-0.0490,-0.0170,10.1560,0.300,-0.100,-0.400,1382
113061.00,-0.0440,-0.0150,10.1310,0.360,-0.100,-0.380,1383
113071.00,-0.0460,-0.0160,10.1490,0.290,-0.100,-0.380,1383
113081.00,-0.0430,-0.0150,10.1430,0.290,-0.160,-0.360,1383
113091.00,-0.0390,-0.0150,10.1450,0.270,-0.160,-0.380,1383
113101.00,-0.0470,-0.0220,10.1350,0.270,-0.170,-0.330,1383
113111.00,-0.0460,-0.0130,10.1530,0.340,-0.170,-0.310,1384
113122.00,-0.0390,-0.0170,10.1410,0.360,-0.210,-0.350,1384
113132.00,-0.0380,-0.0110,10.1450,0.390,-0.190,-0.310,1384
113142.00,-0.0500,-0.0170,10.1380,0.390,-0.160,-0.330,1384
113152.00,-0.0440,-0.0110,10.1380,0.390,-0.190,-0.310,1384
113162.00,-0.0500,-0.0160,10.1380,0.360,-0.140,-0.310,1385
113172.00,-0.0450,-0.0080,10.1530,0.300,-0.070,-0.350,1385
113182.00,-0.0400,-0.0170,10.1500,0.300,-0.140,-0.330,1385
113192.00,-0.0470,-0.0170,10.1450,0.320,-0.090,-0.350,1385
113202.00,-0.0440,-0.0160,10.1470,0.290,-0.030,-0.330,1385
113212.00,-0.0460,-0.0140,10.1380,0.230,-0.030,-0.450,1386
113222.00,-0.0490,-0.0190,10.1300,0.160,-0.100,-0.560,1386
113232.00,-0.8430,-0.3130,10.1160,0.040,-0.700,-4.440,1386
113242.00,0.5150,0.1870,10.1980,0.340,-2.430,-22.800,1386
113252.00,0.2180,0.0710,10.1630,0.340,-0.680,-8.550,1386
113262.00,-0.0550,-0.0340,10.1740,0.460,0.060,-0.680,1387
113272.00,-0.0640,-0.0020,10.1440,0.920,1.620,-0.490,1387
113282.00,-0.0020,-0.0070,10.1080,0.570,1.580,-0.610,1387
113292.00,-0.0530,-0.0150,10.1560,0.340,0.360,-0.310,1387
113302.00,-0.0520,-0.0310,10.1330,0.370,0.360,0.060,1387
113312.00,-0.0470,-0.0470,10.1430,0.250,0.040,0.520,1388
113322.00,-0.0350,0.0370,10.1370,0.430,-0.120,1.250,1388
113332.00,-0.0470,-0.0200,10.1530,0.340,-0.160,-0.220,1388
113342.00,-0.1910,-0.4090,10.1610,0.180,-0.380,0.080,1388
113352.00,-0.8530,-0.6280,10.1470,0.220,0.130,1.690,1388
113362.00,0.7270,0.7590,10.2290,0.430,1.690,2.780,1389
113372.00,0.1070,0.2050,10.0600,0.480,2.950,0.920,1389
113382.00,-0.0490,-0.0130,10.1520,0.230,-0.030,-0.100,1389
113392.00,-0.0530,-0.0090,10.1390,0.290,-0.210,-0.140,1389
113402.00,-0.0530,0.0050,10.1310,0.370,-0.140,-0.010,1389
113412.00,-0.0530,-0.0140,10.1450,0.360,-0.210,-0.260,1390
113422.00,-0.0500,-0.0160,10.1370,0.270,-0.170,-0.350,1390
113432.00,-0.0580,-0.0130,10.1440,0.290,-0.160,-0.380,1390
113442.00,-0.0520,-0.0220,10.1390,0.250,-0.160,-0.310,1390
113452.00,-0.0610,-0.0130,10.1410,0.360,-0.120,-0.280,1390
113462.00,-0.0620,-0.0100,10.1490,0.440,-0.100,-0.170,1391
113472.00,-0.0610,-0.0050,10.1460,0.530,-0.020,-0.070,1391
113482.00,-0.0620,-0.0070,10.1450,0.430,0.110,-0.080,1391
113492.00,-0.0640,-0.0030,10.1510,0.370,0.290,0.130,1391
113502.00,-0.0630,-0.0100,10.1470,0.290,0.360,0.200,1391
113512.00,-0.0780,0.0200,10.1570,0.250,0.290,0.260,1392
113522.00,-0.0490,-0.0190,10.1450,0.300,0.380,0.990,1392
113532.00,-0.0580,-0.0330,10.1520,0.290,0.240,0.920,1392
113542.00,-0.0660,-0.0160,10.1450,0.270,0.150,0.130,1392
113552.00,-0.0630,-0.0150,10.1640,0.290,0.130,-0.120,1392
113562.00,-0.0590,-0.0090,10.1460,0.230,0.150,-0.240,1393
113572.00,-0.0510,0.0370,10.1470,0.230,0.180,0.060,1393
113582.00,-0.0530,0.0110,10.1470,0.390,0.220,1.520,1393
113592.00,-0.0430,0.0570,10.1500,0.500,0.240,2.580,1393
113602.00,0.0210,0.3140,10.1400,0.550,0.310,5.910,1393
113612.00,-0.1360,-0.3740,10.1140,6.740,-1.870,12.210,1394
113622.00,-0.1170,-0.1430,10.1530,17.140,-6.370,2.670,1394
113632.00,-0.0310,0.1060,10.1520,5.100,-1.640,-1.800,1394
113642.00,-0.0440,0.0570,10.1430,5.940,-2.010,-0.380,1394
113652.00,-0.0510,0.0650,10.1380,6.430,-2.150,-0.220,1394
113662.00,-0.0370,0.0810,10.1430,6.810,-2.260,-0.140,1395
113672.00,-0.0440,0.0990,10.1460,6.430,-2.190,0.010,1395
113682.00,-0.0350,0.1800,10.1460,5.550,-1.820,0.640,1395
113692.00,-0.0320,0.0610,10.1580,4.750,-1.420,2.550,1395
113702.00,-0.0350,0.1080,10.1380,3.350,-1.000,1.900,1395
113712.00,-0.0260,0.0830,10.1400,2.540,-0.750,1.500,1396
113722.00,-0.0250,0.0950,10.1610,2.140,-0.680,0.610,1396
113732.00,-0.0200,0.1070,10.1430,2.390,-0.770,0.080,1396
113742.00,-0.0260,0.1180,10.1560,2.400,-0.820,-0.100,1396
113752.00,-0.0220,0.1120,10.1450,2.560,-0.910,-0.190,1396
113762.00,-0.0260,0.1300,10.1430,3.400,-1.150,-0.220,1397
113772.00,-0.0140,0.1290,10.1500,4.030,-1.400,-0.220,1397
113782.00,-0.0170,0.1350,10.1490,4.540,-1.540,-0.240,1397
113792.00,-0.0090,0.1440,10.1510,3.820,-1.280,-0.310,1397
113802.00,-0.0070,0.1540,10.1470,3.050,-1.070,-0.310,1397
113812.00,-0.0110,0.1530,10.1470,2.610,-0.940,-0.330,1398
113822.00,-0.0140,0.1510,10.1460,2.230,-0.770,-0.400,1398
113832.00,-0.0050,0.1560,10.1490,1.970,-0.650,-0.380,1398
113842.00,0.0030,0.1660,10.1450,1.420,-0.470,-0.380,1398
113852.00,-0.0020,0.1550,10.1430,0.950,-0.330,-0.380,1398
113862.00,-0.0010,0.1720,10.1350,0.880,-0.310,-0.360,1399
113872.00,-0.0050,0.1620,10.1450,0.810,-0.330,-0.430,1399
113882.00,-0.0050,0.1590,10.1380,1.130,-0.440,-0.420,1399
113892.00,-0.0020,0.1710,10.1310,0.920,-0.310,-0.360,1399
113902.00,-0.0090,0.1670,10.1520,0.510,-0.230,-0.380,1399
113912.00,0.0070,0.1740,10.1390,0.600,-0.240,-0.380,1400
113922.00,-0.0050,0.1670,10.1400,0.270,-0.140,-0.380,1400
113932.00,-0.0070,0.1660,10.1450,-0.370,0.110,-0.360,1400
113942.00,-0.0090,0.1670,10.1440,-0.790,0.220,-0.400,1400
113952.00,-0.0020,0.1660,10.1500,-0.810,0.250,-0.380,1400
113962.00,-0.0150,0.1500,10.1440,-0.260,0.130,-0.350,1401
113972.00,-0.0100,0.1620,10.1510,1.000,-0.330,-0.290,1401
113982.00,-0.0100,0.1610,10.1310,2.540,-0.870,-0.290,1401
113992.00,-0.0040,0.1680,10.1580,5.010,-1.660,-0.120,1401
114002.00,0.0010,0.1850,10.1430,7.340,-2.450,-0.170,1401
114012.00,0.0070,0.2030,10.1440,7.990,-2.610,-0.150,1402
114022.00,-0.0010,0.2030,10.1430,6.950,-2.260,-0.170,1402
114032.00,0.0170,0.2230,10.1490,5.690,-1.870,-0.260,1402
114042.00,0.0110,0.2280,10.1440,2.320,-0.790,-0.330,1402
114052.00,0.0050,0.2280,10.1440,1.270,-0.400,-0.380,1402
114062.00,0.0190,0.2270,10.1370,0.900,-0.310,-0.400,1403
114072.00,0.0270,0.2270,10.1390,0.810,-0.280,-0.380,1403
114082.00,0.0160,0.2260,10.1450,1.000,-0.370,-0.420,1403
114092.00,0.0090,0.2270,10.1430,1.510,-0.520,-0.400,1403
114102.00,0.0270,0.2330,10.1490,2.110,-0.680,-0.360,1403
114112.00,0.0260,0.2340,10.1520,3.280,-1.070,-0.290,1404
114122.00,0.0190,0.2450,10.1400,3.840,-1.240,-0.290,1404
114132.00,0.0270,0.2570,10.1430,4.430,-1.470,-0.280,1404
114143.00,0.0230,0.2660,10.1400,3.450,-1.120,-0.330,1404
114153.00,0.0340,0.2590,10.1350,1.950,-0.650,-0.350,1404
114163.00,0.0310,0.2630,10.1350,0.690,-0.240,-0.330,1405
114173.00,0.0380,0.2630,10.1440,-0.280,0.060,-0.400,1405
114183.00,0.0230,0.2630,10.1440,-0.980,0.310,-0.380,1405
114193.00,0.0270,0.2570,10.1380,-1.380,0.460,-0.350,1405
114203.00,0.0330,0.2530,10.1380,-1.400,0.430,-0.400,1405
114213.00,0.0270,0.2450,10.1490,-0.950,0.320,-0.360,1406
114223.00,0.0220,0.2410,10.1390,-0.330,0.130,-0.330,1406
114233.00,0.0270,0.2400,10.1370,0.160,-0.090,-0.400,1406
114243.00,0.0320,0.2440,10.1440,1.770,-0.560,-0.400,1406
114253.00,0.0210,0.2500,10.1510,2.440,-0.790,-0.400,1406
114263.00,0.0400,0.2670,10.1510,2.600,-0.820,-0.360,1407
114273.00,0.0350,0.2620,10.1390,2.300,-0.720,-0.310,1407
114283.00,0.0250,0.2700,10.1370,1.600,-0.470,-0.350,1407
114293.00,0.0270,0.2660,10.1470,0.570,-0.170,-0.380,1407
114303.00,0.0200,0.2760,10.1330,-0.280,0.080,-0.400,1407
114313.00,0.0370,0.2590,10.1400,-0.750,0.240,-0.380,1408
114323.00,0.0230,0.2630,10.1440,-0.860,0.250,-0.400,1408
114333.00,0.0210,0.2630,10.1510,-0.560,0.150,-0.350,1408
114343.00,0.0190,0.2600,10.1350,-0.190,0.010,-0.400,1408
114353.00,0.0270,0.2620,10.1460,0.570,-0.210,-0.380,1408
114363.00,0.0220,0.2620,10.1330,1.350,-0.440,-0.380,1409
114373.00,0.0270,0.2650,10.1520,2.070,-0.610,-0.360,1409
114383.00,0.0330,0.2650,10.1410,2.740,-0.800,-0.400,1409
114393.00,0.0350,0.2700,10.1340,3.310,-1.000,-0.310,1409
114403.00,0.0290,0.2710,10.1430,3.260,-1.000,-0.330,1409
114413.00,0.0310,0.2840,10.1450,2.770,-0.870,-0.360,1410
114423.00,0.0370,0.2940,10.1350,1.930,-0.650,-0.380,1410
114433.00,0.0430,0.2840,10.1370,1.230,-0.400,-0.380,1410
114443.00,0.0320,0.2880,10.1520,0.430,-0.120,-0.400,1410
114453.00,0.0380,0.2820,10.1340,0.110,-0.070,-0.330,1410
114463.00,0.0370,0.2820,10.1500,0.220,-0.090,-0.380,1411
114473.00,0.0340,0.2890,10.1320,0.510,-0.160,-0.400,1411
114483.00,0.0350,0.2910,10.1370,0.790,-0.300,-0.400,1411
114493.00,0.0350,0.2910,10.1350,0.670,-0.190,-0.400,1411
114503.00,0.0390,0.2840,10.1430,0.690,-0.240,-0.400,1411
114513.00,0.0340,0.2870,10.1430,0.650,-0.300,-0.420,1412
114523.00,0.0400,0.2900,10.1350,0.880,-0.310,-0.360,1412
114533.00,0.0290,0.2910,10.1460,0.860,-0.280,-0.360,1412
114543.00,0.0400,0.2990,10.1340,0.720,-0.210,-0.400,1412
114553.00,0.0490,0.2900,10.1250,0.580,-0.140,-0.360,1412
114563.00,0.0380,0.2910,10.1500,0.440,-0.120,-0.330,1413
114573.00,0.0310,0.2940,10.1400,0.550,-0.170,-0.400,1413
114583.00,0.0370,0.2900,10.1280,0.920,-0.310,-0.380,1413
114593.00,0.0470,0.2960,10.1440,1.600,-0.510,-0.350,1413
114603.00,0.0350,0.3000,10.1320,2.000,-0.590,-0.360,1413
114613.00,0.0490,0.3000,10.1440,1.830,-0.520,-0.380,1414
114623.00,0.0270,0.3080,10.1270,1.950,-0.560,-0.330,1414
114633.00,0.0500,0.3170,10.1430,1.620,-0.520,-0.330,1414
114643.00,0.0530,0.3030,10.1510,1.200,-0.400,-0.360,1414
114653.00,0.0320,0.3080,10.1350,0.600,-0.230,-0.360,1414
114663.00,0.0370,0.3060,10.1410,0.950,-0.300,-0.360,1415
114673.00,0.0430,0.2960,10.1340,1.600,-0.510,-0.350,1415
114683.00,0.0500,0.3130,10.1530,2.820,-0.890,-0.310,1415
114693.00,0.0490,0.3200,10.1350,4.070,-1.310,-0.330,1415
114703.00,0.0520,0.3370,10.1380,4.820,-1.470,-0.310,1415
114713.00,0.0490,0.3490,10.1390,4.960,-1.540,-0.280,1416
114723.00,0.0620,0.3520,10.1350,4.360,-1.350,-0.330,1416
114733.00,0.0520,0.3460,10.1350,3.510,-1.070,-0.360,1416
114743.00,0.0450,0.3560,10.1280,2.630,-0.800,-0.400,1416
114753.00,0.0580,0.3620,10.1320,2.110,-0.630,-0.380,1416
114763.00,0.0510,0.3620,10.1350,1.790,-0.560,-0.310,1417
114773.00,0.0520,0.3620,10.1270,2.260,-0.700,-0.280,1417
114783.00,0.0570,0.3680,10.1390,2.890,-0.870,-0.190,1417
114793.00,0.0690,0.3740,10.1380,3.030,-0.910,-0.150,1417
114803.00,0.0570,0.3730,10.1390,3.100,-0.930,-0.240,1417
114813.00,0.0650,0.3820,10.1340,3.030,-0.940,-0.290,1418
114823.00,0.0660,0.3960,10.1400,2.510,-0.730,-0.280,1418
114833.00,0.0660,0.3880,10.1390,1.970,-0.580,-0.310,1418
114843.00,0.0640,0.3850,10.1330,1.790,-0.560,-0.290,1418
114853.00,0.0720,0.3900,10.1330,1.460,-0.420,-0.280,1418
114863.00,0.0650,0.4000,10.1320,0.970,-0.350,-0.310,1419
114873.00,0.0640,0.3940,10.1430,0.250,-0.140,-0.310,1419
114883.00,0.0760,0.3930,10.1310,-0.330,0.060,-0.360,1419
114893.00,0.0690,0.3920,10.1400,-0.740,0.220,-0.400,1419
114903.00,0.0690,0.3860,10.1380,-1.210,0.340,-0.400,1419
114913.00,0.0660,0.3790,10.1430,-1.260,0.290,-0.380,1420
114923.00,0.0660,0.3800,10.1400,-0.980,0.200,-0.380,1420
114933.00,0.0740,0.3900,10.1400,-0.930,0.220,-0.350,1420
114943.00,0.0560,0.3910,10.1320,-1.260,0.340,-0.380,1420
114953.00,0.0580,0.3740,10.1390,-1.720,0.480,-0.430,1420
114963.00,0.0620,0.3680,10.1350,-1.840,0.550,-0.380,1421
114973.00,0.0650,0.3670,10.1370,-2.910,0.870,-0.350,1421
114983.00,0.0610,0.3610,10.1370,-3.520,1.060,-0.380,1421
114993.00,0.0610,0.3520,10.1430,-3.500,1.040,-0.400,1421
115003.00,0.0590,0.3520,10.1330,-3.470,1.060,-0.470,1421
115013.00,0.0510,0.3510,10.1530,-4.880,1.480,-0.490,1422
115023.00,0.0690,0.3230,10.1320,-6.900,2.130,-0.450,1422
115033.00,0.2820,0.2710,10.1410,-9.750,3.050,-4.140,1422
115043.00,0.0190,0.3070,10.1370,-9.400,2.970,-6.840,1422
115053.00,0.0350,0.2790,10.1340,-14.700,4.960,-8.150,1422
115063.00,0.0330,0.3070,10.1320,-14.890,5.170,-7.980,1423
115073.00,0.1190,0.4190,10.1370,-16.400,5.800,-7.750,1423
115083.00,0.3320,1.5630,10.1030,-20.180,7.170,-5.120,1423
115093.00,0.2020,0.9260,10.1100,-25.780,8.570,7.750,1423
115103.00,-0.0160,0.0770,10.1510,-35.510,11.440,17.810,1423
115113.00,0.0220,0.4800,10.1800,-35.300,10.560,18.460,1424
115123.00,0.1240,0.2630,10.2230,-10.500,2.970,21.540,1424
115133.00,-0.2050,-0.5040,10.2380,-0.370,3.820,23.500,1424
115143.00,-0.2340,0.0400,10.2480,-0.160,9.230,19.160,1424
115153.00,-0.0840,0.6230,10.2910,-0.320,15.550,19.090,1424
115164.00,-0.3420,0.8620,10.4700,-0.790,24.460,23.150,1425
115174.00,-0.6530,-0.4400,10.6940,14.850,38.930,26.350,1425
115184.00,-0.7770,-0.8380,11.4260,59.980,56.010,26.800,1425
115194.00,-0.5070,-0.1720,15.6890,64.410,52.890,22.830,1425
115204.00,-0.9890,-0.5370,13.4010,46.840,3.960,19.770,1425
115214.00,-1.2030,-0.7260,11.9340,30.910,-8.470,12.870,1426
115224.00,-0.9580,0.0620,11.8910,31.630,-9.060,4.490,1426
115234.00,-0.7390,0.9450,12.6460,33.060,-8.920,1.780,1426
115244.00,-0.7950,0.5980,12.3640,37.810,-13.890,3.140,1426
115254.00,-0.6340,0.8290,12.4760,36.760,-17.870,0.080,1426
115264.00,-0.6180,0.7640,12.2810,40.570,-20.610,1.290,1427
115274.00,-0.5820,0.5510,12.2350,42.880,-22.490,2.090,1427
115284.00,-0.4850,0.5710,12.3090,39.770,-24.780,2.200,1427
115294.00,-0.4650,0.2420,11.7290,37.470,-28.260,1.870,1427
115304.00,0.1450,0.3750,11.5990,33.890,-28.160,-1.030,1427
115314.00,0.4590,1.0360,12.2270,28.010,-27.110,-2.780,1428
115324.00,0.5270,1.2370,11.9300,21.150,-29.770,-0.780,1428
115334.00,0.6130,1.3190,11.7490,18.080,-30.340,0.330,1428
115344.00,0.5280,0.8930,11.5590,14.320,-30.730,2.180,1428
115354.00,0.4910,0.9020,11.3950,9.510,-30.620,1.430,1428
115364.00,0.5340,1.3010,11.3750,2.680,-30.850,0.820,1429
115374.00,0.4370,1.1950,11.2180,1.210,-31.850,2.690,1429
115384.00,0.3510,0.8270,10.9480,-2.070,-32.020,4.090,1429
115394.00,0.3390,0.9630,10.7660,-5.720,-31.500,3.530,1429
115404.00,0.3690,1.0490,10.4960,-8.280,-30.970,3.230,1429
115414.00,0.4350,1.3060,10.2160,-7.020,-29.430,3.550,1430
115424.00,0.4960,1.3770,9.9290,-2.850,-27.390,5.030,1430
115434.00,0.5470,1.5080,9.7300,4.080,-24.600,6.470,1430
115444.00,0.5910,1.6640,9.9360,8.230,-21.490,8.740,1430
115454.00,0.4940,1.0740,10.7100,10.400,-19.230,14.970,1430
115464.00,0.4090,0.8240,11.2400,8.860,-20.350,15.590,1431
115474.00,0.3490,0.5650,11.1460,-1.370,-23.730,14.120,1431
115484.00,0.4350,0.6790,10.9260,-7.720,-26.910,9.970,1431
115494.00,0.4970,0.7620,10.4360,-14.140,-29.660,7.030,1431
115504.00,0.6160,0.9540,10.0070,-22.520,-30.470,5.310,1431
115514.00,0.7290,1.0600,9.8140,-31.260,-28.940,4.630,1432
115524.00,0.8720,1.5560,10.0310,-34.060,-26.630,4.490,1432
115534.00,0.9510,1.4440,9.8810,-34.760,-25.640,6.890,1432
115544.00,0.9270,1.0010,9.8020,-33.510,-24.390,8.040,1432
115554.00,0.9820,1.3100,10.0470,-31.690,-23.100,7.130,1432
115564.00,1.0870,1.5720,10.3560,-26.340,-22.940,7.940,1433
115574.00,1.0680,1.3990,10.4250,-15.400,-24.170,10.950,1433
115584.00,1.0660,1.2640,10.6860,-7.040,-25.830,13.010,1433
115594.00,0.9840,0.8300,10.5400,-6.140,-28.440,13.590,1433
115604.00,1.0620,0.7350,10.3830,-8.520,-29.940,11.950,1433
115614.00,1.1890,1.0970,10.4760,-15.470,-31.270,9.620,1434
115624.00,1.2500,1.0420,10.1500,-21.280,-33.690,9.200,1434
115634.00,1.3630,0.9090,10.0880,-27.270,-34.470,8.710,1434
115644.00,1.3870,0.6840,9.9070,-28.840,-35.610,8.710,1434
115654.00,1.5310,0.4760,9.6550,-32.940,-34.070,7.520,1434
115664.00,1.4910,0.3940,9.2510,-35.400,-33.740,7.550,1435
115674.00,1.5720,0.4350,9.4870,-33.620,-31.710,7.050,1435
115684.00,1.5920,0.4180,9.6680,-31.430,-31.380,6.710,1435
115694.00,1.6980,0.6660,9.9400,-27.910,-32.160,6.280,1435
115704.00,1.6800,0.5240,9.6100,-23.120,-34.470,7.170,1435
115714.00,1.6510,0.3400,9.2620,-16.280,-35.230,7.730,1436
115724.00,1.6910,0.4460,9.2200,-13.550,-34.300,7.540,1436
115734.00,1.7530,0.5040,9.1040,-12.160,-33.720,7.900,1436
115744.00,1.7300,0.2690,8.9010,-10.940,-32.900,8.590,1436
115754.00,1.7850,0.2380,8.9910,-10.850,-31.200,8.550,1436
115764.00,1.8540,0.1530,9.2110,-14.330,-30.330,8.360,1437
115774.00,1.9640,0.0780,9.1620,-20.900,-30.690,7.450,1437
115784.00,2.0390,-0.0440,8.8180,-21.950,-31.450,6.940,1437
115794.00,2.1150,-0.2270,8.3550,-23.640,-31.010,6.680,1437
115804.00,2.2440,-0.0680,8.0320,-23.190,-28.930,5.820,1437
115814.00,2.3270,0.0000,7.9760,-21.580,-26.270,6.030,1438
115824.00,2.3010,-0.0870,7.9010,-18.360,-24.170,6.910,1438
115834.00,2.3640,-0.1830,8.1780,-12.250,-21.520,7.010,1438
115844.00,2.3270,-0.3620,8.0310,-9.640,-19.810,7.060,1438
115854.00,2.4670,-0.1780,8.2660,-7.840,-17.290,6.630,1438
115864.00,2.3970,-0.4530,8.1990,-3.030,-14.510,8.040,1439
115874.00,2.4470,-0.4680,8.4750,-4.100,-12.620,7.730,1439
115884.00,2.5000,-0.4850,8.7060,-5.020,-11.790,6.890,1439
115894.00,2.4370,-0.7820,8.5800,-9.170,-12.460,6.910,1439
115904.00,2.5140,-0.5810,8.3940,-14.280,-12.280,5.790,1439
115914.00,2.4990,-0.7380,8.1200,-13.930,-11.220,5.420,1440
115924.00,2.5710,-0.6170,8.0760,-13.690,-8.980,4.860,1440
115934.00,2.6080,-0.6710,7.9250,-14.160,-6.680,4.440,1440
115944.00,2.7030,-0.5690,7.8600,-14.110,-4.180,4.260,1440
115954.00,2.6870,-0.6470,8.0960,-9.150,-1.540,4.330,1440
115964.00,2.6890,-0.5670,8.5110,-7.000,0.080,4.440,1441
115974.00,2.5600,-0.7590,8.6350,-3.610,0.240,4.880,1441
115984.00,2.5430,-0.8010,8.7980,-4.130,0.670,4.600,1441
115994.00,2.5040,-0.7410,8.7190,-3.360,1.250,4.140,1441
116004.00,2.5390,-0.7600,8.7230,-3.750,2.580,3.600,1441
116014.00,2.5450,-0.6690,8.5340,-3.150,4.230,2.880,1442
116024.00,2.5570,-0.3200,7.7810,5.170,7.340,3.070,1442
116034.00,2.7850,1.0030,2.6110,49.300,16.320,5.650,1442
116045.00,2.1220,-0.5430,8.0680,191.980,56.760,16.530,1442
116054.00,2.2520,-0.5210,12.3640,193.940,71.090,13.640,1442
116064.00,2.4010,0.0350,9.9910,21.920,11.240,-0.640,1443
116074.00,2.3860,-0.3240,9.7720,7.810,7.320,0.730,1443
116084.00,2.4530,-0.3720,9.4380,-2.430,5.260,0.270,1443
116094.00,2.5920,-0.3800,9.2690,-6.580,4.260,-0.280,1443
116104.00,2.5980,-0.5990,8.6500,-8.050,3.280,-0.490,1443
116114.00,2.7020,-0.6350,8.1150,-4.640,4.650,-1.610,1444
116124.00,2.7110,-0.8720,7.5450,-0.720,7.430,-2.500,1444
116135.00,2.7730,-0.6710,7.4180,2.250,11.770,-4.020,1444
116145.00,2.6970,-0.6290,7.5600,4.700,16.210,-4.390,1444
116154.00,2.6710,-0.4400,7.8300,10.590,19.210,-4.510,1444
116164.00,2.6090,-0.1910,8.0850,17.310,20.730,-4.390,1445
116174.00,2.4590,-0.2240,8.1260,23.230,20.690,-3.320,1445
116184.00,2.2580,-0.2660,7.9940,29.460,20.570,-2.970,1445
116195.00,2.1270,-0.2970,7.8710,30.510,20.480,-4.340,1445
116205.00,2.1050,-0.2260,7.5060,26.060,20.750,-6.580,1445
116215.00,2.1580,0.1960,7.1700,19.830,22.810,-8.220,1446
116225.00,1.8970,-0.1720,6.7750,17.940,25.440,-7.780,1446
116235.00,1.8970,0.1570,6.4100,18.680,28.740,-10.580,1446
116245.00,1.9280,0.5940,6.6170,20.850,33.100,-13.190,1446
116255.00,1.8320,0.6230,6.2620,29.490,35.810,-12.530,1446
116265.00,1.7030,0.9170,5.3990,61.130,43.230,-11.830,1447
116275.00,1.5740,0.7230,5.8370,86.300,52.330,-11.760,1447
116285.00,1.4460,0.7500,5.9650,96.190,56.810,-13.560,1447
116295.00,1.3860,0.7450,6.0840,85.670,59.180,-15.680,1447
116305.00,1.3620,1.2650,6.2810,70.220,59.180,-17.530,1447
116315.00,1.2100,1.1130,5.9920,55.670,57.850,-17.530,1448
116325.00,1.1130,1.1370,5.7870,44.280,58.740,-18.370,1448
116335.00,0.9450,0.8330,5.5860,39.940,61.840,-20.230,1448
116345.00,0.8300,0.5370,5.2940,35.090,66.280,-24.290,1448
116355.00,0.8200,1.5120,5.2220,29.300,73.020,-31.160,1448
116365.00,0.7340,2.3230,4.7790,33.920,80.880,-34.590,1449
116375.00,0.5200,2.4260,2.6150,82.870,94.020,-37.430,1449
116385.00,0.3180,1.3540,5.4430,156.600,118.940,-43.150,1449
116395.00,-0.0030,0.8570,5.9190,147.130,129.040,-52.850,1449
116405.00,-0.1490,1.7280,6.4710,117.500,132.900,-65.360,1449
116415.00,-0.5010,2.9860,7.0910,96.080,135.230,-74.440,1450
116425.00,-0.9320,4.3420,9.1140,78.250,136.460,-76.090,1450
116435.00,-2.4900,5.9300,-0.0880,-17.710,134.060,-64.310,1450
116445.00,-1.9980,-3.5100,12.3790,-110.060,211.580,-51.030,1450
116455.00,-2.9550,1.3420,12.4650,-46.410,214.070,-94.810,1450
116465.00,-2.8390,6.6420,12.5810,-71.020,148.780,-91.630,1451
116475.00,-3.3490,4.8840,13.1780,-63.370,125.570,-54.810,1451
116485.00,-4.0950,2.6850,12.0940,-58.730,104.550,-30.590,1451
116495.00,-4.6830,2.5110,12.8610,-64.610,97.890,-26.050,1451
116505.00,-5.1690,3.1270,14.1040,-70.190,91.620,-26.190,1451
116515.00,-5.6390,3.5270,15.8960,-75.250,82.540,-21.150,1452
116525.00,-6.1670,2.7460,16.1690,-76.200,63.200,-10.670,1452
116535.00,-6.3970,2.5110,15.4040,-78.770,44.070,-4.950,1452
116545.00,-6.3930,1.6060,15.0710,-75.010,31.670,-0.990,1452
116555.00,-6.3910,0.8130,14.2500,-70.580,21.320,-0.630,1452
116565.00,-6.2790,0.9260,13.7970,-70.370,16.810,-4.340,1453
116575.00,-6.0000,1.3280,13.1050,-64.490,14.250,-6.870,1453
116585.00,-5.6570,2.1520,12.9900,-59.960,15.020,-6.750,1453
116595.00,-5.5050,2.5480,12.8470,-54.130,14.990,-1.240,1453
116605.00,-5.4280,1.4300,12.6910,-45.120,14.240,7.570,1453
116615.00,-5.2640,0.4940,12.4550,-40.160,13.310,10.580,1454
116625.00,-4.8920,0.5870,11.9370,-37.800,12.210,7.990,1454
116635.00,-4.5000,0.7160,11.2700,-32.740,11.350,6.080,1454
116645.00,-4.1150,1.0430,10.9860,-27.000,11.800,5.160,1454
116655.00,-3.7910,0.7340,10.6600,-16.170,10.950,6.870,1454
116665.00,-3.4440,-0.5100,13.1640,-3.960,-13.890,-0.100,1455
116675.00,-4.5530,-0.9370,9.5420,-8.310,-131.130,-19.610,1455
116685.00,-3.2790,-0.5040,9.5800,-27.840,-191.080,-27.230,1455
116695.00,-3.1890,-0.0340,9.7680,-57.350,-184.920,-31.500,1455
116705.00,-2.4090,0.1740,9.9760,-65.000,-172.410,-37.810,1455
116715.00,-2.1460,-0.0640,9.9750,-58.240,-164.870,-41.330,1456
116725.00,-1.6720,-0.1220,10.2000,-20.600,-166.320,-45.250,1456
116735.00,-1.5190,-0.1130,10.1380,8.720,-161.680,-44.780,1456
116745.00,-1.0920,-0.0880,10.2260,7.850,-153.120,-43.330,1456
116755.00,-0.8470,-0.1110,10.2850,7.690,-143.480,-40.820,1456
116765.00,-0.6340,-0.0760,10.3050,8.390,-133.860,-39.210,1457
116775.00,-0.7980,-0.0560,10.3320,6.040,-123.020,-34.680,1457
116785.00,-0.2690,-0.2770,10.3590,3.400,-112.300,-27.930,1457
116795.00,-0.0930,-0.1320,10.4660,2.580,-100.970,-22.050,1457
116805.00,0.3570,-0.5010,11.8200,30.910,-60.790,-14.220,1457
116815.00,-0.0150,-0.0100,10.2480,62.150,-21.000,-2.220,1458
116825.00,0.0800,0.5260,10.0900,90.270,-26.600,0.400,1458
116835.00,0.1440,0.5680,10.0960,68.310,-18.430,6.260,1458
116845.00,0.1160,0.4830,10.0970,54.590,-13.540,11.070,1458
116855.00,0.1370,0.5970,10.0820,47.130,-11.220,11.610,1458
116865.00,0.1410,0.5710,10.0970,6.170,-0.630,13.520,1459
116875.00,0.2700,0.4230,10.1200,-0.260,0.740,12.790,1459
116885.00,0.5330,-0.2230,10.1910,-1.380,0.880,12.540,1459
116895.00,0.1720,0.5200,10.1190,-0.020,0.320,7.870,1459
116905.00,0.1770,0.6420,10.1220,-0.260,0.060,3.650,1459
116915.00,0.1300,0.6620,10.1130,0.580,-0.300,0.900,1460
116925.00,0.0650,0.7320,10.1100,1.480,-0.400,-0.050,1460
116935.00,-0.0040,0.7210,10.1040,1.630,-0.440,-0.700,1460
116945.00,-0.3120,0.8590,10.0890,1.110,-0.380,-1.570,1460
116955.00,-0.0270,0.6770,10.1010,0.530,-0.230,-0.910,1460
116965.00,0.1180,0.5930,10.1130,-0.720,-0.090,-0.350,1461
116975.00,0.1110,0.5950,10.1140,-1.310,-0.030,-0.360,1461
116985.00,0.1190,0.5810,10.1270,-1.230,-0.030,-0.290,1461
116995.00,0.1420,0.8430,10.1120,-0.320,0.000,1.250,1461
117005.00,0.1320,0.7050,10.1090,0.600,0.390,8.900,1461
117015.00,0.1160,0.6160,10.1270,1.560,0.600,12.730,1462
117025.00,0.1190,0.6220,10.1100,2.280,0.690,14.940,1462
117035.00,-0.0870,-0.2050,10.1690,2.230,0.850,16.510,1462
117045.00,0.1600,0.6580,10.1380,2.160,1.110,18.250,1462
117055.00,0.1980,0.6440,10.1350,6.080,0.850,15.710,1462
117065.00,0.3210,0.2810,10.1340,8.950,0.670,9.710,1463
117075.00,0.2640,0.5060,10.1150,13.320,0.200,5.510,1463
117085.00,0.2360,0.5340,10.0600,11.310,-0.030,1.640,1463
117095.00,0.1670,0.7080,10.0890,3.540,-0.420,-2.460,1463
117105.00,0.0160,1.1050,10.0830,1.690,-0.510,-3.860,1463
117115.00,0.3850,0.3070,10.1300,1.040,-0.420,-2.900,1464
117125.00,0.0590,0.8990,10.1030,0.090,-0.660,-6.240,1464
117135.00,0.1330,0.7020,10.1080,0.580,-0.660,-6.580,1464
117145.00,0.3240,0.4350,10.1280,0.080,-0.820,-8.170,1464
117155.00,0.0350,0.8900,10.0890,-0.390,-1.190,-12.070,1464
117165.00,-0.0690,0.9110,10.0950,-0.700,-1.080,-12.250,1465
117175.00,0.1000,0.7320,10.1020,-0.720,-0.960,-10.650,1465
117185.00,0.0650,0.7750,10.1010,-0.600,-0.960,-10.320,1465
117195.00,-0.3500,1.1130,10.0840,-0.600,-0.840,-9.010,1465
117205.00,0.0290,0.7750,10.0980,-0.580,-0.330,-3.160,1465
117216.00,0.1310,0.6800,10.1100,-1.210,-0.050,-0.700,1466
117226.00,0.1260,0.6840,10.1200,-1.120,-0.090,-0.590,1466
117236.00,0.1310,0.6780,10.1090,-0.610,-0.120,-0.610,1466
117246.00,0.1290,0.6750,10.1070,-0.530,-0.120,-0.610,1466
117256.00,0.1230,0.6730,10.1280,-0.510,-0.100,-0.560,1466
117266.00,0.1330,0.6600,10.1160,-0.880,-0.120,-0.520,1467
117276.00,0.1200,0.6730,10.1150,-0.530,-0.120,-0.490,1467
117286.00,0.1300,0.6610,10.1310,-0.810,-0.090,-0.540,1467
117296.00,0.1310,0.6710,10.1130,-0.070,-0.140,-0.490,1467
117306.00,0.1200,0.6790,10.1200,-0.020,-0.120,-0.490,1467
117316.00,0.1170,0.6560,10.1210,0.020,-0.100,-0.450,1468
117326.00,0.1310,0.6610,10.1060,0.370,-0.120,-0.400,1468
117336.00,0.1230,0.6610,10.1160,0.090,-0.140,-0.360,1468
117346.00,0.1260,0.6600,10.1100,0.250,-0.100,-0.350,1468
117356.00,0.1290,0.6640,10.1010,0.410,-0.140,-0.380,1468
117366.00,0.1260,0.6660,10.1120,-0.260,-0.070,-0.430,1469
117376.00,0.1200,0.6610,10.1120,-1.190,-0.090,-0.540,1469
117386.00,0.1300,0.6540,10.1250,-0.330,-0.090,-0.450,1469
117396.00,0.1230,0.6610,10.1060,-0.280,-0.030,-0.450,1469
117406.00,0.1300,0.6480,10.1330,-0.470,-0.070,-0.400,1469
117416.00,0.1250,0.6560,10.1180,0.270,-0.190,-0.310,1470
117426.00,0.1260,0.6740,10.0940,-0.050,-0.100,-0.330,1470
117436.00,0.1200,0.6610,10.1010,-0.720,-0.050,-0.430,1470
117446.00,0.1240,0.6530,10.1240,-1.940,0.000,-0.520,1470
117456.00,0.1230,0.6370,10.1190,-2.490,-0.090,-0.610,1470
117466.00,0.1260,0.6550,10.1300,-2.000,-0.090,-0.570,1471
117476.00,0.1280,0.6370,10.1100,-1.020,-0.120,-0.420,1471
117486.00,0.1280,0.6350,10.1300,-0.740,-0.090,-0.380,1471
117496.00,0.1300,0.6290,10.1220,-0.470,-0.070,-0.400,1471
117506.00,0.1220,0.6340,10.1310,0.040,-0.140,-0.400,1471
117516.00,0.1130,0.6320,10.1220,0.370,-0.140,-0.380,1472
117526.00,0.1350,0.6340,10.1250,0.650,-0.140,-0.330,1472
117536.00,0.1260,0.6400,10.1150,0.920,-0.160,-0.260,1472
117546.00,0.1360,0.6360,10.1130,1.040,-0.160,-0.260,1472
117556.00,0.1220,0.6420,10.1100,1.000,-0.160,-0.240,1472
117566.00,0.1260,0.6440,10.1200,0.650,-0.170,-0.310,1473
117576.00,0.1220,0.6410,10.1040,0.250,-0.120,-0.330,1473
117586.00,0.1230,0.6290,10.1260,0.130,-0.120,-0.330,1473
117596.00,0.1260,0.6400,10.1060,0.010,-0.120,-0.350,1473
117606.00,0.1260,0.6320,10.1140,0.060,-0.160,-0.380,1473
117616.00,0.1230,0.6360,10.1160,0.090,-0.120,-0.430,1474
117626.00,0.1250,0.6380,10.1220,0.040,-0.170,-0.430,1474
117636.00,0.1280,0.6260,10.1300,0.130,-0.140,-0.350,1474
117646.00,0.1200,0.6320,10.1160,0.290,-0.140,-0.360,1474
117656.00,0.1130,0.6380,10.1130,0.410,-0.100,-0.310,1474
117666.00,0.1220,0.6310,10.1310,0.130,-0.100,-0.350,1475
117676.00,0.1180,0.6320,10.1240,-0.280,-0.090,-0.430,1475
117686.00,0.1250,0.6350,10.1240,-0.050,-0.070,-0.400,1475
117696.00,0.1240,0.6240,10.1070,0.360,-0.090,-0.350,1475
117706.00,0.1350,0.6300,10.1250,0.850,-0.090,-0.260,1475
117716.00,0.1190,0.6360,10.1220,1.320,-0.100,-0.260,1476
117726.00,0.1190,0.6420,10.1240,1.810,-0.120,-0.190,1476
117736.00,0.1290,0.6380,10.1120,2.050,-0.120,-0.220,1476
117746.00,0.1300,0.6500,10.1160,2.000,-0.090,-0.150,1476
117756.00,0.1260,0.6490,10.1130,1.550,-0.160,-0.210,1476
117766.00,0.1240,0.6610,10.1090,1.230,-0.090,-0.280,1477
117776.00,0.1310,0.6490,10.1120,0.740,-0.050,-0.310,1477
117786.00,0.1250,0.6500,10.1210,0.320,-0.100,-0.350,1477
117796.00,0.1230,0.6490,10.1130,0.040,-0.100,-0.400,1477
117806.00,0.1180,0.6460,10.1090,0.180,-0.090,-0.420,1477
117816.00,0.1280,0.6400,10.1120,0.370,-0.120,-0.360,1478
117826.00,0.1250,0.6500,10.1100,0.670,-0.090,-0.350,1478
117836.00,0.1250,0.6550,10.1150,0.720,-0.170,-0.360,1478
117846.00,0.1310,0.6550,10.1220,0.720,-0.170,-0.360,1478
117856.00,0.1230,0.6520,10.1180,0.670,-0.090,-0.360,1478
117866.00,0.1230,0.6520,10.1150,0.550,-0.100,-0.330,1479
117876.00,0.1230,0.6550,10.1200,-0.050,-0.090,-0.420,1479
117886.00,0.1230,0.6520,10.1210,-0.250,-0.090,-0.420,1479
117896.00,0.1280,0.6430,10.1260,-0.140,-0.050,-0.360,1479
117906.00,0.1250,0.6550,10.1160,0.180,-0.070,-0.380,1479
117916.00,0.1170,0.6480,10.1210,0.510,-0.070,-0.360,1480
117926.00,0.1260,0.6440,10.1180,0.880,-0.100,-0.350,1480
117936.00,0.1350,0.6490,10.1160,1.560,-0.190,-0.310,1480
117946.00,0.1290,0.6590,10.1190,2.250,-0.140,-0.210,1480
117956.00,0.1180,0.6540,10.1210,1.930,-0.160,-0.150,1480
117966.00,0.1230,0.6640,10.1120,1.810,-0.140,-0.190,1481
117976.00,0.1260,0.6670,10.1240,1.420,-0.120,-0.240,1481
117986.00,0.1300,0.6710,10.1180,0.970,-0.120,-0.290,1481
117996.00,0.1250,0.6520,10.1120,0.430,-0.090,-0.280,1481
118006.00,0.1310,0.6680,10.1200,-0.110,-0.070,-0.330,1481
118016.00,0.1220,0.6560,10.1150,-0.160,-0.100,-0.360,1482
118026.00,0.1350,0.6690,10.1200,-0.210,-0.120,-0.360,1482
118036.00,0.1250,0.6590,10.1200,-0.230,-0.100,-0.400,1482
118046.00,0.1230,0.6670,10.1260,-0.040,-0.120,-0.450,1482
118056.00,0.1290,0.6560,10.1200,0.480,-0.100,-0.380,1482
118066.00,0.1260,0.6560,10.1260,0.990,-0.160,-0.290,1483
118076.00,0.1250,0.6660,10.1150,1.040,-0.140,-0.220,1483
118086.00,0.1310,0.6600,10.1220,0.900,-0.120,-0.240,1483
118096.00,0.1200,0.6600,10.1040,0.720,-0.120,-0.290,1483
118106.00,0.1220,0.6680,10.1220,0.880,-0.120,-0.330,1483
118116.00,0.1280,0.6610,10.1150,0.720,-0.100,-0.350,1484
118126.00,0.1230,0.6580,10.1200,0.830,-0.120,-0.330,1484
118136.00,0.1240,0.6650,10.1250,1.370,-0.100,-0.290,1484
118146.00,0.1220,0.6680,10.1130,1.880,-0.100,-0.210,1484
118156.00,0.1260,0.6830,10.1140,1.760,-0.090,-0.220,1484
118166.00,0.1190,0.6790,10.1190,1.550,-0.050,-0.240,1485
118176.00,0.1240,0.6800,10.1070,1.390,-0.100,-0.260,1485
118186.00,0.1260,0.6680,10.1140,1.230,-0.100,-0.240,1485
118196.00,0.1360,0.6770,10.1130,1.200,-0.120,-0.220,1485
118206.00,0.1220,0.6860,10.1160,0.880,-0.100,-0.280,1485
118216.00,0.1200,0.6870,10.1030,0.780,-0.140,-0.330,1486
118226.00,0.1260,0.6790,10.1210,0.950,-0.100,-0.220,1486
118236.00,0.1250,0.6890,10.1180,1.140,-0.100,-0.170,1486
118247.00,0.1190,0.6850,10.1320,1.490,-0.050,-0.050,1486
118257.00,0.1390,0.7130,10.0660,4.150,-0.120,0.130,1486
118267.00,0.1120,0.7640,10.0670,-1.960,0.080,-0.700,1487
118277.00,1.0850,2.1300,10.1140,-10.260,6.710,-1.380,1487
118287.00,1.0930,11.2650,9.5090,-87.470,29.550,3.350,1487
118297.00,0.3080,5.6980,10.4860,-105.120,42.730,57.080,1487
118307.00,1.1460,-20.2800,11.4590,18.520,28.170,42.970,1487
118317.00,-1.4620,-6.1570,13.8960,-9.910,72.980,-97.210,1488
118327.00,-4.4980,3.0920,19.6350,-58.980,76.660,-164.300,1488
118337.00,-5.7650,8.4760,22.0070,-21.070,24.330,-136.040,1488
118347.00,3.3450,9.8970,21.6980,34.170,-42.630,-44.600,1488
118357.00,-2.8230,4.7460,13.2610,59.300,-126.790,53.700,1488
118367.00,-9.2540,0.4450,7.9330,48.670,-143.520,103.030,1489
118377.00,-9.2060,-0.3300,6.8850,27.520,-125.910,113.740,1489
118387.00,-6.0750,-0.2910,7.4680,4.470,-115.640,113.870,1489
118397.00,-2.9340,-1.0250,7.0490,0.320,-117.970,113.010,1489
118407.00,-0.9880,-2.2990,6.0780,6.520,-116.990,106.990,1489
118417.00,0.5680,-3.4240,6.0410,17.100,-103.690,93.480,1490
118427.00,0.4960,-5.0560,6.5630,30.280,-90.490,74.020,1490
118437.00,0.1860,-5.6000,7.4020,23.700,-77.820,41.290,1490
118447.00,-0.3960,-4.3710,8.4440,15.550,-70.160,0.030,1490
118457.00,-0.5090,-2.8960,7.9810,13.760,-74.650,-29.130,1490
118467.00,-0.0710,-2.0030,6.9120,17.790,-79.710,-43.820,1491
118477.00,0.9540,-2.8490,4.1140,28.930,-83.560,-47.420,1491
118487.00,1.1150,-2.8470,3.2930,29.060,-69.280,-63.610,1491
118497.00,1.3180,-2.4270,2.3150,20.270,-59.880,-79.500,1491
118507.00,1.3890,-1.7140,1.0500,12.400,-48.820,-93.080,1491
118517.00,1.6120,-0.7170,1.0710,12.400,-29.890,-99.850,1492
118527.00,1.8220,0.8840,2.7880,7.110,-7.140,-102.900,1492
118537.00,2.1410,2.4430,3.8270,1.210,3.300,-98.840,1492
118547.00,2.3600,3.5520,4.2370,2.390,7.270,-82.890,1492
118557.00,2.1690,3.6350,3.7790,3.980,9.740,-57.760,1492
118567.00,3.5050,3.2930,3.1980,1.090,17.740,-34.770,1493
118577.00,3.2180,2.0330,4.7730,1.980,36.500,-19.180,1493
118587.00,1.2700,1.5570,7.7150,-9.210,53.050,-18.440,1493
118597.00,0.6710,4.8640,6.3080,-13.350,51.210,-26.890,1493
118607.00,2.9670,5.2360,8.0550,5.400,69.680,-9.830,1493
118617.00,3.4270,2.3840,11.7260,5.400,86.630,22.590,1494
118627.00,3.3470,-0.4430,11.5270,5.620,68.330,36.460,1494
118637.00,2.7550,-3.3810,7.9800,-23.080,48.380,23.080,1494
118647.00,3.0900,-3.0520,4.6120,-44.890,55.780,-24.650,1494
118657.00,2.9870,2.7320,6.2080,-66.850,97.130,-72.340,1494
118667.00,3.1560,7.1650,9.2000,-61.200,124.310,-71.360,1495
118677.00,2.2580,3.7740,12.0680,-44.590,128.810,-35.080,1495
118687.00,2.0680,3.0230,12.8180,-62.560,118.900,12.860,1495
118697.00,1.7800,1.8640,13.3440,-68.720,109.170,27.990,1495
118707.00,1.2950,0.2770,13.3260,-59.100,98.290,40.330,1495
118717.00,0.6550,-0.9470,11.3320,-48.090,85.110,45.460,1496
118727.00,0.3560,-1.9130,10.4610,-46.590,85.690,37.670,1496
118737.00,0.3230,0.9060,11.4910,-63.330,95.580,19.440,1496
118747.00,0.3190,3.1230,11.9770,-78.440,94.680,21.340,1496
118757.00,-0.1560,3.3240,10.8090,-83.200,87.230,43.290,1496
118767.00,-0.8850,0.6860,10.7180,-90.930,89.780,71.180,1497
118777.00,-1.1600,0.0090,11.9060,-104.230,95.940,82.610,1497
118787.00,-1.4100,0.8820,13.8680,-100.850,95.520,89.750,1497
118797.00,-1.5270,-0.0080,15.9380,-92.660,80.530,107.710,1497
118807.00,-1.8200,-0.9590,15.4280,-88.920,52.810,119.200,1497
118817.00,-2.2630,-0.5440,14.7550,-78.090,33.350,124.260,1498
118827.00,-2.7460,-0.8140,14.5070,-69.160,22.760,133.870,1498
118837.00,-2.9380,-2.3980,14.7400,-76.550,20.310,140.970,1498
118847.00,-3.1690,-4.5530,16.1320,-84.350,23.300,131.160,1498
118857.00,-3.1980,-4.2360,17.3800,-72.430,20.730,104.710,1498
118867.00,-3.0480,-3.3260,19.2690,-55.270,13.710,82.450,1499
118877.00,-3.0980,-3.6000,21.3550,-50.300,5.190,71.920,1499
118887.00,-3.6010,-4.4010,20.4290,-27.070,-28.140,77.170,1499
118897.00,-3.7910,-3.7600,20.5340,-18.130,-38.520,78.590,1499
118907.00,-3.9070,-1.0460,18.0320,-7.190,-57.240,79.290,1499
118917.00,-3.6320,-1.0080,16.0900,3.960,-66.030,103.910,1500
118927.00,-3.1270,-1.5180,15.6700,0.930,-63.940,127.810,1500
118937.00,-2.7310,-4.2980,15.9930,-13.370,-59.640,137.770,1500
118947.00,-2.5560,-5.9790,15.5890,-17.820,-60.650,112.150,1500
118957.00,-1.8420,-4.5890,14.6080,-18.360,-60.990,66.340,1500
118967.00,-1.7570,-2.8330,15.0620,-10.680,-53.300,32.560,1501
118977.00,-1.8350,-1.5240,16.2620,-7.000,-50.660,19.520,1501
118987.00,-2.5690,-1.5580,14.1090,5.100,-64.150,22.870,1501
118997.00,-2.4640,-2.6330,12.8430,13.520,-64.910,29.250,1501
119007.00,-2.0560,-1.6900,11.2610,3.730,-57.700,29.200,1501
119017.00,-1.7190,-1.5210,11.4790,-5.060,-42.960,33.630,1502
119027.00,-2.1590,-0.0920,11.1960,-15.680,-32.740,36.660,1502
119037.00,-1.4750,-1.7200,10.0670,-14.740,-27.020,49.610,1502
119047.00,-0.7030,-1.1220,10.7560,-21.630,-16.340,44.740,1502
119057.00,-0.8910,1.6150,9.3170,-41.300,-11.270,43.850,1502
119067.00,-1.7190,-1.8500,10.4240,-41.200,3.820,69.310,1503
119077.00,-0.6590,-3.8870,12.1910,-38.030,12.100,62.770,1503
119087.00,-1.7370,-2.3010,9.7730,-50.190,7.810,38.110,1503
119097.00,-1.6640,-3.6080,10.2230,-41.760,13.050,34.120,1503
119107.00,-1.4360,-2.3780,9.9860,-40.760,9.440,19.800,1503
119117.00,-1.3910,-2.7320,9.7010,-39.870,3.330,16.880,1504
119127.00,-2.5250,-2.9340,8.8170,-39.620,-4.390,10.720,1504
119137.00,-0.2630,-3.5720,9.3690,-40.670,-13.020,-0.330,1504
119147.00,0.0920,1.3670,8.5530,-70.750,-16.010,-20.030,1504
119157.00,-0.6930,0.4490,7.8180,-68.080,-11.860,4.230,1504
119167.00,-0.4790,-4.7500,10.1090,-47.580,-15.470,23.040,1505
119177.00,-0.0140,-0.7040,9.0950,-46.570,-33.650,-5.020,1505
119187.00,-0.0260,-1.2720,9.1190,-55.160,-37.480,0.890,1505
119197.00,-0.0520,-2.1900,9.4970,-53.310,-39.690,5.650,1505
119207.00,2.6640,-1.8190,9.6090,-56.680,-42.610,2.880,1505
119217.00,-2.6630,0.3080,6.6560,-73.870,-33.300,4.770,1506
119227.00,-1.3590,-8.6540,9.4880,-41.620,-27.040,25.090,1506
119237.00,-0.5300,-4.2190,8.9630,-33.780,-40.560,-21.360,1506
119247.00,0.0560,-1.9470,7.5510,-38.990,-49.720,-37.970,1506
119257.00,0.1780,-2.3470,8.6320,-39.340,-44.900,-32.020,1506
119268.00,0.4040,-2.1390,7.3990,-33.500,-50.590,-33.540,1507
119278.00,0.6850,-0.8940,6.5750,-32.390,-49.160,-32.980,1507
119288.00,2.6700,-0.0880,6.0310,-58.640,-26.020,-20.230,1507
119298.00,-1.1480,-2.3840,4.1870,-78.050,-8.940,-6.370,1507
119308.00,-0.1610,-5.5540,7.8640,-44.420,-3.130,-5.750,1507
119318.00,0.6320,-1.7520,6.7650,-41.690,-13.210,-32.700,1508
119328.00,0.5950,-1.8460,6.9670,-42.630,-10.150,-25.830,1508
119338.00,0.4940,-2.9070,7.2750,-34.620,-10.760,-18.900,1508
119348.00,0.6370,-1.9570,6.9870,-31.400,-12.740,-22.540,1508
119358.00,0.7540,-1.7330,6.9930,-29.470,-13.460,-18.900,1508
119368.00,1.0000,-2.1950,5.7390,-24.940,-18.880,-13.350,1509
119378.00,1.1230,-2.0690,5.6560,-27.210,-14.230,-10.430,1509
119388.00,1.0390,-2.1460,6.5190,-27.840,-8.710,-5.210,1509
119398.00,1.2400,-2.2040,6.1890,-30.820,-9.120,-0.290,1509
119408.00,1.2620,-1.9100,6.8860,-26.710,-6.890,4.120,1509
119418.00,1.2960,-2.0990,7.0010,-25.150,-8.310,10.280,1510
119428.00,1.0390,-2.9760,7.1130,-23.030,-9.380,16.110,1510
119438.00,0.6900,-3.6210,7.0750,-21.090,-11.480,16.550,1510
119448.00,0.6960,-3.2840,8.1990,-18.590,-10.920,14.290,1510
119458.00,0.6860,-3.7810,8.9300,-13.930,-16.120,15.200,1510
119468.00,0.6950,-3.5340,8.3430,-8.450,-25.410,12.610,1511
119478.00,0.6650,-3.4040,7.7120,-3.540,-29.730,11.190,1511
119488.00,0.9300,-3.3430,7.7140,5.940,-27.370,12.090,1511
119498.00,0.9950,-3.7230,8.0420,8.040,-26.410,13.400,1511
119508.00,0.9810,-3.7290,8.1540,6.030,-26.300,13.450,1511
119518.00,0.8230,-4.0770,8.4400,3.980,-25.300,13.490,1512
119528.00,0.9020,-4.1390,8.5980,2.980,-24.290,10.340,1512
119538.00,0.8960,-4.0960,8.6630,1.980,-23.470,7.730,1512
119548.00,0.9660,-4.1770,8.7070,0.530,-22.350,6.000,1512
119558.00,1.0500,-3.9970,8.7360,-0.820,-21.140,4.300,1512
119568.00,1.0820,-3.9860,8.6680,-0.790,-20.540,4.680,1513
119578.00,0.9600,-4.6600,8.2040,-2.000,-19.830,5.580,1513
119588.00,1.0030,-4.2620,8.0860,-3.450,-16.340,2.780,1513
119598.00,1.1070,-4.0710,8.0120,-4.320,-12.460,2.390,1513
119608.00,1.1800,-4.2190,8.3400,-4.660,-8.150,3.130,1513
119618.00,1.1270,-3.9960,8.5600,-6.280,-5.830,3.740,1514
119628.00,1.0510,-4.1390,8.9980,-5.430,-4.900,5.820,1514
119638.00,0.7480,-4.8070,8.6390,-4.180,-7.020,7.430,1514
119648.00,0.6680,-4.8870,8.3010,-3.680,-6.770,4.670,1514
119658.00,0.6610,-4.5730,8.5610,-2.310,-4.650,1.660,1514
119668.00,0.6500,-4.9080,8.4200,-2.630,-4.250,0.730,1515
119678.00,0.7620,-4.0510,8.4620,-1.790,-3.360,-2.270,1515
119688.00,0.8180,-4.3200,8.7920,1.340,-3.500,1.010,1515
119698.00,0.8810,-4.2550,8.7440,5.130,-3.870,0.150,1515
119708.00,1.0740,-4.0090,8.9450,6.520,-2.940,-1.200,1515
119718.00,1.1360,-3.9900,9.0650,6.360,-2.760,-1.010,1516
119728.00,1.1090,-4.1490,8.3620,4.030,-3.290,-0.190,1516
119738.00,1.0440,-4.1760,8.6890,0.220,0.970,-0.050,1516
119748.00,0.9410,-4.5350,9.0010,-2.120,2.790,0.520,1516
119758.00,1.0140,-4.3390,9.2360,-1.450,2.230,-0.890,1516
119768.00,1.0420,-4.4560,9.0140,-0.960,-0.030,-1.150,1517
119778.00,1.0310,-4.5000,8.5870,-2.140,-1.560,-1.960,1517
119788.00,0.9810,-4.3840,8.2980,-1.820,-1.520,-2.740,1517
119798.00,1.0240,-4.1820,7.8990,-0.650,-0.750,-2.940,1517
119808.00,1.1160,-4.0070,8.5450,0.790,2.700,-2.270,1517
119818.00,1.0440,-4.1040,8.5970,1.860,1.950,-0.960,1518
119828.00,0.8880,-4.1400,7.7590,2.930,0.740,-0.680,1518
119838.00,0.9180,-4.1210,8.4650,3.750,5.120,-0.840,1518
119848.00,0.9230,-3.9330,8.6970,4.750,5.330,-1.120,1518
119858.00,0.8090,-4.0530,7.9770,4.660,3.820,-0.210,1518
119868.00,0.7780,-4.0460,7.8710,3.860,7.100,-0.120,1519
119878.00,0.7110,-3.9990,8.9870,2.930,11.750,-0.560,1519
119888.00,0.4700,-4.6130,9.1260,3.300,10.350,-0.290,1519
119898.00,0.5910,-4.1800,8.8900,3.540,4.650,-4.510,1519
119908.00,0.7440,-4.0770,9.0060,4.050,5.590,-5.300,1519
119918.00,0.8750,-4.0400,8.6900,5.270,4.840,-5.810,1520
119928.00,0.8740,-3.7920,8.8180,6.060,5.730,-6.190,1520
119938.00,0.8790,-4.0340,8.7780,7.900,5.210,-4.970,1520
119948.00,0.9910,-3.6920,8.8980,8.860,5.170,-5.470,1520
119958.00,0.9220,-3.9580,8.7970,9.020,4.120,-3.670,1520
119968.00,0.8780,-4.1130,7.6670,9.810,2.510,-3.040,1521
119978.00,1.0210,-3.9480,8.6390,10.070,8.550,-4.070,1521
119988.00,1.0940,-3.7780,9.4010,11.710,8.340,-4.550,1521
119998.00,1.0600,-3.8170,8.4330,14.640,3.090,-4.340,1521
120008.00,1.0850,-3.7280,8.6990,15.810,4.820,-4.630,1521
120018.00,0.9930,-3.8670,8.5190,15.840,4.280,-4.040,1522
120028.00,0.9370,-3.5910,8.0880,15.650,4.440,-4.090,1522
120038.00,0.9100,-3.6800,8.9020,16.720,8.300,-2.290,1522
120048.00,0.8570,-3.8390,8.8590,16.960,7.200,-1.080,1522
120058.00,0.9090,-3.5010,8.5930,17.100,6.820,-1.690,1522
120068.00,0.8190,-3.7340,8.6840,15.720,8.340,-0.070,1523
120078.00,0.8290,-3.5600,8.2670,16.230,8.150,-0.240,1523
120088.00,0.6850,-3.7180,8.6560,16.470,10.680,-0.210,1523
120098.00,0.5790,-3.7410,8.6460,15.980,10.510,0.480,1523
120108.00,0.5370,-3.7690,8.9430,15.280,11.170,-0.730,1523
120118.00,0.5030,-3.6720,8.7860,15.140,9.840,-2.150,1524
120128.00,0.5560,-3.5530,8.4200,15.840,9.200,-3.430,1524
120138.00,0.6530,-3.2310,8.2920,15.620,10.390,-4.210,1524
120148.00,0.7440,-3.1440,8.4330,15.770,11.770,-3.340,1524
120158.00,0.7960,-3.0000,8.1330,16.860,11.400,-2.310,1524
120168.00,0.7510,-3.1940,7.9100,17.380,12.490,-0.500,1525
120178.00,0.6380,-3.4910,7.9500,17.100,14.150,-0.010,1525
120188.00,0.5450,-3.4270,7.7400,17.730,15.090,-1.380,1525
120198.00,0.6260,-3.1620,8.6390,18.120,18.470,-2.390,1525
120208.00,0.6850,-2.8850,8.6750,18.280,16.840,-2.320,1525
120218.00,0.6470,-2.7330,8.6890,18.940,15.850,-0.890,1526
120228.00,0.5850,-2.7870,8.7500,19.620,15.550,0.800,1526
120238.00,0.5460,-2.7840,8.9730,20.390,15.480,2.160,1526
120248.00,0.5500,-2.8270,9.2030,17.280,14.920,4.230,1526
120258.00,0.6180,-2.6900,9.4320,13.570,13.100,5.840,1526
120268.00,0.6800,-2.3380,8.9940,10.890,9.670,8.100,1527
120278.00,0.4880,-2.7480,8.5010,9.600,8.250,11.960,1527
120289.00,0.2330,-3.3690,7.7430,11.150,8.920,12.420,1527
120299.00,0.2930,-3.3950,8.7350,10.820,16.670,4.610,1527
120309.00,0.6060,-2.4390,8.7780,9.670,14.880,2.690,1527
120319.00,0.7330,-2.4750,8.5160,9.040,12.290,6.850,1528
120329.00,0.6750,-2.1790,8.2440,8.000,11.100,9.850,1528
120339.00,0.7820,-1.9980,8.4560,8.200,11.310,13.700,1528
120349.00,0.7760,-1.6170,9.4020,9.190,12.430,18.350,1528
120359.00,0.5990,-2.2910,10.1390,9.950,8.720,25.040,1528
120369.00,0.2970,-2.5930,9.2560,10.240,0.480,28.960,1529
120379.00,-0.3070,-3.7590,6.8970,10.380,-3.640,31.560,1529
120389.00,-0.6260,-4.5760,6.2200,9.390,4.190,28.260,1529
120399.00,-0.3740,-3.9480,7.1090,11.350,15.360,19.240,1529
120409.00,-0.1750,-3.7020,8.8890,11.210,23.090,13.630,1529
120419.00,0.0890,-2.9650,9.6340,9.630,20.750,10.690,1530
120429.00,0.2990,-2.1050,9.1960,10.280,13.380,12.470,1530
120439.00,0.4240,-1.9260,10.0770,9.980,11.370,19.420,1530
120449.00,0.4330,-2.1590,11.7470,9.420,5.990,27.310,1530
120459.00,0.2240,-2.7330,12.4410,9.140,-8.660,33.140,1530
120469.00,-0.2240,-3.9320,12.3580,7.160,-26.390,35.590,1531
120479.00,-0.5790,-4.5230,10.4330,1.910,-45.110,30.550,1531
120489.00,-0.5700,-4.3700,7.7860,-7.160,-51.680,20.700,1531
120499.00,-0.1070,-3.9320,5.6610,-41.950,-25.670,0.270,1531
120509.00,0.2450,-2.4560,4.3470,-53.220,-9.310,-6.350,1531
120519.00,0.6420,-1.8410,4.1090,-60.040,13.220,-1.960,1532
120529.00,0.8180,-2.4260,5.7030,-61.160,36.620,4.560,1532
120539.00,0.9650,-1.8170,7.1680,-63.680,50.550,5.660,1532
120549.00,0.7950,-1.7500,9.5740,-65.400,58.410,12.210,1532
120559.00,0.3880,-3.4770,11.4840,-66.080,53.580,21.340,1532
120569.00,0.2030,-3.8040,11.2960,-60.570,36.020,19.350,1533
120579.00,0.2900,-3.5800,9.8150,-47.850,18.140,14.760,1533
120589.00,0.2230,-3.5160,8.8250,-34.530,8.690,13.680,1533
120599.00,0.0150,-3.6740,6.6660,-21.020,1.790,15.290,1533
120609.00,0.0190,-3.9760,6.0490,-12.970,8.060,17.410,1533
120619.00,-0.0100,-3.7410,6.7150,-1.980,20.340,18.090,1534
120629.00,0.0990,-3.6510,7.9440,5.730,31.470,21.030,1534
120639.00,-0.0090,-3.4630,9.5330,11.570,39.300,25.720,1534
120649.00,-0.2760,-3.9620,10.8860,22.130,39.020,32.000,1534
120659.00,-0.5470,-4.4250,11.8570,29.350,33.140,35.080,1534
120669.00,-0.8350,-4.4240,11.3630,35.850,22.530,35.710,1535
120679.00,-1.1310,-4.9540,10.1490,40.820,15.720,37.020,1535
120689.00,-1.3320,-5.3190,8.6200,43.370,15.150,34.050,1535
120699.00,-0.8960,-4.0980,9.4120,36.250,35.240,22.800,1535
120709.00,-0.7160,-3.1170,10.8070,32.920,40.430,21.660,1535
120719.00,-0.8490,-3.2270,12.0830,28.130,38.840,27.280,1536
120729.00,-1.2390,-3.6150,12.3500,28.430,29.970,31.910,1536
120739.00,-1.7040,-4.0300,11.2670,27.600,18.190,34.010,1536
120749.00,-2.2630,-4.4760,9.5590,24.930,10.770,32.530,1536
120759.00,-1.6660,-4.5480,8.8290,29.280,12.980,24.210,1536
120769.00,-1.2680,-2.6200,8.5370,29.740,20.100,13.050,1537
120779.00,-1.2440,-1.9160,7.1250,33.780,24.790,16.670,1537
120789.00,-1.7260,-1.9930,5.0360,39.980,35.970,26.280,1537
120799.00,-1.9270,-1.7880,6.7740,38.210,62.310,33.020,1537
120809.00,-2.3300,-1.6640,9.2150,37.070,79.370,38.480,1537
120819.00,-2.8610,-2.4700,13.5790,29.110,90.620,44.300,1538
120829.00,-4.1490,-4.3810,15.3580,24.770,81.750,45.630,1538
120839.00,-4.7460,-4.3310,12.3050,23.770,57.830,36.110,1538
120849.00,-4.5850,-3.9240,10.7520,17.700,56.220,27.850,1538
120859.00,-4.3160,-3.6860,11.1090,12.830,62.990,20.870,1538
120869.00,-4.1730,-2.8450,9.2840,12.760,59.000,13.430,1539
120879.00,-3.9150,-2.1430,8.2440,10.380,63.530,10.390,1539
120889.00,-3.6810,-1.5570,8.2460,8.880,71.780,9.780,1539
120899.00,-3.1710,-0.3510,10.9930,4.560,79.700,18.680,1539
120909.00,-3.6150,-2.1360,14.2480,8.550,74.450,27.360,1539
120919.00,-4.1350,-3.4030,14.6780,17.800,51.300,26.090,1540
120929.00,-4.3920,-3.4490,13.9980,27.310,29.570,20.330,1540
120939.00,-4.4210,-4.1970,14.2070,37.860,16.410,18.820,1540
120949.00,-4.3760,-5.0910,13.8180,48.760,4.160,14.330,1540
120959.00,-4.3930,-4.7660,13.2410,56.130,-3.270,3.690,1540
120969.00,-4.3460,-4.4230,11.9130,60.400,-6.700,-4.580,1541
120979.00,-3.9070,-3.4220,10.6910,57.250,-0.380,-10.900,1541
120989.00,-3.3970,-2.2620,11.3760,45.100,16.090,-11.830,1541
120999.00,-2.9870,-1.7000,12.0080,34.620,25.310,-6.090,1541
121009.00,-2.9020,-1.5060,11.9920,27.880,26.540,1.040,1541
121019.00,-3.0970,-2.0150,12.8210,18.850,27.010,7.050,1542
121029.00,-3.5010,-2.6120,13.1840,14.020,20.310,8.730,1542
121039.00,-3.7720,-2.9030,11.9100,13.170,6.240,5.030,1542
121049.00,-3.8700,-2.4890,9.9270,12.690,-3.250,-1.870,1542
121059.00,-3.7350,-1.7870,9.1640,10.240,-2.920,-6.800,1542
121069.00,-3.6000,-1.5230,8.5980,8.930,-2.010,-8.130,1543
121079.00,-3.4390,-1.1010,8.2130,9.650,-0.450,-8.960,1543
121089.00,-3.4680,-1.0990,8.0800,10.980,2.490,-7.870,1543
121099.00,-3.1990,-0.8370,9.1070,9.560,6.480,-4.950,1543
121109.00,-3.3520,-1.2570,10.3150,4.470,12.840,-1.450,1543
121119.00,-3.5040,-1.8220,10.2750,4.800,6.080,0.610,1544
121129.00,-3.5940,-2.2420,10.3570,4.030,2.130,-0.870,1544
121139.00,-3.5620,-2.0940,10.3050,3.560,-1.540,-4.860,1544
121149.00,-3.4730,-1.7810,10.0830,4.260,-5.130,-7.030,1544
121159.00,-3.4180,-1.9110,10.1460,6.100,-6.720,-6.520,1544
121169.00,-3.3390,-1.7890,10.3580,7.970,-8.240,-6.940,1545
121179.00,-3.4220,-1.8500,10.3950,9.040,-10.780,-6.400,1545
121189.00,-3.4680,-2.0300,9.7720,8.270,-13.790,-5.790,1545
121199.00,-3.3180,-1.7910,9.9690,5.830,-11.760,-6.770,1545
121209.00,-3.3520,-1.8430,10.2530,6.130,-11.040,-7.070,1545
121220.00,-3.2290,-1.4500,9.4120,6.390,-13.350,-7.400,1546
121229.00,-3.1830,-1.2780,9.6100,5.330,-8.910,-5.300,1546
121239.00,-3.2820,-1.8960,10.2230,7.410,-6.740,-2.200,1546
121249.00,-3.3170,-1.9800,10.0210,9.260,-10.450,-3.480,1546
121259.00,-3.4690,-1.9500,10.2350,11.220,-12.270,-5.440,1546
121269.00,-3.5280,-2.2280,10.0780,13.240,-16.080,-6.610,1547
121279.00,-3.5360,-2.2100,10.3680,14.390,-18.320,-9.530,1547
121289.00,-3.5480,-2.1940,9.9960,15.040,-22.590,-12.280,1547
121299.00,-2.9210,-0.9890,9.0610,13.410,-24.660,-15.150,1547
121310.00,-2.7920,-1.0680,10.1040,6.710,-11.830,-12.260,1547
121320.00,-2.8090,-1.4960,10.4010,7.460,-13.910,-8.550,1548
121330.00,-2.8040,-1.5000,10.1010,6.240,-17.990,-7.660,1548
121340.00,-2.8030,-1.5940,10.2250,2.400,-19.480,-6.680,1548
121350.00,-2.6530,-1.4160,10.5510,3.580,-22.350,-6.560,1548
121360.00,-2.6350,-1.5340,10.5830,6.970,-28.260,-5.560,1548
121370.00,-2.7070,-1.5940,10.3630,10.890,-34.680,-5.370,1549
121380.00,-2.7750,-1.6890,9.8520,12.730,-39.830,-5.020,1549
121390.00,-2.8290,-1.8250,9.2110,11.730,-41.880,-5.000,1549
121400.00,-2.8720,-1.8290,8.3480,10.910,-40.340,-6.440,1549
121410.00,-2.7240,-1.5270,7.8620,7.790,-33.580,-8.130,1549
121420.00,-2.4000,-1.1230,8.1970,1.810,-22.360,-8.190,1550
121430.00,-2.2820,-1.1330,9.0840,-1.470,-12.180,-5.070,1550
121440.00,-2.2980,-1.5570,9.6320,-1.930,-8.490,-2.060,1550
121450.00,-2.3960,-1.7560,9.5370,-1.240,-8.940,-2.340,1550
121460.00,-2.4770,-1.8550,9.4240,-1.230,-9.150,-3.430,1550
121470.00,-2.4570,-1.8790,9.3430,-1.380,-9.150,-4.860,1551
121480.00,-2.3710,-1.5190,9.4090,0.600,-9.150,-6.700,1551
121490.00,-2.3660,-1.5720,8.9730,1.790,-10.310,-5.740,1551
121500.00,-2.2850,-1.5680,9.7320,2.530,-8.400,-5.600,1551
121510.00,-2.3660,-1.6130,9.4430,4.080,-8.850,-6.700,1551
121520.00,-2.2850,-1.4170,9.1290,4.470,-9.270,-6.770,1552
121530.00,-2.2280,-1.3370,9.2940,4.780,-6.350,-6.070,1552
121540.00,-2.1960,-1.3360,9.2570,3.490,-4.550,-4.440,1552
121550.00,-2.1590,-1.4460,9.6490,2.180,-1.190,-3.080,1552
121560.00,-2.1940,-1.7330,10.3380,2.420,0.690,-2.550,1552
121570.00,-2.2990,-1.8720,10.3500,3.700,-2.400,-3.710,1553
121580.00,-2.2140,-1.7120,9.9570,4.610,-6.000,-5.490,1553
121590.00,-2.1240,-1.5200,9.7130,5.260,-7.020,-6.400,1553
121600.00,-2.0410,-1.3120,9.7420,5.550,-6.440,-6.230,1553
121610.00,-2.0550,-1.2860,9.4690,4.610,-6.510,-4.760,1553
121620.00,-2.0690,-1.3450,9.5540,3.730,-4.570,-3.370,1554
121630.00,-2.1280,-1.5240,9.9800,3.800,-3.040,-2.710,1554
121640.00,-2.2010,-1.5810,9.9790,4.430,-4.550,-3.340,1554
121650.00,-2.1990,-1.3850,9.2820,4.420,-6.470,-4.160,1554
121660.00,-2.1570,-1.4120,9.5400,3.660,-3.500,-3.850,1554
121670.00,-2.1470,-1.5540,9.8850,4.140,-2.120,-3.650,1555
121680.00,-2.1470,-1.5630,9.9120,4.840,-3.310,-4.510,1555
121690.00,-2.1270,-1.5020,10.0590,5.260,-3.850,-5.700,1555
121700.00,-2.1460,-1.5570,9.9730,6.710,-5.480,-6.300,1555
121710.00,-2.1630,-1.3710,9.7800,10.800,-7.070,-7.030,1555
121720.00,-2.0860,-1.4120,9.4430,9.530,-7.610,-5.720,1556
121730.00,-2.0030,-1.3610,9.6770,8.320,-4.970,-5.490,1556
121740.00,-1.9580,-1.3200,10.2580,7.620,-3.390,-5.390,1556
121750.00,-2.1610,-1.5290,9.9620,3.860,-5.580,-4.250,1556
121760.00,-2.1510,-1.3480,9.2210,-0.630,-5.950,-3.860,1556
121770.00,-2.1030,-1.5050,9.3610,-5.090,-1.430,-2.670,1557
121780.00,-1.9660,-1.4080,9.9440,-5.320,1.480,-2.970,1557
121790.00,-1.9710,-1.4170,10.0570,-2.220,-0.630,-3.230,1557
121800.00,-2.0290,-1.4760,9.8840,1.830,-3.640,-3.620,1557
121810.00,-2.1120,-1.6070,10.1580,4.420,-4.600,-4.200,1557
121820.00,-2.2040,-1.6180,9.6610,4.190,-7.380,-4.790,1558
121830.00,-2.2500,-1.5360,9.0770,1.200,-7.240,-4.880,1558
121840.00,-2.0200,-1.3430,9.6530,-1.020,-2.540,-4.720,1558
121850.00,-1.9290,-1.3450,10.1620,0.440,-2.150,-4.040,1558
121860.00,-1.9930,-1.4760,10.1020,3.050,-5.180,-3.790,1558
121870.00,-2.0060,-1.4340,9.7910,4.910,-7.000,-4.530,1559
121880.00,-1.9870,-1.2490,9.6400,5.120,-6.190,-4.620,1559
121890.00,-2.0370,-1.4000,9.5560,3.280,-4.460,-3.180,1559
121900.00,-2.0910,-1.4410,9.4440,0.300,-2.540,-2.550,1559
121910.00,-1.9830,-1.5420,10.2590,-1.400,0.320,-2.970,1559
121920.00,-1.9540,-1.5680,10.2990,0.220,-2.340,-4.320,1560
121930.00,-1.9510,-1.3190,9.9360,3.190,-5.790,-6.020,1560
121940.00,-1.9860,-1.3230,9.4630,4.730,-7.260,-5.880,1560
121950.00,-1.9210,-1.1880,9.4330,4.750,-5.720,-5.770,1560
121960.00,-1.9340,-1.1240,9.6710,4.220,-3.850,-4.860,1560
121970.00,-1.9740,-1.3450,9.6280,2.140,-3.180,-3.230,1561
121980.00,-1.9960,-1.3600,9.8150,0.620,-1.430,-3.010,1561
121990.00,-1.9830,-1.4470,9.9190,0.990,-1.140,-2.760,1561
122000.00,-1.9780,-1.5360,9.6690,-0.180,-1.450,-3.020,1561
122010.00,-1.8870,-1.3230,9.8880,-0.350,0.250,-4.060,1561
122020.00,-1.8000,-1.2960,10.1800,1.230,0.220,-3.810,1562
122030.00,-1.8100,-1.2930,9.9030,3.440,-2.030,-3.370,1562
122040.00,-1.8250,-1.2320,9.6110,4.290,-2.430,-3.150,1562
122050.00,-1.8120,-1.1890,9.6830,4.630,-0.700,-2.620,1562
122060.00,-1.8550,-1.3540,9.8760,4.080,0.590,-1.550,1562
122070.00,-1.9110,-1.4900,9.4770,2.050,0.460,-1.410,1563
122080.00,-1.8590,-1.2430,9.3600,-0.810,3.140,-2.220,1563
122090.00,-1.8160,-1.2010,10.0980,-2.490,7.150,-1.360,1563
122100.00,-1.9580,-1.4950,10.3080,-1.420,5.920,-0.010,1563
122110.00,-1.9340,-1.5290,9.8950,-2.660,3.050,-2.480,1563
122120.00,-1.8960,-1.3650,10.2810,-2.010,3.020,-3.220,1564
122130.00,-1.9640,-1.4960,10.0270,1.270,-0.730,-2.810,1564
122140.00,-1.9740,-1.4330,9.7800,4.540,-3.430,-3.360,1564
122150.00,-2.0360,-1.3920,9.6400,5.310,-4.160,-3.500,1564
122160.00,-2.1000,-1.6100,9.6610,5.270,-3.940,-3.160,1564
122170.00,-2.1600,-1.6480,9.4870,3.790,-3.830,-3.970,1565
122180.00,-2.0760,-1.4520,9.5590,1.390,-2.200,-4.930,1565
122190.00,-1.9920,-1.4600,10.0070,1.210,-0.560,-4.550,1565
122200.00,-1.9750,-1.6090,10.2600,2.070,-1.610,-4.490,1565
122210.00,-1.9940,-1.6510,10.0590,3.820,-4.130,-5.580,1565
122220.00,-1.9700,-1.6090,10.0960,4.750,-4.620,-6.910,1566
122230.00,-1.9740,-1.5570,10.1880,5.640,-5.200,-7.820,1566
122240.00,-1.9630,-1.5290,9.8690,6.100,-7.140,-8.470,1566
122250.00,-1.9040,-1.4350,9.8150,5.120,-6.610,-8.970,1566
122260.00,-1.9220,-1.4410,9.9500,2.930,-5.580,-9.150,1566
122270.00,-1.9890,-1.5720,9.9460,2.210,-5.790,-9.310,1567
122280.00,-1.9820,-1.5360,9.8840,2.670,-6.530,-10.510,1567
122290.00,-1.7870,-1.3510,9.8020,1.840,-6.930,-11.530,1567
122300.00,-1.7350,-1.1030,9.9130,0.920,-6.530,-12.110,1567
122310.00,-1.5550,-0.8760,9.6100,1.270,-6.330,-9.600,1567
122320.00,-1.5800,-0.8850,9.6350,1.230,-4.830,-7.280,1568
122330.00,-1.6610,-1.2720,9.8780,2.860,-3.660,-5.050,1568
122341.00,-1.6820,-1.1910,9.9660,3.170,-4.340,-5.910,1568
122351.00,-1.7300,-1.1940,9.6470,2.020,-5.420,-5.490,1568
122361.00,-1.6820,-1.2070,9.4150,0.110,-4.460,-4.600,1568
122371.00,-1.6240,-1.0080,9.8520,-1.120,-1.290,-4.040,1569
122381.00,-1.6660,-1.2370,9.9140,0.690,-1.450,-1.870,1569
122391.00,-1.6790,-1.4660,9.6320,2.910,-2.550,-1.200,1569
122401.00,-1.6740,-1.3650,9.7500,3.540,-1.350,-2.270,1569
122411.00,-1.6340,-1.3600,9.9690,4.910,-1.070,-2.460,1569
122421.00,-1.6180,-1.4620,9.9700,6.250,-2.330,-2.100,1570
122431.00,-1.6640,-1.5480,9.7720,4.430,-3.200,-2.180,1570
122441.00,-1.6110,-1.3610,10.0130,3.720,-2.060,-3.080,1570
122451.00,-1.5850,-1.3970,10.1550,4.660,-2.760,-2.810,1570
122461.00,-1.6510,-1.4790,9.8330,5.200,-4.500,-2.670,1570
122471.00,-1.6480,-1.4640,9.7710,3.380,-3.640,-3.320,1571
122481.00,-1.6640,-1.3440,10.1640,3.330,-2.060,-3.900,1571
122491.00,-1.7560,-1.4140,10.1370,4.840,-3.670,-3.180,1571
122501.00,-1.7750,-1.5810,9.7950,4.840,-4.810,-2.940,1571
122511.00,-1.6250,-1.0090,9.9520,3.680,-3.130,-4.560,1571
122521.00,-1.6680,-1.1580,9.7350,5.260,-3.520,-2.320,1572
122531.00,-1.6460,-1.2720,9.8520,5.940,-3.040,-2.220,1572
122541.00,-1.6730,-1.1680,9.9780,5.270,-3.150,-3.270,1572
122551.00,-1.7240,-1.2080,9.8410,4.870,-4.370,-3.360,1572
122561.00,-1.6830,-1.1480,10.1100,4.920,-4.090,-3.640,1572
122571.00,-1.6820,-1.2040,9.8830,4.450,-5.340,-3.570,1573
122581.00,-1.6180,-1.0370,9.8080,3.660,-4.430,-3.830,1573
122591.00,-1.5520,-1.0140,9.9920,3.520,-2.710,-3.360,1573
122601.00,-1.5150,-0.9940,9.9420,3.490,-2.470,-2.740,1573
122611.00,-1.5080,-1.0790,9.9970,3.190,-1.960,-2.080,1573
122621.00,-1.4900,-1.0360,10.1250,3.330,-1.660,-2.460,1574
122631.00,-1.5290,-0.9950,9.9030,2.910,-2.590,-2.360,1574
122641.00,-1.5720,-1.1250,9.6500,2.440,-2.470,-1.470,1574
122651.00,-1.5780,-1.0910,9.8690,1.410,-0.890,-1.290,1574
122661.00,-1.6300,-1.2390,9.9860,1.270,-1.140,-0.640,1574
122671.00,-1.6900,-1.3110,9.8100,1.740,-2.480,-0.520,1575
122681.00,-1.7240,-1.3910,9.8560,1.300,-2.270,-1.010,1575
122691.00,-1.7400,-1.3180,10.0230,1.040,-1.980,-1.750,1575
122701.00,-1.7010,-1.2900,9.7790,1.550,-3.030,-1.660,1575
122711.00,-1.5700,-1.1330,9.9050,-0.180,-1.910,-1.260,1575
122721.00,-1.5900,-1.2570,10.2370,1.880,1.340,-0.890,1576
122731.00,-1.6540,-1.3830,9.9620,3.800,-1.470,-0.750,1576
122741.00,-1.7200,-1.4090,9.7470,3.350,-1.980,-1.270,1576
122751.00,-1.6580,-1.3000,10.1210,2.820,-0.470,-1.920,1576
122761.00,-1.6800,-1.3780,9.9690,3.050,-2.220,-1.800,1576
122771.00,-1.6780,-1.3500,9.6410,1.860,-2.830,-2.080,1577
122781.00,-1.6430,-1.2880,9.8760,0.930,-0.750,-2.360,1577
122791.00,-1.5640,-1.2140,9.9580,1.980,-0.910,-2.520,1577
122801.00,-1.5560,-1.1710,9.6390,2.330,-1.800,-2.590,1577
122811.00,-1.5020,-1.0330,9.8640,1.950,0.080,-2.520,1577
122821.00,-1.5270,-1.1920,10.3070,2.280,0.940,-1.830,1578
122831.00,-1.5180,-1.2630,10.2430,3.520,-1.120,-2.380,1578
122841.00,-1.5170,-1.1660,10.1030,2.930,-2.220,-3.830,1578
122851.00,-1.4360,-0.8960,9.9750,2.190,-2.610,-4.350,1578
122861.00,-1.4470,-0.9400,9.5520,0.270,-2.570,-2.810,1578
122871.00,-1.3480,-0.8230,9.7350,-1.980,0.270,-1.940,1579
122881.00,-1.4090,-1.0270,10.0970,-2.630,1.850,-0.640,1579
122891.00,-1.4830,-1.0620,9.8470,-1.140,0.250,-0.210,1579
122901.00,-1.4870,-1.1010,9.7260,-0.180,0.290,0.220,1579
122911.00,-1.4870,-1.1270,9.9640,0.570,1.130,0.610,1579
122921.00,-1.4990,-1.2040,10.0330,2.510,0.990,0.590,1580
122931.00,-1.5520,-1.3730,9.8680,2.490,-0.170,0.570,1580
122941.00,-1.5850,-1.5050,9.9690,0.690,0.410,-0.220,1580
122951.00,-1.4700,-1.2210,10.1020,0.340,0.480,-1.940,1580
122961.00,-1.4480,-1.1730,10.1300,1.980,-0.580,-1.730,1580
122971.00,-1.4950,-1.3190,9.7370,2.180,-1.910,-0.960,1581
122981.00,-1.4080,-1.1500,9.7190,0.900,-0.510,-1.520,1581
122991.00,-1.3870,-1.0070,9.9810,0.040,0.810,-1.660,1581
123001.00,-1.4170,-1.0600,9.9430,0.510,-0.030,-0.700,1581
123011.00,-1.4160,-1.1300,9.7650,0.620,-0.510,-0.280,1581
123021.00,-1.4110,-0.9700,9.9970,-0.070,0.800,-0.710,1582
123031.00,-1.4720,-1.1190,10.1410,-0.020,0.220,0.240,1582
123041.00,-1.5170,-1.3020,10.0240,0.600,-1.140,0.380,1582
123051.00,-1.5290,-1.3310,9.8080,0.060,-1.800,-0.590,1582
123061.00,-1.4520,-1.0730,9.6390,-1.140,-1.350,-1.800,1582
123071.00,-1.3070,-0.8240,9.6960,-1.590,-0.070,-1.610,1583
123081.00,-1.2990,-0.8290,9.4390,-2.350,0.340,0.130,1583
123091.00,-1.2860,-0.7710,9.5130,-3.430,2.690,1.710,1583
123101.00,-1.3560,-1.0320,10.0050,-3.100,4.660,3.900,1583
123111.00,-1.4810,-1.3590,9.9250,-2.100,3.120,4.810,1583
123121.00,-1.5610,-1.4340,10.0350,-1.840,1.220,2.300,1584
123131.00,-1.5490,-1.3590,9.8410,-2.940,0.520,1.730,1584
123141.00,-1.5460,-1.3850,10.1870,-2.680,1.110,1.660,1584
123151.00,-1.5850,-1.4810,9.6280,-3.270,-1.430,1.900,1584
123161.00,-1.5550,-1.3780,9.7730,-4.130,0.150,1.150,1584
123171.00,-1.6180,-1.4880,9.8830,-4.030,-0.070,1.310,1585
123181.00,-1.6770,-1.6850,9.4340,-1.860,-2.470,1.010,1585
123191.00,-1.6610,-1.7270,9.4270,-0.140,-2.030,-0.820,1585
123201.00,-1.5740,-1.4400,9.1560,0.200,-2.310,-2.780,1585
123211.00,-1.6390,-1.5940,8.9550,-0.740,-1.590,-2.740,1585
123221.00,-1.5850,-1.6470,8.2330,-0.950,-1.330,-3.690,1586
123231.00,-1.4390,-1.2210,7.9400,-3.050,1.970,-5.930,1586
123241.00,-1.4400,-1.2280,8.3030,-3.750,6.340,-5.470,1586
123251.00,-1.3850,-1.5820,8.4250,-0.650,5.840,-4.180,1586
123261.00,-1.3310,-1.5180,8.7600,0.950,4.590,-5.540,1586
123271.00,-1.4900,-1.9080,8.8640,5.970,0.340,-6.380,1587
123281.00,-1.8480,-1.6590,8.3700,14.150,-6.810,-7.870,1587
123291.00,-2.3710,-1.2200,8.9630,27.410,-11.780,-3.510,1587
123301.00,-1.7930,-2.8770,9.8380,31.940,-22.220,4.810,1587
123311.00,-1.6460,-3.2260,9.1050,22.720,-36.890,-4.860,1587
123321.00,-0.5470,-1.0460,8.7690,8.560,-37.870,-13.610,1588
123331.00,-1.0120,-0.5920,8.9460,16.020,-35.650,-11.110,1588
123341.00,-0.8320,-1.2940,8.6820,18.980,-36.120,-7.710,1588
123351.00,-0.3010,-0.9240,8.7190,9.390,-32.550,-11.090,1588
123361.00,0.1100,0.0050,8.0850,-3.780,-27.400,-14.260,1588
123372.00,0.0500,0.4170,7.5250,-0.530,-18.920,-9.950,1589
123382.00,0.3300,-0.5340,8.9880,0.040,-7.790,-4.000,1589
123392.00,-0.1060,0.1560,9.4300,-1.980,-5.180,-6.120,1589
123402.00,-0.0330,-0.4640,9.4890,-1.800,-4.600,-1.610,1589
123412.00,-0.4950,0.2320,9.7470,-3.150,-2.150,-0.310,1589
123422.00,-0.1550,-0.0680,9.3180,-4.030,-1.450,7.240,1590
123432.00,-0.9670,-0.0740,9.4010,-6.790,4.380,14.620,1590
123442.00,-0.6000,-1.1650,10.0540,-11.030,8.720,20.940,1590
123452.00,-0.7860,-0.4600,10.3980,-15.140,7.200,19.890,1590
123462.00,-0.5060,-0.5980,9.4560,-18.550,2.840,23.690,1590
123472.00,-0.4060,-0.5930,9.9320,-25.100,7.740,26.050,1591
123482.00,-0.7140,-0.8810,10.4420,-26.620,9.230,27.850,1591
123492.00,-0.7450,-1.4110,10.4050,-24.900,7.060,28.290,1591
123502.00,-1.5790,-1.1350,9.9070,-26.130,6.290,25.840,1591
123512.00,-1.9020,-1.5440,9.7060,-27.490,8.990,26.680,1591
123522.00,-2.3740,-1.5820,9.6320,-29.020,7.850,24.480,1592
123532.00,-2.4320,-1.9690,9.3300,-26.900,11.860,24.270,1592
123542.00,-2.3330,-2.2790,10.6120,-29.120,20.450,20.870,1592
123552.00,-2.2330,-2.5390,11.4900,-29.580,20.680,16.220,1592
123562.00,-1.8060,-2.2440,10.7560,-27.230,12.910,9.690,1592
123572.00,-1.6720,-1.6270,9.7120,-18.130,9.970,2.900,1593
123582.00,-1.5320,-1.2410,9.3300,-11.080,15.810,0.060,1593
123592.00,-1.5670,-1.3890,10.5300,-5.270,24.090,0.870,1593
123602.00,-1.8470,-1.3870,9.9970,3.490,22.480,1.800,1593
123612.00,-2.1750,-1.6340,9.5050,6.800,23.480,2.510,1593
123622.00,-2.2490,-1.7370,9.7060,6.240,27.940,0.960,1594
123632.00,-2.3010,-1.8220,10.3740,7.390,30.490,-1.360,1594
123642.00,-2.3900,-2.3380,10.6850,10.770,27.970,-4.250,1594
123652.00,-2.3070,-1.9110,9.8940,11.980,22.850,-10.670,1594
123662.00,-2.0470,-1.1500,9.4770,13.920,22.340,-15.080,1594
123672.00,-1.8740,-0.4190,9.5710,18.220,24.190,-14.570,1595
123682.00,-1.7300,-0.4110,10.0170,24.260,25.590,-9.810,1595
123692.00,-1.7400,-0.8550,10.6320,28.500,25.860,-5.000,1595
123702.00,-1.7120,-0.9020,11.0390,26.010,25.030,-3.220,1595
123712.00,-1.7130,-0.9810,11.3760,25.520,23.650,-1.400,1595
123722.00,-1.7730,-0.5340,10.3810,27.570,19.190,1.130,1596
123732.00,-1.9580,-0.6790,10.4000,25.980,21.150,4.840,1596
123742.00,-2.4510,-1.2310,10.6800,26.830,22.500,8.040,1596
123752.00,-2.8030,-1.6390,10.5450,27.590,20.480,7.330,1596
123762.00,-2.8770,-1.6350,10.7540,28.230,19.420,4.050,1596
123772.00,-2.8520,-1.3710,10.3860,29.530,16.140,0.030,1597
123782.00,-2.7820,-0.9020,9.7000,29.020,14.710,-2.780,1597
123792.00,-2.6090,-0.3920,9.3990,27.690,17.140,-3.460,1597
123802.00,-2.4780,-0.3070,9.9560,25.500,21.180,-2.250,1597
123812.00,-2.3130,-0.0410,10.2250,23.090,22.010,-1.540,1597
123822.00,-2.3370,-0.4970,11.3380,21.950,22.830,1.200,1598
123832.00,-2.5060,-1.0130,11.4840,22.340,17.610,1.800,1598
123842.00,-2.5790,-0.8170,10.6520,21.370,12.540,-0.520,1598
123852.00,-2.6290,-0.6250,10.5610,19.900,14.310,-1.450,1598
123862.00,-2.5930,-0.7540,11.0290,16.390,16.060,-0.780,1598
123872.00,-2.6720,-0.8390,11.1060,13.480,14.640,-0.630,1599
123882.00,-2.8680,-0.8090,10.5990,11.360,12.080,-1.100,1599
123892.00,-2.8240,-0.8760,10.4310,8.670,12.850,-1.150,1599
123902.00,-2.5920,-0.7230,11.1300,8.300,14.310,-1.830,1599
123912.00,-2.4450,-0.7200,10.9950,10.070,10.180,-1.900,1599
123922.00,-2.3860,-0.8530,11.1090,9.300,7.530,-1.890,1600
123932.00,-2.4490,-1.0910,11.3310,6.900,6.660,-2.240,1600
123942.00,-2.4760,-0.9660,10.9100,5.220,2.810,-3.920,1600
123952.00,-2.3970,-0.6410,10.6680,3.720,1.300,-5.020,1600
123962.00,-2.4630,-0.2790,10.3440,1.620,1.390,-3.710,1600
123972.00,-2.5000,-0.3420,9.7690,-0.910,2.300,-0.890,1601
123982.00,-2.4640,-0.1870,9.9390,-3.750,5.940,0.900,1601
123992.00,-2.3540,-0.2440,9.9060,-4.080,6.590,2.810,1601
124002.00,-2.3530,-0.4050,10.1510,-4.310,6.100,3.460,1601
124012.00,-2.4000,-0.3760,9.7380,-2.680,2.630,2.370,1601
124022.00,-2.3210,-0.0290,9.4000,-0.670,0.920,0.820,1602
124032.00,-2.4030,-0.3400,9.4980,1.700,1.580,1.410,1602
124042.00,-2.4530,-0.6410,10.1430,3.940,1.740,0.830,1602
124052.00,-2.5960,-0.7460,10.0740,5.360,-1.260,-1.130,1602
124062.00,-2.6750,-0.7020,9.9290,6.080,-2.540,-2.570,1602
124072.00,-2.6670,-0.8080,10.2130,5.170,-1.640,-2.570,1603
124082.00,-2.6590,-0.9020,10.3580,3.860,-1.770,-2.760,1603
124092.00,-2.6240,-0.7590,10.4610,3.790,-2.220,-3.790,1603
124102.00,-2.5960,-0.6380,10.6020,4.920,-2.780,-3.850,1603
124112.00,-2.4380,-0.4800,10.5970,4.170,-3.130,-2.780,1603
124122.00,-2.5020,-0.7800,11.2180,4.050,-1.980,-0.960,1604
124132.00,-2.5260,-0.6600,10.7520,7.440,-7.820,-0.910,1604
124142.00,-2.4290,-0.6240,10.6940,7.570,-7.540,-0.210,1604
124152.00,-2.2990,-0.6000,10.7220,7.230,-6.720,-0.100,1604
124162.00,-2.5910,-0.3580,10.4970,8.810,-7.190,-0.500,1604
124172.00,-2.8290,-0.4650,9.6500,9.370,-8.240,0.290,1605
124182.00,-2.9850,-0.4290,10.0660,8.580,-4.500,0.330,1605
124192.00,-3.1010,-0.5330,9.6350,7.570,-5.770,0.030,1605
124202.00,-3.0620,-0.6180,9.7480,7.480,-5.130,-1.590,1605
124212.00,-2.9280,-0.7750,10.2020,9.000,-4.570,-5.050,1605
124222.00,-2.7510,-0.6250,10.5140,12.240,-6.510,-9.640,1606
124232.00,-2.6820,-0.6170,11.1370,14.300,-8.280,-12.040,1606
124242.00,-2.5160,-0.5700,11.5800,14.410,-11.760,-13.370,1606
124252.00,-2.3920,-0.6180,11.9550,14.290,-14.770,-14.350,1606
124262.00,-2.3110,-0.5940,12.0190,11.170,-17.360,-15.100,1606
124272.00,-2.2540,-0.1300,11.4550,9.090,-19.650,-15.830,1607
124282.00,-2.4500,-0.1320,11.0020,9.670,-18.250,-13.930,1607
124292.00,-2.5280,-0.0040,10.2890,11.450,-15.470,-12.300,1607
124302.00,-2.5860,0.0080,10.5990,10.870,-9.900,-10.430,1607
124312.00,-2.6340,-0.2710,10.7410,8.280,-7.470,-8.470,1607
124322.00,-2.5610,0.1050,10.9220,7.410,-6.490,-8.550,1608
124332.00,-2.2320,-0.0330,11.8100,3.160,-2.960,-4.460,1608
124342.00,-2.2220,-0.4390,12.2750,5.660,-7.440,-4.090,1608
124352.00,-2.2540,-0.6320,12.2180,9.860,-14.030,-6.380,1608
124362.00,-2.3030,-0.4470,12.4350,9.980,-16.470,-9.760,1608
124372.00,-2.3920,-0.7190,12.9040,9.630,-16.570,-10.740,1609
124382.00,-2.2180,-0.7830,12.3550,13.800,-19.480,-11.980,1609
124393.00,-2.0880,-0.3750,11.9150,18.260,-20.460,-14.380,1609
124403.00,-2.1520,0.4100,11.1240,21.320,-19.000,-13.720,1609
124413.00,-2.2060,0.1910,10.5350,21.180,-14.870,-8.120,1609
124423.00,-2.3680,-0.0950,10.7560,17.280,-9.290,-5.040,1610
124433.00,-2.0430,-0.3110,11.1990,12.270,-6.250,-4.950,1610
124443.00,-2.6000,0.0830,10.4910,11.920,-9.360,-6.560,1610
124453.00,-2.8350,-0.2700,10.9690,15.200,-9.570,-5.390,1610
124463.00,-2.4840,-1.1650,12.5570,13.620,-13.320,-7.000,1610
124473.00,-2.2380,-0.3300,12.3130,15.700,-27.280,-16.180,1611
124483.00,-2.7520,0.5330,11.4810,28.250,-39.580,-20.000,1611
124493.00,-2.5560,-0.2720,11.1370,39.400,-45.010,-16.040,1611
124503.00,-2.1710,0.1470,11.1500,44.490,-49.100,-18.670,1611
124513.00,-2.0850,1.0870,10.9350,48.810,-55.320,-20.650,1611
124523.00,-2.0940,1.2570,10.1630,54.500,-61.410,-14.680,1612
124533.00,-1.4580,1.3800,10.6310,42.320,-64.080,-6.160,1612
124543.00,-1.6950,1.8790,10.9390,35.460,-67.530,-4.130,1612
124553.00,-1.1550,1.2700,11.6650,29.020,-72.430,2.830,1612
124563.00,-1.0740,1.7750,11.3390,23.980,-82.410,4.000,1612
124573.00,-1.3530,1.4230,10.6370,21.410,-90.190,8.270,1613
124583.00,-1.2500,0.4600,9.1600,17.560,-94.110,11.840,1613
124593.00,-1.2150,0.6990,8.8390,6.010,-86.730,7.310,1613
124603.00,-1.1110,0.6200,9.5460,-0.790,-76.090,3.490,1613
124613.00,-0.8190,0.8190,9.9900,-3.410,-69.840,0.430,1613
124623.00,-0.5650,1.1820,9.6030,-0.510,-68.040,-0.680,1614
124633.00,-0.3690,1.2980,9.8100,0.740,-63.510,2.710,1614
124643.00,-0.2350,0.8090,9.3290,4.640,-61.230,5.260,1614
124653.00,0.3310,1.0860,9.7200,4.120,-56.160,3.180,1614
124663.00,0.4490,1.8520,10.0770,2.400,-54.020,3.200,1614
124673.00,0.5280,1.3850,9.6520,5.060,-55.230,9.370,1615
124683.00,0.6020,1.2310,9.1700,1.110,-53.970,13.840,1615
124693.00,0.5320,1.2830,8.9020,-2.610,-50.540,17.090,1615
124703.00,0.4430,0.3720,8.9560,-5.410,-47.230,20.770,1615
124713.00,0.3180,0.1280,8.8190,-11.130,-45.290,18.980,1615
124723.00,0.1790,0.1120,8.7560,-16.220,-42.020,16.760,1616
124733.00,0.5190,0.0510,9.3260,-21.650,-34.770,11.390,1616
124743.00,0.8020,0.2630,8.9740,-19.200,-36.140,9.290,1616
124753.00,0.9670,0.0780,8.3330,-15.630,-36.680,8.870,1616
124763.00,0.9770,0.0930,8.5290,-16.570,-32.010,6.570,1616
124773.00,1.0040,0.3340,8.6240,-15.160,-29.330,4.420,1617
124783.00,0.8050,0.4920,8.0760,-11.430,-28.610,5.860,1617
124793.00,0.9490,-0.2750,7.8250,-9.570,-23.200,9.570,1617
124803.00,1.1780,-0.7140,8.6790,-7.810,-16.710,6.640,1617
124813.00,1.2410,-0.2570,8.2930,-8.030,-18.620,-0.190,1617
124823.00,1.2840,-0.3730,7.4750,-14.960,-17.620,-1.430,1618
124833.00,1.1780,-0.2530,7.6960,-24.940,-9.470,-0.490,1618
124843.00,1.2990,0.2580,7.9530,-27.840,-2.890,2.160,1618
124853.00,1.4360,-0.1160,8.0350,-26.220,1.620,7.400,1618
124863.00,1.4970,-0.1240,8.3610,-23.610,6.200,8.600,1618
124873.00,1.4820,0.0170,8.6390,-19.850,9.020,8.850,1619
124883.00,1.4440,-0.1390,8.8240,-14.530,9.510,10.230,1619
124893.00,1.4220,-0.0640,9.7070,-11.520,10.400,9.460,1619
124903.00,1.3180,-0.1040,10.2060,-7.880,6.850,9.370,1619
124913.00,1.1770,-0.2340,9.8770,-2.010,-0.590,10.000,1619
124923.00,1.1130,-0.4230,9.2510,0.740,-5.090,10.280,1620
124933.00,1.2410,-0.4860,9.0690,0.230,0.290,7.050,1620
124943.00,1.3490,-0.2290,9.5860,-0.110,3.250,4.770,1620
124953.00,1.4080,-0.1890,9.7800,0.810,1.620,4.320,1620
124963.00,1.4300,-0.3700,8.9730,-3.470,-1.920,4.580,1620
124973.00,1.4650,-0.2600,8.8190,-10.190,0.870,3.580,1621
124983.00,1.6040,0.0570,8.6600,-14.950,4.310,2.620,1621
124993.00,1.5840,0.0870,9.1440,-15.230,8.430,3.690,1621
125003.00,1.5660,-0.0700,9.3230,-14.490,9.410,4.930,1621
125013.00,1.4520,0.0310,10.0230,-14.580,10.880,4.300,1621
125023.00,1.3560,0.1130,10.9390,-13.160,8.930,3.770,1622
125033.00,1.2450,-0.1960,11.2890,-10.480,1.080,3.280,1622
125043.00,1.1960,-0.2520,11.0730,-7.040,-8.570,0.120,1622
125053.00,1.1160,-0.6680,10.6770,-5.370,-17.110,-2.880,1622
125063.00,1.0460,-1.3070,9.8930,-6.910,-23.730,-9.180,1622
125073.00,1.0370,-2.3700,9.5180,-12.220,-26.300,-21.680,1623
125083.00,0.8150,-1.4040,8.9640,-13.410,-27.610,-40.210,1623
125093.00,1.0500,0.3540,8.5650,-8.590,-26.580,-47.110,1623
125103.00,1.3200,0.1980,8.6200,-3.270,-22.150,-38.090,1623
125113.00,1.5000,0.1530,8.6330,2.140,-18.990,-32.510,1623
125123.00,1.7300,0.8800,9.1720,3.310,-15.730,-29.400,1624
125133.00,1.4770,0.5690,9.5110,3.650,-14.380,-10.850,1624
125143.00,1.3750,-0.1570,8.7580,5.960,-14.000,-3.250,1624
125153.00,1.4630,-0.2510,8.7020,7.460,-8.750,-2.320,1624
125163.00,1.5380,0.1630,9.1700,12.960,-3.760,-2.730,1624
125173.00,1.5290,-0.1370,8.8770,23.020,-4.950,-0.080,1625
125183.00,1.4180,-0.2870,9.2140,25.570,-2.150,-0.120,1625
125193.00,1.3740,-0.2230,9.3630,19.970,-0.240,-1.850,1625
125203.00,1.4210,-0.1960,9.1750,16.950,-0.490,-3.230,1625
125213.00,1.5070,0.1570,8.8570,17.260,0.430,-4.230,1625
125223.00,1.5600,0.2760,9.5620,17.300,5.840,-3.780,1626
125233.00,1.5640,0.3260,10.1810,19.710,7.410,-3.810,1626
125243.00,1.5570,0.5020,10.1510,20.620,3.740,-3.130,1626
125253.00,1.5610,0.4430,9.9080,17.930,1.080,-1.550,1626
125263.00,1.5020,0.0700,9.8230,13.310,1.200,-0.290,1626
125273.00,1.4170,0.1710,9.7540,8.210,2.300,-1.170,1627
125283.00,1.4710,0.5580,9.9110,5.800,4.090,-1.520,1627
125293.00,1.3450,0.2760,10.0570,6.200,4.840,1.250,1627
125303.00,1.3180,-0.2100,9.8750,6.710,3.510,1.730,1627
125313.00,1.3440,0.0450,9.8720,3.380,3.610,-1.330,1627
125323.00,1.4210,0.4650,10.0540,2.560,4.330,-2.430,1628
125333.00,1.6280,0.2290,9.4730,5.480,2.510,-0.220,1628
125343.00,1.6280,-0.0430,8.9130,6.270,0.850,2.230,1628
125353.00,1.5980,0.1780,9.1150,3.120,6.120,0.730,1628
125363.00,1.6090,0.4590,9.8480,2.090,10.440,-0.520,1628
125373.00,1.4080,0.2770,10.7160,1.140,11.120,0.200,1629
125383.00,1.3000,0.2300,10.6090,1.130,6.690,0.260,1629
125393.00,1.2700,0.2500,10.3960,0.460,4.070,0.360,1629
125403.00,1.3350,0.1970,10.4870,-0.930,4.050,0.270,1629
125414.00,1.3960,0.3010,10.4310,-2.150,3.070,-0.540,1629
125424.00,1.3960,0.2750,10.1790,-3.890,2.650,-0.840,1630
125434.00,1.4500,0.3520,10.2290,-4.380,3.700,-0.980,1630
125444.00,1.5180,0.4060,10.3600,-3.030,3.790,-0.700,1630
125454.00,1.4940,0.3640,9.9920,-1.860,2.320,0.060,1630
125464.00,1.4360,0.4270,10.0550,-1.260,3.350,0.870,1630
125474.00,1.4180,0.2020,10.3200,-0.190,4.100,2.220,1631
125484.00,1.2980,-0.1070,10.1210,-2.280,2.770,2.950,1631
125494.00,1.2830,0.0570,10.0040,-3.610,2.280,1.270,1631
125504.00,1.3870,0.1710,9.9540,-2.870,2.110,0.620,1631
125514.00,1.4030,0.0720,9.6830,-2.990,1.900,0.960,1631
125524.00,1.4450,0.2220,9.8590,-2.420,3.510,-0.120,1632
125534.00,1.4320,0.2360,9.8120,-0.280,3.440,-0.260,1632
125544.00,1.3570,0.1120,9.8990,4.660,1.780,1.380,1632
125554.00,1.3660,0.2120,10.0230,6.570,0.830,0.540,1632
125564.00,1.3600,0.2870,9.9110,8.350,-1.420,0.660,1632
125574.00,1.3230,0.2940,9.7100,8.160,-2.710,1.760,1633
125584.00,1.3450,0.4790,9.5710,6.410,-1.920,3.700,1633
125594.00,1.4630,0.3870,9.3570,5.150,-0.580,7.430,1633
125604.00,1.4820,0.1240,8.9400,2.560,1.300,10.390,1633
125614.00,1.5020,0.2540,8.9590,0.580,5.520,10.690,1633
125624.00,1.4480,0.5280,9.6320,0.320,10.560,11.120,1634
125634.00,1.3220,0.5950,10.3770,4.190,11.930,12.790,1634
125644.00,1.2340,0.2180,10.1990,7.620,8.810,15.150,1634
125654.00,1.1350,-0.0700,10.1300,7.040,8.600,14.260,1634
125664.00,1.2160,0.0330,10.1520,6.380,9.340,9.950,1634
125674.00,1.3430,0.5790,10.2060,5.990,10.000,5.560,1635
125684.00,1.2760,0.9460,10.5200,8.700,11.560,5.510,1635
125694.00,1.1250,0.5650,11.0120,15.650,11.120,8.760,1635
125704.00,1.0130,-0.4400,11.0560,16.910,7.180,9.160,1635
125714.00,1.2190,0.1970,10.7060,10.240,3.460,1.480,1635
125724.00,1.2770,0.6740,10.4630,6.810,2.300,-1.940,1636
125734.00,1.1900,0.3190,10.6800,10.590,2.250,-0.960,1636
125744.00,0.9990,-0.1710,10.7420,8.930,-0.700,-5.720,1636
125754.00,1.0700,0.0380,10.6890,11.780,-3.730,-10.760,1636
125764.00,0.9830,0.0990,10.4650,9.330,-5.830,-14.360,1636
125774.00,0.9360,-0.1170,11.0040,10.380,-5.900,-18.230,1637
125784.00,1.1050,0.4100,11.0970,10.980,-9.120,-24.040,1637
125794.00,1.3140,0.9100,10.5260,11.770,-13.680,-25.880,1637
125804.00,1.4780,1.1040,9.9760,8.620,-14.160,-24.010,1637
125814.00,1.4280,1.0100,9.6160,8.620,-11.130,-20.590,1637
125824.00,1.5330,0.6960,9.1500,12.830,-6.820,-17.290,1638
125834.00,1.0760,-0.2330,7.0940,10.470,-1.010,-17.360,1638
125844.00,1.0210,-1.5540,7.5430,10.280,21.530,-23.850,1638
125854.00,1.3540,-0.3300,9.6490,10.470,44.510,-42.150,1638
125864.00,1.4650,1.6490,11.1730,10.940,49.100,-54.230,1638
125874.00,1.3120,1.8370,11.6270,18.330,39.440,-47.810,1639
125884.00,1.1900,1.6070,11.6050,31.070,23.980,-36.330,1639
125894.00,0.9990,1.1300,10.9370,33.340,9.900,-27.260,1639
125904.00,0.8440,0.6970,9.9900,30.020,1.200,-22.890,1639
125914.00,0.7360,0.7330,9.8270,25.780,1.410,-22.730,1639
125924.00,0.8670,0.9180,10.0090,21.290,3.960,-23.360,1640
125934.00,0.9170,1.2800,9.9010,18.470,4.870,-23.030,1640
125944.00,1.0030,2.0150,10.0860,29.140,6.270,-12.880,1640
125954.00,0.9140,1.9050,9.7970,33.120,5.010,-3.670,1640
125964.00,0.7710,1.6160,9.8770,34.290,6.410,3.700,1640
125974.00,0.6310,1.2030,10.3080,31.730,7.900,8.080,1641
125984.00,0.7330,0.7530,10.1680,25.120,4.860,8.830,1641
125994.00,0.8730,0.4520,10.1610,18.770,1.290,4.000,1641
126004.00,0.8360,0.8380,10.1570,14.990,-2.850,-3.740,1641
126014.00,1.0130,1.5690,9.8230,15.690,-8.120,-7.210,1641
126024.00,1.0700,1.9820,9.4190,16.700,-10.410,-4.980,1642
126034.00,1.1190,2.0550,9.2440,18.280,-9.190,0.590,1642
126044.00,0.9700,1.6920,8.6990,16.670,-6.960,7.550,1642
126054.00,0.7460,1.1270,8.4590,9.860,0.310,11.330,1642
126064.00,0.6990,1.2140,9.3660,3.510,11.370,9.860,1642
126074.00,0.8380,1.6350,9.6440,-1.610,15.300,8.340,1643
126084.00,0.8960,1.9410,9.4340,-1.230,15.360,10.410,1643
126094.00,0.9900,2.0590,9.3340,1.690,17.230,15.200,1643
126104.00,0.9770,2.2060,9.8710,7.410,20.380,20.570,1643
126114.00,0.8810,2.3170,10.1650,10.070,19.590,26.720,1643
126124.00,0.7630,2.6350,10.3380,12.130,17.370,33.700,1644
126134.00,0.9360,1.8260,10.9540,20.550,14.500,42.010,1644
126144.00,0.5830,0.1790,9.7910,31.730,-13.530,33.260,1644
126154.00,0.7710,-0.1250,10.8310,41.410,-10.240,27.210,1644
126164.00,0.5130,-1.3450,10.5700,40.130,-13.020,20.350,1644
126174.00,0.7020,-1.4300,11.2850,33.130,-21.230,0.430,1645
126184.00,0.8720,-1.0310,11.3630,24.370,-32.270,-19.460,1645
126194.00,0.7100,-0.8050,9.8590,20.800,-50.520,-38.440,1645
126204.00,0.4390,-0.5310,8.6440,23.610,-60.900,-53.900,1645
126214.00,1.1250,0.1080,7.7650,18.400,-63.580,-66.640,1645
126224.00,1.1430,0.3050,7.1280,12.760,-60.970,-74.790,1646
126234.00,1.2290,1.8170,6.3340,-0.460,-47.950,-93.320,1646
126244.00,1.4200,5.4470,3.3760,-5.640,-29.630,-102.300,1646
126254.00,2.6670,5.1820,4.6560,51.770,15.930,-57.270,1646
126264.00,2.0650,4.4000,5.0450,89.900,46.590,-23.220,1646
126274.00,1.7860,5.0120,3.5220,78.180,59.560,-23.270,1647
126284.00,1.4300,8.9920,1.1830,16.740,92.130,-42.770,1647
126294.00,0.2270,9.0730,4.5480,15.760,156.480,-7.010,1647
126304.00,1.1230,7.2090,9.6950,31.590,194.780,35.470,1647
126314.00,0.0570,7.8290,10.2190,17.790,190.920,47.960,1647
126324.00,-2.2890,8.0980,10.8990,21.780,190.950,75.240,1648
126334.00,-2.2540,6.8470,12.6810,40.690,195.240,112.890,1648
126344.00,-5.4020,-0.0070,14.7370,63.410,162.640,144.070,1648
126354.00,-3.5230,-5.1840,16.7310,47.750,140.920,120.290,1648
126364.00,-3.9210,-5.5040,16.1370,-34.210,117.120,42.060,1648
126374.00,-2.9280,-2.5140,15.2980,-106.450,94.250,-36.260,1649
126384.00,-3.8340,2.0630,14.6540,-146.040,74.100,-84.700,1649
126394.00,-1.3450,8.7070,13.3080,-130.380,54.730,-89.700,1649
126404.00,-3.0930,9.2430,11.0150,-50.770,23.530,-28.960,1649
126414.00,-1.6120,4.0130,10.8590,-6.110,18.910,37.110,1649
126424.00,-1.3370,2.2660,11.2820,12.920,20.310,56.920,1650
126434.00,-2.0860,1.4670,11.7730,6.030,16.300,54.700,1650
126445.00,-2.3640,0.9660,11.2920,4.890,2.390,47.960,1650
126455.00,-1.4890,0.3930,9.1400,-1.400,-14.870,39.210,1650
126465.00,-2.3110,0.9300,6.9510,-5.250,-17.320,29.600,1650
126475.00,-1.8080,1.7120,6.6540,1.020,-7.330,26.720,1651
126485.00,-1.4650,1.7590,7.5750,13.010,4.720,32.050,1651
126495.00,-1.3320,0.9520,8.5840,36.130,8.510,40.090,1651
126505.00,-1.8190,-0.9270,9.2970,44.280,7.130,41.640,1651
126515.00,-1.9020,-2.5610,9.8110,38.800,2.420,26.100,1651
126525.00,-1.8310,-2.4760,10.4970,17.190,-4.340,-7.350,1652
126535.00,-1.3490,-0.2570,8.2550,-22.720,-18.460,-45.880,1652
126545.00,-0.4190,8.7490,5.5940,-51.710,-15.820,-78.430,1652
126555.00,-0.2230,9.9610,6.5310,-41.350,12.030,-31.300,1652
126565.00,-0.5670,5.0990,8.9190,-8.660,32.860,34.280,1652
126575.00,-1.1560,-2.1550,10.5180,4.990,34.680,61.240,1653
126585.00,-3.0020,-5.5280,12.1610,-27.840,32.790,27.840,1653
126595.00,-2.8550,-0.0070,12.8660,-66.870,22.670,-39.320,1653
126605.00,-2.3380,4.8130,12.8500,-73.900,9.130,-58.100,1653
126615.00,-2.0140,3.2370,13.0430,-54.150,-2.750,-33.320,1653
126625.00,-1.8360,1.9080,12.7130,-36.020,-16.780,-24.230,1654
126635.00,-1.3990,2.4840,11.2050,-17.850,-30.010,-27.860,1654
126645.00,-1.0340,2.8340,9.5070,-7.400,-35.120,-25.060,1654
126655.00,-0.8070,2.1290,8.8270,-10.820,-29.260,-17.780,1654
126665.00,-1.1170,2.0740,9.8530,-22.440,-17.760,-16.130,1654
126675.00,-1.2190,1.5920,10.2990,-27.160,-14.870,-13.800,1655
126685.00,-1.1000,1.9080,10.8270,-31.710,-14.470,-15.780,1655
126695.00,-1.1120,2.3290,10.5950,-35.580,-17.240,-16.270,1655
126705.00,-1.1350,1.6520,10.1040,-34.930,-19.980,-11.000,1655
126715.00,-1.2620,1.6920,9.9910,-38.310,-18.460,-10.200,1655
126725.00,-1.2110,2.0660,10.8340,-38.340,-15.540,-9.320,1656
126735.00,-1.2860,2.0320,10.6870,-35.860,-18.320,-5.950,1656
126745.00,-1.4090,0.8180,9.7780,-31.100,-21.050,-1.360,1656
126755.00,-1.1470,1.5090,10.1040,-15.490,-16.940,-4.340,1656
126765.00,-1.1920,1.4320,9.7170,-7.260,-19.110,-1.220,1656
126775.00,-1.2760,0.6240,8.6840,-2.980,-20.000,3.130,1657
126785.00,-1.4660,0.2850,8.8660,-2.000,-13.600,1.880,1657
126795.00,-1.9250,-0.7870,8.8830,-3.900,-9.050,-1.200,1657
126805.00,-1.8810,-0.1430,9.7300,-7.040,-4.670,-10.850,1657
126815.00,-1.6700,1.2610,10.8130,-4.410,-4.860,-17.300,1657
126825.00,-1.4390,1.1850,11.2920,4.750,-11.620,-14.560,1658
126835.00,-1.1150,1.1500,10.0890,13.730,-22.710,-13.510,1658
126845.00,-0.5260,1.9800,9.5280,17.660,-26.550,-14.310,1658
126855.00,-0.6460,2.1670,9.5250,21.130,-26.670,-10.290,1658
126865.00,-0.9410,0.1500,8.3360,28.830,-30.540,-2.130,1658
126875.00,-0.8060,0.0700,8.8280,29.790,-26.510,-9.690,1659
126885.00,5.2830,8.8450,8.4440,77.090,-29.520,-21.080,1659
126895.00,-1.8130,6.9350,9.0970,150.820,-33.670,28.190,1659
126905.00,-4.8840,-5.8310,16.5630,147.010,-11.720,72.810,1659
126915.00,-2.2260,-4.0420,11.4300,101.370,-55.880,11.390,1659
126925.00,-0.8550,4.0130,7.9310,63.510,-70.090,-43.060,1660
126935.00,-0.9340,3.0990,10.4230,65.210,-50.910,-31.250,1660
126945.00,-1.1790,1.0710,9.3910,44.600,-50.170,-20.330,1660
126955.00,-0.6340,3.0230,8.1870,29.300,-45.360,-43.260,1660
126965.00,-0.1980,4.5600,8.5870,40.900,-33.000,-41.700,1660
126975.00,-0.0630,5.1030,8.3440,63.850,-23.330,-23.460,1661
126985.00,-0.4570,3.9980,9.6720,90.410,-13.880,1.100,1661
126995.00,-0.2570,3.5620,10.5430,88.870,-12.300,17.760,1661
127005.00,0.2710,4.0430,9.8820,71.460,-16.340,25.440,1661
127015.00,-0.6370,3.0070,9.4390,54.340,-14.070,32.300,1661
127025.00,-1.0700,1.0060,8.6300,35.760,-7.540,34.310,1662
127035.00,-1.1030,1.7750,10.4870,21.410,4.630,20.010,1662
127045.00,-0.3970,3.3170,11.4080,15.140,0.520,10.670,1662
127055.00,-0.2320,2.9330,9.2480,3.930,-12.350,12.910,1662
127065.00,-0.2890,2.0440,8.3670,-0.610,-9.310,11.090,1662
127075.00,-0.1650,2.2420,9.0550,-2.820,-1.680,3.420,1663
127085.00,-0.0210,3.1990,9.4370,-11.480,-0.190,-2.030,1663
127095.00,0.0310,3.0610,9.5170,-19.620,-0.520,0.100,1663
127105.00,-0.0710,2.7560,9.9860,-21.980,-1.120,0.120,1663
127115.00,-0.2820,3.0650,10.1710,-17.990,-3.970,-3.970,1663
127125.00,-0.5120,2.7110,9.6900,-12.880,-7.790,-4.390,1664
127135.00,-0.4220,2.6810,10.1070,-10.220,-7.330,-5.860,1664
127145.00,-0.4060,2.4940,9.3940,-12.410,-9.310,-7.910,1664
127155.00,0.0410,3.1750,9.3660,-15.890,-8.140,-13.860,1664
127165.00,0.1000,2.7500,8.5600,-14.250,-8.330,-11.140,1664
127175.00,0.2390,2.7980,8.7290,-15.870,-2.620,-10.650,1665
127185.00,0.3630,2.9700,8.8580,-14.540,1.640,-10.530,1665
127195.00,0.3790,2.9560,9.1900,-9.030,3.370,-10.290,1665
127205.00,0.2080,3.2820,9.3810,-3.500,2.830,-9.710,1665
127215.00,-0.1830,2.9860,9.9140,-0.680,2.670,-5.580,1665
127225.00,-0.3180,2.7230,10.3470,1.140,0.520,-3.480,1666
127235.00,-0.2960,3.2090,10.5660,2.120,-3.110,-4.580,1666
127245.00,-0.3000,2.9740,10.2120,2.180,-6.960,-2.520,1666
127255.00,-0.2600,2.6200,9.5670,2.860,-8.800,-1.660,1666
127265.00,-0.0130,2.9530,9.3100,4.350,-6.930,-3.970,1666
127275.00,-0.0150,2.9370,9.4460,1.200,-2.520,-4.480,1667
127285.00,-0.0940,2.8160,9.9270,0.640,-0.100,-4.130,1667
127295.00,-0.0080,2.8490,9.5700,0.570,-2.030,-3.740,1667
127305.00,-0.0250,2.9620,9.4990,-1.680,-1.330,-2.710,1667
127315.00,0.0510,2.8420,9.6750,0.440,-0.540,-0.980,1667
127325.00,0.0800,3.0850,10.0150,3.140,-0.720,-1.190,1668
127335.00,-0.1010,3.3140,10.8320,4.980,-1.420,-1.430,1668
127345.00,-0.2360,2.4350,9.8910,4.660,-6.950,0.190,1668
127355.00,-0.2810,2.9390,10.0230,9.980,-6.160,-4.770,1668
127365.00,-0.1420,2.4270,9.3540,15.230,-8.960,-2.870,1668
127375.00,0.0190,2.7820,9.3540,15.040,-7.300,-5.120,1669
127385.00,0.2110,3.1930,9.9190,15.320,-6.350,-6.400,1669
127395.00,0.1890,2.7240,8.4900,14.220,-10.200,-4.280,1669
127405.00,0.1200,2.6500,8.3310,12.760,-5.300,-4.370,1669
127415.00,-0.2220,2.8310,9.1410,12.060,0.450,-4.200,1669
127425.00,-0.4230,2.7390,9.9790,8.490,2.720,-1.640,1670
127435.00,-0.6370,3.4140,11.4200,7.990,2.860,-1.100,1670
127445.00,-0.5400,3.0120,11.2000,9.910,-4.930,3.060,1670
127455.00,-0.1630,2.7820,9.6750,11.430,-12.180,3.510,1670
127466.00,-0.0020,3.2870,9.4260,13.830,-9.260,0.750,1670
127476.00,0.0500,3.0860,9.4820,16.190,-6.140,1.670,1671
127486.00,0.1010,3.1870,9.4010,14.200,-4.230,1.660,1671
127496.00,0.0940,3.2920,9.7720,9.350,-1.630,1.880,1671
127506.00,-0.0530,3.1630,10.0590,3.660,-0.940,2.410,1671
127516.00,-0.1800,2.8770,9.8960,-1.650,-2.290,2.270,1671
127526.00,-0.0190,2.8430,9.6310,-4.920,-3.100,0.220,1672
127536.00,0.1800,3.3320,9.6750,-6.600,-2.640,-2.670,1672
127546.00,0.1840,3.3900,9.5980,-6.090,-3.310,-2.220,1672
127556.00,-0.0900,2.6910,9.2880,-5.150,-2.170,-3.250,1672
127566.00,0.1710,3.2720,9.4730,-6.300,-0.700,-4.620,1672
127576.00,0.2520,3.2360,9.5890,-7.390,-0.860,-1.830,1673
127586.00,0.2030,3.2850,9.6510,-5.090,-2.290,-0.010,1673
127596.00,0.0620,2.8490,9.4910,-3.380,-3.810,1.360,1673
127606.00,0.0230,2.6440,9.3170,-5.920,-3.310,0.570,1673
127616.00,0.0960,2.9510,9.5860,-7.960,-1.560,-1.850,1673
127626.00,0.1040,3.0730,9.6270,-7.890,-1.960,-2.310,1674
127636.00,0.2170,3.2390,9.6570,-7.040,-2.030,-2.460,1674
127646.00,0.2530,3.2510,9.6960,-5.740,-2.270,-1.940,1674
127656.00,0.2330,3.1580,9.5400,-4.550,-2.970,-1.550,1674
127666.00,0.2180,2.9680,9.2240,-3.890,-3.010,-1.450,1674
127676.00,0.2460,2.8830,9.2410,-5.300,-0.560,-2.270,1675
127686.00,0.2640,3.0580,9.3490,-5.580,1.510,-3.690,1675
127696.00,0.0930,2.5110,9.6310,-6.110,3.000,-3.930,1675
127706.00,-0.0330,3.0240,10.2020,-7.390,3.700,-8.340,1675
127716.00,-0.2050,3.2820,10.8770,-7.810,2.200,-9.180,1675
127726.00,-0.2160,2.6640,10.2970,-7.600,-3.520,-6.680,1676
127736.00,-0.1500,2.7360,10.1980,-6.560,-5.210,-8.680,1676
127746.00,-0.0320,2.6970,9.6470,-5.250,-7.000,-9.920,1676
127756.00,0.0450,3.0710,9.8890,-2.780,-6.280,-10.530,1676
127766.00,0.0840,2.9140,9.7070,-0.540,-7.960,-8.260,1676
127776.00,0.2050,3.0100,9.4670,1.620,-8.570,-7.680,1677
127786.00,0.2590,2.9940,9.2980,1.760,-7.540,-7.210,1677
127796.00,0.1050,2.7620,9.7800,-0.040,-5.200,-7.560,1677
127806.00,0.0110,2.7570,10.0050,-2.610,-5.390,-9.380,1677
127816.00,-0.0460,2.4470,9.9320,-3.990,-7.100,-11.200,1677
127826.00,-0.0520,2.3330,10.1670,-6.000,-8.280,-15.550,1678
127836.00,-0.1670,1.9340,10.3470,-9.070,-10.990,-22.100,1678
127846.00,-0.2380,1.0500,9.8340,-13.580,-15.960,-30.780,1678
127856.00,0.0010,1.4630,9.9010,-20.720,-17.990,-45.480,1678
127866.00,0.1860,2.5630,9.7510,-25.620,-21.330,-57.400,1678
127876.00,0.4400,2.8280,8.9530,-28.460,-24.060,-60.600,1679
127886.00,0.4520,2.8280,8.6820,-26.920,-21.510,-60.740,1679
127896.00,0.6200,3.1210,8.6320,-23.430,-17.940,-58.900,1679
127906.00,0.7720,3.6170,8.5990,-22.490,-13.790,-54.460,1679
127916.00,0.5400,3.4800,9.3180,-20.900,-8.290,-47.050,1679
127926.00,0.3640,3.2730,9.5840,-16.780,-6.530,-40.190,1680
127936.00,0.1050,2.9200,10.0390,-14.670,-4.920,-35.240,1680
127946.00,-0.2410,2.7230,11.2240,-16.350,-3.250,-34.190,1680
127956.00,-0.0550,1.4880,9.7930,-14.600,-9.540,-30.710,1680
127966.00,0.2600,2.8130,10.0550,-16.610,-8.310,-38.390,1680
127976.00,0.4300,4.0350,9.4950,-14.000,-9.360,-34.840,1681
127986.00,0.2090,2.5540,10.0230,-7.680,-6.460,-23.130,1681
127996.00,0.0370,2.2480,10.0610,-6.720,-8.030,-22.150,1681
128006.00,0.1470,3.0360,10.0190,-7.630,-9.010,-22.130,1681
128016.00,0.1830,2.8180,10.0060,-6.270,-8.400,-15.610,1681
128026.00,0.0980,2.2150,10.2800,-3.240,-8.420,-12.720,1682
128036.00,0.1910,3.3140,9.8210,-2.500,-9.970,-12.530,1682
128046.00,0.0210,2.0740,9.8810,-0.740,-7.840,-5.510,1682
128056.00,0.0950,2.3590,10.2110,-5.530,-6.090,-6.650,1682
128066.00,0.1740,2.5250,9.7670,-6.230,-7.910,-5.630,1682
128076.00,0.2320,2.1430,9.4200,-4.340,-7.580,-1.890,1683
128086.00,0.2810,2.0740,9.4330,-4.010,-5.690,-0.960,1683
128096.00,0.3620,2.4210,9.4080,-3.550,-5.580,-1.410,1683
128106.00,0.3490,2.0820,9.0380,-3.220,-5.650,0.900,1683
128116.00,0.3730,2.0080,8.9320,-3.780,-3.410,1.460,1683
128126.00,0.3580,2.0880,8.9150,-4.430,-1.540,0.920,1684
128136.00,0.2890,1.9590,9.0680,-5.670,0.080,1.550,1684
128146.00,0.3050,1.6940,8.8290,-7.540,-0.400,2.360,1684
128156.00,0.4310,1.8710,8.8210,-10.340,0.100,1.520,1684
128166.00,0.3940,1.2700,8.3940,-15.260,-2.360,3.970,1684
128176.00,0.5500,0.7390,8.0540,-16.890,-4.950,3.600,1685
128186.00,1.0320,0.8940,7.0480,-18.340,-9.920,1.290,1685
128196.00,1.3120,0.4480,5.8910,-14.700,-14.680,1.410,1685
128206.00,1.0200,0.0530,5.1510,-11.920,-15.310,1.760,1685
128216.00,0.8180,-0.2230,5.9010,-9.260,-12.000,2.950,1685
128226.00,0.6140,-1.3280,5.2000,-3.330,-16.750,3.070,1686
128236.00,0.5830,-1.2330,4.4080,-3.360,-18.370,-2.240,1686
128246.00,0.8750,-0.2440,4.3620,-5.080,-14.840,-7.800,1686
128256.00,1.0370,-0.1490,3.3530,-1.510,-14.940,-8.970,1686
128266.00,0.9050,-0.7990,2.4500,2.750,-9.610,-11.300,1686
128276.00,1.6770,1.8970,3.4770,0.920,4.720,-17.670,1687
128286.00,1.1420,3.8460,3.4520,0.900,11.610,-2.940,1687
128296.00,1.3260,2.6360,5.8020,-0.260,27.120,26.140,1687
128306.00,1.0360,3.1080,7.3070,-3.900,33.450,41.660,1687
128316.00,-0.0140,1.8490,6.9820,-7.540,31.810,59.670,1687
128326.00,0.3400,0.2690,7.2770,-12.530,39.730,65.990,1688
128336.00,0.0810,0.7600,8.0680,-20.440,46.160,56.520,1688
128346.00,0.0680,-2.6750,7.5330,-12.160,41.730,45.060,1688
128356.00,-0.4180,-0.1900,6.2880,20.240,41.050,-2.520,1688
128366.00,-1.0680,-0.7070,5.4240,-19.150,43.850,-8.050,1688
128376.00,-0.7390,2.3790,9.7620,-1.870,65.790,-24.900,1689
128386.00,-1.1170,3.0610,10.7440,25.560,58.300,-26.190,1689
128396.00,-1.7620,1.4350,9.0240,34.830,45.050,-19.280,1689
128406.00,-2.2120,1.2400,5.4910,19.060,41.200,-23.220,1689
128416.00,-3.9570,0.0810,5.3300,-16.750,62.470,-25.720,1689
128426.00,0.1060,3.1770,8.5440,-66.120,91.500,-41.490,1690
128436.00,-0.5500,9.8410,6.5850,-103.160,87.470,-57.780,1690
128446.00,-1.9820,5.0340,13.2320,-108.010,112.990,-5.740,1690
128456.00,-2.6700,0.3450,17.0840,-115.190,105.660,14.240,1690
128466.00,-3.4630,0.3680,13.1800,-128.500,65.410,-7.770,1690
128476.00,-2.1060,3.8540,10.2550,-173.460,66.300,-24.480,1691
128486.00,-2.2580,3.6720,10.6910,-189.140,98.800,-17.340,1691
128497.00,-2.1970,2.5140,15.6080,-167.790,135.110,-2.530,1691
128507.00,-2.3790,2.3800,16.7940,-144.850,134.080,5.230,1691
128517.00,-2.9040,1.1520,16.2930,-115.970,124.220,17.810,1691
128527.00,-3.2720,-0.2280,17.5130,-85.980,119.270,25.580,1692
128537.00,-3.7600,-1.0630,16.9470,-54.200,101.860,25.400,1692
128547.00,-3.9840,-0.7640,13.6040,-32.100,79.650,19.470,1692
128557.00,-4.1620,-0.5140,13.9800,-20.350,78.340,15.340,1692
128567.00,-4.8670,-0.5820,12.3390,1.440,61.360,11.630,1692
128577.00,-4.9050,0.1330,10.7600,11.330,53.660,9.360,1693
128587.00,-4.8410,-0.0170,12.2470,14.860,59.000,11.300,1693
128597.00,-4.8220,-0.3460,12.5210,19.570,51.530,10.910,1693
128607.00,-4.9980,0.0740,11.3970,24.790,40.210,6.220,1693
128617.00,-5.2050,-0.0200,10.5890,29.180,36.060,4.300,1693
128627.00,-4.9560,0.4120,10.3870,29.830,35.880,1.480,1694
128637.00,-4.8230,0.6420,10.1240,31.050,36.480,0.520,1694
128647.00,-4.6390,1.0380,9.8540,33.970,36.740,0.120,1694
128657.00,-4.6920,1.0740,9.5230,34.360,37.460,1.640,1694
128667.00,-4.8050,0.9160,9.6890,32.640,39.240,4.770,1694
128677.00,-4.7270,0.5400,9.9430,30.260,39.980,7.760,1695
128687.00,-4.6800,0.6460,10.3530,26.690,40.190,7.970,1695
128697.00,-4.5480,0.4790,11.1520,26.170,38.960,8.780,1695
128707.00,-4.4380,0.2350,11.5070,26.960,34.200,8.830,1695
128717.00,-4.5580,0.1490,11.4770,27.320,29.530,7.730,1695
128727.00,-4.5930,-0.1730,11.2290,27.100,25.260,7.480,1696
128737.00,-4.5090,-0.2950,10.8520,25.920,22.780,4.950,1696
128747.00,-4.5520,-0.1600,10.6830,23.370,23.130,0.520,1696
128757.00,-4.2960,0.5150,10.6200,20.550,22.130,-2.250,1696
128767.00,-4.3330,-0.3970,11.3750,11.610,19.150,-0.540,1696
128777.00,-4.4450,0.1430,10.6670,9.050,13.540,-5.890,1697
128787.00,-4.3950,0.3560,10.1140,7.880,10.630,-6.980,1697
128797.00,-4.4500,0.4420,10.3400,7.790,9.600,-6.230,1697
128807.00,-4.4900,0.4280,9.5700,7.650,5.050,-5.120,1697
128817.00,-4.5720,0.2220,9.1070,6.240,5.280,-4.630,1697
128827.00,-4.5880,0.2500,9.3050,2.630,9.350,-6.050,1698
128837.00,-4.6190,0.5070,9.6680,-0.120,10.670,-6.140,1698
128847.00,-4.7050,-0.0080,9.4700,-0.740,8.500,-4.270,1698
128857.00,-4.5320,0.3290,9.4150,-3.010,8.300,-6.260,1698
128867.00,-4.5430,0.3400,9.8470,-6.370,8.620,-5.820,1698
128877.00,-4.3930,0.1040,9.4340,-7.210,4.840,-6.100,1699
128887.00,-4.3090,0.5930,9.4620,-8.330,4.240,-9.380,1699
128897.00,-4.2710,0.6960,9.5800,-8.490,2.690,-9.150,1699
128907.00,-4.4030,0.4820,9.0420,-7.910,-0.140,-7.660,1699
128917.00,-4.4010,0.4590,8.8330,-7.750,0.180,-7.710,1699
128927.00,-4.3650,0.4650,9.4510,-7.600,2.040,-7.560,1700
128937.00,-4.4360,0.4120,8.7880,-6.740,-1.520,-7.000,1700
128947.00,-4.3170,0.7050,8.3890,-7.440,-0.380,-7.140,1700
128957.00,-4.0530,1.0870,8.8710,-9.680,3.860,-6.100,1700
128967.00,-4.0180,0.7270,9.6920,-8.510,1.710,-1.800,1700
128977.00,-3.9560,0.9610,9.6940,-5.690,-0.070,-2.180,1701
128987.00,-4.0360,0.8750,9.7610,-2.910,-0.560,-1.240,1701
128997.00,-4.1060,0.6900,10.0820,-1.370,-0.630,-0.450,1701
129007.00,-4.3310,0.3030,10.7620,-0.560,-0.890,0.000,1701
129017.00,-4.5430,0.0930,10.9230,0.790,-4.430,-0.780,1701
129027.00,-4.7110,-0.4070,11.5030,3.910,-6.090,-2.030,1702
129037.00,-4.8900,-0.5550,12.5750,9.040,-8.540,-5.720,1702
129047.00,-4.9840,-0.4220,13.2470,15.110,-15.750,-9.600,1702
129057.00,-5.1400,-0.6600,13.6180,22.480,-21.650,-12.300,1702
129067.00,-5.0030,-0.6230,15.9350,30.210,-25.690,-15.960,1702
129077.00,-4.6820,-0.4840,17.0580,42.270,-39.850,-20.280,1703
129087.00,-4.8110,0.2180,18.7540,58.300,-51.990,-25.300,1703
129097.00,-4.7360,0.3190,19.9100,70.600,-68.860,-24.340,1703
129107.00,-5.1330,0.1390,18.6030,73.680,-89.070,-21.420,1703
129117.00,-5.6540,1.2100,18.1610,76.830,-96.880,-23.200,1703
129127.00,-6.3520,0.3300,17.7410,70.090,-100.970,-18.350,1704
129137.00,-6.2100,-0.1680,17.0710,60.210,-104.120,-17.850,1704
129147.00,-6.7660,1.0060,15.8850,52.770,-103.700,-25.980,1704
129157.00,-6.9060,0.9890,15.8050,41.480,-96.630,-28.960,1704
129167.00,-6.2200,2.6060,13.9500,27.920,-103.980,-36.450,1704
129177.00,-5.6500,3.9720,14.2310,13.550,-102.550,-34.030,1705
129187.00,-5.5200,4.5650,15.0300,2.000,-103.280,-26.540,1705
129197.00,-5.9270,3.3320,13.3680,-7.190,-114.150,-13.940,1705
129207.00,-5.8760,2.8300,11.8770,-19.370,-118.230,-10.570,1705
129217.00,-5.7320,3.2790,11.9620,-32.670,-112.610,-13.260,1705
129227.00,-5.6700,2.5770,13.0130,-39.640,-107.920,-12.140,1706
129237.00,-4.3250,2.3190,12.3300,-46.080,-114.640,-16.710,1706
129247.00,-4.8940,3.7300,10.2620,-49.300,-121.620,-24.670,1706
129257.00,-3.7490,3.0250,7.5990,-47.600,-121.820,-18.650,1706
129267.00,-2.8150,2.6840,7.7740,-49.700,-111.140,-14.990,1706
129277.00,-2.8310,3.3590,5.8120,-52.820,-109.090,-14.660,1707
129287.00,-2.0020,2.8130,7.7580,-57.020,-94.380,-3.480,1707
129297.00,-1.5090,2.2060,6.6040,-60.550,-97.540,2.830,1707
129307.00,-1.8380,1.3980,5.7260,-60.880,-93.470,6.050,1707
129317.00,-1.7590,-0.0570,5.3510,-57.730,-84.650,8.220,1707
129327.00,-1.1090,-0.6680,5.2740,-56.390,-80.220,3.510,1708
129337.00,-1.0800,-0.6470,3.8760,-60.240,-77.910,-3.930,1708
129347.00,-0.2830,-0.0990,5.0640,-64.260,-61.180,-7.610,1708
129357.00,1.4780,0.2270,6.6890,-62.460,-54.390,-6.240,1708
129367.00,0.2120,-1.7700,3.7250,-55.390,-65.310,-3.410,1708
129377.00,0.7950,-1.4520,5.3940,-49.910,-44.100,-13.240,1709
129387.00,1.3410,0.0210,4.7100,-48.060,-45.990,-21.170,1709
129397.00,1.6900,-0.3260,4.5950,-46.250,-40.980,-15.200,1709
129407.00,1.6100,-0.2400,4.7360,-45.080,-35.520,-12.470,1709
129417.00,1.5680,-0.8480,3.2880,-41.140,-30.500,-9.320,1709
129427.00,1.9260,0.0320,6.6520,-37.660,-16.690,-8.990,1710
129437.00,1.8010,-0.2660,6.0100,-32.360,-24.810,-3.620,1710
129447.00,1.6640,-0.8320,4.3710,-28.070,-27.320,1.620,1710
129457.00,1.7210,-0.6460,5.6650,-26.110,-15.710,1.970,1710
129467.00,1.6970,-0.7760,6.5490,-23.350,-11.790,4.230,1710
129477.00,1.7100,-1.2260,6.4130,-19.080,-12.340,5.000,1711
129487.00,1.6680,-0.9770,6.3290,-14.440,-11.080,3.480,1711
129497.00,1.1830,-1.0150,6.5560,-11.780,-8.380,4.910,1711
129507.00,1.4120,-1.7440,6.3750,-6.340,-5.580,6.750,1711
129518.00,1.6280,-1.0090,6.8200,-6.230,-3.660,2.690,1711
129528.00,1.6740,-0.5120,7.1440,-8.840,-2.340,3.270,1712
129538.00,1.6230,-0.4400,8.0550,-8.860,0.850,6.850,1712
129548.00,1.3990,-0.8690,8.8300,-6.350,-0.160,9.990,1712
129558.00,1.2320,-1.1640,8.4140,-4.310,-5.560,11.120,1712
129568.00,1.1210,-0.9060,9.5190,-3.710,-5.900,9.850,1712
129578.00,1.0150,-1.0610,8.7390,0.930,-11.440,8.040,1713
129588.00,1.0790,-1.6160,7.8620,-0.110,-11.220,6.710,1713
129598.00,1.0150,-1.5230,8.4280,-6.830,-4.640,3.510,1713
129608.00,1.0490,-1.2250,8.6280,-8.800,-2.830,0.850,1713
129618.00,1.0730,-1.4690,8.8980,-8.140,-1.960,-0.010,1713
129628.00,0.9640,-2.0190,8.6730,-9.380,-2.820,-2.040,1714
129638.00,1.2460,-0.6680,8.4940,-12.180,-1.990,-6.700,1714
129648.00,1.2990,-0.6250,9.8510,-9.610,1.220,-3.460,1714
129658.00,1.0620,-1.1820,9.9450,-7.000,-3.590,0.500,1714
129668.00,0.9470,-1.1970,9.5950,-4.690,-7.170,0.190,1714
129678.00,0.9060,-1.1070,9.8560,-1.630,-6.120,-1.010,1715
129688.00,0.9850,-0.9900,9.4560,-0.230,-6.350,-1.830,1715
129698.00,1.0760,-1.0210,9.7350,-2.800,-2.920,-1.640,1715
129708.00,0.8990,-1.7680,9.9000,-10.190,-0.940,-0.680,1715
129718.00,0.9420,-1.2630,9.8110,-17.330,-0.070,-4.620,1715
129728.00,1.0100,-0.9950,10.7610,-18.600,2.020,-5.540,1716
129738.00,0.8550,-1.5260,10.6340,-15.650,-2.800,-3.510,1716
129748.00,0.7920,-1.6290,9.4310,-10.410,-7.890,-5.090,1716
129758.00,0.9110,-1.3680,9.1420,-6.740,-5.810,-6.770,1716
129768.00,0.9660,-1.6240,9.4370,-7.090,-2.240,-5.680,1716
129778.00,1.0140,-1.5000,9.7420,-9.710,0.390,-4.600,1717
129788.00,0.9550,-1.5150,10.0760,-8.230,-0.100,-4.210,1717
129798.00,0.9150,-1.4750,9.7430,-4.060,-2.620,-4.160,1717
129808.00,0.8870,-1.4160,10.1650,0.600,-1.960,-3.720,1717
129818.00,0.8500,-1.7070,9.9370,1.740,-3.550,-2.600,1717
129828.00,0.9940,-1.0750,9.9880,1.530,-2.920,-4.000,1718
129838.00,0.8480,-1.6600,10.7480,0.200,-1.140,-1.780,1718
129848.00,0.8630,-1.5010,9.8220,-0.860,-4.880,-3.110,1718
129858.00,0.8920,-1.3160,10.3690,-0.980,-1.520,-4.390,1718
129868.00,0.8550,-1.6400,10.4000,0.290,-2.240,-3.810,1718
129878.00,0.9040,-1.3440,9.6460,1.900,-3.850,-5.180,1719
129888.00,1.0500,-1.5120,9.9800,2.230,-0.120,-4.390,1719
129898.00,1.1460,-1.3310,10.0430,0.530,0.990,-4.340,1719
129908.00,1.2340,-1.0430,10.3380,0.510,1.550,-4.320,1719
129918.00,1.0850,-1.3990,10.0820,2.040,-0.310,-2.380,1719
129928.00,1.1110,-1.5510,10.1320,1.480,0.170,-2.620,1720
129938.00,1.0180,-1.5900,10.2200,0.010,0.380,-3.220,1720
129948.00,1.0600,-1.3540,9.9390,1.000,-1.290,-3.670,1720
129958.00,1.0200,-1.5330,9.9420,2.120,-1.170,-2.320,1720
129968.00,0.9520,-1.5940,10.1670,2.050,-1.310,-2.360,1720
129978.00,0.9830,-1.5800,9.5410,5.470,-4.620,-3.370,1721
129988.00,1.0990,-1.4170,9.3100,6.290,-3.150,-4.210,1721
129998.00,1.1490,-1.2900,9.6610,5.050,0.110,-3.990,1721
130008.00,1.1950,-1.1970,9.9900,3.590,1.230,-3.510,1721
130018.00,1.1500,-1.2150,9.8010,2.260,0.590,-2.620,1721
130028.00,1.0710,-1.4710,10.1220,1.440,1.690,-2.200,1722
130038.00,1.0490,-1.6800,10.2370,0.300,0.950,-3.570,1722
130048.00,1.1480,-1.1340,9.5900,-0.510,-0.800,-6.300,1722
130058.00,1.2660,-0.9550,9.9390,-0.120,2.070,-5.960,1722
130068.00,1.1890,-1.1610,10.3480,0.180,2.910,-4.390,1722
130078.00,1.1460,-1.1180,10.2870,1.580,0.870,-3.970,1723
130088.00,1.1420,-1.3780,9.8390,1.070,-0.510,-2.850,1723
130098.00,1.1840,-1.2350,9.9800,-0.490,1.320,-3.710,1723
130108.00,1.2190,-1.0910,10.0430,-1.370,1.990,-3.970,1723
130118.00,1.2580,-1.0180,10.1150,-1.170,2.180,-3.360,1723
130128.00,1.2560,-1.0970,10.4530,-0.110,2.230,-2.180,1724
130138.00,1.1530,-1.5560,9.8460,-0.490,-0.610,-0.610,1724
130148.00,1.2780,-1.0540,9.9810,-0.750,1.010,-2.010,1724
130158.00,1.3000,-1.3320,9.8230,-1.610,1.430,-0.280,1724
130168.00,1.2350,-1.3500,9.8630,-3.430,2.560,-0.080,1724
130178.00,1.2250,-1.3500,10.1450,-2.330,0.920,-0.280,1725
130188.00,1.1340,-1.5370,9.6960,-0.890,-0.610,0.240,1725
130198.00,1.1560,-1.4640,10.2810,-0.470,1.480,-0.070,1725
130208.00,1.1120,-1.6210,10.1670,0.040,-0.310,-0.050,1725
130218.00,1.1000,-1.2680,10.0760,0.920,-1.260,-1.170,1725
130228.00,1.0420,-1.6230,10.4510,1.740,-0.890,-0.190,1726
130238.00,1.0340,-1.8130,9.6150,1.510,-3.670,-0.820,1726
130248.00,1.0440,-1.3420,9.8650,1.210,-1.000,-2.920,1726
130258.00,1.1300,-1.3320,10.0160,2.000,-0.170,-2.290,1726
130268.00,1.1330,-1.5720,9.9480,1.550,-0.580,-1.730,1726
130278.00,1.1970,-1.1970,9.9680,0.650,-0.240,-2.940,1727
130288.00,1.2550,-1.0870,10.0820,1.440,-0.090,-1.940,1727
130298.00,1.1190,-1.4400,10.1090,1.350,-0.790,0.010,1727
130308.00,1.1170,-1.4330,9.9200,0.790,-1.840,-0.210,1727
130318.00,1.1760,-1.3220,9.6320,1.420,-2.080,-0.730,1727
130328.00,1.1540,-1.5310,9.4480,-0.140,-0.680,-0.170,1728
130338.00,1.0310,-1.5600,10.3810,-2.660,2.740,-1.220,1728
130348.00,1.0070,-1.4170,10.3250,-1.470,-0.240,-2.670,1728
130358.00,1.0320,-1.4140,9.2230,0.410,-3.550,-2.730,1728
130368.00,1.1180,-1.2430,9.6390,0.460,0.780,-2.990,1728
130378.00,1.1880,-1.0760,9.6650,1.770,0.620,-1.710,1729
130388.00,1.1480,-1.4670,9.6960,2.510,1.220,-0.220,1729
130398.00,1.1580,-1.2740,9.6080,1.810,1.650,-0.940,1729
130408.00,1.1650,-1.1520,9.9630,2.090,2.860,-1.010,1729
130418.00,1.1100,-1.4570,9.9980,2.540,1.780,-0.140,1729
130428.00,1.0860,-1.4790,9.5410,2.810,0.010,-1.120,1730
130438.00,1.1440,-1.4000,9.6520,2.040,1.440,-2.670,1730
130448.00,1.1900,-1.2770,9.6690,0.790,2.040,-3.550,1730
130458.00,1.1680,-1.3130,9.9130,1.210,2.370,-3.880,1730
130468.00,1.1400,-1.2210,9.6100,2.860,0.950,-4.300,1730
130478.00,1.1380,-1.0080,9.6080,5.500,1.690,-4.510,1731
130488.00,2.0910,-0.9840,9.9600,6.550,3.390,-3.130,1731
130498.00,0.1420,-1.6370,9.1650,7.090,1.930,-2.710,1731
130508.00,1.2450,-1.2200,10.2130,5.970,7.240,-4.970,1731
130518.00,1.3920,-0.7710,10.1640,4.100,6.190,-6.610,1731
130528.00,1.4480,-0.9870,9.7450,5.100,4.240,-6.090,1732
130539.00,1.3260,-0.8390,10.1270,2.630,7.360,-5.750,1732
130549.00,1.2470,-1.2810,10.2920,2.040,6.750,-3.440,1732
130559.00,1.1460,-1.3060,10.5060,0.360,6.220,-4.480,1732
130569.00,1.0270,-1.1780,10.4250,-0.040,5.010,-5.370,1732
130579.00,1.1350,-1.0150,10.0480,1.060,4.660,-5.680,1733
130589.00,1.0030,-1.1000,10.5200,2.390,5.490,-4.230,1733
130599.00,0.8230,-1.8790,9.5940,5.730,2.410,-4.840,1733
130609.00,1.0320,-0.8050,10.2120,5.410,6.010,-8.260,1733
130619.00,0.8510,-1.6720,10.2220,5.990,5.140,-3.620,1733
130629.00,0.8240,-1.5000,10.0360,3.960,4.310,-5.070,1734
130639.00,0.7560,-1.2410,10.3660,2.470,5.100,-5.670,1734
130649.00,0.7200,-1.3360,10.1500,2.720,3.050,-3.950,1734
130659.00,0.6060,-1.8310,9.6550,1.670,1.860,-2.320,1734
130669.00,0.6980,-1.4240,9.5920,0.810,3.610,-4.280,1734
130679.00,0.8070,-1.1350,10.1210,1.930,5.570,-4.620,1735
130689.00,0.7860,-1.3320,10.3880,3.490,4.260,-3.390,1735
130699.00,0.7740,-1.2320,9.8690,4.070,1.480,-4.070,1735
130709.00,0.7960,-1.0510,10.0510,4.400,3.050,-4.340,1735
130719.00,0.7600,-1.1180,10.4150,5.380,3.600,-3.780,1735
130729.00,0.8440,-1.1770,10.0800,5.360,1.710,-3.810,1736
130739.00,0.9040,-1.0420,9.9720,4.260,2.560,-4.160,1736
130749.00,1.0480,-1.0980,10.1950,2.950,4.050,-3.880,1736
130759.00,0.9900,-1.2560,9.9680,0.920,3.230,-3.320,1736
130769.00,0.9940,-0.9120,9.9920,-0.400,4.050,-4.440,1736
130779.00,0.9830,-1.0860,9.9020,0.230,4.730,-3.040,1737
130789.00,0.9900,-0.9490,10.0270,1.480,4.260,-3.290,1737
130799.00,0.9230,-1.0750,10.3170,2.860,4.310,-2.130,1737
130809.00,0.8780,-1.4350,10.0310,4.100,1.900,-1.540,1737
130819.00,0.8490,-1.1700,9.5740,3.630,1.900,-3.370,1737
130829.00,0.9040,-0.8970,10.0770,3.650,4.930,-3.790,1738
130839.00,0.7960,-1.2720,10.0390,4.400,4.100,-2.360,1738
130849.00,0.7940,-1.3530,10.2260,4.800,3.890,-3.500,1738
130859.00,0.6920,-1.4990,10.0240,3.930,2.440,-4.420,1738
130869.00,0.5810,-1.3470,9.5110,2.180,1.990,-5.750,1738
130879.00,0.6260,-1.2500,9.8950,2.110,4.750,-6.330,1739
130889.00,0.6160,-1.5030,9.8890,1.620,4.870,-6.000,1739
130899.00,0.5790,-1.5440,9.8280,0.300,4.890,-8.030,1739
130909.00,0.6600,-1.0270,9.7780,0.620,5.240,-11.090,1739
130919.00,0.7030,-0.5550,10.3330,3.280,5.540,-9.780,1739
130929.00,0.6250,-1.1590,9.8320,6.570,1.530,-5.420,1740
130939.00,0.6560,-1.0800,9.3060,9.000,0.900,-6.230,1740
130949.00,0.7920,-1.4720,9.3530,8.700,3.720,-6.490,1740
130959.00,0.8430,-0.9370,9.6410,6.220,5.780,-8.500,1740
130969.00,0.9530,-0.8130,9.8560,6.670,5.680,-7.770,1740
130979.00,0.4550,-1.3370,9.7870,6.500,4.140,-5.820,1741
130989.00,0.9090,-0.2060,10.0400,8.480,5.700,-10.460,1741
130999.00,0.9220,-0.4600,10.4140,10.240,5.050,-6.140,1741
131009.00,0.9320,-0.6720,10.4760,12.200,2.700,-3.690,1741
131019.00,0.9160,-0.9090,10.2020,11.190,1.110,-3.130,1741
131029.00,0.9340,-0.5770,10.1520,9.860,1.860,-3.930,1742
131039.00,0.9210,-0.4980,10.7700,9.210,3.630,-3.360,1742
131049.00,0.8010,-0.9520,10.3590,7.710,1.570,-1.620,1742
131059.00,0.8170,-0.6130,10.1860,5.220,2.600,-3.110,1742
131069.00,0.8780,-0.4920,11.0120,4.890,5.610,-2.970,1742
131079.00,0.7830,-1.0100,11.2460,5.540,2.950,-1.690,1743
131089.00,0.7860,-0.9870,10.7280,7.270,-2.100,-3.060,1743
131099.00,0.8760,-1.2650,10.2750,8.090,-4.090,-3.740,1743
131109.00,0.8940,-0.7920,10.2500,5.590,-2.900,-6.170,1743
131119.00,0.9580,-0.4240,10.7090,5.060,-1.870,-5.770,1743
131129.00,0.9330,-0.7980,10.5110,6.590,-4.320,-2.810,1744
131139.00,1.0030,-0.7320,10.2730,7.710,-5.370,-2.900,1744
131149.00,1.0060,-1.0180,10.2350,6.900,-4.830,-2.570,1744
131159.00,0.9670,-0.8140,10.5000,6.670,-4.510,-3.930,1744
131169.00,0.9960,-0.7650,10.5770,8.440,-6.160,-4.510,1744
131179.00,0.8910,-0.5700,9.8290,10.420,-8.920,-4.140,1745
131189.00,1.1180,-0.1770,9.8080,17.380,-8.330,-5.050,1745
131199.00,1.1780,-0.4240,9.6900,18.150,-7.630,-1.410,1745
131209.00,1.1250,-0.6770,9.2490,15.560,-6.610,0.100,1745
131219.00,1.0140,-0.7440,9.3970,10.190,-2.240,0.220,1745
131229.00,0.9280,-0.5830,10.0880,6.250,1.340,0.360,1746
131239.00,0.8130,-0.9790,10.4440,4.940,0.360,1.270,1746
131249.00,0.8130,-0.7390,9.8090,4.260,-3.240,-0.330,1746
131259.00,0.8670,-0.3090,10.1770,4.870,-1.680,-1.100,1746
131269.00,0.7720,-0.5120,10.1930,6.200,-3.180,1.590,1746
131279.00,0.7330,-0.6730,9.3970,6.800,-5.350,2.500,1747
131289.00,0.6970,-0.5690,9.8060,6.340,-1.350,1.880,1747
131299.00,0.6970,-0.6130,10.2100,6.520,-0.190,2.180,1747
131309.00,0.7150,-0.7540,10.0350,7.060,-2.100,2.510,1747
131319.00,0.7100,-1.2320,9.7060,5.550,-2.430,1.990,1747
131329.00,0.7190,-0.9510,9.4440,2.140,-0.400,-1.680,1748
131339.00,0.7870,-0.2850,10.1280,-0.350,3.880,-3.930,1748
131349.00,0.7520,-0.5080,10.6440,0.410,3.190,-1.730,1748
131359.00,0.6130,-1.0980,10.1140,1.370,-1.010,-0.610,1748
131369.00,0.6400,-0.6930,10.1640,1.110,-0.420,-4.000,1748
131379.00,0.7400,-0.2710,10.2560,2.390,-0.170,-4.830,1749
131389.00,0.8700,-0.3300,9.5620,6.040,-4.810,-2.080,1749
131399.00,0.9470,-0.5140,9.4760,4.780,-1.680,-1.150,1749
131409.00,0.8910,-0.3150,9.8160,3.050,1.530,-1.170,1749
131419.00,0.8420,-0.4700,10.5520,3.730,2.700,0.150,1749
131429.00,0.7410,-1.1130,10.0470,4.870,-1.290,0.820,1750
131439.00,0.8610,-0.3800,9.6380,4.730,-1.680,-3.090,1750
131449.00,0.9820,-0.1560,9.6710,5.410,0.620,-2.670,1750
131459.00,0.8750,-0.7700,9.7370,3.940,2.350,-0.050,1750
131469.00,0.8430,-0.5580,10.1530,1.070,4.370,-1.960,1750
131479.00,0.8590,-0.1720,10.4360,0.920,3.580,-2.920,1751
131489.00,0.8320,-0.3520,10.2790,2.910,0.900,-1.400,1751
131499.00,0.8570,-0.8440,9.6470,2.260,-0.520,-1.120,1751
131509.00,0.9470,-0.0400,9.8910,-0.510,2.770,-4.420,1751
131519.00,0.9630,0.1730,10.6460,-0.580,4.520,-2.800,1751
131529.00,0.8730,-0.2500,10.3500,1.230,0.660,0.730,1752
131539.00,0.8590,-0.3150,9.9680,2.350,-0.330,0.900,1752
131549.00,0.8560,-0.5890,10.2780,0.230,2.060,0.640,1752
131559.00,0.8600,-0.3340,10.1920,-2.050,1.950,-0.990,1752
131570.00,0.8130,-0.5390,10.1980,-3.780,2.130,-0.850,1752
131580.00,0.7420,-0.5680,10.0000,-5.720,2.210,-1.380,1753
131590.00,0.8140,-0.4230,10.1750,-6.880,3.950,-1.710,1753
131600.00,0.9020,-0.2350,9.9050,-6.160,3.400,-1.900,1753
131610.00,0.8790,-0.6170,10.2830,-5.990,4.860,-0.430,1753
131620.00,0.8050,-0.7840,10.0400,-6.210,3.470,-0.870,1753
131630.00,0.8960,-0.3340,10.1860,-4.900,3.720,-2.730,1754
131640.00,0.8670,-0.5370,10.2470,-3.270,2.790,-1.260,1754
131650.00,0.8180,-0.8020,9.9060,-2.660,1.130,-0.960,1754
131660.00,0.8860,-0.2520,10.1320,-2.610,2.090,-2.480,1754
131670.00,0.7960,-0.6470,10.1810,-1.910,1.640,-0.100,1754
131680.00,0.6930,-1.0730,10.2070,-2.560,1.130,-0.050,1755
131690.00,0.6860,-0.7810,10.3150,-3.380,0.830,-3.130,1755
131700.00,0.7650,-0.3940,10.3190,-1.680,-0.630,-3.990,1755
131710.00,0.8190,-0.5570,9.7370,1.670,-2.800,-2.150,1755
131720.00,0.8080,-0.6160,9.6400,1.860,-0.910,-1.610,1755
131730.00,0.8680,-0.4400,10.0860,1.320,1.710,-1.830,1756
131740.00,0.9330,-0.2620,9.9210,1.980,0.900,-1.100,1756
131750.00,0.8470,-0.5590,10.0030,2.140,1.760,0.830,1756
131760.00,0.8360,-0.6020,10.3600,2.070,2.510,0.780,1756
131770.00,0.7600,-0.8430,10.3480,1.880,1.020,0.380,1756
131780.00,0.7820,-0.7130,10.1800,0.710,-0.260,-1.120,1757
131790.00,0.8290,-0.3960,9.9290,-1.470,0.240,-2.430,1757
131800.00,0.8330,-0.4730,9.9640,-1.100,0.850,-1.640,1757
131810.00,0.8420,-0.4950,10.1100,-0.110,1.200,-1.030,1757
131820.00,0.7680,-0.6870,9.9270,0.860,0.410,-0.500,1757
131830.00,0.7840,-0.6140,9.8850,1.420,1.150,-1.030,1758
131840.00,0.8430,-0.3170,10.3320,1.900,2.420,-1.290,1758
131850.00,0.8410,-0.4790,10.3870,2.600,0.800,0.190,1758
131860.00,0.7460,-0.8800,9.9630,1.970,-1.080,0.690,1758
131870.00,0.7540,-0.6300,10.1270,0.200,0.380,-1.500,1758
131880.00,0.8200,-0.3630,10.2340,0.010,0.240,-2.040,1759
131890.00,0.7940,-0.5820,10.0300,-0.230,-0.660,-1.010,1759
131900.00,0.7260,-0.6120,9.9840,-1.540,-0.090,-1.430,1759
131910.00,0.7460,-0.4300,10.3040,-1.170,0.310,-2.060,1759
131920.00,0.7900,-0.4680,10.0900,0.670,-1.770,-1.290,1759
131930.00,0.7580,-0.7320,9.5110,1.690,-2.450,-1.060,1760
131940.00,0.9060,-0.1040,9.8620,1.390,0.880,-2.830,1760
131950.00,0.9110,-0.1180,10.3050,2.350,1.580,-0.770,1760
131960.00,0.7030,-1.0080,9.8100,1.670,-0.510,1.730,1760
131970.00,0.7650,-0.4470,9.9140,-1.100,1.760,-1.870,1760
131980.00,0.8980,-0.0530,10.5760,-0.950,3.330,-2.040,1761
131990.00,0.7620,-0.7820,9.8340,-0.210,1.220,-0.310,1761
132000.00,0.7780,-0.4710,10.4540,-1.030,3.020,-1.970,1761
132010.00,0.7560,-0.4370,10.4920,0.010,0.290,-1.190,1761
132020.00,0.6170,-1.0150,10.3880,0.860,-2.170,-0.310,1761
132030.00,0.7400,-0.7270,9.9680,2.050,-3.990,-3.200,1762
132040.00,0.8740,-0.3660,9.8360,2.600,-3.270,-4.420,1762
132050.00,0.7820,-0.9160,9.4200,1.420,-2.540,-2.530,1762
132060.00,0.8760,-0.4700,9.5600,-1.030,1.110,-4.440,1762
132070.00,0.9050,0.0110,10.7490,0.060,4.540,-4.620,1762
132080.00,0.8110,-0.8260,10.0640,3.910,-0.720,-1.430,1763
132090.00,0.8170,-0.5940,10.2140,4.010,0.110,-3.830,1763
132100.00,0.8370,-0.4840,10.3620,4.010,-0.140,-4.980,1763
132110.00,0.8090,-0.6260,9.9700,1.910,-1.280,-5.090,1763
132120.00,0.8970,-0.0250,10.1040,0.130,0.800,-5.810,1763
132130.00,0.9110,-0.3240,10.6740,0.020,1.740,-2.660,1764
132140.00,0.7700,-0.4480,10.3320,0.060,-1.140,-1.400,1764
132150.00,0.7030,-0.7360,9.7660,1.280,-2.120,-1.380,1764
132160.00,0.7460,-0.7780,9.5050,2.610,-0.490,-3.370,1764
132170.00,0.9020,-0.2040,9.9730,1.200,4.260,-5.530,1764
132180.00,0.8360,-0.1500,10.1890,2.280,5.210,-3.970,1765
132190.00,0.7440,-0.4720,10.0480,3.750,6.310,-2.690,1765
132200.00,0.8590,-0.3630,10.1180,-0.810,7.080,-2.310,1765
132210.00,1.1800,-0.4230,10.2840,-4.150,7.880,-1.130,1765
132220.00,0.1750,-1.2580,9.3930,-6.860,7.870,-1.550,1765
132230.00,0.7320,-0.0390,10.6710,-6.580,10.180,-4.840,1766
132240.00,0.9050,-0.2560,10.3040,-5.710,4.660,-1.850,1766
132250.00,0.7640,-0.1110,9.7350,-2.560,1.670,-0.780,1766
132260.00,0.6900,-0.5830,10.1320,-0.460,4.160,1.080,1766
132270.00,0.6850,-0.6620,10.2410,0.200,3.600,0.750,1766
132280.00,0.6830,-0.3690,9.9010,0.020,2.160,-0.450,1767
132290.00,0.6860,-0.4800,10.5370,0.740,4.000,0.410,1767
132300.00,0.6750,-0.8430,9.9570,0.510,0.590,0.820,1767
132310.00,0.6730,-0.2880,9.6280,-0.560,1.080,-1.130,1767
132320.00,0.6870,-0.5430,10.2320,-0.460,4.230,0.540,1767
132330.00,0.5680,-0.8820,10.1240,-0.980,2.600,1.150,1768
132340.00,0.5890,-0.4610,10.3390,-0.680,2.530,-0.780,1768
132350.00,0.5670,-0.6910,10.5930,0.090,1.620,0.120,1768
132360.00,0.5460,-0.7030,10.2780,-0.090,-0.700,-0.290,1768
132370.00,0.6000,-0.4940,10.3280,0.020,-1.070,-1.240,1768
132380.00,0.5510,-0.5710,9.9000,0.580,-2.500,-0.570,1769
132390.00,0.7090,-0.2350,10.2520,0.760,-1.080,-1.150,1769
132400.00,0.7390,-0.4940,10.1330,1.650,-0.510,0.750,1769
132410.00,0.5400,-0.9770,9.7430,0.130,-0.910,1.220,1769
132420.00,0.6140,-0.5380,9.9750,-2.170,1.500,-1.450,1769
132430.00,0.6360,-0.4640,10.3540,-2.360,2.130,-1.340,1770
132440.00,0.5740,-0.6370,10.1500,-1.370,-0.050,-0.470,1770
132450.00,0.5680,-0.7310,9.9500,-1.490,-0.440,-0.910,1770
132460.00,0.6530,-0.3970,10.2730,-1.380,0.430,-2.030,1770
132470.00,0.6730,-0.4640,10.0120,0.340,-1.190,-1.080,1770
132480.00,0.7110,-0.3520,9.9910,1.020,-0.840,-0.820,1771
132490.00,0.7640,-0.2870,10.4490,1.810,0.240,-0.260,1771
132500.00,0.7320,-0.6110,10.0770,2.230,-1.870,0.640,1771
132510.00,0.8020,-0.4430,9.8690,1.980,-1.400,-0.590,1771
132520.00,0.8240,-0.1410,9.9020,2.180,0.220,-0.890,1771
132530.00,0.9300,-0.0100,10.2930,1.460,2.060,1.010,1772
132540.00,0.5640,-0.5860,10.3920,1.560,1.390,3.970,1772
132550.00,0.5530,-0.7100,10.0510,1.620,-0.190,3.390,1772
132560.00,0.5700,-0.5950,10.2470,1.040,0.950,2.460,1772
132570.00,0.5820,-0.6400,10.2730,1.040,0.180,2.250,1772
132580.00,0.6100,-0.5880,9.8780,1.320,-1.220,1.880,1773
132591.00,0.6780,-0.5320,10.2110,1.530,-0.160,1.780,1773
132601.00,0.6520,-0.7290,10.0110,2.700,-0.590,2.040,1773
132611.00,0.6440,-0.6670,9.8580,2.930,-0.650,1.530,1773
132621.00,0.7020,-0.6050,10.1560,3.050,0.600,1.250,1773
132631.00,0.8610,-0.7600,10.1060,2.470,0.000,1.520,1774
132641.00,0.5300,-0.3640,10.1800,1.600,0.920,0.170,1774
132651.00,0.5590,-0.8810,9.3930,2.320,-0.170,1.360,1774
132661.00,0.5560,-0.9040,9.9670,0.270,3.440,0.400,1774
132671.00,0.6200,-0.5040,10.3760,-0.510,3.950,-2.360,1774
132681.00,0.6740,-0.2410,10.0780,1.230,1.510,-2.290,1775
132691.00,0.5950,-0.6140,10.0400,3.770,1.360,-0.280,1775
132701.00,0.6350,-0.5620,10.5050,4.910,2.130,-1.100,1775
132711.00,0.8420,-0.3740,10.1580,6.270,-0.790,-1.570,1775
132721.00,0.3810,-0.5890,9.4340,7.460,-1.260,-1.150,1775
132731.00,0.7290,-0.4300,9.8400,7.780,2.340,-2.170,1776
132741.00,0.8420,-0.1590,10.1920,5.850,3.120,-2.760,1776
132751.00,0.6890,-0.4540,9.9020,2.840,1.920,-1.130,1776
132761.00,0.6240,-0.4670,9.9560,1.390,3.370,-1.640,1776
132771.00,0.6540,-0.2640,10.4530,1.580,4.770,-2.600,1776
132781.00,0.5980,-0.2850,10.4940,3.230,2.460,-1.660,1777
132791.00,0.4890,-0.6810,10.1510,4.610,-0.190,-0.450,1777
132801.00,0.5560,-0.3170,10.1300,6.180,-0.350,-2.520,1777
132811.00,0.6010,-0.2260,9.9580,8.110,-1.450,-1.680,1777
132821.00,0.6350,-0.3610,10.0000,8.950,-0.980,-0.500,1777
132831.00,0.6540,-0.3690,9.9400,8.670,-1.100,-0.150,1778
132841.00,0.5880,-0.6560,9.5190,7.370,-1.360,0.010,1778
132851.00,0.6140,-0.2870,9.8990,5.290,1.970,-1.730,1778
132861.00,0.5810,-0.2730,10.5430,4.560,3.280,-1.340,1778
132871.00,0.5120,-0.5010,10.3650,3.980,0.640,-0.430,1778
132881.00,0.4790,-0.4880,10.4310,2.580,0.530,-1.590,1779
132891.00,0.5620,-0.0980,10.6560,1.880,0.270,-2.690,1779
132901.00,0.5560,-0.2360,10.5460,1.760,-1.820,-1.170,1779
132911.00,0.4850,-0.4250,10.5000,1.250,-3.080,-0.520,1779
132921.00,0.5020,-0.3740,10.5230,1.340,-4.090,-1.130,1779
132931.00,0.5240,-0.3020,10.3800,2.090,-5.690,-1.170,1780
132941.00,0.5930,-0.2960,9.9790,3.630,-7.000,-0.770,1780
132951.00,0.6470,-0.4910,9.4580,4.010,-6.300,-0.470,1780
132961.00,0.6830,-0.4180,9.6100,2.230,-2.430,-1.050,1780
132971.00,0.6900,-0.3840,9.8030,0.570,-0.240,-1.220,1780
132981.00,0.6400,-0.4590,9.9210,-0.400,0.480,-1.050,1781
132991.00,0.6320,-0.1920,10.3520,-0.300,0.990,-1.540,1781
133001.00,0.5920,-0.3580,10.2420,2.750,-3.110,0.240,1781
133011.00,0.6190,-0.4780,10.1610,2.630,-3.830,-0.010,1781
133021.00,0.6370,-0.3070,9.9570,1.390,-4.440,-1.050,1781
133031.00,0.7110,-0.3380,10.2650,1.000,-3.740,-1.030,1782
133041.00,0.7250,-0.3670,10.1250,0.920,-5.620,-0.850,1782
133051.00,0.8090,-0.1970,9.9990,1.580,-6.650,-1.190,1782
133061.00,0.8080,-0.1280,10.0460,3.420,-6.960,-0.470,1782
133071.00,0.8380,-0.1570,10.1910,5.130,-7.770,0.620,1782
133081.00,0.8300,-0.2580,9.7980,6.570,-9.800,0.940,1783
133091.00,0.9660,0.1250,9.4620,7.480,-8.840,0.150,1783
133101.00,0.8350,-0.1910,9.7780,5.640,-5.280,1.880,1783
133111.00,0.8790,-0.1010,9.7420,3.870,-4.110,1.450,1783
133121.00,0.7330,-0.2840,10.2740,1.060,-1.780,1.290,1783
133131.00,0.6720,-0.1630,10.4020,0.000,-2.750,0.240,1784
133141.00,0.6580,-0.1410,10.3070,1.830,-4.600,-0.070,1784
133151.00,0.6690,-0.1430,10.1390,3.580,-5.720,0.200,1784
133161.00,0.6770,-0.2150,10.0840,4.430,-6.020,0.710,1784
133171.00,0.7220,-0.2230,9.7910,4.430,-6.610,0.760,1784
133181.00,0.7600,-0.2290,9.7770,3.870,-5.300,0.960,1785
133191.00,0.8560,-0.2290,9.8350,3.230,-3.880,1.060,1785
133201.00,0.5530,-0.5490,9.3970,4.770,-1.640,2.020,1785
133211.00,0.7360,-0.2690,9.7600,3.790,0.800,0.970,1785
133221.00,0.7680,-0.2320,10.2240,3.230,2.230,0.730,1785
133231.00,0.7540,-0.2620,10.3280,4.780,0.460,0.780,1786
133241.00,0.7940,-0.4510,9.6870,4.610,-2.190,0.680,1786
133251.00,0.9120,-0.3660,9.5920,2.820,0.060,-0.820,1786
133261.00,0.9030,-0.2200,10.0220,0.390,3.140,-1.960,1786
133271.00,0.9770,0.1250,10.3660,0.620,2.760,-2.290,1786
133281.00,0.9870,-0.1410,10.2060,2.720,0.080,-0.070,1787
133291.00,0.9840,-0.1500,9.7010,4.170,-1.490,0.030,1787
133301.00,1.0870,0.2750,9.6990,5.690,0.550,-0.780,1787
133311.00,1.0770,0.2380,10.1800,6.810,2.510,1.410,1787
133321.00,0.9710,-0.0150,10.0190,6.450,1.480,3.490,1787
133331.00,0.8470,-0.0960,10.4440,5.890,3.040,3.620,1788
133341.00,0.8680,-0.3290,10.7860,5.500,2.180,3.700,1788
133351.00,0.7760,-0.4680,10.1090,4.310,-1.400,2.720,1788
133361.00,0.8080,-0.2930,10.3630,3.170,0.480,0.480,1788
133371.00,0.8170,-0.2100,10.8040,3.170,0.340,-0.470,1788
133381.00,0.8690,-0.1480,10.4050,3.800,-3.740,-1.270,1789
133391.00,0.8480,-0.0800,10.5960,4.540,-4.290,-2.310,1789
133401.00,0.8290,-0.0190,10.0740,4.430,-6.530,-5.020,1789
133411.00,0.8240,0.1330,10.4990,3.380,-3.670,-5.300,1789
133421.00,0.7400,0.0510,10.4080,3.370,-3.570,-4.480,1789
133431.00,0.7100,-0.1480,10.6320,2.930,-2.610,-3.640,1790
133441.00,0.6650,-0.4300,10.7720,2.440,-2.900,-4.350,1790
133451.00,0.6990,-0.1990,10.8000,2.040,-4.300,-6.300,1790
133461.00,0.6960,-0.2230,10.2840,2.300,-6.470,-5.950,1790
133471.00,0.8440,0.1130,10.0390,2.400,-5.790,-5.750,1790
133481.00,0.8440,0.0220,10.1970,2.790,-4.080,-3.430,1791
133491.00,0.8380,-0.1750,10.1300,3.520,-4.510,-1.480,1791
133501.00,0.8560,-0.1110,9.8680,5.120,-5.280,-1.150,1791
133511.00,0.8920,-0.3090,9.7300,5.750,-4.410,-0.400,1791
133521.00,0.8760,-0.4450,9.4990,4.030,-2.990,-0.920,1791
133531.00,0.9600,0.1490,9.8400,2.700,-0.030,-3.200,1792
133541.00,0.9150,0.0720,10.2470,3.700,0.550,-2.060,1792
133551.00,0.8820,-0.0580,10.2110,6.030,-1.450,-1.620,1792
133561.00,0.8560,-0.0340,10.0050,6.870,-2.800,-2.100,1792
133571.00,0.8860,0.0780,9.8940,7.850,-2.480,-2.200,1792
133581.00,0.9730,0.0170,9.7570,9.860,-1.910,-1.240,1793
133591.00,0.9650,-0.2820,9.4740,9.050,-1.080,-0.610,1793
133601.00,1.0220,0.2050,10.1870,6.870,3.750,-2.690,1793
133611.00,1.0250,0.1450,10.0700,7.640,1.300,-1.290,1793
133622.00,1.0380,0.0610,9.6260,8.070,-0.260,-0.700,1793
133632.00,1.0480,0.2670,9.6430,7.130,1.640,-1.270,1794
133642.00,1.1000,0.4190,10.1880,6.850,3.860,-0.710,1794
133652.00,1.0040,-0.0680,10.0770,5.240,2.390,1.200,1794
133662.00,0.9760,-0.0650,9.7920,1.770,2.460,-0.350,1794
133672.00,1.0810,0.2640,10.4240,-0.440,5.210,-2.290,1794
133682.00,1.2020,0.2460,10.4500,-0.050,2.900,-1.400,1795
133692.00,1.2760,0.0150,10.1070,0.720,0.240,-0.700,1795
133702.00,1.3570,0.1550,10.1430,0.850,0.360,-1.890,1795
133712.00,1.4390,0.4210,10.0370,1.760,-0.030,-2.320,1795
133722.00,1.4330,0.4300,10.0370,1.560,0.920,-1.060,1795
133732.00,1.4510,0.3570,10.3920,-0.120,2.810,-0.080,1796
133742.00,1.4730,0.2600,10.6580,-3.030,3.090,-0.170,1796
133752.00,1.5840,0.3900,10.6690,-6.300,2.160,-1.400,1796
133762.00,1.5560,0.4640,10.5700,-8.910,0.970,-1.960,1796
133772.00,1.6230,0.7740,10.0840,-10.260,-0.280,-1.470,1796
133782.00,1.7740,0.6680,9.5230,-10.960,0.780,0.960,1797
133792.00,1.7670,0.5370,9.4640,-10.900,4.380,2.500,1797
133802.00,2.0010,1.4210,8.9790,-9.220,6.270,2.670,1797
133812.00,1.9680,1.3040,8.7860,-1.720,10.440,11.180,1797
133822.00,1.8830,1.3070,9.0540,2.470,14.340,15.250,1797
133832.00,1.7580,0.8240,9.5060,7.220,16.180,18.840,1798
133842.00,1.5320,0.3520,9.7450,9.600,16.140,19.730,1798
133852.00,1.4460,-0.1350,9.5230,9.960,14.600,17.060,1798
133862.00,1.3960,-0.3430,8.9550,7.930,13.050,10.270,1798
133872.00,1.3350,0.2200,8.6020,5.830,15.300,0.680,1798
133882.00,1.4700,0.9090,8.8040,4.490,19.630,-4.880,1799
133892.00,1.4060,2.0140,8.6020,5.690,22.010,-4.110,1799
133902.00,1.2490,1.7890,8.1350,13.270,24.390,6.990,1799
133912.00,1.0570,1.2390,8.2200,21.530,29.020,17.410,1799
133922.00,0.7030,1.1000,9.5580,25.430,36.160,22.880,1799
133932.00,0.3920,1.0010,10.6440,23.120,37.910,27.430,1800
133942.00,-0.0320,0.5150,11.8850,21.810,35.740,31.020,1800
133952.00,-0.2900,0.0080,12.0670,21.600,25.870,31.270,1800
133962.00,-0.4970,-0.7710,11.6910,21.230,16.650,27.500,1800
133972.00,-0.6320,-0.8820,11.4200,27.240,12.770,17.980,1800
133982.00,-0.8490,-1.0390,12.4860,35.320,11.560,9.600,1801
133992.00,-0.7070,-1.5050,12.4240,25.290,0.200,3.460,1801
134002.00,-0.3050,-0.5630,9.4630,12.690,-14.280,-6.800,1801
134012.00,-1.1000,0.7360,7.9530,-11.340,0.460,-24.720,1801
134022.00,-0.0210,-0.5260,11.7060,-6.530,20.220,-21.190,1801
134032.00,0.0370,-0.2210,8.8800,-11.180,17.040,-27.450,1802
134042.00,-0.2580,0.1500,8.7960,-22.790,35.010,-31.930,1802
134052.00,-0.7250,0.1670,10.2490,-18.220,47.540,-34.100,1802
134062.00,-0.8870,0.0650,10.4560,-16.490,49.880,-31.950,1802
134072.00,-0.8730,0.0110,10.5110,-17.590,49.950,-28.520,1802
134082.00,-1.0340,-0.1530,11.4040,-13.200,41.610,-23.950,1803
134092.00,-1.0040,-0.1440,11.8520,-6.090,25.790,-18.740,1803
134102.00,-0.6340,0.0610,11.9400,-0.560,6.240,-14.910,1803
134112.00,-0.2230,0.3540,10.9350,10.910,-17.220,-13.450,1803
134122.00,-0.0200,0.5580,10.1450,33.270,-38.640,-12.700,1803
134132.00,-0.2120,0.4530,10.0630,53.050,-56.020,-9.970,1804
134142.00,-0.2350,0.4130,9.3930,59.650,-68.900,-8.050,1804
134152.00,-0.1420,0.4680,9.1990,68.870,-75.070,-6.400,1804
134162.00,0.0130,0.6160,9.4600,76.730,-78.750,-3.880,1804
134172.00,0.5810,1.0920,10.0800,82.240,-83.350,-1.780,1804
134182.00,0.7290,1.3590,10.1430,86.670,-89.770,0.050,1805
134192.00,0.6430,1.3790,10.1860,89.400,-105.090,1.740,1805
134202.00,1.0820,1.4580,10.9670,93.330,-103.200,1.520,1805
134212.00,0.5440,-1.7330,6.5700,57.900,-89.200,-0.660,1805
134222.00,-1.2160,-3.5230,-13.9620,-93.330,25.300,-27.240,1805
134232.00,0.1350,1.6030,12.0270,-67.760,214.140,-63.610,1806
134242.00,1.2940,6.5330,21.7870,-19.530,190.860,-55.680,1806
134252.00,0.5730,2.5410,21.0580,-14.490,79.090,-8.240,1806
134262.00,0.3010,0.7700,10.9100,-7.070,-24.080,-5.210,1806
134272.00,0.2170,1.6880,6.8720,-1.980,-27.230,-10.090,1806
134282.00,0.3290,1.2410,8.7310,-7.490,7.030,-5.720,1807
134292.00,0.4250,1.6120,10.3620,-7.670,17.700,-4.980,1807
134302.00,0.4290,1.7510,10.2930,-11.570,13.450,-0.800,1807
134312.00,0.3780,1.6070,9.7450,-11.670,10.930,3.860,1807
134322.00,0.2170,0.5710,9.4660,-12.130,13.200,6.070,1807
134332.00,0.2910,0.3910,10.0190,-18.200,17.540,-0.310,1808
134342.00,0.3610,1.0940,10.0610,-26.510,16.770,-7.490,1808
134352.00,0.4110,1.8310,9.8790,-29.190,15.440,-8.170,1808
134362.00,0.3360,2.1370,10.4350,-28.110,17.440,-2.870,1808
134372.00,0.2450,2.3030,9.7710,-10.970,14.530,4.350,1808
134382.00,-0.0310,1.1670,8.7480,9.670,15.010,12.610,1809
134392.00,-0.1420,0.0110,10.3900,12.470,25.700,14.610,1809
134402.00,-0.1790,0.2440,12.5160,-1.700,21.950,6.220,1809
134412.00,0.0890,1.7260,7.9010,-7.300,-12.620,1.290,1809
134422.00,-0.4050,1.6110,4.7900,12.610,-4.010,9.390,1809
134432.00,-0.5430,-0.3420,5.4870,26.100,26.750,18.670,1810
134442.00,0.1780,0.1100,8.8000,18.540,54.980,10.160,1810
134452.00,-0.2170,1.7690,11.4470,5.060,63.060,-3.160,1810
134462.00,-0.1060,2.0760,13.4440,8.880,52.790,-1.430,1810
134472.00,0.9930,0.7840,16.3030,-51.140,4.840,5.630,1810
134482.00,-2.5060,-0.1840,10.6600,-53.390,-61.690,3.550,1811
134492.00,-0.9610,-0.0740,10.5030,-4.850,-48.910,0.920,1811
134502.00,-0.6830,-1.4040,18.2100,-16.190,-27.650,-1.050,1811
134512.00,-0.8310,0.4000,8.1910,11.750,-82.510,-11.760,1811
134522.00,0.1900,1.3710,9.7910,-12.130,-82.510,-14.280,1811
134532.00,0.1490,0.7190,10.3590,-18.100,-72.060,-10.880,1812
134542.00,0.7420,2.1370,6.7710,-29.030,-75.880,-12.370,1812
134552.00,0.8980,0.2040,3.6500,-126.910,22.990,-4.200,1812
134562.00,0.1140,0.1310,13.2370,-89.720,87.230,-0.700,1812
134572.00,0.0950,-0.1690,11.4110,-27.790,23.670,-3.040,1812
134582.00,-0.6910,0.5030,7.8290,-32.780,11.730,-12.680,1813
134592.00,0.9110,1.0920,6.7470,-24.220,44.370,-12.820,1813
134602.00,0.4220,0.5890,8.1420,5.540,87.670,2.060,1813
134612.00,-0.3540,1.0080,11.3120,-87.820,23.040,-20.580,1813
134622.00,-0.0440,0.1920,10.1400,-52.410,3.840,-14.120,1813
134632.00,-0.1300,-0.2630,10.1240,-3.500,-1.120,-7.100,1814
134643.00,-0.0990,-0.1860,10.1200,0.160,-1.520,-9.240,1814
134653.00,-0.0350,-0.2500,10.1140,0.130,-1.430,-11.090,1814
134663.00,-0.0860,-0.5450,10.1310,-0.280,-0.960,13.380,1814
134673.00,0.0020,0.2260,10.1200,-0.510,-0.770,49.800,1814
134683.00,0.1960,0.0140,10.1200,-0.440,-0.840,36.530,1815
134693.00,0.1230,0.0950,10.1080,-0.320,-0.750,31.340,1815
134703.00,0.0530,0.1250,10.1160,-0.260,-0.610,29.940,1815
134713.00,0.0380,0.1290,10.1130,-0.320,-0.490,29.270,1815
134723.00,-0.0580,0.2240,10.1140,-0.190,-0.520,27.100,1815
134733.00,-0.1280,0.1430,10.1210,-0.090,-0.580,17.530,1816
134743.00,-0.4150,0.1540,10.1040,0.010,-0.520,11.300,1816
134753.00,-0.3150,0.0660,10.1190,0.160,-0.510,5.330,1816
134763.00,-0.1320,-0.0280,10.1240,0.160,-0.420,1.240,1816
134773.00,0.0620,0.4230,10.1070,0.160,-0.310,0.400,1816
134783.00,-0.0890,-0.0890,10.1220,0.250,-0.280,10.230,1817
134793.00,-0.0610,0.0290,10.1240,0.220,-0.240,14.610,1817
134803.00,-0.0650,0.0310,10.1130,0.150,-0.140,16.230,1817
134813.00,-0.0950,-0.0870,10.1120,0.290,0.000,19.730,1817
134823.00,-0.1200,-0.2180,10.1250,0.340,0.290,17.410,1817
134833.00,-0.0840,-0.1330,10.1240,0.290,0.450,11.670,1818
134843.00,-0.1220,-0.2350,10.1350,0.340,0.710,6.420,1818
134853.00,-0.0840,-0.0620,10.0980,0.460,1.090,1.170,1818
134863.00,-0.0710,-0.0400,10.1310,0.410,0.880,-0.120,1818
134873.00,-0.0880,-0.0310,10.1330,0.360,1.480,0.050,1818
134883.00,-0.1590,-0.0160,10.2610,0.340,2.630,0.270,1819
134893.00,-0.1190,-0.0760,10.1880,0.340,7.030,0.690,1819
134903.00,-0.0200,-0.0070,9.8570,0.040,14.920,0.050,1819
134913.00,-0.1280,-0.0400,10.1240,0.250,5.360,-0.750,1819
134923.00,-0.1390,-0.0510,10.1160,0.320,-0.420,-0.430,1819
134933.00,-0.7710,-1.1880,10.0020,0.290,1.020,-5.740,1820
134943.00,-1.1270,-0.7720,10.1800,0.230,-0.910,-8.240,1820
134953.00,-0.1220,-0.0530,10.1070,0.180,-0.790,2.430,1820
134963.00,0.4160,0.2750,10.1380,0.060,-0.470,-0.280,1820
134973.00,0.3580,0.1650,10.1250,-0.140,-0.680,-2.900,1820
134983.00,0.1810,0.0580,10.1370,-0.040,-0.070,-9.380,1821
134993.00,-0.1260,-0.0960,10.1220,0.300,0.000,-17.930,1821
135003.00,-0.5730,-0.8350,10.1130,0.410,-0.520,-16.850,1821
135013.00,-0.0400,0.2720,10.1260,-0.050,-0.170,-2.250,1821
135023.00,0.1260,0.2210,10.1330,0.300,0.010,-6.680,1821
135033.00,-0.1720,-0.0820,10.1000,0.180,0.030,-9.150,1822
135043.00,-0.1080,0.0070,10.1270,0.200,-0.260,-5.880,1822
135053.00,-0.0900,0.1240,10.1380,0.200,-0.190,-0.430,1822
135063.00,-0.1070,0.2500,10.0650,0.230,0.150,-3.810,1822
135073.00,-0.7230,-0.2380,10.0410,0.390,-1.660,-8.500,1822
135083.00,-0.2200,0.2150,10.2350,0.480,-2.920,-5.160,1823
135093.00,-0.7070,0.2120,10.0600,0.090,0.360,-2.290,1823
135103.00,-1.0570,-0.0440,10.1030,0.270,-1.080,-1.260,1823
135113.00,-0.8540,-0.0520,10.0820,0.320,-1.520,-1.540,1823
135123.00,-0.4510,-0.0220,10.1140,0.300,-1.470,-4.070,1823
135133.00,0.3860,0.1540,10.1200,0.180,-1.630,-6.280,1824
135143.00,0.8630,0.2420,10.1810,0.150,-1.660,-7.070,1824
135153.00,-0.0080,0.0720,10.0890,0.130,-1.220,-5.230,1824
135163.00,-0.6920,-0.1190,10.0960,0.220,-0.910,-2.800,1824
135173.00,-0.2650,-0.1920,10.1440,0.020,-0.910,-2.170,1824
135183.00,-0.7840,-0.2660,10.1160,0.130,-0.840,-3.440,1825
135193.00,0.2450,-0.0560,10.1520,0.340,-0.120,-4.410,1825
135203.00,0.6230,0.0840,10.1060,0.510,1.060,-4.600,1825
135213.00,1.2510,0.4090,10.1340,0.290,1.230,-0.680,1825
135223.00,-0.1140,-0.0390,10.1320,0.130,0.010,-0.380,1825
135233.00,-0.1140,-0.0320,10.1120,0.200,0.030,-0.380,1826
135243.00,-0.1170,-0.0330,10.1200,0.230,-0.050,-0.360,1826
135253.00,-0.1240,-0.0370,10.1100,0.270,-0.210,-0.380,1826
135263.00,-0.1100,-0.0440,10.1180,0.160,-0.190,-0.360,1826
135273.00,-0.1080,-0.0380,10.1150,0.200,-0.170,-0.350,1826
135283.00,-0.1160,-0.0310,10.1190,0.200,-0.070,-0.330,1827
135293.00,-0.1070,-0.0350,10.1270,0.200,-0.030,-0.360,1827
135303.00,-0.1120,-0.0390,10.1190,0.130,0.000,-0.380,1827
135313.00,-0.1170,-0.0400,10.1190,0.160,0.040,-0.360,1827
135323.00,-0.1180,-0.0290,10.1240,0.130,0.060,-0.360,1827
135333.00,-0.1140,-0.0400,10.1130,0.180,0.200,-0.420,1828
135343.00,-0.1200,-0.0370,10.1220,0.180,0.270,-0.430,1828
135353.00,-0.1260,-0.0340,10.1180,0.160,0.250,-0.380,1828
135363.00,-0.1230,-0.0370,10.1320,0.160,0.130,-0.420,1828
135373.00,-0.1160,-0.0410,10.1190,0.150,0.200,-0.350,1828
135383.00,-0.1290,-0.0380,10.1340,0.150,0.270,-0.420,1829
135393.00,-0.1610,-0.0560,10.2070,0.090,3.440,-0.590,1829
135403.00,-0.1100,-0.0340,10.0850,0.080,5.840,-0.780,1829
135413.00,-0.1500,-0.0350,10.1010,0.150,3.320,-0.590,1829
135423.00,-0.1240,-0.0250,10.0610,0.110,4.400,-0.640,1829
135433.00,-0.1620,-0.0340,10.1130,0.110,2.690,-0.610,1830
135443.00,-0.1490,-0.0290,10.1070,0.250,1.950,-0.610,1830
135453.00,-0.1790,-0.0460,10.1200,0.150,1.950,-0.610,1830
135463.00,-0.1960,-0.0700,10.1950,0.180,2.300,-0.700,1830
135473.00,-0.1740,-0.0380,10.1000,0.160,2.770,-0.920,1830
135483.00,-0.1810,-0.0860,10.0910,0.150,3.110,-1.270,1831
135493.00,-0.2080,-0.1450,10.1630,0.110,3.420,-2.170,1831
135503.00,-0.1960,-0.1790,10.0800,0.160,3.420,-3.830,1831
135513.00,-0.2030,-0.1560,10.1220,0.290,2.460,-6.170,1831
135523.00,-0.1960,-0.0490,10.1140,0.300,1.670,-7.870,1831
135533.00,-0.1840,-0.0510,10.0900,0.290,1.020,-7.820,1832
135543.00,-0.1890,-0.0250,10.1250,0.340,0.430,-8.430,1832
135553.00,-0.1990,-0.0160,10.1040,0.250,-0.210,-8.340,1832
135563.00,-0.2080,-0.0660,10.1190,0.080,-0.440,-8.340,1832
135573.00,-0.1890,-0.0200,10.1150,0.080,-0.560,-8.690,1832
135583.00,-0.2100,-0.0710,10.1320,0.080,-0.300,-8.760,1833
135593.00,-0.2040,-0.0710,10.1510,0.090,0.170,-8.990,1833
135603.00,-0.2020,0.0140,10.1020,-0.420,0.320,-9.240,1833
135613.00,-0.1970,-0.0270,10.1080,-0.350,0.310,-8.760,1833
135623.00,-0.1960,-0.0260,10.1240,-0.390,0.240,-7.220,1833
135633.00,-0.2040,-0.0130,10.1300,-0.600,0.220,-6.840,1834
135643.00,0.7940,0.5650,10.1280,-0.120,0.740,-7.240,1834
135653.00,-0.4920,-0.2090,10.1260,2.840,2.950,-15.450,1834
135664.00,-0.5200,-0.1250,10.1180,1.040,0.730,-11.210,1834
135674.00,-0.2460,-0.0680,10.1150,0.410,0.410,-9.380,1834
135684.00,-0.3430,-0.1170,10.0900,0.000,0.250,-8.540,1835
135694.00,-0.4040,-0.1200,10.1270,-0.050,0.010,-6.770,1835
135704.00,-0.2410,-0.1380,10.1260,-0.700,-0.300,-4.980,1835
135714.00,-0.2520,-0.2210,10.1030,-0.280,0.030,-5.790,1835
135724.00,-0.2280,-0.0660,10.1200,0.270,0.170,-7.070,1835
135734.00,-0.2150,-0.0890,10.1080,0.740,0.220,-8.120,1836
135744.00,-0.2320,-0.1180,10.1270,1.270,0.220,-8.550,1836
135754.00,-0.2120,0.0280,10.1270,1.840,0.390,-9.060,1836
135764.00,-0.2280,-0.0710,10.1210,1.630,0.380,-8.540,1836
135774.00,-0.2110,-0.0280,10.1150,0.780,0.220,-8.520,1836
135784.00,-0.2090,0.0620,10.1220,0.530,0.010,-8.430,1837
135794.00,-0.2330,-0.1510,10.1320,0.410,-0.020,-7.710,1837
135804.00,-0.2120,0.0330,10.1220,0.320,0.060,-8.500,1837
135814.00,-0.2160,-0.0090,10.1240,0.390,-0.050,-7.940,1837
135824.00,-0.2040,-0.0230,10.1250,0.290,-0.100,-8.170,1837
135834.00,-0.2200,-0.0230,10.1260,0.320,-0.210,-7.680,1838
135844.00,-0.2160,-0.0400,10.1270,0.200,-0.190,-7.450,1838
135854.00,-0.2140,-0.0200,10.1260,0.370,-0.100,-7.820,1838
135864.00,-0.2330,-0.2220,10.1040,0.500,-0.050,-8.060,1838
135874.00,-0.2380,-0.0960,10.1340,0.640,-0.070,-9.810,1838
135884.00,-0.2160,-0.1420,10.0910,0.690,-0.030,-11.270,1839
135894.00,-0.2450,-0.1960,10.1510,0.780,-0.310,-12.540,1839
135904.00,-0.2340,-0.0660,10.1560,0.880,0.730,-14.910,1839
135914.00,-0.2220,-0.0530,10.1210,0.950,2.130,-15.730,1839
135924.00,-0.2090,-0.0160,10.1100,0.790,2.180,-15.890,1839
135934.00,-0.2230,0.0190,10.1070,0.690,1.160,-15.940,1840
135944.00,-0.2230,0.0210,10.1180,0.690,0.530,-15.330,1840
135954.00,-0.2270,-0.0210,10.1160,0.650,0.250,-14.210,1840
135964.00,-0.2170,0.0380,10.1080,0.690,0.030,-13.660,1840
135974.00,-0.2350,-0.0310,10.1260,0.720,-0.120,-13.350,1840
135984.00,-0.2300,-0.0570,10.1200,0.710,-0.310,-13.100,1841
135994.00,-0.2340,-0.0660,10.1210,0.740,-0.070,-13.560,1841
136004.00,-0.2290,-0.0050,10.1250,0.860,0.000,-13.610,1841
136014.00,-0.2150,0.0780,10.1210,0.650,0.040,-13.100,1841
136024.00,-0.1930,0.1320,10.1330,0.580,-0.020,-11.460,1841
136034.00,3.0520,-0.3010,10.3920,0.370,0.800,-8.940,1842
136044.00,0.5760,1.2520,10.0390,-0.260,4.230,-0.990,1842
136054.00,0.9710,0.4960,10.2190,-0.250,2.460,6.960,1842
136064.00,-0.2580,0.1710,10.0630,-0.230,2.440,13.450,1842
136074.00,-0.8560,-0.6010,10.0860,-0.530,2.340,18.020,1842
136084.00,-1.2680,-1.2270,10.1060,-0.110,1.880,20.290,1843
136094.00,-0.4680,-1.1900,10.1020,-0.300,1.500,22.920,1843
136104.00,0.3800,-0.6650,10.1190,-0.460,1.740,26.450,1843
136114.00,1.3630,-0.1490,10.1910,-0.600,2.090,28.450,1843
136124.00,1.8870,0.5340,10.2140,-0.930,1.530,29.690,1843
136134.00,1.1230,0.7600,10.1120,-1.100,0.460,35.220,1844
136144.00,-3.2270,-1.0970,10.2540,-0.740,-5.250,35.120,1844
136154.00,2.3770,0.8350,10.0210,-0.120,6.010,23.580,1844
136164.00,0.8080,1.3850,10.1800,0.130,2.580,26.730,1844
136174.00,0.2300,0.7400,10.1310,-0.460,-0.100,32.860,1844
136184.00,-8.4090,-0.8170,9.6560,0.640,-14.790,25.820,1845
136194.00,-0.4880,-0.8270,10.2290,0.790,-9.780,-2.150,1845
136204.00,-0.1380,0.5090,10.0400,0.830,1.150,-11.810,1845
136214.00,-0.2270,0.2990,10.1210,0.180,-0.400,-6.440,1845
136224.00,-0.2440,-0.0290,10.1260,-0.120,0.380,-1.260,1845
136234.00,-0.2360,-0.0340,10.1130,-0.090,0.740,-1.220,1846
136244.00,-0.2540,0.4770,10.0150,0.040,1.360,-1.820,1846
136254.00,-0.3120,-0.2690,10.2130,0.710,1.580,-13.960,1846
136264.00,-0.2960,0.0460,10.1410,0.460,1.300,-15.120,1846
136274.00,-0.3500,0.2730,10.0940,0.570,1.760,-16.320,1846
136284.00,-0.3510,0.7630,10.1700,0.640,2.160,-16.320,1847
136294.00,-0.2530,0.6290,10.1520,0.510,4.420,-15.120,1847
136304.00,-0.3250,0.3600,10.1080,0.670,4.790,-16.390,1847
136314.00,-0.1790,-0.2440,10.0840,0.650,4.440,-18.180,1847
136324.00,-0.3810,-0.3700,10.0580,0.570,3.720,-16.950,1847
136334.00,-0.1180,-0.4210,10.0800,0.830,1.690,-17.370,1848
136344.00,-0.1450,-0.4640,10.1180,0.810,0.600,-16.500,1848
136354.00,-0.3870,-0.2290,10.1340,0.650,-0.210,-11.740,1848
136364.00,-0.2420,0.0080,10.0860,0.690,-0.700,-11.000,1848
136374.00,-0.1850,0.1900,10.1200,0.710,-1.730,-13.660,1848
136384.00,-0.2810,0.2830,10.1470,0.810,-1.770,-15.500,1849
136394.00,-0.5010,0.0470,10.1220,0.850,-1.350,-15.290,1849
136404.00,-0.2670,-0.0750,10.1470,0.780,-0.120,-13.650,1849
136414.00,-0.2750,-0.2520,10.0980,0.690,1.080,-12.560,1849
136424.00,-0.1590,-0.3850,10.1260,0.620,0.310,-10.990,1849
136434.00,-0.2440,-0.3060,10.1240,0.580,0.150,-8.830,1850
136444.00,-0.2390,-0.2600,10.1190,0.460,0.150,-6.700,1850
136454.00,-0.2540,-0.1490,10.1190,0.250,-0.050,-3.810,1850
136464.00,-0.3000,-0.0470,10.1240,0.300,-0.170,-2.730,1850
136475.00,-0.2600,-0.0780,10.1220,0.320,-0.050,-2.460,1850
136484.00,-0.2690,-0.0490,10.1080,0.180,0.030,-1.340,1851
136494.00,-0.4880,0.2240,10.0920,0.150,0.080,-0.730,1851
136504.00,-0.1100,-0.1850,10.1240,0.580,-0.070,-4.420,1851
136514.00,-0.4050,0.2420,10.1400,0.320,-0.580,-4.140,1851
136524.00,-0.3150,0.1840,10.1130,0.430,-0.520,-5.530,1851
136534.00,-0.3620,0.1240,10.1090,0.390,-0.490,-5.530,1852
136544.00,-0.3240,0.0610,10.1560,0.370,-0.240,-5.680,1852
136554.00,-0.3340,0.1300,10.0850,0.440,-0.230,-5.670,1852
136565.00,-0.3260,0.1020,10.1160,0.340,-0.330,-5.680,1852
136574.00,-0.3610,0.0900,10.1250,0.370,-0.350,-6.030,1852
136584.00,-0.3850,0.1720,10.1000,0.430,-0.240,-7.100,1853
136594.00,-0.2560,-0.0370,10.1310,0.480,-0.240,-8.290,1853
136604.00,-0.2750,-0.0260,10.1000,0.480,-0.490,-8.470,1853
136614.00,-0.2590,-0.0760,10.1320,0.300,-0.660,-9.220,1853
136624.00,-0.1550,-0.2050,10.2790,0.290,-0.680,-8.760,1853
136634.00,-0.2700,-0.2000,10.0770,-7.580,-1.070,-7.680,1854
136644.00,-0.2090,-0.1690,10.0110,-1.490,-0.540,-8.130,1854
136655.00,-0.1060,-0.3480,10.1490,-0.070,-0.610,-7.820,1854
136664.00,-0.1990,-0.3020,10.1440,-0.930,-0.870,-5.250,1854
136674.00,-0.1550,-0.3540,10.2120,-1.750,-1.050,-3.990,1854
136684.00,-0.2380,-0.1320,9.9680,-4.240,-1.260,-1.870,1855
136695.00,-0.2530,-0.0880,10.0110,1.550,-0.140,-0.630,1855
136705.00,-0.2650,-0.0440,10.2260,5.220,0.500,-0.310,1855
136715.00,-0.2590,-0.0610,10.0950,2.070,-0.170,-0.290,1855
136725.00,-0.2590,-0.0940,10.0020,3.820,-0.280,-0.330,1855
136735.00,-0.2790,-0.0350,10.2830,7.990,-0.100,-0.330,1856
136745.00,-0.2650,-0.0660,10.1140,0.970,-0.610,-0.980,1856
136755.00,-0.2810,-0.1190,10.1200,0.370,-0.660,-1.730,1856
136765.00,-0.2700,-0.1040,10.1210,0.340,-0.540,-2.970,1856
136775.00,-0.2770,-0.0990,10.1250,0.390,-0.440,-4.110,1856
136785.00,-0.2750,-0.0410,10.1080,0.430,-0.350,-4.690,1857
136795.00,-0.2540,-0.0070,10.1240,0.430,-0.350,-4.910,1857
136805.00,-0.2520,-0.0320,10.1080,0.390,-0.300,-4.860,1857
136815.00,-0.2540,0.0130,10.1010,0.430,-0.260,-4.700,1857
136825.00,-0.2580,0.0260,10.1200,0.440,-0.160,-4.180,1857
136835.00,-0.2450,0.0140,10.1080,0.300,0.170,-3.130,1858
136845.00,-0.2580,0.0440,10.1250,0.250,0.110,-2.450,1858
136855.00,-0.2520,0.0230,10.1130,0.180,0.080,-1.430,1858
136865.00,-0.2560,-0.0160,10.1200,0.160,-0.090,-0.770,1858
136875.00,-0.2670,-0.0280,10.1140,0.130,-0.210,-0.500,1858
136885.00,-0.2670,-0.0330,10.1080,0.080,-0.120,-0.520,1859
136895.00,-0.2730,-0.0250,10.1260,0.080,-0.090,-0.630,1859
136905.00,-0.2580,-0.0230,10.1140,0.090,-0.140,-0.640,1859
136915.00,-0.2570,-0.0350,10.1280,0.110,-0.140,-0.660,1859
136925.00,-0.2560,-0.0270,10.1250,0.110,-0.170,-0.640,1859
136935.00,-0.2710,-0.0070,10.2060,-0.700,-0.160,-0.560,1860
136945.00,-0.2570,-0.0590,10.0650,-6.250,-0.400,-0.680,1860
136955.00,-0.2660,-0.0570,10.0890,-3.050,-0.260,-0.610,1860
136965.00,-0.2530,-0.0450,10.1160,-0.540,-0.170,-0.540,1860
136975.00,-0.2600,-0.0490,10.1140,-0.050,-0.190,-0.500,1860
136985.00,-0.2650,-0.0510,10.1060,0.020,-0.160,-0.540,1861
136995.00,-0.2660,-0.0530,10.1330,0.230,-0.090,-0.520,1861
137005.00,-0.2790,-0.0460,10.1140,0.220,-0.070,-0.540,1861
137015.00,-1.5840,0.1370,9.6860,1.980,-0.160,-1.940,1861
137025.00,-0.7890,-0.0590,10.1040,10.800,0.380,-7.870,1861
137035.00,-0.5370,-0.0880,10.0890,0.440,-0.100,-6.470,1862
137045.00,-0.4230,-0.0460,10.1140,0.300,-0.260,-6.840,1862
137055.00,-0.1690,0.0290,10.1200,0.300,-0.190,-6.980,1862
137065.00,0.0150,0.0380,10.1410,0.320,-0.210,-6.170,1862
137075.00,-0.3660,0.0510,10.0980,0.370,-0.280,-5.680,1862
137085.00,-0.3120,0.0430,10.1090,0.320,-0.300,-5.910,1863
137095.00,-0.2770,-0.0010,10.1300,0.370,-0.260,-5.960,1863
137105.00,-0.1350,-0.0030,10.1210,0.370,-0.170,-5.750,1863
137115.00,-0.0940,-0.0090,10.1300,0.160,-0.190,-5.280,1863
137125.00,-0.0400,-0.0020,10.1560,-0.260,-0.240,-4.350,1863
137135.00,-0.3860,0.0390,10.1150,-1.650,-0.520,-3.950,1864
137145.00,-0.1780,-0.0030,10.0290,-2.030,-0.450,-4.130,1864
137155.00,-0.2380,-0.0550,10.1070,0.370,-0.420,-3.810,1864
137165.00,-0.3200,0.0520,10.0890,1.110,-0.210,-3.500,1864
137175.00,-0.2240,0.0400,10.1920,1.530,-0.230,-3.300,1864
137185.00,-0.3700,0.1990,10.0850,-1.820,-0.370,-2.900,1865
137195.00,-0.1200,0.1230,10.1180,-1.280,-0.370,-3.250,1865
137205.00,-0.1720,0.3720,10.1320,-0.610,-0.330,-2.730,1865
137215.00,0.0160,0.3230,10.1270,0.220,-0.310,-2.270,1865
137225.00,0.2940,0.7700,10.1130,0.390,-0.470,-0.640,1865
137235.00,0.4510,0.3600,10.1120,0.150,-1.100,11.250,1866
137245.00,0.4030,0.3170,10.1080,0.340,-1.350,16.830,1866
137255.00,-0.0270,0.1610,10.1640,0.130,-1.640,21.820,1866
137265.00,-0.0330,0.1920,10.1130,-1.380,-1.430,24.720,1866
137275.00,-0.0890,0.2730,10.1410,-0.860,-0.650,25.160,1866
137285.00,-0.2390,0.0740,10.1740,-0.670,-0.230,24.880,1867
137295.00,-0.3370,0.0400,10.1180,-2.450,-0.470,24.790,1867
137305.00,-2.6600,-0.8330,9.3410,-2.120,-1.150,22.110,1867
137315.00,-0.8860,0.0460,10.7550,-2.260,-10.130,15.380,1867
137325.00,-0.0980,-0.0260,10.0670,-1.050,-0.840,8.530,1867
137335.00,-0.1100,0.1470,10.1270,-0.700,-0.790,8.200,1868
137345.00,-0.6190,-0.1380,10.1390,-1.240,-2.190,8.550,1868
137355.00,-0.1100,-0.1190,10.0950,-0.560,-1.910,5.700,1868
137365.00,-0.2020,-0.4430,10.1310,0.080,-0.170,4.980,1868
137375.00,-0.2140,-0.1550,10.0980,-0.490,0.030,4.370,1868
137385.00,-0.2000,-0.5580,10.1310,-0.950,-0.120,4.680,1869
137395.00,-0.2590,-0.3200,10.0900,-0.540,-0.170,4.750,1869
137405.00,-0.2340,-0.2950,10.1370,0.220,0.180,2.760,1869
137415.00,-0.1620,-0.4890,10.1160,0.250,0.180,0.200,1869
137425.00,-0.2940,-0.1500,10.1250,0.040,-0.160,-0.610,1869
137435.00,-0.2790,0.0710,10.1500,0.110,-0.070,-2.780,1870
137445.00,-0.2330,0.1620,10.1410,0.000,-0.020,-3.430,1870
137455.00,-0.1830,0.2930,10.0720,0.430,0.310,-4.210,1870
137465.00,-0.3690,-0.0020,10.1340,0.340,0.480,-4.440,1870
137475.00,-0.1750,-0.1120,10.0780,0.270,0.660,-6.260,1870
137485.00,-0.2340,-0.0990,10.1240,0.510,0.430,-5.820,1871
137495.00,-0.2350,-0.1000,10.1160,1.160,0.620,-6.170,1871
137505.00,-0.2650,-0.1160,10.1440,1.200,0.570,-6.910,1871
137515.00,-0.1170,-0.1140,10.1270,1.020,0.390,-6.310,1871
137525.00,-0.3000,-0.0810,10.1240,0.340,0.250,-6.030,1871
137535.00,-0.0010,-0.0870,10.1100,0.780,0.530,-6.090,1872
137545.00,-0.4060,-0.0800,10.1400,0.570,0.240,-2.900,1872
137555.00,-0.1450,0.0430,10.0910,0.460,0.500,-2.870,1872
137565.00,-0.4470,-0.0310,10.1390,0.530,0.530,-1.520,1872
137575.00,-0.2170,0.0250,10.0880,0.580,0.320,-0.030,1872
137585.00,-0.1290,0.0150,10.0920,0.790,0.660,-0.210,1873
137595.00,-0.1950,-0.1100,10.1090,1.040,0.390,2.530,1873
137605.00,-0.3730,-0.1830,10.1460,0.970,0.360,4.120,1873
137615.00,-0.0680,-0.3700,10.1330,0.180,0.500,3.790,1873
137625.00,-0.3490,-0.2700,10.1120,0.570,0.640,4.460,1873
137635.00,-0.2670,-0.4110,10.1100,0.110,0.000,5.980,1874
137645.00,-0.1350,-0.4880,10.1470,0.370,0.100,5.820,1874
137655.00,-0.2470,-0.5280,10.1190,-0.260,0.010,6.630,1874
137665.00,-0.1450,-0.5280,10.1210,-0.350,0.060,7.150,1874
137675.00,-0.1810,-0.3900,10.1060,0.180,0.080,7.010,1874
137685.00,-0.2560,-0.3490,10.0730,0.970,0.250,4.980,1875
137695.00,-0.2380,-0.1810,10.0120,7.580,0.740,1.990,1875
137705.00,-0.2560,0.0000,10.2740,9.680,0.660,0.570,1875
137716.00,-0.2530,-0.0370,10.1160,0.580,0.180,0.170,1875
137726.00,-0.2390,-0.0400,10.1140,0.510,0.220,0.200,1875
137736.00,-0.2640,-0.5990,10.1040,0.020,0.170,5.190,1876
137746.00,-0.3300,-0.2320,10.1220,-0.390,-0.310,14.360,1876
137756.00,-0.3300,-0.1650,10.1130,-0.160,-0.170,10.210,1876
137766.00,-0.3450,-0.0700,10.1070,-0.120,-0.100,7.410,1876
137776.00,-0.2990,-0.1080,10.1150,-0.040,0.080,4.820,1876
137786.00,-0.1950,0.0700,10.1080,0.090,-0.020,3.840,1877
137796.00,-0.2110,0.0820,10.1190,0.290,-0.070,1.740,1877
137806.00,-0.2500,0.0000,10.1150,0.320,-0.030,0.030,1877
137816.00,-0.1750,0.1970,10.1200,0.390,-0.140,-0.520,1877
137826.00,-0.2520,-0.0100,10.1070,0.270,-0.160,-0.730,1877
137836.00,-0.2200,-0.0100,10.1090,0.290,-0.050,0.400,1878
137846.00,-0.1770,0.1440,10.1490,0.300,-0.030,-0.010,1878
137856.00,-0.2120,0.0350,10.1120,0.410,0.220,-1.340,1878
137866.00,-0.2440,0.0200,10.1200,0.370,0.130,-2.060,1878
137876.00,-0.2520,0.0050,10.1090,0.320,-0.050,-1.680,1878
137886.00,-0.2390,0.0140,10.1100,0.250,-0.140,-1.200,1879
137896.00,-0.2420,-0.0220,10.0890,0.130,-0.190,-0.680,1879
137906.00,-0.2520,-0.0210,10.1320,0.080,-0.210,-0.590,1879
137916.00,-0.2510,-0.0330,10.1210,0.110,-0.140,-0.610,1879
137926.00,-0.2440,-0.0200,10.1280,0.060,0.010,-0.630,1879
137936.00,-0.2520,0.0080,10.2230,-5.850,-0.400,-0.730,1880
137946.00,-0.2080,0.2230,9.9970,-7.820,-0.750,1.590,1880
137956.00,-0.2450,-0.0330,10.0920,-1.510,-0.370,4.160,1880
137966.00,-0.2360,-0.1020,10.1090,-0.510,-0.310,4.210,1880
137976.00,-0.2440,-0.0470,10.1120,-0.330,-0.350,4.180,1880
137986.00,-0.2460,-0.0290,10.1090,-0.180,-0.230,4.210,1881
137996.00,-0.2540,-0.0450,10.1200,-0.070,-0.050,4.160,1881
138006.00,-0.3090,-0.1660,10.2520,7.320,0.740,-1.680,1881
138016.00,-0.1660,0.1280,10.0360,1.140,0.080,-3.080,1881
138026.00,-0.3210,0.2940,10.0170,-2.490,-0.400,2.830,1881
138036.00,-0.1260,0.2350,10.0770,1.650,-0.160,1.200,1882
138046.00,-0.1890,-0.0200,10.1310,0.780,-0.190,-1.150,1882
138056.00,-0.0710,0.1980,10.1120,0.110,-0.120,0.290,1882
138066.00,0.0040,0.2450,10.1490,1.970,0.000,-0.660,1882
138076.00,-0.1470,0.1060,10.1140,1.910,0.030,0.640,1882
138086.00,-0.2330,0.0520,10.1750,0.570,-0.030,1.250,1883
138096.00,-0.8140,-0.2990,10.0800,-2.430,-0.260,1.740,1883
138106.00,-0.5160,0.0880,10.0420,-3.470,-0.940,2.440,1883
138116.00,-0.1630,0.0950,10.1150,-0.350,-0.030,1.100,1883
138126.00,-0.1690,0.0160,10.1150,-0.040,-0.140,3.720,1883
138136.00,-0.2300,0.0280,10.1440,0.040,-0.170,6.400,1884
138146.00,-0.2260,0.1180,10.0840,-0.330,-0.120,8.040,1884
138156.00,-0.2650,-0.0290,10.4140,-0.740,-0.160,7.640,1884
138166.00,-0.4130,0.1990,10.1500,-14.050,-2.570,7.870,1884
138176.00,-0.1330,-0.0560,10.5050,-17.760,-3.060,3.860,1884
138186.00,-0.4070,-0.3250,11.6500,-18.340,-11.090,0.680,1885
138196.00,-0.1320,-0.5560,12.1480,-15.800,-33.280,-4.530,1885
138206.00,-0.2730,0.0770,10.8380,-28.420,-54.880,-7.330,1885
138216.00,0.1890,9.6890,12.2960,-1.370,-82.210,6.610,1885
138226.00,1.0910,3.7530,8.3010,95.590,-110.950,92.310,1885
138236.00,5.6860,-5.2940,11.2120,129.960,-84.370,145.770,1886
138246.00,2.9120,-2.0330,7.5670,33.120,-59.240,101.040,1886
138256.00,0.6350,0.4700,7.3980,3.020,-41.810,68.940,1886
138266.00,-6.4950,2.8840,10.9900,13.690,-15.120,70.640,1886
138276.00,-0.6750,-2.6760,13.0930,16.510,-21.020,92.360,1886
138286.00,1.1940,-3.5610,7.2170,8.860,-48.680,62.780,1887
138296.00,0.9970,0.0290,9.1320,-5.200,-15.080,21.410,1887
138306.00,0.8740,-0.3580,8.9370,3.120,2.230,18.680,1887
138316.00,0.7100,-0.3390,9.4540,-2.590,17.090,21.360,1887
138326.00,0.8480,0.3720,9.0040,8.200,27.050,22.200,1887
138336.00,0.7020,-0.2350,8.9190,31.000,39.890,22.150,1888
138346.00,0.6790,0.4730,8.9530,43.110,54.660,16.600,1888
138356.00,0.5410,0.6140,8.8490,51.910,69.900,15.950,1888
138366.00,0.3580,0.5980,9.2080,53.290,85.970,16.180,1888
138376.00,0.1930,0.8440,8.9350,47.590,97.660,14.920,1888
138386.00,-0.0830,0.8610,9.5290,40.940,110.870,15.060,1889
138396.00,-0.9470,-0.8970,12.9450,-12.410,102.980,13.520,1889
138406.00,-0.3400,0.8300,10.2360,-136.870,28.900,10.630,1889
138416.00,-0.6550,0.3320,9.9960,-50.800,5.980,3.420,1889
138426.00,-0.2260,0.4450,10.0910,-61.090,8.440,1.390,1889
138436.00,0.3340,0.5010,10.1730,-51.960,5.750,0.220,1890
138446.00,-0.2100,0.1950,10.1330,-0.160,-0.310,-1.800,1890
138456.00,-0.2200,0.1650,10.1200,3.820,-0.420,-2.380,1890
138466.00,-0.7710,-0.0050,9.9600,5.360,-0.720,-2.740,1890
138476.00,-1.7790,-0.2540,10.0570,-16.800,0.620,0.360,1890
138486.00,-1.0920,0.0100,10.1200,-29.820,3.210,-3.440,1891
138496.00,0.2520,0.2380,10.1730,-25.360,2.740,-6.840,1891
138506.00,0.4330,0.2300,10.1670,-15.490,1.620,-6.980,1891
138516.00,0.1500,0.2150,10.1280,-7.370,0.810,-5.720,1891
138526.00,-0.3900,0.1180,10.1070,-5.020,0.880,-4.690,1891
138536.00,0.0500,0.2820,10.1190,-6.830,1.370,-4.930,1892
138546.00,-0.6930,0.1720,10.0840,-7.580,1.290,-4.270,1892
138556.00,-0.6680,0.0550,10.0880,-12.160,1.930,-4.650,1892
138566.00,-0.1730,0.0390,10.1210,-12.370,1.480,-5.490,1892
138576.00,0.0220,-0.0290,10.0960,-10.150,0.570,-5.670,1892
138586.00,-0.4390,-0.1750,10.0720,-6.340,-0.750,-6.070,1893
138596.00,-1.6830,-0.3370,9.8830,-7.280,-2.500,-6.860,1893
138606.00,2.5840,0.2410,10.4920,-6.630,-6.700,-11.420,1893
138616.00,0.1980,0.3550,10.1010,16.880,-2.470,-7.010,1893
138626.00,0.1570,0.2880,10.1770,6.460,-1.770,-1.870,1893
138636.00,-0.1860,0.1790,10.1240,8.740,-2.030,-0.850,1894
138646.00,-0.2060,0.0610,10.0950,-0.560,-0.160,-0.280,1894
138656.00,-0.2100,0.0230,10.1210,-6.560,0.690,-0.520,1894
138666.00,-0.2200,0.0390,10.1080,-8.910,0.670,-0.700,1894
138676.00,-0.2170,0.0230,10.1040,-11.940,1.370,-0.770,1894
138686.00,-0.2350,-0.0860,10.1370,-15.020,2.070,-0.980,1895
138696.00,-0.2160,0.2360,10.1460,-1.960,0.360,-0.890,1895
138706.00,-0.2200,0.2810,10.0760,-0.460,0.430,2.530,1895
138716.00,-0.4090,0.0690,10.1350,0.300,-0.020,-2.220,1895
138726.00,-0.2700,0.1190,10.1030,0.480,0.620,-7.220,1895
138736.00,-0.1500,-0.1360,10.1190,0.430,0.500,-7.560,1896
138747.00,-0.1320,-0.3120,10.1140,0.430,0.290,-6.630,1896
138757.00,-0.2110,-0.0250,10.1100,0.300,-0.090,-6.310,1896
138767.00,-0.2690,0.0840,10.1270,0.320,-0.190,-5.180,1896
138777.00,-0.3290,-0.1280,10.1130,0.230,-0.160,-4.740,1896
138787.00,-0.3000,-0.2040,10.1090,0.250,-0.300,-5.090,1897
138797.00,-0.1570,-0.1870,10.1260,0.410,-0.490,-6.590,1897
138807.00,-0.1470,-0.0750,10.1240,0.440,-0.540,-8.410,1897
138817.00,-0.2900,0.0620,10.1140,0.460,-0.140,-11.090,1897
138827.00,-0.1440,0.0370,10.1020,0.580,-0.020,-15.130,1897
138837.00,-0.0560,-0.0810,10.1300,0.670,-0.310,-16.590,1898
138847.00,-0.2530,0.0490,10.1020,0.570,-0.240,-13.210,1898
138857.00,-0.2400,-0.0880,10.1300,0.480,-0.300,-10.230,1898
138867.00,-0.2460,-0.0550,10.1130,0.460,-0.210,-7.170,1898
138877.00,-0.2420,-0.0450,10.1130,0.360,-0.230,-5.740,1898
138887.00,-0.2240,-0.0810,10.1060,0.360,-0.210,-5.210,1899
138897.00,-0.2160,-0.0950,10.1140,0.390,-0.070,-6.020,1899
138907.00,-0.2260,0.0080,10.1140,0.440,-0.050,-6.140,1899
138917.00,-0.2230,-0.0030,10.1080,0.430,-0.100,-6.380,1899
138927.00,-0.2080,-0.0820,10.1190,0.430,-0.070,-6.660,1899
138937.00,-0.2140,-0.0100,10.1190,0.460,-0.100,-6.070,1900
138947.00,-0.2340,0.0040,10.1190,0.390,-0.050,-5.820,1900
138957.00,-0.2210,0.0140,10.1180,0.390,-0.020,-4.910,1900
138967.00,-0.2280,-0.0150,10.0980,0.410,-0.020,-4.560,1900
138977.00,-0.2320,-0.0580,10.1180,0.430,-0.020,-4.250,1900
138987.00,-0.2220,-0.0390,10.1090,0.430,-0.020,-4.350,1901
138997.00,-0.2110,0.0080,10.1120,0.390,-0.100,-4.060,1901
139007.00,-0.2290,-0.0160,10.1130,0.360,-0.120,-4.490,1901
139017.00,-0.2030,-0.1080,10.1130,0.410,-0.100,-4.670,1901
139027.00,-0.2260,-0.2120,10.1180,0.370,-0.190,-4.130,1901
139037.00,-0.2200,-0.1830,10.1080,0.370,-0.230,-3.830,1902
139047.00,-0.2240,-0.0460,10.0960,0.320,-0.170,-0.840,1902
139057.00,-0.2220,-0.0350,10.1090,0.320,-0.140,-0.500,1902
139067.00,-0.2230,-0.0350,10.1100,0.340,-0.120,-0.360,1902
139077.00,-0.2170,-0.0460,10.1090,0.370,-0.120,-0.330,1902
139087.00,-0.2230,-0.0340,10.1010,0.390,-0.120,-0.310,1903
139097.00,-0.2210,-0.0430,10.1020,0.390,-0.140,-0.280,1903
139107.00,-0.2260,-0.0330,10.1140,0.320,-0.140,-0.310,1903
139117.00,-0.2140,-0.0830,10.0980,0.250,-0.190,-0.520,1903
139127.00,-0.2500,-0.2460,10.1190,0.160,-0.520,-3.290,1903
139137.00,-0.2020,-0.0760,10.1210,0.200,-0.210,-5.390,1904
139147.00,0.0530,0.3440,10.1060,0.930,1.440,-13.890,1904
139157.00,-0.1250,0.1260,10.1350,1.110,0.870,-22.970,1904
139167.00,-0.2020,0.1130,10.1180,1.090,0.430,-25.770,1904
139177.00,-0.3290,0.1010,10.1100,1.160,0.360,-29.470,1904
139187.00,-0.2790,0.0870,10.1080,1.340,0.040,-33.000,1905
139197.00,-0.2030,0.0530,10.1220,1.460,-0.090,-37.080,1905
139207.00,-0.2080,-0.0160,10.1160,1.480,-0.070,-41.140,1905
139217.00,-0.1120,-0.0580,10.1250,1.530,0.060,-44.450,1905
139227.00,-0.1850,-0.1740,10.1030,1.560,0.180,-44.990,1905
139237.00,-0.3640,0.0780,10.1220,1.460,0.150,-40.040,1906
139247.00,-1.0100,0.0440,10.0710,1.580,-1.430,-43.730,1906
139257.00,-0.2380,-0.0890,10.0920,1.560,-0.930,-46.270,1906
139267.00,0.1590,-0.0090,10.1140,1.600,-0.490,-47.910,1906
139277.00,-0.5350,0.1300,10.1160,1.670,-0.750,-50.030,1906
139287.00,-0.1290,0.0190,10.0890,1.740,-0.770,-53.740,1907
139297.00,-0.4220,-0.1010,10.0910,1.830,-1.140,-54.580,1907
139307.00,0.1310,-0.0700,10.0980,1.740,-1.120,-52.790,1907
139317.00,-0.3360,-0.2040,10.1510,1.670,-1.590,-50.270,1907
139327.00,0.0610,-0.1930,10.1140,1.440,-1.540,-40.680,1907
139337.00,-0.0800,-0.4450,10.0780,1.070,-2.430,-28.000,1908
139347.00,-0.1860,-0.1220,10.1350,0.650,-4.080,-11.230,1908
139357.00,-0.1860,-0.1020,10.1370,0.410,-2.080,-4.300,1908
139367.00,-0.2040,-0.0280,10.1470,0.340,-0.160,-0.470,1908
139377.00,-0.2020,-0.0260,10.0920,0.370,-0.090,-0.210,1908
139387.00,-0.1900,-0.0290,10.1330,0.370,-0.140,-0.190,1909
139397.00,-0.2090,-0.0310,10.1060,0.430,-0.070,0.000,1909
139407.00,-0.2080,-0.0210,10.1160,0.360,-0.020,-0.120,1909
139417.00,-0.2040,-0.0310,10.1150,0.340,-0.050,-0.190,1909
139427.00,-0.1910,-0.0170,10.1150,0.300,-0.160,-0.170,1909
139437.00,-0.2090,-0.0250,10.1130,0.250,-0.170,-0.350,1910
139447.00,-0.2020,-0.0140,10.1180,0.160,-0.230,-0.540,1910
139457.00,-0.1830,0.1750,10.1180,0.130,0.710,-0.050,1910
139467.00,-0.1920,0.0320,10.1140,0.090,1.200,2.250,1910
139477.00,-0.2060,-0.0270,10.1160,0.010,0.520,3.320,1910
139487.00,-0.1850,0.1370,10.1010,-0.020,0.530,3.160,1911
139497.00,-0.2170,-0.0560,10.1100,-0.020,0.450,3.860,1911
139507.00,-0.2080,-0.0190,10.1200,0.000,0.270,4.050,1911
139517.00,-0.1970,0.0090,10.1060,0.010,0.200,4.300,1911
139527.00,-0.2140,-0.1470,10.1270,0.010,0.110,4.400,1911
