ts_ms,ax,ay,az,gx,gy,gz,seq
2883.00,0.2340,-0.6970,9.6440,2.810,-0.210,-0.700,0
2893.00,0.1910,-0.4840,9.7680,2.950,2.810,-3.370,0
2903.00,0.2170,-0.1780,10.1180,3.760,4.300,-4.420,0
2913.00,0.1330,-0.0320,10.2300,4.930,3.370,-3.430,0
2923.00,0.0740,0.1360,10.5630,4.280,3.410,-2.040,0
2934.00,0.0760,0.1310,10.7720,3.600,1.380,0.030,1
2943.00,0.1050,-0.0830,10.5770,2.950,-1.710,2.010,1
2953.00,0.2080,-0.3990,9.8890,0.420,-3.230,2.920,1
2963.00,0.2560,-0.3120,9.9080,-0.610,-1.260,1.990,1
2973.00,0.2620,-0.2150,9.8820,-1.190,-0.030,1.620,1
2983.00,0.2700,-0.1200,10.0230,-1.080,0.890,1.890,2
2993.00,0.2560,-0.1260,10.0920,-0.280,-0.150,2.590,2
3003.00,0.1920,-0.3030,10.0520,0.840,-0.120,3.220,2
3013.00,0.1430,-0.2990,10.1140,1.260,0.710,2.740,2
3023.00,0.1360,-0.3720,10.3210,1.360,1.200,2.760,2
3033.00,0.1190,-0.2720,10.3930,1.030,0.380,2.150,3
3044.00,0.0400,-0.2450,10.2130,0.030,-1.430,2.130,3
3054.00,0.0090,-0.3090,10.1430,-1.130,-1.800,2.530,3
3064.00,0.0040,-0.4040,10.3140,-1.570,-1.270,2.900,3
3074.00,-0.0090,-0.4480,10.1860,-1.760,-2.320,2.880,3
3084.00,0.0040,-0.4590,10.0630,-1.040,-2.220,2.740,4
3094.00,0.0010,-0.5300,10.0650,-0.170,-0.960,2.640,4
3104.00,0.0230,-0.4310,9.9440,0.080,-0.540,1.570,4
3114.00,0.0470,-0.3920,10.0910,0.710,0.610,1.200,4
3124.00,0.0700,-0.2930,10.2440,0.400,1.130,1.010,4
3134.00,0.1100,-0.1470,10.2560,-0.380,0.360,1.360,5
3144.00,0.1660,-0.0380,10.3450,-0.540,-0.850,2.570,5
3154.00,0.0860,-0.3980,9.9320,0.240,-4.720,5.400,5
3164.00,0.0090,-0.4460,9.9840,4.900,-2.800,4.960,5
3174.00,-0.0450,-0.6260,10.1580,5.140,-1.220,4.480,5
3184.00,-0.0660,-0.5510,10.2590,4.060,-0.890,2.800,6
3194.00,-0.0660,-0.4480,10.3720,2.060,-0.330,1.680,6
3204.00,-0.0330,-0.3460,10.3760,2.240,-1.660,1.200,6
3214.00,-0.0040,-0.3300,10.0830,2.430,-2.800,1.240,6
3224.00,0.0610,-0.4220,9.9670,3.290,-2.380,1.100,6
3234.00,0.0580,-0.3690,9.7910,3.880,-0.870,0.190,7
3244.00,0.0900,-0.2630,10.0890,4.600,1.060,-0.080,7
3254.00,0.1110,-0.1970,10.0830,5.120,2.130,0.190,7
3264.00,0.1290,-0.0920,10.2770,5.440,2.740,0.400,7
3274.00,0.1020,-0.1600,10.4630,5.370,1.190,1.100,7
3284.00,0.0560,-0.1550,10.5810,4.950,-1.290,1.590,8
3294.00,0.0380,-0.1020,10.3220,3.250,-4.600,1.690,8
3304.00,0.0340,-0.1790,10.1450,1.400,-4.440,2.060,8
3314.00,0.0340,-0.0990,10.1680,1.450,-4.040,1.680,8
3324.00,0.0160,-0.2220,9.7870,1.610,-4.950,2.030,8
3334.00,0.0210,-0.3520,9.9210,1.120,-1.830,1.780,9
3344.00,0.0210,-0.2210,9.9990,0.560,0.000,0.590,9
3354.00,0.0590,0.1240,10.3760,0.920,-2.380,1.540,9
3364.00,0.0630,-0.0950,10.2470,-1.310,-3.900,3.740,9
3374.00,0.0900,-0.3550,9.9990,-1.190,-4.550,4.390,9
3384.00,0.0940,-0.2820,9.8840,-1.330,-3.220,3.430,10
3394.00,0.1510,-0.0810,10.1010,-1.750,-2.060,3.320,10
3404.00,0.0800,-0.3340,9.9920,0.260,-2.410,4.980,10
3414.00,0.0390,-0.5850,10.2160,1.660,-1.660,4.390,10
3424.00,-0.0520,-0.4650,9.9310,1.240,-1.900,2.080,10
3434.00,-0.0440,-0.4300,10.4490,1.330,0.770,0.990,11
3444.00,-0.0560,-0.2880,10.2680,0.680,-0.800,0.000,11
3454.00,-0.0090,-0.0710,10.2800,-0.470,-0.850,-0.050,11
3464.00,0.0200,-0.1140,10.3090,0.150,-1.290,1.360,11
3474.00,0.0190,-0.3430,10.4980,0.680,-1.970,2.480,11
3484.00,0.1300,-0.3480,10.4810,-0.500,-3.900,2.430,12
3494.00,0.3290,-0.3620,10.4920,-1.010,-5.910,2.390,12
3504.00,0.4550,-0.2910,10.0470,-1.570,-8.760,1.520,12
3514.00,0.5500,-0.1080,9.5620,-2.480,-9.030,0.240,12
3524.00,0.5270,-0.0430,9.7530,-2.030,-5.840,-0.260,12
3534.00,0.3870,0.0100,10.1280,-3.110,-3.740,-0.660,13
3544.00,0.1500,0.1890,10.2990,-5.260,-4.390,-0.470,13
3554.00,-0.1020,-0.8410,10.9610,-5.230,-4.950,1.960,13
3564.00,-0.4370,-1.0080,10.8980,-3.320,-7.500,1.150,13
3574.00,-0.1290,-0.0100,10.7280,-10.860,-8.620,-2.970,13
3584.00,-0.3000,-0.0210,10.3620,-9.970,-11.490,-0.920,14
3594.00,-0.2060,0.0270,9.0540,-7.450,-15.030,0.910,14
3604.00,-0.0830,0.2570,8.7720,-6.450,-8.390,1.590,14
3614.00,0.0460,0.7360,9.7830,-9.480,-0.280,3.250,14
3624.00,0.1930,0.5080,10.0300,-14.840,-1.360,8.850,14
3635.00,0.3880,0.1060,10.0980,-12.960,-3.010,13.210,15
3644.00,0.4880,-0.3460,10.3650,-12.050,-3.300,15.890,15
3654.00,0.6060,-1.0020,10.2590,-12.260,-5.040,17.200,15
3664.00,0.6840,-1.8660,10.4600,-7.500,-5.580,15.960,15
3674.00,0.6060,-2.4230,10.5170,-3.110,-7.030,10.920,15
3684.00,0.4920,-2.3770,10.3600,-2.480,-8.940,3.300,16
3694.00,0.3930,-1.6600,9.8950,-3.200,-10.360,-3.970,16
3704.00,0.2820,-0.9000,9.6880,-2.550,-8.600,-7.570,16
3714.00,0.2290,-0.3970,9.6250,0.470,-6.440,-8.430,16
3724.00,0.2150,-0.1170,9.3940,1.760,-4.060,-7.920,16
3734.00,-0.0570,0.1670,9.4800,0.100,0.450,-6.490,17
3744.00,-0.0620,0.3540,10.2460,0.640,2.850,-4.130,17
3754.00,0.0510,1.0030,11.1260,-4.840,-0.990,-0.990,17
3764.00,0.1410,1.3740,11.6740,-19.090,-9.430,14.280,17
3774.00,-0.1310,0.0340,11.4640,-22.060,-24.580,23.180,17
3784.00,-0.3990,-1.6780,10.1010,-11.230,-35.210,24.010,18
3794.00,-0.2870,-0.5990,10.6060,-18.860,-29.170,14.730,18
3804.00,-0.0380,0.0590,11.6470,-31.790,-32.200,11.270,18
3814.00,0.0460,0.3630,11.9620,-32.970,-52.600,5.180,18
3824.00,-0.1490,0.1070,10.6330,-34.260,-76.300,1.220,18
3834.00,0.1590,-0.7520,8.5110,-20.070,-81.720,-1.620,19
3844.00,1.0940,0.1370,8.4830,19.350,-70.750,-11.210,19
3854.00,1.6290,-0.2720,9.9080,24.130,-53.560,-1.010,19
3864.00,1.7590,-1.3610,11.6350,15.450,-50.690,5.560,19
3874.00,2.2010,-1.4150,10.5610,5.110,-67.630,3.950,19
3884.00,2.0800,-2.0650,9.6760,-11.720,-66.600,7.780,20
3894.00,2.2670,-3.0310,9.8680,-10.130,-57.550,8.050,20
3904.00,2.1230,-2.0680,9.7560,-15.640,-50.050,-0.450,20
3914.00,1.9930,-1.3320,8.7520,-19.980,-47.740,-2.970,20
3924.00,1.7100,-1.2430,8.1210,-21.450,-37.870,-0.240,20
3934.00,1.5340,-1.4530,7.7700,-20.890,-23.060,2.080,21
3944.00,1.1740,-1.4820,8.3130,-19.330,-5.070,1.680,21
3954.00,1.0870,-1.3470,9.8770,-14.100,7.360,-0.260,21
3964.00,0.9220,-0.8800,10.1710,0.010,13.720,-2.530,21
3974.00,1.0210,-1.2320,11.0600,4.550,15.330,0.070,21
3985.00,1.0080,-1.5130,11.3530,5.840,10.920,0.770,22
3995.00,0.9970,-1.4590,11.0680,4.830,4.560,0.570,22
4004.00,0.9630,-1.4560,10.7470,0.920,1.520,1.480,22
4014.00,0.8310,-1.5400,10.1950,0.700,-0.330,2.170,22
4024.00,0.6560,-1.2880,9.8400,-2.800,0.380,1.640,22
4034.00,0.7440,-1.3630,9.3420,-4.280,0.800,2.600,23
4044.00,0.8850,-1.5680,9.0790,-0.210,5.750,3.230,23
4054.00,1.0480,-1.3980,9.0220,4.210,13.210,1.430,23
4065.00,1.1590,-1.3800,8.9990,10.010,19.630,0.150,23
4075.00,1.2740,-1.4820,9.1090,16.500,26.050,-0.940,23
4084.00,1.4080,-1.1910,9.6250,20.610,32.680,-2.870,24
4095.00,1.3740,-0.7340,10.4530,19.440,34.940,-3.230,24
4105.00,1.3830,-0.1350,11.3010,12.530,29.480,-2.670,24
4115.00,1.2700,0.2790,11.2850,7.360,14.730,-1.960,24
4125.00,1.0970,-0.3490,10.6640,12.810,1.240,1.220,24
4135.00,1.1680,-0.5410,10.2400,12.930,-1.990,1.040,25
4145.00,1.1500,-0.4160,10.3620,8.850,-1.520,0.780,25
4155.00,1.0870,-0.5470,10.3680,5.720,-1.520,1.940,25
4165.00,1.2270,-0.6930,10.0490,1.970,-1.310,1.870,25
4175.00,1.2310,-0.7510,9.8930,1.730,-0.120,1.850,25
4185.00,1.2310,-0.4940,10.0090,1.660,0.630,1.380,26
4195.00,1.1340,-0.7640,9.9660,3.830,-0.350,2.760,26
4205.00,1.1010,-1.0860,9.9880,5.600,-0.100,2.940,26
4215.00,1.1290,-0.4390,9.9660,3.780,-0.660,0.290,26
4225.00,1.1440,-0.6220,10.3090,2.670,-0.700,2.530,26
4235.00,1.0550,-0.8910,10.0360,3.860,-3.060,4.020,27
4245.00,1.0310,-1.2210,10.0570,4.110,-2.570,4.040,27
4255.00,1.0550,-1.0070,10.1450,1.900,-0.910,2.150,27
4265.00,1.0280,-1.0000,10.1490,0.310,-0.920,1.920,27
4275.00,1.0810,-1.0810,9.8660,0.210,-1.330,1.480,27
4285.00,1.1420,-0.9810,9.7770,2.800,0.570,-0.290,28
4295.00,1.1480,-0.7450,9.7720,5.670,3.570,-1.750,28
4305.00,1.2070,-0.5640,9.7770,6.650,5.510,-1.570,28
4315.00,1.2450,-0.7420,9.9300,7.770,7.240,0.210,28
4325.00,1.2920,-0.8430,10.1750,8.060,7.680,0.910,28
4335.00,1.2200,-0.8960,10.2710,6.930,5.680,0.560,29
4345.00,1.1540,-0.8840,10.0590,6.260,2.430,-0.430,29
4355.00,1.1620,-0.7150,9.8510,6.470,0.800,-1.760,29
4365.00,1.0740,-0.5160,10.0520,5.510,3.300,-0.800,29
4375.00,0.9880,-0.7290,10.1140,5.950,1.760,0.560,29
4385.00,0.9370,-0.7620,9.9580,5.630,1.010,0.280,30
4395.00,0.9180,-0.8290,10.2000,6.400,3.150,-0.210,30
4405.00,0.9670,-0.4130,10.3920,5.350,3.480,-1.430,30
4415.00,0.9480,-0.2590,10.3500,3.810,0.590,-0.330,30
4425.00,0.9170,-0.6080,10.1730,5.880,-1.830,1.850,30
4435.00,0.8230,-0.7650,10.3540,6.280,-2.130,1.750,31
4445.00,0.7940,-0.6170,10.5230,4.790,-3.340,0.840,31
4455.00,0.7740,-0.6080,10.2620,5.180,-5.420,0.980,31
4465.00,0.7880,-0.6190,9.9860,4.580,-5.420,0.850,31
4475.00,0.8480,-0.4950,9.7190,3.480,-4.160,0.190,31
4485.00,0.9340,-0.5340,9.6830,3.130,-1.400,0.190,32
4495.00,1.0180,-0.6080,9.8380,3.510,1.690,0.330,32
4505.00,1.0990,-0.6040,10.2650,2.090,4.340,0.840,32
4515.00,1.1030,-0.8510,10.5830,0.980,3.230,1.940,32
4525.00,1.0830,-0.7580,10.3080,-0.080,-0.380,0.890,32
4535.00,1.0400,-0.6340,9.9910,-2.550,-1.060,0.350,33
4545.00,0.9590,-0.7100,9.8930,-2.340,0.910,0.840,33
4555.00,0.9470,-0.4280,10.0390,-2.660,2.880,-0.140,33
4565.00,0.8540,-0.2320,9.7590,-3.160,2.240,1.400,33
4575.00,0.8320,-0.3540,9.7080,-2.500,2.760,2.950,33
4585.00,0.8490,-0.5470,10.1390,-2.690,6.240,4.700,34
4595.00,0.8730,-0.7760,10.5590,-3.150,6.140,5.090,34
4605.00,0.8500,-0.4360,10.3330,-2.530,0.940,2.380,34
4615.00,0.8050,-0.5970,9.9670,-0.050,-1.500,3.220,34
4625.00,0.9050,-1.0020,10.0960,2.970,-0.210,4.620,34
4635.00,0.9610,-1.2130,10.1530,3.570,-0.380,3.790,35
4645.00,0.9200,-1.1130,9.8390,1.850,-1.920,1.710,35
4655.00,0.8780,-0.8720,9.4810,3.020,-1.220,-0.120,35
4665.00,0.8540,-0.7400,9.7490,8.850,3.150,-1.270,35
4675.00,0.7860,-0.6970,9.9230,13.490,4.650,-2.110,35
4685.00,0.6970,-0.7810,9.7570,15.060,4.860,-2.060,36
4695.00,0.6720,-0.9670,10.0900,15.690,7.630,-1.960,36
4705.00,0.5700,-0.9420,10.3650,15.520,8.430,-3.390,36
4715.00,0.5150,-0.8420,10.5880,15.680,7.520,-4.840,36
4725.00,0.4730,-0.7510,10.7120,15.640,5.810,-5.490,36
4735.00,0.3580,-0.4650,10.6490,14.870,3.220,-6.240,37
4745.00,0.5640,-0.3300,9.8910,13.980,-0.750,-6.090,37
4755.00,0.4910,-0.6010,9.9690,15.470,1.940,-4.390,37
4765.00,0.6440,-0.7350,10.3410,15.410,4.840,-4.860,37
4775.00,0.8090,-0.6890,10.3710,17.880,4.460,-5.910,37
4785.00,0.7780,-0.5630,10.5230,17.410,4.420,-6.560,38
4795.00,1.0380,0.4630,11.5100,17.810,1.970,-7.800,38
4805.00,1.9510,4.4180,12.4350,1.040,-9.870,-5.880,38
4815.00,3.8890,6.0820,16.4620,11.020,-30.730,16.220,38
4825.00,0.3610,5.6260,18.8680,54.610,-78.730,33.210,38
4835.00,-1.6980,4.1200,15.6160,114.780,-173.470,39.750,39
4845.00,-0.1550,1.9390,13.7160,84.870,-232.890,58.150,39
4855.00,3.1260,5.0200,10.7000,-19.250,-240.240,83.540,39
4866.00,1.7220,2.0350,6.9180,-31.580,-226.480,149.320,39
4875.00,4.3070,-0.6130,7.1270,-21.310,-175.170,174.580,39
4885.00,-2.2690,-3.9560,9.1580,-22.060,-126.560,175.120,40
4895.00,0.4460,-8.1780,7.9010,-38.440,-138.560,143.740,40
4905.00,2.8110,-4.0430,5.4730,-59.530,-147.010,67.950,40
4915.00,3.5420,-1.1960,3.4310,-82.670,-130.580,39.370,40
4925.00,3.7690,-1.0100,4.0770,-74.810,-94.130,53.420,40
4935.00,1.6880,-4.2930,6.8850,-66.600,-57.260,68.840,41
4945.00,2.2240,-4.1940,6.7870,-56.030,-46.930,43.400,41
4955.00,2.7260,-4.4940,6.7900,-31.340,-29.380,16.270,41
4965.00,3.7730,-2.8740,10.0590,0.290,0.800,-11.880,41
4975.00,3.5950,-2.5560,7.6310,36.170,7.610,-22.480,41
4985.00,3.5000,-2.5330,8.7050,48.370,30.850,-22.570,42
4995.00,3.5220,-2.0550,9.7140,45.810,42.520,-25.860,42
5005.00,3.4130,-1.5490,9.5500,39.130,40.510,-27.170,42
5015.00,3.3900,-1.2130,9.6640,31.320,40.820,-24.930,42
5025.00,3.2260,-0.9340,10.1330,17.460,42.220,-21.890,42
5036.00,3.4340,-0.2870,10.1210,6.400,40.350,-20.650,43
5045.00,3.0770,-0.6860,10.4670,3.440,39.770,-16.220,43
5055.00,3.0990,-0.1370,10.1520,4.550,33.860,-25.340,43
5065.00,3.0310,1.2590,10.5780,7.470,26.330,-34.930,43
5075.00,3.2620,1.7400,9.0850,4.180,8.470,-28.010,43
5085.00,3.3700,1.0830,8.3090,-0.010,4.250,-13.490,44
5095.00,3.5790,0.1330,7.6530,5.700,7.870,-5.300,44
5106.00,3.6430,0.5520,8.3180,20.800,19.560,-9.390,44
5115.00,3.0710,0.9350,9.5620,29.430,27.170,-9.930,44
5126.00,3.2210,1.1760,11.1430,23.730,24.900,-8.380,44
5136.00,3.0770,0.6350,11.2490,19.910,12.020,-2.450,45
5146.00,2.9910,0.2840,10.9230,14.360,5.490,1.830,45
5156.00,2.9040,-0.1190,11.6790,3.340,8.640,6.170,45
5166.00,2.7900,-0.4410,10.9130,-5.860,5.280,9.900,45
5176.00,2.6060,-1.0280,10.2320,-15.960,11.270,15.710,45
5186.00,2.4690,-1.1650,9.6250,-15.990,18.580,16.600,46
5196.00,2.3220,-0.8300,9.2150,-18.830,25.900,14.070,46
5206.00,2.4370,-0.3450,9.4570,-26.110,33.770,10.970,46
5216.00,2.7240,-0.1930,9.4030,-36.690,34.840,12.250,46
5226.00,2.7110,-0.8660,8.9670,-39.210,33.910,21.630,46
5236.00,2.3160,-1.0490,8.5540,-34.610,38.920,33.720,47
5246.00,2.6880,-0.8670,7.4140,-40.670,57.010,53.550,47
5256.00,2.1140,-1.7990,8.7540,-52.990,95.810,78.690,47
5266.00,3.5300,-2.9220,10.1510,-62.910,120.080,91.490,47
5276.00,-2.5430,-7.3220,12.2710,-29.760,104.870,56.920,47
5286.00,4.8160,-1.4380,9.6220,-54.720,86.170,-2.880,48
5296.00,-2.3250,-0.0260,7.9410,-104.870,103.720,-11.130,48
5306.00,4.5150,-0.1770,11.3850,-58.660,135.780,24.670,48
5316.00,-4.1590,-1.6780,9.7610,-53.160,132.260,25.830,48
5326.00,-4.6310,-6.5100,12.5640,79.150,102.340,31.430,48
5336.00,2.5690,-8.8290,12.9550,56.890,88.980,-37.030,49
5346.00,8.9300,6.0560,9.5380,26.580,48.120,-137.700,49
5356.00,1.1000,7.0430,9.8500,35.150,28.350,-62.910,49
5366.00,0.3660,-2.1450,10.1610,58.880,21.190,40.210,49
5376.00,0.6010,0.0210,11.3500,52.270,17.250,-13.400,49
5386.00,0.8200,0.5200,11.4120,56.610,2.950,-11.320,50
5396.00,0.7170,0.8350,10.5120,67.910,-7.570,-7.730,50
5406.00,0.5610,1.3120,11.7900,89.210,-14.240,-5.210,50
5416.00,0.5410,0.4610,10.6800,90.280,-30.550,2.870,50
5426.00,0.4670,0.0010,9.8380,75.820,-37.380,3.060,50
5436.00,0.8800,0.1160,8.6950,59.320,-33.820,0.050,51
5446.00,0.7150,-0.4270,8.9490,47.420,-20.890,-0.260,51
5456.00,0.6350,-0.0930,8.9340,32.230,-12.680,-6.980,51
5466.00,1.1220,0.9720,9.4760,19.420,-8.480,-12.960,51
5476.00,0.8360,0.6870,9.7850,11.420,-10.580,-4.930,51
5486.00,1.1660,0.4890,9.4500,3.130,-14.960,-0.960,52
5496.00,1.2900,0.2960,9.7690,6.260,-11.970,0.330,52
5506.00,1.3050,-0.3240,10.3500,3.360,-8.640,-1.290,52
5516.00,1.1240,-0.3720,10.6970,8.180,-12.810,-11.420,52
5526.00,0.9350,-0.0750,10.2680,13.030,-21.420,-22.080,52
5536.00,1.3190,0.5460,10.1440,14.070,-24.990,-30.570,53
5546.00,1.4090,1.5340,10.6510,14.840,-26.810,-26.400,53
5556.00,0.9550,1.6250,8.8010,-3.740,-29.260,-6.590,53
5566.00,1.2580,-1.3470,9.2880,3.390,-15.970,12.670,53
5576.00,1.2070,-0.8990,10.1140,0.070,-4.840,5.720,53
5586.00,1.1540,-0.9390,10.3040,-3.150,-3.440,4.180,54
5596.00,1.1490,-0.3560,10.2430,-7.940,-3.530,-0.030,54
5606.00,0.8840,-0.2770,10.5140,-2.290,-4.140,1.170,54
5616.00,1.1150,0.0490,10.1040,-9.430,-6.330,0.240,54
5626.00,1.1460,0.0580,10.3950,-9.740,-5.860,1.820,54
5636.00,1.2630,-0.3000,9.6770,-4.650,-11.250,4.140,55
5646.00,1.2500,-0.5930,9.8020,1.990,-9.480,3.760,55
5656.00,1.5400,-0.6790,9.8180,-1.890,-6.450,1.220,55
5666.00,1.4810,-0.6500,9.7280,-1.570,-5.740,-0.910,55
5676.00,1.4820,-0.6420,9.1710,0.290,-5.190,-1.500,55
5686.00,1.5490,-0.9610,9.1330,2.130,0.140,-1.040,56
5696.00,1.3790,-0.9900,9.3650,1.310,5.020,-3.920,56
5706.00,1.3260,-0.2660,8.9200,-1.480,5.460,-9.080,56
5716.00,1.2370,-0.3430,8.9450,0.800,9.360,-8.550,56
5726.00,1.2710,-0.2660,8.9860,-0.640,13.450,-9.900,56
5736.00,0.9510,-0.1910,8.9520,-2.090,15.850,-11.270,57
5746.00,0.9900,0.1010,8.5870,-4.840,17.850,-13.350,57
5756.00,0.9430,-0.0250,8.4690,-10.710,23.270,-13.120,57
5766.00,1.0040,-0.2570,8.1880,-13.170,28.050,-13.750,57
5776.00,0.9470,-0.6400,6.9830,-25.130,38.270,-21.540,57
5786.00,0.4780,-1.7010,6.5090,-36.380,49.590,-25.420,58
5796.00,0.3010,-0.8470,5.7940,-58.270,64.170,-38.780,58
5806.00,0.2720,-0.9450,5.5990,-73.300,83.630,-37.970,58
5816.00,-0.1320,-2.2420,5.2900,-90.750,104.020,-28.150,58
5826.00,-0.5930,-2.6540,5.1860,-112.430,128.780,-27.820,58
5836.00,-0.8090,-2.7480,6.4970,-131.020,161.240,-26.460,59
5846.00,-1.0810,-3.2730,8.2120,-141.890,188.190,-17.370,59
5856.00,-0.8110,-3.7290,7.6090,-141.150,204.520,-15.260,59
5866.00,-2.9910,-3.3140,9.3270,-88.630,248.040,-17.600,59
5876.00,-3.4820,-3.8140,14.7120,-112.100,318.600,0.890,59
5886.00,-6.2030,-4.4670,19.7630,-76.240,327.670,3.780,60
5896.00,-3.5620,-0.6350,21.0340,-95.760,293.230,-16.950,60
5906.00,-4.4760,0.7860,21.9550,-91.820,205.660,-11.910,60
5917.00,-4.6130,0.0640,19.6700,-38.920,101.080,3.130,60
5926.00,-3.6770,0.0090,15.6230,-13.190,13.050,-3.710,60
5936.00,-3.6250,0.4230,10.3950,-4.900,-41.800,-1.310,61
5946.00,-3.1780,-1.3290,8.5770,6.790,-48.890,15.200,61
5956.00,-2.8210,-2.6050,8.1140,7.310,-39.020,16.620,61
5966.00,-2.7150,-2.2450,7.5240,7.610,-35.360,2.010,61
5976.00,-2.5970,-0.8780,6.9750,14.630,-32.550,-4.230,61
5986.00,-2.5390,-1.1160,8.1580,29.260,-5.650,-0.940,62
5996.00,-2.6350,-1.0260,8.6870,30.480,-5.140,-1.130,62
6006.00,-2.7670,-1.4080,9.3760,31.200,-5.090,-0.590,62
6016.00,-2.8010,-1.4400,9.7780,29.360,-6.090,-4.440,62
6026.00,-2.8280,-1.5330,10.5210,28.070,-7.420,-6.420,62
6036.00,-3.0520,-1.9980,10.8190,26.840,-12.090,-6.030,63
6046.00,-3.1130,-2.0140,10.6250,21.000,-19.230,-9.200,63
6056.00,-2.9650,-1.7070,10.2920,12.330,-22.900,-10.650,63
6066.00,-2.8830,-1.7580,9.9740,3.250,-22.310,-6.330,63
6076.00,-2.8330,-2.0270,9.5670,-1.220,-18.860,-1.540,63
6087.00,-2.7090,-2.3190,9.5820,-1.170,-14.500,0.590,64
6097.00,-2.5780,-2.5300,9.8460,-1.680,-11.700,0.500,64
6106.00,-2.5450,-2.3940,9.5000,-1.850,-13.370,-3.230,64
6116.00,-2.6270,-2.0780,9.1420,-0.470,-12.600,-6.890,64
6126.00,-2.6650,-2.0810,9.1160,0.700,-12.560,-10.590,64
6137.00,-2.6770,-2.0130,9.1390,-2.280,-9.960,-12.410,65
6147.00,-2.7030,-1.4970,9.0730,-4.070,-5.760,-13.510,65
6157.00,-2.5990,-1.4420,9.9070,-3.230,-0.120,-9.660,65
6167.00,-2.5890,-1.7770,10.3780,1.380,-4.180,-4.810,65
6177.00,-2.3210,-2.4270,10.2710,1.820,-9.960,-1.070,65
6187.00,-2.3280,-2.8920,9.9070,4.930,-14.280,-1.240,66
6197.00,-2.3280,-2.7320,9.9850,4.270,-17.430,-5.930,66
6207.00,-2.3670,-2.2990,9.3970,2.520,-20.750,-10.170,66
6217.00,-2.2990,-1.6640,9.2740,2.480,-19.410,-13.090,66
6227.00,-2.2670,-1.3570,9.0810,6.260,-19.370,-11.870,66
6237.00,-2.3350,-1.5970,8.6830,10.690,-17.880,-7.790,67
6247.00,-2.3250,-1.8100,8.6850,12.410,-11.810,-5.460,67
6257.00,-2.2100,-1.7730,8.8970,10.390,-6.540,-4.450,67
6267.00,-2.1430,-1.8460,8.5790,11.670,-2.800,-3.150,67
6277.00,-2.1790,-2.0680,8.9520,12.770,5.980,-2.170,67
6287.00,-2.1350,-2.2480,9.4910,10.730,8.830,-2.500,68
6297.00,-2.1970,-2.2210,9.5300,9.400,6.240,-4.570,68
6307.00,-2.2740,-2.0530,9.0260,5.350,4.800,-7.330,68
6317.00,-2.2250,-1.7100,9.1640,-2.790,9.560,-9.450,68
6327.00,-2.3150,-1.6000,9.1810,-6.060,12.560,-9.450,68
6337.00,-2.3600,-1.3040,8.9950,-7.010,13.730,-9.420,69
6347.00,-2.4400,-1.4000,9.0440,-9.670,16.460,-7.820,69
6357.00,-2.5380,-1.0510,8.2610,-10.350,17.680,-6.200,69
6367.00,-2.7720,-1.2220,7.9520,-14.310,28.390,-0.420,69
6377.00,-3.3060,-1.8750,6.9810,-30.410,45.140,6.880,69
6387.00,-3.3640,-2.0430,7.0260,-81.370,95.210,30.400,70
6397.00,-3.8420,-1.2200,7.5550,-100.550,118.920,47.410,70
6407.00,-1.3390,-1.9210,7.0910,-85.340,125.660,78.140,70
6417.00,-4.1910,-6.6420,8.2030,-30.090,112.380,88.280,70
6427.00,-5.2150,-4.1310,5.9270,-28.110,102.160,50.720,70
6437.00,-5.0790,-3.2000,7.6390,-62.310,150.370,40.150,71
6447.00,-6.9710,-2.5310,10.9060,-74.380,185.250,49.020,71
6457.00,-15.2700,-2.2730,4.9350,81.460,168.600,68.660,71
6467.00,-7.4570,-6.0230,7.9760,108.900,224.990,99.420,71
6477.00,-9.5060,-11.1540,11.3610,85.380,262.250,19.640,71
6487.00,2.2250,-9.0750,15.4710,58.610,249.160,-119.020,72
6497.00,-6.3170,-2.1210,15.7480,16.920,171.740,-238.180,72
6507.00,-5.6930,4.7180,12.4740,37.850,58.490,-260.230,72
6517.00,-4.8140,6.8050,8.8770,42.730,-8.590,-183.240,72
6527.00,-5.0030,6.5810,7.0770,16.550,-11.690,-68.250,72
6537.00,-5.4620,1.5840,7.1710,29.840,4.680,33.890,73
6547.00,-6.2150,-3.3080,7.9200,29.070,24.720,75.060,73
6557.00,-6.2460,-5.1210,9.5890,13.090,38.400,51.750,73
6567.00,-5.8440,-3.9390,11.1820,-1.460,28.570,5.820,73
6577.00,-5.6840,-2.6690,8.8360,5.350,-8.150,-21.840,73
6587.00,-6.4530,-2.7000,7.2100,6.210,-52.900,-43.840,74
6597.00,-5.3440,-1.3000,6.0740,-12.780,-44.220,-51.000,74
6607.00,-5.2720,-1.5520,7.0310,-7.780,-22.170,-46.830,74
6617.00,-5.6880,-1.7260,7.7280,-10.960,-13.230,-36.660,74
6627.00,-4.9260,-1.8750,8.3590,-12.920,-8.870,-26.270,74
6637.00,-5.3630,-1.3450,9.7910,-22.250,-11.410,-26.760,75
6647.00,-5.5940,-1.7380,9.6330,-13.450,-36.800,-12.830,75
6657.00,-5.7720,-3.7110,8.1470,-4.510,-62.140,6.030,75
6667.00,-4.1560,-4.3570,9.3370,-7.640,-58.470,-13.790,75
6677.00,-6.0870,-3.7040,11.6030,2.830,-77.610,-47.720,75
6687.00,-6.6100,-3.2490,8.3490,-3.280,-119.350,-52.470,76
6697.00,-4.9750,-3.4250,7.1610,-3.350,-116.320,-49.190,76
6707.00,-5.4890,-2.3860,7.6520,-17.350,-90.950,-55.000,76
6717.00,-4.7680,-2.8190,7.9960,-7.320,-81.290,-43.440,76
6727.00,-4.6090,-2.6570,7.6450,-15.500,-77.960,-38.170,76
6737.00,-4.5810,-2.2300,7.4030,-20.430,-68.510,-33.150,77
6747.00,-4.6340,-2.3980,7.7650,-19.420,-53.830,-20.130,77
6757.00,-4.4140,-2.6940,8.2100,-19.910,-42.090,-8.590,77
6767.00,-4.5350,-2.7560,8.4020,-25.860,-34.610,-1.190,77
6777.00,-4.5180,-3.6040,8.3880,-19.070,-31.360,6.690,77
6787.00,-4.0970,-3.6270,8.4690,-22.090,-25.360,0.690,78
6797.00,-4.0400,-3.5150,8.2360,-19.120,-25.880,0.230,78
6807.00,-4.0310,-3.5860,7.9540,-15.290,-24.430,1.000,78
6817.00,-3.8950,-3.2430,7.8200,-16.720,-19.560,-0.020,78
6827.00,-3.9920,-3.4090,7.9780,-13.870,-15.820,3.560,78
6837.00,-4.1090,-4.2910,8.0500,-7.590,-14.730,7.740,79
6847.00,-4.1950,-4.7860,7.8970,-4.240,-13.050,4.870,79
6857.00,-4.1770,-4.9360,8.3180,-2.930,-9.640,-2.190,79
6867.00,-4.0480,-3.8440,8.2370,-8.230,-7.590,-12.060,79
6877.00,-4.0290,-3.1560,8.5060,-7.170,-5.230,-13.860,79
6887.00,-4.0530,-3.1880,8.7030,-1.530,-6.880,-9.750,80
6897.00,-4.0490,-3.2080,8.5240,0.380,-9.690,-7.560,80
6907.00,-4.0290,-3.1270,8.2040,1.290,-9.940,-5.760,80
6917.00,-4.1140,-3.7130,8.7330,1.310,-5.900,-2.960,80
6927.00,-3.9700,-3.6830,9.1400,-0.660,-5.900,-5.040,80
6937.00,-3.9900,-3.5170,9.0520,-2.020,-10.970,-7.320,81
6947.00,-3.9550,-3.3700,8.9640,-1.370,-15.210,-7.890,81
6957.00,-3.9180,-3.1380,8.4960,-0.990,-17.150,-8.140,81
6967.00,-3.9370,-3.2550,8.7200,1.030,-16.220,-6.580,81
6977.00,-3.9910,-3.4420,8.8330,2.200,-17.180,-5.180,81
6987.00,-3.9970,-3.1590,9.5590,12.970,-20.890,-8.660,82
6997.00,-3.9340,-3.2440,9.7590,20.910,-27.950,-10.610,82
7007.00,-3.6630,-2.9430,9.7360,14.030,-36.590,-12.810,82
7017.00,-3.5060,-2.0060,9.3360,-8.900,-41.670,-8.210,82
7027.00,-3.3470,-2.3830,9.9260,-10.600,-47.830,6.990,82
7037.00,-3.8040,-3.3600,8.7680,-5.260,-58.870,15.720,83
7047.00,-3.8640,-4.3990,8.2990,8.470,-63.420,15.300,83
7057.00,-3.6690,-4.0510,7.5900,-1.570,-57.540,6.220,83
7067.00,-3.3890,-3.3030,8.3680,-17.980,-41.020,1.970,83
7077.00,-3.3040,-3.2320,9.2620,-14.390,-35.580,5.340,83
7087.00,-3.3090,-3.4330,9.4870,-10.440,-41.880,9.680,84
7097.00,-3.4420,-3.2090,9.0490,-16.340,-48.050,10.510,84
7107.00,-3.4980,-4.0900,8.7250,-10.230,-51.900,13.830,84
7118.00,-3.6250,-4.8090,8.9190,-12.360,-52.690,8.060,84
7127.00,-3.1940,-4.0660,8.2310,-24.840,-54.070,-5.620,84
7138.00,-2.9270,-3.4030,7.6000,-19.450,-50.290,-7.400,85
7148.00,-2.9310,-3.6950,7.8750,-7.600,-39.500,2.300,85
7158.00,-3.0140,-4.4260,8.4110,0.380,-30.990,8.390,85
7168.00,-3.0540,-4.7030,8.8720,3.620,-28.050,4.800,85
7178.00,-2.9700,-4.4510,9.2540,4.230,-28.730,-2.700,85
7188.00,-3.0790,-3.9630,9.6130,6.700,-36.280,-11.290,86
7198.00,-2.9730,-3.6860,9.7360,-1.200,-39.860,-14.680,86
7208.00,-2.9060,-3.0980,9.2850,-12.660,-44.010,-18.220,86
7218.00,-2.7850,-2.7910,8.9100,-15.460,-44.150,-17.150,86
7228.00,-2.5330,-2.3940,8.7450,-10.680,-42.230,-12.900,86
7238.00,-2.2540,-2.2210,8.7990,-5.800,-39.860,-2.540,87
7248.00,-2.0970,-2.4400,9.4520,-6.380,-36.380,11.500,87
7258.00,-1.8780,-3.3690,10.4690,-5.630,-39.620,21.390,87
7268.00,-1.9160,-2.8120,10.8960,-9.320,-48.930,25.220,87
7278.00,-2.0800,-3.4180,11.8300,-5.640,-63.960,37.040,87
7288.00,-2.8180,-4.1190,10.0370,-22.780,-81.160,42.290,88
7298.00,-2.9130,-5.7370,8.8550,-7.180,-100.870,38.440,88
7308.00,-2.7880,-5.1370,6.9300,-16.230,-92.570,19.820,88
7318.00,-1.8790,-4.6710,6.5370,-14.970,-69.560,7.740,88
7328.00,-2.4390,-4.1860,8.0260,6.350,-45.310,0.640,88
7338.00,-1.6570,-3.6520,7.9500,19.880,-34.610,0.780,89
7348.00,-0.4770,-2.7130,8.6580,12.860,-21.170,8.720,89
7358.00,-3.3880,-4.6480,10.9490,11.500,-15.330,20.550,89
7368.00,-1.0830,-5.0350,9.8410,14.960,-38.600,12.620,89
7378.00,-2.1590,-5.2800,10.6740,-5.570,-40.880,4.890,89
7388.00,-0.2110,-1.4440,13.3040,-47.890,-18.410,4.000,90
7398.00,-3.2720,-4.7500,18.1780,-87.610,-38.760,38.800,90
7408.00,-2.9850,-5.7400,13.5210,-58.320,-137.320,26.830,90
7418.00,-2.8470,-3.0600,7.2670,-44.000,-169.610,4.170,90
7428.00,-1.7030,-3.5670,8.5340,-1.860,-141.800,30.540,90
7438.00,-1.7590,-5.7450,10.0970,10.740,-117.350,61.150,91
7448.00,-1.0320,-6.9020,10.2430,5.390,-117.580,63.950,91
7458.00,-0.2640,-6.5410,9.6460,22.710,-125.330,50.000,91
7468.00,-0.2540,-3.1530,6.1810,31.250,-105.400,42.570,91
7478.00,-2.0270,-4.0920,10.7680,111.070,-55.790,78.020,91
7488.00,-1.6530,-6.4230,13.5970,146.890,-45.240,117.800,92
7498.00,-1.2840,-7.6790,12.1060,122.850,-62.280,112.290,92
7508.00,-1.7450,-9.3480,13.8260,101.150,-58.920,76.940,92
7518.00,-1.6710,-8.6140,14.5990,66.970,-67.290,10.800,92
7528.00,-1.0550,-6.0710,14.8030,55.190,-95.410,-49.330,92
7538.00,-1.0250,-3.2390,13.7470,73.380,-134.430,-73.260,93
7548.00,1.2980,2.2510,8.9630,186.290,-165.880,-49.350,93
7558.00,0.2580,-0.5320,8.5780,223.770,-118.680,41.200,93
7568.00,-0.0410,-5.1560,11.3740,179.990,-67.150,81.520,93
7578.00,-0.0940,-6.6660,12.2530,137.710,-61.630,48.410,93
7588.00,-0.0830,-3.0610,11.9830,111.890,-72.920,-53.030,94
7598.00,0.6410,-0.2240,11.1060,31.080,-84.120,-80.820,94
7608.00,0.9760,1.2960,9.5670,34.400,-88.950,-71.210,94
7618.00,1.3250,1.1190,9.6040,55.650,-84.870,-35.350,94
7628.00,1.4200,-1.1950,10.7790,66.010,-80.170,4.080,94
7638.00,1.1400,-3.5110,11.3460,69.330,-81.760,19.270,95
7648.00,0.9360,-3.3690,11.1970,67.580,-89.280,3.870,95
7658.00,1.3710,-1.6360,9.9170,71.540,-102.640,-9.310,95
7668.00,1.5860,-0.7700,9.2190,87.130,-101.570,1.000,95
7678.00,1.8710,-0.8390,9.7300,104.250,-90.610,20.340,95
7688.00,2.0960,-1.1420,10.2850,115.340,-88.390,33.660,96
7698.00,2.2520,-1.0420,9.3780,127.210,-98.260,41.250,96
7708.00,2.5040,-0.4800,8.6040,145.200,-106.820,48.390,96
7718.00,2.7880,-0.4900,8.1630,159.420,-105.020,59.560,96
7728.00,2.6530,-0.8310,9.2850,158.990,-95.060,69.290,96
7738.00,2.9100,-1.6800,9.4430,143.850,-99.990,71.350,97
7748.00,2.9610,-2.7170,9.1510,129.550,-105.440,64.370,97
7758.00,3.2810,-2.4190,8.9580,120.920,-105.770,50.460,97
7768.00,3.3570,-2.3740,9.7350,126.420,-109.020,42.570,97
7778.00,3.1590,-1.2430,10.4190,123.920,-118.210,33.520,97
7788.00,4.0220,0.8750,9.8450,110.810,-140.260,28.760,98
7798.00,3.5960,0.5410,7.7940,142.520,-202.610,68.270,98
7808.00,3.4910,0.5750,7.0810,168.650,-217.050,96.590,98
7818.00,4.9750,-1.6550,7.3010,171.920,-219.830,144.150,98
7828.00,3.6780,-4.7130,5.8420,174.250,-220.410,174.240,98
7838.00,2.3430,-4.9990,5.6010,203.310,-219.260,167.670,99
7848.00,1.1650,-3.9630,3.8640,208.530,-229.600,157.490,99
7858.00,1.9780,-2.7090,1.7880,176.640,-222.110,144.120,99
7868.00,5.7910,-0.1680,-0.0510,130.110,-179.460,121.020,99
7878.00,5.6960,3.1080,0.2900,112.580,-123.780,102.590,99
7888.00,9.5110,2.4530,-0.0260,84.260,-71.170,113.350,100
7898.00,4.9530,-0.0150,1.3370,87.460,-20.910,106.910,100
7908.00,4.9530,1.1520,4.5480,84.160,19.680,76.500,100
7918.00,5.5720,2.7810,4.1200,107.130,5.140,59.440,100
7928.00,5.3700,3.9130,1.1000,141.850,-34.560,50.320,100
7938.00,5.7630,5.0290,-1.8890,144.150,-58.850,40.340,101
7948.00,7.1740,7.3590,-2.7570,166.810,-44.400,29.020,101
7958.00,7.0510,10.9530,0.1950,210.860,-25.390,18.500,101
7968.00,6.2170,13.7860,1.1920,135.470,-16.120,33.430,101
7978.00,5.2800,13.3110,3.2800,103.530,21.500,107.320,101
7988.00,4.8210,8.5220,6.2870,161.370,56.310,202.110,102
7998.00,7.5170,-3.4570,-0.3660,327.670,5.360,299.920,102
8008.00,4.7240,-4.9180,5.3630,313.410,166.610,209.810,102
8018.00,5.1990,-0.1350,7.2860,117.090,226.040,76.550,102
8028.00,6.5070,5.1070,7.9950,91.350,186.890,16.020,102
8038.00,7.1920,7.5880,6.8850,59.220,138.540,27.100,103
8048.00,6.5910,7.0630,7.0310,60.270,120.430,69.590,103
8058.00,5.4860,3.9670,7.6070,46.640,108.950,117.730,103
8068.00,4.9810,1.9330,6.2380,-29.850,104.500,145.690,103
8078.00,4.6180,0.3340,6.9910,-48.990,122.810,158.700,103
8088.00,8.0300,-0.0330,10.6490,-71.600,148.290,153.220,104
8098.00,7.6300,0.1600,14.8480,-162.530,154.550,120.440,104
8108.00,7.3680,1.8590,14.5810,-182.250,78.430,79.700,104
8118.00,14.5190,4.0980,11.4250,-219.000,-4.600,74.190,104
8128.00,10.8370,8.0660,3.9420,-224.950,-40.110,117.030,104
8138.00,6.7500,3.9780,5.4860,-25.660,-4.410,253.180,105
8148.00,5.8640,0.2240,5.8210,-40.420,12.350,327.670,105
8158.00,7.5380,-2.6000,4.1140,-36.480,-30.890,327.670,105
8169.00,8.6480,-3.4560,2.9790,52.920,-66.830,327.670,105
8179.00,9.4480,-3.6750,0.6190,120.420,-68.090,327.670,105
8189.00,8.6480,-2.9810,-4.4870,168.770,-43.490,317.720,106
8199.00,5.3980,-4.3090,-3.8600,111.180,201.290,291.010,106
8209.00,3.1480,-3.8300,-1.8080,105.350,327.670,251.810,106
8219.00,-1.6120,-3.5400,-1.2290,126.370,327.670,227.960,106
8229.00,-8.3270,-2.8940,0.8560,149.220,327.670,197.160,106
8239.00,-14.8880,-2.1030,2.6270,150.850,327.670,161.040,107
8249.00,-24.0740,-1.4750,5.6240,136.640,327.670,119.500,107
8259.00,-31.3680,-1.7770,4.0340,24.590,327.670,73.120,107
8269.00,-32.7680,-1.0740,6.4050,-94.190,327.670,27.570,107
8279.00,-32.7680,-0.6660,7.8590,-186.560,327.670,-0.650,107
8289.00,-32.7680,1.6420,13.7530,-141.160,327.670,31.140,108
8299.00,-32.7680,-1.7260,12.6640,-29.710,327.670,136.300,108
8309.00,-32.7680,-2.6730,14.2860,-49.590,327.670,87.890,108
8319.00,-32.7680,-0.9030,15.3480,-127.290,327.670,10.420,108
8329.00,-31.2290,-1.3780,19.0520,-23.690,327.670,45.240,108
8339.00,-22.5810,-3.5720,26.5020,97.120,327.670,86.440,109
8349.00,-13.5110,-4.9770,30.5730,86.970,327.670,32.070,109
8359.00,-6.4940,-4.3880,32.7670,47.230,218.440,-73.680,109
8369.00,-4.5350,-3.0240,31.8730,48.350,-158.880,-142.610,109
8379.00,-9.0250,-1.2200,23.3610,70.980,-327.680,-176.540,109
8389.00,-13.2050,0.1360,16.3700,79.660,-327.680,-203.630,110
8399.00,-14.8720,3.2680,8.4400,52.970,-327.680,-232.020,110
8409.00,-16.2050,2.8770,6.2750,29.470,-327.680,-190.680,110
8419.00,-16.4630,3.4630,3.4390,2.120,-327.680,-157.990,110
8429.00,-16.4210,2.8300,2.3190,50.360,-327.680,-90.970,110
8439.00,-16.8210,2.0870,2.4260,84.260,-327.680,-40.370,111
8449.00,-19.8890,1.9310,0.8690,55.110,-327.680,-29.310,111
8459.00,-23.3260,2.7580,-1.8750,45.290,-327.680,-27.110,111
8469.00,-27.9480,2.0760,-3.9860,90.470,-327.680,14.970,111
8479.00,-30.5630,1.6770,-6.3560,88.390,-327.680,37.260,111
8489.00,-26.0150,2.3580,-8.2300,67.230,-327.680,37.370,112
8499.00,-15.1310,1.9870,-7.3690,98.470,-327.680,80.280,112
8509.00,-10.3280,1.7340,-7.0860,132.510,-327.680,148.270,112
8519.00,-3.0350,0.2900,-6.8360,147.280,-327.680,244.040,112
8529.00,-6.4890,-0.4900,-10.2240,54.720,-327.680,326.940,112
8539.00,-2.3000,-2.3440,-12.1930,44.450,-327.680,327.670,113
8549.00,4.8860,-5.1970,-13.3280,61.650,-327.680,327.670,113
8559.00,12.7750,-7.5640,-14.0020,95.460,-327.680,327.670,113
8569.00,17.9220,-9.9070,-15.0280,117.410,-327.680,327.670,113
8579.00,17.9370,-11.2840,-15.6150,113.990,-272.720,327.670,113
8589.00,13.0760,-8.4590,-12.9020,191.610,-62.840,213.770,114
8599.00,-0.1860,-0.0810,-2.3620,139.180,260.970,209.150,114
8609.00,-2.4340,-1.2460,-4.4440,-82.850,285.000,327.670,114
8619.00,-1.5920,-7.8970,-5.4460,89.210,219.910,327.670,114
8629.00,5.0270,-7.1120,-2.1180,73.320,254.210,327.670,114
8639.00,4.1930,-12.5060,-6.1650,154.940,65.200,327.670,115
8649.00,-4.8810,-14.4610,-7.4660,327.670,33.940,327.670,115
8659.00,-10.9100,-12.8070,-5.8970,327.670,133.130,327.670,115
8669.00,-16.6820,-11.9210,-5.1720,327.670,214.400,327.670,115
8679.00,-21.6470,-11.9960,-3.1780,327.670,327.670,327.670,115
8689.00,-26.0490,-12.2010,-1.6580,327.670,327.670,327.670,116
8699.00,-27.1250,-14.1320,3.0690,327.670,327.670,327.670,116
8709.00,-25.1460,-16.1000,7.0950,327.670,327.670,327.670,116
8719.00,-27.7010,-14.4370,10.7770,327.670,327.670,293.690,116
8729.00,-27.4670,-12.7040,12.9810,327.670,327.670,131.890,116
8739.00,-24.7390,-12.1670,16.2980,327.670,327.670,9.880,117
8749.00,-22.3280,-10.8860,16.5160,327.670,327.670,-114.000,117
8759.00,-20.3210,-8.6620,17.2710,327.670,327.670,-229.950,117
8769.00,-18.2990,-6.7520,17.2800,327.670,327.670,-308.980,117
8779.00,-18.0890,-5.5880,17.2210,327.670,231.180,-327.680,117
8789.00,-7.8980,-1.9270,13.2270,327.670,8.600,-327.680,118
8799.00,-13.2190,-0.6250,8.9820,327.670,-239.700,-327.680,118
8809.00,-13.3370,4.7730,6.7030,149.120,-224.070,-327.680,118
8819.00,-9.3080,4.5300,6.7590,92.450,-219.570,-327.680,118
8829.00,-6.3180,2.7310,6.7230,72.220,-247.050,-327.680,118
8839.00,-5.4740,2.6060,5.5520,-6.340,-257.410,-279.060,119
8849.00,-5.9530,2.8150,5.0770,-79.620,-249.090,-241.030,119
8859.00,-3.0200,3.0400,3.8970,-138.940,-245.350,-180.020,119
8869.00,-2.7870,0.9100,4.1580,-66.700,-296.590,-82.160,119
8879.00,-2.0540,-1.6070,3.0910,-54.030,-327.680,-37.910,119
8889.00,-1.3600,0.4510,2.1330,-160.150,-289.080,-94.850,120
8899.00,-0.9060,0.7460,2.3000,-177.770,-266.960,-90.810,120
8909.00,1.4780,1.6430,2.8770,-60.680,-327.680,-11.620,120
8919.00,0.3580,-1.9260,-0.4670,327.670,-327.680,108.170,120
8929.00,-5.8860,-2.3620,-1.0790,327.670,-327.680,118.310,120
8939.00,-5.0890,-1.7700,-8.8780,128.310,-327.680,117.730,121
8949.00,-2.0010,-4.2430,-8.8650,203.650,-327.680,173.470,121
8959.00,-1.5080,-5.5510,-10.2190,185.480,-327.680,182.040,121
8969.00,-0.6750,-6.4520,-11.2480,151.530,-327.680,166.380,121
8979.00,-0.4530,-7.4930,-12.4790,148.430,-266.380,148.440,121
8989.00,1.1360,-8.4560,-12.5190,180.130,-118.560,113.880,122
8999.00,-2.1830,-7.5310,-7.7210,206.410,239.990,36.200,122
9009.00,-4.8390,-6.4830,-4.5700,219.380,327.670,37.720,122
9019.00,-9.9030,-5.5710,-0.9420,245.890,327.670,56.320,122
9029.00,-16.0980,-4.9390,2.5260,267.750,327.670,82.710,122
9039.00,-8.6820,-7.1560,8.0990,148.030,327.670,174.760,123
9049.00,-29.6800,-6.9660,5.7550,-17.210,327.670,303.040,123
9059.00,-32.7680,-10.1650,7.7800,34.180,327.670,327.670,123
9069.00,-32.7680,-12.9510,9.8220,106.910,327.670,327.670,123
9079.00,-32.7680,-14.7150,13.8260,282.620,327.670,327.670,123
9089.00,-32.7680,-15.6310,17.1330,327.670,327.670,203.930,124
9099.00,-32.7680,-17.5620,21.1030,327.670,327.670,48.780,124
9109.00,-32.7680,-16.2430,24.1890,327.670,327.670,-229.270,124
9119.00,-32.7680,-9.8520,26.5900,327.670,327.670,-327.680,124
9129.00,-27.6340,-3.6470,26.6300,327.670,182.500,-327.680,124
9139.00,-23.0480,-0.8650,23.8260,327.670,-175.300,-327.680,125
9149.00,-20.2950,0.6110,18.0210,327.670,-327.680,-327.680,125
9159.00,-12.8170,0.3930,13.9010,261.470,-327.680,-327.680,125
9169.00,-14.8250,-0.4130,9.8890,206.520,-327.680,-327.680,125
9179.00,-18.8330,0.6020,4.2370,145.770,-327.680,-327.680,125
9190.00,-20.8920,1.4300,1.0320,110.790,-327.680,-327.680,126
9200.00,-29.7700,3.4920,-5.0880,179.880,-327.680,-327.680,126
9210.00,-24.1620,1.9640,-2.0430,194.790,-327.680,-327.680,126
9220.00,-27.2600,3.2000,-6.1860,158.460,-327.680,-327.680,126
9230.00,-29.3670,3.9260,-9.0720,150.810,-327.680,-327.680,126
9240.00,-30.7460,4.8670,-10.0110,176.750,-327.680,-327.680,127
9250.00,-30.0780,4.8670,-11.6010,190.470,-327.680,-327.680,127
9260.00,-24.6310,4.3770,-13.9780,143.600,-327.680,-327.680,127
9270.00,-17.9110,3.9330,-16.3620,99.800,-327.680,-327.680,127
9280.00,-12.5190,3.9800,-19.4880,41.470,-327.680,-327.680,127
9290.00,-5.5530,4.3740,-21.9350,-4.330,-327.680,-311.990,128
9300.00,2.0880,4.5660,-24.8880,-26.540,-327.680,-278.990,128
9310.00,5.9410,4.8870,-27.3120,-3.390,-327.680,-257.600,128
9320.00,9.2600,5.7990,-26.6570,63.400,-258.300,-247.700,128
9330.00,10.7980,5.8260,-23.6800,151.360,-43.430,-217.820,128
9340.00,10.2480,5.7360,-17.5920,212.550,118.610,-177.640,129
9350.00,10.3810,5.6780,-14.1950,225.680,197.970,-122.310,129
9360.00,8.9970,5.8250,-9.2440,212.170,263.420,-49.090,129
9370.00,8.4560,5.3030,-7.0940,80.520,257.070,61.680,129
9380.00,10.7820,4.1820,-10.0570,-56.290,212.810,168.290,129
9390.00,9.9850,3.0870,-10.3740,-4.450,214.560,236.270,130
9400.00,4.3470,1.9390,-10.1410,52.520,280.150,299.310,130
9410.00,-2.8490,1.7320,-4.0180,21.720,327.670,327.670,130
9420.00,-3.4940,-0.8310,-0.2830,-131.210,327.670,327.670,130
9430.00,0.3380,-0.6380,2.5950,-153.310,327.670,327.670,130
9440.00,8.2330,-4.0540,0.5970,-166.570,327.670,327.670,131
9450.00,-2.8900,-6.0760,-3.9630,-35.570,138.150,327.670,131
9460.00,-16.7420,-14.2620,-7.6970,-68.450,221.000,327.670,131
9470.00,-11.6240,-22.6680,-4.1790,186.020,232.600,327.670,131
9480.00,-2.8660,-32.7680,-11.4420,226.240,298.030,327.670,131
9490.00,-18.2410,-32.7680,16.1640,327.670,327.670,327.670,132
9500.00,-8.4920,-28.7560,13.9620,276.880,327.670,-240.570,132
9510.00,-7.2100,-14.4090,8.9310,196.610,295.550,-327.680,132
9520.00,-2.6350,-8.3980,9.7410,242.460,192.950,-327.680,132
9530.00,2.2200,1.3100,4.3820,155.610,55.550,-327.680,132
9540.00,4.3690,2.5320,-0.0250,158.550,-41.840,-327.680,133
9550.00,5.7200,1.1530,2.2070,106.170,53.590,-185.080,133
9560.00,5.3130,1.2330,2.3860,67.090,80.050,-96.500,133
9570.00,5.7530,0.2910,2.8920,51.960,94.280,-12.410,133
9580.00,5.3150,-0.2150,3.6390,27.390,112.850,51.880,133
9590.00,4.2800,-1.2780,3.3900,-4.120,127.900,111.660,134
9600.00,3.5790,-2.2080,4.0050,0.240,141.580,163.980,134
9610.00,2.2030,-2.6960,3.9080,39.040,136.040,247.020,134
9620.00,-8.7670,-12.8440,6.0580,124.180,156.810,327.670,134
9630.00,-1.6920,-22.0300,7.5730,82.180,192.330,327.670,134
9640.00,-1.6050,-23.2740,6.7340,66.110,161.360,295.840,135
9650.00,2.1210,-18.2750,11.7790,26.980,104.480,72.070,135
9660.00,3.0600,-4.3640,3.4250,-8.020,-36.260,-142.470,135
9670.00,-2.3520,0.2990,2.3230,32.340,-23.120,-87.310,135
9680.00,-0.3820,-6.0820,4.7770,-8.410,58.950,132.240,135
9690.00,2.0390,-9.2530,6.0650,-32.170,89.990,198.250,136
9700.00,3.3430,-11.5810,6.9870,-39.370,92.790,184.070,136
9710.00,2.6840,-10.5300,7.2950,-53.860,90.410,118.740,136
9720.00,-5.1700,-9.8090,7.2150,-54.170,63.880,94.770,136
9730.00,-5.6440,-11.0280,7.4950,-40.330,30.760,109.420,136
9740.00,-4.7920,-11.9220,7.3570,-58.480,18.630,102.190,137
9750.00,-4.4070,-12.5070,7.5640,-78.090,10.560,82.170,137
9760.00,-3.2560,-12.2930,7.1890,-73.810,-18.690,50.900,137
9770.00,-3.9480,-11.6470,5.7610,-64.010,-56.450,15.020,137
9780.00,-1.3230,-11.5170,4.6080,-40.400,-85.280,-12.550,137
9790.00,-3.0260,-8.2360,4.0980,-56.130,-78.630,-74.130,138
9800.00,-7.9580,-7.6580,2.6650,-60.580,-119.700,-63.510,138
9810.00,-0.1970,-8.2730,-19.7320,-26.280,-127.560,36.140,138
9820.00,-2.3770,-4.8470,-16.1580,-196.290,269.960,54.050,138
9830.00,-5.2860,-8.3610,-0.8010,-152.800,327.670,139.480,138
9840.00,-5.8160,-11.8890,11.9500,-79.970,327.670,166.220,139
9850.00,-4.5830,-14.1300,19.7200,-39.170,327.670,129.210,139
9860.00,-3.0780,-14.1390,22.1680,-22.020,308.870,50.630,139
9870.00,-2.3900,-10.8610,16.8250,-19.120,34.760,-32.410,139
9880.00,-2.6840,-8.1550,6.9900,10.830,-175.790,-71.520,139
9890.00,-2.0790,-7.5580,-1.6740,27.650,-266.020,-76.930,140
9900.00,-1.4080,-5.9300,-6.0740,63.800,-240.590,-92.100,140
9910.00,-0.7260,-3.2070,-7.5360,76.390,-157.690,-99.700,140
9920.00,-0.7940,-0.5390,-7.1840,52.250,-61.320,-75.410,140
9930.00,-0.7100,0.1570,-5.0010,49.610,23.060,-15.350,140
9940.00,-2.4720,-1.6610,-1.2280,44.190,91.040,58.860,141
9950.00,-2.1150,-4.1340,1.3160,79.470,109.450,110.290,141
9960.00,-1.2020,-8.6570,4.5090,109.710,106.850,141.130,141
9970.00,-2.8900,-10.8840,6.1530,59.600,106.500,122.700,141
9980.00,-3.0750,-10.8820,6.4970,54.390,76.800,76.240,141
9990.00,-2.1180,-10.8930,5.0670,61.910,40.000,46.450,142
10000.00,-1.3260,-12.1850,2.0320,78.910,14.800,32.420,142
10010.00,-4.3890,-11.1680,2.9760,18.180,97.170,-24.330,142
10020.00,-4.7970,-11.2640,6.3690,-21.920,148.410,-35.250,142
10030.00,-3.7240,-10.7400,8.8600,-54.210,173.030,-38.940,142
10040.00,-5.1750,-12.4630,11.3410,-53.720,153.430,-20.270,143
10050.00,-4.5170,-13.5680,11.3350,-92.300,106.550,-20.700,143
10060.00,-4.9120,-14.0530,9.8020,-100.690,41.430,-35.910,143
10070.00,-4.5080,-11.7320,7.1830,-105.660,-13.770,-62.950,143
10080.00,-3.4160,-9.7550,4.7040,-90.900,-54.700,-63.930,143
10090.00,-3.0730,-9.7970,2.2700,-66.580,-82.930,-43.090,144
10100.00,-2.5310,-9.0540,0.6980,-37.510,-93.830,-36.800,144
10110.00,-2.9630,-8.9730,-0.6340,-26.100,-90.230,-29.960,144
10120.00,-2.5480,-9.4510,-1.3950,-18.170,-70.980,-21.630,144
10130.00,-3.1040,-9.4400,-1.0850,-16.020,-34.020,-18.450,144
10140.00,-2.5790,-8.3660,1.4300,-1.830,-1.400,-27.060,145
10150.00,-2.7720,-9.8150,2.2190,-3.300,0.880,-17.570,145
10160.00,-2.2620,-9.7630,2.7200,6.580,-9.200,-22.140,145
10170.00,-2.5190,-8.6080,1.9820,6.700,-12.420,-33.250,145
10180.00,-2.4070,-7.9750,1.7650,5.510,-9.120,-33.740,145
10190.00,-2.1140,-7.6030,1.9950,3.010,-7.310,-27.880,146
10200.00,-2.5590,-6.6900,2.5980,10.080,-13.950,-25.130,146
10210.00,-2.0260,-9.3820,2.1590,19.000,-54.690,-4.810,146
10221.00,-2.2620,-12.9290,-0.5760,14.030,-50.710,-10.590,146
10231.00,-4.4790,-13.2580,-0.1430,33.840,-31.180,-18.460,146
10241.00,-2.8370,-10.3480,1.5450,-21.870,33.000,-61.130,147
10251.00,-2.3420,-9.8140,5.7300,10.270,46.730,-60.080,147
10261.00,-2.6990,-10.7480,4.6760,3.640,5.710,-47.570,147
10271.00,-2.1050,-9.2370,2.5320,2.850,-18.390,-57.370,147
10281.00,-1.6250,-8.9500,1.4030,3.460,-22.890,-53.170,147
10291.00,-0.9150,-11.1580,-0.8110,3.220,-19.370,-42.560,148
10301.00,-1.7240,-15.4690,-1.0520,60.760,-29.540,-32.940,148
10311.00,-1.5680,-16.0480,0.2760,117.490,-32.790,-69.180,148
10321.00,-2.1720,-15.8030,3.2080,193.430,-38.740,-127.170,148
10331.00,-1.5170,-10.6790,1.2810,172.650,-45.570,-157.970,148
10341.00,-2.5960,-6.9910,3.0970,169.800,0.110,-181.350,149
10351.00,-2.4010,-3.8100,3.6630,125.110,35.800,-216.060,149
10361.00,-0.0990,-2.2580,5.9840,86.430,50.370,-205.310,149
10371.00,1.6280,-0.5300,6.9640,47.700,48.680,-166.390,149
10381.00,1.9170,-0.4710,8.6260,35.930,34.590,-85.660,149
10391.00,1.3100,-3.2600,8.7440,38.110,-9.990,10.580,150
10401.00,0.4630,-6.9950,7.0190,65.500,-72.800,72.470,150
10411.00,0.0570,-10.1850,3.6930,64.560,-104.320,78.140,150
10421.00,-0.2650,-10.2750,3.3260,40.480,-87.870,56.990,150
10431.00,-0.2060,-10.7150,2.3500,23.030,-65.890,43.530,150
10441.00,-3.1960,-10.1450,2.4330,-1.550,-28.660,27.550,151
10451.00,-0.2910,-9.0720,3.2180,-22.040,4.350,2.050,151
10461.00,-0.4510,-9.3890,4.0420,-34.610,23.370,-4.760,151
10471.00,-0.8840,-10.1310,5.3210,-25.170,26.630,-7.250,151
10481.00,-0.4850,-8.9520,5.9970,-21.390,15.430,-29.330,151
10491.00,-0.8140,-7.2560,5.8830,-9.650,-10.150,-53.150,152
10501.00,-0.7870,-6.6680,6.0620,4.640,-43.680,-58.140,152
10511.00,0.1670,-5.2710,5.6750,-5.820,-55.120,-52.970,152
10521.00,1.6090,-6.3210,5.7700,-8.060,-60.110,-21.700,152
10531.00,0.7270,-5.4800,6.1190,-8.130,-72.130,6.200,152
10541.00,1.2280,-6.8130,6.0320,-11.720,-83.250,35.600,153
10551.00,1.7610,-9.6930,5.8070,17.500,-117.320,57.350,153
10561.00,2.3420,-11.4040,3.0490,28.260,-154.330,79.460,153
10571.00,1.6470,-10.8520,0.0280,29.240,-166.180,67.520,153
10581.00,1.4090,-10.5650,-1.4970,16.920,-129.270,55.290,153
10591.00,-0.5920,-12.9550,-1.0550,-3.510,-73.220,56.990,154
10601.00,1.0100,-9.8930,2.6640,-1.320,-14.030,1.700,154
10611.00,2.0180,-6.2760,5.7880,31.690,-9.870,-32.320,154
10621.00,1.9890,-10.0730,2.7290,9.920,-71.030,46.910,154
10631.00,0.9200,-10.0860,0.7320,-44.460,-48.350,32.730,154
10641.00,1.0520,-9.4080,2.5410,-47.360,-15.570,18.610,155
10651.00,1.0140,-9.6930,1.5790,-59.840,-15.080,17.560,155
10661.00,0.8720,-9.7800,-0.0940,-72.670,-9.830,9.910,155
10671.00,0.3510,-9.8770,-0.3330,-62.680,8.370,3.190,155
10681.00,0.1070,-9.9490,-1.1110,-37.790,24.390,-11.290,155
10691.00,0.1130,-8.8950,-0.8660,-8.300,45.630,-34.460,156
10701.00,0.5880,-6.4410,-0.0370,9.060,62.830,-55.370,156
10711.00,1.3310,-5.3470,0.9400,19.530,71.160,-61.410,156
10721.00,1.3390,-4.8390,1.1680,21.680,71.200,-59.380,156
10731.00,1.3170,-3.3210,1.5380,23.940,71.430,-52.750,156
10741.00,1.0430,-4.0830,2.9200,31.880,72.440,-30.980,157
10751.00,0.8230,-4.0190,3.9210,28.440,65.880,-11.390,157
10761.00,0.3330,-4.6520,3.5050,22.700,51.810,12.830,157
10771.00,-0.4210,-6.1730,3.2470,27.120,42.920,31.910,157
10781.00,-0.6550,-6.8140,4.4330,45.940,42.660,39.820,157
10791.00,-0.9320,-8.9200,6.2530,63.380,36.670,48.950,158
10801.00,-1.5620,-10.6890,7.1290,58.430,22.760,42.830,158
10811.00,-2.4720,-11.7120,7.3350,66.250,2.230,25.890,158
10821.00,-1.9630,-11.5650,6.3520,22.850,-36.610,-22.730,158
10831.00,-1.7730,-9.5760,5.7220,-8.060,-33.720,-45.920,158
10841.00,-1.5600,-9.3060,5.6550,-4.730,-29.100,-44.210,159
10851.00,-1.6480,-9.8680,2.1930,39.290,-21.700,-38.500,159
10861.00,-1.3430,-9.9700,5.0400,127.140,29.920,-34.950,159
10871.00,-1.5860,-11.7360,8.2430,187.370,45.510,-31.170,159
10881.00,-0.9180,-12.8200,8.7780,229.000,10.880,-50.610,159
10891.00,-0.7160,-12.9320,7.5460,192.390,-4.950,-83.770,160
10901.00,0.4950,-8.8770,7.0040,144.290,4.030,-126.300,160
10911.00,1.8350,-2.7820,6.6120,78.920,25.540,-132.950,160
10921.00,2.4890,1.0190,7.9530,64.540,38.390,-79.920,160
10931.00,1.8970,-1.6040,10.9720,85.680,29.090,17.100,160
10941.00,0.6720,-9.2480,11.2070,81.440,0.010,89.540,161
10951.00,-0.5910,-10.3620,9.1230,63.020,-22.350,84.080,161
10961.00,-1.3770,-10.8490,7.2620,43.430,-23.150,74.990,161
10971.00,-1.4350,-11.0600,7.2520,34.180,-11.230,66.700,161
10981.00,-1.5490,-10.7820,8.6450,53.880,-7.300,54.430,161
10991.00,-1.5800,-11.1130,9.5590,99.570,-32.020,42.390,162
11001.00,-1.2760,-10.4250,8.1270,112.580,-64.850,23.820,162
11011.00,-1.6210,-10.7880,6.1230,81.390,-70.520,3.910,162
11021.00,-0.2970,-6.0470,7.7120,46.430,-31.340,-37.560,162
11031.00,-1.1790,-6.5910,7.1700,64.850,-52.520,-5.670,162
11041.00,-1.6830,-9.7370,4.0530,69.530,-74.060,22.860,163
11051.00,-1.3790,-9.2430,3.4360,74.880,-51.120,11.010,163
11061.00,-1.4260,-9.4260,3.0850,70.370,-10.880,-4.870,163
11071.00,-0.8300,-7.3300,4.9550,92.470,14.850,-26.690,163
11081.00,-0.6620,-6.2040,5.7290,118.610,17.020,-30.920,163
11091.00,0.1180,-6.2620,6.7590,148.850,9.910,-34.230,164
11101.00,0.7050,-6.6310,8.0180,166.110,7.380,-48.690,164
11111.00,0.7400,-5.2070,8.7870,189.860,-3.970,-72.150,164
11121.00,1.6660,-3.9970,9.1360,217.630,-23.450,-81.360,164
11131.00,1.9920,-4.9140,8.8220,242.040,-35.510,-72.910,164
11141.00,1.1030,-5.3970,7.4630,240.900,-40.560,-76.280,165
11151.00,-0.2620,-4.1260,6.0220,237.020,-32.640,-93.910,165
11161.00,-0.9580,-2.8570,6.2150,261.050,-23.780,-111.970,165
11171.00,1.4810,2.7000,6.6750,292.280,-10.760,-124.290,165
11181.00,3.1560,3.8290,9.2600,327.670,19.940,-86.140,165
11191.00,3.0220,3.8960,12.2870,327.670,27.610,-39.920,166
11201.00,2.9350,3.1350,12.5060,327.670,12.070,-4.180,166
11211.00,2.8670,0.2160,14.9310,316.190,4.800,31.050,166
11221.00,1.8480,-3.4660,13.3160,188.420,-34.910,41.990,166
11231.00,0.6190,-5.8570,12.2910,158.090,-43.630,35.250,166
11242.00,0.4230,-6.0260,9.7060,142.760,-57.280,11.100,167
11252.00,0.7110,-4.5430,8.0660,125.330,-53.900,-15.330,167
11262.00,0.5880,-3.8170,6.1040,99.120,-42.190,-32.970,167
11272.00,1.9460,0.4450,7.0460,79.290,-15.910,-50.980,167
11282.00,2.7640,-0.0160,9.3960,68.160,4.960,-38.200,167
11292.00,3.2660,1.3110,11.3320,41.700,11.310,-36.590,168
11302.00,3.8930,2.0760,13.3000,22.730,8.780,-33.640,168
11312.00,4.1700,2.1810,13.3560,1.080,-4.010,-21.420,168
11322.00,3.2200,0.7560,11.6030,-27.920,-16.120,-7.350,168
11332.00,2.5890,-1.2830,11.5560,-42.250,-10.290,-11.180,168
11342.00,2.4280,-1.4970,12.3610,-37.040,-5.650,-33.860,169
11352.00,1.9030,-1.2210,11.9520,-32.400,-17.480,-45.960,169
11362.00,1.4090,-2.1610,10.0850,-21.830,-32.340,-48.130,169
11372.00,1.7740,-2.4960,9.1560,-13.800,-29.560,-59.900,169
11382.00,1.8930,-1.0310,8.8520,-22.690,-18.060,-66.220,169
11392.00,1.6850,-1.8040,8.4620,-36.930,-8.150,-51.520,170
11402.00,1.4950,-2.2810,8.5920,-42.500,7.250,-47.580,170
11412.00,1.2640,-0.1900,8.7790,-27.730,21.920,-64.470,170
11422.00,2.0790,0.1620,11.7290,-40.500,51.090,-23.360,170
11432.00,3.1520,0.1620,13.3500,-58.140,52.740,-11.030,170
11442.00,2.4640,1.5120,14.8120,-42.810,35.740,-10.060,171
11452.00,1.6480,-1.6460,12.2150,-26.310,-8.050,12.310,171
11462.00,2.1490,-2.3210,10.7960,-19.210,-21.190,5.680,171
11472.00,2.0410,-2.6290,10.9120,-8.570,-20.190,3.280,171
11482.00,1.3260,-3.0990,8.6560,5.160,-36.400,-1.370,171
11492.00,1.3220,-1.9740,6.4830,3.760,-36.920,-20.480,172
11502.00,1.6350,-1.0830,7.6920,7.280,-17.040,-28.580,172
11512.00,1.8460,-0.3330,9.5500,4.900,-7.770,-37.630,172
11522.00,2.2100,1.4570,10.0420,-12.080,-9.660,-47.500,172
11532.00,2.4940,1.4950,11.3240,-26.080,-10.040,-31.480,172
11542.00,2.5540,0.4670,11.7410,-28.730,-20.530,-9.030,173
11552.00,2.3960,-0.9020,11.0440,-24.280,-34.260,2.320,173
11562.00,2.1820,-1.4080,10.1750,-23.880,-38.590,1.840,173
11572.00,2.0690,-1.2140,9.4700,-20.260,-38.740,-0.910,173
11582.00,1.3350,-1.0260,7.5440,-20.060,-39.510,-2.030,173
11592.00,1.1710,-0.2760,6.3460,-17.070,-29.700,-5.180,174
11602.00,1.5230,-0.2650,6.8170,-13.610,-6.650,-4.220,174
11612.00,1.5080,-0.9640,7.7910,-2.180,13.850,-3.710,174
11622.00,1.2690,-2.8060,7.7450,-49.110,58.930,-13.720,174
11632.00,1.9290,-0.8840,10.1580,-45.260,88.940,-32.550,174
11642.00,2.3290,-0.2930,13.4500,5.560,87.160,-29.840,175
11652.00,1.8290,-2.3110,12.9880,26.620,50.760,-14.140,175
11662.00,1.1700,-3.4990,10.6120,25.360,18.100,-19.930,175
11672.00,0.1240,-4.6150,7.8420,-14.410,13.060,-37.710,175
11682.00,-0.1250,-2.0510,6.7050,-23.860,33.700,-64.140,175
11692.00,0.3760,2.1700,8.7000,-15.950,57.530,-83.110,176
11702.00,0.5830,0.9050,18.0840,36.910,27.010,-39.100,176
11712.00,-0.6970,-0.4160,4.1130,142.380,-74.300,-10.380,176
11722.00,-0.6230,-1.1460,13.8100,262.030,-81.090,-6.880,176
11732.00,1.2640,0.3380,11.4100,80.710,-110.320,-10.640,176
11742.00,0.8820,1.2030,9.5220,19.370,-103.090,-23.960,177
11752.00,1.4790,1.5300,9.5650,68.600,-66.740,-21.110,177
11762.00,2.4010,-2.1400,13.0730,76.110,-44.270,-21.260,177
11772.00,1.4850,-0.0710,9.9860,4.850,-10.950,-56.020,177
11782.00,1.7860,0.5280,9.9610,2.730,-5.880,-74.010,177
11792.00,1.8900,0.3030,9.9730,2.830,-5.630,-66.470,178
11802.00,2.0470,0.2590,9.9960,2.340,-5.620,-46.270,178
11812.00,2.2810,-0.2320,10.2600,2.780,-16.990,-22.870,178
11822.00,2.4280,-0.1980,9.9420,1.890,-41.610,12.550,178
11832.00,2.4820,-0.1260,9.8730,1.570,-37.920,23.460,178
11842.00,2.4960,0.0440,9.7610,1.640,-26.040,27.180,179
11852.00,2.4760,-0.1620,9.7490,1.660,-3.670,23.090,179
11862.00,2.4210,-0.1130,9.7720,2.430,19.190,15.560,179
11872.00,2.3950,-0.1990,9.7190,2.800,42.200,9.510,179
11882.00,1.9150,-0.8670,10.5880,3.450,46.790,5.520,179
11892.00,2.1430,-0.1690,9.9490,4.710,-0.170,-3.470,180
11902.00,1.7630,-0.8070,10.5100,8.840,-0.300,-4.500,180
11912.00,1.5200,-0.7520,9.9740,5.040,16.720,0.990,180
11922.00,1.7140,-0.3970,9.9390,4.570,22.270,11.190,180
11932.00,1.5310,-0.2720,9.8970,3.550,17.930,22.460,180
11942.00,1.3160,-0.2640,9.8530,2.820,11.510,31.520,181
11952.00,1.2110,-0.1250,9.9270,1.350,2.770,33.970,181
11962.00,1.1090,-0.0650,9.8810,1.140,-2.010,31.070,181
11972.00,1.6510,-0.1680,9.9250,1.560,-8.190,25.770,181
11982.00,1.7500,-0.2160,9.9690,1.730,-12.720,27.170,181
11992.00,1.8020,-0.3010,10.0630,1.500,-13.880,31.960,182
12002.00,1.6760,-0.1690,9.9780,1.260,-12.760,38.210,182
12012.00,1.6460,-0.0990,10.0330,1.260,-13.950,38.840,182
12022.00,1.8000,-0.2670,10.0030,1.260,-11.290,40.330,182
12032.00,1.7670,-0.2220,9.9550,1.150,-11.810,45.790,182
12042.00,1.7580,-0.1560,9.9660,1.010,-13.980,49.740,183
12052.00,1.7300,-0.0780,9.9850,1.030,-15.980,49.570,183
12062.00,1.6940,-0.0560,9.9820,1.120,-16.380,44.320,183
12072.00,1.5680,-0.0140,10.0820,1.140,-16.120,36.200,183
12082.00,1.7400,-0.0390,10.0700,1.490,-12.910,25.770,183
12092.00,1.7310,-0.1170,10.0070,1.910,-7.730,12.710,184
12102.00,1.7790,-0.2450,9.9870,2.190,-5.550,2.090,184
12112.00,1.8250,-0.2090,9.9780,2.150,-5.460,-2.000,184
12122.00,1.9750,-0.2030,9.9920,2.120,-5.420,-7.470,184
12132.00,3.8570,-1.1740,10.1460,2.470,-5.390,-21.350,184
12142.00,1.0930,0.2020,9.8720,3.460,0.800,-31.760,185
12152.00,0.5940,0.5040,9.8830,2.260,-2.550,-31.060,185
12162.00,1.7180,-0.1970,9.9700,1.700,-9.240,-27.600,185
12172.00,1.8240,-0.4210,10.0940,1.500,-8.850,-21.050,185
12182.00,1.8200,-0.3130,9.9840,1.770,-5.880,-8.070,185
12192.00,1.8420,-0.2170,9.9990,1.870,-5.670,-0.960,186
12203.00,3.6100,-0.1230,10.0490,1.800,-5.630,-0.820,186
12212.00,2.2190,-0.3320,9.9680,0.050,-6.680,0.950,186
12222.00,1.4500,-0.5740,9.9860,2.030,-5.530,-2.700,186
12232.00,2.8700,-0.2340,9.9940,1.500,-6.000,6.900,186
12242.00,1.7630,-0.0030,9.9790,1.570,-6.350,4.150,187
12252.00,1.4560,-0.2690,9.9880,1.980,-6.330,-8.120,187
12263.00,1.7060,-0.2700,9.9990,1.420,-6.110,-4.410,187
12273.00,2.0090,-0.2170,9.9810,1.630,-5.650,-0.020,187
12283.00,1.6680,-0.2850,9.9910,1.780,-5.650,1.930,187
12292.00,1.6520,-0.2060,9.9910,1.870,-5.970,5.240,188
12303.00,1.8250,-0.1830,9.9990,1.960,-6.110,2.740,188
12313.00,1.7040,-0.3180,9.9870,2.150,-6.280,-5.160,188
12323.00,1.4050,-0.2970,10.0030,2.400,-6.230,-11.500,188
12333.00,1.5670,-0.2410,9.9980,2.130,-5.930,-15.960,188
12343.00,1.5540,-0.2300,9.9810,2.100,-5.630,-19.010,189
12353.00,1.6610,-0.1510,9.9970,2.170,-5.480,-17.500,189
12363.00,1.7560,-0.1020,9.9980,2.220,-5.340,-10.340,189
12373.00,1.8010,-0.1670,9.9960,2.240,-5.340,-3.340,189
12383.00,1.8050,-0.1650,10.0020,2.170,-5.390,-1.280,189
12393.00,1.8190,-0.1670,10.0030,2.170,-5.410,-0.950,190
12403.00,1.8200,-0.1710,10.0070,2.120,-5.480,-0.960,190
12413.00,1.7140,-0.0870,10.0110,2.100,-5.510,-1.820,190
12423.00,2.1200,0.0510,9.9930,1.840,-5.510,-9.050,190
12433.00,2.0800,-0.2790,10.0130,2.270,-4.550,-27.060,190
12443.00,1.7890,0.0370,9.9940,2.590,-4.780,-28.490,191
12453.00,2.3340,-0.7500,9.9910,3.130,-4.710,-25.730,191
12463.00,2.3010,-0.8090,9.9990,3.060,-4.710,-25.110,191
12473.00,2.0300,-0.5340,9.9810,2.540,-5.090,-18.590,191
12483.00,1.8470,-0.2110,9.9880,2.380,-5.270,-6.270,191
12493.00,1.8260,-0.1320,9.9870,2.290,-5.340,-1.440,192
12503.00,1.8420,-0.1280,9.9930,2.260,-5.370,-0.880,192
12513.00,1.8590,-0.1300,10.0060,2.270,-5.370,-1.030,192
12523.00,1.8520,-0.1440,10.0040,2.290,-5.410,-1.300,192
12533.00,1.8360,-0.1740,10.0030,2.240,-5.390,-1.230,192
12543.00,1.8110,-0.1750,10.0050,2.200,-5.340,-0.650,193
12553.00,1.7990,-0.1740,10.0000,2.170,-5.440,-0.510,193
12563.00,1.8110,-0.1730,9.9970,2.170,-5.480,-0.330,193
12573.00,1.8240,-0.1840,9.9980,2.200,-5.530,-0.230,193
12583.00,1.8320,-0.1890,10.0020,2.120,-5.530,-0.250,193
12593.00,1.8360,-0.2020,10.0120,2.120,-5.510,-0.260,194
12603.00,1.8440,-0.1860,10.0060,2.190,-5.510,-0.260,194
12613.00,1.8500,-0.1950,9.9970,2.170,-5.550,-0.280,194
12623.00,1.8590,-0.1980,10.0100,2.150,-5.550,-0.300,194
12633.00,1.8370,-0.1560,10.0070,2.150,-5.530,-0.020,194
12643.00,1.8340,-0.1260,10.0180,2.130,-5.530,-0.040,195
12653.00,1.8250,-0.1050,10.0170,2.130,-5.510,-0.320,195
12663.00,1.8380,-0.1040,10.0020,2.120,-5.460,-0.470,195
12673.00,1.8360,-0.1080,10.0070,2.170,-5.530,-0.490,195
12683.00,1.8220,-0.1100,9.9940,2.120,-5.480,-0.540,195
12693.00,1.8260,-0.1220,10.0160,2.200,-5.460,-0.700,196
12703.00,1.8410,-0.1590,10.0030,2.190,-5.410,-0.750,196
12713.00,1.8550,-0.1730,10.0040,2.240,-5.460,-0.490,196
12723.00,1.8690,-0.2050,10.0070,2.270,-5.390,-0.110,196
12733.00,2.4310,-1.0040,10.0330,1.940,-5.110,11.050,196
12743.00,1.9390,-0.3340,9.9910,1.540,-5.070,44.700,197
12753.00,1.8100,-0.1630,10.0180,1.990,-5.630,55.100,197
12763.00,1.7060,-0.0310,9.9970,2.190,-5.650,54.400,197
12773.00,1.6330,0.0460,9.9970,2.380,-5.630,45.210,197
12783.00,1.6900,-0.0190,10.0050,2.400,-5.650,31.960,197
12793.00,1.7020,-0.0680,10.0070,2.360,-5.580,19.380,198
12803.00,1.7390,-0.1500,10.0060,2.340,-5.490,8.860,198
12813.00,1.7910,-0.2240,10.0120,2.270,-5.420,2.250,198
12823.00,1.8230,-0.2510,10.0170,2.240,-5.440,-0.110,198
12833.00,1.8430,-0.2470,10.0120,2.240,-5.420,-0.330,198
12843.00,1.8440,-0.2410,10.0110,2.310,-5.390,-0.180,199
12853.00,1.8340,-0.2290,10.0110,2.290,-5.420,-0.050,199
12863.00,1.8250,-0.2240,10.0050,2.240,-5.370,-0.390,199
12873.00,1.8080,-0.2230,9.9970,2.200,-5.410,-0.740,199
12883.00,1.8050,-0.2170,10.0030,2.240,-5.390,-0.860,199
12893.00,1.8100,-0.2210,10.0050,2.260,-5.410,-0.960,200
12903.00,1.8170,-0.2350,10.0090,2.240,-5.420,-1.090,200
12913.00,1.8310,-0.2390,10.0110,2.240,-5.440,-1.030,200
12923.00,1.8140,-0.2540,10.0110,2.200,-5.410,-0.840,200
12933.00,1.8250,-0.2540,10.0000,2.220,-5.530,-0.770,200
12943.00,1.8410,-0.2590,10.0170,2.200,-5.490,-0.700,201
12953.00,1.8290,-0.2640,10.0040,2.220,-5.480,-0.740,201
12963.00,1.8300,-0.2560,10.0070,2.200,-5.480,-0.630,201
12973.00,1.8240,-0.2500,10.0060,2.200,-5.460,-0.650,201
12983.00,1.8260,-0.2320,10.0170,2.220,-5.410,-0.610,201
12993.00,1.8260,-0.2360,10.0160,2.190,-5.420,-0.650,202
13003.00,1.8290,-0.2230,10.0180,2.200,-5.460,-0.700,202
13013.00,1.8370,-0.2220,10.0220,2.220,-5.490,-0.650,202
13023.00,1.8350,-0.2220,10.0220,2.190,-5.480,-0.580,202
13033.00,1.8300,-0.2410,10.0160,2.200,-5.460,-0.540,202
13043.00,1.8320,-0.2520,10.0060,2.170,-5.440,-0.470,203
13053.00,1.8370,-0.2480,10.0210,2.190,-5.480,-0.530,203
13063.00,1.8280,-0.2510,10.0020,2.220,-5.460,-0.580,203
13073.00,1.8370,-0.2420,10.0120,2.190,-5.460,-0.600,203
13083.00,1.8320,-0.2470,10.0020,2.240,-5.420,-0.650,203
13093.00,1.8230,-0.2320,10.0130,2.260,-5.410,-0.670,204
13103.00,1.8250,-0.2300,10.0230,2.260,-5.410,-0.610,204
13113.00,1.8350,-0.2280,10.0160,2.270,-5.440,-0.600,204
13123.00,1.8520,-0.2340,10.0180,2.260,-5.390,-0.680,204
13133.00,1.8310,-0.2360,10.0050,2.240,-5.390,-0.740,204
13143.00,1.8420,-0.2380,10.0170,2.190,-5.460,-0.810,205
13153.00,1.8420,-0.2460,10.0160,2.240,-5.480,-0.820,205
13163.00,1.8300,-0.2440,10.0100,2.200,-5.420,-0.770,205
13173.00,1.8260,-0.2580,10.0130,2.190,-5.410,-0.650,205
13183.00,1.8250,-0.2530,10.0060,2.200,-5.390,-0.510,205
13193.00,1.8230,-0.2590,10.0130,2.240,-5.370,-0.400,206
13203.00,1.8260,-0.2460,10.0100,2.170,-5.370,-0.370,206
13213.00,1.8170,-0.2470,10.0170,2.220,-5.440,-0.400,206
13223.00,1.8140,-0.2390,10.0020,2.220,-5.420,-0.510,206
13233.00,1.8260,-0.2350,10.0060,2.170,-5.420,-0.650,206
13243.00,1.8260,-0.2330,9.9990,2.200,-5.490,-0.700,207
13253.00,1.8250,-0.2290,10.0120,2.190,-5.480,-0.740,207
13263.00,1.8350,-0.2460,10.0230,2.170,-5.490,-0.650,207
13273.00,1.8360,-0.2520,10.0030,2.220,-5.440,-0.600,207
13283.00,1.8340,-0.2570,10.0110,2.200,-5.420,-0.460,207
13294.00,1.8350,-0.2510,10.0150,2.170,-5.440,-0.460,208
13304.00,1.8370,-0.2500,10.0110,2.200,-5.440,-0.420,208
13314.00,1.8250,-0.2530,10.0190,2.220,-5.410,-0.300,208
13324.00,1.8280,-0.2470,10.0180,2.240,-5.420,-0.040,208
13334.00,1.8340,-0.2340,10.0120,2.220,-5.420,0.220,208
13344.00,1.8370,-0.2270,10.0160,2.220,-5.410,0.060,209
13354.00,1.8310,-0.2220,10.0060,2.190,-5.410,-0.190,209
13364.00,1.8360,-0.2230,10.0090,2.170,-5.460,-0.390,209
13374.00,1.8260,-0.2240,10.0130,2.240,-5.420,-0.580,209
13384.00,1.8220,-0.2290,10.0150,2.130,-5.410,-0.650,209
13394.00,1.8260,-0.2420,10.0030,2.130,-5.420,-0.610,210
13404.00,1.8340,-0.2530,10.0210,2.170,-5.390,-0.670,210
13414.00,1.8460,-0.2540,10.0170,2.150,-5.410,-0.600,210
13424.00,1.8380,-0.2560,10.0120,2.240,-5.440,-0.560,210
13434.00,1.8190,-0.2390,10.0150,2.190,-5.460,-0.540,210
13444.00,1.8080,-0.2400,10.0160,2.170,-5.460,-0.530,211
13454.00,1.8170,-0.2290,10.0020,2.260,-5.440,-0.470,211
13464.00,1.8070,-0.2210,10.0070,2.170,-5.480,-0.390,211
13474.00,1.8370,-0.2420,10.0130,2.190,-5.460,-0.330,211
13484.00,1.8360,-0.2410,10.0170,2.260,-5.410,-0.320,211
13494.00,1.8280,-0.2450,10.0150,2.220,-5.410,-0.250,212
13504.00,1.8310,-0.2410,10.0100,2.200,-5.410,-0.330,212
13514.00,1.8310,-0.2450,10.0110,2.260,-5.410,-0.510,212
13524.00,1.8360,-0.2480,10.0120,2.260,-5.350,-0.600,212
13534.00,1.8300,-0.2580,10.0130,2.310,-5.420,-0.670,212
13544.00,1.8240,-0.2390,10.0170,2.260,-5.440,-0.740,213
13554.00,1.8300,-0.2280,10.0030,2.240,-5.390,-0.790,213
13564.00,1.8340,-0.2280,10.0170,2.240,-5.390,-0.880,213
13574.00,1.8240,-0.2290,10.0180,2.400,-5.270,-0.770,213
13584.00,1.8970,-0.2660,10.4510,-1.530,-0.310,-0.020,213
13594.00,1.7640,-0.2700,9.9440,-2.550,17.580,1.510,214
13604.00,1.7000,-0.3560,9.9260,2.690,13.590,4.610,214
13614.00,1.7300,-0.3310,10.1130,2.360,10.040,10.840,214
13624.00,1.7020,-0.3240,10.0700,1.730,12.890,15.210,214
13634.00,1.6510,-0.3030,10.0960,1.770,14.800,18.840,214
13644.00,1.6240,-0.2930,10.0800,1.500,17.680,23.490,215
13654.00,1.6160,-0.2640,10.0250,1.380,19.240,24.100,215
13664.00,1.6940,-0.2560,10.0360,1.240,17.460,22.840,215
13674.00,1.6110,-0.2990,10.1040,1.070,16.060,21.480,215
13684.00,1.4090,-0.2450,10.0610,0.870,17.050,21.160,215
13694.00,1.3510,-0.2160,10.0590,1.030,17.280,18.170,216
13704.00,1.2860,-0.1930,10.0450,1.210,16.980,13.800,216
13714.00,1.2230,-0.1430,9.9300,1.520,14.880,8.130,216
13724.00,1.2740,-0.2270,9.9460,1.940,7.830,1.810,216
13734.00,1.3020,-0.2770,10.0060,2.170,1.020,-1.190,216
13744.00,1.2890,-0.2780,10.0340,2.260,-3.240,-1.730,217
13754.00,1.3010,-0.2820,10.0330,2.240,-6.460,-2.100,217
13764.00,1.2900,-0.2790,10.0490,2.290,-9.500,-2.310,217
13774.00,1.3120,-0.2870,10.1070,2.340,-10.950,-2.780,217
13784.00,1.3250,-0.2890,10.0980,2.360,-10.250,-3.690,217
13794.00,1.3360,-0.3190,10.1150,2.380,-9.480,-4.830,218
13804.00,1.3280,-0.3240,10.0860,2.400,-8.010,-5.320,218
13814.00,1.3120,-0.2880,10.0530,2.430,-7.590,-5.740,218
13824.00,1.2870,-0.2470,10.0210,2.550,-9.190,-7.840,218
13834.00,1.3780,-0.2720,10.0610,2.690,-11.690,-11.380,218
13844.00,1.4540,-0.3130,10.0600,2.850,-13.300,-14.650,219
13854.00,1.4470,-0.3050,10.0710,2.900,-14.230,-13.160,219
13864.00,1.3990,-0.3250,10.0460,2.780,-14.890,-10.730,219
13874.00,1.4160,-0.3140,10.0350,2.590,-15.870,-7.420,219
13884.00,1.4520,-0.3060,10.0570,2.410,-17.380,-4.570,219
13894.00,1.4710,-0.2960,10.0470,2.380,-17.940,-2.470,220
13904.00,1.4940,-0.2850,10.0350,2.380,-18.950,-1.590,220
13914.00,1.5060,-0.2880,10.0820,2.410,-20.180,-1.210,220
13924.00,1.5050,-0.2460,10.0550,2.410,-19.340,-1.560,220
13934.00,1.4880,-0.1850,10.0430,2.450,-18.780,-3.690,220
13944.00,1.5560,-0.2090,10.1080,2.500,-18.370,-7.630,221
13954.00,1.5980,-0.2390,10.1130,2.450,-15.420,-10.120,221
13964.00,1.6330,-0.2480,10.1000,2.430,-11.900,-10.780,221
13974.00,1.7120,-0.3420,10.1210,2.330,-9.050,-8.630,221
13984.00,1.6760,-0.2900,10.0900,2.200,-5.320,-3.060,221
13994.00,1.6420,-0.2870,10.0450,2.170,-3.390,-0.330,222
14004.00,1.6270,-0.3030,10.0400,2.130,-2.940,-0.120,222
14014.00,1.5940,-0.3010,10.0370,2.120,-2.410,-0.250,222
14024.00,1.5670,-0.3020,9.9980,2.170,-3.030,-0.390,222
14034.00,1.5610,-0.2870,10.0330,2.170,-4.690,-0.470,222
14044.00,1.5940,-0.2380,10.0760,2.190,-6.670,-0.720,223
14054.00,1.6310,-0.2280,10.0660,2.200,-5.550,-1.050,223
14064.00,1.6240,-0.2340,10.0770,2.240,-3.990,-1.090,223
14074.00,1.5960,-0.2270,10.0480,2.150,-2.970,-1.090,223
14084.00,1.5780,-0.2340,10.0160,2.120,-2.290,-1.370,223
14094.00,1.5690,-0.2450,10.0170,2.130,-3.170,-1.700,224
14104.00,1.5870,-0.2670,10.0570,2.150,-3.710,-1.700,224
14114.00,1.5840,-0.2850,10.0890,2.150,-2.900,-1.160,224
14124.00,1.5810,-0.2600,10.1320,2.130,0.250,-1.000,224
14134.00,1.5640,-0.2530,10.1470,2.100,4.890,-1.750,224
14144.00,1.5700,-0.2280,10.1790,2.120,10.420,-3.150,225
14154.00,1.5370,-0.2140,10.1700,2.190,16.970,-6.180,225
14164.00,1.4540,-0.2930,10.1380,2.340,22.640,-8.840,225
14174.00,1.3910,-0.3510,10.0950,2.290,26.660,-7.300,225
14184.00,1.3360,-0.3060,10.0710,2.010,28.480,-2.960,225
14194.00,1.2900,-0.2650,10.0270,1.780,28.060,-0.210,226
14204.00,1.2200,-0.2650,10.0050,1.730,25.610,0.370,226
14214.00,1.1740,-0.2600,9.9860,1.780,21.600,0.460,226
14224.00,1.1370,-0.2600,10.0070,1.850,16.390,0.360,226
14234.00,1.1270,-0.2700,10.0450,1.910,12.470,-0.070,226
14244.00,1.0710,-0.2520,10.0940,2.010,7.170,-0.460,227
14254.00,1.0550,-0.2400,10.0910,1.990,6.190,-0.650,227
14264.00,1.0360,-0.2400,10.0900,2.030,5.430,-0.610,227
14274.00,1.0240,-0.2520,10.0740,2.080,4.580,-0.460,227
14284.00,1.0150,-0.2620,10.0850,2.080,3.630,-0.190,227
14294.00,0.9950,-0.2770,10.0430,2.080,1.990,0.110,228
14304.00,0.9850,-0.2850,10.0190,2.050,-1.030,0.740,228
14315.00,0.9750,-0.2620,9.9680,2.030,-5.840,1.560,228
14325.00,0.9880,-0.2410,10.0190,2.130,-12.070,0.950,228
14335.00,1.0060,-0.2500,10.0310,2.190,-16.480,-0.160,228
14345.00,1.0360,-0.2480,10.0450,2.330,-20.440,-0.670,229
14355.00,1.0750,-0.2390,10.0760,2.330,-23.870,-0.740,229
14365.00,1.1160,-0.2440,10.0590,2.340,-25.620,-0.810,229
14375.00,1.1470,-0.2480,10.0350,2.430,-27.330,-0.860,229
14385.00,1.1700,-0.2580,10.0460,2.520,-29.890,-0.720,229
14395.00,1.2160,-0.2540,10.0550,2.470,-31.620,-0.190,230
14405.00,1.2570,-0.2460,10.0170,2.470,-33.420,-0.140,230
14415.00,1.3170,-0.2590,10.0490,2.520,-35.720,-0.630,230
14425.00,1.3750,-0.2640,10.0450,2.550,-37.100,-1.210,230
14435.00,1.3380,-0.2020,10.0000,2.610,-38.010,-2.400,230
14445.00,1.4500,-0.2570,10.1670,2.400,-40.370,-10.820,231
14455.00,1.5110,-0.4570,10.1850,-0.250,-36.660,-11.450,231
14465.00,1.6510,-1.8000,11.0150,-7.710,-32.740,-12.060,231
14475.00,2.5470,0.7710,7.9190,-39.120,-28.770,-23.630,231
14485.00,1.4630,-0.0580,11.2720,28.260,-6.070,-2.500,231
14495.00,1.6900,-0.2700,10.2960,18.570,-1.640,13.250,232
14505.00,1.6510,-0.2690,9.9760,4.850,-3.060,14.480,232
14515.00,1.6540,-0.2600,9.9390,8.170,-4.850,12.960,232
14525.00,1.4560,-0.1190,9.9760,9.590,-6.810,8.830,232
14535.00,1.6330,-0.1840,10.1190,5.070,-9.430,5.640,232
14545.00,1.6760,-0.2390,10.0580,2.240,-8.640,2.650,233
14555.00,1.6900,-0.2570,10.0430,2.130,-6.790,1.650,233
14565.00,1.6700,-0.2530,10.0360,2.190,-5.530,1.580,233
14575.00,1.6880,-0.2880,9.9800,2.190,-5.160,1.340,233
14585.00,1.6710,-0.3180,10.0000,2.240,-6.540,3.210,233
14595.00,1.7000,-0.4540,9.9630,2.190,-7.310,7.830,234
14605.00,1.1130,-0.4240,9.8890,2.360,-10.550,13.850,234
14615.00,1.6470,-0.4060,9.9350,2.890,-16.800,8.250,234
14625.00,0.6900,-1.9090,9.6800,1.100,-23.400,3.630,234
14635.00,1.6920,0.6300,10.0840,-0.730,-38.270,-12.900,234
14645.00,1.9890,0.1120,10.7170,-0.410,-14.700,4.100,235
14655.00,2.1760,0.1590,9.9700,-4.330,-51.660,7.920,235
14665.00,2.2700,-0.1390,9.6950,-4.230,-53.390,13.760,235
14675.00,2.2930,-0.4030,9.6880,-2.410,-37.820,14.690,235
14685.00,2.4140,-0.1690,9.6820,-0.290,-20.670,12.520,235
14695.00,2.3440,-0.3880,9.6310,2.270,-2.710,12.520,236
14705.00,2.6790,-1.1740,9.6610,5.280,19.010,10.030,236
14715.00,1.6960,-1.9410,9.9630,7.450,36.080,-2.750,236
14725.00,1.8650,1.6300,9.9490,7.540,38.470,-19.090,236
14735.00,1.6290,0.5880,10.6320,7.520,29.650,-1.000,236
14745.00,1.7870,-0.2750,9.9960,3.290,-1.940,8.420,237
14755.00,1.8320,-0.3010,10.0090,14.050,0.380,6.250,237
14765.00,1.6860,-0.1010,10.0790,9.030,0.900,4.120,237
14775.00,1.7990,-0.2350,9.9610,0.240,0.520,1.760,237
14785.00,1.7800,-0.2690,9.9750,0.330,-0.870,-1.680,237
14795.00,1.7730,-0.3110,9.9760,0.890,-2.060,-4.030,238
14805.00,1.8120,-0.3630,10.0970,2.080,-3.030,-3.060,238
14815.00,1.8230,-0.3840,10.0280,2.410,0.710,0.270,238
14825.00,1.8080,-0.3360,10.0110,2.780,3.180,4.680,238
14835.00,1.7390,-0.2790,10.0020,2.890,3.930,7.300,238
14845.00,1.6210,-0.1550,9.9490,2.960,0.620,3.930,239
14855.00,1.6610,-0.1970,9.9010,2.540,-3.640,0.000,239
14865.00,1.7210,-0.2820,9.9430,1.820,-9.400,-3.150,239
14875.00,1.5670,-0.2730,9.9150,1.310,-14.190,-2.520,239
14885.00,1.7610,-0.2970,10.0350,0.790,-18.510,-4.010,239
14895.00,1.9700,-0.3610,10.0760,1.010,-16.310,-2.920,240
14905.00,1.7950,-0.2960,10.0130,0.000,-13.880,2.460,240
14915.00,1.8220,-0.3360,9.9860,-2.460,-14.520,4.420,240
14925.00,2.3100,-0.6920,10.0820,-0.810,-14.730,5.360,240
14935.00,1.5790,-0.1850,10.0040,-1.510,-11.690,2.560,240
14945.00,1.6350,-0.1190,9.9860,0.240,-7.120,-1.380,241
14955.00,1.7750,-0.2770,9.9990,1.750,-6.090,-4.550,241
14965.00,1.7710,-0.2970,10.2580,1.750,-7.330,-5.010,241
14975.00,1.8130,-0.3000,10.1080,-0.460,-23.500,-4.380,241
14985.00,1.8610,-0.2960,9.9390,-1.160,-32.880,-3.050,241
14995.00,1.9470,-0.3050,9.9180,-0.660,-31.340,-1.660,242
15005.00,1.9680,-0.3330,9.9540,-0.180,-28.540,-0.740,242
15015.00,1.9620,-0.3370,10.1060,-0.270,-29.100,-0.840,242
15025.00,2.0270,-0.3490,9.9860,-1.920,-35.590,-2.080,242
15035.00,2.1180,-0.3390,9.9420,-2.690,-39.300,-3.410,242
15045.00,2.2580,-0.3550,9.8050,-3.020,-40.460,-2.630,243
15055.00,2.3310,-0.3570,9.7190,-2.390,-36.050,-1.580,243
15065.00,2.3470,-0.3900,9.6920,-0.740,-24.950,-0.390,243
15075.00,2.3830,-0.3940,9.5590,1.150,-11.720,-0.090,243
15085.00,2.4100,-0.3500,9.6430,4.060,7.500,0.720,243
15095.00,2.2860,-0.3640,9.9960,5.950,20.520,3.720,244
15105.00,2.2440,-0.4590,9.9320,5.460,17.400,4.330,244
15115.00,2.3110,-0.4450,9.9940,5.210,14.110,-0.260,244
15125.00,1.9210,-0.2960,10.0290,4.670,9.350,-3.130,244
15135.00,2.1420,-0.2930,9.9610,3.570,3.670,-3.330,244
15145.00,2.1880,-0.3110,9.8990,3.180,1.720,-0.460,245
15155.00,2.1290,-0.3480,9.8900,3.450,3.700,2.400,245
15165.00,2.0810,-0.3800,9.9270,3.810,5.820,2.670,245
15175.00,2.0880,-0.3630,9.8560,3.970,6.900,0.270,245
15185.00,2.0840,-0.3380,9.8520,4.640,11.470,-1.260,245
15195.00,2.0380,-0.3230,9.9930,5.250,15.880,-1.070,246
15205.00,2.0660,-0.2810,10.0280,4.920,13.800,0.060,246
15215.00,2.1650,-0.2100,9.9660,4.250,10.790,5.500,246
15225.00,1.8990,-0.3580,10.0250,4.180,9.930,13.870,246
15235.00,1.8690,-0.3720,10.0250,3.900,6.450,14.160,246
15245.00,1.5030,-1.3650,9.9190,3.450,2.930,13.060,247
15255.00,1.8000,-1.0330,9.9450,3.340,6.750,-9.150,247
15265.00,1.9140,1.1050,10.0270,2.870,7.180,-11.100,247
15275.00,1.6640,-0.6920,9.9660,3.040,4.890,-0.470,247
15285.00,2.0010,-0.2180,10.1590,3.290,5.610,-6.000,247
15295.00,1.9110,-0.2570,10.0240,2.170,-2.960,-1.930,248
15305.00,2.0290,-0.3170,10.3050,-2.760,-5.510,2.560,248
15315.00,1.9050,-0.3810,10.0980,-12.850,-5.900,8.090,248
15325.00,1.8300,-0.4670,10.0050,-14.550,-2.890,10.400,248
15335.00,1.7880,-0.3430,10.0030,-11.940,2.650,7.930,248
15346.00,1.6100,-1.7470,10.1940,-11.960,4.800,0.410,249
15356.00,1.9890,1.2750,9.7920,-13.540,7.130,-14.090,249
15366.00,1.5130,-0.4190,9.7630,-6.920,5.960,-1.210,249
15376.00,1.6910,-0.5140,9.9190,-1.880,1.930,-3.730,249
15386.00,1.7640,-0.6690,9.8960,0.610,-0.190,-2.570,249
15396.00,1.8360,-0.7260,10.0110,4.780,0.640,2.470,250
15406.00,1.7740,-1.1350,10.1530,5.200,2.160,6.080,250
15416.00,1.8050,-1.6860,10.2280,-0.660,3.700,-0.560,250
15426.00,1.7700,-0.5200,10.1860,-7.550,7.730,-10.800,250
15436.00,1.7140,0.4800,9.9150,-11.190,9.860,-9.990,250
15446.00,1.6010,0.0410,9.8880,-9.670,8.080,-2.240,251
15456.00,1.5010,-0.4480,9.8730,-3.680,0.620,4.150,251
15466.00,1.5840,-0.5500,9.9870,0.680,-0.890,2.700,251
15476.00,1.5670,-0.5160,10.0860,3.410,0.310,2.210,251
15486.00,1.7120,-0.5790,10.2000,3.240,3.650,0.340,251
15496.00,1.5520,-0.4830,10.1060,0.170,7.320,-4.220,252
15506.00,1.5940,-0.4910,10.1300,-0.810,10.770,-6.860,252
15516.00,1.5480,-0.4430,10.1090,-2.670,13.030,-7.460,252
15526.00,1.4180,-0.4720,10.0190,-5.540,13.520,-7.960,252
15536.00,1.2000,-0.5270,9.8300,-6.970,10.140,-8.000,252
15546.00,1.2440,-0.6680,9.8780,-5.780,2.320,-8.860,253
15556.00,1.3240,-0.7130,9.9440,-4.440,-4.040,-8.980,253
15566.00,1.1110,-0.0220,9.7060,-2.110,-7.800,-7.350,253
15576.00,1.0190,-0.4740,9.7310,6.670,-12.670,1.090,253
15586.00,0.9280,-0.3550,9.7870,16.100,-17.590,3.770,253
15596.00,1.1880,-0.3380,9.9610,26.720,-16.200,5.520,254
15606.00,1.1720,-0.2350,10.0100,31.740,-12.600,8.140,254
15616.00,0.8150,0.3480,9.9460,31.390,-14.300,10.370,254
15626.00,0.8390,0.7150,9.7630,30.820,-19.550,13.810,254
15636.00,-0.1970,0.4780,9.4990,32.040,-30.220,22.020,254
15646.00,0.0410,0.5160,11.4190,31.690,-51.640,29.410,255
15656.00,1.0760,-0.4450,11.6310,-12.100,-87.360,57.250,255
15666.00,0.1690,-0.1540,9.5840,-26.430,-145.020,62.080,255
15676.00,0.3310,-0.2540,9.3150,-31.260,-183.570,64.280,255
15686.00,1.6540,-0.6780,9.0360,-47.850,-222.740,71.530,255
15696.00,1.4060,-3.4180,8.6720,-58.020,-267.610,81.700,256
15706.00,1.0680,-2.7080,7.9390,-69.730,-321.090,71.600,256
15716.00,-0.1260,-3.0020,5.8240,-81.280,-327.680,77.510,256
15726.00,-0.1360,-2.9980,5.8030,-70.340,-325.660,83.320,256
15736.00,0.3070,2.2260,2.7380,-120.580,-327.680,90.880,256
15746.00,8.9240,-4.6140,2.3600,-133.850,-327.680,195.670,257
15756.00,-10.6550,-18.0800,3.4550,-257.500,-327.680,220.050,257
15766.00,-13.9110,-2.4920,-28.9250,-279.750,-285.690,-20.650,257
15776.00,0.6840,3.7380,-15.6030,-26.080,58.880,-126.950,257
15786.00,-13.6090,-14.3100,-29.4000,7.750,200.750,-83.480,257
15796.00,-17.7230,-5.1010,28.4820,36.710,327.670,-327.680,258
15806.00,0.6590,22.9910,32.7670,62.880,327.670,-327.680,258
15816.00,7.0560,24.6370,32.7670,12.600,214.660,-227.220,258
15826.00,1.7240,3.0180,5.7840,-113.160,-225.630,99.770,258
15836.00,-0.9340,-4.9070,-6.3440,-116.540,-145.620,105.650,258
15846.00,-0.3450,-0.2780,2.6410,-51.830,124.030,-18.800,259
15856.00,1.3060,1.4280,18.1260,-27.060,260.040,-14.440,259
15866.00,-0.1930,-2.0200,19.9770,-36.090,204.360,22.720,259
15876.00,-0.1650,-1.8670,15.4540,-44.740,113.020,9.400,259
15886.00,0.1750,-0.5030,12.3310,-35.220,81.140,-0.790,259
15896.00,-0.1620,-1.3020,12.1620,-26.770,95.840,9.630,260
15906.00,-0.4160,-2.2940,12.7140,-21.670,111.030,14.340,260
15916.00,-0.5160,-2.6520,12.6930,-19.660,117.010,12.360,260
15926.00,-0.3640,-3.1310,13.5540,-16.410,122.890,10.590,260
15936.00,-0.6650,-3.0830,13.9450,-18.210,118.820,4.210,260
15946.00,-0.8700,-1.7970,12.7930,-24.040,106.620,-6.440,261
15956.00,-1.0100,-1.2290,12.5700,-32.790,106.510,-5.150,261
15966.00,-1.3780,-2.3740,11.7820,-46.020,106.900,6.080,261
15976.00,-1.7800,-3.1960,11.6380,-48.970,108.050,8.550,261
15986.00,-1.5580,-2.1350,12.6000,-42.740,105.990,-2.310,261
15996.00,-0.8740,-0.7660,13.4730,-46.300,93.700,-7.440,262
16006.00,-0.6440,-1.2550,13.9800,-55.240,76.750,4.140,262
16016.00,-0.3620,-2.5450,13.8140,-64.970,59.600,14.200,262
16026.00,-1.0580,-3.6500,13.1170,-67.190,43.860,14.020,262
16036.00,0.3990,-3.2760,11.9340,-70.800,29.640,6.430,262
16046.00,-4.6790,-4.8680,9.6620,-75.000,21.320,5.830,263
16056.00,-1.8420,-3.6740,13.8970,-23.760,60.470,-5.020,263
16066.00,-2.1290,-2.4580,13.1500,-19.890,30.510,-8.940,263
16076.00,-1.3990,-0.5650,13.7210,-6.920,21.250,-14.350,263
16086.00,-1.2620,-1.7320,15.6530,-5.590,17.530,6.530,263
16096.00,-1.5510,-3.0580,15.7390,-8.410,-7.560,17.310,264
16106.00,-1.5540,-2.7440,14.2990,-9.690,-32.060,13.520,264
16116.00,-2.0430,-3.1100,13.8980,-10.930,-40.480,15.000,264
16126.00,-2.1910,-3.1640,13.2690,-12.010,-47.160,15.440,264
16136.00,-2.3350,-3.2860,13.2410,-9.600,-47.720,17.160,264
16146.00,-2.3640,-3.6190,12.7390,0.330,-47.490,17.660,265
16156.00,-2.3270,-2.8780,13.5900,9.050,-40.180,13.450,265
16166.00,-1.8170,-1.7390,14.5730,1.520,-42.050,14.250,265
16176.00,-2.2320,-2.4170,13.8070,-18.230,-58.920,29.900,265
16186.00,-2.2810,-2.3160,13.3240,-33.190,-68.600,37.050,265
16196.00,-1.9590,-2.6760,13.3450,-45.810,-71.100,44.880,266
16206.00,-2.2910,-4.4130,12.8110,-46.800,-79.330,52.030,266
16216.00,-2.8520,-4.1990,11.1430,-37.040,-90.600,41.180,266
16226.00,-2.8600,-2.7730,10.0780,-23.300,-89.200,30.700,266
16236.00,-2.7480,-2.1150,10.4800,-13.920,-77.750,34.060,266
16246.00,-2.6210,-1.4230,10.9160,-11.330,-70.140,41.950,267
16256.00,-2.0260,-1.8130,11.5800,-29.710,-73.830,74.560,267
16266.00,-2.4980,-1.9890,10.3470,-39.210,-83.810,83.940,267
16276.00,-2.2860,-2.3220,10.4430,-41.130,-80.800,92.420,267
16286.00,-2.5510,-2.9080,9.8390,-36.290,-83.510,100.460,267
16296.00,-2.2100,-2.5170,9.4640,-22.090,-84.470,99.530,268
16306.00,-1.7400,-2.0720,9.2850,-15.600,-84.280,100.510,268
16316.00,-1.9500,-1.7310,9.1990,-15.790,-88.080,101.470,268
16326.00,-1.4560,-1.4170,8.6640,-20.380,-94.340,102.700,268
16336.00,-1.7160,-2.8330,8.6930,-31.530,-94.600,110.690,268
16346.00,-2.0670,-1.7440,8.7610,-33.100,-94.290,105.970,269
16356.00,-1.3670,-2.0540,8.7750,-34.130,-94.150,112.500,269
16367.00,-1.1760,-5.9420,9.0790,-35.800,-94.430,125.920,269
16377.00,-1.0500,-6.6440,8.3300,-30.070,-100.270,106.970,269
16387.00,-1.0620,-6.8910,7.2110,-21.390,-102.620,85.860,269
16397.00,-1.0520,-6.9690,7.3560,-3.180,-97.820,68.570,270
16407.00,-0.7990,-5.4740,6.8130,18.880,-97.790,47.850,270
16417.00,-0.3320,-5.4060,4.8610,29.590,-101.060,37.280,270
16427.00,0.4670,-4.7380,5.9620,32.880,-82.210,22.210,270
16437.00,1.2900,-4.5160,7.8860,26.340,-74.150,10.870,270
16447.00,1.2350,-5.2910,6.1200,9.710,-92.330,3.520,271
16457.00,1.5320,-5.1120,6.5060,-3.370,-87.690,-29.700,271
16467.00,1.5750,-4.7340,6.9360,-17.390,-89.020,-45.780,271
16477.00,0.4590,-3.7280,3.4000,-29.290,-102.150,-60.530,271
16487.00,0.2950,-3.9400,-1.3360,-30.300,-99.030,-68.150,271
16497.00,0.7750,-4.8860,-1.6220,-29.720,-51.760,-79.700,272
16507.00,1.1710,-6.5220,0.9040,-39.590,-3.850,-96.860,272
16517.00,2.6230,-6.2380,4.3170,-55.170,24.790,-122.870,272
16527.00,-0.8010,-7.4210,6.0960,-69.680,24.190,-135.770,272
16537.00,-1.3600,-2.7670,3.7500,-76.590,22.130,-181.270,272
16547.00,-1.2570,-0.3520,4.2010,-66.260,53.450,-191.450,273
16557.00,-2.5560,-0.6620,4.6390,-50.360,75.590,-169.720,273
16567.00,-2.2060,1.3630,6.1410,-18.840,95.030,-163.980,273
16577.00,-1.2450,2.9330,8.8270,2.360,110.640,-140.390,273
16587.00,-0.2530,2.3890,11.4920,0.330,112.450,-95.550,273
16597.00,0.0570,-0.1300,13.4910,-1.250,99.020,-50.120,274
16607.00,0.5990,-1.0710,14.6790,3.780,77.100,-31.800,274
16617.00,1.2880,-1.6370,14.7010,4.180,51.350,-20.900,274
16627.00,1.2900,-3.3750,13.2070,-4.380,25.840,-6.550,274
16637.00,1.1060,-3.9990,10.8770,-12.750,8.710,-6.300,274
16647.00,2.2060,-4.3390,10.0400,-9.580,11.840,-8.000,275
16657.00,0.2400,-5.5520,9.0360,-10.950,22.040,-1.800,275
16667.00,0.1630,-2.2950,9.1200,11.570,19.770,-40.740,275
16677.00,0.8440,-1.9260,10.9080,20.770,32.580,-25.150,275
16687.00,0.8670,-2.7820,11.4520,15.010,25.490,-6.530,275
16697.00,0.6100,-5.0930,15.1760,16.870,11.470,-3.060,276
16707.00,1.3360,-1.6290,9.8030,11.550,-31.760,-21.840,276
16717.00,1.0280,-2.2440,9.9110,10.640,-36.840,-12.020,276
16727.00,1.2810,-2.7130,10.0220,8.220,-35.700,3.980,276
16737.00,1.0970,-4.8960,9.0930,0.070,-38.110,19.220,276
16747.00,1.1430,-5.6980,8.9270,-5.500,-32.270,13.220,277
16757.00,1.1480,-5.1070,8.9370,-9.040,-20.020,2.930,277
16767.00,0.8000,-4.0820,9.1590,-9.000,-13.210,0.970,277
16777.00,0.4460,-3.8790,8.7740,-9.060,-20.120,3.630,277
16787.00,0.5310,-3.5430,8.9240,-0.080,-34.890,0.650,277
16797.00,0.6240,-3.4710,9.2790,6.770,-49.750,-1.520,278
16807.00,0.8060,-3.5350,9.3610,11.130,-50.840,-8.730,278
16817.00,1.0580,-3.4950,9.5230,15.350,-42.820,-19.900,278
16827.00,1.2760,-3.5280,9.4570,14.870,-35.510,-28.070,278
16837.00,1.4560,-3.5970,9.6090,13.530,-29.260,-33.160,278
16847.00,1.6300,-3.7020,9.5190,8.590,-23.500,-32.920,279
16857.00,1.7590,-3.7770,9.4620,4.530,-19.480,-26.150,279
16867.00,1.6430,-3.7240,9.4270,-1.370,-16.120,-6.300,279
16877.00,1.4960,-3.6470,9.3790,-5.010,-17.310,1.090,279
16887.00,1.2570,-3.6030,9.2720,-6.750,-19.480,3.240,279
16897.00,1.4940,-3.6140,9.3530,-4.720,-19.160,2.350,280
16907.00,1.5260,-3.6410,9.3020,-5.070,-17.900,2.070,280
16917.00,1.6820,-3.6400,9.4860,-3.460,-12.280,1.620,280
16927.00,1.7500,-3.7200,9.3820,-2.410,-3.480,1.250,280
16937.00,1.8830,-3.7620,9.4920,1.010,7.760,4.070,280
16947.00,1.6420,-3.7240,9.3710,1.660,17.370,9.110,281
16957.00,1.7580,-3.7280,9.3040,2.080,22.600,12.620,281
16967.00,1.6220,-3.7180,9.4400,3.320,25.330,16.320,281
16977.00,1.3060,-3.6720,9.3770,2.240,26.540,19.290,281
16987.00,1.2770,-3.7180,9.3900,0.470,26.960,19.800,281
16997.00,1.1060,-3.7970,9.4380,-2.270,26.220,20.270,282
17007.00,0.8790,-4.0510,9.2790,-6.710,25.870,17.170,282
17017.00,0.8420,-4.0280,9.1290,-9.000,28.130,7.430,282
17027.00,1.0620,-2.6080,10.3870,-8.720,28.730,-1.070,282
17037.00,1.1180,-3.0070,10.5770,-12.500,9.930,7.640,282
17047.00,0.9590,-3.9510,9.3420,-14.460,-9.900,13.320,283
17057.00,0.9120,-3.6810,8.6580,-12.850,-13.180,7.570,283
17067.00,0.8600,-3.8510,8.1640,-8.320,-13.630,7.650,283
17077.00,1.1160,-4.0310,8.8860,-6.360,-5.110,6.730,283
17087.00,1.2040,-4.4310,9.1800,-10.160,-2.900,6.970,283
17097.00,1.0860,-4.5490,8.8310,-11.510,-4.060,4.960,284
17107.00,1.1070,-4.2140,8.8090,-9.020,-1.840,0.710,284
17117.00,1.1060,-3.7910,9.4390,-7.710,3.540,-2.000,284
17127.00,1.0820,-3.5800,9.8940,-8.550,3.040,-1.380,284
17137.00,1.1530,-3.7280,9.8850,-6.550,-1.380,1.160,284
17147.00,1.1350,-4.2420,10.1530,-1.970,-3.340,2.440,285
17157.00,1.0820,-4.0370,10.1120,1.420,-7.860,-1.300,285
17167.00,0.9370,-3.7530,9.4700,2.220,-16.260,-2.920,285
17177.00,0.8670,-3.7380,8.1160,0.870,-20.700,-1.440,285
17187.00,0.9040,-4.0290,8.1840,1.360,-11.530,-0.140,285
17197.00,0.9470,-4.1820,8.7500,-0.310,-4.480,-0.140,286
17207.00,0.9730,-4.3210,8.6620,0.820,-3.690,-0.230,286
17217.00,0.9230,-4.2650,8.8940,1.330,-0.440,-1.090,286
17227.00,1.0250,-3.6810,9.1620,1.150,1.550,-2.700,286
17237.00,1.0500,-4.0050,9.6390,0.190,2.810,0.860,286
17247.00,1.1270,-4.4510,10.0340,1.240,1.460,2.090,287
17257.00,1.0180,-4.8030,10.0530,4.900,-3.080,-0.020,287
17267.00,0.9670,-3.5790,9.6260,11.060,-8.850,-8.960,287
17277.00,0.8630,-3.2370,8.6350,6.960,-12.980,-5.900,287
17288.00,0.9940,-3.8180,8.7170,5.410,-8.360,-0.280,287
17297.00,1.0340,-4.0670,9.2560,4.220,-4.270,0.720,288
17307.00,0.9570,-4.0110,8.5850,0.470,-7.090,0.150,288
17317.00,1.0850,-4.0230,9.0360,0.730,-1.490,0.230,288
17327.00,1.1170,-4.2890,9.6320,1.400,0.690,0.640,288
17337.00,1.1050,-4.3580,9.5830,0.790,-4.060,-1.370,288
17347.00,1.0310,-4.0420,9.4040,4.060,-6.000,-5.040,289
17357.00,1.0520,-3.9510,9.7990,5.880,-7.540,-5.690,289
17367.00,0.9480,-4.1700,8.8860,6.280,-11.790,-5.300,289
17378.00,0.9150,-3.9870,8.8110,8.870,-7.630,-8.000,289
17388.00,0.9460,-3.7350,9.0190,9.730,-4.010,-9.100,289
17398.00,0.9060,-3.4880,8.8570,6.770,-5.200,-8.300,290
17408.00,0.9200,-2.9790,8.7680,3.830,-3.110,-6.530,290
17418.00,1.1440,-3.1880,9.5190,3.670,2.480,-0.420,290
17428.00,1.0210,-3.8100,9.7840,1.730,2.040,3.660,290
17438.00,1.1210,-3.2790,9.7450,1.840,-1.140,0.880,290
17448.00,1.1860,-3.8440,9.7950,1.560,-2.330,5.030,291
17458.00,1.2130,-4.4610,10.1930,2.570,-2.610,5.680,291
17468.00,0.9990,-3.7060,9.2120,4.780,-13.700,-3.310,291
17478.00,0.8620,-3.1540,8.9620,5.460,-12.340,-2.700,291
17488.00,0.8610,-3.4000,8.2120,3.970,-10.640,2.460,291
17498.00,1.0300,-3.9930,9.0380,3.730,-2.380,6.010,292
17508.00,1.0480,-4.4390,9.4560,3.570,-1.770,5.970,292
17518.00,0.9390,-4.4870,8.7990,2.410,-6.160,3.210,292
17528.00,0.9990,-4.3200,8.8510,2.130,-3.290,-0.190,292
17538.00,1.0070,-4.3620,9.5250,1.640,-0.350,-1.730,292
17548.00,1.0270,-3.9000,9.4520,0.630,-3.710,-4.760,293
17558.00,1.0310,-3.7590,9.6100,0.700,-4.810,-4.640,293
17568.00,1.0180,-3.7470,9.5900,3.380,-6.810,-4.270,293
17578.00,1.0400,-3.6280,9.5970,5.620,-8.640,-4.410,293
17588.00,0.9390,-3.4500,9.2310,5.670,-11.060,-3.730,293
17598.00,0.9370,-3.1810,8.5360,3.520,-11.760,-1.890,294
17608.00,0.9640,-3.6770,8.8530,0.280,-5.350,3.020,294
17618.00,1.1640,-3.8810,9.5680,-1.010,-0.720,4.500,294
17628.00,1.1490,-4.2170,9.7610,-2.720,-1.780,4.980,294
17638.00,1.1230,-4.2110,9.6080,-3.230,-4.580,3.120,294
17648.00,1.0610,-4.2620,9.4700,-3.930,-6.280,1.480,295
17658.00,1.0940,-4.2780,9.5170,-1.570,-7.000,-0.650,295
17668.00,0.9180,-3.7610,9.1520,4.860,-7.120,-6.770,295
17678.00,0.9750,-3.0990,9.1330,8.280,-5.370,-6.770,295
17688.00,0.9120,-3.5040,9.4700,8.210,-5.040,-1.580,295
17698.00,0.9600,-3.2300,9.0370,5.440,-8.400,-0.370,296
17708.00,0.9880,-3.8080,8.9520,2.730,-7.310,3.790,296
17718.00,1.1090,-4.3560,9.1330,1.870,-4.230,4.660,296
17728.00,1.0760,-4.1060,9.3950,1.870,-2.330,1.210,296
17738.00,1.1270,-3.7420,9.5030,1.100,-2.890,-0.040,296
17748.00,1.0910,-3.7160,9.5520,-0.340,-3.040,1.830,297
17758.00,1.1060,-3.8970,9.5860,-0.710,-3.220,3.170,297
17768.00,1.0820,-4.1450,9.7670,0.730,-4.440,3.190,297
17778.00,0.9930,-4.2070,9.6640,2.400,-9.050,0.950,297
17788.00,0.9280,-3.6400,9.1090,1.350,-13.470,-1.940,297
17798.00,0.9080,-3.8270,8.6120,0.190,-13.090,0.180,298
17808.00,0.8980,-3.9550,8.8300,1.450,-6.910,0.530,298
17818.00,0.9640,-3.5620,9.1890,1.770,-4.090,-1.020,298
17828.00,1.0400,-3.8950,9.1230,1.710,-4.790,1.650,298
17838.00,1.1040,-3.6980,9.7000,1.840,-4.110,1.070,298
17848.00,1.1980,-3.6940,9.4790,1.310,-7.070,1.930,299
17858.00,1.2220,-3.9310,9.9560,1.470,-7.440,3.210,299
17868.00,1.2220,-3.8890,10.3700,-0.690,-16.900,2.980,299
17878.00,1.0810,-3.5610,9.8580,-2.740,-26.390,3.120,299
17888.00,0.8030,-3.3650,9.3890,-3.330,-31.410,5.270,299
17898.00,0.7680,-2.7850,10.1400,0.590,-31.970,8.600,300
17908.00,1.5180,-2.7680,11.3190,0.370,-38.520,18.140,300
17918.00,0.7110,-3.3850,11.4240,-2.130,-54.790,28.970,300
17928.00,-0.3020,-1.9380,10.9060,10.880,-73.690,26.080,300
17938.00,1.3650,-0.0250,11.3950,20.960,-85.080,33.520,300
17948.00,0.6890,-1.7250,11.7810,19.810,-103.830,67.450,301
17958.00,0.7130,-0.9050,10.7540,18.430,-132.120,76.010,301
17968.00,0.2020,0.3450,9.1440,25.620,-154.330,85.650,301
17978.00,-0.8060,1.1540,4.9930,14.800,-173.880,102.800,301
17988.00,-2.6360,1.3510,-0.6000,14.190,-176.420,120.790,301
17998.00,-2.4880,1.5330,-3.2010,33.460,-130.460,135.670,302
18008.00,-2.1350,-0.1890,-1.6360,55.750,-57.220,158.240,302
18018.00,-1.8750,-2.8740,0.6770,64.010,-6.750,170.370,302
18028.00,-2.4940,-4.4700,0.5120,62.050,9.370,161.530,302
18038.00,-3.5730,-6.8330,2.2830,50.660,-42.930,124.500,302
18048.00,-5.0040,-3.1320,-29.7750,3.800,-61.670,125.760,303
18058.00,-4.9160,-9.8210,-11.5090,102.950,160.340,142.560,303
18068.00,-0.5740,-11.0010,5.7030,123.600,327.670,43.180,303
18078.00,-0.7510,-10.2520,3.1280,131.420,284.260,7.600,303
18088.00,-0.8680,-10.1430,7.9280,92.190,327.670,-33.300,303
18098.00,-1.3530,-6.9110,13.7040,56.800,327.670,-82.340,304
18108.00,-4.7050,-4.7950,18.4940,24.270,327.670,-103.370,304
18118.00,-4.0900,-0.3450,20.4770,-2.110,314.830,-129.730,304
18128.00,-2.9260,3.5840,19.2040,-16.060,222.360,-119.260,304
18138.00,-2.8900,2.8090,14.8210,-34.340,141.530,-61.080,304
18148.00,-3.7690,0.1380,10.5550,-42.130,109.720,-19.360,305
18158.00,-3.3120,-0.8170,9.6830,-38.750,129.580,-8.100,305
18168.00,-2.7400,-3.9660,12.6300,-38.120,164.530,10.940,305
18178.00,-2.5810,-6.6840,15.5100,-47.220,173.770,13.740,305
18188.00,-2.7510,-8.2770,16.3190,-48.830,147.620,-3.410,305
18198.00,-3.0160,-7.5260,15.3970,-46.490,112.150,-34.280,306
18208.00,-4.1160,-5.8510,14.3430,-34.590,86.810,-58.330,306
18218.00,-4.5420,-3.7000,12.0170,-23.770,65.830,-68.850,306
18228.00,-4.4180,-2.5990,11.9410,-14.100,69.890,-58.800,306
18238.00,-4.6200,-2.2390,12.4980,-8.850,74.380,-43.700,306
18248.00,-3.9840,-1.5140,13.1410,-10.210,70.200,-32.800,307
18258.00,-3.5710,-2.0870,13.8280,-26.100,62.820,-13.670,307
18268.00,-4.1300,-5.0900,14.2200,-41.190,47.710,3.560,307
18278.00,-4.9070,-5.9380,13.1860,-58.440,15.500,16.000,307
18288.00,-4.2970,-6.9480,12.6800,-47.220,10.600,14.480,307
18298.00,-4.1340,-7.8430,14.7260,-29.990,15.580,11.800,308
18308.00,-4.8080,-7.4040,15.4240,-12.750,-4.090,1.550,308
18318.00,-4.6970,-5.1990,14.9970,0.840,-31.550,-10.340,308
18328.00,-5.3930,-5.0470,14.6390,5.790,-50.640,0.530,308
18338.00,-6.2410,-4.6950,12.8360,13.740,-72.380,10.540,308
18348.00,-5.5480,-3.7190,11.5820,21.000,-76.490,21.530,309
18358.00,-5.4670,-5.8120,13.5700,18.950,-56.490,47.730,309
18368.00,-5.3270,-6.8660,16.4560,20.180,-55.510,55.640,309
18378.00,-4.8460,-6.2080,15.9730,7.330,-87.360,52.190,309
18388.00,-5.1300,-6.8250,14.1050,-4.580,-115.730,59.380,309
18398.00,-4.7150,-6.6980,14.0110,2.360,-125.470,59.610,310
18408.00,-4.1860,-6.6430,14.1770,10.040,-135.500,58.820,310
18419.00,-4.4590,-6.3150,13.1680,24.030,-155.990,55.220,310
18429.00,-3.2880,-4.5350,13.0370,45.660,-167.320,46.990,310
18439.00,-3.1330,-4.1610,13.9260,39.710,-175.020,51.960,310
18449.00,-4.0280,-4.4310,12.0230,23.900,-203.240,53.080,311
18459.00,-3.2180,-2.5040,11.7330,5.000,-216.420,41.880,311
18469.00,-3.7260,-1.1250,8.6340,-27.270,-231.720,48.310,311
18479.00,-3.7440,-3.4200,8.1410,-64.090,-247.890,69.450,311
18489.00,-3.5500,-4.8700,6.6400,-69.270,-246.890,64.130,311
18499.00,-2.7250,-3.6940,6.7980,-64.180,-240.540,41.290,312
18509.00,-2.2750,-3.9790,5.6970,-81.370,-237.630,37.540,312
18519.00,-1.9890,-6.0950,1.7250,-81.450,-238.170,37.110,312
18529.00,-0.5520,-7.1860,1.8680,-69.830,-193.850,16.440,312
18539.00,0.2170,-7.2290,4.0550,-64.010,-148.240,-12.080,312
18549.00,1.6190,-6.5470,7.2890,-68.190,-126.450,-36.590,313
18559.00,1.6890,-8.7450,9.1390,-74.610,-134.420,-47.040,313
18569.00,0.8500,-8.5630,5.0760,-71.110,-164.410,-80.710,313
18579.00,0.6250,-7.0370,1.1290,-54.220,-158.600,-118.160,313
18589.00,-0.0750,-6.0510,-1.2370,-37.420,-129.270,-141.350,313
18599.00,0.3660,-5.7240,-4.7150,-22.220,-104.820,-150.150,314
18609.00,-1.1730,-7.0820,-5.7480,-4.700,-48.300,-152.580,314
18619.00,-1.5740,-3.9730,-3.9880,10.620,34.690,-190.240,314
18629.00,-1.7390,-0.0440,1.0400,34.280,109.520,-208.090,314
18639.00,-0.8990,1.5370,5.9920,44.150,143.890,-187.090,314
18649.00,-0.6460,1.2550,8.3360,38.800,129.510,-155.260,315
18659.00,-0.4720,0.4030,7.1850,29.980,88.660,-129.060,315
18669.00,-0.7900,0.5510,6.9200,31.970,73.400,-116.430,315
18679.00,0.1480,1.3240,10.4150,40.340,110.800,-81.220,315
18689.00,0.7250,0.8470,11.6820,23.890,95.230,-59.130,315
18699.00,1.2100,0.6200,11.5480,6.750,66.390,-40.010,316
18709.00,0.7840,-1.2140,10.7770,-9.490,46.860,-13.930,316
18719.00,1.1120,-1.6340,9.8950,-11.490,42.940,-5.530,316
18729.00,1.5050,-2.0980,11.6080,-9.790,46.910,5.540,316
18739.00,1.3740,-4.2750,10.1830,-22.250,28.880,21.970,316
18749.00,1.3690,-4.9750,8.1030,-24.560,21.520,19.480,317
18759.00,1.4180,-4.9260,9.3530,-20.660,35.460,12.400,317
18769.00,1.5170,-5.3470,9.5010,-18.870,38.680,11.570,317
18779.00,1.4380,-6.1110,10.1530,-10.960,41.190,10.280,317
18789.00,1.4160,-5.7580,10.2420,-0.030,40.420,1.320,317
18799.00,1.4750,-5.1940,10.8130,7.470,37.910,-4.970,318
18809.00,1.5080,-4.6400,11.0080,11.640,31.260,-6.980,318
18819.00,1.4720,-4.6870,11.4550,11.990,21.240,-6.020,318
18829.00,1.3190,-3.9620,10.2960,12.370,7.250,-8.380,318
18839.00,1.6190,-3.5460,9.9700,10.200,3.330,-3.620,318
18849.00,0.2710,-4.4600,7.7760,5.320,-2.850,2.000,319
18859.00,0.7740,-2.4670,8.6390,7.440,14.780,-9.220,319
18869.00,0.7460,-3.6150,10.3190,3.830,17.040,3.510,319
18879.00,0.6470,-4.1160,7.2580,-8.130,6.680,6.390,319
18889.00,0.8350,-4.0610,9.9300,-6.200,24.630,4.750,319
18899.00,0.6520,-4.0150,9.7230,-7.640,11.660,4.680,320
18909.00,0.6190,-5.3340,10.3290,-8.900,3.950,4.140,320
18919.00,1.2220,-4.1630,12.3620,10.600,-35.070,-16.960,320
18929.00,0.8920,-4.2740,9.5420,-2.550,-48.580,-22.350,320
18939.00,0.9050,-3.5580,9.7340,7.090,-39.090,-21.300,320
18949.00,0.7770,-3.4830,9.1820,4.300,-42.470,-14.210,321
18959.00,0.8420,-4.4590,8.8400,6.320,-54.440,-9.640,321
18969.00,0.9960,-5.0400,8.6690,8.990,-62.790,-14.910,321
18979.00,1.5150,-5.4400,8.8150,11.160,-57.570,-24.870,321
18989.00,1.9280,-4.3560,9.5730,10.080,-44.800,-25.010,321
18999.00,1.6940,-4.2780,9.2180,3.080,-38.620,-9.590,322
19009.00,1.5800,-4.1530,9.2900,3.460,-32.580,0.760,322
19019.00,1.6150,-4.0770,9.4060,3.100,-26.480,5.920,322
19029.00,1.6660,-4.0290,9.4790,0.020,-17.080,7.460,322
19039.00,1.7120,-4.0220,9.5800,-3.390,-2.400,5.760,322
19049.00,1.2990,-3.9400,9.2450,-7.740,11.930,2.910,323
19059.00,1.2550,-3.9760,9.0100,-7.180,18.840,-2.630,323
19069.00,1.2640,-3.9440,9.2450,-2.460,19.360,-7.160,323
19079.00,1.5050,-3.6220,9.6640,-2.970,3.980,19.660,323
19089.00,1.1300,-6.0820,8.2080,-8.760,-1.350,33.270,323
19099.00,1.5270,-4.7830,9.1440,-0.100,10.470,17.490,324
19109.00,1.2700,-5.0380,8.9470,-3.810,15.110,20.030,324
19119.00,0.9000,-5.7570,8.2540,-5.210,22.090,15.140,324
19129.00,1.0390,-4.6690,9.1710,1.120,30.130,-2.400,324
19139.00,1.0070,-4.0460,10.0950,2.100,23.600,-7.840,324
19149.00,0.7890,-3.9270,9.3540,1.710,3.040,-7.260,325
19159.00,0.7620,-3.7740,7.9260,4.410,-9.500,-7.180,325
19169.00,0.8020,-4.4900,7.5910,11.230,-5.810,-4.500,325
19179.00,0.8450,-4.6930,7.6040,19.880,-2.060,-8.260,325
19189.00,0.9480,-4.1680,7.6660,18.020,0.430,-15.750,325
19199.00,1.0340,-4.1030,11.0870,29.940,-23.050,-22.630,326
19209.00,0.6480,-3.2880,9.2920,31.110,-49.680,-25.080,326
19219.00,1.3200,-3.2050,9.8320,53.430,-53.850,-19.370,326
19229.00,1.8040,-3.5720,10.0860,45.940,-53.640,-11.920,326
19239.00,1.9310,-3.3720,9.8840,25.320,-47.770,-7.770,326
19249.00,2.1030,-3.3600,10.0230,13.440,-37.750,-1.910,327
19259.00,2.0390,-3.5780,9.7200,1.470,-25.920,3.280,327
19269.00,1.7980,-3.7300,9.3750,-5.170,-16.150,6.460,327
19279.00,1.6580,-3.4100,9.4340,-3.120,-7.020,-7.190,327
19289.00,1.5150,-3.5670,9.1860,-3.490,-11.640,-2.820,327
19299.00,1.5200,-3.8760,9.2390,1.780,-15.380,2.070,328
19309.00,1.6470,-3.8960,9.4140,2.660,-14.720,4.000,328
19319.00,1.6390,-3.9140,9.2870,0.000,-10.500,4.980,328
19329.00,1.7470,-3.9840,9.4570,-0.550,-4.290,5.830,328
19339.00,1.6540,-4.4680,9.2370,-4.650,3.210,6.760,328
19349.00,1.5380,-4.7980,8.8070,-3.530,18.070,-2.960,329
19359.00,1.7020,-2.8450,9.9610,2.150,35.040,-13.670,329
19369.00,1.4560,-3.2550,9.7230,-3.670,37.900,-1.940,329
19379.00,1.2800,-3.2230,9.6510,-9.970,38.020,3.860,329
19389.00,1.3320,-3.3610,10.5810,-12.960,27.340,8.180,329
19399.00,1.1890,-4.3130,9.9320,-17.180,-0.310,12.820,330
19409.00,1.0620,-4.3260,7.9920,-17.280,-18.620,8.300,330
19419.00,1.1610,-4.0410,7.6770,-11.160,-8.730,5.450,330
19429.00,1.2930,-4.9730,8.8240,-8.360,6.550,8.510,330
19440.00,1.2870,-4.8100,9.8280,-4.630,9.700,2.680,330
19450.00,1.2820,-4.0910,9.7560,1.210,2.720,-3.200,331
19460.00,1.3810,-4.3510,9.7000,3.460,-1.800,-1.310,331
19470.00,1.3480,-4.1380,10.4560,3.360,-4.880,-4.030,331
19480.00,1.2380,-3.6770,9.0970,2.100,-23.520,-3.900,331
19490.00,1.1130,-3.5300,8.5360,-4.100,-23.660,-1.630,331
19500.00,0.9280,-4.0390,7.6910,-5.280,-20.190,2.670,332
19510.00,0.9660,-4.4230,7.5620,-6.620,-10.320,2.980,332
19520.00,1.1400,-4.2740,8.8420,-4.260,-0.260,1.110,332
19530.00,1.4540,-4.6890,9.1740,-2.690,-0.350,2.880,332
19540.00,1.3430,-5.0910,9.3020,-2.670,-0.680,1.070,332
19550.00,1.3330,-4.1180,9.1690,1.260,-1.700,-7.540,333
19560.00,1.4080,-3.7060,9.4240,5.280,-0.540,-7.700,333
19570.00,1.4100,-4.0890,9.5730,8.540,-0.790,-4.100,333
19580.00,1.4560,-3.8320,9.4220,10.310,-2.150,-6.140,333
19590.00,1.4200,-3.5680,9.8090,9.540,-3.920,-6.320,333
19600.00,1.3510,-3.7510,9.2230,5.560,-11.440,-2.980,334
19610.00,1.3170,-3.9980,8.5890,1.780,-12.700,-0.980,334
19620.00,1.3240,-4.1240,8.7140,-3.390,-7.580,-0.370,334
19630.00,1.3360,-4.3460,9.0810,-6.780,-4.150,0.080,334
19640.00,1.3670,-4.2680,9.4460,-5.730,-3.450,-1.000,334
19650.00,1.3350,-4.1750,9.2860,-6.890,-5.230,-1.580,335
19660.00,1.3680,-4.2020,9.3110,-4.860,-3.340,-1.960,335
19670.00,1.3680,-4.2500,9.8210,1.010,-0.820,-2.910,335
19680.00,1.2430,-3.2030,9.0550,7.120,-4.740,-3.450,335
19690.00,1.2030,-3.6840,8.3560,6.250,-12.650,1.580,335
19700.00,1.3770,-3.9380,9.2140,6.050,-5.040,2.750,336
19710.00,1.2830,-4.1140,9.1340,2.750,-7.190,3.420,336
19720.00,1.2190,-4.1620,8.2220,0.370,-10.220,3.540,336
19730.00,1.2820,-4.7680,8.7600,-0.900,-2.550,4.710,336
19740.00,1.4040,-4.6970,9.4920,-3.770,0.740,1.210,336
19750.00,1.4390,-4.3030,9.6490,-5.490,-3.450,-2.470,337
19760.00,1.4030,-4.1620,9.4750,-6.050,-7.860,-3.240,337
19770.00,1.3900,-3.8880,9.3710,-5.000,-10.030,-3.900,337
19780.00,1.3920,-3.6630,9.1190,-2.910,-10.970,-3.010,337
19790.00,1.2940,-3.8170,8.7690,-0.760,-10.870,-0.630,337
19800.00,1.3850,-3.7420,9.0340,2.340,-7.400,0.020,338
19810.00,1.3500,-4.0730,8.8830,2.030,-5.580,2.700,338
19820.00,1.3410,-4.2360,9.0590,2.200,-3.570,2.890,338
19830.00,1.3810,-4.0350,9.6310,-1.270,-4.160,1.480,338
19840.00,1.4690,-4.2440,9.4890,-6.500,-9.550,3.050,338
19850.00,1.2830,-4.4510,8.2040,-8.300,-10.900,3.030,339
19860.00,1.2870,-4.1130,8.6230,-7.060,-0.540,-0.140,339
19870.00,1.3960,-4.1030,9.2080,-5.240,6.080,0.830,339
19880.00,1.4400,-4.8070,9.7670,-6.170,5.470,3.330,339
19890.00,1.3650,-4.2000,9.1680,-1.250,-14.090,-3.200,339
19900.00,1.1830,-3.7340,8.2480,-4.730,-13.300,-3.150,340
19910.00,1.1710,-4.0480,8.5340,-1.080,-4.480,1.910,340
19920.00,1.1920,-4.3510,8.7460,-1.220,0.950,4.520,340
19930.00,1.1660,-4.5160,8.9180,-2.700,1.830,5.050,340
19940.00,1.2150,-4.4320,8.9870,-6.260,1.580,4.120,340
19950.00,1.1920,-4.3990,8.5410,-11.560,1.390,3.890,341
19960.00,1.1890,-4.5360,8.4670,-12.640,5.310,4.420,341
19970.00,1.2630,-4.6240,8.9450,-11.770,10.750,3.840,341
19980.00,1.2590,-4.6700,9.2550,-8.320,11.890,2.530,341
19990.00,1.2340,-4.8270,9.2920,-3.250,10.440,1.670,341
20000.00,1.1780,-4.8690,9.3600,0.840,9.230,-0.370,342
20010.00,1.2190,-4.6040,9.5270,2.450,8.020,-3.310,342
20020.00,1.2210,-4.2960,9.6280,-0.410,6.550,-5.110,342
20030.00,1.2340,-4.0110,9.6190,0.890,2.740,-4.940,342
20040.00,1.2800,-4.0050,9.7740,-1.290,-1.150,-2.640,342
20050.00,1.2720,-4.0820,9.8530,-4.730,-8.140,-0.280,343
20060.00,1.1520,-4.3020,9.2700,-4.140,-17.520,1.830,343
20070.00,1.0490,-4.4560,8.9220,-3.700,-21.520,2.490,343
20080.00,1.0340,-4.4020,8.1830,-9.700,-22.360,2.330,343
20090.00,0.9300,-4.2260,7.9960,-7.170,-16.750,-1.210,343
20100.00,1.4900,-3.7860,8.6290,-8.690,-8.850,-2.150,344
20110.00,1.3140,-4.2720,9.2200,-10.230,-6.790,2.930,344
20120.00,1.6290,-4.0980,9.6160,-14.170,-10.290,1.270,344
20130.00,1.2830,-3.9500,9.4870,-17.600,-17.110,1.950,344
20140.00,1.4060,-4.0480,8.9120,-25.890,-22.030,3.870,344
20150.00,1.1860,-4.1240,8.4710,-29.930,-20.700,4.710,345
20160.00,1.3430,-3.9270,8.7320,-28.850,-14.370,4.100,345
20170.00,1.2690,-3.8870,9.1100,-19.290,-11.550,5.470,345
20180.00,1.4230,-4.0490,9.0140,-19.310,-8.310,8.060,345
20190.00,1.2950,-4.4000,9.5700,-25.660,-2.340,10.930,345
20200.00,1.4230,-5.7020,11.1500,-14.950,-15.450,3.930,346
20210.00,1.2780,-4.4240,8.7920,-25.890,-32.150,-4.030,346
20220.00,1.0700,-4.8990,8.5890,-17.300,-28.650,1.040,346
20230.00,1.2940,-5.0720,8.7000,-12.330,-22.960,0.530,346
20240.00,1.3190,-5.2730,8.6810,-10.300,-19.090,0.110,346
20250.00,1.4530,-5.2720,8.7230,-14.220,-15.190,-1.400,347
20260.00,1.4840,-4.9320,8.6660,-14.870,-12.460,0.010,347
20270.00,1.5500,-5.5410,8.4080,-11.310,-13.770,5.430,347
20280.00,1.5300,-5.9880,8.2810,-12.710,-13.070,5.800,347
20290.00,1.5620,-5.9380,8.4330,-14.550,-3.810,6.200,347
20300.00,1.0810,-5.4990,8.4250,-17.330,3.600,6.250,348
20310.00,1.7090,-5.3180,8.5390,-16.370,9.410,7.020,348
20320.00,1.5850,-5.1600,9.2270,-12.150,12.920,11.560,348
20330.00,1.3890,-6.0440,9.6270,-9.760,6.410,14.390,348
20340.00,1.2370,-5.9330,8.7520,-9.320,-8.050,6.060,348
20350.00,1.2270,-5.7540,7.5140,-1.130,-12.860,-0.210,349
20360.00,1.1120,-5.7350,7.4280,-2.070,0.570,-2.310,349
20370.00,1.0660,-5.5220,8.4630,0.000,12.030,-3.960,349
20380.00,1.0660,-5.4160,9.0260,1.210,8.390,-4.880,349
20390.00,1.1120,-5.2340,8.3850,4.860,-1.590,-7.000,349
20400.00,1.1660,-4.8890,8.4980,5.160,-2.890,-8.400,350
20410.00,1.2950,-5.0460,8.7930,3.390,-4.090,-5.850,350
20420.00,1.3040,-5.3340,8.3720,3.710,-7.310,-4.080,350
20430.00,1.4030,-5.4050,8.5220,7.770,-5.270,-4.690,350
20440.00,1.4320,-5.4340,8.8770,5.930,-2.050,-4.520,350
20450.00,1.4330,-5.5630,8.8130,4.360,-2.990,-4.130,351
20460.00,1.3980,-5.4430,8.7520,2.150,-3.600,-5.340,351
20471.00,1.3290,-5.2880,8.8850,1.630,-7.440,-6.180,351
20481.00,1.2130,-5.3760,8.1430,3.180,-16.680,-5.620,351
20491.00,0.8940,-5.5380,6.6480,5.560,-13.470,-6.830,351
20501.00,1.0940,-5.5100,7.0030,8.030,-1.590,-7.610,352
20511.00,1.1400,-5.6680,7.8250,5.830,10.160,-7.280,352
20521.00,1.3070,-5.5340,8.3380,7.140,16.250,-8.700,352
20531.00,1.4090,-5.2530,9.0660,3.250,22.460,-9.240,352
20541.00,0.4010,-4.8140,9.8420,-1.510,25.450,-7.350,352
20551.00,-0.1260,-4.0660,10.6750,5.720,26.820,-2.210,353
20561.00,0.3900,-4.3320,11.9410,14.660,24.490,4.280,353
20571.00,1.8730,-4.9260,12.0200,-0.100,0.000,-0.580,353
20581.00,1.5820,-4.8100,10.5000,-9.410,-37.010,-8.140,353
20591.00,1.3010,-5.0180,7.7750,-16.370,-59.830,-11.670,353
20601.00,1.4500,-5.2820,6.5370,-12.030,-53.180,-13.510,354
20611.00,2.0810,-5.1920,6.7200,-10.960,-32.710,-15.380,354
20621.00,2.3240,-5.2970,7.4700,-4.350,-17.460,-12.300,354
20631.00,2.0850,-5.4120,8.3310,0.190,-7.860,-8.540,354
20641.00,1.4810,-5.1820,8.7630,2.640,-9.450,-9.010,354
20651.00,1.5700,-4.8380,8.9130,2.190,-14.650,-11.480,355
20661.00,1.6070,-4.8160,8.4530,6.580,-18.620,-10.850,355
20671.00,1.7680,-5.3740,8.3420,22.500,-26.690,-9.240,355
20681.00,1.6210,-5.2270,7.6700,16.100,-19.860,-12.060,355
20691.00,1.5090,-4.7960,8.7930,12.070,-1.150,-17.310,355
20701.00,1.5800,-4.2810,9.1820,8.380,-0.050,-17.890,356
20711.00,1.5880,-4.0920,8.9980,7.160,-5.650,-14.230,356
20721.00,1.4890,-4.1570,7.9820,8.120,-12.930,-9.190,356
20731.00,1.4340,-4.2290,7.2430,7.800,-11.720,-5.510,356
20741.00,1.4330,-4.5590,7.5850,4.990,-3.870,-1.790,356
20751.00,1.4970,-4.8950,8.1410,3.340,0.810,0.710,357
20761.00,1.5320,-5.2230,8.6110,5.480,-0.350,2.140,357
20771.00,1.4640,-5.4890,8.2850,8.240,-4.930,1.560,357
20781.00,1.4500,-5.3760,8.1690,9.870,-3.760,-1.980,357
20791.00,1.4930,-5.0690,8.5300,9.360,0.100,-4.290,357
20801.00,1.4760,-4.9850,8.5920,9.800,0.690,-4.520,358
20811.00,1.5480,-4.8870,8.8220,11.020,1.360,-5.360,358
20821.00,1.4930,-4.6760,8.9000,10.550,0.660,-6.740,358
20831.00,1.4410,-4.2620,8.7690,8.840,-0.400,-7.630,358
20841.00,1.3870,-4.1470,8.7570,10.310,-0.350,-5.440,358
20851.00,1.3690,-4.0900,8.7270,9.750,0.690,-2.120,359
20861.00,1.4820,-4.4140,9.1050,8.330,3.300,2.560,359
20871.00,1.5560,-4.9430,9.4830,6.390,3.210,5.800,359
20881.00,1.7200,-5.0510,9.5640,4.580,1.580,5.080,359
20891.00,1.7650,-5.0760,9.2490,1.750,-1.470,3.300,359
20901.00,1.8060,-5.0120,9.3430,3.690,0.950,2.860,360
20911.00,2.0300,-4.9260,10.0490,-0.660,1.510,3.160,360
20921.00,2.0250,-4.9830,9.9180,-8.040,-4.850,4.260,360
20931.00,2.0620,-5.1820,9.3290,-7.030,-12.480,5.500,360
20941.00,2.1220,-5.6030,8.7800,-5.310,-16.010,6.450,360
20951.00,1.9870,-5.8750,8.1840,-4.020,-15.660,3.590,361
20961.00,1.8640,-5.6110,8.0540,-0.730,-12.340,-2.870,361
20971.00,1.7810,-5.2480,8.5180,-3.680,-9.290,-7.280,361
20981.00,2.0230,-4.8290,7.9750,-5.640,-12.860,-9.170,361
20991.00,1.4080,-4.3880,7.4950,-9.580,-11.230,-9.100,361
21001.00,1.4540,-4.6340,8.2400,-8.920,-4.290,-4.730,362
21011.00,1.2560,-4.6250,8.8890,-8.430,-3.690,-3.410,362
21021.00,1.3870,-4.6440,8.9400,-3.810,-8.920,-1.820,362
21031.00,1.4110,-4.9810,8.4160,-0.920,-14.350,0.810,362
21041.00,1.3910,-5.3180,7.9950,-0.240,-15.400,1.110,362
21051.00,1.3250,-5.2790,7.3750,-0.290,-13.890,-2.010,363
21061.00,1.3070,-5.1690,7.5670,1.500,-7.050,-5.250,363
21071.00,1.2760,-4.7090,8.3440,-0.900,-3.040,-8.210,363
21081.00,1.3770,-4.5220,8.2220,0.350,-7.420,-7.460,363
21091.00,1.4470,-4.4850,8.1730,-1.160,-2.430,-5.360,363
21101.00,1.2750,-4.3890,8.0320,-9.900,-0.510,-2.120,364
21111.00,1.5980,-4.8030,9.4860,0.070,2.090,3.380,364
21121.00,1.5850,-5.4140,9.4640,3.290,-5.530,7.390,364
21131.00,1.7070,-5.7990,8.4650,4.360,-4.640,6.270,364
21141.00,1.8590,-5.6730,9.9000,1.000,3.600,2.600,364
21151.00,1.7940,-5.6800,9.2980,0.650,-3.530,0.290,365
21161.00,1.8400,-5.1960,9.3590,3.740,-5.160,-3.710,365
21171.00,1.8050,-5.1810,8.6230,5.350,-6.420,-3.120,365
21181.00,1.7830,-5.3670,9.0200,2.800,-1.540,-1.800,365
21191.00,1.8770,-5.4690,9.4330,0.800,-2.990,-2.240,365
21201.00,1.7280,-5.3950,8.6100,2.360,-9.960,-3.150,366
21211.00,1.7060,-5.1740,8.4570,3.690,-7.120,-3.360,366
21221.00,1.7150,-5.4190,9.2920,4.110,-4.460,-1.260,366
21231.00,1.5550,-5.5080,8.7820,2.610,-10.320,-2.750,366
21241.00,1.8180,-4.9750,8.7150,3.760,-7.400,-6.900,366
21251.00,1.8010,-4.8280,9.5600,0.840,-0.650,-4.760,367
21261.00,1.7890,-5.3440,9.7290,2.410,-6.230,-0.980,367
21271.00,1.7250,-5.2660,8.8740,3.850,-14.580,-3.310,367
21281.00,1.7270,-5.1440,8.6880,6.300,-15.570,-4.780,367
21291.00,1.6270,-4.8210,8.0560,9.400,-15.960,-4.900,367
21301.00,1.5790,-4.7380,7.8590,11.970,-13.790,-5.480,368
21311.00,1.6240,-4.7040,8.2400,10.460,-11.080,-3.830,368
21321.00,1.5570,-4.5750,8.3220,4.740,-11.740,-2.170,368
21331.00,1.6210,-4.8520,8.2310,2.520,-12.320,0.780,368
21341.00,1.6360,-5.2160,9.0490,-0.460,-10.250,1.740,368
21351.00,1.6120,-5.2160,8.3830,-0.690,-14.070,0.040,369
21361.00,1.7010,-5.1360,8.6680,0.680,-10.970,-1.330,369
21371.00,1.7680,-5.2070,8.8360,2.800,-11.010,-2.190,369
21381.00,1.8310,-4.9790,8.3040,8.190,-12.250,-3.870,369
21391.00,1.8800,-4.4810,8.6900,5.650,-8.800,-3.620,369
21401.00,1.7460,-4.1710,8.3400,-4.510,-11.760,0.150,370
21411.00,1.4940,-4.2240,7.9250,-13.220,-17.570,1.600,370
21421.00,1.5090,-4.4730,7.3710,-12.980,-26.690,-0.950,370
21431.00,1.5930,-4.6090,8.1110,0.000,-29.190,-3.830,370
21441.00,2.0170,-4.8760,9.0580,1.850,-28.450,-3.010,370
21451.00,2.1890,-5.1930,10.3250,-3.050,-32.550,-0.390,371
21461.00,2.0030,-5.4080,8.9740,-18.490,-48.300,-0.440,371
21471.00,2.2390,-5.3190,7.7470,-25.070,-51.570,-1.520,371
21481.00,1.9940,-5.2730,7.6040,-29.430,-36.070,-0.810,371
21492.00,2.0840,-4.1850,7.7200,-22.040,-22.680,-4.520,371
21502.00,2.0450,-4.3470,8.4040,4.460,-7.770,-1.400,372
21512.00,2.1220,-4.2830,8.5960,-0.550,-7.870,0.780,372
21522.00,2.2120,-4.9750,8.2380,1.470,-8.710,3.540,372
21532.00,2.1150,-5.5040,8.5070,0.070,-3.800,1.490,372
21542.00,2.3720,-5.4070,8.3470,7.420,-3.880,-3.590,372
21552.00,2.3210,-6.3020,8.5500,15.330,-0.240,-2.770,373
21562.00,2.2070,-6.8410,8.8270,19.770,0.600,-7.890,373
21572.00,2.3890,-6.0000,8.9820,21.720,-0.070,-18.590,373
21582.00,2.9340,-4.8980,9.7160,19.560,-0.860,-19.110,373
21592.00,2.7580,-4.8350,9.1230,5.320,-11.900,-9.380,373
21602.00,2.5800,-4.9260,8.0300,-15.110,-15.940,-7.330,374
21612.00,2.1900,-4.4020,7.8550,-26.050,-3.830,-12.130,374
21622.00,1.9880,-5.1480,9.7040,-23.440,13.590,-6.970,374
21632.00,2.7300,-4.0590,10.3460,-21.670,7.740,-9.890,374
21642.00,2.5680,-4.5570,8.5050,-14.830,-13.260,0.650,374
21652.00,2.6030,-5.4930,7.2230,-12.010,-14.260,12.060,375
21662.00,2.1300,-6.5930,7.1960,-5.910,-5.140,18.940,375
21672.00,2.0370,-7.4140,6.3490,-3.420,3.740,14.300,375
21682.00,2.2150,-6.5300,6.5150,6.540,22.510,-0.040,375
21692.00,1.8670,-6.2940,7.3010,17.670,37.810,-2.010,375
21702.00,1.4890,-3.7260,8.2380,16.960,52.460,-7.530,376
21712.00,0.9360,-3.9310,7.2620,21.770,47.310,0.970,376
21722.00,1.3490,-3.3050,7.4960,24.850,57.150,3.120,376
21732.00,1.1790,-4.1400,9.1700,29.980,64.230,14.360,376
21742.00,1.1850,-4.3390,8.6590,24.310,54.010,15.020,376
21752.00,1.1910,-3.9840,9.0170,18.480,49.900,14.360,377
21762.00,1.3170,-4.8450,9.1940,12.910,44.720,19.050,377
21772.00,1.0340,-8.1530,14.5360,39.040,2.620,-7.530,377
21782.00,1.4840,-3.9840,9.2420,0.840,-48.020,-39.360,377
21792.00,1.6160,-4.7350,9.0930,5.670,-45.710,-25.520,377
21802.00,1.9250,-4.3580,9.8590,-1.740,-36.140,-19.220,378
21812.00,2.1000,-4.4370,10.0420,-21.990,-26.130,-4.970,378
21822.00,2.2610,-3.5950,10.0360,-44.810,-13.650,13.360,378
21832.00,2.2270,-3.7970,10.2500,-59.860,-1.920,38.450,378
21842.00,1.4580,-4.1390,10.0100,-76.190,5.470,64.060,378
21852.00,3.6490,-7.0030,10.0210,-84.100,-5.620,70.370,379
21862.00,1.7160,-8.8300,7.2210,-100.300,-19.600,41.290,379
21872.00,1.2680,-8.3360,7.2080,-69.360,-1.210,4.070,379
21882.00,1.2810,-8.0130,8.0840,-56.520,19.940,-17.400,379
21892.00,1.8140,-6.8840,8.3110,-40.920,24.670,-33.670,379
21902.00,0.6470,-5.1560,7.2070,-8.810,-6.230,-29.350,380
21912.00,0.7770,-4.8140,6.6240,-10.230,-8.420,-25.240,380
21922.00,1.0730,-4.3030,6.4880,-12.400,-3.950,-21.330,380
21932.00,1.2610,-4.7400,6.4680,-23.130,4.070,-10.900,380
21942.00,1.3980,-5.8430,7.3290,-33.470,13.430,-3.030,380
21952.00,1.4110,-6.4460,7.7030,-41.620,13.150,-4.870,381
21962.00,1.1120,-6.6500,6.1290,-48.290,9.830,-9.570,381
21972.00,1.1740,-6.8590,5.7150,-40.540,19.730,-14.600,381
21982.00,1.2390,-6.8060,6.2140,-28.150,29.710,-21.110,381
21992.00,1.1880,-6.9210,6.2770,-23.090,33.030,-27.490,381
22002.00,2.0140,-6.3430,5.9310,-15.930,34.680,-32.550,382
22012.00,1.2620,-6.1590,5.1150,-3.820,40.850,-27.200,382
22022.00,1.6060,-5.8830,5.9620,6.160,56.870,-22.870,382
22032.00,-0.5490,-6.1960,7.1660,7.910,66.490,-21.420,382
22042.00,-0.0740,-6.2270,8.3480,1.450,76.610,-37.680,382
22052.00,1.0270,-8.1550,15.3200,36.030,66.330,-57.000,383
22062.00,1.5520,-3.7300,10.2230,26.270,-14.090,-87.690,383
22072.00,1.5020,-4.1500,10.9000,-14.640,-31.810,-72.490,383
22082.00,1.4910,-5.2220,9.0300,-25.520,-31.180,-46.900,383
22092.00,1.5180,-5.9060,8.4150,-29.150,-13.960,-37.870,383
22102.00,1.4060,-5.8400,8.0910,-16.350,28.410,-35.110,384
22112.00,1.8560,-3.5900,9.7550,2.590,37.830,-29.660,384
22122.00,1.7850,-3.5600,10.2540,12.070,19.360,8.700,384
22132.00,1.4390,-5.5680,8.6340,6.050,0.000,50.250,384
22142.00,1.1380,-7.6050,7.9720,5.490,2.040,63.720,384
22152.00,1.0330,-8.8700,8.9970,5.000,3.440,46.010,385
22162.00,1.2930,-8.0200,9.2560,-1.460,-9.710,13.250,385
22172.00,1.4900,-6.5020,8.5510,-10.770,-25.920,-4.870,385
22182.00,1.7750,-6.9750,7.3440,-23.530,-29.140,-2.140,385
22192.00,2.4070,-7.5900,7.1610,-22.920,-24.110,-3.540,385
22202.00,1.7850,-7.4450,6.1740,-21.240,-23.730,-12.790,386
22212.00,1.6580,-6.3170,6.4230,-8.090,-16.360,-21.330,386
22222.00,1.2460,-6.3290,7.5560,0.050,-10.500,-20.840,386
22232.00,1.9110,-5.6000,7.3440,1.420,-15.730,-24.640,386
22242.00,1.4950,-3.9270,6.1970,3.590,-19.070,-22.650,386
22252.00,1.9820,-3.2660,6.1610,11.040,-10.030,-3.060,387
22262.00,2.1520,-3.9070,7.1000,11.530,3.950,25.610,387
22272.00,1.5780,-4.8570,7.4500,7.210,7.970,49.830,387
22282.00,0.9180,-0.8840,-1.3470,-14.390,22.480,66.790,387
22292.00,0.4300,-6.5640,5.1340,-58.950,192.720,134.270,387
22302.00,-4.1330,-11.6250,12.8590,61.700,60.210,74.380,388
22312.00,0.4120,-7.5060,14.4720,58.450,-18.990,-30.290,388
22322.00,0.4100,-4.3580,7.2510,-120.270,-53.580,-55.810,388
22332.00,1.0250,-4.4600,6.9810,-20.310,-67.580,-27.670,388
22342.00,-0.0190,-5.8240,5.9910,-36.010,-25.970,0.320,388
22352.00,0.9090,-6.4090,7.9110,-36.780,11.120,5.450,389
22362.00,-0.6770,-8.3640,9.2960,-41.060,17.860,-0.560,389
22372.00,0.7100,-6.5810,7.5900,-55.310,18.330,-17.030,389
22382.00,0.8440,-6.5470,7.2900,-50.640,27.450,-15.790,389
22392.00,0.6120,-6.7150,7.1210,-29.500,30.830,-15.210,389
22402.00,0.5850,-6.7460,7.3480,-14.810,33.470,-14.400,390
22412.00,0.8990,-6.8180,6.9490,-4.860,31.930,-13.200,390
22422.00,0.5650,-6.8130,7.0580,13.600,27.430,-14.140,390
22432.00,0.3990,-6.4530,7.9230,22.290,21.800,-15.890,390
22442.00,0.7190,-6.0830,8.0920,9.590,15.320,-23.700,390
22452.00,-0.1170,-5.9610,8.8940,8.000,14.460,-25.320,391
22463.00,0.0590,-6.2030,8.8490,11.500,1.130,-26.410,391
22472.00,1.1890,-3.7050,9.4440,37.200,-44.800,-27.180,391
22482.00,0.7760,-5.4860,9.1450,15.850,-77.050,7.430,391
22492.00,0.5000,-6.9550,8.1890,17.180,-103.980,23.840,391
22502.00,0.6370,-7.1420,2.5260,27.820,-52.620,-7.720,392
22513.00,1.4290,-2.7360,3.7060,22.750,18.790,-13.040,392
22523.00,-1.1940,-10.6260,9.8730,84.770,40.940,-4.670,392
22533.00,0.4720,-5.8260,7.1340,217.730,12.570,-67.850,392
22543.00,1.3480,-5.4950,8.7180,245.280,14.410,-73.310,392
22553.00,1.0210,-5.1980,8.9570,235.230,7.690,-66.360,393
22563.00,1.5940,-5.0030,10.6600,192.760,-0.980,-56.000,393
22573.00,1.3570,-4.9230,8.6690,129.060,-9.050,-42.600,393
22583.00,0.7050,-4.6180,8.3310,136.240,-5.420,-35.300,393
22593.00,0.5020,-4.3220,7.2900,173.510,4.560,-34.860,393
22603.00,0.5630,-3.8290,6.2450,273.100,26.010,-40.860,394
22613.00,1.1960,-2.8630,12.5020,327.670,38.260,-45.920,394
22623.00,1.2720,-3.0230,10.4910,260.140,22.780,-36.870,394
22633.00,1.4350,-2.9870,10.1380,207.720,15.220,-21.610,394
22643.00,1.3540,-2.7420,9.9430,178.950,2.300,-3.820,394
22653.00,1.4730,-2.7480,8.6090,171.780,-9.100,15.320,395
22663.00,1.1350,-1.8860,11.1620,195.670,-14.310,35.320,395
22673.00,1.0360,-1.7350,9.2510,149.380,-47.630,42.880,395
22683.00,1.0260,-1.2640,8.9870,151.480,-72.240,45.190,395
22693.00,1.4750,-0.9990,9.9630,175.660,-89.320,41.270,395
22703.00,2.3790,1.6580,5.4500,176.150,-93.820,27.010,396
22713.00,1.9440,-1.4820,15.6810,271.130,-117.320,69.550,396
22723.00,1.2290,0.3690,13.2010,61.070,-90.630,45.350,396
22733.00,2.3980,-0.6230,10.0240,4.950,-9.590,8.810,396
22743.00,1.9810,-0.2840,9.9920,2.330,-5.830,27.920,396
22753.00,1.5930,0.0560,9.9750,2.220,-5.760,29.770,397
22763.00,1.8960,-0.1120,10.0000,2.360,-5.600,21.780,397
22773.00,2.0650,-0.2100,10.0230,2.290,-5.460,24.350,397
22783.00,1.7880,0.0030,10.0210,2.200,-5.370,28.390,397
22793.00,2.0510,-0.2330,10.0230,2.240,-5.350,27.110,397
22803.00,1.8980,-0.1360,9.9990,2.150,-5.420,35.060,398
22813.00,1.3470,0.2470,9.9860,2.170,-5.580,38.140,398
22823.00,1.5050,0.0330,9.9960,2.330,-5.510,23.790,398
22833.00,2.6330,-0.9290,10.0100,2.270,-5.560,13.180,398
22843.00,1.2680,0.2000,9.9870,1.850,-5.650,31.160,398
22853.00,1.8650,-0.3110,9.9990,2.010,-5.650,22.410,399
22863.00,1.8420,-0.3300,10.0070,1.940,-5.580,20.640,399
22873.00,1.7390,-0.2580,9.9870,1.850,-5.490,19.330,399
22883.00,1.6340,-0.1320,9.9900,2.030,-5.600,15.650,399
22893.00,1.6630,-0.1100,10.0070,2.150,-5.670,7.790,399
22903.00,1.8590,-0.1740,9.9980,2.270,-5.580,1.200,400
22913.00,1.8840,-0.1650,10.0090,2.260,-5.620,-0.350,400
22923.00,1.9260,-0.1770,10.0340,2.200,-5.550,-0.330,400
22933.00,1.9320,-0.2000,10.0240,2.260,-5.530,-0.040,400
22943.00,1.9320,-0.2440,10.0290,2.200,-5.510,0.220,400
22953.00,2.0090,-0.3620,10.0180,2.170,-5.580,1.550,401
22963.00,1.8870,-0.2760,10.0130,1.990,-5.510,6.410,401
22973.00,1.7870,-0.1810,10.0050,1.990,-5.490,7.550,401
22983.00,1.8160,-0.1620,10.0090,2.060,-5.440,4.750,401
22993.00,1.8620,-0.1720,10.0150,2.060,-5.420,2.790,401
23003.00,1.8530,-0.1600,10.0130,2.080,-5.480,2.580,402
23013.00,1.8410,-0.1260,10.0150,2.120,-5.490,2.420,402
23023.00,1.8590,-0.1360,10.0110,2.170,-5.480,2.090,402
23033.00,1.9140,-0.2160,10.0070,2.120,-5.490,2.810,402
23043.00,1.9600,-0.2890,10.0130,2.050,-5.530,5.960,402
23053.00,1.9170,-0.3010,10.0060,1.890,-5.550,10.650,403
23063.00,1.9050,-0.3000,10.0060,1.710,-5.480,13.660,403
23073.00,1.8610,-0.2940,10.0020,1.680,-5.410,15.650,403
23083.00,1.7550,-0.2270,9.9860,1.700,-5.460,16.160,403
23093.00,1.7690,-0.2050,9.9860,1.840,-5.490,13.410,403
23103.00,1.9190,-0.1980,9.9860,2.190,-5.670,10.720,404
23113.00,1.6450,-0.2180,10.0270,3.830,-6.090,13.570,404
23123.00,1.8730,-0.2110,10.0230,2.830,-5.840,10.510,404
23133.00,1.8120,-0.2750,10.0170,2.550,-5.740,9.890,404
23143.00,1.6900,-0.3200,10.0090,2.410,-5.690,8.770,404
23153.00,1.7510,-0.2640,10.0130,2.380,-5.620,5.780,405
23163.00,1.8300,-0.3270,10.0170,2.290,-5.550,1.370,405
23173.00,1.8730,-0.3750,10.0120,2.100,-5.490,-0.650,405
23183.00,1.8490,-0.3450,10.0110,2.050,-5.510,-0.820,405
23193.00,1.8500,-0.3000,9.9930,2.080,-5.530,-0.950,405
23203.00,1.8350,-0.2420,9.9990,2.260,-5.550,-1.020,406
23213.00,1.8240,-0.2150,10.0060,2.330,-5.600,-1.120,406
23223.00,1.7970,-0.1920,10.0020,2.450,-5.630,-1.140,406
23233.00,1.8290,-0.2230,9.9980,2.480,-5.650,-0.950,406
23243.00,1.8710,-0.2540,10.0090,2.470,-5.630,-0.670,406
23253.00,1.8730,-0.2570,10.0120,2.380,-5.530,-0.600,407
23263.00,1.8650,-0.2720,10.0070,2.310,-5.370,-0.700,407
23273.00,1.8690,-0.3150,10.0070,2.130,-5.390,-0.950,407
23283.00,1.8370,-0.3390,10.0020,1.890,-5.210,-0.840,407
23293.00,1.8310,-0.3260,9.9880,1.710,-5.140,-0.740,407
23303.00,1.8190,-0.3030,9.9920,1.770,-5.200,-0.630,408
23313.00,1.8370,-0.2540,10.0040,1.850,-5.350,-0.600,408
23323.00,1.8310,-0.2340,10.0060,1.770,-5.340,-0.930,408
23333.00,1.7710,-0.1630,10.1800,1.330,-5.280,-1.470,408
23343.00,1.4300,0.0630,9.8080,-1.250,-5.000,-12.290,408
23353.00,1.7410,-0.1560,9.9980,2.730,-4.880,-25.430,409
23363.00,1.8520,-0.2560,10.0000,1.850,-4.810,-26.640,409
23373.00,1.8990,-0.2820,10.0180,1.420,-4.970,-26.760,409
23383.00,1.8410,-0.2240,9.9960,0.750,-5.180,-24.760,409
23393.00,1.9840,-0.3340,10.0170,0.960,-5.200,-24.540,409
23403.00,2.0860,-0.3720,10.0670,0.960,-5.270,-19.360,410
23413.00,2.0290,-0.3200,10.0630,-0.180,-5.280,-11.800,410
23423.00,1.9780,-0.2900,10.0230,-2.410,-5.320,-6.390,410
23433.00,1.9130,-0.2810,9.9810,-3.000,-5.320,-3.130,410
23443.00,1.8470,-0.2640,9.9960,-2.270,-5.350,-1.490,410
23453.00,1.7860,-0.2460,10.0580,-2.160,-5.350,-0.680,411
23463.00,1.8020,-0.2460,10.1070,-4.910,-5.420,-0.720,411
23473.00,1.8500,-0.2840,10.0160,-9.480,-5.510,-0.750,411
23483.00,2.0920,-0.1610,9.9930,-11.190,-5.560,0.320,411
23493.00,1.8180,-0.3940,9.9870,-7.130,-5.630,7.570,411
23503.00,1.7810,-0.4180,9.9090,-6.520,-5.620,6.450,412
23513.00,1.8790,-0.4910,9.8900,2.830,-5.320,-7.210,412
23523.00,1.5210,-0.2040,9.7660,7.450,-5.280,-9.280,412
23533.00,1.6570,-0.2160,9.9120,15.470,-4.970,-20.000,412
23544.00,1.7010,-0.1910,9.8970,20.530,-4.810,-31.120,412
23554.00,2.0840,-0.3720,10.2470,28.280,-4.990,-39.530,413
23564.00,2.2940,-0.5200,10.2140,18.080,-5.620,-29.070,413
23574.00,1.9110,-0.2030,10.0050,4.780,-5.560,-8.260,413
23584.00,1.8530,-0.1360,9.9990,2.590,-5.530,-1.790,413
23594.00,2.2310,-0.5350,10.0280,2.470,-5.560,0.270,413
23604.00,2.0960,-0.5060,10.0030,2.220,-5.490,17.730,414
23614.00,2.0920,-0.2850,10.0130,2.380,-5.550,35.510,414
23624.00,2.1030,-0.1230,10.0150,2.150,-5.550,44.910,414
23634.00,1.8990,-0.2100,10.0120,1.770,-5.480,48.270,414
23644.00,1.7980,-0.1690,9.9900,1.870,-5.560,47.480,414
23654.00,1.7340,-0.1310,10.1000,1.840,-5.550,43.370,415
23664.00,1.7930,-0.2040,10.3450,-2.370,-5.280,37.090,415
23674.00,1.7850,-0.2500,10.2540,-17.180,-5.060,33.340,415
23684.00,1.7340,-0.3080,9.9740,-25.840,-4.360,30.700,415
23694.00,1.7710,-0.3940,9.9370,-19.190,3.070,25.630,415
23704.00,1.8990,-0.5120,9.9940,-17.070,4.140,23.090,416
23714.00,2.2400,-0.6740,13.1500,-67.650,-10.460,41.100,416
23724.00,3.1620,-1.6910,14.9180,-199.140,-28.210,58.810,416
23734.00,1.1880,-4.3250,16.7130,-327.680,-38.040,58.260,416
23744.00,-0.3800,-2.1000,2.5690,-327.680,-159.510,19.570,416
23754.00,1.8680,-2.0190,-1.2440,-320.770,-106.260,-12.740,417
23764.00,2.0600,-2.1970,12.5020,-2.140,-8.010,-30.400,417
23774.00,2.5600,-0.4450,10.2780,-45.810,-20.190,-30.170,417
23784.00,2.6050,-1.5080,9.2420,-63.200,-25.440,-6.440,417
23794.00,2.2420,-3.3630,9.6220,-47.750,-17.950,11.070,417
23804.00,2.1820,-4.4140,8.7400,-60.090,-8.730,7.290,418
23814.00,2.4400,-4.6630,8.6840,-67.490,16.460,-5.410,418
23824.00,2.4090,-4.2930,8.8980,-82.220,49.530,-10.290,418
23834.00,2.1910,-4.1280,8.4450,-96.800,77.690,0.550,418
23844.00,1.9100,-4.9320,9.7610,-83.540,102.580,16.910,418
23854.00,1.9130,-5.6510,13.1090,-48.050,102.260,19.170,419
23864.00,1.8200,-5.8930,14.7010,-35.620,62.850,7.920,419
23874.00,2.3370,-5.6700,14.6150,-42.340,14.200,-9.710,419
23884.00,2.5780,-5.1720,14.1610,-42.170,-22.450,-23.070,419
23894.00,2.6020,-4.3890,13.0210,-37.900,-56.490,-29.960,419
23904.00,2.0470,-3.5430,10.5280,-37.160,-85.610,-34.180,420
23914.00,2.3100,-1.8580,7.5290,-19.450,-92.560,-29.260,420
23924.00,1.9520,-2.3780,6.9140,-7.920,-79.120,-11.970,420
23934.00,1.9620,-2.9040,6.8150,5.700,-69.490,-1.490,420
23944.00,2.0290,-2.8570,6.4270,13.330,-64.750,4.050,420
23954.00,2.1050,-3.5910,6.3940,23.050,-59.060,14.340,421
23964.00,2.2120,-4.2620,6.3970,22.000,-51.570,17.800,421
23974.00,2.2300,-3.8470,6.0960,16.080,-43.610,12.240,421
23984.00,2.3190,-3.4140,5.9650,11.780,-32.780,10.490,421
23994.00,2.4820,-3.8820,6.7460,4.850,-17.410,14.340,421
24004.00,2.5540,-4.1980,7.8220,-5.080,-5.770,13.830,422
24014.00,2.5060,-4.0050,8.2870,-9.580,-4.460,9.190,422
24024.00,2.4860,-3.6770,8.2120,-9.200,-7.630,6.600,422
24034.00,2.4780,-3.8480,8.1640,-7.530,-8.120,7.860,422
24044.00,2.3670,-4.1150,8.3550,-9.340,-4.970,7.930,422
24054.00,2.3040,-4.2750,8.3760,-11.560,-3.690,6.520,423
24064.00,2.1650,-4.5110,8.2260,-10.090,-4.300,5.690,423
24074.00,2.1230,-4.5790,7.9900,-7.240,-3.830,3.800,423
24084.00,2.0210,-4.5640,8.0840,-5.470,0.040,2.070,423
24094.00,2.0390,-4.5140,8.3780,-3.540,3.040,0.290,423
24104.00,2.1000,-4.1680,8.4160,-2.910,3.470,-2.630,424
24114.00,2.3250,-3.6580,8.7080,-2.760,6.270,-0.880,424
24124.00,2.5220,-3.8150,9.1150,-3.820,7.780,1.740,424
24134.00,2.5890,-3.8840,9.2920,-4.420,5.680,3.630,424
24144.00,2.6470,-4.1860,9.1510,-0.900,0.870,6.620,424
24154.00,2.7660,-4.5430,9.1870,1.150,-1.990,8.410,425
24164.00,2.7680,-4.7290,8.9210,0.840,-4.300,7.570,425
24174.00,2.7720,-4.7900,8.4700,2.410,-4.510,5.450,425
24184.00,2.8650,-4.7880,8.8100,1.120,0.690,2.880,425
24194.00,2.8210,-4.4250,9.2310,-1.290,2.650,-0.370,425
24204.00,2.8120,-4.1490,9.1140,-2.200,-0.660,-1.280,426
24214.00,2.7570,-4.2460,9.0170,-1.390,-2.470,-0.370,426
24224.00,2.9080,-4.0010,9.1350,-3.050,-1.220,-1.630,426
24234.00,2.8590,-3.8510,9.4920,-6.060,-0.490,-0.370,426
24244.00,2.8000,-3.9610,9.4670,-5.770,-5.300,1.350,426
24254.00,2.7000,-3.6080,8.8180,-0.950,-10.550,0.670,427
24264.00,2.6970,-3.4790,8.8660,-0.940,-7.400,2.930,427
24274.00,2.6520,-3.7550,9.3600,-0.800,-5.950,7.110,427
24284.00,2.5070,-4.0830,9.0830,-0.130,-11.600,9.600,427
24294.00,2.3800,-4.2070,8.2160,-0.990,-15.100,9.400,427
24304.00,2.3010,-4.1820,8.1430,-6.120,-9.660,8.560,428
24314.00,2.2080,-4.0600,8.0170,-8.270,-4.250,9.720,428
24324.00,2.2310,-4.0210,8.3160,-5.640,-1.260,10.930,428
24334.00,2.2080,-3.9420,8.4690,-6.290,-1.450,12.450,428
24344.00,2.0810,-4.0530,8.0420,-6.290,-3.690,14.620,428
24354.00,1.8800,-3.9930,7.4080,-9.860,-0.840,14.220,429
24364.00,1.8400,-3.5970,7.2080,-12.910,8.640,12.240,429
24374.00,1.7210,-3.4820,7.2090,-16.900,20.760,12.310,429
24384.00,1.8590,-3.6900,7.4360,-24.930,34.270,11.450,429
24394.00,1.3380,-3.7060,6.1190,-58.620,45.700,0.010,429
24404.00,0.7560,-3.3870,6.4390,-53.940,62.240,-9.730,430
24414.00,0.7620,-2.2990,6.1670,-63.410,80.600,-14.820,430
24424.00,1.0820,-1.6940,6.8840,-59.540,102.380,-2.260,430
24434.00,1.3490,-1.8980,8.2080,-57.300,119.590,22.350,430
24444.00,0.8730,-3.4440,9.3700,-56.310,127.360,53.330,430
24454.00,1.8580,-6.1920,11.9660,-35.520,130.230,87.330,431
24464.00,2.4080,-15.1170,29.5780,32.550,69.400,60.500,431
24474.00,4.3280,-1.9420,3.7920,-101.070,-40.440,-19.320,431
24484.00,2.8880,-8.9820,7.8770,-49.670,-23.100,52.800,431
24494.00,1.1530,-11.4320,7.9500,-53.910,6.870,65.090,431
24504.00,0.7470,-10.1530,9.0320,-49.220,10.510,9.160,432
24514.00,1.0330,-3.5360,5.9420,-33.680,-9.550,-42.070,432
24524.00,1.0870,-3.2350,8.1200,-30.420,20.340,-25.320,432
24534.00,1.1430,-4.4020,10.9060,-22.690,24.680,-4.590,432
24544.00,1.2610,-5.0730,11.5010,-17.260,-1.420,1.020,432
24554.00,1.3960,-5.8580,10.8010,-9.770,-34.250,3.280,433
24565.00,1.6330,-7.5500,10.3360,-11.000,-54.280,6.660,433
24575.00,1.6920,-8.8840,10.1010,-5.350,-69.610,0.600,433
24585.00,1.4890,-8.6930,8.6360,2.360,-89.530,-17.940,433
24595.00,1.3450,-7.0980,6.8490,8.960,-100.430,-37.590,433
24605.00,1.1730,-5.0110,5.6310,15.170,-95.080,-46.530,434
24615.00,1.0140,-3.7890,5.0330,18.780,-77.330,-40.620,434
24625.00,0.9840,-3.2260,4.8370,21.890,-55.610,-29.260,434
24635.00,-0.2760,-2.8330,5.9790,9.610,-31.830,-15.890,434
24645.00,0.9770,-3.0990,8.2500,-16.020,-5.670,0.010,434
24655.00,0.9890,-5.4960,11.0640,-21.990,-0.470,22.320,435
24665.00,1.6610,-8.3280,11.3930,-44.930,-26.900,22.740,435
24675.00,2.2250,-8.9980,10.1810,-60.070,-61.160,-3.130,435
24685.00,2.3900,-8.4560,8.3350,-57.130,-89.760,-31.010,435
24695.00,2.7090,-8.4040,7.0620,-37.550,-105.730,-41.350,435
24705.00,1.5670,-8.7270,5.9190,-34.690,-98.700,-43.870,436
24715.00,0.3990,-11.0160,12.4230,-32.100,-60.290,-50.730,436
24725.00,1.4710,-9.5700,13.9690,-71.510,-47.900,-129.360,436
24735.00,3.3460,-7.0810,13.0390,-81.940,-93.120,-169.840,436
24745.00,5.0340,-4.1850,9.5860,-83.710,-139.020,-188.580,436
24755.00,2.3130,3.1400,1.1300,18.150,-166.510,-185.150,437
24765.00,2.9980,-1.3200,5.3150,149.480,-99.820,-76.410,437
24775.00,3.1100,-4.6030,11.7490,213.480,-79.450,-11.710,437
24785.00,-0.8510,-1.3350,6.2270,175.090,-142.900,-9.940,437
24795.00,0.6590,2.5040,1.4270,222.230,-174.440,2.910,437
24805.00,-0.2540,2.6620,-1.1010,254.170,-143.760,57.830,438
24815.00,0.4830,2.5260,-0.8780,253.940,-84.160,107.020,438
24825.00,-0.2290,1.0240,-2.8370,207.360,-30.710,150.310,438
24835.00,-1.0360,0.7310,-1.6580,244.070,9.390,166.150,438
24845.00,-1.5450,0.3020,-3.7240,239.400,30.810,177.530,438
24855.00,-2.5380,-0.2350,-6.4100,222.510,62.870,179.750,439
24865.00,-3.3390,-0.4130,-9.0620,200.460,113.580,169.390,439
24875.00,-4.3780,-1.0540,-10.4080,196.160,185.770,160.110,439
24885.00,-5.5920,-1.1060,-8.4890,217.190,278.400,156.070,439
24895.00,-6.9410,-0.5790,-9.9920,195.930,327.670,168.010,439
24905.00,-9.6780,-5.1050,0.0400,114.850,327.670,187.690,440
24915.00,-8.5260,-8.7670,17.2190,14.020,327.670,159.060,440
24925.00,-4.0900,-8.6050,17.3370,49.820,327.670,59.450,440
24935.00,-7.6600,-10.9180,23.0300,0.020,327.670,77.850,440
24945.00,-9.4750,-14.2680,31.7130,-56.290,327.670,71.670,440
24955.00,-10.7220,-11.5260,32.7670,-119.990,327.670,-14.890,441
24965.00,-9.2690,-3.7840,30.8530,-178.880,185.770,-104.160,441
24975.00,-6.3450,-0.1110,15.7560,-158.020,-42.660,-97.720,441
24985.00,-5.2280,-1.8530,9.3990,-124.520,-39.080,-35.630,441
24995.00,-5.4610,-4.0370,16.5810,-81.650,87.960,-1.120,441
25005.00,-5.8920,-3.4990,25.2490,-51.390,121.600,-3.380,442
25015.00,-6.7090,-2.0070,25.8800,-46.510,26.770,-1.190,442
25025.00,-7.4400,-2.5630,19.7670,-34.100,-86.030,29.060,442
25035.00,-7.8770,-4.3140,16.5900,4.530,-122.620,70.250,442
25045.00,-7.6280,-6.5550,19.7380,51.890,-125.070,93.470,442
25055.00,-5.6490,-5.1330,19.3780,69.890,-165.500,88.420,443
25065.00,-5.5450,-1.4670,10.2640,75.420,-186.220,103.170,443
25075.00,-6.1300,-3.4500,16.1670,99.280,-105.330,155.410,443
25085.00,-5.4280,-3.6310,18.7380,89.930,-103.970,174.110,443
25095.00,-3.8580,-2.0800,20.0620,66.760,-150.480,177.090,443
25105.00,-4.5970,-4.4060,19.9410,-1.200,-194.700,178.400,444
25115.00,-5.3350,-3.9290,23.1330,-57.850,-234.710,135.330,444
25125.00,-7.3670,-1.4970,24.5920,-115.350,-327.680,89.060,444
25135.00,-9.2360,-3.7810,23.7870,-123.120,-327.680,78.250,444
25145.00,-10.4070,-5.1520,22.1630,-189.010,-327.680,42.390,444
25155.00,-11.4610,-8.1220,15.9610,-322.550,-327.680,-2.210,445
25165.00,-11.1070,-11.4180,8.8510,-327.680,-327.680,-54.740,445
25175.00,-7.1470,-17.0890,6.6190,-317.580,-327.680,-96.530,445
25185.00,-6.2530,-17.9530,0.7330,-167.080,-327.680,-149.360,445
25195.00,-7.2680,-14.1710,-7.7490,-105.310,-327.680,-214.590,445
25205.00,-7.2940,-8.2930,-16.0490,-137.370,-327.680,-268.940,446
25215.00,-7.1530,-2.9330,-20.7990,-124.330,-327.680,-322.820,446
25225.00,-2.0020,1.1280,-13.0210,-29.510,-143.970,-327.680,446
25235.00,1.5460,-0.1650,-12.6500,-32.560,-27.820,-327.680,446
25245.00,2.0840,3.6550,-7.6540,-20.050,62.360,-327.680,446
25255.00,1.6270,4.1510,-7.1900,19.530,43.300,-288.160,447
25265.00,0.5370,4.8370,-14.1600,48.160,-6.490,-238.460,447
25275.00,-1.2470,5.9060,-16.4010,120.290,31.400,-201.570,447
25285.00,-4.0430,3.3720,-14.7880,140.890,116.170,-159.580,447
25295.00,-5.4480,0.3370,-11.2640,86.500,206.610,-132.970,447
25305.00,-5.5320,-2.7930,-4.3110,29.770,294.250,-112.040,448
25315.00,-5.2480,-4.1200,4.4570,-66.700,327.670,-94.050,448
25325.00,-3.3910,-4.3030,31.1730,-216.240,327.670,-132.880,448
25335.00,1.5610,2.0570,32.7670,-283.510,327.670,-155.030,448
25345.00,3.6220,1.4960,32.7670,-327.680,161.530,-80.480,448
25355.00,3.4970,-1.5910,25.0190,-327.680,-147.650,-7.320,449
25365.00,3.0400,-4.4670,11.3310,-327.680,-262.180,40.830,449
25375.00,2.0840,-9.0520,4.4350,-316.930,-196.050,72.470,449
25385.00,1.3080,-13.1660,4.4240,-242.230,-47.860,45.450,449
25395.00,2.0970,-11.8180,10.9780,-176.460,89.700,-45.550,449
25405.00,3.3550,-7.8050,16.2470,-152.800,121.720,-125.550,450
25415.00,3.5100,-5.6820,13.7710,-154.620,59.000,-150.570,450
25425.00,4.2770,-3.5050,10.9950,-111.270,-4.410,-141.660,450
25435.00,5.4160,-2.1520,8.9310,-48.870,-49.940,-81.040,450
25445.00,3.7360,-7.8050,8.5000,-42.500,-74.650,0.080,450
25455.00,3.3260,-10.9980,6.3150,-41.060,-107.780,-1.170,451
25465.00,4.3020,-10.1340,3.5800,-53.470,-107.470,-49.980,451
25475.00,4.4730,-8.3650,4.5970,-44.530,-68.950,-82.530,451
25485.00,4.0780,-7.9590,6.5140,-27.690,-38.940,-89.760,451
25495.00,3.8380,-8.0420,7.8240,-30.440,-24.270,-97.420,451
25505.00,4.2990,-6.5760,6.8880,-26.730,-25.550,-104.200,452
25515.00,4.8080,-5.9330,6.8130,-15.410,-19.230,-87.290,452
25525.00,4.7230,-8.2330,6.1010,20.490,-24.620,-46.590,452
25535.00,4.9100,-8.2040,4.8000,39.510,-30.240,-51.030,452
25545.00,4.0460,-8.5420,3.1410,62.420,-27.670,-60.360,452
25555.00,4.2350,-7.4160,1.6880,85.420,-2.730,-84.980,453
25565.00,4.1790,-4.7240,3.5310,90.610,51.550,-94.780,453
25575.00,4.8500,-4.2370,5.9400,116.180,74.800,-70.160,453
25585.00,4.9100,-5.3470,6.9580,124.760,67.240,-41.790,453
25596.00,4.2500,-5.5140,6.3370,102.060,50.250,-37.770,453
25606.00,3.9440,-4.2410,5.2520,79.750,35.130,-49.960,454
25616.00,4.3640,-2.8700,4.5750,69.880,28.830,-55.340,454
25626.00,4.4330,-2.1030,4.6070,37.990,36.290,-51.310,454
25636.00,3.3660,-1.5120,4.3130,-0.030,43.200,-47.900,454
25646.00,2.6950,-0.7930,4.5540,-4.030,37.810,-45.820,454
25656.00,2.7250,-0.5640,4.9360,-10.300,31.120,-36.440,455
25666.00,2.7440,-0.7510,5.5560,-22.760,26.100,-22.100,455
25676.00,3.0560,-1.5070,5.9290,-36.720,20.520,-6.530,455
25686.00,3.5770,-2.6880,7.1400,-54.730,26.800,9.140,455
25696.00,4.2410,-4.1040,8.8790,-71.650,31.440,20.950,455
25706.00,4.3420,-5.2580,9.4060,-82.980,17.630,21.270,456
25716.00,4.2470,-5.4950,8.4320,-88.580,-2.540,10.120,456
25726.00,4.3190,-4.6910,7.6280,-73.110,-3.130,-9.800,456
25736.00,3.9820,-3.7350,7.6660,-60.240,1.060,-13.880,456
25746.00,3.9540,-3.2780,7.8160,-48.870,6.130,-9.190,456
25756.00,4.1740,-3.6190,8.3090,-38.510,11.820,1.280,457
25766.00,4.1210,-4.5720,8.1670,-28.340,10.180,10.160,457
25776.00,4.3350,-5.3060,7.6790,-21.390,8.780,13.130,457
25786.00,4.7680,-5.9980,7.8200,-14.310,13.870,14.920,457
25796.00,4.6600,-6.4840,7.8420,-5.840,15.440,14.480,457
25806.00,4.5610,-6.5180,7.8600,2.520,11.940,11.420,458
25816.00,4.4530,-6.0870,8.0760,2.520,8.150,8.650,458
25826.00,4.4310,-5.8950,8.1110,1.610,3.050,9.790,458
25836.00,4.3400,-6.0220,8.0510,1.980,-0.170,13.970,458
25846.00,4.1800,-6.1960,8.0200,1.960,-3.250,17.240,458
25856.00,4.1890,-6.1770,7.4480,1.100,-8.540,18.450,459
25866.00,4.1760,-6.1370,7.0620,3.060,-8.940,21.060,459
25876.00,4.2810,-6.3910,7.3070,3.380,-4.130,25.520,459
25886.00,4.5080,-6.9170,7.7190,3.460,-1.870,29.000,459
25896.00,4.5280,-7.2580,7.8420,3.520,-4.720,29.280,459
25906.00,4.6310,-7.3450,7.6600,5.160,-10.830,26.550,460
25916.00,4.8530,-7.5630,7.5060,7.930,-17.270,23.230,460
25926.00,4.6820,-7.0950,6.6560,8.700,-23.990,13.760,460
25936.00,4.6060,-6.8600,6.5740,3.340,-22.680,11.660,460
25946.00,4.6970,-6.7320,6.7090,-3.190,-21.520,9.680,460
25956.00,4.7210,-6.6810,6.8860,-10.880,-21.730,6.920,461
25966.00,4.8050,-6.9400,6.7330,-14.290,-23.500,5.190,461
25976.00,4.8230,-7.4530,6.6590,-11.890,-23.570,2.960,461
25986.00,4.8800,-7.4930,6.4400,-6.710,-21.680,-3.500,461
25996.00,4.9340,-7.1830,6.3780,-0.550,-15.070,-10.340,461
26006.00,4.8820,-7.1000,6.7580,6.350,-7.490,-13.810,462
26016.00,4.7160,-6.5470,6.9840,9.990,-5.090,-18.480,462
26026.00,4.4870,-5.7490,6.7230,12.490,-7.160,-21.820,462
26036.00,4.1800,-5.0840,6.3860,18.600,-9.240,-20.320,462
26046.00,3.9500,-4.6850,6.5630,25.020,-8.640,-16.030,462
26056.00,3.9000,-4.6920,7.1310,23.870,-8.240,-11.460,463
26066.00,3.9170,-4.8590,7.3510,15.310,-10.410,-8.750,463
26076.00,4.0840,-5.1740,7.3060,13.820,-14.610,-7.370,463
26086.00,4.0590,-5.7840,7.3830,14.930,-15.980,-7.600,463
26096.00,4.0980,-5.6420,7.4950,15.400,-14.680,-13.840,463
26106.00,4.2460,-5.0340,7.8370,16.520,-11.370,-19.080,464
26116.00,4.2140,-4.7210,8.2800,18.180,-10.710,-18.450,464
26126.00,4.1060,-4.6070,8.5480,22.560,-15.070,-15.590,464
26136.00,4.1630,-4.4180,8.6690,44.330,-31.710,-14.140,464
26146.00,4.3530,-4.6200,9.1050,50.280,-37.710,-10.570,464
26156.00,4.4920,-4.7520,9.0910,53.110,-46.850,-7.350,465
26166.00,4.4610,-4.9550,8.6880,51.850,-55.880,-3.010,465
26176.00,4.6890,-5.2730,7.8960,45.010,-61.320,3.160,465
26186.00,4.6600,-5.8010,7.4240,36.170,-58.960,7.830,465
26196.00,4.6430,-5.6270,7.1300,33.340,-55.670,6.360,465
26206.00,4.6420,-5.4110,6.5860,32.790,-53.850,5.130,466
26216.00,4.6940,-5.0420,6.0150,32.930,-49.020,5.240,466
26226.00,4.7650,-4.8160,5.9250,38.600,-41.740,8.510,466
26236.00,5.0910,-4.9900,6.1980,36.360,-33.020,13.620,466
26246.00,5.5890,-5.2820,5.9680,35.680,-26.740,17.310,466
26256.00,5.5110,-5.6750,6.6160,39.530,-19.600,20.270,467
26266.00,5.4910,-5.6970,6.3580,36.540,-23.200,19.610,467
26276.00,5.4050,-5.7970,6.0070,27.320,-25.810,16.810,467
26286.00,5.3890,-5.9590,5.7960,21.170,-23.710,13.100,467
26296.00,5.3590,-6.1920,5.6350,15.920,-18.670,8.760,467
26306.00,5.2600,-6.0950,5.8330,12.070,-11.160,0.900,468
26316.00,5.3380,-5.7060,6.4900,7.820,-1.190,-7.540,468
26326.00,5.1110,-4.9810,6.7340,9.060,3.230,-12.690,468
26336.00,5.1740,-4.5410,7.2460,24.940,4.330,-17.820,468
26346.00,5.0120,-3.9060,8.2540,26.580,7.450,-18.550,468
26356.00,4.8750,-3.2480,8.2240,25.220,-1.150,-15.800,469
26366.00,4.7220,-3.1150,7.5120,28.300,-12.970,-7.790,469
26376.00,4.5000,-3.2610,7.0300,29.380,-17.880,0.600,469
26386.00,4.4130,-3.5180,7.0490,25.510,-18.320,6.990,469
26396.00,4.6620,-4.3010,7.1710,19.560,-15.140,10.700,469
26406.00,5.1520,-4.3410,7.9110,21.030,-12.670,9.630,470
26416.00,5.4140,-4.6310,7.9930,28.840,-18.340,12.240,470
26426.00,5.1700,-4.4260,8.1960,46.340,-26.690,16.790,470
26436.00,5.5080,-3.5700,8.5740,68.560,-38.360,23.560,470
26446.00,5.2050,-3.6920,8.2630,83.740,-51.080,34.550,470
26456.00,5.3020,-4.5160,6.6340,52.730,-56.800,29.020,471
26466.00,5.1520,-4.1430,8.8800,53.880,-40.530,12.220,471
26476.00,5.5720,-3.1480,7.7460,-5.570,-27.950,-2.470,471
26486.00,5.4710,-3.9600,9.0370,25.600,-27.530,4.080,471
26496.00,5.5220,-4.0420,8.8220,18.300,-30.430,3.800,471
26506.00,5.3750,-3.3210,8.5740,-7.950,-29.500,-0.020,472
26516.00,5.3310,-3.0530,7.7430,-57.220,-25.580,-4.950,472
26526.00,5.7840,-4.0650,6.1910,-38.680,-26.600,9.460,472
26536.00,5.3820,-5.4050,5.0670,-19.220,-43.710,27.250,472
26546.00,5.2730,-5.3280,5.1390,-23.510,-31.480,22.930,472
26556.00,4.9840,-5.0110,5.8970,-25.170,-22.850,18.700,473
26566.00,5.0100,-4.7010,5.1190,-36.880,-23.030,15.210,473
26576.00,4.8610,-4.2730,4.4330,-28.530,-22.540,14.230,473
26586.00,4.8810,-4.3140,3.9330,-7.150,-17.030,18.400,473
26596.00,4.0390,-3.7190,3.2590,-16.390,-4.790,19.750,473
26606.00,4.0450,-3.0550,4.4420,-12.430,12.470,21.580,474
26617.00,3.8730,-3.0840,5.3820,-8.600,19.380,30.470,474
26627.00,3.8020,-3.3330,5.3330,-3.120,16.020,36.900,474
26637.00,4.1530,-3.3370,5.6260,-6.010,18.020,38.660,474
26647.00,4.5320,-4.0190,6.4570,-17.210,20.690,44.680,474
26657.00,5.1900,-5.2110,6.6810,-21.990,15.720,49.830,475
26667.00,6.0150,-6.4640,6.7200,-26.500,9.840,50.020,475
26677.00,6.5890,-7.1050,6.2660,-16.160,6.850,47.050,475
26687.00,6.8530,-8.6830,5.2310,27.740,1.480,45.660,475
26697.00,6.3970,-10.9240,4.2550,-20.400,40.310,29.230,475
26707.00,7.6030,-10.0120,8.4530,-37.130,100.230,-19.320,476
26717.00,7.6520,-8.7920,11.6730,-39.350,109.490,-56.930,476
26727.00,8.1850,-8.2800,12.7330,-37.410,73.040,-76.720,476
26737.00,8.6500,-8.6720,11.9710,-58.110,1.670,-112.600,476
26747.00,9.4750,-7.8620,12.5670,-53.420,-5.200,-135.260,476
26757.00,8.4720,-7.4030,11.6750,-77.810,-11.300,-143.730,477
26767.00,7.1090,-5.4220,10.8760,-81.540,-9.710,-155.490,477
26777.00,7.0980,-2.3540,10.5810,-82.630,8.370,-159.150,477
26787.00,7.6390,-0.8910,10.8550,-86.700,26.430,-133.490,477
26797.00,7.6850,-2.6410,11.1150,-70.520,29.290,-83.860,477
26807.00,7.0140,-5.0770,10.2560,-35.150,13.800,-49.210,478
26817.00,6.2240,-5.5820,8.7630,-15.130,-3.850,-47.580,478
26827.00,6.1390,-4.2830,8.6400,-1.130,-10.730,-59.120,478
26837.00,6.2090,-3.0430,9.1010,-1.300,-16.130,-58.960,478
26847.00,6.5280,-4.7380,10.0550,-20.360,-23.100,-44.840,478
26857.00,5.7300,-6.6780,9.2590,-43.080,-44.270,-42.950,479
26867.00,5.1630,-5.8060,7.8900,-38.810,-66.530,-64.030,479
26877.00,4.3860,-4.7590,9.3730,-33.400,-68.210,-84.880,479
26887.00,3.6350,-1.3060,7.8890,-55.470,-87.760,-103.920,479
26897.00,2.9650,0.9020,5.5560,-58.810,-110.370,-95.920,479
26907.00,2.8340,2.0190,1.7630,-66.670,-126.050,-65.590,480
26917.00,4.5520,0.7040,-1.6230,-75.640,-120.750,-27.490,480
26927.00,6.0270,-3.4430,-1.8950,-87.880,-87.310,10.050,480
