ts_ms,ax_ms2,ay_ms2,az_ms2,gx_dps,gy_dps,gz_dps,seq,load_kg
10792.00,0.8090,2.8880,9.6700,8.290,-2.040,-5.460,0,100.0
10802.00,0.7940,2.8800,9.6610,15.080,-1.590,-8.470,0,100.0
10812.00,0.7570,2.9010,9.6380,19.700,-1.450,-11.040,0,100.0
10822.00,0.7530,2.9560,9.6080,22.150,-1.520,-11.910,0,100.0
10832.00,0.7570,3.0790,9.5900,20.000,-1.800,-11.930,0,100.0
10842.00,0.7520,3.0900,9.6250,17.180,-2.480,-13.000,1,100.0
10852.00,0.7540,3.1290,9.4750,14.990,-2.410,-10.440,1,100.0
10862.00,0.7090,3.2250,9.6500,17.270,-1.660,-9.670,1,100.0
10872.00,0.6980,2.9390,9.5850,15.780,-2.570,-11.810,1,100.0
10882.00,0.6900,2.7990,9.6140,12.980,-2.110,-6.100,1,100.0
10892.00,0.7310,3.2980,9.7290,22.640,-1.310,3.640,2,100.0
10902.00,0.7480,3.3480,9.2420,35.100,-0.610,3.830,2,100.0
10912.00,0.7320,3.1600,9.5120,13.470,-0.730,1.820,2,100.0
10922.00,0.8060,3.3580,9.6400,4.140,-1.970,-2.150,2,100.0
10932.00,0.7460,3.1650,9.4920,8.290,-3.460,-10.360,2,100.0
10942.00,0.7820,3.3610,9.6200,13.980,-2.310,-10.110,3,100.0
10952.00,0.7740,3.3660,9.6250,27.560,-1.220,-8.450,3,100.0
10962.00,0.7570,3.3400,9.5170,49.420,1.500,-1.470,3,100.0
10972.00,0.7360,3.4830,9.4680,66.340,4.130,5.180,3,100.0
10982.00,0.6480,3.5070,9.2390,68.530,5.020,5.280,3,100.0
10992.00,0.6360,3.6010,9.4830,40.110,2.040,4.040,4,100.0
11002.00,0.6380,3.8140,9.3820,52.900,3.480,4.560,4,100.0
11012.00,0.5670,4.2200,9.2250,67.060,5.460,4.560,4,100.0
11022.00,0.6800,4.1610,9.1070,75.390,3.880,-6.160,4,100.0
11032.00,0.6830,3.8420,9.0190,59.370,1.040,-8.130,4,100.0
11042.00,0.6060,4.0460,9.2230,29.060,0.730,2.340,5,100.0
11052.00,0.6280,4.1090,9.1720,27.840,0.150,5.050,5,100.0
11062.00,0.6310,4.0580,9.0140,24.110,0.150,6.770,5,100.0
11072.00,0.6750,4.3270,9.1480,8.330,0.560,11.280,5,100.0
11082.00,0.6380,4.1680,9.0660,12.610,2.320,14.890,5,100.0
11092.00,0.6670,4.3860,9.0490,7.210,4.000,23.040,6,100.0
11102.00,0.6420,4.3440,9.0540,1.290,2.880,23.870,6,100.0
11112.00,0.6300,4.2770,9.1420,-2.430,1.940,22.270,6,100.0
11122.00,0.6850,4.2520,9.1630,-0.520,1.260,18.790,6,100.0
11132.00,0.7100,4.2930,9.1400,8.500,0.800,12.470,6,100.0
11142.00,0.6970,4.2690,9.0320,15.450,-0.030,5.490,7,100.0
11152.00,0.6970,4.3040,9.0490,9.930,-0.400,2.310,7,100.0
11162.00,0.7050,4.3590,9.0440,4.620,-0.980,1.690,7,100.0
11172.00,0.7090,4.3330,9.0610,0.850,-1.820,2.030,7,100.0
11182.00,0.6580,4.1510,9.0960,-1.890,-2.340,2.170,7,100.0
11192.00,0.6530,4.1520,9.1020,-10.060,-2.900,1.290,8,100.0
11202.00,0.6600,4.1970,9.1250,-15.340,-3.460,0.730,8,100.0
11212.00,0.6660,4.2190,9.1350,-15.890,-3.900,0.800,8,100.0
11222.00,0.6690,4.1920,9.1560,-12.840,-3.790,1.330,8,100.0
11232.00,0.6560,4.1380,9.1470,-11.230,-3.640,1.610,8,100.0
11242.00,0.6490,4.1270,9.1870,-12.390,-3.720,1.540,9,100.0
11252.00,0.6320,4.1390,9.2320,-9.930,-3.580,1.710,9,100.0
11262.00,0.6350,4.1700,9.2490,-0.280,-2.670,2.390,9,100.0
11272.00,0.5530,4.2530,9.6440,13.870,-1.750,3.570,9,100.0
11282.00,0.7750,4.3010,8.6150,37.570,-21.430,6.820,9,100.0
11292.00,0.6110,4.0950,8.9690,39.370,6.860,6.940,10,100.0
11302.00,0.6180,4.5550,9.5850,35.490,12.930,7.990,10,100.0
11312.00,0.7040,4.4780,8.4860,45.080,-5.740,16.730,10,100.0
11322.00,0.6290,4.3200,9.2290,25.840,11.300,19.910,10,100.0
11332.00,0.2850,4.5850,8.9680,16.790,0.770,15.480,10,100.0
11342.00,0.3910,4.5840,9.0230,8.380,-5.680,11.200,11,100.0
11352.00,1.1650,4.4610,8.9280,7.630,-8.920,7.190,11,100.0
11362.00,0.8750,4.4130,9.0130,8.730,-7.140,10.580,11,100.0
11372.00,0.9700,4.3650,9.0710,10.830,-5.180,12.820,11,100.0
11382.00,0.9170,4.3740,9.0120,15.900,-4.190,12.580,11,100.0
11392.00,0.8030,4.5370,8.9880,29.750,-0.210,7.290,12,100.0
11402.00,0.7640,4.5850,8.9060,36.180,1.120,5.540,12,100.0
11412.00,0.7600,4.6150,8.8830,37.970,1.570,5.540,12,100.0
11422.00,0.7530,4.5730,8.7850,30.830,2.340,7.910,12,100.0
11432.00,0.7870,4.6970,8.8330,16.450,2.880,12.180,12,100.0
11442.00,0.7800,4.6660,8.8150,8.270,1.990,14.030,13,100.0
11452.00,0.7720,4.6660,8.8610,0.360,2.290,16.520,13,100.0
11462.00,0.7940,4.6920,8.9030,-1.960,2.940,19.630,13,100.0
11472.00,0.7870,4.6820,8.9220,7.500,4.230,20.420,13,100.0
11483.00,0.7600,4.7440,8.9240,18.160,5.860,21.910,13,100.0
11493.00,0.7720,4.8470,8.8700,29.450,6.560,21.800,14,100.0
11503.00,0.7820,4.8890,8.7960,40.680,6.650,19.040,14,100.0
11513.00,0.8050,4.9710,8.7450,46.040,6.170,15.970,14,100.0
11523.00,0.7860,5.0160,8.5900,46.410,5.070,12.820,14,100.0
11533.00,0.6910,5.0950,8.5350,30.870,3.150,11.370,14,100.0
11543.00,0.5870,5.0400,8.6460,6.940,-0.070,12.280,15,100.0
11553.00,0.7380,4.8900,8.7180,-6.090,-2.180,15.450,15,100.0
11563.00,0.9790,4.9690,8.7070,-7.920,-2.110,18.810,15,100.0
11573.00,1.0180,4.9380,8.7310,-4.860,0.080,21.120,15,100.0
11583.00,0.9910,5.0050,8.7420,4.270,2.640,20.210,15,100.0
11593.00,0.8650,5.1300,8.7250,37.920,5.180,14.290,16,100.0
11603.00,0.8450,5.1560,8.6520,51.810,5.280,10.390,16,100.0
11613.00,0.7960,5.3010,8.4080,59.570,5.260,6.930,16,100.0
11623.00,0.8110,5.2540,8.5680,44.270,3.160,3.430,16,100.0
11633.00,0.7830,5.3020,8.5720,45.270,2.780,2.920,16,100.0
11643.00,0.8080,5.4350,8.3430,53.840,3.150,3.920,17,100.0
11653.00,0.8090,5.4550,8.4260,45.600,2.520,3.990,17,100.0
11663.00,0.8090,5.5010,8.3560,45.640,2.380,4.700,17,100.0
11673.00,0.8320,5.5620,8.2690,42.220,2.080,4.810,17,100.0
11683.00,0.8540,5.6230,8.2210,32.840,1.120,4.190,17,100.0
11693.00,0.8630,5.6480,8.2020,22.870,0.190,3.550,18,100.0
11703.00,0.8680,5.6080,8.2700,12.980,-1.040,3.370,18,100.0
11713.00,0.8410,5.6390,8.3040,11.040,-0.990,2.360,18,100.0
11723.00,0.8360,5.7120,8.2090,15.540,-0.190,2.090,18,100.0
11733.00,0.8510,5.7390,8.2870,17.780,-0.170,1.750,18,100.0
11743.00,1.0400,5.3330,8.2620,31.410,0.280,-1.030,19,100.0
11753.00,0.7310,5.9640,8.0180,36.250,1.060,-21.240,19,100.0
11763.00,0.6770,5.8930,8.1610,22.470,1.800,-20.700,19,100.0
11773.00,0.6110,6.0310,8.0200,19.330,0.350,-14.210,19,100.0
11783.00,0.6810,5.8460,8.1610,8.820,-1.040,-6.140,19,100.0
11793.00,0.6110,5.9370,8.1040,10.110,-0.310,-9.030,20,100.0
11803.00,0.5750,5.9980,8.0870,10.360,-0.430,-5.280,20,100.0
11813.00,0.6200,5.9410,8.0600,8.340,-1.290,0.210,20,100.0
11823.00,0.6480,5.9220,8.0910,5.960,-1.550,1.690,20,100.0
11833.00,0.6860,5.9540,8.0610,5.680,-1.660,2.170,20,100.0
11843.00,0.7640,6.2100,7.2380,-42.450,-9.390,2.900,21,100.0
11853.00,0.7030,5.6070,8.9330,-103.040,-17.460,-2.600,21,100.0
11863.00,0.1800,6.1180,8.2280,-7.910,-7.960,-2.290,21,100.0
11873.00,-2.4800,8.3210,8.5900,26.960,-25.950,-11.410,21,100.0
11883.00,-0.9110,6.0230,8.8310,89.400,-80.440,-0.520,21,100.0
11893.00,0.1190,6.0760,8.7300,109.840,-137.810,1.830,22,100.0
11903.00,1.9700,5.8480,9.6000,113.130,-175.780,17.930,22,100.0
11913.00,2.0370,4.7800,8.4070,143.060,-243.720,24.150,22,100.0
11923.00,3.0350,5.7790,4.0510,203.000,-235.740,4.440,22,100.0
11933.00,3.9780,7.4270,4.1020,83.350,-87.970,-32.270,22,100.0
11943.00,2.9440,6.6310,8.2390,-37.780,3.090,-9.130,23,100.0
11953.00,2.1690,6.0090,7.1640,22.270,-14.070,-3.460,23,100.0
11963.00,2.1120,5.1070,7.8060,-4.560,-9.150,-14.120,23,100.0
11973.00,2.0020,6.5770,7.8190,39.840,13.520,-13.730,23,100.0
11983.00,1.8130,7.0370,6.8250,41.790,-2.660,-7.680,23,100.0
11993.00,2.5870,0.4400,11.0380,-8.170,-23.740,9.360,24,100.0
12003.00,1.8590,12.4700,3.9440,-28.120,-84.050,-53.000,24,100.0
12013.00,2.3520,7.2330,6.1920,15.900,-27.170,-14.310,24,100.0
12023.00,1.5500,6.9510,6.7920,-25.000,-5.890,-0.730,24,100.0
12033.00,0.9140,6.6680,7.1120,-54.960,-10.850,11.700,24,100.0
12043.00,2.7520,6.4160,7.3310,-37.520,-9.620,8.010,25,100.0
12053.00,0.9900,6.8980,7.4910,-44.430,-2.150,-11.060,25,100.0
12063.00,1.9810,6.6200,6.9830,-47.490,3.150,-2.740,25,100.0
12073.00,1.8870,6.4210,7.5870,-84.050,4.950,-7.520,25,100.0
12083.00,1.2070,6.3550,7.5430,-85.680,-1.060,-14.070,25,100.0
12093.00,2.0590,7.3610,6.9300,-82.790,-5.860,-34.170,26,100.0
12103.00,1.7530,5.5960,8.0930,-83.170,-1.220,-27.800,26,100.0
12113.00,2.2970,5.5330,7.8380,-72.320,-3.640,-26.750,26,100.0
12123.00,2.1260,5.6570,7.8230,-93.310,-3.710,-36.060,26,100.0
12133.00,1.7860,5.6560,7.9600,-100.010,8.030,-18.370,26,100.0
12143.00,1.6330,5.8740,7.7560,-105.540,6.300,-25.580,27,100.0
12153.00,1.3590,5.8390,7.8800,-124.040,12.790,-19.120,27,100.0
12163.00,1.7610,5.2760,8.0920,-155.570,24.760,-13.300,27,100.0
12173.00,0.8660,5.5800,8.6940,-164.530,32.270,-1.660,27,100.0
12183.00,1.3000,6.8740,7.3840,-167.870,34.790,-1.150,27,100.0
12193.00,1.5920,3.7830,9.5780,-202.790,51.110,12.470,28,100.0
12203.00,1.4360,4.7220,9.2480,-159.190,41.770,11.420,28,100.0
12213.00,1.4960,3.5290,9.6280,-119.730,33.720,16.550,28,100.0
12223.00,1.3190,3.7950,9.5030,-90.020,25.690,16.760,28,100.0
12233.00,1.0320,3.4680,9.3290,-67.390,19.540,15.660,28,100.0
12243.00,0.9430,2.0420,9.8420,-69.820,19.250,10.010,29,100.0
12253.00,1.0270,3.3470,9.7170,-69.520,16.660,-0.800,29,100.0
12263.00,0.8350,3.3930,9.6110,-51.310,9.730,-3.550,29,100.0
12273.00,0.8930,3.4880,8.7910,-36.310,4.460,-11.090,29,100.0
12283.00,1.1010,3.0870,10.3520,-50.260,8.830,-11.270,29,100.0
12293.00,1.0280,3.3000,9.4940,-25.700,2.250,-5.740,30,100.0
12303.00,1.0020,3.1360,9.6290,-22.060,1.540,-3.130,30,100.0
12313.00,1.0140,3.1220,9.5040,-31.370,3.150,-3.180,30,100.0
12323.00,0.4600,2.1930,9.8540,-17.110,1.850,0.050,30,100.0
12333.00,0.7450,1.8320,9.8200,-15.960,-0.910,-32.250,30,100.0
12343.00,0.6070,3.3530,9.5770,-22.690,-2.410,-49.500,31,100.0
12353.00,1.0560,3.4040,9.4300,-12.000,-6.590,-45.090,31,100.0
12363.00,0.6290,2.0260,9.6680,-17.620,-4.460,-41.190,31,100.0
12373.00,0.9950,2.5790,9.5650,-21.210,-4.510,-57.680,31,100.0
12383.00,0.9660,2.1170,9.5650,-31.900,-1.970,-59.040,31,100.0
12393.00,0.7170,2.4570,9.6270,-51.530,5.160,-58.830,32,100.0
12403.00,0.7020,2.2800,9.5850,-57.710,7.420,-61.250,32,100.0
12413.00,0.7500,2.7080,9.7780,-62.790,9.520,-65.060,32,100.0
12423.00,2.1230,5.6420,9.6650,-62.020,10.720,-63.680,32,100.0
12433.00,0.9690,2.5290,9.6510,-44.360,11.160,-12.770,32,100.0
12443.00,0.5680,1.8890,9.5240,-50.780,13.580,4.270,33,100.0
12453.00,0.8330,2.6240,9.6900,-72.150,21.170,2.620,33,100.0
12463.00,0.5180,2.3620,10.0230,-81.060,24.920,10.640,33,100.0
12473.00,0.3870,2.6750,10.2340,-74.020,20.310,9.170,33,100.0
12483.00,0.3840,2.4580,10.2110,-43.060,11.550,9.930,33,100.0
12493.00,0.3850,2.2300,10.1130,-16.340,3.580,10.160,34,100.0
12503.00,0.6710,1.7910,9.7670,-4.230,-0.290,9.180,34,100.0
12514.00,0.2880,2.0210,10.0840,-10.580,1.430,11.210,34,100.0
12524.00,0.7200,1.6160,9.9020,1.170,-1.830,6.380,34,100.0
12534.00,0.6790,1.7130,9.9230,3.040,-2.800,3.060,34,100.0
12544.00,0.6550,1.7030,10.1910,6.560,-3.620,-0.140,35,100.0
12554.00,0.5810,1.7490,10.4330,33.580,-11.350,-7.150,35,100.0
12564.00,0.6660,1.6780,10.8340,85.130,-27.030,-19.490,35,100.0
12574.00,0.0640,1.9740,12.0500,166.700,-53.910,-39.300,35,100.0
12584.00,1.8690,1.7970,8.3120,306.700,-100.320,-27.580,35,100.0
12594.00,0.5700,3.0000,9.5380,206.090,-11.630,-7.050,36,100.0
12604.00,0.9550,3.3870,9.2480,10.020,-7.050,-11.350,36,100.0
12614.00,0.8660,3.5860,9.1900,-7.700,-0.100,-3.010,36,100.0
12624.00,0.6490,3.7450,9.9230,-22.970,7.280,9.670,36,100.0
12634.00,0.4300,2.9490,10.5570,16.220,-3.130,15.850,36,100.0
12644.00,0.5710,3.4640,9.1720,73.080,-22.360,6.210,37,100.0
12654.00,0.7440,3.9680,8.9060,50.400,-15.340,2.900,37,100.0
12664.00,0.6870,3.5400,9.7730,23.290,-6.350,6.230,37,100.0
12674.00,1.1100,3.1840,9.9020,44.880,-13.380,3.370,37,100.0
12684.00,1.0180,3.1900,9.8450,80.270,-22.620,4.630,37,100.0
12694.00,0.9210,3.6050,9.9490,119.210,-31.970,6.070,38,100.0
12704.00,1.1050,3.6380,10.2010,177.390,-46.020,7.920,38,100.0
12714.00,0.9540,4.0000,9.6110,261.660,-63.080,14.100,38,100.0
12724.00,1.0220,3.3830,8.7460,327.670,-42.330,24.880,38,100.0
12734.00,0.6360,1.0940,8.3060,327.670,15.750,12.370,38,100.0
12744.00,0.6050,0.3700,8.9090,256.210,45.220,-28.610,39,100.0
12754.00,1.2150,3.8810,9.6590,11.130,30.240,-58.310,39,100.0
12764.00,1.0400,3.7530,9.5230,37.450,14.080,-86.710,39,100.0
12774.00,0.8130,4.7330,9.3910,40.960,-14.490,-92.940,39,100.0
12784.00,-0.5510,6.4880,6.9390,50.960,-50.060,-84.080,39,100.0
12794.00,0.1830,4.8510,8.2420,117.020,35.680,-14.850,40,100.0
12804.00,0.4600,7.2350,7.5520,7.170,-14.980,-66.530,40,100.0
12814.00,0.4970,7.0870,7.8560,28.680,-33.680,-74.210,40,100.0
12824.00,0.6690,7.5930,7.3060,29.590,-49.850,-63.190,40,100.0
12834.00,0.7170,6.7140,7.5550,42.870,-58.590,-50.870,40,100.0
12844.00,0.9600,7.6210,6.6520,45.110,-59.970,-45.390,41,100.0
12854.00,1.0450,7.4020,6.8300,40.980,-52.920,-40.750,41,100.0
12864.00,0.9080,7.5240,6.7540,29.830,-43.960,-37.660,41,100.0
12874.00,0.8760,7.4810,6.9300,22.340,-34.140,-31.570,41,100.0
12884.00,0.8910,7.2380,7.1300,22.620,-29.340,-25.630,41,100.0
12894.00,0.8130,7.3530,6.9470,19.400,-27.310,-20.370,42,100.0
12904.00,0.8970,7.0330,7.1960,19.180,-26.330,-17.340,42,100.0
12914.00,0.9420,7.0520,7.1490,18.670,-26.160,-16.600,42,100.0
12924.00,1.0140,6.5590,7.4770,15.990,-25.810,-16.240,42,100.0
12934.00,0.8690,6.5820,7.3510,15.360,-25.040,-17.690,42,100.0
12944.00,0.9040,6.9050,7.2100,16.570,-23.900,-17.760,43,100.0
12954.00,0.7930,6.7040,7.3920,13.140,-21.890,-17.040,43,100.0
12964.00,0.5380,7.4230,6.9780,14.870,-20.700,-17.250,43,100.0
12974.00,0.6970,7.1480,7.1010,13.450,-18.950,-14.360,43,100.0
12984.00,0.5730,7.8460,6.5560,13.860,-17.480,-12.020,43,100.0
12994.00,0.8860,8.0790,6.1950,11.620,-14.560,-7.570,44,100.0
13004.00,0.5190,6.8200,7.3340,1.010,-3.570,2.110,44,100.0
13014.00,0.5920,6.8510,7.2710,3.440,-1.590,2.220,44,100.0
13024.00,0.6950,7.0130,7.2430,4.830,-1.730,2.520,44,100.0
13034.00,0.6960,7.2200,7.0600,3.970,-1.690,2.340,44,100.0
13044.00,0.7660,7.6430,6.8660,7.050,-1.570,2.080,45,100.0
13054.00,1.0790,7.2150,6.6650,4.130,-2.340,2.080,45,100.0
13064.00,1.3960,6.5080,7.3890,-4.070,-2.130,1.620,45,100.0
13074.00,1.1680,6.4570,7.5480,0.710,-1.730,2.500,45,100.0
13084.00,0.7800,6.7210,7.3190,3.990,-2.080,2.880,45,100.0
13094.00,0.6310,6.8920,7.2680,3.600,-2.040,2.150,46,100.0
13104.00,0.6000,6.9120,7.1950,2.460,-2.250,2.150,46,100.0
13114.00,0.4120,7.1000,7.1000,4.410,-1.870,2.530,46,100.0
13124.00,0.3340,7.0460,7.1340,2.950,-1.870,2.620,46,100.0
13134.00,0.4290,6.7010,7.4280,-0.610,-2.040,2.220,46,100.0
13144.00,0.5150,6.5650,7.5190,1.270,-1.900,2.290,47,100.0
13154.00,0.5220,6.6870,7.3990,2.520,-1.900,2.520,47,100.0
13164.00,0.5200,6.9660,7.2230,4.270,-1.710,2.570,47,100.0
13174.00,0.6230,7.0930,7.0990,3.690,-1.710,2.410,47,100.0
13184.00,0.8260,7.0810,7.0690,2.310,-1.820,2.200,47,100.0
13194.00,1.1040,6.9900,7.1040,1.130,-1.820,2.180,48,100.0
13204.00,1.1000,6.9720,7.1290,1.690,-1.890,2.270,48,100.0
13214.00,0.9830,6.9880,7.1470,1.890,-2.060,2.240,48,100.0
13224.00,0.8020,7.0200,7.1340,2.620,-2.170,2.270,48,100.0
13234.00,0.5750,7.0420,7.1250,3.080,-2.170,2.220,48,100.0
13244.00,0.3820,6.9490,7.2230,1.570,-2.250,2.180,49,100.0
13254.00,0.3150,6.8170,7.3110,0.960,-2.180,2.090,49,100.0
13264.00,0.3260,6.7480,7.3780,0.800,-2.080,2.170,49,100.0
13274.00,0.4100,6.7620,7.3530,1.400,-2.030,2.200,49,100.0
13284.00,0.5640,6.8130,7.3020,1.590,-1.890,2.180,49,100.0
13294.00,0.7530,6.8880,7.2010,2.430,-1.780,2.240,50,100.0
13304.00,0.8790,6.9350,7.1670,2.030,-1.800,2.200,50,100.0
13314.00,0.9660,6.9670,7.1360,2.150,-1.870,2.240,50,100.0
13324.00,0.9660,6.9790,7.1250,1.990,-1.940,2.250,50,100.0
13334.00,0.9120,6.9660,7.1460,1.870,-2.030,2.240,50,100.0
13344.00,0.7980,6.9690,7.1790,1.890,-2.080,2.240,51,100.0
13354.00,0.6830,6.9670,7.1740,2.130,-2.130,2.290,51,100.0
13364.00,0.5830,6.9610,7.1950,2.030,-2.080,2.250,51,100.0
13374.00,0.5210,6.9710,7.2090,1.900,-2.030,2.270,51,100.0
13384.00,0.5240,6.9820,7.2000,1.850,-1.990,2.270,51,100.0
13394.00,0.5620,6.9910,7.1970,1.900,-1.900,2.170,52,100.0
13404.00,0.6960,7.0390,7.1250,2.080,-1.960,2.180,52,100.0
13414.00,0.7330,7.0640,7.1060,1.850,-2.010,2.200,52,100.0
13424.00,0.7920,7.0210,7.1220,1.340,-2.030,2.130,52,100.0
13434.00,0.8140,6.9720,7.1340,1.690,-2.010,2.170,52,100.0
13444.00,0.7840,6.9510,7.1900,1.500,-2.030,2.200,53,100.0
13454.00,0.7460,6.8850,7.2010,1.470,-2.080,2.270,53,100.0
13464.00,0.7030,6.8430,7.2630,3.060,-1.850,2.290,53,100.0
13474.00,0.6710,6.8150,7.2500,3.250,-1.890,2.430,53,100.0
13484.00,0.5970,6.8680,7.2350,1.590,-1.970,2.460,53,100.0
13494.00,0.5590,6.9750,7.1730,1.920,-1.970,2.460,54,100.0
13504.00,0.5890,6.9930,7.1240,3.300,-1.750,2.310,54,100.0
13514.00,0.6650,6.9220,7.1710,-0.050,-2.110,2.320,54,100.0
13525.00,0.7270,6.9220,7.1840,0.360,-1.940,2.240,54,100.0
13535.00,0.7680,6.9080,7.1970,0.710,-2.080,2.270,54,100.0
13545.00,0.8290,6.8390,7.2130,1.940,-2.010,2.250,55,100.0
13555.00,0.8050,6.8030,7.2950,0.150,-2.110,2.200,55,100.0
13565.00,0.7270,6.8600,7.2440,1.800,-2.030,2.320,55,100.0
13575.00,0.6310,6.9280,7.2020,1.540,-2.010,2.340,55,100.0
13585.00,0.5800,6.9710,7.1980,1.590,-2.060,2.340,55,100.0
13595.00,0.5760,7.0000,7.1460,2.570,-1.960,2.340,56,100.0
13605.00,0.6710,7.0000,7.1430,1.990,-1.940,2.310,56,100.0
13615.00,0.6950,6.9990,7.1480,1.290,-1.970,2.240,56,100.0
13625.00,0.7320,7.0070,7.1290,1.820,-1.970,2.320,56,100.0
13635.00,0.7450,6.9770,7.1650,1.290,-2.010,2.270,56,100.0
13645.00,0.7230,6.9830,7.1560,1.500,-2.010,2.250,57,100.0
13655.00,0.6950,6.9840,7.1580,1.260,-1.990,2.200,57,100.0
13665.00,0.6730,6.9640,7.1770,0.920,-2.080,2.290,57,100.0
13675.00,0.6340,6.9910,7.1820,1.940,-1.890,2.240,57,100.0
13685.00,0.6250,7.0090,7.1400,2.150,-1.990,2.340,57,100.0
13695.00,0.6530,6.9910,7.1820,0.450,-2.090,2.270,58,100.0
13705.00,0.7040,6.9910,7.1530,1.550,-1.920,2.240,58,100.0
13715.00,0.7450,6.9910,7.1470,1.890,-1.920,2.320,58,100.0
13725.00,0.7760,6.9690,7.1730,1.030,-2.030,2.340,58,100.0
13735.00,0.7800,6.9760,7.1310,2.640,-2.060,2.410,58,100.0
13745.00,0.7690,6.9480,7.2140,2.520,-2.030,2.360,59,100.0
13755.00,0.7410,7.0070,7.0790,5.510,-1.640,2.500,59,100.0
13765.00,0.6990,6.9180,7.2510,-0.920,-2.220,2.290,59,100.0
13775.00,0.6370,6.9940,7.0830,2.830,-1.890,2.380,59,100.0
13785.00,0.6190,6.9150,7.2820,-1.690,-2.250,2.220,59,100.0
13795.00,0.6220,6.9880,7.1060,3.640,-1.800,2.380,60,100.0
13805.00,0.7010,6.9710,7.1680,2.730,-1.800,2.320,60,100.0
13815.00,0.7380,6.9890,7.1350,1.960,-1.900,2.320,60,100.0
13825.00,0.7620,6.9940,7.1610,0.470,-2.060,2.290,60,100.0
13835.00,0.7510,7.0480,7.0950,2.460,-1.960,2.310,60,100.0
13845.00,0.7250,7.0550,7.1400,1.850,-2.090,2.250,61,100.0
13855.00,0.6770,7.0450,7.0730,2.390,-2.060,2.270,61,100.0
13865.00,0.6350,6.9910,7.2000,0.490,-2.060,2.200,61,100.0
13875.00,0.5950,6.9660,7.1470,1.310,-1.990,2.290,61,100.0
13885.00,0.5590,6.9580,7.2520,0.210,-2.090,2.200,61,100.0
13895.00,0.5590,6.9930,7.1430,2.970,-1.870,2.250,62,100.0
13905.00,0.6250,6.9640,7.1850,0.710,-2.110,2.270,62,100.0
13915.00,0.6770,6.9600,7.1740,0.490,-2.090,2.320,62,100.0
13925.00,0.7280,6.9940,7.1430,1.850,-1.830,2.290,62,100.0
13935.00,0.7900,6.9580,7.1370,1.380,-1.970,2.290,62,100.0
13945.00,0.8070,6.9660,7.1790,1.080,-1.920,2.180,63,100.0
13955.00,0.7740,6.9970,7.1190,1.870,-1.940,2.310,63,100.0
13965.00,0.7470,7.0220,7.1040,1.270,-2.060,2.360,63,100.0
13975.00,0.7030,6.9790,7.1550,0.260,-2.080,2.250,63,100.0
13985.00,0.6900,6.9790,7.1780,0.710,-2.060,2.310,63,100.0
13995.00,0.6440,6.9840,7.1530,1.680,-2.090,2.340,64,100.0
14005.00,0.6420,6.9880,7.1520,1.200,-2.080,2.320,64,100.0
14015.00,0.6480,7.0020,7.1560,1.380,-1.960,2.290,64,100.0
14025.00,0.6520,6.9910,7.1730,1.170,-2.010,2.250,64,100.0
14035.00,0.6740,7.0030,7.1340,0.890,-2.080,2.250,64,100.0
14045.00,0.6970,6.9670,7.1920,0.310,-2.110,2.220,65,100.0
14055.00,0.7010,7.0080,7.1310,2.310,-1.960,2.220,65,100.0
14065.00,0.6950,7.0150,7.1440,1.310,-2.030,2.240,65,100.0
14075.00,0.6810,7.0380,7.1360,1.340,-2.080,2.320,65,100.0
14085.00,0.6830,7.0130,7.1520,0.420,-2.090,2.220,65,100.0
14095.00,0.6690,7.0220,7.1120,1.410,-1.960,2.200,66,100.0
14105.00,0.6670,7.0250,7.1520,0.680,-2.060,2.220,66,100.0
14115.00,0.6600,7.0400,7.0850,2.010,-2.030,2.250,66,100.0
14125.00,0.7290,6.9390,7.1860,-0.520,-2.200,2.170,66,100.0
14135.00,0.7620,6.9160,7.2080,0.850,-1.970,2.270,66,100.0
14145.00,0.7400,6.9660,7.1530,1.850,-1.920,2.390,67,100.0
14155.00,0.7140,7.0220,7.1380,1.340,-2.080,2.390,67,100.0
14165.00,0.7270,7.0180,7.1240,1.200,-2.060,2.250,67,100.0
14175.00,0.7420,6.9450,7.1290,1.100,-2.030,2.250,67,100.0
14185.00,0.7140,6.9730,7.2190,0.190,-2.040,2.290,67,100.0
14195.00,0.6610,7.0260,7.1150,1.920,-2.080,2.410,68,100.0
14205.00,0.6830,6.9900,7.1620,1.100,-2.010,2.200,68,100.0
14215.00,0.6300,7.0310,7.1300,1.480,-2.030,2.320,68,100.0
14225.00,0.6160,7.0260,7.1360,0.920,-2.040,2.290,68,100.0
14235.00,0.6660,6.9930,7.1700,1.130,-2.010,2.240,68,100.0
14245.00,0.6730,6.9490,7.1960,0.590,-2.130,2.320,69,100.0
14255.00,0.6620,6.9700,7.1470,1.940,-1.960,2.360,69,100.0
14265.00,0.6590,6.9760,7.1920,1.200,-1.940,2.240,69,100.0
14275.00,0.6690,6.9670,7.1600,1.220,-2.060,2.320,69,100.0
14285.00,0.6640,6.9970,7.1540,1.170,-2.010,2.270,69,100.0
14295.00,0.6540,7.0440,7.1240,1.660,-1.990,2.310,70,100.0
14305.00,0.6710,7.0280,7.1280,1.150,-2.080,2.310,70,100.0
14315.00,0.6780,7.0040,7.1770,1.120,-2.010,2.290,70,100.0
14325.00,0.7080,7.0330,7.0910,1.750,-2.040,2.310,70,100.0
14335.00,0.7270,6.9780,7.2050,0.520,-2.080,2.220,70,100.0
14345.00,0.7480,6.9850,7.1310,2.710,-1.920,2.320,71,100.0
14355.00,0.7310,7.0040,7.1440,2.030,-1.870,2.250,71,100.0
14365.00,0.7210,7.0090,7.1440,1.200,-2.130,2.250,71,100.0
14375.00,0.7220,7.0360,7.0800,2.060,-1.940,2.240,71,100.0
14385.00,0.7110,6.9910,7.2020,-0.980,-2.220,2.170,71,100.0
14395.00,0.6970,7.0400,7.0700,3.180,-1.800,2.290,72,100.0
14405.00,0.7070,7.0280,7.0980,-0.120,-2.060,2.310,72,100.0
14415.00,0.6790,7.0260,7.1490,0.640,-2.060,2.180,72,100.0
14425.00,0.6620,7.0750,7.0830,2.250,-2.010,2.290,72,100.0
14435.00,0.6470,7.0500,7.1130,0.560,-2.090,2.270,72,100.0
14445.00,0.6490,7.0210,7.1560,1.030,-2.090,2.310,73,100.0
14455.00,0.6360,7.0300,7.1050,2.310,-1.890,2.310,73,100.0
14465.00,0.6470,6.9730,7.1790,-0.630,-2.200,2.270,73,100.0
14475.00,0.6580,6.9760,7.1460,1.100,-2.010,2.250,73,100.0
14485.00,0.6290,7.0340,7.1380,0.800,-2.060,2.290,73,100.0
14495.00,0.6960,7.0090,7.1090,1.400,-2.080,2.340,74,100.0
14505.00,0.7540,6.9330,7.2170,-0.010,-2.080,2.220,74,100.0
14516.00,0.7520,6.9690,7.1310,2.040,-1.970,2.460,74,100.0
14525.00,0.7270,6.9940,7.1400,0.940,-2.040,2.340,74,100.0
14535.00,0.7320,7.0080,7.1150,1.470,-1.990,2.340,74,100.0
14545.00,0.7270,7.0000,7.1440,0.420,-2.090,2.250,75,100.0
14555.00,0.7110,7.0190,7.1420,0.910,-2.040,2.240,75,100.0
14566.00,0.6920,7.0240,7.1130,1.690,-2.040,2.360,75,100.0
14576.00,0.6790,7.0200,7.1270,1.240,-2.080,2.250,75,100.0
14586.00,0.6540,7.0040,7.1500,1.170,-2.060,2.310,75,100.0
14596.00,0.6260,7.0030,7.1610,0.850,-2.030,2.240,76,100.0
14606.00,0.6370,7.0010,7.1670,2.640,-1.920,2.340,76,100.0
14616.00,0.6660,6.9970,7.1000,2.600,-1.920,2.250,76,100.0
14626.00,0.6920,6.9990,7.1910,0.990,-2.010,2.290,76,100.0
14636.00,0.7030,7.0270,7.1090,2.270,-1.920,2.310,76,100.0
14646.00,0.7290,7.0210,7.1090,1.040,-2.080,2.270,77,100.0
14656.00,0.7400,7.0220,7.1220,0.920,-1.970,2.200,77,100.0
14666.00,0.7450,7.0560,7.1110,1.520,-2.090,2.290,77,100.0
14676.00,0.7260,7.0000,7.1270,1.780,-2.010,2.250,77,100.0
14686.00,0.7220,7.0070,7.1380,2.220,-1.920,2.270,77,100.0
14696.00,0.6740,6.9890,7.1430,0.890,-2.110,2.340,78,100.0
14706.00,0.6620,7.0090,7.1520,-0.080,-2.040,2.170,78,100.0
14716.00,0.6730,7.0060,7.1220,0.890,-2.060,2.270,78,100.0
14726.00,0.6490,7.0240,7.1780,0.220,-2.200,2.250,78,100.0
14736.00,0.4790,7.2860,7.2370,3.270,-1.890,2.550,78,100.0
14746.00,0.5650,6.8750,7.4350,30.130,-7.700,26.190,79,100.0
14756.00,-0.5760,3.9550,9.3910,39.200,-5.820,31.790,79,100.0
14766.00,1.0680,4.5430,8.3190,-6.680,-37.270,-10.410,79,100.0
14776.00,0.6050,5.9170,7.7470,10.710,-29.290,-50.430,79,100.0
14786.00,0.4450,7.6370,7.0150,-12.050,-20.520,-47.180,79,100.0
14796.00,0.5250,7.3890,7.0850,6.030,-24.250,-37.660,80,100.0
14806.00,0.7940,7.3470,6.7030,9.500,-35.360,-28.960,80,100.0
14816.00,0.8630,7.1440,6.8490,11.580,-36.310,-26.250,80,100.0
14826.00,0.8650,6.9100,7.0800,8.390,-32.420,-27.490,80,100.0
14836.00,0.6610,7.2830,6.8910,7.120,-30.030,-28.150,80,100.0
14846.00,0.7660,7.0340,6.9280,7.220,-26.790,-27.800,81,100.0
14856.00,0.5510,7.4390,6.7980,9.450,-27.770,-29.150,81,100.0
14866.00,0.7540,7.3990,6.9470,13.370,-31.230,-27.210,81,100.0
14876.00,-0.9870,7.2720,8.4200,14.170,-35.610,-27.300,81,100.0
14886.00,1.9360,13.1790,1.7020,1.170,-145.330,-109.810,81,100.0
14896.00,0.2020,11.6870,3.1990,29.310,-116.210,-70.080,82,100.0
14906.00,-0.9520,9.9930,4.7680,24.500,-43.760,1.030,82,100.0
14916.00,1.0060,2.0760,9.9490,25.840,3.530,39.210,82,100.0
14926.00,3.0360,2.9930,10.7050,-13.330,-6.940,1.260,82,100.0
14936.00,0.8850,6.5080,9.5380,22.750,-72.800,-20.720,82,100.0
14946.00,0.7280,3.6310,7.0730,98.170,-150.180,-6.380,83,100.0
14956.00,1.2750,9.4890,6.7720,-12.390,-126.050,-59.510,83,100.0
14966.00,1.3600,7.8190,4.5030,-8.380,-113.760,-69.030,83,100.0
14976.00,1.2390,11.2640,4.0340,-16.480,-64.500,-58.320,83,100.0
14986.00,1.7130,6.8140,6.2280,17.950,-29.710,8.540,83,100.0
14996.00,0.6790,2.9040,9.8880,-33.230,-13.820,1.640,84,100.0
15006.00,1.0810,9.8440,4.8670,-77.710,-45.200,-58.870,84,100.0
15016.00,1.2040,9.3540,5.2300,-39.680,-29.760,-38.150,84,100.0
15026.00,0.8310,6.5130,7.3680,-24.150,-10.530,-12.910,84,100.0
15036.00,0.6720,5.6270,8.2540,-34.140,-19.820,-27.330,84,100.0
15046.00,1.1770,7.2370,6.8450,-37.660,-40.610,-53.790,85,100.0
15056.00,1.1960,8.9890,5.6670,-36.870,-38.500,-51.320,85,100.0
15066.00,1.1790,7.6230,6.5890,-16.990,-22.260,-27.350,85,100.0
15076.00,0.9650,7.0040,7.1820,-2.570,-17.650,-18.490,85,100.0
15086.00,0.5130,7.1430,7.2690,6.170,-24.760,-25.370,85,100.0
15096.00,0.1920,7.9010,6.9660,26.300,-35.640,-34.790,86,100.0
15106.00,-3.7900,13.9920,2.1490,31.860,-45.370,-40.330,86,100.0
15116.00,0.2790,9.9860,5.4190,12.330,1.150,8.240,86,100.0
15126.00,0.5940,6.2330,7.9700,65.590,15.620,38.920,86,100.0
15136.00,0.9630,7.5450,7.0260,96.020,-5.400,21.490,86,100.0
15146.00,-0.3120,9.2370,5.0970,163.850,-10.860,19.720,87,100.0
15156.00,1.9270,8.3220,5.0040,167.890,11.200,42.260,87,100.0
15166.00,1.5580,5.4490,8.5370,141.970,40.000,65.690,87,100.0
15176.00,0.3990,6.7450,7.5490,148.100,20.290,42.570,87,100.0
15186.00,0.4980,7.7370,6.2110,166.300,-3.530,21.080,87,100.0
15196.00,1.4480,7.8540,5.4590,159.670,-11.270,15.500,88,100.0
15206.00,2.0590,8.2670,6.1340,140.780,-1.470,15.730,88,100.0
15216.00,2.3350,7.5150,5.7040,169.330,-14.710,2.660,88,100.0
15226.00,2.2340,7.8350,5.0060,152.400,-21.700,-5.420,88,100.0
15236.00,2.9090,6.9880,6.2660,73.970,-16.450,-4.740,88,100.0
15246.00,2.5950,7.6780,5.2250,28.000,-24.650,-15.150,89,100.0
15256.00,1.7320,8.6410,4.2580,11.930,-21.990,-26.300,89,100.0
15266.00,1.2030,9.1940,3.6200,13.240,-12.140,-31.830,89,100.0
15276.00,2.0910,10.4300,1.5910,23.180,7.260,-30.460,89,100.0
15286.00,0.6920,9.0730,5.6200,39.200,46.420,-13.700,89,100.0
15296.00,0.3060,8.7860,3.6780,152.820,9.340,-23.310,90,100.0
15306.00,0.4540,11.4910,-1.1370,243.370,-2.320,-60.550,90,100.0
15316.00,1.0630,11.8440,-2.5750,327.670,57.470,-81.740,90,100.0
15326.00,2.8310,9.6800,1.7790,127.430,128.900,-28.680,90,100.0
15336.00,-8.7800,20.0020,-8.8640,-313.810,147.330,143.510,90,100.0
15346.00,-2.8520,21.9970,-13.7690,-327.680,296.620,325.290,91,100.0
15356.00,-3.0490,12.3330,0.3730,-7.280,327.670,327.670,91,100.0
15366.00,-3.2020,6.0330,7.4730,-62.030,327.670,327.670,91,100.0
15376.00,-3.4480,-2.0700,19.4830,1.660,327.670,327.670,91,100.0
15386.00,-1.0390,-5.3330,24.2880,-41.450,327.670,327.670,91,100.0
15396.00,1.4480,-4.5670,21.6510,33.000,177.870,141.250,92,100.0
15406.00,1.2870,3.0840,11.0690,25.300,-77.240,-52.340,92,100.0
15417.00,2.1600,12.4280,0.3110,-10.930,-139.230,-102.650,92,100.0
15426.00,2.0450,7.2050,3.1100,-68.560,-85.290,-11.020,92,100.0
15436.00,-0.4650,15.1980,-9.6760,-327.680,37.480,194.890,92,100.0
15446.00,2.0120,1.1670,19.7620,-327.680,260.320,116.320,93,100.0
15456.00,3.5050,24.5380,3.5150,-235.650,68.190,47.050,93,100.0
15466.00,0.1160,20.4410,1.5190,327.670,72.250,279.170,93,100.0
15476.00,-1.9190,3.7930,6.2480,327.670,175.360,327.670,93,100.0
15486.00,1.0990,0.0410,12.4020,255.810,240.920,327.670,93,100.0
15496.00,0.3860,-5.5460,16.2400,191.870,172.130,270.580,94,100.0
15507.00,2.2510,-2.9990,14.8340,119.420,58.060,102.810,94,100.0
15516.00,2.6320,6.5770,7.2880,66.270,-49.800,-40.300,94,100.0
15526.00,2.6900,10.7420,3.0050,92.590,-69.310,-57.130,94,100.0
15536.00,2.6400,9.4620,4.0480,62.750,-16.640,-3.370,94,100.0
15546.00,2.6540,5.6910,7.8290,37.180,18.810,31.060,95,100.0
15556.00,2.5690,6.0500,7.3970,35.990,2.450,13.580,95,100.0
15566.00,2.6440,8.4700,5.0730,18.860,-11.230,-3.970,95,100.0
15576.00,2.6520,8.6220,5.2090,11.350,4.560,10.810,95,100.0
15587.00,2.8040,7.1900,6.4680,28.420,17.930,27.820,95,100.0
15597.00,3.2250,9.5100,4.5390,38.150,12.740,23.270,96,100.0
15607.00,2.7430,10.6320,2.1810,60.980,37.640,54.770,96,100.0
15617.00,2.5470,4.6970,8.2580,-26.750,65.900,68.280,96,100.0
15627.00,2.5830,2.9620,11.4440,-106.820,40.810,28.710,96,100.0
15637.00,1.1830,-4.4780,17.1840,1.060,-69.380,-73.920,96,100.0
15647.00,0.6590,4.8750,9.0580,15.270,-237.790,-250.980,97,100.0
15657.00,1.3240,11.3930,2.6830,-13.330,-278.230,-295.010,97,100.0
15667.00,2.2580,14.3400,-0.3540,-20.020,-218.590,-228.460,97,100.0
15677.00,2.9120,14.0170,-0.4370,-7.420,-117.980,-119.310,97,100.0
15687.00,2.6600,9.1700,4.0740,-6.630,-22.520,-20.370,97,100.0
15697.00,2.5740,7.2430,6.7760,-15.220,6.960,8.170,98,100.0
15707.00,2.4200,7.7690,5.6380,10.460,-3.970,2.390,98,100.0
15717.00,-0.8260,-1.2690,9.6290,-17.320,0.870,4.420,98,100.0
15727.00,2.1880,3.8530,8.8490,-327.680,13.260,-78.360,98,100.0
15737.00,3.5720,13.7810,5.4740,-327.680,26.930,-139.400,98,100.0
15747.00,3.1150,13.2050,3.6040,-327.680,46.620,-28.750,99,100.0
15757.00,1.7890,5.7810,6.9370,-312.490,96.420,66.580,99,100.0
15767.00,1.7520,4.6430,8.4250,-327.680,118.610,79.410,99,100.0
15777.00,1.7320,3.6350,9.9080,-327.680,116.390,75.790,99,100.0
15787.00,-0.6840,-4.4740,10.8580,-297.440,90.370,56.780,99,100.0
15797.00,-20.3910,-30.6240,14.6910,-327.680,70.310,-211.820,100,100.0
15807.00,-2.5130,8.7350,14.6100,-327.680,150.230,-327.680,100,100.0
15817.00,0.3760,1.8410,9.8830,-0.490,3.460,-14.960,100,100.0
15827.00,0.3320,1.8680,9.9760,0.310,-1.610,-0.590,100,100.0
15837.00,0.2950,1.8340,9.9930,0.050,-1.890,1.520,100,100.0
15847.00,0.2760,1.8200,9.9620,0.190,-1.780,1.690,101,100.0
15857.00,0.2470,1.8260,9.9880,0.120,-1.780,1.990,101,100.0
15867.00,0.2570,1.8360,9.9810,0.260,-2.430,1.970,101,100.0
15877.00,0.2810,1.8240,9.9930,0.470,-2.990,1.940,101,100.0
15887.00,0.3050,1.8200,9.9860,0.640,-3.780,2.080,101,100.0
15897.00,0.3250,1.8170,9.9960,0.750,-4.110,2.110,102,100.0
15907.00,0.3870,1.8190,9.9550,0.940,-11.670,2.430,102,100.0
15917.00,0.3990,1.9160,10.4200,1.010,-11.480,2.760,102,100.0
15927.00,0.6410,2.0500,9.7550,1.240,-16.450,8.030,102,100.0
15937.00,0.3050,1.9590,9.6470,1.480,-9.920,19.300,102,100.0
15947.00,0.4220,1.7630,9.9420,1.940,-2.620,36.610,103,100.0
15957.00,0.5250,1.5020,9.9790,1.330,-1.360,24.500,103,100.0
15967.00,0.3480,1.8350,10.0360,0.450,-0.400,2.410,103,100.0
15977.00,0.3320,1.7440,9.9000,0.710,-1.040,2.390,103,100.0
15987.00,0.4030,1.8180,9.9380,0.840,-1.130,2.410,103,100.0
15997.00,0.4390,1.8830,10.0370,0.940,-1.450,2.500,104,100.0
16007.00,0.4920,1.8710,9.9120,0.920,-1.520,2.480,104,100.0
16017.00,0.4540,1.7450,9.9790,0.730,-1.010,2.360,104,100.0
16027.00,0.4060,1.8260,9.9250,0.730,-0.770,2.390,104,100.0
16037.00,0.3800,1.8740,10.0130,0.680,-0.750,2.410,104,100.0
16047.00,0.3620,1.8220,9.9970,0.820,-1.520,2.430,105,100.0
16057.00,0.3800,1.8120,9.9400,0.940,-2.040,2.430,105,100.0
16067.00,0.3800,1.8160,9.9740,1.010,-2.040,2.500,105,100.0
16077.00,0.3940,1.8130,9.9800,0.990,-2.290,2.480,105,100.0
16087.00,0.4170,1.8110,9.9450,1.010,-2.600,2.460,105,100.0
16097.00,0.4340,1.8300,9.9730,1.010,-2.520,2.460,106,100.0
16107.00,0.4190,1.8460,9.9630,1.030,-2.850,2.520,106,100.0
16117.00,0.4070,1.8520,9.9490,0.870,-2.740,2.450,106,100.0
16127.00,0.3860,1.8340,9.9620,0.840,-2.500,2.430,106,100.0
16137.00,0.3910,1.8120,9.9850,0.770,-2.530,2.410,106,100.0
16147.00,0.4100,1.8080,9.9310,0.710,-2.360,2.410,107,100.0
16157.00,0.4290,1.8200,9.9780,0.800,-1.990,2.360,107,100.0
16167.00,0.4250,1.8380,9.9560,0.940,-2.220,2.380,107,100.0
16177.00,0.4370,1.8370,9.9550,0.910,-2.380,2.410,107,100.0
16187.00,0.4460,1.8520,9.9800,0.890,-2.830,2.460,107,100.0
16197.00,0.4360,1.8440,9.9620,0.820,-3.230,2.430,108,100.0
16207.00,0.4370,1.8100,9.9600,0.850,-3.430,2.360,108,100.0
16217.00,0.3970,1.7880,9.9480,0.850,-3.230,2.360,108,100.0
16227.00,0.4010,1.8300,9.9640,0.770,-2.620,2.250,108,100.0
16237.00,0.4180,1.8280,9.9520,0.820,-2.600,2.250,108,100.0
16247.00,0.4340,1.8160,9.9670,0.920,-2.760,2.290,109,100.0
16257.00,0.4100,1.8280,9.9560,1.010,-3.040,2.340,109,100.0
16267.00,0.3400,1.8000,9.9900,0.960,-3.430,2.340,109,100.0
16277.00,0.3420,1.7560,9.9070,0.920,-3.530,2.270,109,100.0
16287.00,0.4130,1.8100,10.0180,0.840,-3.410,2.310,109,100.0
16297.00,0.4970,1.9210,9.9360,0.800,-3.600,2.410,110,100.0
16307.00,0.5590,1.8990,9.8340,0.700,-3.500,2.410,110,100.0
16317.00,0.5650,1.8170,10.0640,0.470,-3.510,2.480,110,100.0
16327.00,0.5760,1.8290,10.1610,0.800,-4.300,2.480,110,100.0
16337.00,-3.6320,-8.3520,10.4170,1.130,-11.790,71.430,110,100.0
16347.00,1.0060,1.8300,9.4790,-4.000,-3.110,39.620,111,100.0
16357.00,-0.0320,0.2440,10.0160,-2.600,-1.960,-34.750,111,100.0
16367.00,0.5610,2.1540,9.6930,-4.830,-1.500,-67.630,111,100.0
16377.00,0.7540,5.3150,10.1270,-4.460,-3.880,-59.790,111,100.0
16387.00,3.4200,9.2570,9.9480,-2.030,-3.130,-20.870,111,100.0
16397.00,0.6490,2.0490,9.9320,0.540,-4.040,-0.540,112,100.0
16407.00,0.5000,1.8100,9.9540,0.560,-3.580,2.530,112,100.0
16417.00,0.4180,1.7770,9.9360,0.140,-2.410,2.340,112,100.0
16427.00,0.4030,1.7580,9.9440,0.010,-2.030,2.500,112,100.0
16437.00,0.4310,1.7650,9.9500,0.100,-1.480,2.850,112,100.0
16447.00,0.4510,1.7880,9.9620,0.400,-1.750,3.010,113,100.0
16457.00,0.4700,1.8000,9.9450,0.640,-2.250,2.970,113,100.0
16467.00,0.4910,1.7920,9.9660,0.770,-2.320,2.920,113,100.0
16477.00,0.4760,1.7770,9.9550,0.840,-2.450,2.880,113,100.0
16487.00,0.4580,1.7630,9.9570,0.800,-2.670,2.710,113,100.0
16497.00,0.4480,1.7550,9.9540,0.850,-2.800,2.430,114,100.0
16507.00,0.4250,1.7650,9.9620,0.890,-2.810,2.310,114,100.0
16517.00,0.4100,1.7860,9.9610,0.920,-2.870,2.310,114,100.0
16527.00,0.4290,1.7970,9.9400,0.940,-2.970,2.270,114,100.0
16537.00,0.4460,1.8040,9.9370,0.960,-2.670,2.310,114,100.0
16547.00,0.4470,1.7800,9.9520,0.820,-2.220,2.340,115,100.0
16557.00,0.4520,1.7750,9.9640,0.780,-2.150,2.340,115,100.0
16567.00,0.4660,1.7800,9.9570,0.980,-2.310,2.320,115,100.0
16577.00,0.4550,1.8020,9.9640,0.940,-2.380,2.290,115,100.0
16587.00,0.4770,1.8120,9.9560,0.870,-2.250,2.290,115,100.0
16597.00,0.4730,1.7940,9.9440,0.840,-2.180,2.290,116,100.0
16608.00,0.4780,1.7760,9.9290,0.770,-2.150,2.320,116,100.0
16618.00,0.4700,1.7690,9.9420,0.640,-2.090,2.310,116,100.0
16628.00,0.4770,1.7920,9.9560,0.450,-2.360,2.270,116,100.0
16638.00,0.4700,1.7910,9.9490,0.560,-2.380,2.290,116,100.0
16648.00,0.4830,1.7760,9.9460,0.570,-2.170,2.310,117,100.0
16658.00,0.4670,1.7730,9.9440,0.660,-2.130,2.290,117,100.0
16668.00,0.4670,1.7700,9.9450,0.770,-2.010,2.320,117,100.0
16678.00,0.4520,1.7670,9.9680,0.780,-1.800,2.290,117,100.0
16688.00,0.4250,1.7810,9.9510,0.700,-2.090,2.320,117,100.0
16698.00,0.4130,1.7860,9.9610,0.640,-2.270,2.290,118,100.0
16708.00,0.4130,1.7860,9.9570,0.630,-2.340,2.320,118,100.0
16718.00,0.4130,1.7750,9.9350,0.660,-2.520,2.310,118,100.0
16728.00,0.4450,1.7740,9.9500,0.780,-2.410,2.270,118,100.0
16738.00,0.4540,1.7790,9.9640,0.980,-2.390,2.290,118,100.0
16748.00,0.4760,1.7760,9.9430,0.960,-2.590,2.270,119,100.0
16758.00,0.4880,1.7790,9.9360,1.040,-2.710,2.250,119,100.0
16768.00,0.4970,1.7690,9.9480,1.130,-2.670,2.270,119,100.0
16778.00,0.5020,1.7650,9.9540,1.150,-2.670,2.240,119,100.0
16788.00,0.4900,1.7730,9.9500,1.340,-2.530,2.250,119,100.0
16798.00,0.4900,1.7750,9.9420,1.360,-2.290,2.290,120,100.0
16808.00,0.4780,1.7820,9.9500,1.240,-2.290,2.250,120,100.0
16818.00,0.4430,1.7850,9.9510,1.190,-2.320,2.220,120,100.0
16828.00,0.4280,1.7770,9.9560,1.010,-2.530,2.250,120,100.0
16838.00,0.4350,1.7750,9.9570,0.910,-2.600,2.200,120,100.0
16848.00,0.4450,1.7710,9.9450,0.940,-2.710,2.130,121,100.0
16858.00,0.4610,1.7860,9.9430,0.990,-2.830,2.130,121,100.0
16868.00,0.4700,1.7930,9.9390,1.240,-2.920,2.060,121,100.0
16878.00,0.4700,1.7950,9.9690,1.730,-3.740,2.060,121,100.0
16888.00,0.3980,1.7060,9.9050,1.150,-4.270,1.080,121,100.0
16898.00,0.5510,1.8410,9.9550,1.270,-1.540,-4.490,122,100.0
16908.00,0.5410,1.8290,9.9630,0.920,-1.780,-1.890,122,100.0
16918.00,0.5040,1.7940,9.9350,0.820,-2.730,1.150,122,100.0
16928.00,0.4860,1.7770,9.8880,0.840,-2.600,1.240,122,100.0
16938.00,0.3120,1.6840,9.8380,1.150,-2.480,0.080,122,100.0
16948.00,0.3630,1.6920,10.1180,1.040,-0.490,-6.790,123,100.0
16958.00,0.4330,1.6210,9.9990,0.610,-1.100,-11.110,123,100.0
16968.00,0.4410,1.7150,9.8510,0.800,-2.010,-11.650,123,100.0
16978.00,0.5810,1.9810,9.9840,0.820,-1.940,-12.440,123,100.0
16988.00,0.5400,1.9650,9.9170,0.840,-2.550,-9.060,123,100.0
16998.00,0.4450,1.8180,9.9050,0.870,-2.690,-6.680,124,100.0
17008.00,0.3980,1.7530,9.9720,0.890,-2.290,-7.890,124,100.0
17018.00,0.3880,1.7090,9.9130,0.710,-1.780,-10.060,124,100.0
17028.00,0.4830,1.8290,9.9700,0.310,-0.210,-12.250,124,100.0
17038.00,0.4170,1.8220,9.9360,0.400,-1.060,-10.090,124,100.0
17048.00,0.3310,1.7510,9.9240,0.420,-1.360,-10.480,125,100.0
17058.00,0.4070,1.7710,9.9380,0.430,-1.060,-13.330,125,100.0
17068.00,0.4590,1.8160,9.9550,0.310,-0.450,-13.160,125,100.0
17078.00,0.3560,1.7620,9.9330,0.380,-0.710,-12.190,125,100.0
17088.00,0.3560,1.9810,9.9150,0.470,-0.730,-14.210,125,100.0
17098.00,0.4590,2.3240,9.9000,1.520,0.750,-10.550,126,100.0
17108.00,0.5640,2.1550,9.8640,4.060,1.480,0.940,126,100.0
17118.00,0.5950,2.2080,9.9500,7.730,1.500,13.120,126,100.0
17128.00,0.3430,1.7190,10.0520,7.400,0.570,23.990,126,100.0
17138.00,0.3860,1.9250,9.9320,2.670,0.490,24.080,126,100.0
17148.00,0.3730,1.8530,9.9270,2.410,0.890,26.020,127,100.0
17158.00,0.3970,1.8950,9.9400,2.240,1.480,26.960,127,100.0
17168.00,0.4000,1.8860,9.9130,1.960,1.590,28.000,127,100.0
17178.00,0.9120,1.5940,9.0770,1.940,1.850,28.080,127,100.0
17188.00,0.1720,1.8870,10.7900,1.360,10.290,15.760,127,100.0
17198.00,0.3600,1.6030,9.9750,1.310,0.980,15.030,128,100.0
17208.00,0.4710,1.8140,9.8930,1.170,1.190,14.730,128,100.0
17218.00,0.4420,1.7070,10.0310,1.080,3.860,13.730,128,100.0
17228.00,0.1730,1.5660,9.9690,1.040,-1.780,8.200,128,100.0
17238.00,0.4150,2.0540,9.8280,1.030,-4.000,7.490,128,100.0
17248.00,0.3760,1.8550,10.0000,1.200,-0.450,9.290,129,100.0
17258.00,0.1570,1.5080,9.9580,1.100,-2.450,8.940,129,100.0
17268.00,0.3170,1.7310,9.9180,0.980,-3.500,6.240,129,100.0
17278.00,0.3440,1.7330,9.9320,0.850,-2.870,4.350,129,100.0
17288.00,0.3480,1.7750,9.9370,0.850,-2.620,2.970,129,100.0
17298.00,0.3570,1.8080,9.9360,0.870,-2.460,2.320,130,100.0
17308.00,0.3490,1.8040,9.9400,0.920,-2.570,2.220,130,100.0
17318.00,0.3370,1.8010,9.9260,0.920,-2.600,2.110,130,100.0
17328.00,0.3370,1.8120,9.9420,0.910,-2.480,2.090,130,100.0
17338.00,0.3520,1.8230,9.9310,0.870,-2.710,2.090,130,100.0
17348.00,0.3880,1.8260,9.9350,0.840,-2.950,2.040,131,100.0
17358.00,0.4150,1.8320,9.9350,0.800,-3.110,1.960,131,100.0
17368.00,0.4190,1.8340,9.9370,0.800,-3.410,1.850,131,100.0
17378.00,0.4250,1.8370,9.9250,0.820,-3.850,1.760,131,100.0
17388.00,0.3980,1.8370,9.9170,0.890,-3.830,1.830,131,100.0
17398.00,0.3910,1.8400,9.9270,0.820,-3.300,1.970,132,100.0
17408.00,0.3810,1.8340,9.9210,0.820,-3.230,1.990,132,100.0
17418.00,0.3860,1.8130,9.9260,0.820,-3.130,2.110,132,100.0
17428.00,0.4510,1.7870,9.9510,0.780,-3.290,2.250,132,100.0
17438.00,0.4970,1.8670,10.0920,0.780,-5.040,2.590,132,100.0
17448.00,0.4510,1.7940,9.8580,-1.940,-9.450,3.390,133,100.0
17458.00,0.5250,1.8290,9.7860,-3.220,-6.030,3.320,133,100.0
17468.00,0.4410,1.7980,9.9910,-0.290,-1.940,12.980,133,100.0
17478.00,0.4330,1.8020,9.9600,-0.140,-2.800,7.640,133,100.0
17488.00,0.3540,1.7690,9.9150,-0.050,-3.360,5.350,133,100.0
17498.00,0.4370,1.8580,9.9210,0.000,-2.310,3.180,134,100.0
17508.00,0.3960,1.8420,9.9660,0.220,-2.080,4.250,134,100.0
17518.00,0.3330,1.7890,9.9140,0.540,-3.320,3.930,134,100.0
17528.00,0.3780,1.7860,9.9260,0.640,-2.520,2.830,134,100.0
17538.00,0.3920,1.7910,9.9330,0.780,-1.760,2.850,134,100.0
17548.00,0.4630,1.8490,9.9440,1.040,-1.540,3.570,135,100.0
17558.00,0.3070,1.6890,9.9400,1.410,-2.090,4.340,135,100.0
17568.00,0.4370,1.7710,9.9360,1.030,-2.040,3.060,135,100.0
17578.00,0.4780,1.8070,9.9380,0.870,-1.780,2.570,135,100.0
17588.00,0.5090,1.8110,9.9290,0.800,-1.640,2.430,135,100.0
17598.00,0.5210,1.8050,9.9420,0.820,-1.620,2.460,136,100.0
17608.00,0.4900,1.8180,9.9310,0.850,-1.640,2.460,136,100.0
17618.00,0.4340,1.8290,9.9290,0.850,-1.830,2.460,136,100.0
17628.00,0.3860,1.7800,9.9380,1.010,-2.220,2.430,136,100.0
17639.00,0.4030,1.7950,9.9390,0.990,-2.320,2.410,136,100.0
17649.00,0.4070,1.7890,9.9370,1.040,-2.390,2.460,137,100.0
17659.00,0.4220,1.7990,9.9400,1.080,-2.320,2.290,137,100.0
17669.00,0.4350,1.7910,9.9300,0.920,-2.380,2.320,137,100.0
17679.00,0.4250,1.7770,9.9230,0.960,-2.290,2.320,137,100.0
17689.00,0.4040,1.7690,9.9310,1.040,-2.010,2.360,137,100.0
17699.00,0.4300,1.7620,9.9310,1.260,-1.900,2.360,138,100.0
17709.00,0.4400,1.7850,9.9270,1.380,-1.800,2.410,138,100.0
17719.00,0.4670,1.8010,9.9230,1.450,-1.570,2.480,138,100.0
17729.00,1.1900,2.1300,9.6870,1.380,-0.700,2.830,138,100.0
17739.00,0.7530,2.1050,10.2720,3.740,-2.550,5.510,138,100.0
17749.00,0.4550,1.8220,9.8600,0.500,-3.600,7.560,139,100.0
17759.00,-0.4000,1.2650,9.9560,1.820,-2.780,6.260,139,100.0
17769.00,0.3930,1.7510,9.9360,1.750,-3.130,3.440,139,100.0
17779.00,0.4190,1.8400,9.9210,1.310,-3.370,2.900,139,100.0
17789.00,0.4100,1.8890,9.8820,1.590,-3.370,3.080,139,100.0
17799.00,0.4090,1.8490,9.8830,3.720,-2.040,4.140,140,100.0
17809.00,0.3360,1.7240,9.9970,4.270,-1.710,4.180,140,100.0
17819.00,0.4010,1.8000,9.9150,1.220,-2.340,2.780,140,100.0
17829.00,0.4590,1.8140,9.9290,1.060,-1.760,2.430,140,100.0
17839.00,0.4740,1.8280,9.9350,1.040,-1.830,2.380,140,100.0
17849.00,0.4680,1.8480,9.9290,1.010,-1.990,2.410,141,100.0
17859.00,0.4710,1.8460,9.9390,0.940,-2.220,2.380,141,100.0
17869.00,0.4600,1.8550,9.9290,0.910,-2.270,2.320,141,100.0
17879.00,0.4570,1.8580,9.9200,0.870,-2.500,2.310,141,100.0
17889.00,0.4600,1.8360,9.9290,0.850,-2.570,2.290,141,100.0
17899.00,0.4610,1.8280,9.9320,0.840,-2.380,2.290,142,100.0
17909.00,0.4720,1.8060,9.9210,0.870,-2.180,2.320,142,100.0
17919.00,0.4520,1.8080,9.9300,0.920,-2.270,2.310,142,100.0
17929.00,0.4290,1.8250,9.9290,0.910,-2.220,2.290,142,100.0
17939.00,0.4190,1.8240,9.9290,0.910,-2.090,2.340,142,100.0
17949.00,0.4270,1.8100,9.9270,0.940,-2.110,2.320,143,100.0
17959.00,0.4330,1.7880,9.9180,0.990,-2.080,2.290,143,100.0
17969.00,0.4580,1.7920,9.9240,1.040,-2.240,2.290,143,100.0
17979.00,0.4630,1.8000,9.9450,1.010,-2.320,2.310,143,100.0
17989.00,0.4740,1.8420,9.9210,0.960,-2.480,2.360,143,100.0
17999.00,0.4940,1.8490,9.9190,0.890,-2.460,2.320,144,100.0
18009.00,0.4850,1.8610,9.9250,0.800,-2.240,2.270,144,100.0
18019.00,0.4720,1.8590,9.9230,0.780,-2.240,2.250,144,100.0
18029.00,0.4280,1.8290,9.9190,0.730,-2.030,2.250,144,100.0
18039.00,0.4270,1.8240,9.9230,0.800,-1.900,2.270,144,100.0
18049.00,0.4070,1.8140,9.9150,0.850,-1.890,2.310,145,100.0
18059.00,0.4000,1.8220,9.9250,0.890,-1.890,2.270,145,100.0
18069.00,0.4100,1.8020,9.9190,0.910,-1.900,2.270,145,100.0
18079.00,0.4350,1.8100,9.9440,0.850,-1.890,2.290,145,100.0
18089.00,0.4680,1.8190,9.9180,0.890,-1.870,2.340,145,100.0
18099.00,0.5030,1.8180,9.9190,0.800,-1.970,2.290,146,100.0
18109.00,0.5320,1.8190,9.9230,0.770,-1.990,2.290,146,100.0
18119.00,0.5390,1.8180,9.9230,0.840,-1.990,2.380,146,100.0
18129.00,0.5270,1.8320,9.9210,0.850,-1.970,2.390,146,100.0
18139.00,0.4830,1.8410,9.9370,0.840,-1.990,2.380,146,100.0
18149.00,0.4340,1.8430,9.9230,0.870,-1.830,2.360,147,100.0
18159.00,0.3940,1.8460,9.9320,0.820,-1.690,2.320,147,100.0
18169.00,0.3790,1.8480,9.9290,0.820,-1.690,2.240,147,100.0
18179.00,0.3720,1.8190,9.9460,0.700,-1.730,2.200,147,100.0
18189.00,0.3870,1.7970,9.9310,0.840,-1.820,2.200,147,100.0
18199.00,0.3920,1.7980,9.9400,0.840,-1.990,2.150,148,100.0
18209.00,0.4060,1.8170,9.9200,0.890,-1.960,2.250,148,100.0
18219.00,0.4220,1.8300,9.9150,0.890,-2.090,2.290,148,100.0
18229.00,0.4770,1.8170,9.9210,0.920,-2.180,2.290,148,100.0
18239.00,0.4770,1.8110,9.9150,0.820,-2.170,2.340,148,100.0
18249.00,0.5030,1.8140,9.9260,0.800,-2.150,2.380,149,100.0
18259.00,0.5220,1.7850,9.9320,0.820,-2.150,2.450,149,100.0
18269.00,0.5390,1.7810,9.8900,0.750,-2.220,2.500,149,100.0
18279.00,0.5370,1.8250,9.9350,0.070,-2.380,2.620,149,100.0
18289.00,0.5200,1.8350,9.9310,0.490,-2.200,2.520,149,100.0
18299.00,0.4800,1.8530,9.9250,0.700,-2.240,2.450,150,100.0
18309.00,0.4410,1.8580,9.9290,0.920,-2.250,2.410,150,100.0
18319.00,0.4060,1.8280,9.9310,1.130,-2.220,2.480,150,100.0
18329.00,0.3880,1.8180,9.9300,1.040,-2.130,2.500,150,100.0
18339.00,0.3750,1.8220,9.9270,1.010,-2.240,2.600,150,100.0
18349.00,0.3840,1.8750,9.9320,0.920,-2.340,2.990,151,100.0
18359.00,0.4120,2.1320,9.9150,1.570,-2.340,4.900,151,100.0
18369.00,0.4180,1.8650,9.9320,1.730,-1.960,9.660,151,100.0
18379.00,0.4270,1.7400,9.9330,1.080,-1.960,10.410,151,100.0
18389.00,0.8810,2.0500,9.7620,1.170,-1.220,9.290,151,100.0
18399.00,0.2600,1.6290,10.0590,1.270,-0.050,9.740,152,100.0
18409.00,0.3510,1.4970,9.9480,1.130,-2.430,8.710,152,100.0
18419.00,0.5140,1.7330,9.9210,1.030,-2.380,4.510,152,100.0
18429.00,0.5300,1.7980,9.9210,0.990,-2.310,2.730,152,100.0
18439.00,0.5060,1.8060,9.9270,0.980,-2.360,2.520,152,100.0
18449.00,0.4600,1.8190,9.9230,0.960,-2.290,2.450,153,100.0
18459.00,0.4160,1.8260,9.9300,0.980,-2.090,2.410,153,100.0
18469.00,0.3940,1.8420,9.9300,0.980,-2.080,2.450,153,100.0
18479.00,0.3850,1.8470,9.9360,0.890,-2.150,2.390,153,100.0
18489.00,0.3900,1.8350,9.9370,0.870,-2.090,2.410,153,100.0
18499.00,0.4180,1.8660,9.9400,0.780,-2.150,2.620,154,100.0
18509.00,0.4300,1.9640,9.9240,0.840,-2.340,3.370,154,100.0
18519.00,0.4520,1.8780,9.9190,1.030,-2.180,5.770,154,100.0
18529.00,0.4470,1.7210,9.9260,1.100,-1.960,7.100,154,100.0
18539.00,0.4740,1.7510,9.9240,0.990,-1.750,5.890,154,100.0
18549.00,0.5160,1.8120,9.9270,0.920,-1.130,5.040,155,100.0
18559.00,0.4730,1.7320,9.9360,0.980,-1.690,4.830,155,100.0
18569.00,0.5100,1.7500,9.9230,0.980,-2.270,3.830,155,100.0
18579.00,0.5350,1.7970,9.9240,0.940,-2.450,2.950,155,100.0
18589.00,0.5320,1.8190,9.9200,0.910,-2.410,2.690,155,100.0
18599.00,0.5130,1.8400,9.9310,0.910,-2.320,2.570,156,100.0
18609.00,0.4920,1.8410,9.9180,0.940,-2.220,2.550,156,100.0
18619.00,0.4590,1.8410,9.9230,0.920,-2.200,2.500,156,100.0
18629.00,0.4240,1.8160,9.9240,0.960,-2.240,2.530,156,100.0
18639.00,0.4170,1.8240,9.9360,0.960,-2.030,2.670,156,100.0
18649.00,0.4170,1.8360,9.9210,0.960,-2.030,2.760,157,100.0
18660.00,0.4130,1.8470,9.9360,0.890,-2.030,2.830,157,100.0
18670.00,0.4190,1.8320,9.9350,0.910,-2.030,3.040,157,100.0
18680.00,0.4280,1.7940,9.9390,0.920,-2.010,3.130,157,100.0
18690.00,0.4570,1.7570,9.9290,0.940,-1.990,3.010,157,100.0
18700.00,0.4840,1.7730,9.9240,0.910,-2.040,2.800,158,100.0
18710.00,0.5300,1.7970,9.9300,0.940,-2.040,2.660,158,100.0
18720.00,0.5640,1.8080,9.9180,0.920,-2.080,2.520,158,100.0
18730.00,0.5670,1.8230,9.9250,0.920,-2.180,2.530,158,100.0
18740.00,0.5680,1.8120,9.9170,0.910,-2.240,2.520,158,100.0
18750.00,0.5280,1.8230,9.9150,0.940,-2.220,2.480,159,100.0
18760.00,0.4920,1.8240,9.9260,0.940,-2.150,2.450,159,100.0
18770.00,0.4460,1.8360,9.9180,0.920,-2.010,2.360,159,100.0
18780.00,0.4190,1.8140,9.9300,0.940,-1.900,2.310,159,100.0
18790.00,0.4070,1.8250,9.9330,0.940,-2.030,2.310,159,100.0
18800.00,0.3910,1.8320,9.9310,0.890,-2.090,2.320,160,100.0
18810.00,0.4110,1.8360,9.9350,0.870,-2.110,2.310,160,100.0
18820.00,0.4170,1.8320,9.9350,0.870,-2.060,2.290,160,100.0
18830.00,0.4160,1.8290,9.9250,0.870,-2.080,2.340,160,100.0
18840.00,0.4230,1.8160,9.9320,0.800,-2.150,2.270,160,100.0
18850.00,0.4590,1.8020,9.9230,0.840,-2.170,2.320,161,100.0
18860.00,0.5030,1.8040,9.9240,0.780,-2.240,2.320,161,100.0
18870.00,0.5560,1.8070,9.9240,0.840,-2.220,2.290,161,100.0
18880.00,0.5880,1.7880,9.9210,0.870,-2.310,2.290,161,100.0
18890.00,0.5970,1.7860,9.9090,0.910,-2.320,2.340,161,100.0
18900.00,0.5750,1.8000,9.9150,0.920,-2.310,2.390,162,100.0
18910.00,0.5450,1.8140,9.9230,0.990,-2.250,2.500,162,100.0
18920.00,0.5040,1.8370,9.9210,0.990,-2.360,2.590,162,100.0
18930.00,0.4550,1.8830,9.9080,1.040,-2.500,2.940,162,100.0
18940.00,0.4250,1.9630,9.9150,1.220,-2.480,4.060,162,100.0
18950.00,0.3920,1.8100,9.9350,1.400,-1.960,5.490,163,100.0
18960.00,0.4470,2.1200,9.9360,1.290,-1.970,5.700,163,100.0
18970.00,0.4190,1.8410,9.9260,1.450,-2.010,10.390,163,100.0
18980.00,0.4270,1.5750,9.9290,1.340,-2.010,10.530,163,100.0
18990.00,0.4850,1.7610,9.9170,1.040,-2.110,6.400,163,100.0
19000.00,0.5280,1.7980,9.9170,0.990,-2.060,5.110,164,100.0
19010.00,0.5390,1.7340,9.9300,0.960,-2.090,4.830,164,100.0
19020.00,0.5470,1.7610,9.9260,0.920,-2.130,3.920,164,100.0
19030.00,0.5470,1.8100,9.9230,0.910,-2.170,3.440,164,100.0
19040.00,0.5010,1.8080,9.9300,0.920,-2.200,3.620,164,100.0
19050.00,0.4660,1.7590,9.9230,0.920,-2.180,3.620,165,100.0
19060.00,0.4390,1.7830,9.9140,0.870,-2.170,3.390,165,100.0
19070.00,0.3880,1.8730,9.9310,0.910,-2.240,2.900,165,100.0
19080.00,0.3110,1.9090,9.9190,0.890,-2.320,2.520,165,100.0
19090.00,0.3210,1.8020,9.9230,0.820,-2.200,2.320,165,100.0
19100.00,0.3840,1.7470,9.9390,0.850,-2.060,2.310,166,100.0
19110.00,0.4700,1.7560,9.9240,0.890,-2.110,2.320,166,100.0
19120.00,0.5610,1.8050,9.9240,0.940,-2.150,2.360,166,100.0
19130.00,0.6120,1.8410,9.9180,0.910,-2.250,2.360,166,100.0
19140.00,0.6250,1.8620,9.9000,0.910,-2.310,2.320,166,100.0
19150.00,0.6060,1.8600,9.9200,0.890,-2.270,2.360,167,100.0
19160.00,0.5560,1.8320,9.9180,0.870,-2.170,2.460,167,100.0
19170.00,0.5350,1.8290,9.9130,0.840,-1.970,2.660,167,100.0
19180.00,0.5440,1.8810,9.9030,0.920,-1.780,3.150,167,100.0
19190.00,0.5440,1.8580,9.9240,0.990,-1.550,4.020,167,100.0
19200.00,0.4970,1.8230,9.9240,1.040,-1.480,4.090,168,100.0
19210.00,0.4520,1.7850,9.9250,0.990,-1.590,4.000,168,100.0
19220.00,0.4130,1.7610,9.9450,1.060,-1.520,4.460,168,100.0
19230.00,0.3940,1.8010,9.9320,1.130,-1.570,4.830,168,100.0
19240.00,0.4850,2.1840,9.9520,1.200,-1.500,5.680,168,100.0
19250.00,0.4680,1.8200,9.8900,1.500,-2.390,11.200,169,100.0
19260.00,0.5190,1.5050,9.7390,1.430,-1.520,11.020,169,100.0
19270.00,0.4180,1.6700,10.1380,0.910,3.270,5.650,169,100.0
19280.00,0.4780,1.7260,9.9310,0.980,-2.270,3.850,169,100.0
19290.00,0.5020,1.7920,9.9250,1.030,-2.690,3.180,169,100.0
19300.00,0.5150,1.8400,9.9140,0.980,-2.660,2.800,170,100.0
19310.00,0.5240,1.8460,9.9140,0.980,-2.640,2.500,170,100.0
19320.00,0.5310,1.8160,9.9050,0.920,-2.570,2.310,170,100.0
19330.00,0.5210,1.7710,9.9350,0.980,-2.500,2.240,170,100.0
19340.00,0.5210,1.7800,9.9330,1.040,-2.590,2.290,170,100.0
19350.00,0.4830,1.8060,9.9140,1.010,-2.460,2.270,171,100.0
19360.00,0.4800,1.8470,9.9350,0.960,-2.200,2.290,171,100.0
19370.00,0.4550,1.8730,9.9170,0.990,-2.150,2.320,171,100.0
19380.00,0.4430,1.8750,9.9320,0.920,-2.090,2.320,171,100.0
19390.00,0.4310,1.8350,9.9210,0.870,-1.990,2.310,171,100.0
19400.00,0.4490,1.8130,9.9320,0.870,-1.990,2.320,172,100.0
19410.00,0.4830,1.8190,9.9150,0.910,-2.030,2.310,172,100.0
19420.00,0.5210,1.7890,9.9240,0.870,-2.040,2.310,172,100.0
19430.00,0.5520,1.8000,9.9290,0.850,-1.970,2.310,172,100.0
19440.00,0.5700,1.8290,9.9000,0.920,-2.040,2.250,172,100.0
19450.00,0.5450,1.8340,9.9270,0.870,-1.940,2.290,173,100.0
19460.00,0.5270,1.8410,9.9240,0.820,-1.920,2.310,173,100.0
19470.00,0.4980,1.8380,9.9270,0.820,-1.900,2.310,173,100.0
19480.00,0.4890,1.8280,9.9180,0.850,-1.900,2.290,173,100.0
19490.00,0.4780,1.8160,9.9310,0.850,-1.890,2.320,173,100.0
19500.00,0.4740,1.8160,9.9200,0.850,-1.850,2.290,174,100.0
19510.00,0.4710,1.8140,9.9240,0.840,-1.900,2.270,174,100.0
19520.00,0.4700,1.8240,9.9490,0.840,-1.970,2.310,174,100.0
19530.00,0.4670,1.8230,9.9270,0.840,-1.990,2.360,174,100.0
19540.00,0.4610,1.8420,9.9310,0.890,-2.010,2.390,174,100.0
19550.00,0.4520,1.8360,9.9180,0.870,-2.090,2.360,175,100.0
19560.00,0.4640,1.8200,9.9320,0.840,-2.080,2.360,175,100.0
19570.00,0.4950,1.8120,9.9290,0.820,-2.060,2.360,175,100.0
19580.00,0.5120,1.8100,9.9290,0.820,-2.040,2.380,175,100.0
19590.00,0.5240,1.7980,9.9270,0.820,-2.060,2.380,175,100.0
19600.00,0.5500,1.8050,9.9190,0.800,-2.110,2.430,176,100.0
19610.00,0.5450,1.8230,9.9360,0.850,-2.130,2.530,176,100.0
19620.00,0.5300,1.8250,9.9250,0.910,-2.150,2.590,176,100.0
19630.00,0.5150,1.8010,9.9190,0.890,-2.150,2.660,176,100.0
19640.00,0.4850,1.8170,9.9180,0.940,-2.030,2.870,176,100.0
19650.00,0.4770,1.8170,9.9350,0.940,-1.990,2.870,177,100.0
19660.00,0.4740,1.8220,9.9230,0.910,-2.010,2.760,177,100.0
19670.00,0.4670,1.8310,9.9330,0.940,-2.040,2.780,177,100.0
19680.00,0.4640,1.8240,9.9140,0.910,-2.090,2.830,177,100.0
19691.00,0.4670,1.8170,9.9390,0.940,-2.110,2.940,177,100.0
19701.00,0.4720,1.8170,9.9350,0.890,-2.150,3.110,178,100.0
19711.00,0.4640,1.8400,9.8950,0.910,-2.200,3.440,178,100.0
19721.00,0.5030,1.8690,9.9480,0.940,-2.130,3.990,178,100.0
19731.00,0.5040,1.7930,9.9090,1.060,-2.060,4.670,178,100.0
19741.00,0.5310,1.7560,9.9130,1.010,-1.990,4.790,178,100.0
19751.00,0.5370,1.8020,9.9400,1.060,-1.750,4.620,179,100.0
19761.00,0.5440,1.8740,9.8970,1.100,-1.520,5.090,179,100.0
19771.00,0.5580,1.9780,9.9230,1.200,-1.470,6.160,179,100.0
19781.00,0.5510,1.8790,9.9480,1.220,-2.010,7.610,179,100.0
19791.00,0.4700,1.6570,9.9010,1.330,-2.340,7.710,179,100.0
19801.00,0.4940,1.7130,9.9360,1.200,-2.250,5.700,180,100.0
19811.00,0.4880,1.7670,9.9400,1.120,-2.270,4.130,180,100.0
19821.00,0.4940,1.8440,9.9060,0.990,-2.430,3.110,180,100.0
19831.00,0.4820,1.8920,9.9440,0.910,-2.380,2.690,180,100.0
19841.00,0.4530,1.8160,9.9110,0.780,-2.390,2.480,180,100.0
19851.00,0.4580,1.7580,9.9230,0.820,-2.360,2.450,181,100.0
19861.00,0.4780,1.7350,9.9300,0.890,-2.320,2.450,181,100.0
19871.00,0.5160,1.7530,9.9250,0.940,-2.250,2.500,181,100.0
19881.00,0.5450,1.7870,9.9240,0.990,-2.290,2.500,181,100.0
19891.00,0.5680,1.8300,9.9150,1.010,-2.320,2.460,181,100.0
19901.00,0.5610,1.8430,9.9020,0.990,-2.410,2.410,182,100.0
19911.00,0.5340,1.8710,9.9170,1.030,-2.380,2.310,182,100.0
19921.00,0.5120,1.8480,9.9320,0.990,-2.270,2.250,182,100.0
19931.00,0.5100,1.8260,9.9090,0.940,-2.180,2.250,182,100.0
19941.00,0.4880,1.8160,9.9290,0.940,-2.130,2.290,182,100.0
19951.00,0.4710,1.8300,9.9180,0.890,-2.060,2.270,183,100.0
19961.00,0.4640,1.8360,9.9210,0.820,-2.010,2.290,183,100.0
19971.00,0.4850,1.8430,9.9500,0.820,-1.940,2.250,183,100.0
19981.00,0.4950,1.8380,9.9240,0.840,-1.960,2.290,183,100.0
19991.00,0.5130,1.8520,9.9230,0.800,-1.900,2.310,183,100.0
23194.00,0.4600,1.8100,9.9240,-0.030,-0.150,-0.110,0,100.0
23205.00,0.4850,1.8050,9.9370,0.030,-0.190,-0.040,0,100.0
23215.00,0.5060,1.8180,9.9300,0.070,-0.170,-0.040,0,100.0
23225.00,0.5220,1.8280,9.9230,0.020,-0.220,-0.040,0,100.0
23235.00,0.5500,1.8280,9.9320,0.000,-0.170,-0.070,0,100.0
23245.00,0.5640,1.8180,9.9200,-0.010,-0.150,-0.090,1,100.0
23255.00,0.5790,1.7880,9.9330,-0.010,-0.130,-0.070,1,100.0
23265.00,0.5790,1.7920,9.9150,-0.010,-0.010,-0.090,1,100.0
23275.00,0.5850,1.7990,9.9150,0.000,0.210,-0.090,1,100.0
23285.00,0.5870,1.8300,9.9140,-0.080,0.260,-0.090,1,100.0
23295.00,0.5610,1.8420,9.9230,0.000,0.310,-0.050,2,100.0
23305.00,0.5430,1.8400,9.9300,-0.030,0.170,-0.090,2,100.0
23315.00,0.5020,1.8340,9.9290,-0.010,0.030,-0.090,2,100.0
23325.00,0.4910,1.8320,9.9310,-0.030,-0.050,-0.090,2,100.0
23335.00,0.4820,1.8340,9.9200,-0.010,-0.030,-0.120,2,100.0
23345.00,0.4840,1.8230,9.9390,-0.010,0.070,-0.090,3,100.0
23355.00,0.4960,1.8320,9.9350,0.000,0.000,-0.050,3,100.0
23365.00,0.5240,1.8320,9.9270,-0.040,-0.060,-0.110,3,100.0
23375.00,0.5430,1.8260,9.9400,-0.060,-0.150,-0.140,3,100.0
23385.00,0.5410,1.8240,9.9200,-0.100,-0.220,-0.110,3,100.0
23395.00,0.5330,1.8190,10.1300,-1.220,-0.680,-0.120,4,100.0
23405.00,0.5550,1.8080,9.7500,-3.440,-1.250,-0.090,4,100.0
23415.00,0.5300,1.8050,9.9380,-0.920,-0.430,0.000,4,100.0
23425.00,0.5350,1.7910,9.9170,-0.670,-0.310,-0.090,4,100.0
23435.00,0.5310,1.7750,9.9130,-0.310,-0.120,-0.040,4,100.0
23445.00,0.5270,1.7650,9.9310,-0.040,0.010,-0.090,5,100.0
23455.00,0.5560,1.8070,9.9350,0.240,0.100,-0.090,5,100.0
23465.00,0.5560,1.8310,9.9250,0.210,0.070,-0.070,5,100.0
23475.00,0.5580,1.8370,9.9320,0.020,0.000,-0.050,5,100.0
23485.00,0.5620,1.8120,9.9110,0.020,-0.080,-0.050,5,100.0
23495.00,0.5440,1.7860,9.9380,0.070,-0.060,-0.050,6,100.0
23505.00,0.5220,1.8040,9.9320,0.140,-0.010,-0.040,6,100.0
23515.00,0.5190,1.8170,9.9360,0.090,0.030,-0.020,6,100.0
23525.00,0.4980,1.8300,9.9320,0.050,0.030,-0.040,6,100.0
23535.00,0.5080,1.8250,9.9230,0.050,0.100,-0.050,6,100.0
23545.00,0.4900,1.8190,9.9360,0.190,0.190,-0.040,7,100.0
23555.00,0.4900,1.8060,9.9230,0.330,0.310,-0.040,7,100.0
23565.00,0.4900,1.8040,9.9380,0.300,0.360,-0.050,7,100.0
23575.00,0.5000,1.7920,9.9250,0.230,0.240,-0.050,7,100.0
23585.00,0.5060,1.7730,9.9310,0.170,0.170,0.000,7,100.0
23595.00,0.5200,1.7810,9.9450,0.000,0.070,0.020,8,100.0
23605.00,0.5370,1.8110,9.9210,-0.170,-0.030,0.020,8,100.0
23615.00,0.5610,1.8280,9.9190,-0.060,-0.050,0.010,8,100.0
23625.00,0.5770,1.8340,9.9250,0.050,-0.080,0.000,8,100.0
23635.00,0.5860,1.8290,9.9380,0.120,-0.100,-0.050,8,100.0
23645.00,0.5760,1.8170,9.9190,0.160,-0.100,-0.020,9,100.0
23655.00,0.5020,1.8140,9.9190,0.070,-0.010,-0.050,9,100.0
23665.00,0.4880,1.8170,9.8790,0.240,0.150,-0.070,9,100.0
23675.00,0.4820,1.8290,9.9670,1.360,0.520,-0.090,9,100.0
23685.00,0.4850,1.8080,9.9330,1.010,0.450,-0.040,9,100.0
23695.00,0.4890,1.8050,9.9430,0.770,0.310,-0.040,10,100.0
23705.00,0.5180,1.7990,9.9400,0.590,0.120,-0.020,10,100.0
23715.00,0.5320,1.8140,9.9210,0.230,-0.010,0.010,10,100.0
23725.00,0.5560,1.8190,9.9190,0.070,-0.060,0.000,10,100.0
23735.00,0.5650,1.8300,9.9240,0.020,-0.130,-0.040,10,100.0
23745.00,0.5700,1.8280,9.9250,0.000,-0.080,-0.040,11,100.0
23755.00,0.5650,1.8100,9.9270,0.000,-0.010,-0.040,11,100.0
23765.00,0.5570,1.8070,9.9180,-0.030,0.050,-0.050,11,100.0
23775.00,0.5300,1.8060,9.9290,-0.040,0.080,-0.070,11,100.0
23785.00,0.5090,1.8300,9.9230,-0.080,0.150,-0.020,11,100.0
26975.00,0.5220,1.7250,9.9480,-0.070,1.540,-0.680,0,100.0
26985.00,0.5300,1.7790,9.9260,-0.050,1.010,-0.650,0,100.0
26995.00,0.6260,2.1300,7.6940,-0.090,1.870,-0.930,0,100.0
27005.00,0.5740,2.6360,12.1830,0.550,17.660,-11.270,0,100.0
27015.00,0.7510,2.2810,9.8760,0.860,5.370,7.880,0,100.0
27025.00,0.1430,1.0940,10.1450,1.110,4.480,16.560,1,100.0
27035.00,0.4270,1.0250,9.8650,0.930,-2.110,10.790,1,100.0
27045.00,0.6070,1.6240,9.9050,0.690,-0.310,1.600,1,100.0
27055.00,0.6690,1.7430,9.9170,0.850,0.790,-0.300,1,100.0
27065.00,0.6790,1.7560,9.9320,0.850,0.890,0.130,1,100.0
27075.00,0.6690,1.6830,9.9450,0.670,-0.010,-0.020,2,100.0
27085.00,0.6250,1.6950,9.8630,0.760,-1.250,-1.630,2,100.0
27095.00,1.2660,0.8910,9.8440,0.480,3.990,-5.270,2,100.0
27105.00,1.1000,1.2690,9.9870,-0.070,4.900,-14.490,2,100.0
27115.00,0.0890,2.3060,9.9390,-0.700,2.260,-14.890,2,100.0
27125.00,0.2440,2.0780,9.9460,-0.180,1.190,-7.980,3,100.0
27135.00,-0.1770,2.2980,9.9490,0.110,0.560,-4.460,3,100.0
27145.00,0.4820,1.9020,9.9360,0.300,-2.070,-1.120,3,100.0
27155.00,0.5570,1.8580,9.9540,0.510,-2.280,-0.750,3,100.0
27165.00,0.5310,0.8320,10.0180,0.430,-4.020,-2.080,3,100.0
27175.00,0.4250,-0.0800,9.8790,-0.790,-5.570,-22.860,4,100.0
27185.00,0.7580,2.1580,9.8600,-2.080,-2.970,-57.820,4,100.0
27195.00,0.3360,0.8690,9.9860,-1.310,-1.950,-34.460,4,100.0
27205.00,0.5160,2.4930,9.8770,-0.930,-2.140,-22.890,4,100.0
27215.00,0.7200,3.2020,9.9170,-0.670,-1.710,-22.960,4,100.0
27225.00,0.7410,2.5730,9.9310,-0.460,-2.160,-14.470,5,100.0
27235.00,0.6320,1.9660,9.9070,-0.180,-2.370,-8.330,5,100.0
27245.00,0.6010,1.7860,9.8970,-0.050,-2.160,-6.910,5,100.0
27255.00,0.6010,1.7830,9.9010,0.010,-1.510,-7.350,5,100.0
27265.00,0.3200,1.4830,9.9960,0.060,-1.510,-7.980,5,100.0
27275.00,0.1990,1.6240,9.9290,0.000,-3.580,-11.200,6,100.0
27285.00,0.3080,2.0960,9.9440,0.040,-3.120,-13.270,6,100.0
27295.00,0.4400,2.3550,10.0470,0.020,-2.490,-10.620,6,100.0
27305.00,0.4150,2.5900,9.9200,-0.050,-1.880,-7.330,6,100.0
27315.00,0.6730,2.5660,9.8910,-0.370,-1.790,-4.600,6,100.0
27325.00,0.5620,1.8350,9.8690,-0.540,-0.870,-1.910,7,100.0
27335.00,0.5440,1.5580,9.9320,-0.610,1.280,-0.770,7,100.0
27345.00,0.6960,1.7040,9.8500,-0.580,2.480,-0.460,7,100.0
27355.00,0.7390,1.8580,9.9380,-0.560,3.690,-0.810,7,100.0
27365.00,1.5490,3.1420,9.3350,-0.120,3.880,4.100,7,100.0
27375.00,0.6010,2.1000,10.4720,0.110,8.470,13.730,8,100.0
27385.00,0.8010,2.1320,9.9190,-0.180,2.660,15.770,8,100.0
27395.00,1.0400,2.1230,9.9180,-0.390,3.060,16.930,8,100.0
27405.00,0.6500,1.9630,9.9760,-0.320,1.730,18.820,8,100.0
27415.00,0.3540,1.8300,9.9260,-0.110,0.470,22.440,8,100.0
27425.00,0.2930,1.5870,9.9490,0.040,0.540,24.790,9,100.0
27435.00,0.3370,1.4810,9.8990,0.950,-0.500,25.010,9,100.0
27445.00,-0.1830,1.0520,9.9180,2.050,0.120,21.930,9,100.0
27455.00,0.2450,1.5630,9.9920,1.460,0.680,15.880,9,100.0
27465.00,0.0210,1.2630,9.9780,1.140,-0.310,13.450,9,100.0
27475.00,0.2700,1.5720,9.9870,0.760,0.190,8.390,10,100.0
27485.00,0.1980,1.6270,9.9420,0.320,-0.410,4.990,10,100.0
27495.00,0.6080,1.9570,9.9420,0.130,-0.990,0.930,10,100.0
27505.00,0.5830,1.9590,9.9230,0.040,-1.570,-0.960,10,100.0
27515.00,0.4040,1.9020,9.9440,-0.140,-1.480,-1.090,10,100.0
27525.00,0.3790,1.8680,9.9310,-0.390,-1.040,-1.090,11,100.0
27535.00,0.3320,1.8960,9.9060,-0.330,-0.590,-1.050,11,100.0
27545.00,0.6410,1.7680,9.9560,-0.400,-0.390,-1.070,11,100.0
27555.00,0.9220,1.7120,9.8990,-0.280,-0.570,-0.880,11,100.0
27565.00,0.9520,1.8730,9.9240,-0.190,-1.020,-0.790,11,100.0
27575.00,0.8970,1.8010,9.9030,-0.260,-1.290,-0.910,12,100.0
27585.00,0.7780,1.7400,9.9240,-0.330,-0.920,-1.050,12,100.0
27595.00,0.5910,1.8200,9.9080,-0.330,-0.570,-1.020,12,100.0
27605.00,0.4350,1.9020,9.9070,-0.350,-0.340,-0.930,12,100.0
27615.00,0.2480,1.8440,9.9360,-0.400,-0.110,-1.000,12,100.0
27625.00,0.2030,1.7320,9.9390,-0.420,0.070,-1.030,13,100.0
27635.00,0.3170,1.7070,9.9480,-0.370,0.190,-0.880,13,100.0
27645.00,0.4800,1.7990,9.9230,-0.250,0.100,-0.740,13,100.0
27655.00,0.6310,1.7930,9.9570,-0.120,-0.130,-0.750,13,100.0
27665.00,0.7230,1.7300,9.9240,-0.070,-0.550,-0.840,13,100.0
27675.00,0.8660,1.6210,9.9400,0.000,-0.830,-0.840,14,100.0
27685.00,1.0000,1.5310,9.9320,0.150,-0.870,-0.840,14,100.0
27695.00,0.7500,1.8870,9.8720,0.200,-1.080,-0.890,14,100.0
27705.00,-0.2300,-0.2150,9.7570,-0.400,-0.360,-3.590,14,100.0
27715.00,0.1890,1.2230,10.0480,-2.210,2.010,-23.430,14,100.0
27725.00,0.3920,3.1760,10.0050,-1.660,1.990,-27.340,15,100.0
27735.00,0.3120,3.0900,9.9110,-1.420,1.710,-17.610,15,100.0
27745.00,0.0150,2.0270,9.9320,-0.330,1.170,-4.600,15,100.0
27755.00,0.6250,1.7730,9.9390,-0.160,0.590,-0.650,15,100.0
27765.00,1.1520,1.6090,9.9110,-0.140,0.490,-0.670,15,100.0
27775.00,1.5490,1.5850,9.9520,0.010,-0.040,-0.700,16,100.0
27785.00,1.4060,1.8320,9.8820,0.090,-0.760,-0.840,16,100.0
27795.00,1.0850,1.9690,9.8720,0.130,-1.180,-0.910,16,100.0
27805.00,0.6200,1.9520,9.9090,-0.090,-1.080,-1.050,16,100.0
27815.00,0.1810,1.8970,9.9050,-0.110,-0.340,-1.030,16,100.0
27825.00,-0.1080,1.8120,9.9500,-0.210,0.940,-0.880,17,100.0
27835.00,-0.2020,1.7320,9.9700,-0.260,1.840,-0.810,17,100.0
27846.00,-0.1050,1.6980,9.9940,-0.350,1.820,-0.770,17,100.0
27856.00,0.0870,1.8070,9.9270,-0.230,1.820,-0.720,17,100.0
27866.00,0.3420,1.9280,9.8280,-0.180,3.170,-0.650,17,100.0
27876.00,1.1830,2.9150,10.0420,0.510,3.730,5.680,18,100.0
27886.00,0.2650,1.2210,9.9390,1.340,-0.600,19.830,18,100.0
27896.00,0.4580,1.2010,9.9420,0.620,-0.200,9.160,18,100.0
27906.00,0.7030,1.5990,9.9560,0.300,-0.480,0.900,18,100.0
27916.00,0.6580,1.7340,9.9290,0.300,-0.690,-0.650,18,100.0
27926.00,0.5790,1.8480,9.9310,0.230,-0.870,-0.890,19,100.0
27936.00,0.5180,1.9010,9.9320,0.150,-0.830,-1.020,19,100.0
27946.00,0.4900,1.9220,9.9180,0.160,-0.570,-0.960,19,100.0
27956.00,0.5630,1.8480,9.9250,0.000,-0.010,-0.950,19,100.0
27966.00,0.5930,1.8080,9.9520,0.010,-0.150,-0.910,19,100.0
27976.00,0.5880,1.7950,9.9380,-0.090,-0.220,-0.910,20,100.0
27986.00,0.5860,1.8080,9.9230,-0.120,-0.410,-0.880,20,100.0
27996.00,0.5340,1.8120,9.9200,-0.110,-0.320,-0.950,20,100.0
28006.00,0.4840,1.8080,9.9330,-0.120,-0.240,-0.980,20,100.0
28016.00,0.4430,1.7940,9.9290,-0.120,-0.150,-1.030,20,100.0
28026.00,0.4270,1.7940,9.9460,-0.090,-0.150,-1.030,21,100.0
28036.00,0.4330,1.8160,9.9310,-0.040,-0.270,-1.030,21,100.0
28046.00,0.4710,1.8350,9.9460,0.020,-0.320,-0.980,21,100.0
28056.00,0.5220,1.8240,9.9350,0.000,-0.530,-1.070,21,100.0
28066.00,0.5680,1.8190,9.9370,0.040,-0.900,-1.030,21,100.0
28076.00,0.5950,1.8070,9.9480,0.110,-1.270,-1.090,22,100.0
28086.00,0.6040,1.7300,9.9820,0.150,-2.210,-1.230,22,100.0
28096.00,0.5390,1.2230,9.9000,-0.400,-11.000,-2.570,22,100.0
28106.00,0.5530,1.8010,9.9420,-0.750,-7.170,-8.790,22,100.0
28116.00,0.5160,1.7120,9.8890,-0.540,-4.090,-7.680,22,100.0
28126.00,0.5440,1.8300,9.9110,-0.470,-1.990,-7.670,23,100.0
28136.00,0.5310,1.8540,9.9210,-0.390,-0.780,-6.970,23,100.0
28146.00,0.7170,2.0820,9.9030,-0.210,0.090,-6.070,23,100.0
28156.00,0.5580,1.9810,9.9390,0.000,1.260,-2.470,23,100.0
28166.00,0.5210,1.8280,9.9180,-0.050,1.190,-1.260,23,100.0
28176.00,0.5500,1.8000,9.9500,-0.090,1.000,-0.840,24,100.0
28186.00,0.6050,1.8160,9.9370,-0.140,0.680,-0.740,24,100.0
28196.00,0.5890,1.8300,9.9250,-0.120,0.560,-0.720,24,100.0
28206.00,0.5490,1.7610,9.9270,-0.180,0.560,-0.790,24,100.0
28216.00,0.5180,1.7250,9.9370,-0.110,0.820,-0.790,24,100.0
28226.00,0.4900,1.7440,9.9260,-0.090,1.150,-0.820,25,100.0
28236.00,0.4720,1.7910,9.9450,-0.040,1.260,-0.750,25,100.0
28246.00,0.4790,1.7930,9.9430,0.000,1.150,-0.810,25,100.0
28256.00,0.4950,1.7970,9.9390,0.020,1.010,-0.770,25,100.0
28266.00,0.5120,1.8100,9.9260,0.010,0.750,-0.740,25,100.0
28276.00,0.5160,1.8260,9.9480,0.080,0.700,-0.720,26,100.0
28286.00,0.5340,1.8110,9.9370,0.060,0.540,-0.740,26,100.0
28296.00,0.5450,1.8110,9.9380,0.110,0.400,-0.740,26,100.0
28306.00,0.5510,1.8170,9.9210,0.060,0.310,-0.820,26,100.0
28316.00,0.5450,1.8100,9.9350,0.090,0.210,-0.810,26,100.0
28326.00,0.5650,1.8060,9.9380,0.090,0.020,-0.790,27,100.0
28336.00,0.5620,1.8180,9.9390,0.110,-0.110,-0.820,27,100.0
28346.00,0.5580,1.8160,9.9360,0.110,-0.340,-0.840,27,100.0
28356.00,0.5610,1.8120,9.9200,0.090,-0.390,-0.840,27,100.0
28366.00,0.5550,1.8240,9.9240,0.040,-0.360,-0.820,27,100.0
28376.00,0.5570,1.8320,9.9320,0.010,-0.200,-0.820,28,100.0
28386.00,0.5450,1.8350,9.9290,0.010,-0.080,-0.840,28,100.0
28396.00,0.5340,1.8350,9.9350,0.060,0.070,-0.840,28,100.0
28406.00,0.5190,1.8190,9.9270,-0.020,0.100,-0.820,28,100.0
28416.00,0.5060,1.8180,9.9400,-0.040,0.170,-0.840,28,100.0
28426.00,0.5070,1.8080,9.9350,-0.020,0.170,-0.820,29,100.0
28436.00,0.5140,1.8110,9.9430,-0.040,0.210,-0.810,29,100.0
28446.00,0.5010,1.8300,9.9360,-0.020,0.210,-0.810,29,100.0
28456.00,0.5400,1.8930,9.8400,-0.040,0.170,-0.770,29,100.0
28466.00,0.4970,1.8480,10.0850,-0.070,0.330,-0.720,29,100.0
28476.00,0.5740,1.7750,9.8560,-0.050,0.000,-0.770,30,100.0
28486.00,0.6260,1.8230,9.9190,-0.090,0.240,-0.750,30,100.0
28496.00,0.6000,1.7860,10.0030,-0.070,0.260,-0.770,30,100.0
28506.00,0.5970,1.7090,9.8750,-0.070,0.300,-0.810,30,100.0
28516.00,0.6190,1.7670,9.9250,-0.070,0.700,-0.820,30,100.0
28526.00,0.5980,1.8230,9.9510,0.000,0.730,-0.790,31,100.0
28536.00,0.5690,1.8730,9.8780,0.000,0.820,-0.770,31,100.0
28546.00,0.5190,1.9150,9.9960,0.000,0.930,-0.790,31,100.0
28556.00,0.4230,1.7820,9.9510,-0.140,1.280,-0.750,31,100.0
28566.00,0.4300,1.7790,9.9580,-0.110,1.890,-0.650,31,100.0
28576.00,0.4540,1.8060,9.8990,-0.070,2.800,-0.350,32,100.0
28586.00,0.7900,2.3410,9.9730,0.110,2.100,2.140,32,100.0
28596.00,0.3330,1.5230,9.9610,0.620,0.510,9.120,32,100.0
28606.00,0.3790,1.5800,9.9110,0.300,0.050,4.990,32,100.0
28616.00,0.5310,1.7500,9.9550,0.200,-0.200,0.720,32,100.0
28626.00,0.5690,1.7700,9.9290,0.060,-0.450,-0.420,33,100.0
28636.00,0.5620,1.7730,9.9300,0.080,-0.590,-0.680,33,100.0
28646.00,0.5620,1.7940,9.9370,0.130,-0.520,-0.860,33,100.0
28656.00,0.5520,1.8470,9.9330,0.110,-0.520,-0.890,33,100.0
28666.00,0.5220,1.8540,9.9150,0.130,-0.520,-0.880,33,100.0
28676.00,0.5240,1.8420,9.9380,0.110,-0.340,-0.880,34,100.0
28686.00,0.5980,1.8850,9.9630,0.090,-0.290,-0.860,34,100.0
28696.00,0.4610,1.9210,9.9800,-0.090,-0.290,-0.840,34,100.0
28706.00,0.4540,1.7800,9.8030,-0.050,-0.360,-0.890,34,100.0
28716.00,0.3870,1.7980,9.9400,-0.160,0.000,-0.880,34,100.0
28726.00,0.4310,1.7750,10.0460,-0.180,0.020,-0.810,35,100.0
28736.00,0.5000,1.7860,9.8700,-0.140,-0.030,-0.810,35,100.0
28746.00,0.6060,1.8260,9.9140,-0.110,0.020,-0.820,35,100.0
28756.00,0.5830,1.7940,9.8700,-0.040,-0.270,-0.880,35,100.0
28766.00,0.5610,1.8260,9.9620,0.020,-0.270,-0.880,35,100.0
28776.00,0.5100,1.7970,9.9210,0.010,-0.340,-0.860,36,100.0
28786.00,0.4920,1.7930,9.9030,0.000,-0.310,-0.860,36,100.0
28796.00,0.4850,1.8280,9.9730,-0.040,-0.030,-0.880,36,100.0
28806.00,0.5000,1.8160,9.9250,0.020,-0.080,-0.880,36,100.0
28816.00,0.5210,1.8050,9.9070,-0.020,-0.100,-0.860,36,100.0
28826.00,0.5700,1.8200,9.9330,-0.020,-0.030,-0.860,37,100.0
28836.00,0.5830,1.8240,9.9260,-0.020,-0.030,-0.860,37,100.0
28846.00,0.5990,1.8420,9.9290,-0.050,-0.010,-0.820,37,100.0
28856.00,0.5710,1.8410,9.9350,-0.090,0.070,-0.840,37,100.0
28867.00,0.5210,1.8250,9.9120,-0.040,0.100,-0.860,37,100.0
28877.00,0.4840,1.8130,9.9370,-0.140,0.310,-0.880,38,100.0
28887.00,0.4860,1.8060,9.9500,-0.180,0.400,-0.860,38,100.0
28897.00,0.5060,1.8220,9.9240,-0.160,0.370,-0.880,38,100.0
28907.00,0.5190,1.8230,9.9400,-0.120,0.380,-0.860,38,100.0
28917.00,0.5400,1.8320,9.9320,-0.160,0.240,-0.820,38,100.0
28927.00,0.5440,1.8180,9.9300,-0.140,0.190,-0.880,39,100.0
28937.00,0.5470,1.8020,9.9500,-0.110,0.160,-0.860,39,100.0
28947.00,0.5240,1.8080,9.9380,-0.090,0.030,-0.820,39,100.0
28957.00,0.5010,1.8080,9.9350,-0.020,0.210,-0.840,39,100.0
28967.00,0.4960,1.8060,9.9320,-0.050,0.260,-0.810,39,100.0
28977.00,0.5040,1.8110,9.9370,-0.040,0.260,-0.820,40,100.0
28987.00,0.4920,1.7990,9.9480,-0.050,0.100,-0.820,40,100.0
28997.00,0.4900,1.7990,9.9260,-0.020,-0.080,-0.820,40,100.0
29007.00,0.5130,1.8000,9.9360,-0.020,-0.180,-0.860,40,100.0
29017.00,0.5070,1.7950,9.9320,0.020,-0.200,-0.790,40,100.0
29027.00,0.5140,1.7970,9.9320,0.010,-0.250,-0.820,41,100.0
29037.00,0.5190,1.8070,9.9360,0.060,-0.250,-0.840,41,100.0
29047.00,0.5280,1.8240,9.9230,0.020,-0.360,-0.880,41,100.0
29057.00,0.5850,1.8050,9.9440,-0.020,-0.290,-0.880,41,100.0
29067.00,0.6250,1.8240,9.9250,0.000,-0.360,-0.790,41,100.0
29077.00,0.6100,1.8370,9.9260,0.040,-0.410,-0.810,42,100.0
29087.00,0.5850,1.8170,9.9300,0.010,-0.380,-0.840,42,100.0
29097.00,0.5460,1.8140,9.9290,0.000,-0.410,-0.840,42,100.0
29107.00,0.4970,1.8310,9.9350,-0.040,-0.360,-0.840,42,100.0
29117.00,0.4480,1.8410,9.9440,-0.110,-0.240,-0.890,42,100.0
29127.00,0.4510,1.8320,9.9440,-0.180,-0.130,-0.880,43,100.0
29137.00,0.4510,1.8240,9.9310,-0.140,-0.010,-0.930,43,100.0
29147.00,0.4710,1.8060,9.9310,-0.210,0.090,-0.960,43,100.0
29157.00,0.5260,1.7730,9.9310,-0.190,0.050,-0.860,43,100.0
29167.00,0.5430,1.7810,9.9330,-0.110,0.170,-0.860,43,100.0
29177.00,0.5580,1.8040,9.9300,-0.090,0.190,-0.810,44,100.0
29187.00,0.5380,1.8170,9.9320,-0.040,0.120,-0.810,44,100.0
29197.00,0.5210,1.8300,9.9390,-0.020,-0.110,-0.860,44,100.0
29207.00,0.4940,1.8290,9.9380,0.020,-0.320,-0.880,44,100.0
29217.00,0.4600,1.8080,9.9420,0.010,-0.480,-0.880,44,100.0
29227.00,0.4570,1.7830,9.9400,0.000,-0.620,-0.910,45,100.0
29237.00,0.4840,1.8050,9.9300,0.000,-0.670,-0.930,45,100.0
29247.00,0.5160,1.8190,9.9370,0.020,-0.670,-0.910,45,100.0
29257.00,0.5590,1.8160,9.9240,0.020,-0.530,-0.840,45,100.0
29267.00,0.6000,1.8000,9.9320,0.010,-0.430,-0.840,45,100.0
29277.00,0.6100,1.7800,9.9250,-0.040,-0.380,-0.860,46,100.0
29287.00,0.5980,1.7800,9.9200,0.000,-0.200,-0.840,46,100.0
29297.00,0.5890,1.7920,9.9360,-0.050,-0.010,-0.840,46,100.0
29307.00,0.5650,1.7940,9.9310,-0.050,0.260,-0.910,46,100.0
29317.00,0.5400,1.8200,9.9170,-0.040,0.440,-0.890,46,100.0
29327.00,0.5270,1.8480,9.9430,-0.090,0.510,-0.890,47,100.0
29337.00,0.5190,1.8500,9.9400,-0.040,0.470,-0.930,47,100.0
29347.00,0.5200,1.8460,9.9450,-0.040,0.300,-0.890,47,100.0
29357.00,0.5240,1.8190,9.9370,0.010,0.090,-0.820,47,100.0
29367.00,0.5220,1.8190,9.9330,-0.070,0.000,-0.820,47,100.0
29377.00,0.5260,1.8580,9.9320,-0.110,0.120,-0.860,48,100.0
29387.00,0.5260,1.8130,9.9450,-0.070,0.100,-0.880,48,100.0
29397.00,0.5280,1.7670,9.9300,-0.140,0.160,-0.880,48,100.0
29407.00,0.5060,1.7630,9.9380,0.020,0.170,-0.840,48,100.0
29417.00,0.5220,1.8050,9.9290,0.090,0.090,-0.810,48,100.0
29427.00,0.5220,1.8120,9.9290,0.110,-0.110,-0.880,49,100.0
29437.00,0.5270,1.7830,9.9430,0.130,-0.030,-0.820,49,100.0
29447.00,0.5240,1.8040,9.9270,0.060,-0.010,-0.770,49,100.0
29457.00,0.5340,1.8310,9.9250,0.090,-0.030,-0.740,49,100.0
29467.00,0.5490,1.8500,9.9210,0.060,0.350,-0.790,49,100.0
29477.00,0.5640,1.8130,9.9400,0.080,0.560,-0.790,50,100.0
29487.00,0.5490,1.7810,9.9290,0.020,0.520,-0.810,50,100.0
29497.00,0.5140,1.7610,9.9420,0.010,0.440,-0.770,50,100.0
29507.00,0.4860,1.7410,9.9360,0.060,0.310,-0.770,50,100.0
29517.00,0.4590,1.7620,9.9430,0.160,0.170,-0.770,50,100.0
29527.00,0.4470,1.8300,9.9330,0.200,0.100,-0.790,51,100.0
29537.00,0.4520,1.8660,9.9250,0.180,0.310,-0.790,51,100.0
29547.00,0.4670,1.8750,9.9350,0.060,0.560,-0.810,51,100.0
29557.00,0.4730,1.8580,9.9300,-0.020,0.680,-0.810,51,100.0
29567.00,0.5210,1.8370,9.9420,-0.090,0.540,-0.790,51,100.0
29577.00,0.5350,1.8530,9.9370,-0.120,0.650,-0.770,52,100.0
29587.00,0.5470,1.8530,9.9420,-0.090,0.790,-0.680,52,100.0
29597.00,0.5500,1.8500,9.9350,-0.040,0.820,-0.650,52,100.0
29607.00,0.5330,1.8080,9.9360,-0.040,0.630,-0.600,52,100.0
29617.00,0.5070,1.7690,9.9460,-0.050,0.310,-0.650,52,100.0
29627.00,0.4920,1.7430,9.9380,0.000,-0.030,-0.700,53,100.0
29637.00,0.4880,1.7450,9.9330,0.010,-0.110,-0.700,53,100.0
29647.00,0.4780,1.7750,9.9320,0.040,-0.310,-0.820,53,100.0
29657.00,0.4830,1.7970,9.9290,0.040,-0.410,-0.880,53,100.0
29667.00,0.5090,1.7970,9.9290,0.020,-0.410,-0.880,53,100.0
29677.00,0.5240,1.8050,9.9380,0.040,-0.480,-0.840,54,100.0
29687.00,0.5470,1.8200,9.9190,0.060,-0.410,-0.790,54,100.0
29697.00,0.5630,1.8360,9.9270,0.010,-0.170,-0.880,54,100.0
29707.00,0.5740,1.8730,9.9300,0.000,0.000,-0.880,54,100.0
29717.00,0.5860,1.8770,9.9310,-0.050,0.230,-0.840,54,100.0
29727.00,0.5760,1.8640,9.9240,-0.070,0.380,-0.820,55,100.0
29737.00,0.5620,1.8130,9.9300,-0.110,0.420,-0.810,55,100.0
29747.00,0.5440,1.7710,9.9380,-0.040,0.350,-0.740,55,100.0
29757.00,0.5030,1.7650,9.9330,-0.050,0.610,-0.670,55,100.0
29767.00,0.4600,1.8240,9.9460,-0.040,0.380,-0.670,55,100.0
29777.00,0.4670,1.8590,9.9360,0.020,0.230,-0.670,56,100.0
29787.00,0.4790,1.8600,9.9380,0.020,0.170,-0.650,56,100.0
29797.00,0.4730,1.8500,9.9260,0.000,0.120,-0.650,56,100.0
29807.00,0.4680,1.8440,9.9390,-0.040,-0.060,-0.720,56,100.0
29817.00,0.4770,1.8020,9.9480,-0.070,-0.200,-0.740,56,100.0
29827.00,0.4960,1.7690,9.9200,-0.110,-0.310,-0.770,57,100.0
29837.00,0.5210,1.7590,9.9330,-0.050,-0.380,-0.750,57,100.0
29847.00,0.5520,1.7580,9.9150,-0.020,-0.270,-0.750,57,100.0
29857.00,0.5740,1.7790,9.9390,0.040,-0.100,-0.840,57,100.0
29867.00,0.6280,1.7650,9.9130,0.080,-0.100,-0.790,57,100.0
29877.00,0.6830,1.7770,9.9140,0.110,0.050,-0.700,58,100.0
29888.00,0.6830,1.8400,9.9560,0.090,0.310,-0.700,58,100.0
29898.00,0.5260,1.9230,9.9310,0.010,0.590,-0.630,58,100.0
29908.00,0.3670,1.9310,9.8480,-0.040,1.420,-0.460,58,100.0
29918.00,3.2610,4.9630,9.8600,0.110,3.690,6.080,58,100.0
29928.00,-0.4280,0.1280,10.0020,2.070,-1.360,49.130,59,100.0
29938.00,-0.0430,1.6010,9.9870,0.830,0.910,24.330,59,100.0
29948.00,0.0880,1.6760,9.9440,-0.050,0.380,18.920,59,100.0
29958.00,0.1370,1.5130,9.9360,0.200,1.070,16.000,59,100.0
29968.00,0.3730,1.5490,9.9350,0.110,-0.030,7.390,59,100.0
29978.00,0.3490,1.5060,9.9500,0.080,-0.360,3.820,60,100.0
29988.00,0.4770,1.6710,9.9380,0.090,-0.380,0.550,60,100.0
29998.00,0.4720,1.7790,9.9450,0.090,-0.520,-0.750,60,100.0
30008.00,0.4180,1.8360,9.9320,0.130,-0.590,-0.910,60,100.0
30018.00,0.4060,1.8560,9.9490,0.040,-0.500,-0.910,60,100.0
30028.00,0.4490,1.8740,9.9320,0.020,-0.450,-0.860,61,100.0
30038.00,0.5210,1.8650,9.9270,-0.020,-0.460,-0.860,61,100.0
30048.00,0.6000,1.8410,9.9370,-0.090,-0.410,-0.840,61,100.0
30058.00,0.6520,1.8180,9.9240,-0.140,-0.320,-0.840,61,100.0
30068.00,0.6750,1.7970,9.9210,-0.140,-0.340,-0.820,61,100.0
30078.00,0.6540,1.8100,9.9190,-0.140,-0.250,-0.790,62,100.0
30088.00,0.6230,1.8080,9.9320,-0.120,-0.150,-0.860,62,100.0
30098.00,0.5770,1.7950,9.9300,-0.190,0.030,-0.860,62,100.0
30108.00,0.5260,1.7850,9.9350,-0.190,0.190,-0.840,62,100.0
30118.00,0.5030,1.7870,9.9270,-0.140,0.330,-0.860,62,100.0
30128.00,0.4890,1.7990,9.9360,-0.160,0.350,-0.790,63,100.0
30138.00,0.4840,1.7940,9.9390,-0.140,0.380,-0.820,63,100.0
30148.00,0.4790,1.7950,9.9420,-0.050,0.350,-0.820,63,100.0
30158.00,0.5030,1.7910,9.9360,-0.120,0.330,-0.810,63,100.0
30168.00,0.5550,1.8190,9.9270,-0.050,0.160,-0.770,63,100.0
30178.00,0.5880,1.8050,9.9350,-0.050,0.260,-0.810,64,100.0
30188.00,0.5860,1.8060,9.9310,-0.040,0.310,-0.820,64,100.0
30198.00,0.5730,1.8040,9.9350,-0.040,0.310,-0.810,64,100.0
30208.00,0.5350,1.8070,9.9370,-0.040,0.300,-0.790,64,100.0
30218.00,0.5040,1.8100,9.9440,-0.050,0.190,-0.770,64,100.0
30228.00,0.4910,1.7990,9.9320,-0.040,0.160,-0.750,65,100.0
30238.00,0.4890,1.8070,9.9330,-0.020,0.070,-0.740,65,100.0
30248.00,0.5120,1.8230,9.9290,-0.040,-0.010,-0.750,65,100.0
30258.00,0.5400,1.8110,9.9430,0.010,-0.100,-0.740,65,100.0
30268.00,0.5680,1.7910,9.9310,0.020,-0.170,-0.740,65,100.0
30278.00,0.5730,1.8060,9.9520,0.000,-0.200,-0.770,66,100.0
30288.00,0.5700,1.8100,9.9290,0.000,-0.240,-0.880,66,100.0
30298.00,0.5380,1.8070,9.9400,0.000,-0.250,-0.890,66,100.0
30308.00,0.5030,1.8070,9.9260,0.010,-0.200,-0.820,66,100.0
30318.00,0.4680,1.8070,9.9370,-0.070,-0.060,-0.880,66,100.0
30328.00,0.4680,1.7920,9.9460,-0.070,0.050,-0.840,67,100.0
30338.00,0.5150,1.8680,9.9460,0.010,0.030,-0.820,67,100.0
30348.00,0.5490,1.9270,10.0710,0.080,0.030,-0.750,67,100.0
30358.00,0.6190,1.8120,9.7120,-0.110,-0.010,-0.770,67,100.0
30368.00,0.6970,1.8060,9.8410,-0.120,-0.100,-0.770,67,100.0
30378.00,0.6350,1.7270,9.9140,-0.070,-0.220,-0.770,68,100.0
30388.00,0.6000,1.7240,9.9750,-0.040,-0.270,-0.810,68,100.0
30398.00,0.6160,1.8100,9.8760,-0.140,0.070,-0.840,68,100.0
30408.00,0.5620,1.8130,9.9320,-0.110,-0.030,-0.840,68,100.0
30418.00,0.5130,1.8200,9.9310,-0.070,0.100,-0.820,68,100.0
30428.00,0.4680,1.8260,9.9240,-0.050,0.260,-0.810,69,100.0
30438.00,0.3960,1.7870,9.9570,-0.020,0.160,-0.860,69,100.0
30448.00,0.3820,1.7870,9.9170,0.000,0.140,-0.790,69,100.0
30458.00,0.3680,1.8260,9.9420,-0.050,0.160,-0.840,69,100.0
30468.00,0.3800,1.8250,9.9400,-0.020,0.030,-0.880,69,100.0
30478.00,0.4240,1.8060,9.9440,-0.050,0.070,-0.880,70,100.0
30488.00,0.4980,1.7830,9.9440,0.000,0.120,-0.880,70,100.0
30498.00,0.6160,1.7880,9.9240,-0.040,0.020,-0.820,70,100.0
30508.00,0.6960,1.8110,9.9430,0.010,-0.320,-0.810,70,100.0
30518.00,0.7280,1.8310,9.9320,0.040,-0.520,-0.860,70,100.0
30528.00,0.7220,1.8360,9.9030,0.060,-0.590,-0.880,71,100.0
30538.00,0.7010,1.7410,9.9140,0.060,-0.530,-0.860,71,100.0
30548.00,0.6440,1.7930,9.9370,0.040,-0.410,-0.810,71,100.0
30558.00,0.5730,1.8220,9.9250,-0.040,-0.270,-0.860,71,100.0
30568.00,0.4760,1.8130,9.9290,-0.050,0.030,-0.860,71,100.0
30578.00,0.4600,1.8010,9.9360,-0.020,0.100,-0.860,72,100.0
30588.00,0.4680,1.7760,9.9240,-0.050,0.190,-0.840,72,100.0
30598.00,0.4790,1.7880,9.9490,-0.020,0.210,-0.810,72,100.0
30608.00,0.4910,1.8070,9.9390,0.000,0.140,-0.790,72,100.0
30618.00,0.5150,1.8300,9.9260,0.040,0.050,-0.770,72,100.0
30628.00,0.5350,1.8350,9.9350,0.080,-0.060,-0.770,73,100.0
30638.00,0.5310,1.8140,9.9260,0.040,-0.130,-0.840,73,100.0
30648.00,0.5340,1.7990,9.9320,0.060,-0.220,-0.840,73,100.0
30658.00,0.5350,1.8070,9.9300,0.040,-0.250,-0.810,73,100.0
30668.00,0.5380,1.8100,9.9300,0.010,-0.250,-0.790,73,100.0
30678.00,0.5380,1.7980,9.9330,0.060,-0.380,-0.840,74,100.0
30688.00,0.5490,1.7950,9.9390,0.010,-0.380,-0.860,74,100.0
30698.00,0.5620,1.7910,9.9240,0.090,-0.430,-0.880,74,100.0
30708.00,0.5680,1.7930,9.9270,0.080,-0.410,-0.840,74,100.0
30718.00,0.5530,1.8080,9.9400,0.060,-0.220,-0.860,74,100.0
30728.00,0.5410,1.8010,9.9310,0.060,-0.100,-0.880,75,100.0
30738.00,0.5440,1.8070,9.9310,0.020,-0.060,-0.810,75,100.0
30748.00,0.5670,1.8420,9.9230,0.020,-0.040,-0.840,75,100.0
30758.00,0.5650,1.8660,9.9270,0.080,-0.080,-0.860,75,100.0
30768.00,0.5810,1.8230,9.9270,0.000,-0.080,-0.880,75,100.0
30778.00,0.5750,1.8160,9.9310,-0.050,-0.100,-0.860,76,100.0
30788.00,0.5560,1.7930,9.9270,0.000,-0.080,-0.790,76,100.0
30798.00,0.5470,1.7610,9.9430,-0.020,-0.100,-0.820,76,100.0
30808.00,0.5280,1.7710,9.9330,-0.040,-0.110,-0.810,76,100.0
30818.00,0.5060,1.7920,9.9350,0.020,-0.200,-0.820,76,100.0
30828.00,0.5080,1.8170,9.9370,0.020,-0.170,-0.820,77,100.0
30838.00,0.4980,1.8020,9.9540,0.010,-0.180,-0.860,77,100.0
30848.00,0.4950,1.7980,9.9430,0.020,-0.200,-0.840,77,100.0
30858.00,0.5130,1.8190,9.9250,0.020,-0.200,-0.840,77,100.0
30868.00,0.5390,1.8410,9.9290,0.020,-0.170,-0.820,77,100.0
30878.00,0.5770,1.8220,9.9310,-0.020,-0.110,-0.890,78,100.0
30888.00,0.5980,1.8160,9.9260,-0.040,-0.100,-0.860,78,100.0
30898.00,0.6120,1.8060,9.9380,-0.020,-0.100,-0.890,78,100.0
30908.00,0.6220,1.8200,9.9200,-0.070,-0.010,-0.820,78,100.0
30919.00,0.6140,1.8050,9.9260,-0.070,-0.040,-0.840,78,100.0
30929.00,0.5890,1.8040,9.9240,-0.020,0.000,-0.810,79,100.0
30939.00,0.5670,1.8080,9.9420,-0.050,0.120,-0.860,79,100.0
30949.00,0.5350,1.8020,9.9380,-0.020,0.140,-0.840,79,100.0
30959.00,0.5080,1.8120,9.9440,-0.040,0.100,-0.840,79,100.0
30969.00,0.4840,1.8350,9.9270,-0.040,0.140,-0.770,79,100.0
30979.00,0.4770,1.8200,9.9250,-0.050,0.090,-0.810,80,100.0
30989.00,0.4850,1.7940,9.9240,-0.070,0.100,-0.770,80,100.0
30999.00,0.5060,1.8610,9.9310,0.000,0.050,-0.770,80,100.0
31009.00,0.5240,1.8110,9.9520,-0.020,-0.130,-0.820,80,100.0
31019.00,0.5370,1.7570,9.9370,-0.040,-0.080,-0.840,80,100.0
31029.00,0.5710,1.7510,9.9360,0.010,-0.200,-0.880,81,100.0
31039.00,0.5680,1.7550,9.9480,0.040,-0.250,-0.860,81,100.0
31049.00,0.5740,1.7610,9.9210,0.060,-0.500,-0.860,81,100.0
31059.00,0.5740,1.8360,9.9370,0.080,-0.460,-0.880,81,100.0
31069.00,0.5770,1.8610,9.9300,0.090,-0.530,-0.890,81,100.0
31079.00,0.5490,1.8470,9.9060,0.060,-0.480,-0.840,82,100.0
31089.00,0.5090,1.8320,9.9460,0.040,-0.360,-0.820,82,100.0
31099.00,0.4860,1.8020,9.9390,0.010,-0.270,-0.790,82,100.0
31109.00,0.5140,1.7830,9.9230,0.000,-0.270,-0.860,82,100.0
31119.00,0.5320,1.8050,9.9390,0.000,-0.240,-0.860,82,100.0
31129.00,0.5640,1.8300,9.9270,0.060,-0.380,-0.820,83,100.0
31139.00,0.6080,1.8410,9.9270,0.060,-0.460,-0.820,83,100.0
31149.00,0.6230,1.8240,9.9330,-0.020,-0.310,-0.860,83,100.0
31159.00,0.6190,1.7920,9.9210,-0.040,-0.320,-0.840,83,100.0
31169.00,0.5860,1.7980,9.9290,-0.050,-0.170,-0.880,83,100.0
31179.00,0.5650,1.8050,9.9310,-0.020,0.070,-0.840,84,100.0
31189.00,0.5490,1.8040,9.9190,-0.040,0.240,-0.880,84,100.0
31199.00,0.5460,1.8140,9.9190,-0.070,0.330,-0.840,84,100.0
31209.00,0.5490,1.8230,9.9510,-0.050,0.330,-0.820,84,100.0
31219.00,0.5440,1.8200,9.9120,-0.040,0.300,-0.840,84,100.0
31229.00,0.5210,1.8340,9.9450,-0.050,0.230,-0.820,85,100.0
31239.00,0.5250,1.8420,9.9350,-0.090,0.170,-0.820,85,100.0
31249.00,0.5180,1.8170,9.9390,-0.090,0.170,-0.770,85,100.0
31259.00,0.5180,1.7910,9.9380,-0.160,0.140,-0.840,85,100.0
31269.00,0.5260,1.8120,9.9350,-0.120,0.090,-0.820,85,100.0
31279.00,0.5390,1.8060,9.9240,-0.110,0.090,-0.840,86,100.0
31289.00,0.5320,1.8050,9.9370,-0.020,0.070,-0.790,86,100.0
31299.00,0.5460,1.7990,9.9380,-0.040,-0.010,-0.840,86,100.0
31309.00,0.5370,1.8000,9.9180,-0.050,-0.080,-0.810,86,100.0
31319.00,0.5470,1.8120,9.9380,-0.050,-0.110,-0.820,86,100.0
31329.00,0.5470,1.7950,9.9330,0.020,-0.060,-0.820,87,100.0
31339.00,0.5610,1.8040,9.9230,-0.020,-0.130,-0.840,87,100.0
31349.00,0.5730,1.8100,9.9320,0.010,-0.150,-0.810,87,100.0
31359.00,0.5800,1.8010,9.9250,0.000,-0.200,-0.840,87,100.0
31369.00,0.5890,1.7980,9.9270,0.020,-0.200,-0.860,87,100.0
31379.00,0.5630,1.8260,9.9320,0.060,-0.180,-0.770,88,100.0
31389.00,0.5810,1.8200,9.8850,0.020,-0.170,-0.820,88,100.0
31399.00,0.5410,1.8430,10.0300,0.090,-0.110,-0.810,88,100.0
31409.00,0.5260,1.7950,9.8500,-0.020,-0.110,-0.840,88,100.0
31419.00,0.4970,1.7890,9.9500,0.040,-0.100,-0.860,88,100.0
31429.00,0.5000,1.7810,9.9720,-0.050,-0.040,-0.820,89,100.0
31439.00,0.5010,1.7750,9.9030,0.000,-0.060,-0.820,89,100.0
31449.00,0.5180,1.7880,9.9420,-0.040,0.050,-0.840,89,100.0
31459.00,0.5440,1.8060,9.9520,-0.050,0.020,-0.820,89,100.0
31469.00,0.5630,1.8010,9.9000,-0.050,-0.030,-0.880,89,100.0
31479.00,0.5970,1.8370,9.9400,-0.040,0.020,-0.910,90,100.0
31489.00,0.6040,1.8360,9.9400,-0.020,0.020,-0.860,90,100.0
31499.00,0.6010,1.8360,9.8970,-0.020,-0.030,-0.860,90,100.0
31509.00,0.6060,1.8440,9.9210,-0.050,0.070,-0.860,90,100.0
31519.00,0.5730,1.8320,9.9580,-0.050,0.120,-0.880,90,100.0
31529.00,0.5640,1.7950,9.8930,-0.160,0.100,-0.840,91,100.0
31539.00,0.5550,1.7790,9.9390,-0.140,0.280,-0.840,91,100.0
31549.00,0.5350,1.7670,9.9440,-0.090,0.330,-0.840,91,100.0
31559.00,0.5160,1.7980,9.9020,-0.020,0.300,-0.790,91,100.0
31569.00,0.5070,1.8420,9.9360,-0.040,0.280,-0.810,91,100.0
31579.00,0.4970,1.8010,9.8770,-0.070,-0.010,-0.810,92,100.0
31589.00,0.4800,1.8040,9.9780,-0.040,-0.010,-0.820,92,100.0
31599.00,0.5090,1.7940,9.9330,-0.070,-0.010,-0.840,92,100.0
31609.00,0.5450,1.7860,9.8990,0.000,-0.100,-0.840,92,100.0
31619.00,0.6170,1.8320,9.9550,0.000,-0.110,-0.820,92,100.0
31629.00,0.6420,1.8360,9.9390,0.080,-0.240,-0.840,93,100.0
31639.00,0.6540,1.8380,9.9120,0.020,-0.360,-0.860,93,100.0
31649.00,0.6040,1.8080,9.9360,0.010,-0.360,-0.860,93,100.0
31659.00,0.5640,1.7970,9.9140,-0.050,-0.310,-0.860,93,100.0
31669.00,0.5090,1.7980,9.9360,-0.040,-0.170,-0.880,93,100.0
31679.00,0.4820,1.7890,9.9360,-0.090,-0.080,-0.880,94,100.0
31689.00,0.4900,1.7830,9.9370,-0.020,0.050,-0.880,94,100.0
31699.00,0.5250,1.7730,9.9290,0.040,-0.010,-0.860,94,100.0
31709.00,0.5470,1.8040,9.9290,0.010,-0.030,-0.860,94,100.0
31719.00,0.5710,1.8240,9.9310,0.060,-0.130,-0.840,94,100.0
31729.00,0.5740,1.8140,9.9180,0.040,-0.240,-0.860,95,100.0
31739.00,0.5790,1.8380,9.9310,0.010,-0.200,-0.820,95,100.0
31749.00,0.5760,1.8460,9.9210,0.000,-0.040,-0.750,95,100.0
31759.00,0.5650,1.8410,9.9170,-0.050,0.030,-0.770,95,100.0
31769.00,0.5830,1.8340,9.9380,-0.050,0.240,-0.770,95,100.0
31779.00,0.5820,1.7950,9.9240,-0.110,0.350,-0.790,96,100.0
31789.00,0.5730,1.7870,9.9430,-0.110,0.310,-0.810,96,100.0
31799.00,0.5320,1.7950,9.9230,-0.050,0.350,-0.810,96,100.0
31809.00,0.4920,1.7950,9.9250,-0.090,0.350,-0.880,96,100.0
31819.00,0.4600,1.7940,9.9550,-0.040,0.400,-0.860,96,100.0
31829.00,0.4570,1.7830,9.9330,-0.040,0.310,-0.840,97,100.0
31839.00,0.4570,1.8010,9.9310,-0.070,0.170,-0.840,97,100.0
31849.00,0.4800,1.8000,9.9380,-0.020,0.000,-0.880,97,100.0
31859.00,0.5270,1.8000,9.9320,0.000,-0.110,-0.880,97,100.0
31869.00,0.5590,1.8080,9.9420,0.060,-0.340,-0.840,97,100.0
31879.00,0.5970,1.8190,9.9210,0.080,-0.500,-0.820,98,100.0
31889.00,0.6040,1.8140,9.9240,0.080,-0.570,-0.820,98,100.0
31899.00,0.6250,1.8190,9.9180,0.110,-0.460,-0.840,98,100.0
31909.00,0.6300,1.8130,9.9200,0.080,-0.360,-0.810,98,100.0
31919.00,0.6060,1.8110,9.9370,0.060,-0.340,-0.770,98,100.0
31929.00,0.5560,1.8010,9.9240,0.000,-0.310,-0.810,99,100.0
31940.00,0.5120,1.7950,9.9270,-0.050,-0.240,-0.840,99,100.0
31950.00,0.5060,1.8110,9.9420,-0.050,-0.130,-0.820,99,100.0
31960.00,0.5220,1.8080,9.9200,-0.040,-0.060,-0.860,99,100.0
31970.00,0.5550,1.7890,9.9180,-0.110,0.020,-0.880,99,100.0
31980.00,0.5820,1.7800,9.9150,-0.040,0.000,-0.880,100,100.0
31990.00,0.5580,1.8070,9.9250,-0.020,0.070,-0.860,100,100.0
32000.00,0.5500,1.8240,9.9270,-0.020,0.120,-0.890,100,100.0
32010.00,0.5350,1.8260,9.9330,-0.040,0.050,-0.840,100,100.0
32020.00,0.5450,1.8060,9.9310,0.000,0.020,-0.810,100,100.0
32030.00,0.5590,1.8280,9.9350,0.010,-0.040,-0.810,101,100.0
32040.00,0.5550,1.8310,9.9270,0.000,-0.110,-0.860,101,100.0
32050.00,0.5310,1.8220,9.9360,-0.050,-0.110,-0.880,101,100.0
32060.00,0.5160,1.8130,9.9400,-0.020,-0.080,-0.840,101,100.0
32070.00,0.5180,1.8200,9.9290,-0.040,-0.030,-0.840,101,100.0
32080.00,0.5100,1.8070,9.9400,-0.070,-0.010,-0.840,102,100.0
32090.00,0.5140,1.8070,9.9060,0.000,0.020,-0.790,102,100.0
32100.00,0.5240,1.8200,9.9380,-0.050,-0.010,-0.810,102,100.0
32110.00,0.5530,1.8180,9.9370,0.010,-0.080,-0.840,102,100.0
32120.00,0.5880,1.8170,9.9200,-0.040,-0.100,-0.840,102,100.0
32130.00,0.6200,1.7980,9.9240,-0.020,-0.080,-0.840,103,100.0
32140.00,0.6170,1.7950,9.9350,0.020,-0.150,-0.860,103,100.0
32150.00,0.6110,1.7930,9.9270,0.060,-0.220,-0.840,103,100.0
32160.00,0.5890,1.8040,9.9380,0.040,-0.240,-0.860,103,100.0
32170.00,0.5490,1.8010,9.9180,0.020,-0.310,-0.860,103,100.0
32180.00,0.4680,1.8190,9.9260,0.010,-0.180,-0.860,104,100.0
32190.00,0.4680,1.8080,9.9300,0.000,-0.150,-0.860,104,100.0
32200.00,0.4720,1.7990,9.9350,-0.040,-0.080,-0.860,104,100.0
32210.00,0.5250,1.8020,9.9330,-0.050,-0.030,-0.840,104,100.0
32220.00,0.5650,1.8040,9.9270,0.020,-0.030,-0.820,104,100.0
32230.00,0.5920,1.7890,9.9230,0.010,-0.080,-0.860,105,100.0
32240.00,0.6230,1.7820,9.9150,0.000,-0.110,-0.840,105,100.0
32250.00,0.6240,1.7740,9.9210,0.020,-0.060,-0.820,105,100.0
32260.00,0.6190,1.7910,9.9310,0.040,0.030,-0.840,105,100.0
32270.00,0.6070,1.8310,9.9250,0.060,0.140,-0.790,105,100.0
32280.00,0.5920,1.8470,9.9380,0.010,0.170,-0.770,106,100.0
32290.00,0.5520,1.8650,9.9350,0.020,0.120,-0.840,106,100.0
32300.00,0.5150,1.8800,9.9330,0.040,0.100,-0.860,106,100.0
32310.00,0.4900,1.8720,9.9320,-0.110,0.120,-0.890,106,100.0
32320.00,0.4800,1.8340,9.9270,-0.110,0.100,-0.890,106,100.0
32330.00,0.4980,1.8080,9.9210,-0.230,0.160,-0.840,107,100.0
32340.00,0.5250,1.7680,9.9450,-0.140,0.310,-0.770,107,100.0
32350.00,0.5530,1.7580,9.9380,-0.160,0.300,-0.790,107,100.0
32360.00,0.5970,1.7610,9.9330,-0.120,0.170,-0.750,107,100.0
32370.00,0.5910,1.7820,9.9260,-0.050,0.070,-0.790,107,100.0
32380.00,0.5690,1.8160,9.9360,0.040,-0.270,-0.840,108,100.0
32390.00,0.5490,1.8180,9.9300,-0.020,-0.310,-0.840,108,100.0
32400.00,0.5490,1.8360,9.9140,-0.020,-0.310,-0.840,108,100.0
32410.00,0.5340,1.8250,9.9250,-0.040,-0.180,-0.860,108,100.0
32420.00,0.5320,1.8180,9.9370,-0.120,-0.110,-0.810,108,100.0
32430.00,0.5430,1.8180,9.9240,-0.070,0.050,-0.790,109,100.0
32440.00,0.5450,1.8190,9.9370,-0.140,0.190,-0.860,109,100.0
32450.00,0.5310,1.8070,9.9260,-0.110,0.310,-0.820,109,100.0
32460.00,0.5310,1.7880,9.9330,-0.160,0.380,-0.810,109,100.0
32470.00,0.5180,1.7870,9.9360,-0.120,0.400,-0.820,109,100.0
32480.00,0.4980,1.7990,9.9380,-0.070,0.230,-0.820,110,100.0
32490.00,0.4900,1.8000,9.9250,-0.020,0.050,-0.820,110,100.0
32500.00,0.4920,1.7930,9.9380,-0.070,-0.100,-0.860,110,100.0
32510.00,0.5180,1.7800,9.9230,0.010,-0.220,-0.880,110,100.0
32520.00,0.5390,1.7860,9.9240,0.040,-0.170,-0.880,110,100.0
32530.00,0.5860,1.7910,9.9310,0.080,-0.320,-0.860,111,100.0
32540.00,0.6040,1.7980,9.9260,0.090,-0.130,-0.840,111,100.0
32550.00,0.6220,1.8130,9.9250,0.110,-0.200,-0.860,111,100.0
32560.00,0.6280,1.8190,9.9330,0.090,-0.130,-0.820,111,100.0
32570.00,0.5990,1.8300,9.9300,0.020,-0.100,-0.820,111,100.0
32580.00,0.5630,1.8310,9.9310,0.040,0.160,-0.840,112,100.0
32590.00,0.5460,1.8280,9.9300,0.000,0.100,-0.860,112,100.0
32600.00,0.5070,1.8290,9.9360,0.010,0.100,-0.840,112,100.0
32610.00,0.5090,1.8200,9.9310,0.040,0.050,-0.820,112,100.0
32620.00,0.4890,1.8070,9.9290,0.000,0.090,-0.820,112,100.0
32630.00,0.4910,1.8060,9.9230,-0.040,0.070,-0.840,113,100.0
32640.00,0.5030,1.7970,9.9210,-0.050,0.210,-0.840,113,100.0
32650.00,0.5180,1.8070,9.9420,-0.040,0.350,-0.820,113,100.0
32660.00,0.5310,1.8080,9.9360,-0.020,0.300,-0.770,113,100.0
32670.00,0.5430,1.7880,9.9330,0.010,0.300,-0.840,113,100.0
32680.00,0.5610,1.8160,9.9430,0.020,0.230,-0.820,114,100.0
32690.00,0.5630,1.8590,9.9450,0.010,0.000,-0.770,114,100.0
32700.00,0.5700,1.8720,9.9430,0.010,-0.150,-0.890,114,100.0
32710.00,0.5870,1.8660,9.9310,-0.020,-0.170,-0.910,114,100.0
32720.00,0.5810,1.8320,9.9200,-0.070,-0.040,-0.910,114,100.0
32730.00,0.5990,1.8120,9.9250,-0.180,0.170,-0.950,115,100.0
32740.00,0.6100,1.7870,9.9190,-0.180,0.420,-0.890,115,100.0
32750.00,0.6100,1.7750,9.9210,-0.180,0.790,-0.840,115,100.0
32760.00,0.6120,1.7790,9.9190,-0.180,1.080,-0.750,115,100.0
32770.00,0.5680,1.7870,9.9330,-0.180,1.010,-0.770,115,100.0
32780.00,0.5040,1.8110,9.9430,-0.120,0.750,-0.770,116,100.0
32790.00,0.4610,1.8000,9.9390,-0.070,0.490,-0.810,116,100.0
32800.00,0.4420,1.7880,9.9330,-0.050,0.240,-0.810,116,100.0
32810.00,0.4280,1.7760,9.9210,0.000,0.090,-0.770,116,100.0
32820.00,0.4400,1.7560,9.9190,0.010,0.120,-0.810,116,100.0
32830.00,0.4830,1.7430,9.9240,0.040,0.350,-0.790,117,100.0
32840.00,0.5470,1.7570,9.9380,0.110,0.510,-0.810,117,100.0
32850.00,0.6060,1.7990,9.9200,0.180,0.610,-0.840,117,100.0
32860.00,0.6370,1.8070,9.9170,0.150,0.590,-0.840,117,100.0
32870.00,0.6380,1.7730,9.9190,0.160,0.450,-0.820,117,100.0
32880.00,0.6040,1.7760,9.9320,0.130,0.400,-0.790,118,100.0
32890.00,0.5550,1.8250,9.9520,0.200,0.420,-0.790,118,100.0
32900.00,0.4940,1.9160,9.9520,0.090,0.590,-0.820,118,100.0
32910.00,0.4570,2.0210,9.9200,0.040,0.510,-0.840,118,100.0
32920.00,0.4250,2.0410,9.9150,-0.160,0.610,-0.910,118,100.0
32930.00,0.4310,1.8990,9.9320,-0.300,0.910,-0.890,119,100.0
32940.00,0.4420,1.7400,9.9360,-0.400,1.010,-0.890,119,100.0
32950.00,0.4760,1.6910,9.9490,-0.390,1.330,-0.910,119,100.0
32960.00,0.5300,1.7380,9.9330,-0.300,1.260,-0.960,119,100.0
32971.00,0.5890,1.8020,9.9490,-0.230,0.940,-0.960,119,100.0
32981.00,0.5990,1.7990,9.9210,-0.110,0.580,-0.980,120,100.0
32991.00,0.5770,1.7460,9.9170,0.000,0.230,-0.910,120,100.0
33001.00,0.5270,1.6960,9.9350,-0.040,0.450,-0.840,120,100.0
33011.00,0.4830,1.7130,9.9300,0.090,0.230,-0.860,120,100.0
33021.00,0.4550,1.7520,9.9550,0.180,-0.200,-0.820,120,100.0
33031.00,0.4370,1.7910,9.9060,0.130,-0.390,-0.910,121,100.0
33041.00,0.4290,1.8350,9.9510,0.220,-0.430,-0.980,121,100.0
33051.00,0.4580,1.8810,9.9090,0.110,-0.290,-1.000,121,100.0
33061.00,0.4860,1.9650,9.9600,-0.020,-0.170,-0.950,121,100.0
33071.00,0.5280,1.9710,9.9010,-0.180,-0.130,-1.020,121,100.0
33081.00,0.5390,1.8230,9.8990,-0.280,0.140,-0.960,122,100.0
33091.00,0.5430,1.6290,9.9390,-0.250,0.520,-0.930,122,100.0
33101.00,0.5320,1.5510,9.9370,-0.120,0.540,-0.950,122,100.0
33111.00,0.5390,1.6630,9.9680,0.020,0.380,-1.020,122,100.0
33121.00,0.5440,1.8750,9.9360,0.150,-0.060,-1.160,122,100.0
33131.00,0.5220,2.0130,9.9230,0.220,-0.530,-1.210,123,100.0
33141.00,0.4740,2.0060,9.9560,0.160,-0.850,-1.210,123,100.0
33151.00,0.4060,1.8990,9.9130,-0.140,-1.060,-1.190,123,100.0
33161.00,0.3930,1.6640,9.9200,-0.260,-0.920,-1.170,123,100.0
33171.00,0.3900,1.5620,9.9750,-0.250,-0.380,-1.020,123,100.0
33181.00,0.4430,1.7160,10.0100,-0.020,-0.170,-0.890,124,100.0
33191.00,0.5770,2.2370,9.9350,-0.020,-0.670,-0.880,124,100.0
33201.00,0.6530,2.2690,9.8970,-0.280,-0.310,-0.880,124,100.0
33211.00,0.7010,2.1140,9.8890,-0.490,0.380,-0.770,124,100.0
33221.00,0.7340,1.9160,9.8570,-0.750,1.470,-0.630,124,100.0
33231.00,1.9950,3.4010,10.1490,-0.390,-1.250,-5.920,125,100.0
33241.00,0.5990,1.8800,9.8560,0.220,-8.830,13.450,125,100.0
33251.00,0.5910,1.4340,9.8820,0.500,-4.510,23.470,125,100.0
33261.00,1.4000,1.4690,9.9000,-0.160,-1.360,10.140,125,100.0
33271.00,0.1380,1.8420,9.9660,-1.720,-0.080,-17.270,125,100.0
33281.00,0.0130,2.0430,9.9580,-1.100,-0.870,-20.630,126,100.0
33291.00,-0.3840,1.3140,9.9180,0.200,-1.290,-12.510,126,100.0
33301.00,-0.1690,1.2030,10.0340,0.500,-0.990,-10.760,126,100.0
33311.00,0.0680,1.1850,9.9850,0.320,-4.070,-8.860,126,100.0
33321.00,0.2600,1.4820,9.9740,0.090,-7.660,-10.990,126,100.0
33331.00,-0.4090,1.5850,9.8640,-0.070,-10.460,-14.050,127,100.0
33341.00,-1.0800,2.8600,9.9130,-0.980,-6.890,-28.020,127,100.0
33351.00,0.6580,1.8380,9.9390,-0.840,-4.310,-20.770,127,100.0
33361.00,0.9720,1.0250,9.9080,1.530,-3.120,-1.910,127,100.0
33371.00,1.2370,1.0240,9.8350,2.440,-1.370,0.360,127,100.0
33381.00,0.7410,1.0440,9.9450,1.480,0.930,-0.700,128,100.0
33391.00,1.1850,2.0080,9.8930,0.300,0.650,-7.020,128,100.0
33401.00,0.9220,2.2000,9.9310,-0.300,1.360,-6.950,128,100.0
33411.00,0.8930,2.4230,9.9390,-0.260,1.170,-4.780,128,100.0
33421.00,0.5010,1.9720,9.9140,-0.020,0.420,-1.800,128,100.0
33431.00,0.4040,1.7950,9.9360,0.010,0.860,-0.820,129,100.0
33441.00,0.4710,1.8100,9.9190,-0.040,1.220,-0.880,129,100.0
33451.00,0.5680,1.8380,9.9320,-0.110,1.360,-0.950,129,100.0
33461.00,0.6370,1.8750,9.9000,-0.140,1.680,-0.980,129,100.0
33471.00,0.6890,1.8420,9.9300,-0.160,2.470,-1.140,129,100.0
33481.00,0.6960,1.8370,9.9450,-0.110,1.960,-1.280,130,100.0
33491.00,0.6870,1.8420,9.9270,-0.040,0.350,-1.160,130,100.0
33501.00,0.6580,1.8480,9.9170,0.020,-0.060,-1.020,130,100.0
33511.00,0.6380,1.8130,9.9070,-0.020,0.280,-0.960,130,100.0
33521.00,0.5950,1.7910,9.9170,-0.140,1.100,-0.950,130,100.0
33531.00,0.6020,1.8520,9.9060,-0.180,2.500,-1.280,131,100.0
33541.00,1.4650,3.0730,9.9860,0.410,-0.530,1.700,131,100.0
33551.00,0.8350,2.0980,9.8720,0.640,-1.270,15.160,131,100.0
33561.00,1.6460,2.1100,9.8970,0.460,1.030,21.340,131,100.0
33571.00,0.7450,1.7910,9.9250,-0.210,1.890,17.960,131,100.0
33581.00,0.9230,1.6760,9.8730,-0.300,1.850,16.350,132,100.0
33591.00,0.7110,1.5310,9.9310,1.140,0.350,13.990,132,100.0
33601.00,1.0020,1.3980,9.9430,0.720,1.190,7.880,132,100.0
33611.00,0.3800,1.6460,9.8840,0.430,-0.040,-0.110,132,100.0
33621.00,0.5000,2.0820,9.9930,1.300,0.630,-2.120,132,100.0
33631.00,-0.1110,1.3120,9.9990,0.880,0.260,-1.050,133,100.0
33641.00,0.2170,2.3380,9.8770,-0.790,-1.480,-9.260,133,100.0
33651.00,-0.3300,1.7380,9.9150,-1.170,-1.090,-0.320,133,100.0
33661.00,0.0270,1.9220,9.9560,-0.670,-0.870,3.930,133,100.0
33671.00,-0.0820,1.3720,9.9540,0.230,-1.500,9.470,133,100.0
33681.00,-0.0930,1.2330,9.9610,0.640,-1.500,6.760,134,100.0
33691.00,0.4050,1.5900,9.9610,0.370,-1.690,1.350,134,100.0
33701.00,0.5750,1.7680,9.9630,0.360,-3.120,-0.630,134,100.0
33711.00,0.5280,1.8990,9.9300,0.500,-5.540,-0.210,134,100.0
33721.00,0.4400,1.3750,9.8570,0.480,-5.010,6.080,134,100.0
33731.00,0.4040,1.6350,9.9350,0.060,-1.500,3.520,135,100.0
33741.00,0.4570,1.7740,9.9120,-0.260,-0.460,-1.490,135,100.0
33751.00,0.4170,1.7770,9.9430,-0.350,-0.100,-3.620,135,100.0
33761.00,0.1390,1.7510,9.9540,-0.280,-0.590,-3.260,135,100.0
33771.00,0.4670,1.7190,9.9460,0.090,-0.950,3.070,135,100.0
33781.00,0.5320,1.8340,9.9290,0.250,-0.990,2.700,136,100.0
33791.00,0.9370,2.1490,9.9230,0.550,-1.620,4.080,136,100.0
33801.00,0.8130,1.9230,9.9070,0.410,-1.780,7.810,136,100.0
33811.00,0.7560,1.6250,9.9350,0.570,-0.990,13.950,136,100.0
33821.00,0.7700,1.4410,9.9360,0.950,-2.200,21.430,136,100.0
33831.00,0.8200,1.3830,9.9090,1.070,-4.020,23.950,137,100.0
33841.00,0.8440,1.7550,9.9050,0.950,-3.260,19.730,137,100.0
33851.00,0.7720,2.0610,9.8720,0.480,-1.720,11.290,137,100.0
33861.00,0.6370,2.8400,9.9840,-0.040,-0.240,0.360,137,100.0
33871.00,0.5120,2.0050,9.9230,-0.260,-1.300,-0.770,137,100.0
33881.00,0.4900,2.0080,10.0790,-0.370,-1.360,-1.100,138,100.0
33891.00,0.4910,1.9160,10.1260,-0.210,-8.920,-1.380,138,100.0
33901.00,-0.2050,1.2560,9.5830,-0.530,-7.360,-7.790,138,100.0
33911.00,0.2000,1.7820,10.0420,-1.310,0.350,-22.190,138,100.0
33921.00,-0.2140,2.1140,9.9240,-0.960,-0.870,-17.620,138,100.0
33931.00,1.0260,1.4540,9.9120,-0.810,0.560,-7.950,139,100.0
33941.00,1.1540,1.4630,9.8820,-1.680,-0.220,-7.600,139,100.0
33951.00,1.0480,1.2820,9.8170,-1.300,0.800,-7.820,139,100.0
33961.00,1.1210,1.4630,9.9230,-1.310,4.440,-11.180,139,100.0
33971.00,0.9450,1.6460,9.8840,-1.330,5.130,-13.200,139,100.0
33981.00,0.8180,1.6160,9.8180,-1.120,6.230,-12.200,140,100.0
33992.00,0.8540,2.2440,9.9990,-0.910,9.380,-12.510,140,100.0
34002.00,0.8250,2.2850,9.9400,-0.460,4.670,-9.220,140,100.0
34012.00,0.7540,1.9810,9.9210,-0.020,2.680,-4.340,140,100.0
34022.00,0.6410,1.7320,10.0120,0.020,2.480,-1.190,140,100.0
34032.00,0.5450,1.3990,9.5350,0.270,1.190,-1.030,141,100.0
34042.00,0.4890,0.7870,10.3920,0.740,2.080,-1.000,141,100.0
34052.00,0.4210,2.1080,10.0670,0.500,1.630,-0.770,141,100.0
34062.00,0.5320,3.0890,9.7450,0.600,-1.500,-1.330,141,100.0
34072.00,0.5810,2.6240,9.9130,0.340,-2.210,-1.630,141,100.0
34082.00,0.4730,2.0930,10.1810,0.000,-4.350,-1.070,142,100.0
34092.00,0.4030,1.6880,9.8620,-0.110,-13.400,-1.490,142,100.0
34102.00,-0.4150,0.1350,9.6220,-0.320,-12.000,-4.180,142,100.0
34112.00,0.7540,1.5450,10.1580,-1.470,-1.530,-21.880,142,100.0
34122.00,0.4410,1.4060,9.8880,-1.330,-1.010,-27.040,142,100.0
34132.00,0.3970,1.7670,9.8950,-1.560,-0.250,-34.300,143,100.0
34142.00,0.1800,2.3070,9.9550,-2.190,-0.200,-40.920,143,100.0
34152.00,0.7940,2.2540,9.8840,-2.030,-1.060,-28.490,143,100.0
34162.00,0.9290,2.0070,9.9800,-1.400,-0.130,-11.900,143,100.0
34172.00,0.9940,1.9420,9.9210,-0.860,-0.740,-3.480,143,100.0
34182.00,0.7770,1.9710,9.9350,-0.400,-0.170,0.060,144,100.0
34192.00,1.0400,2.1230,9.8770,0.360,0.610,4.490,144,100.0
34202.00,0.8560,1.9580,9.9130,0.080,1.190,2.790,144,100.0
34212.00,0.6480,1.8100,9.9200,-0.110,1.430,0.340,144,100.0
34222.00,0.6260,1.7530,9.9150,-0.190,1.560,-0.440,144,100.0
34232.00,0.5880,1.7190,9.9330,-0.440,1.910,-0.670,145,100.0
34242.00,0.5210,1.7150,9.9200,-0.600,2.150,-0.740,145,100.0
34252.00,0.4940,2.0630,9.8910,-0.460,2.890,-0.090,145,100.0
34262.00,0.4980,2.3380,9.9790,0.180,3.180,7.670,145,100.0
34272.00,0.4590,1.8020,9.9170,0.850,1.610,17.910,145,100.0
34282.00,0.6040,1.3910,9.8790,0.860,3.310,18.850,146,100.0
34292.00,0.4480,1.2750,9.9610,0.640,5.250,11.780,146,100.0
34302.00,0.5070,1.4410,9.9170,0.550,4.110,5.340,146,100.0
34312.00,0.6670,1.7950,9.9440,0.360,4.550,0.920,146,100.0
34322.00,0.7360,1.8620,9.9500,0.290,3.570,-0.090,146,100.0
34332.00,0.8530,1.9860,9.9620,0.180,2.270,-0.190,147,100.0
34342.00,1.3420,2.6880,9.9580,0.200,0.030,2.650,147,100.0
34352.00,0.9330,2.4510,9.8820,0.440,-1.290,10.440,147,100.0
34362.00,0.5300,1.9690,9.9400,0.500,0.280,13.390,147,100.0
34372.00,0.4360,2.1140,10.0000,0.640,-0.110,12.640,147,100.0
34382.00,0.3870,2.0540,9.9180,1.320,-2.110,15.040,148,100.0
34392.00,0.1550,1.2090,9.9420,1.420,-1.600,17.160,148,100.0
34402.00,0.3580,1.5860,9.9330,0.620,-1.710,12.660,148,100.0
34412.00,0.4570,1.7210,9.9090,0.340,-1.060,9.880,148,100.0
34422.00,0.4160,1.6060,9.9640,0.270,-0.040,8.200,148,100.0
34432.00,0.3820,1.4850,9.9420,0.080,-0.390,4.990,149,100.0
34442.00,0.5140,1.6410,9.8770,0.000,-0.340,0.760,149,100.0
34452.00,0.5580,1.5680,9.9260,-0.050,0.400,-0.530,149,100.0
34462.00,0.5940,1.5980,9.9600,0.040,0.660,-0.630,149,100.0
34472.00,0.6490,1.6830,9.9200,0.080,0.210,-0.770,149,100.0
34482.00,0.7040,1.7210,9.9110,0.130,-0.010,-0.820,150,100.0
34492.00,0.7220,1.7610,9.9150,0.250,-0.200,-0.890,150,100.0
34502.00,0.6920,1.7610,9.9310,0.300,-0.340,-0.890,150,100.0
34512.00,0.6740,1.7820,9.9230,0.370,-0.310,-0.860,150,100.0
34522.00,0.6350,1.8370,9.9400,0.410,-0.080,-0.960,150,100.0
34532.00,0.6130,1.9040,9.9300,0.430,-0.040,-0.930,151,100.0
34542.00,0.5830,1.9750,9.9330,0.390,-0.030,-0.950,151,100.0
34552.00,0.5700,1.9950,9.9320,0.250,0.140,-0.910,151,100.0
34562.00,0.5590,1.9510,9.9200,-0.040,0.300,-0.950,151,100.0
34572.00,0.5830,1.8900,9.9320,-0.230,0.540,-0.910,151,100.0
34582.00,0.6160,1.8660,9.9390,-0.400,0.650,-0.960,152,100.0
34592.00,0.6730,1.8610,9.9190,-0.490,0.730,-0.910,152,100.0
34602.00,0.6890,1.8560,9.9320,-0.700,0.420,-0.950,152,100.0
34612.00,0.6920,1.8320,9.9090,-0.670,0.170,-0.930,152,100.0
34622.00,2.7480,4.3440,8.8330,-0.390,-1.200,0.180,152,100.0
34632.00,0.2640,1.8250,11.0400,1.760,1.330,29.560,153,100.0
34642.00,0.2140,0.7840,9.8830,1.970,0.380,38.370,153,100.0
34652.00,0.4950,1.3010,9.9610,0.830,0.910,18.660,153,100.0
34662.00,1.1280,2.2600,9.9690,0.670,-0.150,12.340,153,100.0
34672.00,0.9180,2.2540,9.8990,0.570,-0.950,12.780,153,100.0
34682.00,0.1790,1.6460,9.8950,0.810,-0.880,13.500,154,100.0
34692.00,0.4730,1.9700,9.9390,0.880,-0.940,15.090,154,100.0
34702.00,0.3880,1.6330,9.9210,0.720,-0.710,15.910,154,100.0
34712.00,0.4360,1.5780,9.9090,0.510,-0.100,14.510,154,100.0
34722.00,0.4740,1.5660,9.9240,0.410,0.470,12.730,154,100.0
34732.00,0.4390,1.4600,9.9300,0.440,0.450,10.210,155,100.0
34742.00,0.4820,1.5420,9.9580,0.460,0.330,7.780,155,100.0
34752.00,0.6000,1.7070,9.9390,0.370,-0.110,7.180,155,100.0
34762.00,0.4480,1.4050,9.9180,0.440,-0.080,7.460,155,100.0
34772.00,0.3250,1.1670,9.9310,0.340,0.190,4.890,155,100.0
34782.00,0.4630,1.4580,9.9510,0.220,0.170,0.810,156,100.0
34792.00,0.6240,1.7940,9.9330,0.230,-0.410,-0.790,156,100.0
34802.00,0.6010,1.8040,9.9540,0.370,-0.620,-0.950,156,100.0
34812.00,0.5940,1.8480,9.9150,0.410,-0.710,-0.950,156,100.0
34822.00,0.6060,1.8710,9.9730,0.480,-0.850,-0.960,156,100.0
34832.00,0.6180,1.9540,9.9630,0.480,-1.340,-0.910,157,100.0
34842.00,0.6380,1.9940,10.0060,0.410,-3.700,-0.960,157,100.0
34852.00,-0.4300,-1.1720,9.9750,-0.250,-6.360,-4.030,157,100.0
34862.00,0.3270,2.1390,9.9380,-2.380,-1.710,-37.770,157,100.0
34872.00,0.7590,2.2460,9.8090,-1.890,-2.900,-32.690,157,100.0
34882.00,1.3630,3.0440,9.8690,-1.580,0.660,-20.810,158,100.0
34892.00,1.3900,3.5060,9.8590,-1.400,2.450,-12.600,158,100.0
34902.00,0.8630,2.1660,9.8930,-1.350,3.730,-3.800,158,100.0
34912.00,0.7980,1.4910,9.9290,-1.450,2.500,-0.980,158,100.0
34922.00,0.8300,1.2160,9.9430,-1.420,0.520,-0.700,158,100.0
34932.00,0.8850,1.2440,9.9780,-1.140,-0.310,-0.370,159,100.0
34942.00,4.1280,3.2840,9.8570,-0.280,-4.050,4.470,159,100.0
34952.00,1.0260,1.9700,9.8480,0.130,-5.150,12.470,159,100.0
34962.00,-0.2170,1.3110,9.9110,-0.320,-3.300,5.900,159,100.0
34972.00,0.0230,1.5260,9.9090,-0.420,-2.020,1.410,159,100.0
34982.00,-0.2210,1.2030,9.9390,0.180,-1.670,0.440,160,100.0
34992.00,-0.1070,1.1290,9.9750,0.410,-0.900,-0.250,160,100.0
35002.00,0.3570,1.8060,9.9450,0.640,-0.360,-0.910,160,100.0
35013.00,0.3730,1.9780,9.9350,0.620,-0.290,-0.880,160,100.0
35023.00,0.4210,2.0610,9.9480,0.600,-0.150,-0.910,160,100.0
35033.00,0.4940,2.0260,9.9250,0.440,-0.240,-0.960,161,100.0
35043.00,0.5690,1.9570,9.9540,0.290,-0.270,-0.890,161,100.0
35053.00,0.6620,1.8810,9.9300,0.130,-0.340,-0.890,161,100.0
35063.00,0.7700,1.8370,9.9500,0.000,-0.320,-0.860,161,100.0
35073.00,0.8660,1.8650,9.8960,-0.110,-0.180,-0.880,161,100.0
35083.00,0.9160,1.8300,9.9030,-0.190,0.020,-0.890,162,100.0
35093.00,0.9410,1.7070,9.9090,-0.210,0.210,-0.860,162,100.0
35103.00,0.9020,1.6660,9.9330,-0.120,0.190,-0.820,162,100.0
35113.00,0.8300,1.7280,9.9370,-0.070,0.170,-0.910,162,100.0
35123.00,0.7520,1.8050,9.9180,-0.040,0.350,-0.980,162,100.0
35133.00,0.6560,1.9050,9.9050,-0.070,0.380,-1.000,163,100.0
35143.00,0.5620,1.9070,9.9170,-0.040,0.450,-1.070,163,100.0
35153.00,0.5040,1.8720,9.9460,-0.110,0.450,-1.100,163,100.0
35163.00,0.4800,1.8660,9.9380,-0.260,0.490,-1.140,163,100.0
35173.00,0.5010,1.8840,9.9260,-0.300,0.540,-1.120,163,100.0
35183.00,0.5700,1.9230,9.9370,-0.420,0.790,-1.140,164,100.0
35193.00,0.6350,1.9230,9.9030,-0.530,0.930,-1.070,164,100.0
35203.00,0.7250,1.6330,9.9200,-0.580,0.650,-0.840,164,100.0
35213.00,0.7310,1.4440,9.8850,-0.460,0.350,-0.650,164,100.0
35223.00,0.7410,1.3370,9.9190,-0.260,0.380,-0.530,164,100.0
35233.00,0.7860,1.3690,9.8530,-0.020,0.840,-0.530,165,100.0
35243.00,0.7870,1.5190,9.8830,0.000,9.970,-0.930,165,100.0
35253.00,0.8080,1.7370,9.9510,0.360,8.010,-1.610,165,100.0
35263.00,0.7950,1.7880,9.9910,0.740,3.640,-3.100,165,100.0
35273.00,0.7520,1.7570,9.9010,0.780,-0.380,-5.460,165,100.0
35283.00,0.6650,1.6100,10.0310,0.760,-0.990,-3.890,166,100.0
35293.00,0.6600,1.7240,9.9300,0.740,-0.670,-1.980,166,100.0
35303.00,0.6860,2.0670,9.9190,0.690,-0.390,-1.310,166,100.0
35313.00,0.6870,2.2390,9.8940,0.480,-0.130,-1.090,166,100.0
35323.00,0.6540,2.0920,9.8240,0.290,1.030,-1.100,166,100.0
35333.00,0.6360,1.7700,9.9860,0.040,5.300,-1.910,167,100.0
35343.00,0.7210,2.0490,9.9970,0.250,2.410,-8.100,167,100.0
35353.00,0.2690,1.6570,9.9360,0.320,-0.180,-4.710,167,100.0
35363.00,0.2630,1.7160,9.9640,0.430,-0.150,-0.040,167,100.0
35373.00,0.3620,1.9860,9.9900,0.340,-0.530,-0.280,167,100.0
35383.00,0.4710,2.1270,9.9120,0.220,-2.140,-1.000,168,100.0
35393.00,0.5510,2.0140,9.9550,-0.050,-2.700,-1.440,168,100.0
35403.00,0.4370,0.7290,10.3160,-0.330,-6.730,-5.990,168,100.0
35413.00,0.1540,0.3500,9.6680,-1.140,-15.390,-10.900,168,100.0
35423.00,0.1620,0.7290,9.9700,-2.120,-8.200,-23.750,168,100.0
35433.00,-0.1600,0.5790,9.8120,-1.540,-6.590,-33.090,169,100.0
35443.00,0.6650,1.3610,9.8840,-1.610,-2.000,-40.810,169,100.0
35453.00,1.0810,2.8060,9.8700,-1.490,-1.320,-47.040,169,100.0
35463.00,1.1070,2.4500,9.8770,-1.610,-0.900,-35.840,169,100.0
35473.00,1.3790,2.8660,9.9000,-1.230,0.310,-28.670,169,100.0
35483.00,1.0340,2.4150,9.9310,-0.630,0.720,-19.570,170,100.0
35493.00,0.9080,2.2240,9.9310,-0.490,0.790,-13.740,170,100.0
35503.00,0.8700,2.2000,9.9110,-0.440,1.190,-10.870,170,100.0
35513.00,0.8360,2.0290,9.8930,-0.330,1.240,-7.540,170,100.0
35523.00,0.8420,2.0840,9.9310,-0.260,1.610,-4.550,170,100.0
35533.00,0.8140,2.0050,9.9330,-0.250,2.150,-2.030,171,100.0
35543.00,0.7620,1.9720,9.8770,-0.280,2.540,-0.630,171,100.0
35553.00,0.6890,1.8910,9.8830,-0.350,2.410,-0.370,171,100.0
35563.00,0.5630,1.7140,9.9260,-0.440,2.200,-0.580,171,100.0
35573.00,0.4420,1.5940,9.9540,-0.470,2.570,-0.630,171,100.0
35583.00,0.3740,1.5980,9.9730,-0.330,1.630,-0.540,172,100.0
35593.00,0.3600,1.7330,9.9480,-0.180,1.150,-0.390,172,100.0
35603.00,0.6790,2.0290,9.9480,0.160,1.610,-0.330,172,100.0
35613.00,0.2560,1.8640,9.9510,0.370,0.160,-0.650,172,100.0
35623.00,0.5020,1.8620,9.9210,0.150,0.860,-0.320,172,100.0
35633.00,0.5730,1.8220,9.9550,0.080,0.910,0.060,173,100.0
35643.00,0.6400,1.7890,9.9180,0.010,0.450,0.220,173,100.0
35653.00,0.6990,1.8290,9.9680,-0.040,-0.030,0.250,173,100.0
35663.00,0.7270,1.9010,9.8720,-0.050,-0.250,0.460,173,100.0
35673.00,0.7580,1.9800,9.9390,-0.050,-0.170,1.060,173,100.0
35683.00,0.7810,2.0090,9.8850,0.000,0.000,2.350,174,100.0
35693.00,0.7650,1.9960,9.9460,0.150,0.400,4.590,174,100.0
35703.00,0.6490,1.8160,9.9400,0.160,0.540,7.370,174,100.0
35713.00,0.5870,1.7180,9.9230,0.220,0.630,8.490,174,100.0
35723.00,0.6050,1.7680,9.9380,0.230,0.730,9.140,174,100.0
35733.00,0.5340,1.7400,9.9210,0.290,0.380,9.510,175,100.0
35743.00,0.4770,1.6490,9.9500,0.180,-0.060,8.770,175,100.0
35753.00,0.4770,1.6610,9.9190,0.130,-0.310,6.850,175,100.0
35763.00,0.5350,1.7580,9.9370,0.080,-0.450,4.920,175,100.0
35773.00,0.5550,1.7940,9.9360,0.020,-0.520,4.030,175,100.0
35783.00,0.5870,1.8420,9.9270,0.020,-0.450,3.800,176,100.0
35793.00,0.6600,1.9020,9.9050,0.090,-0.220,4.400,176,100.0
35803.00,0.6110,1.7060,9.9260,0.160,0.050,4.960,176,100.0
35813.00,0.5990,1.6850,9.9300,0.160,0.030,3.470,176,100.0
35823.00,0.6080,1.7080,9.9400,0.110,-0.100,1.550,176,100.0
35833.00,0.6100,1.7890,9.9290,0.080,-0.320,-0.020,177,100.0
35843.00,0.5810,1.8320,9.9290,0.110,-0.600,-0.810,177,100.0
35853.00,0.5510,1.8260,9.9500,0.010,-1.180,-0.980,177,100.0
35863.00,0.5350,1.8140,9.9450,0.080,-2.070,-1.070,177,100.0
35873.00,0.5240,1.9540,10.3930,0.220,-3.680,-1.020,177,100.0
35883.00,0.6610,0.8800,9.4210,0.500,-12.330,8.900,178,100.0
35893.00,0.3230,0.5100,9.9070,0.150,-2.420,9.460,178,100.0
35903.00,1.4240,1.1470,9.8700,-0.650,0.240,-18.170,178,100.0
35913.00,0.7920,2.8520,9.9000,-0.680,1.330,-18.080,178,100.0
35923.00,0.5430,3.1880,9.8730,-0.460,2.540,-5.970,178,100.0
35933.00,0.6790,2.2250,9.9210,-0.070,5.250,6.710,179,100.0
35943.00,1.2430,1.8890,9.9300,0.250,5.980,13.100,179,100.0
35953.00,1.0370,1.4840,9.9600,0.780,4.530,18.570,179,100.0
35963.00,0.2730,1.8460,9.9620,0.810,1.990,13.290,179,100.0
35973.00,0.0720,1.8470,9.9680,0.440,0.350,7.950,179,100.0
35983.00,0.1320,1.8070,9.9550,0.160,-0.550,4.700,180,100.0
35993.00,0.2700,1.7970,9.9560,-0.020,-1.320,1.560,180,100.0
36003.00,0.5650,1.7790,9.9210,-0.050,-1.300,-0.950,180,100.0
36013.00,0.5750,1.8000,9.9240,-0.120,-1.010,-0.910,180,100.0
36023.00,0.6140,1.8220,9.9240,-0.160,-0.950,-0.960,180,100.0
36033.00,0.6490,1.8260,9.9380,-0.110,-1.020,-1.000,181,100.0
36044.00,0.6830,1.8240,9.9330,-0.160,-1.530,-1.190,181,100.0
36054.00,0.7010,1.8240,9.9350,-0.160,-2.370,-1.310,181,100.0
36064.00,0.7190,1.8310,9.9420,-0.210,-3.530,-1.280,181,100.0
36074.00,0.6980,1.8200,9.9290,-0.160,-4.020,-1.100,181,100.0
36084.00,0.6900,1.7930,9.9210,-0.230,-3.490,-1.030,182,100.0
36094.00,0.6710,1.8160,9.9150,-0.260,-3.180,-0.890,182,100.0
36104.00,0.6650,1.8070,9.9120,-0.400,-3.000,-0.810,182,100.0
36114.00,0.6850,1.7630,9.9270,-0.420,-3.090,-0.770,182,100.0
36124.00,0.6930,1.7070,9.9350,-0.440,-3.540,-0.650,182,100.0
36134.00,0.6970,1.6830,9.9270,-0.280,-4.050,-0.440,183,100.0
36144.00,0.7080,1.7260,9.9150,-0.260,-4.280,-0.320,183,100.0
36154.00,0.7310,1.7620,9.9210,-0.230,-4.300,-0.190,183,100.0
36164.00,0.7290,1.8110,9.9330,-0.230,-4.630,-0.140,183,100.0
36174.00,0.7440,1.8530,9.9190,-0.160,-5.070,-0.190,183,100.0
36184.00,0.8600,1.8530,9.9140,-0.230,-4.910,-0.460,184,100.0
36194.00,0.7480,1.8710,9.9000,-0.190,-4.630,-0.650,184,100.0
36204.00,0.6080,1.7430,9.9300,-0.230,-3.540,-1.050,184,100.0
36214.00,0.6300,1.7370,9.9300,-0.260,-2.000,-0.930,184,100.0
36224.00,0.6650,1.7950,9.9190,-0.110,-1.510,-0.860,184,100.0
36234.00,0.7260,1.8130,9.9140,-0.050,-1.110,-0.860,185,100.0
36244.00,0.8080,1.7760,9.9210,-0.040,-0.990,-0.880,185,100.0
36254.00,0.8650,1.7730,9.9050,0.010,-0.940,-0.790,185,100.0
36264.00,0.8620,1.7920,9.8960,0.090,-1.040,-0.770,185,100.0
36274.00,0.8140,1.7510,9.9140,0.130,-1.150,-0.860,185,100.0
36284.00,0.7570,1.7350,9.9260,0.130,-1.040,-0.910,186,100.0
36294.00,0.7260,1.7940,9.9290,0.110,-0.870,-0.960,186,100.0
36304.00,0.7050,1.8560,9.9450,0.130,-0.690,-0.980,186,100.0
36314.00,0.7070,1.7950,9.9360,0.160,-0.520,-1.050,186,100.0
36324.00,0.7510,1.7940,9.9150,0.200,-0.200,-0.960,186,100.0
36334.00,0.7940,1.8230,9.9080,0.180,0.030,-0.890,187,100.0
36344.00,0.8130,1.8140,9.9200,0.180,0.160,-0.960,187,100.0
36354.00,0.8140,1.7680,9.9210,0.160,0.190,-0.910,187,100.0
36364.00,0.7760,1.7890,9.9240,0.200,0.210,-0.880,187,100.0
36374.00,0.7280,1.8290,9.9190,0.160,0.260,-0.930,187,100.0
36384.00,0.6910,1.8310,9.9170,0.180,0.450,-0.950,188,100.0
36394.00,0.6520,1.8260,9.9180,0.150,0.520,-0.950,188,100.0
36404.00,0.6540,1.7910,9.9370,-0.070,0.540,-0.910,188,100.0
36414.00,0.6890,1.7400,9.9400,-0.040,0.050,-0.960,188,100.0
36424.00,0.7320,1.7550,9.9120,-0.020,-0.130,-0.930,188,100.0
36434.00,0.7960,1.7700,9.8940,0.060,0.020,-0.950,189,100.0
36444.00,0.8720,1.8110,9.9350,0.000,0.240,-0.980,189,100.0
36454.00,0.8900,1.8000,9.8880,0.000,0.370,-0.950,189,100.0
36464.00,0.8940,1.7870,9.9080,-0.160,0.350,-0.910,189,100.0
36474.00,0.8650,1.7800,9.9210,-0.320,0.070,-0.960,189,100.0
36484.00,0.8210,1.7630,9.9370,-0.350,-0.130,-1.000,190,100.0
36494.00,0.7830,1.7990,9.9600,-0.390,-0.550,-0.950,190,100.0
36504.00,0.7440,1.9030,9.9250,-0.350,-1.080,-0.910,190,100.0
36514.00,0.7090,1.9230,9.8840,-0.320,-1.430,-0.860,190,100.0
36524.00,0.6930,1.7890,9.9300,-0.300,-1.720,-0.740,190,100.0
36534.00,0.6840,1.6640,9.9510,-0.260,-1.880,-0.630,191,100.0
36544.00,0.7080,1.6100,9.9130,-0.190,-1.920,-0.650,191,100.0
36554.00,0.7460,1.6650,9.9230,-0.050,-1.530,-0.700,191,100.0
36564.00,0.7820,1.7590,9.9060,0.040,-1.040,-0.820,191,100.0
36574.00,0.7870,1.8370,9.9120,0.230,-0.690,-0.880,191,100.0
36584.00,0.7880,1.8430,9.9250,0.230,-0.460,-0.930,192,100.0
36594.00,0.7810,1.7790,9.9300,0.200,-0.320,-0.880,192,100.0
36604.00,0.7750,1.8070,9.9200,0.200,-0.310,-0.890,192,100.0
36614.00,0.7830,1.7760,9.9210,0.200,-0.500,-0.890,192,100.0
36624.00,0.7820,1.7980,9.9440,0.290,-0.320,-0.880,192,100.0
36634.00,0.7760,1.8660,9.8950,0.360,-0.380,-0.890,193,100.0
36644.00,0.7820,1.7880,9.9210,0.440,-0.200,-0.980,193,100.0
36654.00,0.8010,1.7470,9.9370,0.360,-0.100,-0.930,193,100.0
36664.00,0.8060,1.7710,9.9130,0.340,-0.250,-0.860,193,100.0
36674.00,0.7940,1.8140,9.9270,0.270,-0.530,-0.840,193,100.0
36684.00,0.7520,1.8070,9.9210,0.230,-0.780,-0.950,194,100.0
36694.00,0.7600,1.8080,9.9230,0.200,-0.660,-0.910,194,100.0
36704.00,0.7540,1.8540,9.9430,0.220,-0.620,-0.890,194,100.0
36714.00,0.7390,1.9330,9.9260,0.220,-0.670,-0.860,194,100.0
36724.00,0.7310,1.8930,9.9090,0.160,-0.730,-0.890,194,100.0
36734.00,0.7040,1.7740,9.9230,0.250,-0.710,-0.910,195,100.0
36744.00,-2.7300,-10.7220,9.7220,-0.230,-1.320,-2.280,195,100.0
36754.00,-0.0940,3.6230,10.1060,-11.430,3.550,-166.930,195,100.0
36764.00,-0.3970,-0.7460,7.8280,-20.040,6.880,-242.870,195,100.0
36774.00,4.4540,16.0760,10.0770,-20.880,-0.730,-201.580,195,100.0
36784.00,0.4600,3.5150,9.9070,-7.110,-3.960,-14.230,196,100.0
36794.00,0.5610,1.9700,9.8630,-1.490,0.330,6.010,196,100.0
36804.00,0.8650,0.3270,9.8700,-1.210,0.720,0.290,196,100.0
36814.00,0.6400,1.3170,10.3200,-20.180,-8.270,-32.800,196,100.0
36824.00,0.7560,3.5240,9.7560,-24.080,-10.280,-19.650,196,100.0
36834.00,0.5000,1.3320,10.0210,-18.170,-8.830,-1.210,197,100.0
36844.00,-0.2910,-0.4110,9.0640,-16.140,-9.020,11.050,197,100.0
36854.00,-0.5860,-0.0260,11.0840,0.620,-2.690,13.200,197,100.0
36864.00,0.5250,2.7190,9.5760,-25.880,-9.300,-22.450,197,100.0
36874.00,2.1490,3.4750,9.4180,-10.660,-3.510,-19.640,197,100.0
36884.00,1.6940,2.6780,9.7650,4.330,0.960,-9.750,198,100.0
36894.00,1.1150,2.0660,9.9390,7.780,2.610,-1.090,198,100.0
36904.00,0.7830,1.8190,9.9350,8.630,2.970,0.440,198,100.0
36914.00,0.6660,1.8070,9.9230,8.230,2.750,0.410,198,100.0
36924.00,0.5650,1.7500,9.9940,8.300,3.030,-0.180,198,100.0
36934.00,0.5430,1.6570,9.9690,7.880,3.060,-0.560,199,100.0
36944.00,0.4960,1.6170,9.9490,8.810,3.760,-0.890,199,100.0
36954.00,0.4780,1.6820,10.1690,5.920,2.340,-0.980,199,100.0
36964.00,0.4860,1.6360,9.9130,1.700,0.050,-0.820,199,100.0
36974.00,0.5060,1.6390,10.0360,2.090,0.100,-0.860,199,100.0
36984.00,0.5270,1.6240,9.8790,0.690,-0.900,-0.770,200,100.0
36994.00,0.5590,1.7190,10.1750,0.110,-1.690,-0.750,200,100.0
37004.00,0.5970,1.7130,9.9680,-1.070,-2.630,-0.740,200,100.0
37014.00,0.6500,1.6730,9.7730,6.200,2.470,-1.440,200,100.0
37024.00,0.7350,1.6900,9.8150,10.370,5.910,-1.420,200,100.0
37034.00,0.8010,1.7380,9.9130,13.290,7.310,-1.420,201,100.0
37044.00,0.7170,1.7870,9.9620,20.850,9.730,-1.750,201,100.0
37054.00,0.6830,1.9150,10.4010,19.200,10.570,-1.660,201,100.0
37065.00,0.5860,1.8890,9.9130,6.810,6.390,-0.610,201,100.0
37075.00,0.4830,1.8870,10.0040,1.320,3.380,-0.120,201,100.0
37085.00,0.4250,1.8440,9.9760,0.990,0.940,-0.280,202,100.0
37095.00,0.4090,1.9480,9.9300,0.670,-0.690,-0.510,202,100.0
37105.00,0.4060,1.8230,9.9880,0.080,-1.430,-0.600,202,100.0
37115.00,0.4850,1.7130,9.8870,-0.400,-1.150,-0.960,202,100.0
37125.00,0.5350,1.6720,9.9190,-0.120,-0.110,-0.960,202,100.0
37135.00,0.6020,1.7270,9.9190,0.010,0.560,-0.930,203,100.0
37145.00,0.6430,1.7670,9.9060,0.150,0.730,-0.750,203,100.0
37155.00,0.6560,1.7080,9.9400,-0.090,0.730,-0.790,203,100.0
37165.00,0.0740,0.5400,9.9540,-0.390,1.570,-2.890,203,100.0
37175.00,0.5450,1.9140,9.9090,-1.170,1.350,-14.370,203,100.0
37185.00,0.5310,1.8240,9.9400,-1.100,-0.310,-17.150,204,100.0
37195.00,0.7310,1.9880,9.8960,-1.050,0.170,-18.670,204,100.0
37205.00,0.7560,2.0910,9.9200,-0.560,0.540,-14.650,204,100.0
37215.00,0.5980,1.9260,9.9300,0.160,0.520,-3.590,204,100.0
37225.00,0.5490,1.8370,9.9560,0.410,0.660,-1.510,204,100.0
37235.00,0.5300,1.8430,9.9240,0.300,0.120,-1.070,205,100.0
37245.00,0.4970,1.8500,9.9430,0.480,0.170,-0.950,205,100.0
37255.00,0.4710,1.8340,9.9500,0.300,0.190,-0.820,205,100.0
37265.00,0.4480,1.8160,9.9320,-0.050,0.000,-0.890,205,100.0
37275.00,0.4310,1.8110,9.9300,-0.110,-0.060,-0.860,205,100.0
37285.00,0.4470,1.8310,9.9360,0.090,0.160,-0.840,206,100.0
37295.00,0.4650,1.8400,9.9270,0.180,0.090,-0.880,206,100.0
37305.00,0.5100,1.8420,9.9430,0.230,0.190,-0.840,206,100.0
37315.00,0.5330,1.8260,9.9440,0.270,0.090,-0.810,206,100.0
37325.00,0.5520,1.8160,9.9450,0.250,-0.100,-0.840,206,100.0
37335.00,0.5650,1.8100,9.9440,0.200,-0.220,-0.790,207,100.0
37345.00,0.5630,1.8070,9.9200,0.250,-0.290,-0.820,207,100.0
37355.00,0.5650,1.7870,9.9210,0.430,-0.110,-0.820,207,100.0
37365.00,0.5300,1.7710,9.9270,0.430,0.210,-0.820,207,100.0
37375.00,0.5150,1.7610,9.9320,0.320,0.420,-0.880,207,100.0
37385.00,0.5080,1.7790,9.9120,0.180,0.610,-0.930,208,100.0
37395.00,0.5140,1.7940,9.9320,0.180,1.010,-0.910,208,100.0
37405.00,0.5200,1.8280,9.9250,0.040,1.030,-0.950,208,100.0
37415.00,0.5260,1.8620,9.9490,-0.300,0.520,-0.880,208,100.0
37425.00,0.5320,1.8340,9.9030,-0.350,0.350,-0.950,208,100.0
37435.00,0.5350,1.8070,9.9580,-0.460,0.350,-1.020,209,100.0
37445.00,0.5250,1.7790,9.9180,-0.580,0.350,-1.000,209,100.0
37455.00,0.5140,1.7920,9.9490,-0.630,0.440,-1.050,209,100.0
37465.00,0.5210,1.8650,10.1100,-1.960,1.490,-1.330,209,100.0
37475.00,0.5280,1.8310,9.7510,-2.570,3.380,-1.580,209,100.0
37485.00,0.5300,1.8130,9.9460,-0.890,2.050,-1.280,210,100.0
37495.00,0.5030,1.7890,9.9130,-0.580,1.350,-1.160,210,100.0
37505.00,0.4800,1.7700,9.9360,-0.400,1.590,-1.140,210,100.0
37515.00,0.4610,1.7790,9.9760,-0.330,1.610,-1.100,210,100.0
37525.00,0.7940,1.6710,10.0180,-0.160,0.210,-0.740,210,100.0
37535.00,0.0950,0.9280,9.8690,-5.300,-4.280,-4.220,211,100.0
37545.00,0.4390,2.2970,9.9270,-2.350,-1.410,-15.370,211,100.0
37555.00,0.4920,1.8840,9.9400,-0.370,-0.240,-8.420,211,100.0
37565.00,0.4790,1.9100,9.9400,-0.370,0.100,-5.670,211,100.0
37575.00,0.4250,1.7920,9.9290,-0.580,0.300,-4.340,211,100.0
37585.00,0.4670,1.7980,9.9570,-0.600,0.190,-5.970,212,100.0
37595.00,0.5070,1.9500,9.9510,-0.580,-0.200,-6.130,212,100.0
37605.00,0.5020,1.8370,9.9250,-0.300,-0.310,-3.500,212,100.0
37615.00,0.5060,1.7850,9.9380,0.010,-0.920,-1.330,212,100.0
37625.00,0.5180,1.8010,9.9380,0.090,-1.020,-0.980,212,100.0
37635.00,0.5040,1.8180,9.9370,0.130,-1.060,-0.880,213,100.0
37645.00,0.5040,1.8130,9.9310,0.060,-1.150,-0.820,213,100.0
37655.00,0.4720,1.8020,9.9360,-0.160,-1.040,-0.860,213,100.0
37665.00,0.4450,1.7820,9.9440,-0.260,-0.810,-0.960,213,100.0
37675.00,0.4300,1.7850,9.9380,-0.330,-0.710,-0.980,213,100.0
37685.00,0.4220,1.7990,9.9380,-0.460,-0.570,-0.980,214,100.0
37695.00,0.4400,1.8160,9.9330,-0.470,-0.310,-0.950,214,100.0
37705.00,0.4860,1.7870,9.9120,0.010,-0.520,-0.820,214,100.0
37715.00,0.5370,1.7670,9.9230,0.270,-0.430,-0.750,214,100.0
37725.00,0.5820,1.7610,9.9310,0.320,0.100,-0.740,214,100.0
37735.00,0.6080,1.7770,9.9510,0.340,0.330,-0.790,215,100.0
37745.00,0.6010,1.7810,9.9380,0.090,0.260,-0.840,215,100.0
37755.00,0.5730,1.7920,9.9300,0.020,0.020,-0.840,215,100.0
37765.00,0.5390,1.8050,9.9430,0.000,-0.240,-0.810,215,100.0
37775.00,0.4980,1.8040,9.9440,-0.040,-0.380,-0.790,215,100.0
37785.00,0.4630,1.8050,9.9500,-0.180,-0.430,-0.790,216,100.0
37795.00,0.4350,1.8110,9.9500,-0.140,-0.730,-0.770,216,100.0
37805.00,0.4340,1.8350,9.9210,-0.250,-0.830,-0.790,216,100.0
37815.00,0.4800,1.8140,9.9580,-0.180,-0.950,-0.670,216,100.0
37825.00,0.4890,1.8120,9.9630,-0.370,-0.900,-0.630,216,100.0
37835.00,0.5190,1.8000,9.9200,-0.350,-1.130,-0.560,217,100.0
37845.00,0.5530,1.8020,9.8880,-0.600,-0.800,-0.460,217,100.0
37855.00,1.3260,3.8780,9.8440,6.220,6.470,-3.570,217,100.0
37865.00,0.6250,1.6770,10.0240,8.740,8.050,2.190,217,100.0
37875.00,0.6910,1.5790,9.9690,2.950,5.650,2.440,217,100.0
37885.00,0.8780,2.1900,10.0290,1.620,2.450,17.210,218,100.0
37895.00,-0.1780,0.5990,9.8970,0.950,0.840,35.090,218,100.0
37905.00,0.0030,1.1170,9.9620,1.270,1.850,24.910,218,100.0
37915.00,0.2060,1.5180,9.9880,0.600,2.340,18.290,218,100.0
37925.00,0.3640,1.6820,10.0060,0.290,-0.220,16.120,218,100.0
37935.00,0.4090,1.7280,9.9500,0.460,-3.160,14.020,219,100.0
37945.00,0.4450,1.7390,9.8930,0.500,-3.810,11.080,219,100.0
37955.00,0.4940,1.7810,9.9020,0.650,-2.930,7.690,219,100.0
37965.00,0.5350,1.7920,9.9030,0.760,-1.460,4.960,219,100.0
37975.00,0.5890,1.8100,9.9210,0.580,-0.270,2.020,219,100.0
37985.00,0.6230,1.8420,9.9390,0.180,0.490,-0.250,220,100.0
37995.00,0.6220,1.8410,9.9170,-0.160,0.630,-0.880,220,100.0
38005.00,0.6070,1.8060,9.9260,0.090,0.590,-1.020,220,100.0
38015.00,0.5450,1.8290,9.9420,0.300,1.150,-0.930,220,100.0
38025.00,0.5260,1.8600,9.9290,0.230,1.400,-0.930,220,100.0
38035.00,0.5020,1.8560,9.9180,0.200,1.820,-0.890,221,100.0
38045.00,0.5020,1.8620,9.8970,0.090,2.570,-0.630,221,100.0
38055.00,0.4590,1.8260,9.9680,-0.180,3.900,-0.160,221,100.0
38065.00,0.4170,1.7810,9.9780,-0.400,2.800,-0.070,221,100.0
38075.00,0.4150,1.7580,9.9430,-0.460,0.280,-0.540,221,100.0
38085.00,0.4270,1.7500,9.9610,-0.350,-0.780,-0.740,222,100.0
38096.00,0.4350,1.7700,9.9300,-0.330,-0.970,-0.790,222,100.0
38106.00,0.4450,1.7850,9.9190,-0.330,-1.060,-0.790,222,100.0
38116.00,0.4760,1.7950,9.9460,-0.120,-1.180,-0.790,222,100.0
38126.00,0.5130,1.7820,9.9320,-0.090,-1.130,-0.840,222,100.0
38136.00,0.5390,1.8040,9.9420,0.060,-0.990,-0.820,223,100.0
38146.00,0.5590,1.8160,9.9270,0.090,-0.810,-0.790,223,100.0
38156.00,0.5920,1.8240,9.9300,0.130,-0.710,-0.790,223,100.0
38166.00,0.5870,1.8350,9.9230,0.010,-0.830,-0.790,223,100.0
38176.00,0.5850,1.8190,9.9350,-0.110,-0.950,-0.860,223,100.0
38186.00,0.5570,1.8160,9.9200,-0.120,-0.970,-0.810,224,100.0
38196.00,0.5430,1.8120,9.9390,-0.110,-0.810,-0.840,224,100.0
38206.00,0.5300,1.8120,9.9380,0.000,-0.730,-0.770,224,100.0
38216.00,0.5070,1.8060,9.9350,0.090,-0.780,-0.700,224,100.0
38226.00,0.4840,1.8010,9.9350,0.110,-0.920,-0.670,224,100.0
38236.00,0.4880,1.8020,9.9360,0.160,-0.970,-0.650,225,100.0
38246.00,0.4970,1.8180,9.9520,0.150,-1.110,-0.530,225,100.0
38256.00,0.5310,1.8100,9.9460,-0.070,-1.550,-0.390,225,100.0
38266.00,0.6580,1.9390,9.9430,-0.320,-3.750,1.690,225,100.0
38276.00,0.5250,1.7140,9.8650,-0.910,-3.910,6.760,225,100.0
38286.00,0.6130,1.8260,9.9370,-0.020,0.440,3.660,226,100.0
38296.00,0.5970,1.7940,9.9330,-0.020,0.660,4.430,226,100.0
38306.00,0.5670,1.7800,9.9320,0.020,0.580,4.450,226,100.0
38316.00,0.5460,1.7810,9.9290,0.060,0.380,3.790,226,100.0
38326.00,0.5470,1.7990,9.9180,0.010,0.610,3.030,226,100.0
38336.00,0.5140,1.7850,9.9240,-0.110,1.050,2.630,227,100.0
38346.00,0.4920,1.7970,9.9390,-0.110,1.450,2.050,227,100.0
38356.00,0.4940,1.7890,9.9670,-0.190,1.170,1.230,227,100.0
38366.00,0.4920,1.7830,9.9510,-0.280,0.310,0.290,227,100.0
38376.00,0.5190,1.7740,9.9400,-0.470,-0.360,-0.260,227,100.0
38386.00,0.5300,1.7980,9.9400,-0.600,-0.550,-0.530,228,100.0
38396.00,0.5550,1.7970,9.9320,-0.460,-0.640,-0.600,228,100.0
38406.00,0.5700,1.7770,9.9230,-0.020,-0.480,-0.560,228,100.0
38416.00,0.6130,1.7920,9.9270,0.250,-0.290,-0.490,228,100.0
38426.00,0.6890,1.8850,9.9780,0.160,0.050,2.040,228,100.0
38436.00,0.5820,1.7830,9.9090,-0.110,-1.510,5.850,229,100.0
38446.00,0.5940,1.8040,9.9230,0.160,-1.270,4.870,229,100.0
38456.00,0.5610,1.7820,9.9190,0.220,-1.060,3.870,229,100.0
38466.00,0.5220,1.7580,9.9420,0.180,-0.810,2.050,229,100.0
38476.00,0.5190,1.7790,9.9300,0.180,-0.640,0.220,229,100.0
38486.00,0.5210,1.8140,9.9360,-0.090,-0.640,-0.600,230,100.0
38496.00,0.5100,1.8190,9.9320,-0.250,-0.730,-0.740,230,100.0
38506.00,0.5080,1.8160,9.9490,-0.370,-0.800,-0.750,230,100.0
38516.00,0.5020,1.8170,9.9840,-3.260,-1.830,-0.840,230,100.0
38526.00,0.5380,1.7860,9.9070,-2.280,-1.550,-0.740,230,100.0
38536.00,0.5670,1.7790,9.9030,-0.440,-0.830,-0.720,231,100.0
38546.00,0.6050,1.7810,9.9080,0.200,-0.640,-0.750,231,100.0
38556.00,0.6380,1.7880,9.9210,0.810,-0.270,-0.750,231,100.0
38566.00,0.6800,1.8080,9.9490,0.920,-0.110,-0.770,231,100.0
38576.00,0.6900,1.8130,9.9480,0.510,-0.320,-0.740,231,100.0
38586.00,0.6610,1.8220,9.9310,-0.140,-0.520,-0.750,232,100.0
38596.00,0.6200,1.8000,9.9520,-0.490,-0.550,-0.750,232,100.0
38606.00,0.5580,1.7740,9.9170,-0.770,-0.690,-0.740,232,100.0
38616.00,0.5010,1.7800,9.9460,-0.470,-0.640,-0.740,232,100.0
38626.00,0.4510,1.8100,9.9320,-0.250,-0.990,-0.720,232,100.0
38636.00,0.4840,1.7670,10.0110,-0.070,-1.180,-0.610,233,100.0
38646.00,0.5440,1.7630,9.8870,-0.600,-2.740,-0.420,233,100.0
38656.00,0.5990,1.7940,9.9560,-0.740,-2.600,-0.390,233,100.0
38666.00,0.6290,1.7730,9.9210,-1.030,-2.910,-0.210,233,100.0
38676.00,0.6670,1.7820,9.9680,-1.370,-3.160,-0.160,233,100.0
38686.00,0.5020,2.1050,10.7400,-3.190,-2.700,0.620,234,100.0
38696.00,0.7360,1.5060,9.3750,-16.710,-2.790,10.240,234,100.0
38706.00,0.6470,1.7080,9.9060,-11.660,-4.450,5.830,234,100.0
38716.00,0.5930,1.7180,9.9900,-11.410,-4.420,4.070,234,100.0
38726.00,0.4330,1.6700,9.8220,-13.110,-4.630,4.210,234,100.0
38736.00,0.5830,1.4350,9.1330,0.060,0.790,-2.800,235,100.0
38746.00,1.0580,2.0320,9.1440,22.480,9.200,-8.910,235,100.0
38756.00,0.7580,2.3530,11.1110,39.660,18.970,5.450,235,100.0
38766.00,0.6420,1.9800,9.8200,11.710,10.010,20.640,235,100.0
38776.00,0.6810,1.1400,9.9800,4.680,6.180,16.120,235,100.0
38786.00,1.0700,2.4080,10.1810,-0.460,6.960,8.860,236,100.0
38796.00,0.7050,1.7990,9.8240,-0.070,1.710,26.190,236,100.0
38806.00,0.6870,1.9220,10.0060,0.600,0.820,34.060,236,100.0
38816.00,0.4540,1.7200,9.8690,0.880,-0.340,39.100,236,100.0
38826.00,0.2520,1.5140,9.9130,1.600,0.720,26.430,236,100.0
38836.00,0.4520,1.6630,9.9620,1.250,0.660,14.480,237,100.0
38846.00,0.2960,1.5980,9.8830,1.020,0.050,7.200,237,100.0
38856.00,0.6360,1.7760,9.9580,0.970,0.090,0.760,237,100.0
38866.00,0.6610,1.8280,9.9350,0.720,-0.130,-0.750,237,100.0
38876.00,0.6730,1.8460,9.9270,0.620,-0.320,-0.770,237,100.0
38886.00,0.6790,1.8590,9.9440,0.950,-0.360,-0.560,238,100.0
38896.00,0.7310,1.9220,9.9450,0.790,-1.040,1.950,238,100.0
38906.00,0.3340,0.6130,9.9400,0.410,-1.390,5.200,238,100.0
38916.00,0.7190,2.8300,9.9140,-0.950,-0.730,-9.030,238,100.0
38926.00,0.5880,1.8290,9.9260,-0.120,-0.360,-3.270,238,100.0
38936.00,0.6000,1.8140,9.9370,0.040,-0.240,-1.590,239,100.0
38946.00,0.6160,1.8370,9.9230,0.060,-0.340,-1.440,239,100.0
38956.00,0.6300,1.8440,9.9270,0.080,-0.380,-1.160,239,100.0
38966.00,0.6640,1.8290,9.9180,0.160,-0.410,-0.960,239,100.0
38976.00,0.6790,1.8120,9.9400,0.340,-0.430,-0.740,239,100.0
38986.00,0.6840,1.7870,9.9060,0.780,-0.550,-0.460,240,100.0
38996.00,0.7250,1.8470,9.7840,0.790,-0.080,-0.280,240,100.0
39006.00,0.6310,1.8110,9.9030,0.440,8.120,1.370,240,100.0
39016.00,0.6010,1.8470,9.9500,0.220,9.120,1.270,240,100.0
39026.00,0.5320,1.8190,9.9810,0.200,6.440,0.550,240,100.0
39036.00,0.5390,1.7990,9.9510,0.200,5.250,-0.330,241,100.0
39046.00,0.5320,1.8320,10.0650,0.110,4.090,-1.160,241,100.0
39056.00,0.5920,1.8410,9.8850,0.220,-0.810,-0.580,241,100.0
39066.00,0.8250,3.3820,10.0130,0.530,-4.610,6.780,241,100.0
39076.00,0.4970,1.5080,9.9260,1.110,-8.920,22.490,241,100.0
39086.00,0.6320,1.5380,9.9010,1.110,-5.630,19.400,242,100.0
39097.00,0.5270,1.3550,9.9140,7.110,-4.610,17.140,242,100.0
39106.00,0.6140,1.9260,9.9260,5.850,-3.260,10.580,242,100.0
39117.00,0.6020,1.5700,9.8900,4.140,-2.350,11.540,242,100.0
39127.00,0.6370,1.8260,9.9390,3.090,-0.520,8.630,242,100.0
39137.00,0.6890,1.8480,9.9060,4.990,-0.220,7.830,243,100.0
39147.00,0.6960,1.9170,9.8390,6.660,-0.340,8.910,243,100.0
39157.00,0.7090,1.6760,9.7960,-1.300,3.180,8.810,243,100.0
39167.00,0.7680,1.9680,10.0310,-8.310,5.210,7.690,243,100.0
39177.00,0.6970,2.0010,9.9490,-1.790,1.490,10.890,243,100.0
39187.00,0.6340,1.8130,9.9350,0.740,0.650,13.110,244,100.0
39197.00,0.6460,1.8750,9.9430,3.370,-0.410,13.390,244,100.0
39207.00,0.6990,1.8610,9.9620,5.640,-0.950,13.310,244,100.0
39217.00,0.9580,2.4250,9.9980,9.070,-1.950,14.250,244,100.0
39227.00,0.8980,2.1270,9.8700,26.380,-6.680,37.020,244,100.0
39237.00,0.9660,2.4250,9.9010,24.820,-5.730,43.070,245,100.0
39247.00,0.9660,2.2420,9.8240,26.940,-5.870,50.810,245,100.0
39257.00,0.8330,1.7750,9.8970,26.060,-4.890,54.190,245,100.0
39267.00,0.8750,2.2090,9.9390,27.030,-5.380,48.690,245,100.0
39277.00,0.7140,1.9220,9.9490,34.850,-7.220,46.590,245,100.0
39287.00,0.7360,2.1090,9.8590,41.390,-9.140,43.900,246,100.0
39297.00,0.7770,2.2520,9.8450,44.000,-9.370,41.850,246,100.0
39307.00,0.5680,1.5500,9.7920,43.760,-9.160,39.570,246,100.0
39317.00,0.4070,1.1840,9.5980,30.460,-6.330,27.150,246,100.0
39327.00,0.5510,1.8520,9.6700,9.890,-0.900,8.700,246,100.0
39337.00,1.4630,-5.4480,8.5980,-21.680,6.020,-9.780,247,100.0
39347.00,0.1810,8.7350,10.9930,-105.250,25.270,-92.490,247,100.0
39357.00,0.7250,3.1640,10.0420,-40.220,8.700,-36.450,247,100.0
39367.00,0.7890,2.1510,9.8620,-9.630,1.700,-2.150,247,100.0
39377.00,0.6780,0.4910,9.3350,-13.490,2.900,-2.590,247,100.0
39387.00,0.7810,2.4430,9.8700,-54.580,15.070,-21.440,248,100.0
39397.00,0.8960,3.1710,10.3460,-53.410,14.400,-14.770,248,100.0
39407.00,0.7950,1.5800,10.0520,-21.160,5.550,-3.270,248,100.0
39417.00,0.7390,1.3230,9.8050,-18.080,4.690,-13.980,248,100.0
39427.00,0.7940,1.8170,9.9090,-7.320,6.880,-14.740,248,100.0
39437.00,0.7450,1.6490,9.8960,-1.210,7.170,-14.040,249,100.0
39447.00,0.7230,1.8020,9.9090,-1.100,8.050,-16.310,249,100.0
39457.00,0.6810,1.8180,9.8710,-1.070,9.480,-16.590,249,100.0
39467.00,0.6340,1.6540,9.9790,-1.020,10.800,-16.360,249,100.0
39477.00,0.6370,1.8710,9.9970,-1.070,8.360,-17.900,249,100.0
39487.00,0.5310,1.6120,9.9910,-0.930,5.270,-16.470,250,100.0
39497.00,0.5190,1.8680,10.0270,-0.820,1.560,-15.860,250,100.0
39507.00,0.5030,1.7790,9.9540,-0.670,-2.560,-14.980,250,100.0
39517.00,0.5520,2.0110,9.9300,-0.720,-3.680,-15.100,250,100.0
39527.00,0.6110,2.0780,9.9690,-0.630,-4.960,-13.350,250,100.0
39537.00,0.6560,1.8280,9.9250,-0.630,-5.500,-10.400,251,100.0
39547.00,0.7380,2.1270,9.8830,-0.700,-4.490,-9.940,251,100.0
39557.00,0.7410,1.7630,9.9170,-0.650,-3.210,-7.260,251,100.0
39567.00,0.7100,1.6570,9.9050,-0.670,-2.690,-7.490,251,100.0
39577.00,0.6480,1.6460,9.9310,-0.790,-1.810,-8.960,251,100.0
39587.00,0.6430,1.7020,9.9250,-0.790,-1.360,-10.660,252,100.0
39597.00,0.6200,1.6600,9.9520,-0.790,-0.870,-11.900,252,100.0
39607.00,0.5870,1.5730,9.9420,-0.820,-1.270,-14.230,252,100.0
39617.00,0.3030,0.4710,9.9900,-1.090,-1.860,-23.420,252,100.0
39627.00,0.2020,1.0760,9.9300,-2.290,-4.420,-53.550,252,100.0
39637.00,0.2540,0.4970,9.6720,-5.860,-4.470,-68.480,253,100.0
39647.00,0.9090,3.7770,10.3050,-8.420,-4.750,-80.270,253,100.0
39657.00,0.6180,2.4160,9.8990,-5.760,-3.630,-58.940,253,100.0
39667.00,-0.1040,-1.0640,9.7950,-3.890,-2.620,-50.700,253,100.0
39677.00,0.1160,-0.0930,9.9920,-1.520,0.050,-91.120,253,100.0
39687.00,0.8250,3.6440,10.1680,-3.240,-1.080,-109.570,254,100.0
39697.00,1.0820,4.4500,9.8110,-8.120,-4.050,-66.610,254,100.0
39707.00,1.0430,4.2260,9.9390,-5.110,-4.520,-17.100,254,100.0
39717.00,0.5370,2.1240,9.8530,-1.750,-5.570,14.950,254,100.0
39727.00,0.3630,1.4000,9.9010,-0.070,-3.330,18.420,254,100.0
39737.00,0.4650,1.8140,9.9290,0.020,-1.220,11.610,255,100.0
39747.00,0.4960,1.9190,9.9260,-0.110,-1.230,7.130,255,100.0
39757.00,0.4570,1.6920,9.9310,0.040,-1.340,3.770,255,100.0
39767.00,0.3360,1.3190,9.9000,0.080,-1.150,2.770,255,100.0
39777.00,0.1670,0.4400,9.8660,1.950,0.020,1.670,255,100.0
39787.00,0.6660,2.6410,9.9810,2.950,0.120,-0.160,256,100.0
39797.00,0.3940,1.6720,9.9360,0.950,-0.520,3.350,256,100.0
39807.00,0.2870,1.3810,9.9180,1.250,-0.040,2.770,256,100.0
39817.00,0.7840,2.6770,9.9960,1.830,0.750,-0.180,256,100.0
39827.00,0.5310,1.8920,9.9180,0.860,-1.270,-0.040,256,100.0
39837.00,0.6220,1.8590,9.6190,0.920,3.180,0.020,257,100.0
39847.00,1.8280,4.1940,10.5650,1.280,16.830,-2.010,257,100.0
39857.00,0.6130,0.1310,9.1990,7.460,5.550,2.090,257,100.0
39867.00,0.8560,0.1950,10.2910,0.640,18.580,-21.910,257,100.0
39877.00,-0.1800,0.7680,10.1200,-2.260,4.650,-67.950,257,100.0
39887.00,-0.3230,1.5270,9.9480,-3.570,-4.070,-99.330,258,100.0
39897.00,-0.0950,1.1780,9.9630,-4.500,-4.580,-115.150,258,100.0
39907.00,0.2110,2.4370,9.9420,-4.940,-3.420,-121.190,258,100.0
39917.00,0.3020,2.5070,9.9350,-4.130,-2.060,-100.710,258,100.0
39927.00,0.3800,2.1030,9.9130,-3.340,-2.350,-77.910,258,100.0
39937.00,0.7080,3.0200,9.9240,-2.310,-1.790,-55.980,259,100.0
39947.00,0.3370,1.8170,9.9090,-0.740,-1.530,-20.480,259,100.0
39957.00,0.1320,1.5380,9.9700,-0.580,-1.220,-14.350,259,100.0
39967.00,0.0870,1.6160,10.0490,-3.120,-1.790,-18.900,259,100.0
39977.00,0.0440,1.5760,9.9490,-7.700,-2.200,-21.190,259,100.0
39987.00,0.0840,1.7350,9.8510,-6.880,-2.180,-24.080,260,100.0
39997.00,0.1770,1.9160,9.9430,-1.910,-1.650,-23.730,260,100.0
40007.00,0.1710,1.8650,9.9930,-1.140,-2.130,-21.090,260,100.0
40017.00,0.1380,1.6520,9.9110,-1.120,-3.120,-22.840,260,100.0
40027.00,-0.5140,0.5980,9.8710,-0.750,-2.130,-27.390,260,100.0
40037.00,-0.4250,0.9550,10.0100,-1.280,-0.670,-93.350,261,100.0
40047.00,-0.1540,1.5990,10.0760,-3.690,-0.450,-95.010,261,100.0
40057.00,0.1710,2.1210,9.9660,-6.860,-1.060,-97.000,261,100.0
40067.00,0.4450,2.2160,9.8420,-7.330,-2.130,-87.900,261,100.0
40077.00,0.7420,2.6580,9.9170,-5.110,-1.160,-71.510,261,100.0
40087.00,0.6950,3.0900,9.8720,-2.940,-0.520,-48.070,262,100.0
40097.00,0.3120,2.4760,10.0040,-0.950,-0.830,-22.170,262,100.0
40107.00,0.1060,1.6550,9.9630,-0.160,-0.870,-8.260,262,100.0
40117.00,0.1050,1.8530,10.0060,-0.440,-1.150,-5.230,262,100.0
40127.00,0.1690,2.0620,9.9230,-0.810,-1.390,-4.920,262,100.0
40138.00,0.4270,1.8610,9.9260,-0.960,-1.090,-5.160,263,100.0
40148.00,0.5530,1.7310,9.9370,-0.680,-0.360,-4.830,263,100.0
40158.00,0.3190,1.7250,9.9900,-2.470,-0.550,-4.570,263,100.0
40168.00,0.2050,1.7180,9.8890,-2.710,-1.090,-5.760,263,100.0
40178.00,0.1810,1.5620,9.9850,-3.260,-0.900,-6.790,263,100.0
40188.00,-0.2630,1.0480,10.0330,-4.270,-0.920,-8.470,264,100.0
40198.00,-0.4760,1.1330,9.7620,-4.390,0.090,-31.640,264,100.0
40208.00,-0.0410,2.5910,9.8890,2.420,7.470,-50.800,264,100.0
40218.00,0.3880,2.4170,9.8790,1.420,10.250,-26.430,264,100.0
40228.00,-0.0340,1.8640,10.2980,0.510,10.880,-10.690,264,100.0
40238.00,-0.7220,1.1350,9.8020,-9.150,8.960,-8.160,265,100.0
40248.00,-0.6220,1.0980,10.2050,-6.690,9.990,-20.160,265,100.0
40258.00,-0.4530,1.7030,10.1260,-10.590,4.990,-29.890,265,100.0
40268.00,-0.5060,1.5290,9.7650,-13.280,1.540,-28.770,265,100.0
40278.00,-0.5930,1.7090,9.9070,-7.020,3.360,-38.430,265,100.0
40288.00,-0.0400,2.4430,10.2360,-5.920,3.640,-43.420,266,100.0
40298.00,0.2180,1.7510,9.5540,-7.000,2.190,-31.760,266,100.0
40308.00,0.7100,1.8980,9.9540,1.200,6.980,-24.380,266,100.0
40318.00,0.9350,1.9880,9.9940,0.640,5.530,-15.580,266,100.0
40328.00,0.6980,1.8860,10.0190,-0.230,3.940,-5.570,266,100.0
40338.00,0.2160,1.6450,9.6470,2.160,2.080,1.700,267,100.0
40348.00,0.0780,1.7190,9.8480,9.560,4.510,2.110,267,100.0
40358.00,-0.0260,1.7040,10.1060,11.100,9.330,2.390,267,100.0
40368.00,-0.2530,0.8860,10.4490,6.640,6.140,3.350,267,100.0
40378.00,-0.2870,1.9050,10.0510,-5.150,-2.830,-3.200,267,100.0
40388.00,-0.3240,1.7750,10.0060,-9.870,-6.290,-3.170,268,100.0
40398.00,-0.3960,1.5330,10.0400,-10.290,-8.250,-1.520,268,100.0
40408.00,-0.3810,1.6740,9.9020,-10.260,-9.700,-2.430,268,100.0
40418.00,-0.2990,1.6770,9.8350,-8.370,-7.460,-1.380,268,100.0
40428.00,-0.2220,1.6170,9.9550,-4.990,-4.170,0.130,268,100.0
40438.00,-0.0520,1.5200,9.9140,-2.030,-1.640,0.570,269,100.0
40448.00,0.0160,1.4080,9.9700,-1.720,-0.250,-1.300,269,100.0
40458.00,0.0340,1.4120,10.0880,-2.240,-0.740,-4.340,269,100.0
40468.00,0.0000,1.6030,10.0950,-5.110,-3.190,-6.060,269,100.0
40478.00,-0.0310,1.6100,10.0210,-8.230,-5.080,-5.510,269,100.0
40488.00,-0.0380,1.5680,10.0290,-10.640,-5.220,-4.430,270,100.0
40498.00,-0.1310,1.6150,9.8410,-12.010,-3.370,-3.500,270,100.0
40508.00,-0.1870,1.6670,9.8640,-10.340,1.190,-1.120,270,100.0
40518.00,-0.1810,1.4670,13.3690,-13.630,4.010,2.390,270,100.0
40528.00,0.0690,1.8660,7.0070,-41.340,-10.930,4.260,270,100.0
40538.00,0.0040,1.4930,9.9930,-22.940,4.500,7.990,271,100.0
40548.00,-0.0330,1.8430,9.9210,-23.980,4.390,9.790,271,100.0
40558.00,-0.2780,1.8890,9.8270,-15.650,4.150,10.890,271,100.0
40568.00,-0.2290,1.4090,9.8110,-8.140,9.870,13.320,271,100.0
40578.00,-0.1290,1.2840,10.0510,-2.890,12.560,13.690,271,100.0
40588.00,-0.0720,1.3650,9.9820,-2.000,11.860,14.970,272,100.0
40598.00,-0.2460,0.8390,10.1010,-1.380,11.650,16.910,272,100.0
40608.00,-0.2080,0.9520,10.2230,-3.200,7.020,14.110,272,100.0
40618.00,-0.1300,1.1780,10.0780,-7.350,2.060,11.080,272,100.0
40628.00,-0.1480,1.2460,9.9870,-8.470,-0.060,9.440,272,100.0
40638.00,-0.0640,1.5010,10.0400,-6.270,-1.300,9.540,273,100.0
40648.00,-0.0460,1.5720,9.9490,-5.480,-1.570,13.480,273,100.0
40658.00,-0.1060,1.3900,9.9690,-2.940,-0.640,18.840,273,100.0
40668.00,-0.0950,1.3120,9.9640,-0.650,0.450,21.900,273,100.0
40678.00,-0.1750,1.2680,9.9480,2.070,1.430,24.650,273,100.0
40688.00,-0.0210,1.4100,10.2350,5.690,3.550,30.790,274,100.0
40698.00,-0.3810,0.8230,9.9670,3.020,-0.380,33.500,274,100.0
40708.00,-0.2330,1.0640,9.9490,1.490,-2.810,23.770,274,100.0
40718.00,-0.2050,1.1430,9.9730,2.810,-1.500,18.350,274,100.0
40728.00,-0.2360,1.1060,9.9140,4.360,0.380,12.960,274,100.0
40738.00,-0.1180,1.2530,10.1020,5.850,2.410,8.180,275,100.0
40748.00,-0.2590,1.0600,9.9550,4.780,2.550,5.730,275,100.0
40758.00,-0.1490,1.2490,10.0710,5.620,3.430,1.840,275,100.0
40768.00,-0.1920,1.2640,10.2610,3.490,1.490,0.020,275,100.0
40778.00,-0.1850,1.2550,10.1030,-1.890,-2.690,-0.750,275,100.0
40788.00,-0.1790,1.2710,10.1020,-4.550,-5.260,-1.450,276,100.0
40798.00,-0.1810,1.2820,9.9960,-6.270,-7.030,-1.800,276,100.0
40808.00,-0.1410,1.2760,9.8880,-5.130,-5.960,-2.150,276,100.0
40818.00,-0.1040,1.3040,9.9080,-1.650,-2.930,-2.570,276,100.0
40828.00,-0.0700,1.3110,9.9020,2.000,-0.220,-2.840,276,100.0
40838.00,-0.0720,1.3350,10.1550,5.030,1.980,-3.240,277,100.0
40848.00,-0.1050,1.3430,10.0920,2.140,0.030,-2.590,277,100.0
40858.00,-0.1370,1.3260,10.1040,-0.350,-1.180,-1.980,277,100.0
40868.00,-0.1510,1.3350,10.0540,-3.610,-1.440,-0.680,277,100.0
40878.00,-0.1600,1.3590,9.9510,-4.620,-1.830,0.010,277,100.0
40888.00,-0.1220,1.2460,9.9610,-2.850,-0.880,0.440,278,100.0
40898.00,-0.0770,1.1680,10.0090,-0.610,-0.010,0.010,278,100.0
40908.00,-0.0590,1.2160,10.0130,0.320,0.380,-0.470,278,100.0
40918.00,-0.0390,1.2570,9.9560,0.720,1.240,-0.470,278,100.0
40928.00,-0.0220,1.2510,9.9910,1.860,2.850,-0.260,278,100.0
40938.00,-0.0380,1.1790,9.9600,2.390,5.000,0.710,279,100.0
40948.00,-0.1140,1.1380,10.1140,2.530,6.960,-0.440,279,100.0
40958.00,-0.1740,1.3220,10.0250,0.290,5.790,-4.010,279,100.0
40968.00,-0.2150,1.3590,10.1200,-1.100,5.390,-5.270,279,100.0
40978.00,-0.2630,0.5510,10.2430,-2.210,3.800,-4.130,279,100.0
40988.00,-0.2870,1.5330,9.8830,-5.250,0.960,-1.610,280,100.0
40998.00,-0.5510,0.6970,9.8400,-6.950,4.710,-6.650,280,100.0
41008.00,-0.5850,-2.2450,8.8030,-1.370,9.220,-19.850,280,100.0
41018.00,0.9710,-5.0420,10.0210,24.890,33.740,-23.470,280,100.0
41028.00,-0.3120,-2.0820,9.4060,17.240,40.000,-36.120,280,100.0
41038.00,1.0020,-1.5570,13.2100,-5.500,16.340,-82.220,281,100.0
41048.00,1.3900,-4.2960,11.5870,-97.900,7.660,-82.200,281,100.0
41058.00,0.6100,-2.9820,10.6810,-108.060,-2.510,-100.470,281,100.0
41068.00,-0.8050,-1.2590,9.7970,-75.290,-17.350,-119.840,281,100.0
41078.00,-1.4730,1.8690,10.3590,21.460,-30.060,-127.030,281,100.0
41088.00,-0.2110,0.6840,10.9480,111.100,-38.680,-122.030,282,100.0
41098.00,0.2930,0.1310,11.3120,169.810,-42.870,-120.700,282,100.0
41108.00,-0.3110,0.7050,9.9810,202.040,-48.680,-120.510,282,100.0
41118.00,-0.8190,2.7310,9.0790,179.920,-46.820,-113.190,282,100.0
41128.00,-0.1120,1.4480,8.8840,99.690,-35.880,-86.850,282,100.0
41138.00,0.4170,0.5500,10.0800,52.420,-27.360,-76.980,283,100.0
41148.00,0.6000,0.9510,10.0420,31.590,-29.640,-79.260,283,100.0
41158.00,0.4890,0.7890,9.7170,-13.530,-29.230,-73.170,283,100.0
41169.00,0.2840,0.8990,9.3430,-44.100,-29.110,-78.560,283,100.0
41179.00,-0.0710,2.3480,8.7900,-40.970,-30.560,-87.290,283,100.0
41189.00,-0.4060,2.3170,8.7630,-43.280,-26.940,-80.960,284,100.0
41199.00,-0.4970,1.2450,8.3000,-37.800,-22.440,-75.340,284,100.0
41209.00,-0.7770,1.4540,8.0110,-29.840,-16.440,-78.170,284,100.0
41219.00,-0.6400,1.4890,8.3740,-37.630,-7.410,-80.520,284,100.0
41229.00,0.1780,1.6840,9.9120,-49.070,-1.180,-81.620,284,100.0
41239.00,-1.3630,2.3860,8.8610,-74.250,0.940,-72.570,285,100.0
41249.00,-1.0910,1.4760,8.6520,-79.050,8.100,-72.870,285,100.0
41259.00,-0.4650,2.3310,9.7660,-67.320,15.310,-78.470,285,100.0
41269.00,-0.6460,3.0370,10.8740,-46.030,17.130,-69.880,285,100.0
41279.00,-0.3990,2.4580,11.1990,-31.710,14.100,-62.200,285,100.0
41289.00,-0.0620,2.0990,10.2950,-30.840,9.870,-51.210,286,100.0
41299.00,-0.6990,0.7600,10.3650,-45.330,13.190,-40.990,286,100.0
41309.00,-0.8930,0.6930,8.9770,-46.810,7.510,-53.640,286,100.0
41319.00,-0.9210,-0.2420,8.5750,-48.300,13.420,-56.700,286,100.0
41329.00,-1.3560,1.3420,9.1480,-44.030,19.550,-66.550,286,100.0
41339.00,-1.6310,3.2010,9.0230,-39.870,22.700,-66.730,287,100.0
41349.00,-1.2350,2.3460,10.3350,-34.560,31.740,-55.700,287,100.0
41359.00,-0.7230,1.4940,10.5780,-20.320,29.570,-50.610,287,100.0
41369.00,-0.4310,1.5290,11.3340,-20.510,29.990,-47.810,287,100.0
41379.00,-0.4170,0.8370,11.1880,-24.820,20.350,-41.110,287,100.0
41389.00,-0.5800,0.6430,10.7840,-29.240,15.450,-36.870,288,100.0
41399.00,-0.6910,0.3800,10.8510,-36.540,15.870,-34.370,288,100.0
41409.00,-0.9690,0.6830,10.2130,-48.300,13.180,-32.390,288,100.0
41419.00,-1.1770,1.1680,9.7490,-58.890,14.860,-30.000,288,100.0
41429.00,-1.4720,1.0540,9.4280,-73.340,20.390,-24.590,288,100.0
41439.00,-2.1640,1.5630,9.0790,-70.370,30.010,-27.090,289,100.0
41449.00,-1.9960,1.2440,9.6510,-32.310,33.550,-33.530,289,100.0
41459.00,-2.0510,1.1470,9.4100,-11.590,32.550,-38.760,289,100.0
41469.00,-1.5200,1.0220,11.1640,17.870,36.310,-41.000,289,100.0
41479.00,-1.5970,1.1780,11.6760,26.960,35.750,-39.360,289,100.0
41489.00,-0.4950,-0.6250,12.6610,49.300,27.720,-35.400,290,100.0
41499.00,-1.0420,-1.2530,10.4680,28.500,11.390,-33.600,290,100.0
41509.00,-1.4290,-0.2690,9.7390,15.370,10.570,-34.130,290,100.0
41519.00,-1.6970,0.6460,9.7960,20.690,12.580,-31.150,290,100.0
41529.00,-2.0470,1.3430,9.8970,18.150,14.720,-23.840,290,100.0
41539.00,-1.6270,0.9850,10.1210,6.240,17.240,-16.710,291,100.0
41549.00,-1.7490,0.6710,10.2720,2.600,17.600,-11.940,291,100.0
41559.00,-2.1890,1.1580,9.9090,-4.710,18.370,-11.060,291,100.0
41569.00,-1.6830,0.0640,10.4570,0.040,19.480,-10.080,291,100.0
41579.00,-1.4820,-0.0350,10.0910,3.800,15.490,-16.610,291,100.0
41589.00,-1.4280,-0.2120,10.3570,3.580,13.390,-22.910,292,100.0
41599.00,-1.6610,0.2270,10.2660,-11.180,12.530,-21.820,292,100.0
41609.00,-1.1780,-0.3750,9.8330,-19.360,10.990,-19.220,292,100.0
41619.00,-1.5970,0.3550,9.6160,-10.150,11.090,-22.280,292,100.0
41629.00,-1.7890,1.1230,9.9050,-4.080,14.100,-18.940,292,100.0
41639.00,-2.0000,1.5190,9.5170,3.350,13.160,-8.910,293,100.0
41649.00,-1.4390,-0.1620,10.3820,11.070,19.530,1.550,293,100.0
41659.00,-1.5840,-0.6930,10.3440,12.920,12.980,-6.410,293,100.0
41669.00,-1.2650,-0.9990,10.7740,-9.870,10.080,-10.060,293,100.0
41679.00,-1.3310,-1.1950,10.8210,-17.730,0.940,-14.470,293,100.0
41689.00,-1.1970,-0.4330,9.8140,-11.100,-10.470,-24.830,294,100.0
41699.00,-2.0760,1.0460,9.7590,-19.090,-4.910,-22.520,294,100.0
41709.00,-1.6110,0.2880,10.2910,-14.890,-3.140,-12.460,294,100.0
41719.00,-1.3020,-0.6100,10.1560,-10.520,-6.550,-11.410,294,100.0
41729.00,-1.2720,-0.7560,9.6070,-13.900,-8.600,-15.100,294,100.0
41739.00,-2.1580,1.5240,8.8170,-2.010,-7.590,-17.470,295,100.0
41749.00,-2.3910,1.3630,9.5800,4.010,2.640,-4.200,295,100.0
41759.00,-1.7910,-0.1120,10.2980,17.960,5.950,3.610,295,100.0
41769.00,-1.3420,-1.9010,10.4060,20.180,2.170,-3.340,295,100.0
41779.00,-1.2440,-1.6660,10.2110,21.480,-4.590,-20.910,295,100.0
41789.00,-2.8740,2.1610,9.0310,8.600,-6.610,-22.050,296,100.0
41799.00,-3.1150,2.1650,9.6680,-6.550,4.220,3.350,296,100.0
41809.00,-3.8780,2.8980,9.8630,-1.280,7.750,16.140,296,100.0
41819.00,-2.8460,1.6190,9.6490,6.600,8.640,29.900,296,100.0
41829.00,-3.0410,0.6470,9.6560,17.490,15.080,35.790,296,100.0
41839.00,-2.6460,-0.4650,9.3780,30.070,14.000,31.680,297,100.0
41849.00,-2.2830,-0.0030,9.0870,81.540,9.820,5.680,297,100.0
41859.00,-1.9360,0.5190,9.2680,139.780,9.990,-11.430,297,100.0
41869.00,-1.7350,0.8620,9.6760,179.220,10.920,-17.990,297,100.0
41879.00,-1.7130,1.1790,10.1870,179.980,11.270,-17.240,297,100.0
41889.00,-1.6050,1.4570,10.0570,158.750,7.660,-13.060,298,100.0
41899.00,-1.6350,1.8070,10.1190,126.740,8.150,-6.140,298,100.0
41909.00,-1.2820,2.5930,12.7130,74.290,7.980,1.700,298,100.0
41919.00,-1.7670,1.7160,9.6100,-26.600,5.410,17.050,298,100.0
41929.00,-1.8580,1.5610,9.9030,-30.080,6.090,19.710,298,100.0
41939.00,-2.1060,1.4790,10.0770,-28.460,2.680,16.700,299,100.0
41949.00,-1.9870,1.4670,9.7050,-19.810,-2.810,12.380,299,100.0
41959.00,-1.9360,1.4890,9.7340,-10.470,-2.210,7.850,299,100.0
41969.00,-1.8660,1.4900,9.8570,-4.040,0.580,3.440,299,100.0
41979.00,-1.8320,1.4120,9.8090,-2.280,1.150,2.120,299,100.0
41989.00,-1.7750,1.3660,9.8730,-3.520,2.060,1.670,300,100.0
41999.00,-1.8060,1.3420,9.9020,-6.210,2.100,1.770,300,100.0
42009.00,-1.8170,1.2550,9.6630,-9.310,1.360,1.230,300,100.0
42019.00,-1.7830,0.3390,9.6640,-10.540,1.990,3.020,300,100.0
42029.00,-1.8460,1.6250,9.8260,-13.600,0.590,3.190,300,100.0
42039.00,-1.7250,2.7620,12.3680,-12.340,4.010,-4.180,301,100.0
42049.00,-1.9450,1.0000,8.9440,-4.780,-17.470,-0.950,301,100.0
42059.00,-1.7830,1.2380,9.8460,-0.350,-20.620,-0.490,301,100.0
42069.00,-1.7090,0.6750,10.9800,1.280,-26.520,-2.430,301,100.0
42079.00,-1.7180,2.2080,8.4250,-2.490,-37.070,-3.730,301,100.0
42089.00,-1.6430,1.4240,9.8870,-1.730,-11.860,-2.030,302,100.0
42099.00,-1.6070,1.4040,9.8240,-2.190,-9.580,-1.790,302,100.0
42109.00,-1.5900,1.3850,9.8160,-2.360,-8.460,-0.950,302,100.0
42119.00,-1.5810,1.3830,9.8950,-2.540,-8.850,-0.400,302,100.0
42129.00,-1.6100,1.3440,9.7140,-2.240,-7.830,0.320,302,100.0
42139.00,-1.6210,1.3610,9.8700,-0.790,-4.400,1.090,303,100.0
42149.00,-1.6180,1.3600,9.8530,-0.510,-3.580,1.580,303,100.0
42159.00,-1.6000,1.3750,9.8640,0.320,-3.210,2.160,303,100.0
42169.00,-1.6090,1.3230,9.8290,1.630,-2.860,3.770,303,100.0
42179.00,-1.5970,1.3140,9.7900,0.620,-0.950,3.800,303,100.0
42190.00,-1.5880,1.3830,9.8030,0.010,1.310,3.280,304,100.0
42200.00,-1.5640,1.4840,9.8150,0.500,3.550,4.140,304,100.0
42210.00,-1.4900,1.7820,9.8340,1.510,5.200,8.200,304,100.0
42220.00,-1.5570,1.4440,9.7070,3.960,7.020,15.130,304,100.0
42230.00,-1.3590,1.7640,9.7050,8.490,9.690,21.180,304,100.0
42240.00,-1.4170,1.9340,9.7190,11.450,11.440,30.140,305,100.0
42250.00,-1.6360,1.3980,9.8170,8.930,13.890,48.640,305,100.0
42260.00,-1.2520,1.9520,9.7350,9.070,15.750,53.940,305,100.0
42270.00,-1.2590,1.8080,9.7250,4.420,19.370,67.770,305,100.0
42280.00,-1.8000,1.2940,9.7710,-3.970,23.590,79.400,305,100.0
42290.00,-1.5730,1.6920,9.8940,-6.230,25.270,75.890,306,100.0
42300.00,-1.5920,1.7060,11.2280,-16.380,23.830,79.280,306,100.0
42310.00,-1.9540,1.0750,10.1430,-37.070,15.700,79.280,306,100.0
42320.00,-1.9870,0.9590,10.7520,-46.850,16.360,65.740,306,100.0
42330.00,-1.6130,0.9630,10.4380,-56.040,7.470,54.710,306,100.0
42340.00,0.3510,-2.8160,10.1650,-58.640,0.720,46.170,307,100.0
42350.00,2.9370,-7.5010,15.8580,-42.950,-27.620,-32.830,307,100.0
42360.00,-0.0100,-1.9470,11.6670,-117.640,-68.150,-66.470,307,100.0
42370.00,-1.8340,1.4970,9.3670,-211.510,-63.310,-39.710,307,100.0
42380.00,-0.7710,-0.8260,9.2230,-201.710,-47.030,-23.630,307,100.0
42390.00,0.4090,-2.4550,10.4240,-149.470,-32.660,-32.870,308,100.0
42400.00,0.6840,-2.5570,10.9980,-113.960,-26.910,-47.290,308,100.0
42410.00,0.0930,-1.5860,10.4150,-88.250,-25.380,-56.040,308,100.0
42420.00,0.1140,-1.2230,9.7450,-54.110,-28.570,-57.770,308,100.0
42430.00,0.0260,-1.9150,8.5750,-38.010,-26.520,-52.310,308,100.0
42440.00,0.0920,-1.7890,8.5140,-17.310,-20.660,-55.490,309,100.0
42450.00,-0.8390,-0.9880,6.9520,-11.150,-11.630,-57.910,309,100.0
42460.00,-1.5940,-0.4520,5.3570,-17.330,-0.030,-59.620,309,100.0
42470.00,-1.9640,-0.4050,4.4200,-0.400,17.150,-64.020,309,100.0
42480.00,-2.0020,0.0200,4.8980,25.630,38.100,-66.870,309,100.0
42490.00,-2.6090,0.5880,4.1500,35.580,54.110,-68.020,310,100.0
42500.00,-2.6630,0.2600,5.9720,59.020,71.640,-67.570,310,100.0
42510.00,-2.9240,-0.0150,6.7440,70.880,78.660,-67.390,310,100.0
42520.00,-2.6880,0.8510,8.2340,77.920,82.510,-70.890,310,100.0
42530.00,-3.7220,2.6080,7.7730,85.600,81.270,-66.330,310,100.0
42540.00,-3.7650,2.4260,9.1450,80.770,91.300,-50.210,311,100.0
42550.00,-4.1750,2.4950,9.0250,90.380,88.160,-48.810,311,100.0
42560.00,-4.5260,2.7480,7.5860,75.480,87.710,-45.760,311,100.0
42570.00,-4.8430,2.5250,7.2770,79.330,93.480,-42.960,311,100.0
42580.00,-4.9980,2.3720,6.2460,84.110,99.000,-43.140,311,100.0
42590.00,-4.9130,1.5510,6.7400,90.690,109.460,-38.010,312,100.0
42600.00,-4.9360,1.6170,7.0330,85.090,119.770,-41.720,312,100.0
42610.00,-6.0670,2.3110,7.4200,91.830,129.570,-46.740,312,100.0
42620.00,-6.3910,2.5560,6.9160,105.780,140.120,-47.580,312,100.0
42630.00,-6.4790,2.1780,7.4220,134.720,157.460,-56.250,312,100.0
42640.00,-6.1180,2.3560,9.3200,168.020,177.570,-74.180,313,100.0
42650.00,-7.4410,5.7460,10.2050,205.890,182.260,-89.320,313,100.0
42660.00,-7.6770,5.0760,7.4900,185.070,168.260,-77.880,313,100.0
42670.00,-7.0400,3.1560,7.5560,197.410,172.160,-77.790,313,100.0
42680.00,-7.7470,3.6050,7.0430,265.940,186.530,-101.900,313,100.0
42690.00,-5.1210,7.2950,8.5320,327.670,216.000,-163.920,314,100.0
42700.00,-9.0930,5.7600,-8.8030,327.670,262.690,-229.090,314,100.0
42710.00,-24.2520,-14.1340,0.6530,327.670,256.340,-327.680,314,100.0
42720.00,-16.2100,32.7670,-14.6930,148.510,327.670,-327.680,314,100.0
42730.00,-15.9460,13.5800,6.3670,-257.160,327.670,-327.680,314,100.0
42740.00,-19.2650,7.5140,-3.5950,-327.680,327.670,-306.620,315,100.0
42750.00,-16.7250,5.0280,15.2330,-67.360,327.670,-240.920,315,100.0
42760.00,-6.3610,5.9280,23.5110,88.780,327.670,-255.590,315,100.0
42770.00,-5.7260,10.5420,15.2530,-3.170,112.910,-294.330,315,100.0
42780.00,-8.1990,11.6870,4.9960,-31.260,-157.680,-236.650,315,100.0
42790.00,-9.7900,7.1460,-6.2220,-31.260,-279.010,-107.120,316,100.0
42800.00,-11.9070,1.8640,-14.3220,-21.810,-198.350,-30.750,316,100.0
42810.00,-11.8750,2.8700,-7.7560,87.190,16.590,-50.540,316,100.0
42820.00,-10.7170,7.5680,0.9330,89.520,135.640,-46.200,316,100.0
42830.00,-10.8200,4.6740,4.3210,47.940,137.460,24.720,316,100.0
42840.00,-10.9000,1.1540,4.1030,31.490,93.410,56.080,317,100.0
42850.00,-11.0690,0.9880,-0.0840,-4.270,-9.160,-12.950,317,100.0
42860.00,-10.4050,4.0510,-1.0000,-19.720,-7.200,-44.100,317,100.0
42870.00,-10.1670,4.7400,-0.5800,-12.790,-0.710,-27.140,317,100.0
42880.00,-10.2320,3.1650,-0.8510,-8.890,-3.120,1.690,317,100.0
42890.00,-10.2960,2.3940,-0.5810,-5.970,-5.850,10.230,318,100.0
42900.00,-10.6460,2.6730,-1.0910,-16.980,-14.590,5.960,318,100.0
42910.00,-10.3810,3.4740,-1.0570,-28.740,-23.270,1.600,318,100.0
42920.00,-10.5390,3.7910,-2.1100,-45.190,-38.320,11.280,318,100.0
42930.00,-10.5280,3.0230,-3.6610,-42.820,-54.940,20.460,318,100.0
42940.00,-10.2580,2.7870,-1.7260,-28.930,-32.380,19.330,319,100.0
42950.00,-9.4790,3.9860,3.2750,-28.230,12.700,11.290,319,100.0
42960.00,-8.9730,4.7270,6.4840,-38.590,9.850,16.050,319,100.0
42970.00,-8.4280,3.9620,6.7930,-33.580,-49.590,35.970,319,100.0
42980.00,-8.4920,2.0650,3.8350,-25.080,-118.330,52.720,319,100.0
42990.00,-8.9370,0.8620,0.0090,-27.140,-157.470,51.610,320,100.0
43000.00,-9.3810,0.5190,-3.0500,-30.190,-159.730,37.650,320,100.0
43010.00,-9.6130,0.9350,-4.4980,-32.660,-127.430,19.500,320,100.0
43020.00,-10.3100,2.3380,-2.5530,-36.840,-69.380,0.230,320,100.0
43030.00,-11.3120,4.8740,1.5790,-39.060,-24.000,-18.340,320,100.0
43040.00,-13.2710,8.0880,3.2850,-51.980,-35.080,-29.910,321,100.0
43050.00,-14.5260,13.6170,4.2420,-74.430,-94.050,18.120,321,100.0
43060.00,-15.4620,14.2030,5.2390,-76.930,-123.070,87.190,321,100.0
43070.00,-16.9560,13.3490,7.2040,-84.460,-150.040,160.530,321,100.0
43080.00,-18.4790,12.4420,8.5050,-101.360,-189.530,213.230,321,100.0
43090.00,-20.0650,12.6500,9.7830,-121.780,-232.110,241.980,322,100.0
43100.00,-21.1050,14.0570,11.2130,-141.610,-273.570,256.380,322,100.0
43110.00,-22.7130,15.5000,12.6840,-167.760,-327.120,281.270,322,100.0
43120.00,-24.3730,17.1170,11.8520,-203.600,-327.680,321.360,322,100.0
43130.00,-25.9100,17.6210,8.8630,-246.490,-327.680,327.670,322,100.0
43140.00,-26.8180,16.4390,4.5330,-285.300,-327.680,327.670,323,100.0
43150.00,-26.3500,13.5580,-1.5860,-281.310,-327.680,327.670,323,100.0
43160.00,-24.4270,9.4870,-8.0110,-258.630,-327.680,327.670,323,100.0
43170.00,-21.2310,3.9480,-12.4430,-217.560,-327.680,327.670,323,100.0
43180.00,-16.0920,-4.4120,-14.1870,-179.180,-327.680,327.670,323,100.0
43190.00,-11.8800,-13.3120,-11.9340,-178.850,-327.680,327.670,324,100.0
43200.00,-6.7600,-15.9050,-4.2950,-131.530,-199.700,327.670,324,100.0
43210.00,-3.0810,-11.1850,1.2810,-120.170,-153.550,327.670,324,100.0
43221.00,-0.7940,-7.9760,1.1540,-110.640,-188.690,267.970,324,100.0
43231.00,0.3320,-8.8670,-3.9250,-84.350,-212.620,223.600,324,100.0
43241.00,1.5880,-8.1690,-3.8240,-45.120,-150.890,170.370,325,100.0
43251.00,2.9830,-3.1690,4.1560,-14.070,-44.910,67.800,325,100.0
43261.00,2.9220,-0.5770,4.5090,-19.250,-47.420,30.230,325,100.0
43271.00,3.0830,2.0990,4.3080,-32.290,-50.690,7.200,325,100.0
43281.00,2.9390,3.7170,4.9550,-41.060,-38.750,6.520,325,100.0
43291.00,2.9500,4.6570,5.8390,-44.100,-25.720,15.550,326,100.0
43301.00,3.1800,4.6560,6.0880,-40.640,-22.250,32.500,326,100.0
43311.00,3.4180,3.0470,4.9770,-30.770,-24.840,52.870,326,100.0
43321.00,3.4560,0.7470,3.2720,-19.440,-13.050,58.320,326,100.0
43331.00,3.4860,-0.2360,3.7810,-11.450,23.260,39.240,326,100.0
43341.00,3.7650,1.1070,6.2660,-7.720,61.830,7.880,327,100.0
43351.00,3.9070,2.1290,8.0490,-1.630,78.350,-6.740,327,100.0
43361.00,3.8450,2.0960,9.3760,3.790,82.090,-7.580,327,100.0
43371.00,3.4970,2.1350,10.8270,-0.330,85.280,-12.250,327,100.0
43381.00,3.2630,2.9810,12.0760,-7.110,76.960,-24.610,327,100.0
43391.00,2.8910,4.1730,12.0090,-16.240,50.420,-32.180,328,100.0
43401.00,2.9190,5.3520,10.6760,-20.550,23.520,-31.010,328,100.0
43411.00,2.9150,5.0760,8.4620,-16.570,6.630,-13.700,328,100.0
43421.00,2.7450,3.0550,6.7040,-4.760,7.100,4.520,328,100.0
43431.00,2.8050,1.7470,6.6140,3.750,27.090,1.410,328,100.0
43441.00,2.7780,1.6220,7.7010,6.950,50.150,-14.810,329,100.0
43451.00,2.5110,3.5980,10.9980,8.950,63.610,-31.570,329,100.0
43461.00,2.2660,4.6970,11.9220,-2.450,57.800,-43.910,329,100.0
43471.00,2.0410,5.5500,12.3700,-6.970,41.090,-41.090,329,100.0
43481.00,1.8040,6.0640,11.8770,-16.780,17.360,-31.430,329,100.0
43491.00,1.9190,6.0410,10.8200,-23.380,-5.120,-16.570,330,100.0
43501.00,1.8590,4.8220,8.8470,-23.630,-21.600,0.530,330,100.0
43511.00,1.8750,3.7680,7.0690,-20.250,-22.010,6.740,330,100.0
43521.00,2.0430,3.2960,6.5300,-10.330,-6.900,3.870,330,100.0
43531.00,2.1410,2.6470,6.7250,-0.950,9.690,0.670,330,100.0
43541.00,2.1810,2.3170,7.5640,2.740,24.410,-6.930,331,100.0
43551.00,2.3040,2.7850,8.6750,2.250,32.480,-17.620,331,100.0
43561.00,2.3240,2.8060,8.9400,2.390,30.590,-20.620,331,100.0
43571.00,2.1700,2.4990,9.7770,4.890,30.570,-21.610,331,100.0
43581.00,1.8340,3.2030,10.9790,2.740,30.750,-30.080,331,100.0
43591.00,1.6520,4.7760,11.5650,-1.520,21.070,-38.150,332,100.0
43601.00,1.6060,5.9460,11.3550,-2.470,5.530,-34.130,332,100.0
43611.00,1.5820,5.6620,9.7360,-2.140,-13.480,-16.730,332,100.0
43621.00,1.5020,4.3420,7.7100,-0.860,-21.460,-0.840,332,100.0
43631.00,1.5630,3.4930,7.1470,-0.020,-9.020,2.020,332,100.0
43641.00,1.7030,3.4030,7.9780,-0.180,8.540,-2.610,333,100.0
43651.00,1.7280,3.4880,9.6510,0.150,15.470,-5.530,333,100.0
43661.00,1.7120,3.8230,9.9060,-3.610,13.350,-9.520,333,100.0
43671.00,1.5670,4.0110,10.1250,-3.130,8.980,-8.590,333,100.0
43681.00,1.4330,4.7000,10.3200,-3.100,5.440,-9.470,333,100.0
43691.00,1.4170,5.1580,10.2710,-2.330,0.610,-5.300,334,100.0
43701.00,1.4420,5.0410,10.1690,-1.980,-4.000,3.380,334,100.0
43711.00,1.4050,4.4480,9.4180,-3.080,-11.170,11.940,334,100.0
43721.00,1.4380,4.5050,9.9120,-6.410,-9.550,14.580,334,100.0
43731.00,1.6110,4.8270,9.8710,-12.510,-15.320,18.050,334,100.0
43741.00,1.6850,3.8480,8.1710,-16.220,-28.030,29.320,335,100.0
43751.00,1.6350,2.5800,6.8320,-15.440,-27.380,34.460,335,100.0
43761.00,1.6570,2.4230,5.7750,-12.850,-16.510,26.820,335,100.0
43771.00,2.0860,2.5010,7.0610,-6.810,12.460,18.490,335,100.0
43781.00,2.3050,2.2020,9.4860,-0.460,34.740,15.510,335,100.0
43791.00,2.2520,1.8850,9.9560,0.720,27.460,10.980,336,100.0
43801.00,2.1950,2.1650,9.4250,0.530,16.130,1.970,336,100.0
43811.00,2.1940,2.6990,9.4770,-0.600,15.240,-4.390,336,100.0
43821.00,2.1550,2.7260,10.1320,1.690,15.990,-4.780,336,100.0
43831.00,2.0290,2.6900,10.1140,2.930,9.730,-5.990,336,100.0
43841.00,1.9160,2.8830,9.2090,3.020,1.450,-9.540,337,100.0
43851.00,1.8300,2.8010,7.8100,4.010,0.610,-11.310,337,100.0
43861.00,1.6910,2.3620,7.3970,10.960,14.300,-18.040,337,100.0
43871.00,1.5370,2.0200,5.8690,16.820,17.970,-22.870,337,100.0
43881.00,1.5850,1.5250,4.0520,24.630,30.150,-27.390,337,100.0
43891.00,1.4870,0.3170,3.0740,34.010,61.250,-31.680,338,100.0
43901.00,1.2610,-1.1070,2.4840,61.520,93.640,-41.670,338,100.0
43911.00,0.7230,-2.1950,1.8440,96.570,123.290,-63.720,338,100.0
43921.00,-0.2620,-2.5690,0.7580,128.860,154.190,-96.690,338,100.0
43931.00,-1.1650,-1.8360,0.8700,160.870,202.720,-138.950,338,100.0
43941.00,-2.0450,-0.5500,3.5210,182.990,261.080,-177.840,339,100.0
43951.00,-2.9250,0.2280,5.2600,200.560,282.760,-204.930,339,100.0
43961.00,-4.0070,0.6520,4.7720,207.870,279.250,-228.730,339,100.0
43971.00,-5.4080,1.5600,4.1520,208.550,286.470,-258.180,339,100.0
43981.00,-6.4770,3.5540,4.0180,226.400,299.020,-290.080,339,100.0
43991.00,-7.3690,5.2090,4.3390,252.920,309.100,-309.070,340,100.0
44001.00,-8.2820,5.7340,2.9250,259.010,298.760,-312.500,340,100.0
44011.00,-9.6720,5.5640,0.6040,263.570,287.310,-316.330,340,100.0
44021.00,-11.2680,6.2470,-1.0760,263.700,292.460,-327.680,340,100.0
44031.00,-12.5530,7.9090,-1.2980,254.750,321.120,-327.680,340,100.0
44041.00,-13.2640,9.8710,1.1110,256.570,327.670,-327.680,341,100.0
44051.00,-13.5190,11.4110,8.2940,256.520,327.670,-327.680,341,100.0
44061.00,-12.2600,13.5610,10.0570,209.530,322.960,-285.850,341,100.0
44071.00,-11.1970,13.9450,10.9440,179.990,256.270,-236.600,341,100.0
44082.00,-10.0020,12.6600,10.4070,159.270,175.510,-170.870,341,100.0
44091.00,-9.3370,9.2150,6.8180,153.040,84.470,-104.550,342,100.0
44101.00,-9.0970,5.5480,2.6660,146.780,18.930,-58.800,342,100.0
44111.00,-9.0110,2.4310,-0.3240,142.110,-7.100,-38.850,342,100.0
44121.00,-9.5440,0.4010,-2.2770,155.280,-0.010,-46.740,342,100.0
44131.00,-14.3040,0.2380,-6.2590,212.820,41.910,-107.050,342,100.0
44141.00,-18.2380,9.7120,3.0610,261.840,155.070,-256.380,343,100.0
44151.00,-16.4650,17.5150,4.4150,78.950,170.550,-310.140,343,100.0
44161.00,-11.9760,19.4900,1.4000,39.940,74.550,-198.080,343,100.0
44171.00,-11.8600,13.1600,-1.2900,69.880,36.800,-6.280,343,100.0
44181.00,-11.8130,5.7940,0.1950,78.270,57.100,105.920,343,100.0
44191.00,-11.9060,1.8520,2.3910,54.260,67.080,110.310,344,100.0
44201.00,-10.5220,1.1770,0.1780,22.000,19.270,60.590,344,100.0
44211.00,-9.4010,2.7610,-2.7070,13.760,-3.440,11.890,344,100.0
44221.00,-9.0470,3.0060,-1.9450,24.860,28.070,-1.470,344,100.0
44231.00,-9.0230,2.3910,0.2120,39.170,50.350,-5.410,344,100.0
44242.00,-9.2630,3.0870,0.3870,38.020,41.390,-20.900,345,100.0
44252.00,-9.2600,4.9630,0.0500,28.320,33.970,-34.580,345,100.0
44262.00,-9.4020,4.8280,0.4600,31.160,35.720,-9.820,345,100.0
44272.00,-8.6090,3.5730,-0.0440,21.220,33.370,0.970,345,100.0
44282.00,-8.6560,3.1920,-1.2950,14.110,27.260,-0.330,345,100.0
44292.00,-9.3230,2.8210,-1.8350,7.150,33.480,-3.690,346,100.0
44302.00,-8.9690,3.0690,-2.1090,5.130,45.110,-10.310,346,100.0
44312.00,-8.4830,3.4340,-2.2150,12.520,57.590,-13.390,346,100.0
44322.00,-8.9680,2.6220,-1.3100,16.020,75.160,-8.540,346,100.0
44332.00,-9.1200,2.6870,-1.0090,14.180,77.100,-14.720,346,100.0
44342.00,-8.7440,3.1760,-1.7430,6.360,71.910,-19.570,347,100.0
44352.00,-9.6130,3.0340,-1.4270,13.010,77.890,-17.870,347,100.0
44362.00,-9.4860,3.9780,-0.5560,25.350,77.160,-24.200,347,100.0
44372.00,-9.6940,4.6430,-0.3510,20.880,69.860,-22.730,347,100.0
44382.00,-9.7350,3.9300,-1.0100,16.280,53.570,-11.740,347,100.0
44392.00,-9.1930,3.6000,-2.3760,16.890,41.820,-8.170,348,100.0
44402.00,-9.5240,3.2140,-1.3080,5.170,59.730,-8.510,348,100.0
44412.00,-9.2120,1.2520,-2.4440,17.980,36.610,4.960,348,100.0
44422.00,-9.8760,2.4560,-3.7120,22.020,23.970,-11.600,348,100.0
44432.00,-8.7570,5.4340,-1.7990,6.480,69.110,-41.840,348,100.0
44442.00,-8.8950,4.5570,-1.0630,15.670,64.010,-14.120,349,100.0
44452.00,-9.0400,1.8050,-3.0850,29.740,36.540,13.340,349,100.0
44462.00,-10.0920,3.3330,-1.1230,22.480,64.560,-29.610,349,100.0
44472.00,-9.3760,4.6700,0.0870,13.670,60.360,-33.320,349,100.0
44482.00,-9.3830,3.1820,-1.0250,20.460,31.900,-12.900,349,100.0
44492.00,-9.2440,2.0410,-2.5220,25.610,15.310,-8.450,350,100.0
44502.00,-9.3230,1.9700,-3.5290,24.030,13.610,-16.870,350,100.0
44512.00,-9.1840,2.7820,-3.2650,23.950,26.320,-28.910,350,100.0
44522.00,-9.1810,2.8980,-3.2150,28.270,30.820,-28.560,350,100.0
44532.00,-8.8860,3.7010,-2.4320,28.670,36.610,-29.700,350,100.0
44542.00,-8.8480,3.5560,-2.8480,31.090,30.660,-21.630,351,100.0
44552.00,-9.0000,2.9990,-3.1510,34.310,28.720,-14.040,351,100.0
44562.00,-9.0000,3.1870,-2.9670,33.800,31.450,-15.050,351,100.0
44572.00,-8.8190,3.4580,-2.6640,36.410,31.780,-15.330,351,100.0
44582.00,-8.6480,3.2510,-2.9570,37.460,32.360,-12.130,351,100.0
44592.00,-9.2210,2.1300,-2.6870,26.690,32.900,-8.100,352,100.0
44602.00,-8.3230,2.1880,-4.3920,28.130,15.770,-13.560,352,100.0
44612.00,-9.1600,2.4740,-3.6800,30.230,33.040,-20.210,352,100.0
44622.00,-8.6940,1.8220,-3.6680,23.510,39.620,-17.920,352,100.0
44632.00,-8.0790,1.3780,-3.2540,30.860,37.550,-20.040,352,100.0
44642.00,-8.4700,1.0920,-2.4800,28.200,40.550,-24.890,353,100.0
44652.00,-8.5930,1.5580,-0.9360,22.530,40.740,-37.700,353,100.0
44662.00,-9.1920,2.0790,-2.9440,9.700,-3.210,-42.460,353,100.0
44672.00,-8.7000,2.8770,-4.2350,11.980,-10.950,-46.290,353,100.0
44682.00,-9.0430,2.3940,-3.0840,10.750,7.310,-39.270,353,100.0
44692.00,-9.4180,1.8400,-2.6200,7.040,1.730,-35.050,354,100.0
44702.00,-9.2670,2.8580,-5.2310,5.010,-23.020,-42.790,354,100.0
44712.00,-8.6780,3.1980,-4.9870,-4.480,-2.670,-38.340,354,100.0
44722.00,-8.3290,1.6800,-2.4340,3.280,21.940,-21.910,354,100.0
44732.00,-9.1690,0.4630,-1.8300,3.720,13.420,-18.970,354,100.0
44742.00,-9.5740,0.7660,-2.7430,-1.350,-10.840,-33.550,355,100.0
44752.00,-9.6290,2.9650,-5.1000,-1.370,-26.870,-52.900,355,100.0
44762.00,-9.6570,3.6460,-5.0110,-7.300,-9.300,-44.260,355,100.0
44772.00,-9.6750,2.6640,-4.1200,4.570,3.320,-24.190,355,100.0
44782.00,-9.8080,2.5300,-4.3630,9.540,5.560,-19.580,355,100.0
44792.00,-9.8910,3.3210,-4.0010,10.680,12.340,-18.670,356,100.0
44802.00,-9.2980,3.3910,-3.6810,15.840,12.810,-7.280,356,100.0
44812.00,-9.0540,2.1820,-2.5860,17.330,16.940,7.970,356,100.0
44822.00,-9.0230,1.1110,-2.6810,17.100,8.070,12.990,356,100.0
44832.00,-9.0650,0.6620,-4.0030,13.530,-4.590,8.910,356,100.0
44842.00,-9.0970,1.1050,-4.8580,10.930,-2.440,-0.040,357,100.0
44852.00,-8.9510,1.8810,-3.8890,11.850,12.580,-5.580,357,100.0
44862.00,-9.4240,1.1580,-2.7490,14.830,11.570,0.850,357,100.0
44872.00,-8.8290,1.6760,-3.5670,7.220,4.080,-4.010,357,100.0
44882.00,-9.0430,2.0510,-3.1930,4.220,6.600,-4.880,357,100.0
44892.00,-8.8770,2.4070,-3.0540,2.210,3.450,-2.290,358,100.0
44902.00,-8.9980,2.1280,-3.4460,-0.400,-3.610,4.010,358,100.0
44912.00,-9.1410,1.5460,-3.6310,-1.870,-6.030,8.350,358,100.0
44922.00,-9.1470,1.7580,-2.9550,-3.550,-4.260,5.500,358,100.0
44932.00,-9.1450,2.5220,-2.6440,-6.490,-10.390,4.640,358,100.0
44942.00,-9.7920,3.0620,-1.6290,-10.730,-15.080,8.350,359,100.0
44952.00,-9.8600,4.4080,0.6160,-19.580,-15.790,6.880,359,100.0
44962.00,-10.3410,5.9680,2.6200,-22.030,-40.220,10.680,359,100.0
44972.00,-12.4600,7.1300,3.9660,-27.700,-87.810,27.480,359,100.0
44982.00,-14.2390,9.2380,4.5870,-39.430,-148.690,39.520,359,100.0
44992.00,-15.9670,11.8860,5.3690,-52.380,-213.490,55.290,360,100.0
45002.00,-18.7520,14.1840,6.2050,-65.850,-283.110,92.530,360,100.0
45012.00,-21.3480,16.0390,5.8550,-84.440,-327.680,154.920,360,100.0
45022.00,-24.7040,14.1290,1.6160,-138.500,-327.680,261.680,360,100.0
45032.00,-28.3630,10.2960,-2.7780,-218.910,-327.680,327.670,360,100.0
45042.00,-28.7760,9.2310,-12.0190,-266.770,-327.680,327.670,361,100.0
45052.00,-24.2450,16.4030,-6.5650,-194.370,-327.680,266.780,361,100.0
45062.00,-29.3790,24.2780,4.3820,-200.100,-327.680,327.670,361,100.0
45072.00,-29.4860,25.5910,3.6010,-327.680,-327.680,327.670,361,100.0
45082.00,-32.0680,22.7920,4.1350,-327.680,-327.680,327.670,361,100.0
45092.00,-32.7680,17.8680,-0.0200,-327.680,-327.680,327.670,362,100.0
45102.00,-32.1490,7.2680,-9.4020,-327.680,-327.680,327.670,362,100.0
45112.00,-26.3420,0.6360,-11.8300,-327.680,-327.680,327.670,362,100.0
45122.00,-19.0770,-2.9730,-10.1100,-325.730,-327.680,327.670,362,100.0
45132.00,-13.0740,-9.2440,-6.8450,-263.810,-327.680,327.670,362,100.0
45142.00,-8.2690,-16.8890,-2.4150,-188.420,-322.030,327.670,363,100.0
45152.00,-4.4110,-19.2780,0.6920,-165.030,-280.920,327.670,363,100.0
45162.00,-1.6850,-17.7160,2.0940,-136.080,-284.450,327.670,363,100.0
45172.00,-0.3700,-12.0870,-2.6450,-133.510,-310.370,219.630,363,100.0
45182.00,0.7290,-7.2610,-7.4110,-99.210,-283.790,134.720,363,100.0
45192.00,1.8140,-3.5910,-6.1010,-31.610,-187.490,87.420,364,100.0
45202.00,2.9750,-1.0330,-1.5030,21.970,-102.630,64.980,364,100.0
45212.00,4.0600,0.1310,2.2700,39.730,-63.080,61.240,364,100.0
45222.00,4.7240,-0.0710,4.1270,33.340,-58.810,68.480,364,100.0
45232.00,5.0350,-0.3150,5.0530,16.280,-65.670,71.810,364,100.0
45242.00,5.2210,-0.5700,4.7230,-6.770,-78.430,68.330,365,100.0
45252.00,5.2150,-1.8620,2.3890,-26.130,-90.660,62.360,365,100.0
45263.00,5.3680,-0.2090,3.7290,-31.190,-74.020,41.850,365,100.0
45273.00,4.9860,0.5670,2.5500,-27.980,-50.790,8.460,365,100.0
45283.00,4.9050,1.0670,1.5370,-13.950,-35.450,-2.990,365,100.0
45293.00,4.6300,1.3390,1.5380,0.180,-9.810,-10.620,366,100.0
45303.00,4.7340,2.3010,2.1540,12.430,15.800,-18.180,366,100.0
45313.00,4.8370,2.3280,3.7630,26.200,38.040,-17.820,366,100.0
45323.00,4.8250,2.6140,5.4730,26.290,52.900,-18.410,366,100.0
45333.00,4.9010,3.5890,6.9020,18.940,61.060,-20.880,366,100.0
45343.00,4.9800,4.1250,8.7930,13.340,68.760,-16.500,367,100.0
45353.00,5.0510,4.6860,11.0500,2.020,72.010,-12.530,367,100.0
45363.00,5.2820,5.1020,12.3080,-17.010,49.090,-3.780,367,100.0
45373.00,5.2240,4.0710,11.2710,-32.940,-2.060,16.810,367,100.0
45383.00,4.8270,1.9540,7.0980,-44.420,-47.350,28.160,367,100.0
45393.00,4.6300,0.5300,3.4740,-43.930,-48.170,16.790,368,100.0
45403.00,4.6670,1.1500,3.2020,-27.200,-9.070,-6.900,368,100.0
45413.00,4.5970,1.8670,5.0150,-6.600,27.650,-22.240,368,100.0
45423.00,4.5420,2.8400,6.2940,5.870,45.620,-32.170,368,100.0
45433.00,4.5640,4.0480,8.0420,15.070,60.710,-37.540,368,100.0
45443.00,4.6620,5.1320,10.3640,14.650,71.420,-37.190,369,100.0
45453.00,4.9950,5.6430,11.9720,8.000,59.310,-25.390,369,100.0
45463.00,5.0150,4.2680,11.7540,-4.320,33.130,-5.830,369,100.0
45473.00,4.9020,3.4830,10.6500,-30.780,-22.150,15.490,369,100.0
45483.00,4.8400,3.1470,7.7370,-39.060,-36.550,12.270,369,100.0
45493.00,4.8800,2.6500,6.7400,-31.940,-25.020,9.120,370,100.0
45503.00,4.8770,1.9400,6.6790,-21.540,-9.560,5.550,370,100.0
45513.00,4.8520,1.5700,6.2630,-9.960,1.330,-2.050,370,100.0
45523.00,4.8630,2.1820,7.2550,3.980,18.860,-13.020,370,100.0
45533.00,4.9560,3.3660,9.2320,10.450,32.480,-20.510,370,100.0
45543.00,4.8990,4.0370,10.4780,9.610,30.060,-19.530,371,100.0
45553.00,4.8560,4.6890,10.9510,3.910,17.040,-14.470,371,100.0
45563.00,4.7880,4.6340,10.3630,-3.830,-1.130,-2.980,371,100.0
45573.00,4.6980,3.7060,8.8580,-11.100,-14.950,9.110,371,100.0
45583.00,4.6760,2.5920,8.0240,-13.740,-14.760,12.610,371,100.0
45593.00,4.7550,2.6660,8.0170,-12.390,-9.040,6.950,372,100.0
45603.00,4.6860,2.6090,7.6170,-9.870,-6.830,4.010,372,100.0
45613.00,4.5180,2.2490,7.2800,-7.160,-2.390,1.340,372,100.0
45623.00,4.4600,2.6330,7.3910,-7.600,6.120,-5.460,372,100.0
45633.00,4.5030,2.8790,7.6210,-4.740,12.370,-9.330,372,100.0
45643.00,4.4430,3.4600,8.8300,0.110,19.390,-11.240,373,100.0
45653.00,4.5400,5.0470,10.3170,-1.790,20.980,-13.300,373,100.0
45663.00,4.6620,5.6050,9.2410,-6.420,5.410,0.430,373,100.0
45673.00,4.8000,2.5430,8.6160,-11.100,-13.830,34.900,373,100.0
45683.00,4.8430,1.7000,8.2500,-15.000,-13.120,32.070,373,100.0
45693.00,5.0300,1.8250,8.0600,-16.100,-11.300,22.560,374,100.0
45703.00,5.0140,1.5670,7.5630,-13.560,-10.980,18.870,374,100.0
45713.00,4.9070,1.2440,7.1160,-9.000,-6.870,14.130,374,100.0
45723.00,4.8220,1.6780,7.7030,-5.850,4.710,2.740,374,100.0
45733.00,4.8040,2.9570,8.7080,-5.710,12.700,-6.970,374,100.0
45743.00,4.8520,3.9870,9.4120,-5.130,12.620,-6.720,375,100.0
45753.00,4.8000,4.0010,9.4020,-2.070,5.160,2.000,375,100.0
45763.00,4.9610,3.3370,8.8550,-1.120,-1.930,10.510,375,100.0
45773.00,5.0210,2.7810,9.0420,-3.760,-1.220,13.880,375,100.0
45783.00,5.0060,2.6700,8.5730,-8.770,-5.050,13.550,375,100.0
45793.00,5.0400,2.6760,8.3410,-10.240,-8.060,13.810,376,100.0
45803.00,4.9900,2.4810,8.3190,-10.970,-9.410,15.250,376,100.0
45813.00,4.9380,2.3370,7.4160,-12.900,-9.740,15.550,376,100.0
45823.00,4.8980,1.9290,7.2090,-11.830,-2.090,15.490,376,100.0
45833.00,4.9000,1.7020,8.1530,-10.080,5.900,11.700,376,100.0
45843.00,4.8380,2.1460,7.9600,-10.330,5.880,3.800,377,100.0
45853.00,4.8700,2.5510,8.0480,-7.700,7.140,-0.110,377,100.0
45863.00,4.8630,2.3770,7.4540,-4.710,8.630,1.250,377,100.0
45873.00,4.7830,1.3850,7.3320,1.250,13.050,-1.120,377,100.0
45883.00,4.8560,1.3980,6.8170,2.530,15.190,-6.280,377,100.0
45893.00,4.7290,0.7420,5.4370,5.620,18.060,-5.060,378,100.0
45903.00,4.7160,-0.6780,4.0240,10.510,20.960,-1.280,378,100.0
45913.00,4.5650,-2.8240,1.0690,18.870,17.130,0.460,378,100.0
45923.00,3.6350,-7.9960,-3.9500,37.110,20.320,-8.210,378,100.0
45933.00,2.0190,-10.8640,-7.9900,61.400,64.310,-63.110,378,100.0
45943.00,-0.0340,-10.4740,-12.0290,84.650,130.670,-146.490,379,100.0
45953.00,-3.1290,-9.1630,-14.8980,127.650,223.400,-223.580,379,100.0
45963.00,-7.0550,-5.7720,-14.4000,182.670,327.670,-299.640,379,100.0
45973.00,-10.4730,-0.7270,-9.8080,237.480,327.670,-327.680,379,100.0
45983.00,-13.2770,3.1660,-3.8940,275.980,327.670,-327.680,379,100.0
45993.00,-14.5260,7.0210,1.1050,284.220,327.670,-327.680,380,100.0
46003.00,-15.5090,8.0170,7.0550,318.930,327.670,-327.680,380,100.0
46013.00,-15.0770,9.2570,10.9060,327.670,327.670,-327.680,380,100.0
46023.00,-14.0120,9.9610,11.3470,327.670,327.670,-327.680,380,100.0
46033.00,-14.4330,9.2530,7.9150,327.670,327.670,-327.680,380,100.0
46043.00,-15.8090,9.1340,3.5980,327.670,327.670,-327.680,381,100.0
46053.00,-16.9340,11.1840,2.4020,327.670,327.670,-327.680,381,100.0
46063.00,-17.0770,14.1700,5.2430,327.670,327.670,-327.680,381,100.0
46073.00,-15.8580,17.3430,13.2230,313.920,327.670,-327.680,381,100.0
46083.00,-14.2190,18.6460,16.9260,259.650,327.670,-312.800,381,100.0
46093.00,-12.2560,18.5650,17.3580,199.420,193.440,-218.370,382,100.0
46103.00,-11.7020,14.0740,10.2020,151.750,-4.380,-93.640,382,100.0
46113.00,-12.3780,7.9950,1.0550,120.250,-156.580,7.320,382,100.0
46123.00,-19.0020,2.7020,-11.0890,122.280,-221.210,49.620,382,100.0
46133.00,-20.1600,11.4790,-9.9810,257.100,-105.660,-142.870,382,100.0
46143.00,-11.4340,18.6740,-1.5140,109.430,122.810,-184.260,383,100.0
46153.00,-8.6020,9.2060,1.0690,77.550,127.610,49.620,383,100.0
46163.00,-9.5910,-7.3440,-2.7760,102.780,60.370,192.090,383,100.0
46173.00,-13.6670,-14.6830,-2.1480,117.190,75.160,74.080,383,100.0
46183.00,-11.2570,2.0230,1.1720,89.780,115.620,-192.050,383,100.0
46193.00,-12.1630,12.3910,4.5240,84.830,113.540,-278.690,384,100.0
46203.00,-12.1120,16.5400,2.4170,63.620,32.760,-207.390,384,100.0
46213.00,-12.1930,13.7810,-3.5410,25.490,-49.950,-58.940,384,100.0
46223.00,-11.4660,7.2740,-8.2660,38.310,-66.720,69.900,384,100.0
46233.00,-11.3370,1.9130,-8.7870,56.130,21.030,114.560,384,100.0
46243.00,-9.8990,-2.0570,-1.9200,113.480,134.430,83.940,385,100.0
46253.00,-9.6580,0.6610,2.7960,43.460,202.180,-19.180,385,100.0
46263.00,-10.0590,5.3220,6.2870,-7.140,189.440,-85.450,385,100.0
46273.00,-10.6480,9.6510,2.1370,-53.200,-15.620,-46.460,385,100.0
46283.00,-10.3420,8.2580,-0.0340,-46.410,-47.710,8.440,385,100.0
46294.00,-10.8040,5.2190,0.2420,-40.220,-43.150,53.350,386,100.0
46304.00,-10.7890,3.3590,0.9670,-43.070,-49.880,60.430,386,100.0
46314.00,-11.1550,4.4700,3.1950,-54.060,-55.290,35.300,386,100.0
46324.00,-12.0870,8.1540,5.0720,-72.380,-79.460,9.790,386,100.0
46334.00,-13.8190,11.9550,6.7660,-80.220,-116.380,3.100,386,100.0
46344.00,-16.9230,15.8010,8.7700,-84.160,-156.630,8.950,387,100.0
46354.00,-20.2730,20.8490,10.6310,-86.400,-217.310,24.980,387,100.0
46364.00,-22.1560,25.0090,10.9390,-108.780,-320.710,104.150,387,100.0
46374.00,-26.0410,25.9220,8.5810,-127.020,-327.680,271.260,387,100.0
46384.00,-29.8550,22.4940,1.9280,-152.090,-327.680,327.670,387,100.0
46394.00,-31.6780,18.4150,-3.6520,-160.060,-327.680,327.670,388,100.0
46404.00,-31.0750,17.4370,-6.2380,-193.460,-327.680,327.670,388,100.0
46414.00,-28.3570,17.0290,-5.4470,-257.440,-327.680,327.670,388,100.0
46424.00,-26.0750,13.5990,-1.7100,-324.400,-327.680,327.670,388,100.0
46434.00,-24.5990,9.7730,0.1800,-326.530,-327.680,327.670,388,100.0
46444.00,-22.3660,6.2640,-1.5880,-290.270,-327.680,327.670,389,100.0
46454.00,-19.0280,1.3080,-5.5650,-263.220,-327.680,327.670,389,100.0
46464.00,-15.6670,-8.7930,-9.6940,-252.560,-327.680,327.670,389,100.0
46474.00,-3.9110,-10.1910,-4.8770,-178.750,-247.250,327.670,389,100.0
46484.00,-0.8170,-10.8990,-2.3850,-154.390,-178.840,327.670,389,100.0
46494.00,0.6140,-12.2110,-0.7930,-92.000,-150.070,327.670,390,100.0
46504.00,1.0920,-11.5140,1.3070,-76.630,-121.210,279.290,390,100.0
46514.00,3.1530,-7.1410,3.7280,-121.560,-85.530,173.690,390,100.0
46524.00,3.7290,-3.0560,4.8700,-125.970,-90.940,109.330,390,100.0
46534.00,3.9190,-1.7550,2.4840,-122.470,-116.510,87.520,390,100.0
46544.00,4.9100,-2.7860,0.7130,-89.900,-112.850,77.780,391,100.0
46554.00,6.0950,-3.7930,2.3590,-65.850,-57.200,62.200,391,100.0
46564.00,4.2670,-5.5360,3.2270,-38.610,-31.750,49.620,391,100.0
46574.00,3.2050,-4.7270,-0.6920,5.710,-66.050,1.650,391,100.0
46584.00,3.8060,-1.5270,-4.5540,37.610,-58.670,-58.980,391,100.0
46594.00,4.0390,-1.2160,-6.2060,53.470,8.870,-69.700,392,100.0
46604.00,4.0340,-1.6670,-3.0680,83.200,100.610,-74.290,392,100.0
46614.00,4.4380,-1.6310,1.0330,109.450,162.030,-94.750,392,100.0
46624.00,4.2500,-2.7450,1.7880,117.540,176.100,-110.950,392,100.0
46634.00,2.7010,-4.3760,-2.0260,124.620,178.620,-139.860,392,100.0
46644.00,1.8460,-4.9620,-5.0890,121.440,226.890,-191.330,393,100.0
46654.00,-0.2640,-6.8930,-5.3870,134.700,295.190,-230.250,393,100.0
46664.00,-3.7220,-6.3330,-3.2930,94.890,327.670,-277.460,393,100.0
46674.00,-11.9920,-4.3540,-10.3330,101.310,327.670,-327.680,393,100.0
46684.00,-18.2930,-2.1840,-7.1050,236.220,327.670,-327.680,393,100.0
46694.00,-23.6690,2.8730,-2.6290,321.730,327.670,-327.680,394,100.0
46704.00,-26.6760,7.1220,0.3380,310.280,327.670,-327.680,394,100.0
46714.00,-29.1900,9.3520,3.3280,275.350,327.670,-327.680,394,100.0
46724.00,-31.3060,8.7550,8.3670,285.680,327.670,-327.680,394,100.0
46734.00,-32.7680,11.2550,12.4910,270.190,327.670,-327.680,394,100.0
46744.00,-20.8950,29.3830,-0.9530,157.870,264.350,-327.680,395,100.0
46754.00,-27.2090,22.7550,-3.8380,11.780,-26.310,-241.470,395,100.0
46764.00,-21.0250,26.9700,-3.6720,8.020,59.640,-274.930,395,100.0
46774.00,-18.9300,26.5980,7.4400,93.250,257.700,-122.100,395,100.0
46784.00,-8.3240,25.4630,13.1170,126.220,287.240,-32.850,395,100.0
46794.00,-7.9260,15.7500,9.0590,85.340,57.780,18.770,396,100.0
46804.00,-11.7780,2.9510,2.6360,46.170,-123.750,76.760,396,100.0
46814.00,-14.6080,-6.0800,-2.8450,53.380,-179.490,128.040,396,100.0
46824.00,-17.3750,-11.5530,-4.8260,98.230,-109.210,115.140,396,100.0
46834.00,-18.0030,-8.4260,-1.8500,144.420,21.330,38.330,396,100.0
46844.00,-14.5060,-0.0020,3.3770,110.750,113.630,-85.790,397,100.0
46854.00,-12.8310,6.0680,7.0220,66.770,115.310,-165.200,397,100.0
46864.00,-11.5720,9.7920,8.8230,62.220,47.530,-162.120,397,100.0
46874.00,-11.1860,6.5980,3.0130,66.650,-60.790,50.530,397,100.0
46884.00,-11.8890,2.7340,-0.8990,51.180,-181.010,121.260,397,100.0
46894.00,-11.6410,1.0370,-3.8210,48.150,-167.540,135.960,398,100.0
46904.00,-10.9080,0.1480,-4.8110,47.150,-106.690,122.870,398,100.0
46914.00,-10.4760,-0.5640,-3.5360,39.990,-27.170,97.660,398,100.0
46924.00,-9.8940,-0.3930,-0.1830,27.250,36.240,62.500,398,100.0
46934.00,-9.1580,1.1250,2.7380,12.890,63.450,27.620,398,100.0
46944.00,-8.9570,2.5040,4.4780,7.550,58.360,9.160,399,100.0
46954.00,-9.0990,3.5840,5.3580,5.080,37.570,4.240,399,100.0
46964.00,-9.2630,4.4020,5.1840,1.420,8.070,8.300,399,100.0
46974.00,-9.5660,4.9110,4.5030,-1.170,-16.180,18.150,399,100.0
46984.00,-9.7690,5.2400,3.8630,-1.560,-32.140,30.300,399,100.0
46994.00,-9.7190,5.1210,3.3670,-3.270,-40.980,44.300,400,100.0
47004.00,-9.4670,4.2530,2.7500,-5.060,-46.210,58.460,400,100.0
47014.00,-9.1760,3.2130,2.4710,-5.290,-45.230,65.180,400,100.0
47024.00,-8.9550,2.6280,2.4170,-4.590,-40.940,61.940,400,100.0
47034.00,-8.9220,3.0620,3.1040,-4.310,-33.010,52.750,400,100.0
47044.00,-9.1680,3.9550,4.7600,-2.560,-27.260,44.510,401,100.0
47054.00,-9.7040,5.0820,5.6840,-1.310,-34.800,40.960,401,100.0
47064.00,-11.2920,6.1000,7.5300,1.000,-36.790,37.960,401,100.0
47074.00,-13.6980,11.1390,10.1010,0.530,-39.120,27.270,401,100.0
47084.00,-14.5420,13.3870,8.1950,56.790,-166.350,92.720,401,100.0
47094.00,-16.1920,11.2780,5.4950,15.350,-221.560,187.970,402,100.0
47104.00,-17.1940,7.1710,1.9360,-70.230,-258.170,253.930,402,100.0
47114.00,-16.3080,5.7830,-1.1250,-116.620,-271.820,267.270,402,100.0
47124.00,-14.9060,4.4980,-4.8520,-142.490,-301.740,283.120,402,100.0
47134.00,-14.1110,2.1880,-10.8030,-195.420,-322.040,310.600,402,100.0
47144.00,-13.8850,0.7260,-13.5800,-226.570,-246.040,300.200,403,100.0
47154.00,-13.8350,0.9430,-14.2700,-233.800,-100.900,249.350,403,100.0
47164.00,-12.2440,3.9720,-10.8610,-201.360,82.810,188.690,403,100.0
47174.00,-10.3980,7.1280,-3.4420,-168.950,269.340,168.440,403,100.0
47184.00,-8.8830,7.7440,2.7110,-172.030,327.670,215.060,403,100.0
47194.00,-3.0320,5.9730,3.8290,-235.940,327.670,321.620,404,100.0
47204.00,-10.2430,-2.7820,6.1550,-129.680,327.670,327.670,404,100.0
47214.00,-10.6790,-4.1030,11.8490,-86.560,327.670,327.670,404,100.0
47224.00,-4.6760,-2.3250,12.1930,-127.680,236.720,280.230,404,100.0
47234.00,-4.2170,-2.9690,10.3230,-139.420,88.430,214.140,404,100.0
47244.00,-2.6150,-0.6420,8.5010,-145.740,-0.970,140.670,405,100.0
47254.00,-0.3850,-0.3110,7.1720,-135.310,-45.910,103.680,405,100.0
47264.00,-0.1410,0.0030,5.9920,-106.030,-81.260,85.460,405,100.0
47274.00,-5.3340,-1.2170,3.5130,-61.880,-98.620,81.840,405,100.0
47284.00,-3.0650,-0.1730,3.1080,21.650,-43.600,38.260,405,100.0
47294.00,0.0330,1.2460,5.7660,54.830,16.240,2.460,406,100.0
47304.00,-2.0650,1.3410,5.7420,68.400,10.110,-18.880,406,100.0
47315.00,-3.9810,1.7830,5.0230,30.040,9.820,-72.450,406,100.0
47325.00,-4.7030,5.5150,3.7840,-11.460,22.850,-150.360,406,100.0
47335.00,-6.1450,12.6460,8.5840,-179.550,-0.410,-42.580,406,100.0
47345.00,-14.0310,6.2960,3.0340,224.010,-45.860,-45.750,407,100.0
47355.00,4.1610,5.6490,2.6330,176.600,-60.840,-13.090,407,100.0
47365.00,0.5860,7.0550,6.6130,13.830,-321.410,69.310,407,100.0
47375.00,-5.2240,5.4690,6.9660,-298.220,-327.680,94.860,407,100.0
47385.00,-5.1610,7.0400,7.4470,-256.310,-327.680,72.020,407,100.0
47395.00,-3.5010,8.2280,7.4410,-296.520,-327.680,51.650,408,100.0
47405.00,0.9760,8.2010,9.1650,-327.680,-291.230,43.880,408,100.0
47415.00,-1.3060,7.1230,10.5410,-327.680,-208.330,15.490,408,100.0
47425.00,-0.1330,9.5620,9.6350,-175.910,-134.290,-19.500,408,100.0
47435.00,1.5330,8.0440,9.6930,-49.460,-49.950,28.360,408,100.0
47445.00,1.8050,5.8930,8.6880,41.600,6.650,81.030,409,100.0
47455.00,-0.4310,4.0130,8.8490,68.900,22.210,125.850,409,100.0
47465.00,-2.9210,-0.6500,9.7530,35.160,15.450,140.300,409,100.0
47475.00,0.4220,-1.1520,10.3820,-31.550,-5.030,101.860,409,100.0
47485.00,0.7650,1.0310,10.4250,-247.000,-7.340,9.580,409,100.0
47495.00,1.3600,2.7330,10.2790,-195.270,-10.790,-28.440,410,100.0
47505.00,0.9460,3.5420,10.2790,-106.980,-28.970,-28.540,410,100.0
47515.00,0.4280,5.9130,8.3670,-58.470,-27.920,1.530,410,100.0
47525.00,-0.6800,4.0190,10.3330,-78.020,-0.990,66.070,410,100.0
47535.00,-1.3480,4.9080,9.4490,-38.330,-16.230,106.550,410,100.0
47545.00,-1.9570,1.1220,9.7480,-38.010,-19.080,150.310,411,100.0
47555.00,-1.0700,-0.7700,10.1570,-46.380,-15.830,158.010,411,100.0
47565.00,0.0270,-2.8790,10.4880,-15.160,-4.680,126.180,411,100.0
47575.00,0.4030,-1.4810,10.2340,33.590,9.940,59.090,411,100.0
47585.00,-0.4450,2.2970,9.8480,45.440,12.370,16.880,411,100.0
47595.00,-0.7800,3.4980,9.5160,28.620,1.770,23.400,412,100.0
47605.00,-1.6580,3.3150,9.7100,8.740,-6.130,38.840,412,100.0
47615.00,-0.7250,3.2810,9.3960,8.490,-7.780,38.380,412,100.0
47625.00,-0.7330,3.0480,9.6700,1.700,-2.440,38.140,412,100.0
47635.00,-0.5210,3.5310,9.4200,12.540,3.990,29.650,412,100.0
47645.00,0.1870,2.8060,9.6770,8.480,7.660,31.260,413,100.0
47655.00,0.4310,2.5980,9.7780,7.130,6.070,26.890,413,100.0
47665.00,0.3110,3.0340,9.5100,14.390,4.150,18.640,413,100.0
47675.00,0.1240,3.1200,9.5170,8.860,3.810,13.550,413,100.0
47685.00,0.1870,3.2330,9.5400,-3.610,3.690,1.250,413,100.0
47695.00,-0.0140,3.3850,9.4660,-8.380,3.500,-3.540,414,100.0
47705.00,0.1350,2.9550,9.6310,-21.260,3.590,-5.480,414,100.0
47715.00,-0.0040,2.9710,9.5940,-23.400,2.710,-10.780,414,100.0
47725.00,0.0000,3.3940,9.6110,-25.110,2.430,-15.090,414,100.0
47735.00,0.4680,4.4260,9.5640,-24.620,2.550,-9.450,414,100.0
47745.00,-0.1630,3.0130,9.5950,-11.590,3.250,9.910,415,100.0
47755.00,0.0490,3.8290,9.5280,-9.730,3.310,15.650,415,100.0
47765.00,-0.5810,1.9280,9.7180,-8.450,5.480,18.590,415,100.0
47775.00,-0.2040,3.3080,9.6380,-15.700,6.120,7.970,415,100.0
47785.00,-0.4420,3.0900,9.6510,-14.440,6.580,9.580,415,100.0
47795.00,-0.3760,3.0550,9.6140,-14.440,7.260,9.070,416,100.0
47805.00,-0.4710,2.9440,9.6780,-17.240,7.730,10.680,416,100.0
47815.00,-0.5870,2.5590,9.7420,-20.760,7.300,11.220,416,100.0
47825.00,-0.3940,2.9390,9.6640,-16.500,8.120,4.280,416,100.0
47835.00,-0.2140,2.6720,9.7650,-13.140,9.190,6.110,416,100.0
47845.00,-0.3120,2.9790,9.7300,-9.290,9.590,7.830,417,100.0
47855.00,-0.2790,3.2880,9.7250,-4.250,8.540,12.680,417,100.0
47865.00,-0.4780,1.5130,9.8390,1.300,7.660,18.820,417,100.0
47875.00,-0.4370,2.4340,9.7650,0.640,6.440,8.160,417,100.0
47885.00,-0.4040,2.5040,9.7650,1.760,4.180,4.800,417,100.0
47895.00,-0.3800,2.6060,9.7610,3.140,3.450,3.000,418,100.0
47905.00,-0.3700,2.7170,9.7470,5.590,2.310,1.270,418,100.0
47915.00,-0.3380,2.7630,9.7710,10.120,1.940,0.990,418,100.0
47925.00,-0.4010,2.8070,9.7040,15.580,2.010,1.300,418,100.0
47935.00,-0.4310,2.8600,9.7180,16.320,1.640,1.440,418,100.0
47945.00,-0.4090,2.9410,9.6740,17.090,1.050,2.110,419,100.0
47955.00,-0.3720,2.9830,9.6800,18.560,1.080,4.240,419,100.0
47965.00,-0.3430,2.9940,9.6640,20.320,1.010,6.390,419,100.0
47975.00,-0.3380,3.0470,9.6200,23.510,0.980,8.060,419,100.0
47985.00,-0.3140,2.9970,9.7000,24.330,1.120,9.000,419,100.0
47995.00,-0.3030,3.0040,9.5060,21.150,0.160,8.320,420,100.0
48005.00,-0.2450,2.9860,9.6400,14.460,0.540,7.640,420,100.0
48015.00,-0.2270,2.9190,9.6280,12.470,-0.010,5.380,420,100.0
48025.00,-0.3300,3.1690,9.5520,13.180,0.260,1.670,420,100.0
48035.00,-0.3060,3.2330,9.5830,12.900,1.280,0.180,420,100.0
48045.00,-0.3340,3.2780,9.5560,10.470,1.070,0.250,421,100.0
48055.00,-0.2280,3.1150,9.6170,10.050,1.350,0.200,421,100.0
48065.00,-0.1650,3.1090,9.6230,15.880,2.150,-1.000,421,100.0
48075.00,-0.1610,3.0480,9.6040,21.480,3.100,-1.510,421,100.0
48085.00,-0.4090,3.2840,9.5790,30.210,6.210,-5.640,421,100.0
48095.00,-0.8420,4.0120,9.3820,39.940,9.130,-8.170,422,100.0
48105.00,-0.4370,3.5440,9.5010,46.840,14.960,-1.720,422,100.0
48115.00,0.4540,3.4750,9.6290,53.680,17.310,5.570,422,100.0
48125.00,-0.0010,2.4700,9.6930,65.820,14.800,18.820,422,100.0
48135.00,-0.2460,3.0970,10.1410,93.070,19.560,8.460,422,100.0
48145.00,-0.7700,3.6010,9.5330,144.500,14.660,-5.860,423,100.0
48155.00,-0.5210,4.6190,9.2380,184.650,6.230,-13.070,423,100.0
48165.00,-0.8480,4.5120,9.1870,178.050,24.320,-2.570,423,100.0
48175.00,-0.8540,3.0240,9.4800,152.100,40.130,6.780,423,100.0
48185.00,-0.9770,2.8180,9.5150,143.160,43.750,-10.010,423,100.0
48195.00,-1.5370,2.2730,9.8770,130.940,40.810,-40.790,424,100.0
48205.00,-1.3360,3.4550,8.4500,115.310,21.520,-71.090,424,100.0
48215.00,-1.0380,3.3470,8.8950,98.090,0.510,-70.700,424,100.0
48225.00,-0.9410,2.1770,9.6320,77.300,-20.970,-64.090,424,100.0
48235.00,-1.1210,1.6360,9.6880,62.570,-45.460,-81.520,424,100.0
48245.00,-1.6710,3.9120,9.0100,45.590,-70.500,-119.210,425,100.0
48255.00,-1.1310,5.8450,7.9360,26.130,-83.270,-136.680,425,100.0
48265.00,-2.2680,7.2090,6.7470,10.840,-92.580,-127.650,425,100.0
48275.00,-2.2030,10.3320,4.9230,-8.680,-106.640,-90.320,425,100.0
48285.00,0.4240,10.5690,9.2190,-190.940,-132.290,117.550,425,100.0
48295.00,-0.8570,9.3420,7.0260,-54.160,-212.460,151.140,426,100.0
48305.00,-0.5970,7.0680,7.6390,-65.500,-200.940,213.510,426,100.0
48315.00,-1.8520,3.7290,1.8600,-227.550,-55.990,210.270,426,100.0
48325.00,-1.0570,-0.5130,12.8360,-327.680,147.840,142.910,426,100.0
48335.00,-0.7040,-3.4860,10.6440,-215.720,65.920,46.170,426,100.0
48346.00,1.7350,5.4660,12.9940,-295.230,44.960,-61.460,427,100.0
48356.00,1.9770,7.2260,11.1870,-276.900,-14.780,-45.540,427,100.0
48366.00,1.2470,3.6020,7.2510,-211.020,-44.910,2.320,427,100.0
48376.00,1.7080,3.2150,8.9950,-142.630,-14.170,5.470,427,100.0
48386.00,0.6900,2.4590,10.6260,-98.700,-3.880,4.920,427,100.0
48396.00,0.3320,3.0310,11.4980,-129.170,-18.190,3.610,428,100.0
48406.00,1.5550,3.2120,9.0120,-175.280,-36.930,5.030,428,100.0
48416.00,0.5910,2.5440,7.5980,-130.730,-28.950,8.130,428,100.0
48426.00,0.5560,4.8750,8.3430,-23.890,7.940,1.040,428,100.0
48436.00,0.7310,3.1520,11.2550,7.410,32.040,25.360,428,100.0
48446.00,1.2840,1.7990,9.6560,1.250,16.330,43.300,429,100.0
48456.00,1.2030,0.3260,9.6900,-0.650,18.010,47.240,429,100.0
48466.00,0.8750,1.2400,9.4190,4.640,22.940,37.890,429,100.0
48476.00,0.6420,2.2020,10.1770,13.310,29.870,34.520,429,100.0
48486.00,0.6290,-0.0140,9.8340,19.400,22.920,47.500,429,100.0
48496.00,0.4970,0.4180,9.5900,8.840,27.370,29.550,430,100.0
48506.00,0.4240,2.9790,10.3440,13.530,32.440,13.640,430,100.0
48516.00,0.1040,2.3000,11.1680,12.640,23.050,26.540,430,100.0
48526.00,0.1900,1.7010,9.5010,2.040,7.660,31.160,430,100.0
48536.00,0.2270,1.4730,10.0210,2.260,12.370,28.970,430,100.0
48546.00,0.3430,1.1980,9.9860,-2.660,13.050,26.570,431,100.0
48556.00,0.4790,1.1670,9.8200,-6.300,12.670,23.670,431,100.0
48566.00,0.6420,1.2940,10.4970,17.280,12.980,21.690,431,100.0
48576.00,0.1200,0.8680,9.7750,2.460,8.140,23.090,431,100.0
48586.00,0.2710,1.0580,9.8010,24.260,8.070,17.400,431,100.0
48596.00,-0.5300,-0.1430,9.9570,1.560,10.970,14.150,432,100.0
48606.00,0.0390,2.5910,10.0450,8.370,11.620,-1.350,432,100.0
48616.00,-0.3330,0.5910,10.5320,9.050,9.200,11.350,432,100.0
48626.00,-0.1420,1.2620,9.8760,2.120,1.980,6.270,432,100.0
48636.00,0.1010,1.9290,10.1970,10.930,1.330,4.610,432,100.0
48646.00,0.1930,2.5950,10.5230,27.950,-4.930,12.410,433,100.0
48656.00,-0.1650,2.0130,9.8470,43.200,-15.390,28.110,433,100.0
48666.00,-0.2480,0.1060,8.8660,46.010,-10.880,31.860,433,100.0
48676.00,0.0340,1.3780,9.7690,42.460,7.400,10.370,433,100.0
48686.00,0.5030,2.5200,9.7960,33.990,11.550,4.140,433,100.0
48696.00,0.1680,2.3590,9.9660,57.410,7.370,8.770,434,100.0
48706.00,0.2110,1.3680,10.6570,46.430,7.100,12.340,434,100.0
48716.00,-0.0010,1.8740,9.4860,19.820,-1.040,4.030,434,100.0
48726.00,0.4890,2.3850,9.9520,-1.910,1.450,-0.250,434,100.0
48736.00,0.4180,2.5160,9.8030,3.960,-0.480,-1.540,434,100.0
48746.00,0.2950,2.2090,9.7190,6.430,-1.180,0.430,435,100.0
48756.00,0.3680,2.6200,9.8530,-0.050,0.610,-2.820,435,100.0
48766.00,0.3740,2.6880,9.8410,1.770,0.000,-2.140,435,100.0
48776.00,0.3000,2.3620,9.8440,3.310,-0.520,-0.630,435,100.0
48786.00,0.3510,2.8180,9.8600,5.120,-1.080,-1.420,435,100.0
48796.00,0.2710,2.4630,9.8260,8.490,-1.830,1.230,436,100.0
48806.00,0.2870,2.5070,9.8910,10.450,-2.770,0.000,436,100.0
48816.00,0.2720,2.7210,9.8360,15.530,-4.520,-0.790,436,100.0
48826.00,0.2560,2.6470,9.7790,18.280,-5.240,1.580,436,100.0
48836.00,0.2910,2.4980,9.7390,17.960,-4.940,2.610,436,100.0
48846.00,0.2950,2.5170,9.6980,14.460,-3.930,1.070,437,100.0
48856.00,0.3000,2.5620,9.6250,5.610,-1.570,-0.260,437,100.0
48866.00,0.3180,2.3310,9.7230,-6.550,1.850,-0.840,437,100.0
48876.00,0.3180,2.2880,9.8080,-13.230,3.480,-5.640,437,100.0
48886.00,0.3680,2.3010,9.8570,-16.350,4.200,-8.140,437,100.0
48896.00,0.2900,2.4760,9.8420,-18.010,4.950,-7.490,438,100.0
48906.00,0.3030,2.3660,9.8820,-14.980,4.250,-8.120,438,100.0
48916.00,0.3090,2.4570,9.8400,-10.750,2.760,-9.630,438,100.0
48926.00,0.3420,2.5250,9.8590,-7.160,1.780,-8.890,438,100.0
48936.00,0.2450,2.4040,9.7800,-5.300,1.360,-5.930,438,100.0
48946.00,0.1250,2.4090,9.7360,-10.120,2.500,-3.900,439,100.0
48956.00,0.1470,2.3220,9.9110,-17.080,4.370,-3.260,439,100.0
48966.00,0.1280,2.4460,9.8660,-14.110,3.380,-3.100,439,100.0
48976.00,0.1450,2.2100,9.9130,-10.870,2.730,-1.170,439,100.0
48986.00,0.1180,2.2660,9.8160,-7.650,1.820,-1.100,439,100.0
48996.00,0.1140,2.1660,9.9070,-10.270,2.450,-0.050,440,100.0
49006.00,0.1320,2.1280,9.9460,-6.630,1.350,-0.140,440,100.0
49016.00,0.1430,2.0880,9.8810,0.090,-0.170,-0.250,440,100.0
49026.00,0.1200,2.1650,9.8120,2.000,-0.670,0.110,440,100.0
49036.00,0.1240,2.1220,9.8420,-0.890,0.100,0.640,440,100.0
49046.00,0.1810,2.2260,9.8650,-3.900,1.010,-0.250,441,100.0
49056.00,0.1980,2.1750,9.8780,-4.380,1.220,-0.510,441,100.0
49066.00,0.2420,2.2810,9.8270,-4.220,1.210,-1.090,441,100.0
49076.00,0.2530,2.2680,9.8770,-5.920,1.590,-0.470,441,100.0
49086.00,0.1490,2.1960,9.8340,-5.340,1.610,-0.020,441,100.0
49096.00,0.1370,2.1900,9.8570,-10.380,2.620,0.510,442,100.0
49106.00,0.1570,2.0590,9.8820,-11.870,2.970,-0.040,442,100.0
49116.00,0.2020,2.1820,9.9260,-11.130,2.940,-0.820,442,100.0
49126.00,0.1330,2.0620,9.8950,-7.350,1.920,0.270,442,100.0
49136.00,0.1120,2.1050,9.9540,-3.120,0.860,0.850,442,100.0
49146.00,0.1070,2.3170,9.9140,-0.230,-0.320,1.440,443,100.0
49156.00,-0.0460,1.5810,9.8600,-2.080,0.090,4.990,443,100.0
49166.00,0.0700,2.1280,9.8850,-3.570,0.960,0.930,443,100.0
49176.00,0.0940,1.9820,9.9030,-2.420,0.610,1.280,443,100.0
49186.00,0.1110,2.0820,9.9000,-2.750,0.720,1.810,443,100.0
49196.00,0.1290,2.1020,9.9020,-1.890,0.590,2.370,444,100.0
49206.00,0.1390,2.0630,9.9250,0.300,0.050,2.880,444,100.0
49216.00,0.1350,1.9390,9.8020,-3.470,0.890,2.160,444,100.0
49226.00,0.1510,1.9980,9.8910,-8.100,2.270,0.320,444,100.0
49236.00,0.1180,2.0200,9.9080,-10.870,2.900,-0.840,444,100.0
49246.00,0.1190,2.0070,9.8450,-12.930,3.450,-1.450,445,100.0
49257.00,0.1430,2.1090,9.9620,-16.490,4.530,-1.820,445,100.0
49266.00,0.1610,2.2770,9.9930,-14.250,3.870,-1.030,445,100.0
49276.00,0.0900,2.0820,9.9300,-8.210,2.120,1.560,445,100.0
49286.00,0.1370,1.9980,9.9460,-3.760,0.930,2.370,445,100.0
49296.00,0.1430,1.8660,9.9150,2.950,-0.990,2.680,446,100.0
49306.00,0.1260,1.8220,9.9330,2.680,-0.900,2.950,446,100.0
49316.00,0.1010,1.7680,9.9380,4.730,-1.290,2.610,446,100.0
49326.00,0.1050,1.9230,9.9240,5.690,-1.570,1.770,446,100.0
49336.00,0.1050,1.9340,9.9740,6.830,-1.930,2.390,446,100.0
