ts_ms,ax,ay,az,gx,gy,gz,seq
4544.00,0.4760,2.3150,9.8700,1.340,-13.420,-41.520,0
4554.00,0.5460,2.8630,9.5910,3.970,-13.070,-43.060,0
4564.00,0.5140,3.2480,9.6960,-3.670,-11.720,-41.170,0
4574.00,0.5250,3.2670,9.6780,-0.030,-11.980,-34.450,0
4584.00,0.5680,3.1380,9.7100,2.480,-12.980,-20.160,0
4594.00,0.4920,3.2090,9.7080,6.940,-14.500,-12.350,1
4604.00,0.5740,2.8540,9.6550,15.450,-14.400,-5.400,1
4614.00,0.3720,2.2760,9.8030,12.720,-12.540,-2.130,1
4624.00,0.2090,2.1580,9.8970,15.660,-10.180,1.100,1
4634.00,0.3480,1.1960,10.1440,24.430,-7.280,4.270,1
4644.00,0.3540,0.8550,10.0960,29.540,-6.560,1.540,2
4654.00,0.5120,0.6010,10.1620,27.400,-6.260,-5.400,2
4664.00,0.7570,0.7760,10.1130,21.150,-7.610,-15.270,2
4674.00,0.8200,1.0150,9.9440,10.370,-9.410,-27.160,2
4684.00,0.9320,1.9100,9.8160,-7.170,-10.500,-39.090,2
4694.00,0.9820,2.7610,9.5770,-19.050,-10.410,-46.630,3
4704.00,0.9120,3.7280,9.5600,-27.800,-9.620,-46.510,3
4714.00,0.9120,4.3990,9.4200,-22.960,-8.750,-37.360,3
4724.00,0.8130,4.5910,9.3790,-13.800,-7.850,-22.080,3
4734.00,0.5490,3.2310,9.6260,-3.300,-5.880,-5.050,3
4744.00,0.6350,2.0050,10.2000,6.210,-5.540,5.090,4
4754.00,0.6840,1.8960,9.7810,23.920,-10.020,9.760,4
4764.00,0.5130,1.9410,9.9090,17.230,-9.310,8.890,4
4774.00,0.4920,1.5720,9.9360,16.100,-8.890,8.410,4
4784.00,0.3450,1.1250,10.1730,10.810,-8.520,5.070,4
4794.00,0.6190,1.4600,9.9110,18.700,-12.530,-6.090,5
4804.00,0.5790,2.8360,9.8280,1.200,-20.870,-10.990,5
4814.00,0.3900,3.4980,9.5410,0.430,-23.550,-6.070,5
4824.00,1.0160,3.7450,9.3890,11.000,-19.460,2.030,5
4834.00,1.1640,2.8110,9.6200,4.550,-14.070,8.360,5
4844.00,0.2960,2.2400,9.8010,-1.780,-9.690,10.440,6
4854.00,0.5130,1.6010,10.1100,10.320,-3.530,11.280,6
4864.00,1.2450,2.3670,9.6800,21.470,-2.880,7.470,6
4874.00,1.0450,2.7060,9.4600,9.270,-4.740,6.140,6
4884.00,0.8300,2.2220,9.9570,-5.530,-2.880,3.370,6
4894.00,0.7930,2.2690,9.7230,1.500,-3.340,1.890,7
4904.00,0.7940,2.2440,9.8390,-0.660,-1.750,0.750,7
4914.00,0.8560,2.2560,9.8080,-0.350,-1.760,-0.470,7
4924.00,0.8420,2.2820,9.8080,-4.040,-3.920,-0.540,7
4934.00,0.6920,2.2790,9.8650,-6.630,-5.980,0.080,7
4944.00,0.6780,2.2430,9.9360,2.360,-6.660,1.400,8
4954.00,0.7840,2.2600,9.8590,12.090,-7.330,2.460,8
4964.00,0.8010,2.2860,9.8320,14.190,-8.180,2.710,8
4974.00,0.8210,2.3120,9.7980,16.850,-9.060,2.920,8
4984.00,0.8310,2.3130,9.7890,17.150,-9.060,2.800,8
4994.00,0.8470,2.3230,9.7720,17.270,-9.500,1.130,9
5004.00,0.8630,2.4070,9.7570,13.930,-9.360,-0.940,9
5014.00,0.8740,2.3900,9.7770,6.730,-8.830,-2.200,9
5024.00,0.8820,2.4150,9.7680,0.960,-8.550,-2.990,9
5034.00,0.8980,2.4030,9.7650,-2.430,-8.430,-3.430,9
5044.00,0.8900,2.3890,9.7390,-3.670,-8.330,-3.860,10
5054.00,0.9090,2.4260,9.7340,-3.300,-7.750,-4.230,10
5064.00,0.9140,2.4040,9.7480,-1.940,-7.120,-3.900,10
5074.00,0.9220,2.4040,9.7350,-0.400,-6.580,-3.510,10
5084.00,0.9200,2.4040,9.6900,0.380,-5.820,-3.340,10
5094.00,0.9350,2.5190,9.6770,1.190,-4.190,-2.830,11
5104.00,0.9240,2.4890,9.6810,3.020,-2.250,-0.050,11
5114.00,0.9240,2.4720,9.6780,3.200,-0.260,2.390,11
5124.00,0.9100,2.4550,9.6680,1.890,1.890,3.930,11
5134.00,0.9080,2.4630,9.7420,1.690,3.900,5.110,11
5144.00,0.8810,2.3850,9.7770,4.270,4.370,6.450,12
5154.00,0.8860,2.3790,9.7830,3.970,4.110,5.910,12
5164.00,0.8810,2.4630,9.9060,4.110,3.640,5.020,12
5174.00,0.8620,2.3700,9.7740,-0.770,1.870,4.830,12
5184.00,0.8730,2.3880,9.7590,-2.800,0.730,3.970,12
5194.00,0.8600,2.4700,9.7550,-6.260,1.430,3.740,13
5204.00,0.8510,2.4030,9.7540,-6.790,2.170,5.370,13
5214.00,0.7920,2.3720,9.7730,-8.220,2.920,5.860,13
5224.00,0.7150,2.2980,9.8160,-10.780,3.830,6.510,13
5234.00,0.9360,2.2760,9.8230,-10.040,3.990,7.170,13
5244.00,0.8660,2.2940,9.8930,-5.000,3.230,6.350,14
5254.00,0.8380,2.3100,9.7780,4.690,2.320,4.700,14
5264.00,0.9780,2.1020,9.8660,3.780,1.200,3.550,14
5275.00,0.8320,2.4130,9.7380,2.130,-0.940,1.820,14
5284.00,0.7680,2.4000,9.7710,-0.730,-0.430,0.400,14
5294.00,0.7420,2.3410,9.7750,-0.850,0.000,0.170,15
5304.00,0.7650,2.3730,9.7710,0.920,1.200,0.010,15
5314.00,0.7870,2.3400,9.7710,0.290,2.040,0.140,15
5324.00,0.7770,2.3310,9.8040,-1.890,2.030,-0.010,15
5334.00,0.7890,2.3030,9.8050,-2.360,1.030,0.010,15
5344.00,0.7650,2.2940,9.8040,-4.000,-0.140,-1.170,16
5354.00,0.6360,2.2560,9.8260,-5.580,-1.620,-2.900,16
5364.00,0.7400,2.3040,9.8840,-4.190,-3.130,-4.270,16
5375.00,0.7580,2.3110,9.8380,-2.460,-5.930,-4.020,16
5385.00,0.2660,2.2600,9.8110,-3.570,-7.660,-3.650,16
5395.00,0.8200,2.1360,9.7750,7.010,-8.170,3.150,17
5405.00,0.7650,2.2910,9.9400,4.930,-7.610,3.690,17
5415.00,0.8860,2.0310,9.9360,14.310,-9.570,6.700,17
5425.00,0.8490,2.3830,9.7810,20.310,-11.700,7.080,17
5435.00,0.8670,2.7850,9.7230,17.760,-13.470,9.390,17
5445.00,0.9880,2.4940,9.7340,20.910,-13.120,13.240,18
5455.00,0.9590,2.4170,9.7500,24.020,-11.600,14.190,18
5465.00,1.0060,2.4890,9.7430,26.890,-11.550,14.150,18
5475.00,1.1560,2.4930,9.6750,27.580,-11.250,14.010,18
5485.00,1.1530,2.5000,9.6130,24.900,-10.270,10.650,18
5495.00,1.0030,2.6140,9.7010,19.330,-8.690,5.860,19
5505.00,1.1170,2.5430,9.6550,16.310,-7.710,4.910,19
5515.00,1.1710,2.4370,9.6760,13.440,-6.370,3.830,19
5525.00,0.9630,2.6260,9.6290,9.010,-4.810,0.840,19
5535.00,0.9650,2.6000,9.6350,3.220,-2.900,-0.680,19
5545.00,0.9720,2.6380,9.6760,-1.800,-1.310,-1.890,20
5555.00,0.9950,2.6280,9.7170,-2.800,-1.010,-2.380,20
5565.00,0.9610,2.6120,9.7180,-2.320,-1.410,-2.570,20
5575.00,0.9610,2.5650,9.7100,-2.640,-1.730,-3.480,20
5585.00,1.0450,2.6940,9.9000,-3.060,-2.460,-4.830,20
5595.00,0.7990,2.6660,9.7950,-6.720,-7.430,-1.550,21
5605.00,0.9640,3.0230,10.1200,-1.730,-10.860,2.170,21
5615.00,-0.8590,3.1210,9.5230,18.620,-20.730,13.140,21
5625.00,0.5010,3.2470,9.7800,34.700,-25.340,25.950,21
5635.00,1.7070,2.2500,9.5970,43.640,-25.130,37.250,21
5645.00,1.8000,2.2750,9.6400,38.650,-19.460,31.990,22
5655.00,1.0320,2.0370,9.7650,30.780,-17.600,22.170,22
5665.00,1.9410,2.7620,9.4710,29.960,-19.040,11.880,22
5675.00,1.6630,3.0470,9.2700,6.770,-14.990,4.740,22
5685.00,1.3630,2.9710,9.6710,-1.410,-8.200,3.670,22
5695.00,1.1740,2.8910,9.5680,11.490,-9.380,7.190,23
5705.00,1.3660,2.9730,9.6880,19.510,-9.710,9.780,23
5715.00,1.1730,2.8720,9.6330,24.930,-11.930,11.900,23
5725.00,0.8790,2.3170,9.6030,21.840,-12.160,11.270,23
5735.00,1.4270,2.5280,9.4970,23.830,-9.270,6.790,23
5745.00,1.5550,3.1980,9.4190,18.720,-5.890,1.410,24
5755.00,1.6110,3.5170,9.3510,16.880,-4.020,2.590,24
5765.00,1.6340,3.6310,9.1210,22.200,-1.550,9.060,24
5775.00,0.9260,2.7230,9.5250,20.470,4.140,11.970,24
5785.00,2.3430,4.3820,9.4240,-1.130,5.840,-7.280,24
5795.00,2.9650,3.0060,9.3210,-34.630,-0.590,-21.450,25
5805.00,1.5550,2.7630,9.2050,-10.780,6.090,-10.600,25
5815.00,1.2430,2.8270,10.0520,-10.860,9.150,-11.560,25
5825.00,1.1860,2.8730,9.9540,-24.430,3.570,-16.270,25
5835.00,1.2550,3.0930,9.6170,-10.790,-5.540,-14.840,25
5845.00,1.2750,3.1540,9.3080,-29.270,-7.700,-13.540,26
5855.00,1.2890,2.9810,9.3180,-15.430,-0.870,-4.740,26
5865.00,1.2400,2.8490,9.6820,-3.950,5.440,0.610,26
5875.00,1.2070,2.8230,9.5500,-4.280,4.180,1.080,26
5885.00,1.3980,2.9940,9.9350,-8.620,3.440,0.990,26
5895.00,0.9990,2.7370,9.5710,-14.210,1.920,2.030,27
5905.00,1.2210,2.5720,9.3970,-11.720,4.390,2.180,27
5915.00,1.2000,2.7610,9.5620,-10.430,6.300,-1.480,27
5925.00,1.1380,2.7170,9.6380,-15.080,6.240,-2.590,27
5935.00,1.1490,2.7320,9.7720,-11.180,7.350,-2.660,27
5945.00,1.3950,2.6580,9.8300,-17.080,7.000,-2.690,28
5955.00,0.9650,2.7070,9.5780,-16.370,5.190,-4.180,28
5965.00,1.2930,2.6950,9.8700,-14.490,4.460,-3.250,28
5975.00,0.7820,2.6210,9.6340,-7.820,0.980,-2.620,28
5985.00,0.7340,2.7250,9.5650,-7.500,0.490,-0.610,28
5995.00,1.2330,2.4490,9.7730,-14.220,1.940,2.870,29
6005.00,1.1560,2.5020,9.6930,-12.120,0.100,1.890,29
6015.00,1.2230,2.4170,9.7990,-11.760,-0.400,0.290,29
6025.00,1.2110,2.4940,9.9300,-7.560,-2.010,-0.590,29
6035.00,1.0830,2.4990,9.8290,-8.760,-6.020,-0.430,29
6045.00,1.0550,2.6150,9.9980,-1.260,-10.460,0.640,30
6055.00,1.1060,2.4860,9.8180,9.500,-16.870,3.640,30
6065.00,1.1850,2.4670,9.5900,21.570,-20.330,4.980,30
6075.00,2.2340,1.3770,10.5060,23.730,-18.880,3.410,30
6085.00,0.9520,1.2050,9.7440,4.230,-25.350,-8.270,30
6095.00,0.8840,1.7260,10.0000,-10.250,-25.630,-22.620,31
6105.00,0.9730,2.5260,9.6010,-16.940,-28.050,-29.190,31
6115.00,1.5120,1.5300,9.6700,-21.030,-25.560,-30.940,31
6126.00,1.6680,2.4810,9.7110,-15.540,-21.070,-39.840,31
6135.00,0.6860,3.7780,9.4430,-37.760,-16.640,-47.260,31
6145.00,0.9900,3.9360,9.6070,-19.840,-19.750,-32.210,32
6155.00,1.2220,4.1320,9.0190,-3.740,-23.460,-16.170,32
6165.00,1.3850,2.2240,9.4240,-3.160,-15.360,-4.490,32
6175.00,1.3590,2.4780,9.6810,-2.060,-7.470,-6.170,32
6185.00,1.3810,2.4830,9.6150,0.070,-5.070,-4.840,32
6195.00,1.1970,2.5860,9.5110,0.870,-3.880,-2.410,33
6205.00,1.2610,2.5670,9.6230,-0.910,-3.270,-0.920,33
6215.00,1.3510,2.5170,9.7440,1.890,-2.550,1.750,33
6225.00,1.4080,2.4450,9.7970,-0.590,-3.370,3.710,33
6235.00,1.2260,2.5490,9.6960,0.990,-5.110,6.170,33
6245.00,1.2650,2.4880,9.6760,0.560,-4.700,7.960,34
6255.00,1.3290,2.5130,9.7000,-2.110,-4.270,9.060,34
6265.00,1.3800,2.4690,9.6780,-3.580,-3.850,10.740,34
6275.00,1.3830,2.4440,9.6770,-5.370,-3.300,12.420,34
6285.00,1.0510,2.1930,9.4830,-6.440,-1.970,13.440,34
6296.00,1.4530,2.5470,9.8850,-3.480,2.870,12.530,35
6305.00,1.1290,2.1020,9.5670,-2.310,2.180,14.890,35
6315.00,1.1780,1.9620,9.8720,-2.920,5.140,12.120,35
6325.00,1.3170,2.0650,9.7790,1.550,4.670,9.600,35
6335.00,1.2890,1.6220,9.9360,0.610,4.190,5.860,35
6345.00,1.3850,2.2300,9.7980,2.460,2.430,0.240,36
6355.00,1.5330,2.8880,9.5740,3.970,0.890,-1.340,36
6365.00,1.1400,2.0900,9.9010,6.280,1.340,1.030,36
6375.00,1.4690,2.5650,9.8060,7.770,-2.240,-0.190,36
6385.00,1.5540,2.8070,9.6290,8.850,-5.020,0.000,36
6395.00,1.3770,2.3700,9.7840,10.710,-5.190,2.740,37
6406.00,1.5230,2.5360,9.6670,13.700,-3.410,3.060,37
6416.00,1.6780,2.5490,9.6670,12.420,-3.740,2.250,37
6426.00,1.5570,2.2760,9.5160,12.440,-3.370,0.940,37
6436.00,2.3150,1.9350,9.6430,17.060,3.530,-4.420,37
6446.00,0.9200,2.9520,10.2280,-4.110,1.730,-9.930,38
6456.00,1.0550,2.5860,9.8750,6.490,-7.380,-5.460,38
6466.00,1.3360,2.4580,9.6680,13.520,-14.280,-4.530,38
6476.00,1.5840,2.3600,9.6340,1.620,-14.780,-8.360,38
6486.00,1.4450,2.5980,9.7290,-8.010,-13.660,-14.120,38
6496.00,1.3130,2.6150,9.6510,-12.470,-15.080,-15.570,39
6506.00,1.4840,2.5540,9.6260,-10.620,-15.260,-13.750,39
6516.00,1.4600,2.4760,9.6410,-11.020,-14.570,-12.650,39
6526.00,1.4640,2.3960,9.5910,-12.840,-13.140,-12.980,39
6536.00,2.8400,2.4390,9.2920,-11.060,-9.240,-13.890,39
6546.00,0.8000,2.8650,9.7420,-19.680,-0.210,-18.110,40
6556.00,0.8210,2.0060,10.1260,-21.920,-1.150,-14.960,40
6566.00,1.3870,2.5590,9.6770,-2.130,-8.780,-10.430,40
6576.00,1.4710,2.2950,9.5250,-4.300,-8.820,-7.500,40
6586.00,1.5010,2.4020,9.7620,-11.510,-5.440,-9.290,40
6596.00,1.3410,2.4430,9.5780,-12.670,-5.540,-9.250,41
6606.00,1.4360,2.4410,9.6550,-2.080,-2.760,-4.020,41
6616.00,1.2450,2.3880,9.6950,-1.120,-1.550,-1.330,41
6626.00,1.2400,2.4590,9.7240,0.380,-0.290,1.610,41
6636.00,1.4350,2.4350,9.7610,3.360,-0.290,5.720,41
6646.00,1.4300,2.3980,9.7190,4.340,-0.710,8.450,42
6656.00,1.4120,2.4050,9.7720,4.770,-1.150,10.160,42
6666.00,0.7560,2.2060,9.3590,5.330,-1.010,10.970,42
6676.00,1.6130,2.3820,9.9260,11.230,2.990,10.480,42
6686.00,1.5400,2.3710,9.8680,9.030,0.010,11.000,42
6696.00,1.3000,2.2940,9.7130,5.860,-1.330,9.430,43
6706.00,1.3560,2.3300,9.7540,7.450,-0.990,8.430,43
6716.00,1.4420,2.3420,9.6260,6.100,-1.330,8.120,43
6726.00,1.5150,2.4270,9.7390,6.890,-0.960,7.750,43
6736.00,1.4270,2.3940,9.7510,5.210,-0.890,7.100,43
6746.00,1.4000,2.3550,9.6520,3.250,-0.910,6.660,44
6756.00,1.5560,2.4220,9.6100,6.210,-0.050,6.700,44
6766.00,1.5270,2.4670,9.6830,4.950,1.170,6.450,44
6776.00,1.7280,2.5660,9.8320,5.560,0.990,6.860,44
6786.00,1.5290,2.3440,9.6880,3.480,-0.940,7.070,44
6796.00,1.6450,2.1200,9.3390,0.700,-0.590,4.000,45
6806.00,0.5410,2.6520,9.7390,-10.340,10.990,-6.170,45
6816.00,1.3510,2.4310,9.9130,5.540,3.670,-0.750,45
6826.00,1.3730,2.4490,9.6650,12.510,-4.370,1.150,45
6836.00,1.3750,2.4100,9.7790,-0.330,-4.760,-0.400,45
6846.00,1.3670,2.7320,10.0610,-0.420,-8.050,-0.430,46
6856.00,1.6000,2.1260,8.7630,20.030,-12.110,5.510,46
6866.00,2.4320,1.7180,10.2360,36.800,0.560,3.810,46
6876.00,0.9270,2.9040,10.0020,25.320,-3.430,-0.050,46
6886.00,0.9850,3.2540,9.7250,47.440,-8.360,4.930,46
6896.00,1.8100,2.3190,9.8930,40.610,-13.700,9.100,47
6906.00,1.6510,1.6950,9.7560,17.210,-16.320,0.840,47
6916.00,1.5010,3.2090,9.4970,4.210,-17.850,-9.500,47
6926.00,0.7560,3.5400,9.4270,-1.780,-20.820,-8.130,47
6936.00,2.1000,2.3420,9.9490,7.490,-21.140,-2.460,47
6946.00,1.3690,2.8010,9.0920,-5.160,-21.710,-6.380,48
6956.00,1.5780,2.8180,9.5640,-4.930,-14.800,-7.590,48
6966.00,3.1930,2.4130,9.3300,-6.540,-12.400,-6.860,48
6976.00,0.7020,2.6910,8.9260,-13.790,-5.320,-14.210,48
6986.00,0.3600,3.3340,10.1140,-17.090,5.540,-15.200,48
6996.00,2.3740,2.3430,9.9870,8.290,-2.640,-2.850,49
7006.00,1.5240,2.6280,9.8390,-4.000,-1.130,-10.860,49
7016.00,1.5610,2.5100,9.6130,-3.620,-5.880,-12.250,49
7026.00,1.5640,2.9000,9.6800,-10.370,-6.100,-15.730,49
7036.00,2.8720,2.8680,9.3850,-7.330,-4.320,-13.350,49
7046.00,0.2150,2.6300,9.9420,-31.670,-3.130,-14.310,50
7056.00,1.5140,2.6670,10.0630,-19.960,-11.650,-7.070,50
7066.00,1.5510,2.5290,9.7890,-8.900,-20.930,-5.300,50
7076.00,1.6400,2.5980,9.4790,-22.170,-22.190,-8.600,50
7086.00,1.6220,2.6400,9.6690,-21.700,-19.580,-7.490,50
7096.00,1.6600,2.5470,9.6010,-19.840,-19.650,-5.020,51
7106.00,1.6820,2.4750,9.4920,-15.220,-18.460,-3.500,51
7116.00,1.6980,2.4990,9.6040,-9.850,-15.170,-2.880,51
7126.00,1.7100,2.4820,9.6230,-8.270,-13.580,-2.170,51
7136.00,1.7210,2.4760,9.6570,-5.470,-12.950,-1.060,51
7147.00,1.7430,2.4750,9.6430,-3.710,-12.880,0.120,52
7156.00,1.7640,2.5300,9.5830,-3.110,-12.400,1.500,52
7166.00,1.7620,2.4390,9.5060,-4.300,-10.430,3.690,52
7176.00,2.1550,1.7930,8.2460,1.750,-0.730,1.400,52
7186.00,1.4320,3.1890,10.4980,-1.410,17.760,-3.880,52
7196.00,1.4200,2.2910,9.9400,-1.010,6.230,7.870,53
7206.00,1.8400,2.5750,9.5890,7.590,3.160,4.000,53
7216.00,1.7830,2.3920,9.6940,5.670,3.670,6.140,53
7226.00,1.6250,2.5660,9.6520,-0.640,2.600,5.350,53
7236.00,1.7880,2.4560,9.6450,5.330,2.110,8.410,53
7246.00,1.5640,2.3580,9.5760,5.190,3.060,9.850,54
7256.00,1.6710,2.5600,9.6720,12.330,4.790,10.640,54
7266.00,1.5920,2.4650,9.6170,18.390,5.370,13.170,54
7276.00,1.6800,2.5000,9.7310,16.740,6.230,14.070,54
7286.00,1.6520,2.4510,9.6710,15.500,5.680,14.490,54
7296.00,1.6800,2.5610,9.5880,17.290,5.250,14.170,55
7306.00,2.1890,2.6900,9.5070,14.380,7.050,13.210,55
7317.00,1.0850,2.3430,9.6890,10.550,10.810,12.680,55
7327.00,1.9210,2.4750,9.7380,13.840,9.450,10.860,55
7336.00,2.2280,2.8480,9.2450,9.080,10.710,6.210,55
7346.00,1.5540,2.7230,9.4600,-13.370,21.700,3.780,56
7356.00,1.4890,2.6990,9.9870,5.600,20.310,10.930,56
7366.00,1.5270,2.4980,9.6860,12.400,12.810,12.890,56
7376.00,1.5310,2.4760,9.2970,13.910,10.390,11.280,56
7386.00,1.3630,2.7290,10.0940,26.350,11.980,10.390,56
7396.00,1.0830,2.0260,10.0850,22.610,6.730,7.500,57
7406.00,-0.4470,3.1100,8.7130,36.850,6.890,-5.180,57
7416.00,1.2690,3.7740,9.5070,54.610,14.710,1.540,57
7427.00,1.3480,3.9030,9.3650,81.300,20.050,10.600,57
7437.00,1.9520,3.7240,9.1020,66.780,26.300,16.250,57
7447.00,2.0250,2.6120,10.2050,40.210,29.360,18.810,58
7457.00,1.3200,2.8070,9.9420,-39.230,19.950,13.170,58
7467.00,1.6800,3.5850,9.3530,-36.590,11.140,10.090,58
7477.00,1.0320,3.5420,9.5460,-23.410,13.720,18.630,58
7487.00,1.1440,4.3020,9.1210,-14.330,12.460,25.250,58
7497.00,1.2460,3.5940,9.3630,-11.830,13.230,35.340,59
7507.00,0.9610,2.9940,9.8340,0.030,16.850,41.420,59
7517.00,1.3620,1.6340,9.8350,25.670,18.140,42.920,59
7527.00,1.0380,1.0700,10.3920,13.890,14.990,35.190,59
7537.00,0.8790,1.5140,10.1690,14.050,6.000,25.420,59
7547.00,1.4040,2.5860,9.7100,11.490,-0.640,23.310,60
7557.00,1.3260,2.6780,9.8040,10.250,-4.600,21.280,60
7567.00,1.3130,2.7910,9.6620,17.080,-8.390,18.140,60
7577.00,1.1430,2.6930,9.7990,14.240,-11.950,19.180,60
7587.00,1.1100,2.3560,9.7770,20.580,-14.330,20.290,60
7597.00,1.2100,2.4570,9.8520,22.990,-15.260,16.790,61
7607.00,0.7620,3.1140,9.7910,29.990,-17.460,6.750,61
7617.00,1.4720,3.9480,9.2970,50.900,-23.740,2.110,61
7627.00,1.1280,4.0250,9.0040,60.620,-24.670,4.560,61
7637.00,1.4810,3.8750,9.2190,42.960,-21.240,6.450,61
7647.00,0.8230,3.2700,9.2120,37.340,-18.690,8.470,62
7657.00,1.8930,3.8210,9.3410,41.100,-15.710,3.500,62
7667.00,0.9450,3.4760,9.2000,31.080,-17.250,8.120,62
7677.00,1.1940,3.4730,9.2360,21.330,-7.030,5.260,62
7687.00,1.2070,3.4130,9.6250,37.590,4.090,2.900,62
7697.00,1.6920,3.2840,9.3650,50.990,7.170,1.690,63
7707.00,1.4020,3.2750,9.4310,46.650,8.870,0.700,63
7717.00,1.9870,3.1280,9.4610,45.020,6.680,-0.430,63
7727.00,2.1990,3.2130,9.4520,42.190,3.620,-3.510,63
7737.00,2.2210,3.1260,9.4860,33.910,-2.320,-6.800,63
7747.00,2.2390,3.8060,8.9490,22.970,-13.910,-13.070,64
7757.00,2.2550,4.8670,8.7420,4.630,-19.070,-16.370,64
7767.00,2.0270,5.3990,8.3160,-1.100,-21.980,-15.190,64
7777.00,1.7570,5.6290,8.0790,-6.800,-18.270,-11.000,64
7787.00,1.6220,4.0300,8.9700,-25.200,-4.170,-8.490,64
7797.00,1.4570,3.9110,9.3660,-26.110,0.790,-9.210,65
7807.00,1.4500,3.8710,9.1860,-6.610,2.860,-8.070,65
7817.00,1.5000,3.9120,9.2060,-11.860,9.890,-6.290,65
7827.00,1.4830,3.9240,9.1380,-7.590,11.240,-4.520,65
7837.00,1.5780,3.9790,9.2050,-9.950,11.240,-2.730,65
7847.00,1.5640,3.9450,9.1400,-11.740,8.760,-0.420,66
7857.00,1.6900,3.9030,9.1630,-15.340,7.200,0.210,66
7867.00,1.8080,4.1020,9.0180,-18.110,5.060,0.580,66
7877.00,1.5780,4.0100,9.1470,-26.750,4.070,1.510,66
7887.00,1.5840,3.9080,9.2030,-27.100,3.230,1.910,66
7897.00,1.6400,4.0860,9.0060,-25.270,1.970,1.650,67
7907.00,1.6430,4.1370,9.1160,-30.030,2.280,2.120,67
7917.00,1.5700,3.9760,9.1930,-30.660,1.530,4.260,67
7927.00,1.6290,3.9580,9.1630,-26.510,0.200,7.110,67
7937.00,1.6160,4.0180,9.1350,-24.710,-0.350,8.630,67
7947.00,1.5640,3.6810,9.2730,-24.900,0.040,9.400,68
7957.00,1.5660,3.5600,9.3340,-24.340,-0.140,9.440,68
7967.00,1.5300,3.2590,9.3510,-27.160,-0.600,8.180,68
7977.00,1.4290,3.4690,9.4120,-32.040,-0.790,5.730,68
7987.00,1.4950,3.7390,9.2630,-27.230,-0.050,5.640,68
7997.00,1.5030,3.4690,9.3160,-26.330,1.560,7.340,69
8007.00,1.3680,3.2660,9.4070,-29.540,2.960,8.120,69
8017.00,1.0570,3.2980,9.4220,-25.410,6.570,6.860,69
8027.00,1.5000,3.3080,9.5030,-23.290,10.170,8.160,69
8037.00,1.2440,2.8880,9.5950,-10.110,12.870,8.720,69
8047.00,1.3500,2.7060,9.7130,-7.280,13.030,7.270,70
8057.00,1.3000,2.6170,9.7620,-1.550,11.730,6.090,70
8067.00,1.3690,2.5530,9.7180,3.180,10.440,2.960,70
8077.00,1.3950,2.7010,9.6410,1.320,9.070,-0.760,70
8087.00,1.3920,3.1040,9.5380,-0.780,7.650,-3.490,70
8097.00,1.4020,3.3220,9.3890,-1.520,6.310,-3.360,71
8107.00,1.4410,3.4480,9.3730,-6.890,6.040,-3.240,71
8117.00,1.3610,3.3900,9.4240,-10.130,6.080,-2.140,71
8127.00,1.3410,3.3160,9.4880,-9.220,6.250,-0.720,71
8137.00,1.3780,3.3210,9.4270,-6.140,5.760,0.760,71
8147.00,1.3080,3.4970,9.4630,-8.120,5.400,1.950,72
8157.00,1.1800,3.5760,9.4030,-3.440,4.870,4.270,72
8167.00,1.3190,3.2450,9.5400,0.170,4.710,7.510,72
8177.00,1.3320,2.9920,9.5100,5.870,3.890,8.670,72
8187.00,1.2650,2.7700,9.6220,-0.560,3.490,6.720,72
8197.00,1.3310,3.3790,9.4950,-4.490,2.610,5.830,73
8207.00,1.3910,3.0560,9.4500,-0.280,2.440,7.760,73
8217.00,1.4240,2.9400,9.5500,-1.760,2.770,7.740,73
8227.00,1.3630,3.2510,9.4930,-0.920,3.240,7.790,73
8237.00,1.5680,3.0690,9.4730,2.370,3.980,8.790,73
8247.00,1.5700,3.1630,9.4210,1.730,5.100,7.440,74
8257.00,1.5000,3.2370,9.4640,-2.010,5.900,6.860,74
8267.00,1.5660,3.2180,9.4890,0.960,6.340,7.690,74
8277.00,1.5570,3.2570,9.4240,3.510,5.820,7.950,74
8287.00,1.4890,3.2760,9.4340,1.990,5.550,7.830,74
8297.00,1.4220,3.2790,9.4700,2.580,5.710,7.390,75
8307.00,1.4260,3.2930,9.4120,3.910,5.480,7.200,75
8317.00,1.4060,3.2910,9.4820,4.770,5.990,7.090,75
8327.00,1.5400,3.2990,9.3960,5.050,4.750,6.710,75
8337.00,1.2990,3.3720,9.4370,-2.920,3.120,7.580,75
8347.00,1.3800,3.3460,9.4240,-1.330,2.860,7.760,76
8357.00,1.4330,3.3140,9.4260,-1.970,1.980,7.910,76
8367.00,1.4270,3.2920,9.4460,-4.200,0.970,7.130,76
8377.00,1.4290,3.2840,9.4270,-4.530,0.000,6.090,76
8387.00,1.4040,3.2470,9.4990,-5.510,0.090,4.170,76
8397.00,1.4450,3.2930,9.3910,-2.520,-0.470,2.330,77
8407.00,1.4890,3.3330,9.4190,-5.120,-0.810,1.000,77
8417.00,1.4990,3.3100,9.4310,-3.040,-0.950,0.760,77
8427.00,1.5190,3.3150,9.3710,-3.440,-1.280,-0.490,77
8437.00,1.4780,3.2900,9.4160,-8.170,-0.860,-2.120,77
8447.00,1.4890,3.2780,9.4210,-8.820,-0.370,-3.080,78
8458.00,1.4820,3.2700,9.4030,-7.980,0.640,-4.330,78
8468.00,1.4750,3.2960,9.4150,-10.130,1.280,-5.870,78
8478.00,1.5580,3.2570,9.4520,-12.600,0.920,-6.040,78
8488.00,1.4460,3.2600,9.4030,-12.700,1.060,-6.230,78
8498.00,1.4440,3.2630,9.4540,-14.590,1.910,-7.040,79
8508.00,1.4150,3.2430,9.4750,-14.080,2.110,-6.530,79
8518.00,1.4230,3.2210,9.4760,-11.900,2.250,-5.530,79
8528.00,1.4510,3.1900,9.4610,-10.650,2.700,-5.130,79
8538.00,1.4480,3.2180,9.4660,-9.450,3.750,-5.640,79
8548.00,1.4240,3.2070,9.4600,-9.620,4.570,-5.450,80
8558.00,1.4290,3.2050,9.4880,-9.200,5.570,-4.500,80
8568.00,1.4080,3.2120,9.4800,-6.520,6.290,-3.570,80
8578.00,1.4220,3.1770,9.4870,-5.390,6.530,-2.540,80
8588.00,1.4140,3.1920,9.4600,-3.880,7.390,-2.420,80
8598.00,1.3890,3.1930,9.5110,-2.100,8.510,-2.050,81
8608.00,1.5500,3.3200,9.4490,0.960,8.950,-1.190,81
8618.00,1.1800,3.0400,9.5380,-2.780,11.590,2.580,81
8628.00,1.3180,3.2310,9.4560,-0.980,13.460,3.610,81
8638.00,1.0930,3.2630,9.3540,1.640,17.870,4.470,81
8648.00,1.1070,3.1210,9.3940,-2.240,24.170,3.400,82
8658.00,0.9360,3.0830,9.4950,-6.300,30.750,1.580,82
8668.00,1.0390,2.9830,9.5830,-1.990,37.370,-2.000,82
8678.00,0.7460,2.9680,9.5100,4.390,42.670,-5.850,82
8688.00,0.3420,3.0200,9.4070,5.170,51.390,-12.320,82
8698.00,0.8590,3.2810,9.1250,4.110,63.640,-19.450,83
8708.00,0.6290,3.4520,9.3720,1.590,74.220,-25.970,83
8718.00,0.5530,3.7600,9.2190,-8.610,79.670,-31.360,83
8728.00,0.4090,4.1940,9.2880,-8.850,87.450,-32.620,83
8738.00,0.2410,4.1220,9.2940,3.620,90.940,-27.760,83
8748.00,0.7410,4.3770,9.8570,-3.710,90.710,-24.450,84
8758.00,0.8080,5.0080,11.0970,-17.010,81.890,-22.630,84
8768.00,1.1000,5.3280,11.5380,-15.890,66.730,-14.860,84
8778.00,0.6060,5.1540,11.0410,-21.710,45.170,-0.060,84
8788.00,0.4270,5.0950,10.2350,1.920,16.650,15.320,84
8798.00,0.4400,4.3520,8.4130,17.210,-6.140,34.620,85
8808.00,0.6130,2.9320,6.7340,34.010,-15.140,52.470,85
8818.00,0.5630,-0.1360,3.4770,50.460,-4.180,61.270,85
8828.00,0.6620,-1.8830,3.0080,50.430,15.970,53.150,85
8838.00,1.9680,0.7710,6.0610,26.800,35.670,30.590,85
8848.00,-3.0650,5.8710,16.5460,-10.620,-3.540,4.480,86
8858.00,0.1720,-0.9400,6.9820,41.780,-59.710,9.940,86
8868.00,-0.1910,4.9260,9.8330,-71.010,-92.510,2.120,86
8878.00,0.1850,4.4190,9.6110,-32.110,-94.940,3.520,86
8888.00,0.9550,3.2530,8.9100,20.350,-93.820,14.490,86
8898.00,0.9230,3.8120,9.2670,-34.450,-89.710,18.330,87
8908.00,0.9810,3.6350,9.2440,-27.870,-80.870,16.230,87
8918.00,1.3890,3.2050,9.1220,-19.630,-69.020,14.110,87
8928.00,1.4910,3.2390,9.2860,-30.200,-55.790,8.350,87
8938.00,1.5440,3.1280,9.3490,-27.310,-43.840,5.110,87
8948.00,1.7460,3.1130,9.2940,-21.750,-33.480,4.240,88
8958.00,1.7320,3.0470,9.3080,-22.960,-23.610,4.410,88
8968.00,1.7240,3.0610,9.3340,-21.500,-12.480,3.350,88
8978.00,1.7220,2.9830,9.3400,-16.200,-0.630,2.100,88
8988.00,1.6430,2.9490,9.4860,-15.190,8.860,0.970,88
8998.00,1.5520,2.9320,9.5010,-11.070,14.040,0.320,89
9008.00,1.4950,2.9370,9.5230,-10.040,16.070,-0.180,89
9018.00,1.3560,3.0500,9.5370,-14.570,14.020,-3.050,89
9028.00,1.2740,3.1010,9.6030,-15.760,12.380,-3.940,89
9038.00,1.2220,3.0300,9.6230,-14.770,9.160,-3.170,89
9048.00,1.1660,2.9280,9.6700,-13.260,5.540,-2.610,90
9058.00,1.2210,2.9240,9.6550,-10.480,1.950,-2.840,90
9068.00,1.2370,2.8420,9.6760,-10.850,-1.420,-3.470,90
9078.00,1.3670,2.8710,9.8790,-5.860,-5.690,-3.430,90
9088.00,1.2210,3.0660,9.5340,12.140,-9.920,-2.050,90
9098.00,1.3870,3.0950,9.5480,12.960,-10.960,-1.630,91
9108.00,1.4820,2.9410,9.5730,15.110,-12.410,-0.390,91
9118.00,1.5230,3.0470,9.4910,15.660,-13.270,-0.550,91
9128.00,1.6000,3.0230,9.4860,13.780,-12.990,-1.230,91
9138.00,1.5320,3.3510,9.3330,11.720,-12.180,-2.090,91
9148.00,1.6600,3.8760,9.0910,6.150,-9.710,-0.250,92
9158.00,1.7040,2.1390,9.8840,-1.680,-6.040,3.940,92
9168.00,1.6530,2.9150,9.3840,3.830,-6.200,0.300,92
9178.00,1.6910,3.0980,9.4030,-0.870,-3.080,-1.190,92
9188.00,1.7860,3.0110,9.4500,-4.970,0.130,-0.230,92
9198.00,1.7060,3.0870,9.4250,-6.330,2.370,0.650,93
9208.00,1.6590,3.0890,9.3940,-8.150,4.800,1.670,93
9218.00,1.6310,3.0590,9.4420,-11.930,7.530,1.580,93
9228.00,1.6190,3.0340,9.4640,-18.300,11.560,0.630,93
9238.00,1.5940,3.0010,9.4740,-20.100,12.900,0.510,93
9248.00,1.7610,3.0480,9.6010,-20.030,13.100,0.020,94
9258.00,1.5580,2.9670,9.5650,-14.120,11.120,1.110,94
9268.00,1.5900,2.9310,9.6080,-9.570,9.400,0.580,94
9278.00,1.5860,2.9980,9.5460,-3.340,7.900,-0.280,94
9288.00,1.5310,2.9610,9.4980,-3.690,6.660,-1.000,94
9298.00,1.5630,3.1020,9.5460,-6.730,6.170,-1.750,95
9308.00,1.4480,2.8170,9.5590,-4.530,5.310,-1.090,95
9318.00,1.6550,3.1230,9.5440,-6.630,3.770,-1.750,95
9328.00,1.5240,2.9550,9.5480,-5.320,1.490,-0.980,95
9338.00,1.5990,2.9910,9.5180,0.500,0.510,-1.670,95
9348.00,1.6760,3.1950,9.5470,5.700,-0.560,-2.580,96
9358.00,1.5520,3.2120,9.4210,7.850,-1.380,-1.880,96
9368.00,1.5930,3.2010,9.4260,5.680,-0.260,-1.110,96
9378.00,1.5860,3.4100,9.4210,4.860,0.500,0.210,96
9388.00,1.4470,2.9650,9.5760,6.380,0.920,2.140,96
9398.00,1.4230,3.1460,9.3730,6.420,1.720,2.420,97
9408.00,1.4180,2.9240,9.5150,1.310,3.930,3.290,97
9418.00,1.3160,2.5930,9.6990,-4.070,5.360,2.750,97
9428.00,1.4420,2.9890,9.5920,-9.430,5.360,-2.870,97
9438.00,1.4200,2.9920,9.5300,-8.900,4.400,-2.980,97
9448.00,1.4300,3.0230,9.4680,-10.670,4.150,-3.570,98
9458.00,1.3230,3.2820,9.3460,-15.940,5.850,-5.040,98
9469.00,1.4410,3.4510,9.3110,-24.650,9.610,-5.080,98
9479.00,1.3200,3.3750,9.5960,-26.320,13.040,-1.470,98
9489.00,1.2050,2.8960,9.6260,-2.690,15.490,3.420,98
9499.00,1.2140,2.6030,9.6200,4.470,17.170,5.100,99
9509.00,1.3890,2.8580,9.6070,-0.560,18.140,2.910,99
9519.00,-2.0550,5.7420,2.7450,3.900,34.550,4.480,99
9529.00,1.6010,-0.6320,14.2130,-167.420,212.680,1.260,99
9539.00,-0.9630,1.9420,14.5970,-218.500,74.960,-2.840,99
9549.00,0.5520,3.7530,9.0240,165.700,7.850,22.530,100
9559.00,0.9820,3.1860,9.0990,176.900,10.100,36.000,100
9569.00,2.7300,1.3110,8.6840,121.160,36.550,31.420,100
9579.00,-2.1020,-0.0640,10.3830,27.220,55.380,6.580,100
9589.00,-0.7250,0.5910,10.6310,34.000,77.200,-17.070,100
9599.00,0.6240,0.7630,11.1010,41.750,86.510,-32.960,101
9609.00,0.3300,2.1100,12.2020,3.040,88.610,-54.410,101
9619.00,-0.9020,3.5650,13.2640,-16.060,81.840,-72.210,101
9629.00,-1.5440,6.7510,13.8530,-31.720,61.920,-85.840,101
9639.00,-1.5900,7.8420,14.3600,-32.090,51.880,-73.640,101
9649.00,-2.2240,8.3070,14.6470,-21.220,37.350,-48.090,102
9659.00,-2.8490,7.9830,15.0260,2.480,17.450,-13.150,102
9669.00,-2.6530,7.2870,15.2240,22.080,-6.340,22.140,102
9679.00,-2.5350,5.9620,15.1710,42.620,-32.950,52.490,102
9689.00,-2.2210,4.7660,14.6170,53.530,-60.180,69.930,102
9699.00,-2.1710,3.5760,13.3800,55.850,-86.420,75.800,103
9709.00,-1.8110,2.9220,11.6010,45.550,-107.520,69.150,103
9719.00,-1.5250,3.1160,10.0490,21.060,-116.830,53.030,103
9729.00,-1.7670,3.8960,9.0710,-2.060,-117.550,34.880,103
9739.00,-1.3390,4.9690,8.4430,-21.010,-117.220,20.510,103
9749.00,-0.6170,6.1530,8.1060,-35.030,-116.040,14.140,104
9759.00,-0.2040,7.1010,7.6890,-30.220,-116.270,20.670,104
9769.00,-0.1500,7.2390,6.6740,-13.050,-119.420,42.040,104
9779.00,-0.2120,6.2950,5.5480,10.930,-121.500,69.390,104
9789.00,0.3660,5.5830,4.1510,18.820,-119.750,86.260,104
9799.00,1.6610,5.3880,3.1380,18.180,-110.500,95.290,105
9809.00,3.0430,4.8370,2.8280,16.790,-95.570,105.550,105
9819.00,4.1010,4.5480,2.2860,11.420,-78.910,112.180,105
9829.00,4.0650,3.4180,1.5460,16.950,-46.130,122.240,105
9839.00,4.1740,2.8710,1.2400,23.060,-28.700,127.180,105
9849.00,4.4250,2.2810,0.8650,33.300,-8.610,133.510,106
9859.00,4.1670,1.2640,0.8850,49.430,15.690,141.280,106
9869.00,3.9440,0.0370,1.1180,58.930,40.620,143.700,106
9879.00,4.1750,-0.9580,1.7850,57.780,64.880,136.570,106
9889.00,3.7250,-1.8020,2.5800,50.080,86.950,121.020,106
9899.00,2.9330,-2.1370,3.5160,38.620,105.460,98.070,107
9909.00,2.4210,-1.8550,4.4270,22.760,116.980,73.070,107
9919.00,2.8290,-1.0910,5.0580,5.400,121.960,52.700,107
9929.00,2.6340,-0.5530,5.2630,0.570,124.660,41.180,107
9939.00,2.2560,-0.1610,5.5040,2.360,129.890,34.990,107
9949.00,1.4580,-0.1420,5.8000,13.450,136.540,35.340,108
9959.00,0.3970,-0.7130,6.3110,36.620,142.210,43.300,108
9969.00,0.3920,-2.5840,7.1060,76.770,144.190,56.860,108
9979.00,0.9430,-5.3080,8.0570,120.900,142.390,56.840,108
9989.00,0.8380,-7.2560,7.8020,132.990,138.900,23.190,108
9999.00,0.3640,-7.7710,7.7020,105.890,145.410,-40.480,109
10009.00,-0.9540,-6.0080,8.0800,42.410,161.040,-119.690,109
10019.00,-2.6400,-2.9090,8.7670,-18.760,179.730,-187.620,109
10029.00,-5.9820,1.8950,11.7370,-81.900,209.520,-253.210,109
10039.00,-5.0540,4.5890,12.1920,-95.480,208.820,-270.310,109
10049.00,-4.0300,5.0750,11.5530,-11.930,210.600,-255.540,110
10059.00,-9.8110,12.8900,32.7670,123.950,119.850,-228.380,110
10069.00,-3.6940,11.2550,32.1930,84.060,-11.450,-189.000,110
10079.00,-2.6870,6.3030,7.7000,-111.420,-73.330,-156.910,110
10089.00,-2.5160,4.7600,0.7800,-77.590,-49.680,-135.450,110
10099.00,-1.3570,4.0730,7.2230,7.570,-0.740,-119.480,111
10109.00,-1.1640,5.8670,8.6900,13.730,25.310,-108.070,111
10119.00,-1.5330,11.5330,18.7770,83.010,12.150,-75.550,111
10129.00,-2.2460,6.1230,10.6330,54.510,-23.030,-27.900,111
10139.00,-2.3400,-0.1800,6.5390,30.060,-19.460,-26.600,111
10149.00,-2.8150,0.7660,10.6940,-11.090,-7.540,-72.730,112
10159.00,-3.5790,23.6180,10.8770,-8.200,-11.150,-94.520,112
10169.00,-1.6890,7.3280,10.3770,-49.750,-30.960,-40.810,112
10179.00,-2.1030,4.4790,8.9760,-65.310,-33.670,-40.800,112
10189.00,-2.6400,6.6690,10.6610,-64.220,-32.690,-46.540,112
10199.00,-1.0750,4.7490,11.0570,-59.410,-31.200,-39.710,113
10209.00,-1.2440,4.1400,10.8760,-59.080,-35.750,-42.580,113
10219.00,-3.1260,4.4470,8.9930,-64.750,-37.000,-37.680,113
10229.00,-2.3250,3.5180,9.5580,12.030,8.620,-4.760,113
10239.00,-0.2590,2.7690,10.3110,47.310,23.810,6.020,113
10249.00,-1.1030,2.5540,9.7660,49.830,26.550,3.240,114
10259.00,-2.3960,3.1390,10.3980,39.190,27.880,-8.460,114
10269.00,-3.8810,4.9060,11.0540,18.250,20.920,-22.810,114
10279.00,-1.4600,3.1160,8.7180,-43.920,14.220,-35.900,114
10289.00,-1.8740,3.7200,9.9400,-47.930,6.460,-43.090,114
10299.00,-0.8300,3.7190,10.0630,-53.580,-2.080,-44.590,115
10309.00,-0.4400,1.9590,8.0850,-68.190,-4.740,-41.690,115
10319.00,0.0400,4.3030,8.0540,-52.390,-1.160,-34.570,115
10329.00,-1.0010,3.9270,11.1150,-19.560,13.310,-5.380,115
10339.00,-1.3310,2.8240,10.3920,-17.970,16.750,21.060,115
10349.00,-3.7050,3.6460,11.5310,-37.080,24.590,17.770,116
10359.00,-4.5060,3.0780,10.4140,-78.890,17.720,5.290,116
10369.00,-4.8160,4.7970,9.4870,-92.360,5.400,8.750,116
10379.00,-5.9710,5.5390,10.7900,-80.500,-5.480,24.500,116
10389.00,-0.3130,10.8610,11.6200,-62.450,-27.180,49.740,116
10399.00,-0.7750,12.0070,12.2880,24.700,-53.080,136.220,117
10409.00,-3.6200,-20.4520,5.0220,-46.350,-46.600,182.090,117
10419.00,0.7690,-4.5890,7.7890,-171.970,-2.420,21.810,117
10429.00,-3.0040,5.2700,12.0150,-51.450,-98.650,-9.230,117
10439.00,-0.7030,5.6230,15.9960,6.470,-111.910,23.190,117
10449.00,-0.1360,12.8080,16.6880,-23.080,-172.030,64.470,118
10459.00,-3.9300,8.6220,11.5170,54.210,-214.880,146.480,118
10469.00,-3.9320,3.5540,7.6530,71.900,-225.820,199.890,118
10479.00,-2.4780,1.1640,5.0830,40.980,-211.870,208.810,118
10489.00,-0.6890,-0.2500,5.2400,13.210,-176.120,206.660,118
10500.00,-2.2560,-2.0870,5.1270,-10.670,-139.200,193.200,119
10510.00,-1.7400,-5.7360,8.2420,-2.430,-100.380,127.610,119
10520.00,-2.2860,-6.5800,9.8120,-70.280,-93.640,-4.330,119
10530.00,5.2610,7.3620,-1.5670,-179.580,-131.010,-143.430,119
10540.00,3.4200,-10.6630,6.5190,168.540,-85.280,3.540,119
10550.00,1.1600,-11.0030,9.8820,139.610,5.260,-41.440,120
10560.00,-1.7630,-9.8410,10.0910,75.230,14.530,-144.290,120
10570.00,-3.7530,-5.8200,8.3400,-11.790,7.340,-237.970,120
10580.00,-3.3970,-0.8960,8.6160,-58.740,14.480,-291.570,120
10590.00,-2.1270,4.7180,10.0170,-70.290,24.100,-307.990,120
10600.00,-0.1230,11.2760,10.3600,-59.480,27.830,-286.010,121
10610.00,0.3780,15.4460,11.2100,-14.100,29.000,-214.730,121
10620.00,1.2170,17.4730,9.4660,23.150,14.160,-115.150,121
10630.00,-0.2340,8.5190,6.0680,84.780,9.810,2.160,121
10640.00,0.3660,4.0390,6.7030,181.750,55.570,132.740,121
10650.00,0.5390,-0.0400,8.4690,199.200,79.140,131.800,122
10660.00,0.2120,-1.8130,9.6820,163.850,88.380,92.600,122
10670.00,-0.7700,-1.9070,10.0330,130.980,83.530,39.830,122
10680.00,-0.8210,-0.1610,10.0950,100.550,75.410,-9.750,122
10690.00,-0.8900,2.3290,8.4670,75.160,65.670,-46.550,122
10700.00,-2.0810,4.3710,6.6480,65.550,66.120,-60.850,123
10710.00,-2.0450,6.3200,5.9120,73.840,84.060,-54.250,123
10720.00,-0.7650,7.5290,8.2450,85.870,115.840,-35.420,123
10730.00,-1.6000,7.2820,9.2120,87.580,133.200,-14.210,123
10740.00,-3.0720,5.2160,8.8390,86.110,141.740,6.220,123
10750.00,-3.2090,1.6170,11.0210,96.520,148.410,12.150,124
10760.00,-2.7460,3.3330,22.6430,79.040,113.390,-10.080,124
10770.00,-3.3580,2.1570,14.4810,-28.360,0.880,-35.350,124
10780.00,1.0070,8.6170,8.3110,-58.480,-11.880,-63.930,124
10790.00,0.8240,13.5970,9.4910,-110.320,-21.350,-38.100,124
10800.00,-1.2570,5.8130,9.1920,-135.520,-29.650,3.280,125
10810.00,-1.2370,2.8010,9.0250,-136.270,-22.160,7.980,125
10820.00,-1.2410,3.7440,9.2110,-131.070,-12.570,1.580,125
10830.00,-1.4700,3.2930,9.0920,-114.990,0.670,-4.590,125
10840.00,-1.6730,3.6590,9.4800,-56.560,8.910,0.760,125
10850.00,-0.8510,3.5960,9.5720,-43.900,5.100,11.030,126
10860.00,-0.6690,3.7720,9.2970,-50.680,-1.260,19.460,126
10870.00,6.2160,4.2860,5.9680,-146.140,-102.380,10.610,126
10880.00,-1.8410,2.0570,13.9470,-252.490,-113.400,25.730,126
10890.00,0.3450,3.8240,8.8350,-62.350,-68.020,8.980,126
10900.00,-1.2830,2.7290,9.5280,-108.500,-65.100,11.120,127
10910.00,-0.0800,2.6810,8.7810,-69.050,-63.280,9.380,127
10920.00,-0.2000,2.7000,9.1700,-29.480,-45.260,7.860,127
10930.00,-0.0530,2.6620,9.0970,-13.260,-27.390,4.960,127
10940.00,-0.0620,2.7560,9.0800,-9.900,-18.380,0.560,127
10950.00,-0.1110,2.5770,9.2730,-9.270,-15.300,-1.420,128
10960.00,0.0140,2.6400,9.2370,0.750,-14.250,-1.180,128
10970.00,0.2050,2.7780,9.2260,11.750,-14.670,0.300,128
10980.00,0.2770,2.7140,9.2660,13.490,-15.450,2.230,128
10990.00,0.5120,2.7850,8.8010,10.620,-15.860,2.240,128
11000.00,0.5340,2.8830,8.7080,-7.610,-8.860,0.230,129
11010.00,0.2080,2.9440,9.7340,-38.430,4.170,-2.750,129
11020.00,0.3330,2.7910,9.7100,-50.760,9.330,-4.190,129
11030.00,0.3320,2.8570,9.9350,-50.150,13.030,-5.010,129
11040.00,0.3200,2.3560,9.8120,-50.340,17.490,-5.500,129
11050.00,-0.3500,-1.5520,9.6030,-48.470,17.240,-10.140,130
11060.00,0.1370,5.7900,10.1630,-33.720,18.080,-41.370,130
11070.00,-0.1960,0.5650,9.0890,-51.220,16.000,-30.310,130
11080.00,-0.4660,2.4720,9.7530,-48.750,17.820,-35.560,130
11090.00,-1.0420,2.0120,8.6580,-37.640,20.500,-40.060,130
11100.00,0.1250,5.0950,10.2840,22.780,22.130,-50.190,131
11110.00,-0.4000,2.0820,9.8910,22.150,24.490,-32.710,131
11120.00,-0.5410,2.2990,9.8620,18.070,26.900,-31.500,131
11130.00,-0.6690,2.1410,9.7740,12.230,25.700,-28.930,131
11140.00,-0.7630,2.1670,9.7450,12.280,24.170,-27.480,131
11150.00,-0.7540,2.2450,9.6950,11.560,21.650,-25.550,132
11160.00,-0.7080,2.2600,9.7170,12.940,17.860,-23.930,132
11170.00,-0.7920,2.2310,9.5560,10.510,14.780,-20.460,132
11180.00,-0.6200,2.1780,9.6530,11.160,11.150,-17.850,132
11190.00,-0.6640,2.3790,9.5110,3.810,7.060,-14.160,132
11200.00,-0.7500,2.2610,9.5960,-3.570,4.570,-12.030,133
11210.00,-0.8510,2.2980,9.7250,-10.690,7.150,-9.310,133
11220.00,-0.8940,2.2790,9.7830,-13.860,10.650,-8.140,133
11230.00,-0.9450,2.2790,9.7480,-8.410,13.010,-8.210,133
11240.00,-0.8840,2.3250,9.7990,0.340,13.870,-7.300,133
11250.00,-0.9810,2.3490,9.7850,1.620,13.760,-5.660,134
11260.00,-1.0280,2.2540,9.8060,1.270,13.550,-3.680,134
11270.00,-1.0740,2.2940,9.8380,5.580,13.870,-2.400,134
11280.00,-1.1300,2.3350,9.7810,6.210,15.620,-2.140,134
11290.00,-1.0830,2.4270,9.8060,3.950,18.330,-3.280,134
11300.00,-1.1530,2.3480,9.8090,0.170,22.560,-4.030,135
11310.00,-1.7920,1.9800,9.5280,4.580,26.920,-3.450,135
11320.00,-1.1490,2.5590,10.0450,27.240,35.300,-2.300,135
11330.00,-1.4460,2.3110,10.0130,35.800,41.760,-3.070,135
11340.00,-1.0480,2.6120,9.8840,39.910,46.990,-3.640,135
11350.00,-1.2950,2.4430,10.1850,29.030,47.660,0.340,136
11360.00,-1.0130,2.6360,9.8940,25.350,47.190,4.830,136
11370.00,-1.6290,2.4710,9.6230,21.380,43.250,6.600,136
11380.00,-0.5500,2.9470,9.5710,15.250,37.770,9.800,136
11390.00,-1.3710,2.5290,9.5730,1.570,29.070,10.630,136
11400.00,-1.6720,2.5570,9.8040,0.800,20.940,11.120,137
11410.00,-1.4150,2.8070,9.7750,9.550,18.420,8.540,137
11420.00,-1.6300,2.7580,9.8350,-0.870,13.850,4.470,137
11430.00,-1.7750,2.7460,9.9480,-8.690,11.450,-0.670,137
11440.00,-1.9230,2.7110,10.0180,-15.940,8.560,-4.800,137
11450.00,-2.5770,3.2350,9.6940,-22.550,4.710,-2.450,138
11460.00,-2.3560,3.0780,9.7620,-18.950,3.450,2.700,138
11470.00,-2.0700,2.7820,10.0480,-18.410,3.370,5.570,138
11480.00,-2.0820,2.8040,10.1100,-10.460,4.770,5.670,138
11490.00,-1.9770,2.7480,10.0730,-13.730,3.910,6.900,138
11500.00,-1.9340,2.8130,9.8580,-15.620,2.840,5.780,139
11510.00,-1.7750,2.6410,10.0170,-16.450,2.630,4.550,139
11520.00,-1.6740,2.6160,10.3740,-31.390,-0.420,0.020,139
11531.00,-1.7470,2.7680,9.8590,-34.490,-3.060,-3.310,139
11541.00,-1.6370,2.5140,10.1910,-37.570,-3.190,-5.320,139
11551.00,-1.8420,2.8050,9.5470,-32.250,-5.580,-7.370,140
11561.00,-1.8380,2.8100,9.3040,-18.060,-4.950,-5.780,140
11571.00,-1.7270,2.8170,9.4010,-1.330,-3.590,-3.560,140
11581.00,-1.6090,2.7170,9.7080,9.200,-3.780,-1.250,140
11591.00,-1.5140,2.6870,9.5670,12.770,-4.810,1.070,140
11601.00,-1.5270,2.6240,9.4250,13.010,-3.960,2.310,141
11611.00,-1.5210,2.5890,9.4460,12.800,-2.290,2.580,141
11621.00,-1.5060,2.5690,9.4220,12.440,-1.450,2.190,141
11631.00,-1.4650,2.5850,9.3890,14.170,-2.140,2.310,141
11641.00,-1.3600,2.7000,9.3410,21.890,-8.730,4.760,141
11651.00,-1.3010,2.7660,9.2970,22.920,-13.140,6.860,142
11661.00,-1.2070,2.9070,9.3000,17.040,-16.150,7.930,142
11671.00,-1.2450,2.7820,9.3790,8.100,-16.730,7.810,142
11681.00,-1.2510,2.8030,9.4680,4.400,-15.100,7.000,142
11691.00,-1.3290,2.8000,9.4390,3.250,-11.180,5.850,142
11701.00,-1.3350,2.8460,9.4250,2.510,-7.610,4.240,143
11711.00,-1.1970,2.8510,9.5340,-0.030,-5.640,1.890,143
11721.00,-1.2340,2.8730,9.3270,-2.990,-3.520,-1.300,143
11731.00,-1.2940,2.7990,9.2750,-10.090,-4.760,-5.600,143
11741.00,-1.3320,2.7140,9.4390,-19.670,-9.980,-10.470,143
11751.00,-1.3630,2.7600,10.1020,-27.090,-15.800,-13.690,144
11761.00,-1.3730,2.6970,9.8280,-40.260,-22.300,-15.350,144
11771.00,-1.4320,2.5890,9.6450,-45.340,-23.170,-15.530,144
11781.00,-1.5980,2.4830,9.6500,-39.530,-20.110,-13.430,144
11791.00,-1.5960,2.4350,9.2920,-31.080,-17.690,-10.520,144
11801.00,-1.5180,2.3470,9.2030,-17.710,-14.120,-7.280,145
11811.00,-1.3850,2.4460,9.2360,0.620,-11.880,-3.680,145
11821.00,-1.2330,2.5630,9.4630,16.390,-8.330,0.110,145
11831.00,-1.1730,2.5430,9.2840,26.630,-3.690,3.490,145
11841.00,-1.0630,2.5630,9.2990,33.120,-0.540,6.200,145
11851.00,-0.9950,2.6660,9.3640,41.400,3.140,6.720,146
11861.00,-0.9530,2.7310,9.6160,44.740,5.820,6.850,146
11871.00,-0.9080,2.8580,9.8470,45.860,5.340,7.110,146
11881.00,-0.9050,2.9990,9.8150,41.450,3.210,7.320,146
11891.00,-0.8970,3.1110,10.0040,34.630,1.350,7.550,146
11901.00,-0.8510,3.1380,9.9880,27.840,-0.470,7.880,147
11911.00,-0.7760,3.2190,10.2360,18.490,-2.990,8.350,147
11921.00,-0.7640,3.2350,9.7970,6.800,-5.150,8.330,147
11931.00,-0.7900,3.1650,9.7430,-0.380,-4.270,7.420,147
11941.00,-0.7990,3.1520,9.6780,-6.030,-3.690,6.360,147
11951.00,-0.8420,3.1400,9.5890,-9.690,-3.130,5.080,148
11961.00,-0.8410,3.1130,9.5670,-13.630,-3.100,3.680,148
11971.00,-0.8350,3.1010,9.5130,-16.450,-3.480,2.470,148
11981.00,-0.9270,3.0770,9.4810,-17.460,-3.760,2.160,148
11991.00,-0.9730,3.0100,9.5160,-19.820,-3.410,2.310,148
12001.00,-0.9870,2.9350,9.5700,-22.430,-1.910,2.450,149
12011.00,-0.9490,2.8720,9.5890,-23.920,0.040,2.170,149
12021.00,-0.9770,2.8480,9.5910,-23.430,2.180,1.250,149
12031.00,-0.9600,2.8000,9.6880,-22.960,2.890,-0.020,149
12041.00,-0.9610,2.7290,9.5960,-22.640,1.650,-1.280,149
12051.00,-0.9400,2.6780,9.6210,-21.920,-1.020,-2.720,150
12061.00,-0.9340,2.6400,9.5920,-21.380,-2.140,-3.000,150
12071.00,-0.8900,2.6730,9.6630,-20.860,-2.710,-3.260,150
12081.00,-0.9270,2.6320,9.7480,-22.570,-2.750,-3.960,150
12091.00,-0.8740,2.6180,9.8890,-25.140,-3.170,-4.940,150
12101.00,-0.9280,2.5920,9.8660,-26.330,-3.190,-5.100,151
12111.00,-0.9240,2.5240,9.7610,-25.930,-1.510,-4.450,151
12121.00,-0.9230,2.5370,9.7890,-24.060,-0.470,-3.800,151
12131.00,-0.8780,2.5140,9.7970,-20.300,-0.650,-3.280,151
12141.00,-0.8530,2.5410,9.7060,-15.190,-0.790,-2.940,151
12151.00,-0.8020,2.5590,9.7220,-10.410,-0.670,-2.820,152
12161.00,-0.7660,2.5720,9.7070,-6.840,-0.530,-2.660,152
12171.00,-0.7840,2.5380,9.6010,-4.070,0.250,-2.190,152
12181.00,-0.7440,2.5290,9.6580,-0.730,2.770,-1.400,152
12191.00,-0.7710,2.4950,9.7530,0.080,5.360,-1.000,152
12201.00,-0.7360,2.5500,9.8520,-1.410,7.110,-0.970,153
12211.00,-0.7920,2.4620,9.9180,-4.420,9.020,-1.040,153
12221.00,-0.8390,2.5050,9.8560,-4.900,11.240,-1.160,153
12231.00,-0.8900,2.5170,9.8060,-3.950,13.060,-1.250,153
12241.00,-0.8980,2.5370,9.7280,-1.940,14.150,-0.880,153
12251.00,-0.8980,2.5300,9.7100,4.040,13.920,0.270,154
12261.00,-0.8980,2.5510,9.7180,4.580,13.290,0.690,154
12271.00,-0.9000,2.5050,9.7650,3.130,12.190,0.880,154
12281.00,-0.9020,2.5000,9.7850,2.440,10.720,1.090,154
12291.00,-0.9170,2.4880,9.9260,3.860,10.300,1.560,154
12301.00,-0.9470,2.4900,9.8530,3.480,9.910,1.530,155
12311.00,-0.9910,2.4560,9.8460,2.460,9.190,1.120,155
12321.00,-0.9940,2.4990,9.6990,1.390,7.270,1.000,155
12331.00,-0.9960,2.5000,9.6390,-1.470,5.800,0.760,155
12341.00,-1.0310,2.4880,9.6390,-4.130,5.400,0.370,155
12351.00,-1.0360,2.5350,9.6440,-5.790,5.780,0.000,156
12361.00,-0.9990,2.6030,9.6050,-7.850,6.830,-0.280,156
12371.00,-1.0510,2.4800,9.7190,-9.850,7.600,-0.830,156
12381.00,-0.9780,2.5410,9.6940,-9.760,7.510,-1.510,156
12391.00,-0.9720,2.5160,9.7190,-9.660,7.430,-1.600,156
12401.00,-0.9670,2.5650,9.8140,-9.780,7.010,-1.470,157
12411.00,-1.0180,2.5290,9.7120,-13.870,5.590,-1.460,157
12421.00,-0.9870,2.4140,9.7410,-14.710,3.770,-1.230,157
12431.00,-0.9940,2.5420,9.9640,-15.330,2.490,-0.630,157
12441.00,-1.0520,2.4200,9.6610,-14.470,0.620,-0.140,157
12451.00,-0.9430,2.4890,9.7980,-12.210,-3.340,0.020,158
12461.00,-0.9470,2.5190,9.7120,-13.300,-4.620,-0.040,158
12471.00,-1.0040,2.4250,9.6780,-17.230,-5.430,-0.620,158
12481.00,-1.0000,2.4370,9.7120,-20.070,-5.480,-1.280,158
12491.00,-1.0640,2.3730,9.5830,-22.190,-5.080,-1.560,158
12501.00,-1.1180,2.3280,9.5440,-19.110,-4.990,-1.110,159
12511.00,-1.0860,2.3850,9.5600,-15.200,-5.600,-0.550,159
12521.00,-1.0750,2.4110,9.6100,-12.770,-6.020,0.020,159
12531.00,-1.1430,2.3730,9.5460,-12.320,-6.110,0.670,159
12541.00,-1.2050,2.3970,9.3240,-12.300,-6.280,0.860,159
12552.00,-1.1800,2.3660,9.3990,-10.830,-6.620,0.530,160
12562.00,-1.1660,2.3720,9.4420,-7.940,-7.040,0.390,160
12572.00,-1.1670,2.3680,9.4790,-4.460,-7.420,0.600,160
12582.00,-1.1620,2.3890,9.6370,-3.290,-6.760,0.700,160
12592.00,-1.1840,2.3130,9.6490,-0.960,-5.150,0.630,160
12602.00,-1.1590,2.2880,9.6320,2.370,-4.010,0.650,161
12612.00,-1.0440,2.3650,9.6330,6.030,-3.260,0.900,161
12622.00,-1.0370,2.3380,9.6880,9.900,-2.500,1.650,161
12632.00,-0.9660,2.3470,9.6830,12.680,-2.590,2.590,161
12642.00,-0.9040,2.3660,9.6670,15.550,-2.980,3.570,161
12652.00,-0.7310,2.4440,9.8100,14.330,-5.640,4.990,162
12662.00,-0.7030,2.5240,9.8450,11.790,-6.200,5.620,162
12672.00,-0.7510,2.5110,9.6130,8.590,-7.090,6.320,162
12682.00,-0.7470,2.5300,9.6590,6.310,-7.160,6.060,162
12692.00,-0.6750,2.6480,9.7870,4.510,-6.370,5.800,162
12702.00,-0.6830,2.6100,9.7390,3.250,-4.640,5.710,163
12712.00,-0.6930,2.6350,9.7590,3.830,-1.450,5.740,163
12722.00,-0.7070,2.5630,9.6840,4.910,1.160,6.090,163
12732.00,-0.6800,2.5480,9.8210,6.430,3.190,6.250,163
12742.00,-0.6530,2.5470,9.7610,5.490,4.080,6.390,163
12752.00,-0.6220,2.5490,9.7550,4.880,4.710,6.480,164
12762.00,-0.6000,2.5470,9.7870,3.280,4.150,6.620,164
12772.00,-0.6190,2.5470,9.8020,2.990,2.300,6.690,164
12782.00,-0.6130,2.6170,9.8570,1.710,0.570,6.200,164
12792.00,-0.6790,2.6030,9.8570,0.130,-0.460,5.600,164
12802.00,-0.7350,2.6040,9.7890,-2.810,-0.750,4.620,165
12812.00,-0.7630,2.5770,9.7790,-6.520,0.620,3.470,165
12822.00,-0.8560,2.5190,9.8170,-10.550,2.390,2.090,165
12832.00,-0.8550,2.5590,9.7620,-13.700,2.950,0.810,165
12842.00,-0.8350,2.5650,9.6980,-16.760,3.660,-0.410,165
12852.00,-0.8740,2.4640,9.6470,-22.990,5.800,-1.440,166
12862.00,-0.9050,2.3710,9.6700,-25.690,6.920,-1.560,166
12872.00,-0.8870,2.3670,9.6900,-25.340,5.750,-1.330,166
12882.00,-0.8510,2.4440,9.7050,-22.430,4.560,-0.810,166
12892.00,-0.8920,2.4230,9.4630,-20.210,3.330,0.060,166
12902.00,-0.8620,2.4490,9.7120,-18.160,3.240,0.900,167
12912.00,-0.9280,2.3710,9.5090,-16.870,3.050,1.440,167
12922.00,-0.9000,2.3250,9.6430,-14.910,3.230,1.530,167
12932.00,-0.8990,2.2920,9.6030,-13.910,3.280,1.650,167
12942.00,-0.8790,2.2460,9.6080,-11.790,4.260,1.810,167
12952.00,-0.8960,2.2320,9.5300,-8.430,5.270,2.160,168
12962.00,-0.8740,2.2550,9.6110,-4.810,5.940,2.630,168
12972.00,-0.8850,2.3180,9.7130,-1.220,7.090,2.910,168
12982.00,-0.9020,2.2810,9.8180,0.410,7.500,3.560,168
12992.00,-0.8980,2.2750,9.8350,2.320,7.550,4.200,168
13002.00,-0.8730,2.3290,9.9400,4.440,8.580,4.940,169
13012.00,-0.8680,2.3590,10.1140,5.680,8.110,5.880,169
13022.00,-0.9020,2.3610,9.8340,2.510,5.480,6.710,169
13032.00,-0.8510,2.2930,10.1510,6.400,6.430,7.630,169
13042.00,-0.8300,2.3710,9.9750,2.850,5.920,7.740,169
13052.00,-0.7480,2.4100,9.9840,-4.900,2.510,6.580,170
13062.00,-0.7710,2.3540,9.9210,-10.060,2.930,6.160,170
13072.00,-0.8470,2.3240,9.8840,-15.010,3.440,5.320,170
13082.00,-0.8540,2.2190,10.0050,-19.960,3.610,3.680,170
13092.00,-0.8550,2.1630,10.0740,-24.650,3.790,2.700,170
13102.00,-0.9260,2.1590,9.5800,-27.980,3.260,2.470,171
13112.00,-0.8760,2.0180,9.7180,-26.300,3.230,2.310,171
13122.00,-0.9240,0.9230,9.4340,-26.000,4.190,-2.350,171
13132.00,-0.6660,3.6280,10.2480,-21.490,4.560,-8.700,171
13142.00,-0.7810,1.8650,9.7990,-30.060,-0.670,2.160,171
13152.00,-0.8670,1.4040,9.5790,-28.820,-0.530,-2.120,172
13162.00,-0.5760,3.2720,10.3560,-23.170,-0.930,-6.230,172
13172.00,-0.7800,1.8190,9.6740,-32.670,-6.130,2.730,172
13182.00,-0.9180,0.6680,9.1950,-27.940,-5.180,-2.160,172
13192.00,-0.6050,3.0670,10.6500,-16.080,-2.140,-9.790,172
13202.00,-0.8320,1.3990,9.5030,-21.290,-6.020,-3.400,173
13212.00,-0.7710,2.4260,10.1120,-17.250,-4.150,-7.440,173
13222.00,-0.7520,2.2680,9.9810,-18.180,-6.830,-3.700,173
13232.00,-0.8450,1.8620,9.8290,-18.860,-9.120,0.270,173
13242.00,-0.8880,1.4510,9.6680,-17.080,-9.260,-0.490,173
13252.00,-0.7230,2.3940,10.1630,-11.770,-8.720,-3.100,174
13262.00,-0.7590,1.7610,9.7800,-15.750,-12.950,2.840,174
13272.00,-0.6340,1.8100,10.0630,-10.040,-13.230,2.440,174
13282.00,-0.6430,1.8870,9.8540,-6.930,-12.430,2.870,174
13292.00,-0.6050,1.8490,10.0070,-3.010,-10.830,3.710,174
13302.00,-0.6080,1.8600,9.8360,1.710,-11.110,4.270,175
13312.00,-0.5790,1.7400,9.8840,6.450,-11.450,3.890,175
13322.00,-0.5430,2.1530,9.8850,11.040,-10.590,1.470,175
13332.00,-0.5400,1.9700,10.0060,12.380,-10.500,3.190,175
13342.00,-0.5580,1.9720,9.8500,11.330,-10.340,5.040,175
13352.00,-0.5140,1.9410,10.0100,9.360,-9.260,4.940,176
13362.00,-0.4970,1.9230,9.8100,4.140,-9.010,4.800,176
13372.00,-0.4760,1.8750,9.9050,2.060,-7.980,4.520,176
13382.00,-0.4780,1.9390,9.9120,2.110,-7.330,3.870,176
13392.00,-0.4610,1.9210,9.9540,0.660,-6.760,3.170,176
13402.00,-0.4660,1.8720,9.7610,-0.120,-5.500,2.750,177
13412.00,-0.4350,1.8960,9.9240,2.550,-2.870,2.610,177
13422.00,-0.4230,1.9210,9.7970,0.750,-0.280,2.330,177
13432.00,-0.4110,1.9870,9.8420,-2.180,1.530,1.600,177
13442.00,-0.4520,1.9330,9.7170,-5.510,2.180,0.860,177
13452.00,-0.4350,1.9100,9.7870,-6.490,2.810,-0.020,178
13462.00,-0.4630,1.9010,9.7680,-7.470,2.910,-0.420,178
13472.00,-0.4400,1.9260,9.7950,-6.750,3.230,-0.560,178
13482.00,-0.4490,1.8870,9.7770,-7.140,3.730,-0.340,178
13492.00,-0.4410,1.8710,9.7870,-6.140,4.010,-0.040,178
13502.00,-0.4350,1.9090,9.7240,-3.670,3.650,0.340,179
13512.00,-0.4580,1.8730,9.7670,-0.780,3.210,0.230,179
13522.00,-0.4580,1.9380,9.8770,1.530,3.560,-0.270,179
13532.00,-0.4400,1.9860,9.9020,-2.480,4.450,-0.740,179
13542.00,-0.4480,2.0010,9.8210,-6.800,6.340,-1.420,179
13552.00,-0.4070,1.9950,10.0350,-5.890,9.040,-2.160,180
13562.00,-0.8450,1.9870,9.9510,-4.630,11.380,-2.260,180
13572.00,-0.8590,1.7830,9.7990,-0.630,10.420,-0.900,180
13583.00,-0.5630,2.2180,10.0770,1.640,6.590,-0.760,180
13593.00,-1.4530,1.8230,10.4610,-17.790,3.510,-2.800,180
13603.00,-0.0290,1.9650,9.6680,-39.420,1.510,-6.900,181
13613.00,-0.1860,1.8080,8.9530,-18.630,6.360,-3.980,181
13623.00,-0.3330,1.8860,9.6570,13.610,14.080,-0.770,181
13633.00,-0.6810,1.8810,10.2910,21.430,18.310,0.160,181
13643.00,-0.4800,1.8290,9.7240,17.180,15.900,0.350,181
13653.00,-0.6650,1.7120,9.6280,15.030,16.560,0.760,182
13663.00,-0.6550,1.9340,10.1160,24.230,21.510,2.840,182
13673.00,-0.8330,1.9950,10.0310,27.000,21.010,3.140,182
13683.00,-0.7900,2.1000,10.1740,23.460,19.330,2.770,182
13693.00,-0.7860,2.2330,10.0710,13.660,19.660,2.720,182
13703.00,-1.0690,2.1220,9.7710,8.170,19.470,2.380,183
13713.00,-0.9020,2.3400,9.9680,17.880,17.960,2.240,183
13723.00,-0.8420,2.3790,10.0480,14.100,15.130,1.470,183
13733.00,-1.0130,2.2770,9.8400,-4.270,11.940,-1.460,183
13743.00,-0.8370,2.3070,9.9110,-7.750,10.140,-2.890,183
13753.00,-0.7950,2.2480,9.8140,-11.020,10.420,-3.700,184
13763.00,-0.7470,2.4290,9.8850,-20.310,10.790,-5.310,184
13773.00,-0.8900,2.1410,9.3060,-35.850,9.950,-6.780,184
13783.00,-1.4780,2.5280,9.4270,0.850,15.980,-12.590,184
13793.00,-0.7580,1.8660,10.0800,14.940,18.560,-21.880,184
13803.00,-1.1410,2.2260,9.6270,-1.340,21.550,-21.740,185
13813.00,-0.9520,1.9740,9.9130,3.580,26.610,-25.690,185
13823.00,-0.6290,2.0070,9.9670,2.220,28.790,-24.050,185
13833.00,-0.7860,2.2570,9.4150,-2.430,31.520,-20.390,185
13843.00,-0.9220,2.2800,9.7750,-0.520,34.640,-19.480,185
13853.00,-1.0010,2.4460,9.8240,-6.840,33.750,-20.320,186
13863.00,-1.2140,1.9020,9.7690,-10.720,28.970,-16.020,186
13873.00,-0.9200,1.9830,9.7120,-4.980,27.460,-8.930,186
13883.00,-1.3290,2.1400,9.8460,1.640,28.510,-1.740,186
13893.00,-1.5860,2.0850,9.8840,-0.280,25.780,1.110,186
13903.00,-1.1170,2.1220,9.9920,-3.760,21.270,2.630,187
13913.00,-1.6100,2.1820,9.8650,-13.260,16.280,5.100,187
13923.00,-1.5600,2.1750,9.9720,-20.070,11.420,4.240,187
13933.00,-1.4710,2.1460,10.0180,-25.790,8.600,2.720,187
13943.00,-1.2530,2.3100,10.3200,-30.900,7.290,2.680,187
13953.00,-2.0060,1.5810,9.2330,-45.160,4.960,3.990,188
13963.00,-1.5700,1.9750,10.0270,-18.690,-0.300,4.570,188
13973.00,-1.2040,2.4440,8.8830,-26.960,-10.590,3.000,188
13983.00,-1.5110,2.0550,9.8460,-26.040,-15.030,-2.610,188
13993.00,-1.7210,1.8400,10.3460,-36.500,-21.600,-6.550,188
14003.00,-1.5150,1.8010,9.9600,-50.340,-27.130,-9.730,189
14013.00,-1.3750,1.7070,9.7260,-57.870,-29.450,-11.900,189
14023.00,-1.4200,1.5440,9.9790,-58.450,-29.190,-12.830,189
14033.00,-1.2000,1.4380,10.4650,-61.470,-28.420,-12.390,189
14043.00,-1.2950,1.3020,9.8460,-65.290,-26.830,-9.910,189
14053.00,-1.2200,1.3110,10.1790,-57.380,-22.100,-7.200,190
14063.00,-0.3170,2.1480,5.4690,-26.230,-16.820,-4.940,190
14073.00,-1.5360,0.5810,12.9950,2.710,-8.330,-3.290,190
14083.00,-1.0910,1.2010,9.4570,-13.750,-14.180,-4.010,190
14093.00,-0.7830,1.3620,9.9000,-6.030,-3.470,-3.330,190
14103.00,-1.2880,0.8730,10.2710,-10.780,-2.050,-2.400,191
14113.00,-1.3650,0.9750,10.2140,-10.760,0.510,-2.370,191
14123.00,-0.7890,1.4030,8.5960,-10.480,2.370,-1.350,191
14133.00,-1.3370,0.8510,9.9870,2.850,1.670,0.090,191
14143.00,-1.1910,1.1590,9.8640,14.010,0.460,1.740,191
14153.00,-1.0770,1.2130,9.8400,16.220,0.300,3.400,192
14163.00,-1.0810,1.2320,9.5150,18.890,0.080,4.400,192
14173.00,-1.1170,1.2230,9.7630,28.520,1.060,5.060,192
14183.00,-1.0030,1.3910,9.8840,32.910,0.160,5.310,192
14193.00,-0.9720,1.3970,10.3360,28.710,0.460,5.570,192
14203.00,-1.0220,1.4390,10.2250,16.990,2.820,5.870,193
14213.00,-0.9780,1.5660,10.1330,3.900,4.610,5.010,193
14223.00,-1.0420,1.4090,10.1760,-9.150,5.830,3.980,193
14233.00,-1.0610,1.3800,10.0730,-19.630,6.310,2.660,193
14243.00,-1.0710,1.3500,10.0590,-26.090,5.990,1.180,193
14253.00,-1.2070,1.1830,9.9550,-28.590,5.660,-0.410,194
14263.00,0.0310,2.3150,7.3550,-49.680,2.820,-2.280,194
14273.00,-1.0800,1.0750,10.2290,-37.740,-1.490,-3.470,194
14283.00,-1.1110,1.1070,10.2850,-38.530,-9.010,-4.240,194
14293.00,-1.0700,0.9590,10.3590,-38.620,-9.210,-4.010,194
14303.00,-1.0320,0.9470,10.0370,-38.130,-8.300,-4.570,195
14313.00,-1.1280,0.8120,10.0400,-32.900,-5.710,-4.610,195
14323.00,-0.8140,0.9910,10.3020,-25.740,-3.520,-5.030,195
14333.00,-1.0360,0.7870,10.2550,-31.760,-3.450,-6.160,195
14343.00,-1.0250,0.6460,10.4210,-34.470,-4.530,-7.580,195
14353.00,-0.9000,0.4590,10.2500,-38.360,-5.640,-9.120,196
14363.00,-0.8960,0.5090,9.9090,-39.860,-7.540,-13.880,196
14373.00,-1.0820,-2.3730,9.5840,-34.890,-8.420,-20.930,196
14383.00,-1.2440,-0.2990,9.9990,-30.080,-5.950,-49.860,196
14393.00,-1.0690,2.9150,11.6440,-42.030,-5.550,-56.110,196
14403.00,-0.7190,-2.3540,10.1760,-67.670,-16.450,-39.940,197
14413.00,-0.7190,0.8020,8.3370,-76.190,-17.290,-67.570,197
14423.00,-0.5470,2.4820,10.4680,-43.330,-9.500,-62.460,197
14433.00,-1.0610,0.1490,10.2850,-22.520,-12.040,-33.940,197
14443.00,-0.8140,-0.3460,9.9140,-2.170,-13.700,-27.130,197
14453.00,-0.8150,0.7150,10.2140,7.430,-13.760,-31.350,198
14463.00,-1.0420,0.1780,11.2300,-12.600,-20.880,-21.810,198
14473.00,-0.8740,0.2290,11.3320,-16.850,-36.870,-22.630,198
14483.00,-0.6370,0.3390,10.1100,-22.800,-52.310,-21.040,198
14493.00,-0.1790,-0.1160,9.6290,-12.580,-55.650,-18.820,198
14503.00,-0.7960,0.2770,9.4340,-6.490,-54.090,-19.410,199
14513.00,0.1010,0.9690,6.7520,8.320,-48.230,-12.810,199
14523.00,-0.5340,1.8220,-1.6740,47.020,5.690,1.820,199
14533.00,-0.1980,0.3430,14.0330,65.370,95.960,20.110,199
14543.00,-0.2000,0.2600,10.2830,72.600,72.070,24.770,199
14553.00,-0.5020,0.0920,12.0190,82.030,54.760,19.940,200
14563.00,-0.5190,0.6100,10.0060,72.060,33.750,12.030,200
14573.00,-0.7010,0.5880,9.8510,76.700,33.150,10.380,200
14583.00,-0.9060,0.7170,10.4190,85.800,32.770,7.490,200
14593.00,-1.0460,0.8430,9.8750,82.170,26.430,4.730,200
14604.00,-0.9990,1.1300,9.9660,81.180,25.420,2.440,201
14614.00,-0.8180,1.6220,10.8510,69.000,23.860,1.050,201
14624.00,-0.9810,1.4620,10.0940,35.920,16.860,1.530,201
14634.00,-0.9050,1.6100,9.8940,24.410,14.710,0.690,201
14644.00,-0.9330,1.5450,9.9520,19.650,14.080,0.930,201
14654.00,-0.9260,1.6280,9.9990,20.540,13.690,1.190,202
14664.00,-0.9870,1.7280,10.1200,11.050,9.910,1.650,202
14674.00,-0.9970,1.8040,10.1630,4.230,8.720,0.300,202
14684.00,-0.9900,1.7130,10.1010,-3.920,6.990,-1.120,202
14694.00,-0.9930,1.6510,10.0970,-8.730,5.660,-2.240,202
14704.00,-0.8970,1.6720,10.0550,-9.250,4.910,-2.510,203
14714.00,-0.8630,1.7630,9.9980,-10.060,4.150,-2.330,203
14724.00,-0.9550,1.6390,9.9700,-12.880,3.770,-1.930,203
14734.00,-1.0310,1.5240,10.0340,-13.020,3.630,-1.720,203
14744.00,-1.0440,1.4180,10.1500,-11.510,4.660,-1.960,203
14754.00,-1.1070,1.3930,10.1430,-7.680,5.760,-2.370,204
14764.00,-1.0360,1.5330,10.1810,-4.830,7.080,-2.790,204
14774.00,-0.9820,1.5250,10.2060,-5.190,7.600,-2.660,204
14784.00,-0.9780,1.5400,10.1380,-5.260,6.550,-1.860,204
14794.00,-1.0060,1.4570,10.2100,-3.970,4.700,-1.230,204
14804.00,-0.9750,1.5370,10.2240,-2.290,1.840,-1.110,205
14814.00,-0.9020,1.5250,10.1930,-3.460,-1.400,-1.160,205
14824.00,-0.9570,1.5560,10.1820,-3.920,-3.050,-1.350,205
14834.00,-3.5530,1.5240,13.0630,-13.490,-4.170,-0.650,205
14844.00,0.8350,1.3570,8.1830,-42.080,-12.430,1.810,205
14854.00,-0.6800,1.5690,9.6340,-19.790,-17.990,-1.050,206
14864.00,-0.9780,1.3570,9.9700,-17.810,-19.860,3.520,206
14874.00,-0.6850,1.2330,9.7770,3.350,-11.500,4.170,206
14884.00,-0.8670,1.2640,9.5480,7.760,-8.840,3.800,206
14894.00,-0.6480,1.4160,9.9660,12.170,-4.740,3.800,206
14904.00,-1.0490,1.3560,9.8760,9.370,-2.140,2.660,207
14914.00,-0.7600,1.4900,9.8400,4.120,-0.190,2.370,207
14924.00,-0.7930,1.4480,9.7280,1.150,-0.750,1.720,207
14934.00,-0.8560,1.4320,9.9090,1.730,0.040,1.600,207
14944.00,-0.8810,1.4950,9.8930,3.130,1.350,1.610,207
14954.00,-0.8960,1.4890,9.7970,0.730,2.370,1.950,208
14964.00,-0.8700,1.5460,9.9050,0.830,4.750,2.190,208
14974.00,-0.9710,1.4940,9.8410,0.730,5.620,2.370,208
14984.00,-1.0690,1.5850,9.9330,2.690,5.800,2.680,208
14994.00,-1.0860,1.4840,9.7790,1.900,3.650,2.470,208
15004.00,-1.0330,1.5130,9.8810,4.680,4.470,3.260,209
15014.00,-1.0160,1.5840,9.7890,6.730,4.780,3.570,209
15024.00,-0.9330,1.5520,9.7310,7.480,5.890,4.520,209
15034.00,-0.8930,1.6540,9.7840,9.230,8.070,5.060,209
15044.00,-0.9640,1.6100,9.7720,8.880,6.740,4.310,209
15054.00,-0.9670,1.6880,9.6900,8.660,4.660,3.540,210
15064.00,-0.8470,1.6830,9.8530,7.240,5.660,4.410,210
15074.00,-0.9350,1.6650,9.7450,4.680,7.220,3.310,210
15084.00,-0.8920,1.6350,9.9130,5.050,9.400,3.850,210
15094.00,-0.9460,1.6610,9.9090,8.220,9.650,4.260,210
15104.00,-0.9300,1.7200,9.8710,10.620,8.420,4.190,211
15114.00,-0.9400,1.7070,9.8760,13.990,7.320,4.240,211
15124.00,-0.8820,1.7920,9.9860,18.630,8.070,4.260,211
15134.00,-0.7620,1.9960,9.9560,21.550,9.860,4.830,211
15144.00,-0.8250,1.8600,10.0160,21.340,12.610,6.200,211
15154.00,-0.8430,2.0500,10.1690,22.320,14.440,6.550,212
15164.00,-0.9020,2.0240,10.0150,15.620,11.850,5.900,212
15174.00,-0.9770,1.9260,9.9610,9.950,9.020,4.660,212
15184.00,-0.9540,2.0000,10.0730,8.030,7.150,3.850,212
15194.00,-0.9990,2.0900,10.0900,5.310,5.150,3.050,212
15204.00,-1.3720,2.0690,9.9440,-3.670,2.350,1.050,213
15214.00,-0.7100,1.8730,10.0530,-4.810,3.120,0.740,213
15224.00,-1.0360,2.1090,9.9330,2.530,2.260,3.360,213
15234.00,-1.0790,1.9900,9.9240,3.280,1.620,4.170,213
15244.00,-1.0750,2.0390,9.9540,3.700,1.830,4.010,213
15254.00,-1.0120,2.2450,9.9640,2.790,0.790,3.350,214
15264.00,-1.0260,2.0680,9.8890,-2.060,-0.670,3.260,214
15274.00,-1.0010,2.0860,9.8660,-6.240,-1.030,3.070,214
15284.00,-0.9650,2.0150,9.8720,-5.770,-1.090,3.330,214
15294.00,-0.9360,2.0750,9.8560,-4.040,-1.240,3.400,214
15304.00,-0.9660,2.0240,9.8830,-2.060,-0.680,3.560,215
15314.00,-0.9650,2.2630,9.8160,-3.220,-0.670,3.850,215
15324.00,-1.0240,1.9810,9.8180,-6.820,-1.000,4.120,215
15334.00,-0.9340,2.1120,9.8040,-7.940,-1.790,4.270,215
15344.00,-0.8920,1.9820,9.7550,-7.190,-2.710,4.690,215
15354.00,-0.8110,2.2040,9.6780,-6.800,-3.130,4.450,216
15364.00,-0.9750,1.8810,9.8010,-7.590,-2.910,4.130,216
15374.00,-0.8930,1.9100,9.7190,-5.280,-3.470,3.940,216
15384.00,-0.8070,1.9310,9.7060,-1.660,-3.520,4.170,216
15394.00,-0.8230,2.0270,9.7020,0.760,-3.940,4.710,216
15404.00,-0.7930,2.1210,9.6770,-2.030,-5.060,5.480,217
15414.00,-0.9160,1.9450,9.6870,-4.740,-6.070,5.450,217
15424.00,-0.8930,2.0360,9.7420,-5.510,-6.550,5.060,217
15434.00,-0.9730,1.8840,9.7620,-6.210,-8.100,4.430,217
15444.00,-0.8940,1.9520,9.7690,-4.070,-9.750,3.220,217
15454.00,-0.9100,1.9470,9.6760,-2.410,-10.830,2.590,218
15464.00,-0.8590,1.9930,9.7450,-0.920,-10.870,2.260,218
15474.00,-0.7160,2.1900,9.7370,-0.870,-8.070,1.980,218
15484.00,-0.7270,2.1430,9.7250,-4.830,-5.110,2.090,218
15494.00,-0.7440,2.0470,9.7900,-6.120,-3.100,1.680,218
15504.00,-0.7040,2.0880,9.7000,-5.790,-1.400,1.580,219
15514.00,-0.7540,2.0330,9.7180,-4.950,0.200,1.540,219
15524.00,-0.7650,1.9890,9.7040,-3.570,0.320,1.370,219
15534.00,-0.7830,2.0020,9.7080,-2.310,0.080,1.180,219
15544.00,-0.7820,2.0260,9.6880,-1.870,-0.320,1.140,219
15554.00,-0.7360,2.0370,9.7170,-1.200,-0.070,0.900,220
15564.00,-0.7040,2.0750,9.7360,-0.310,0.920,0.620,220
15574.00,-0.6790,2.0960,9.7740,-0.420,2.250,0.560,220
15584.00,-0.6740,2.1550,9.8030,-0.120,3.580,0.280,220
15594.00,-0.6680,2.2040,9.7960,-1.050,4.450,0.420,220
15604.00,-0.7280,2.0960,9.7770,-3.250,4.940,0.810,221
15614.00,-0.6970,2.1110,9.7900,-3.740,4.470,1.120,221
15625.00,-0.7310,2.0570,9.7850,-3.020,3.590,1.540,221
15635.00,-0.7330,2.0940,9.7490,-1.760,2.890,1.540,221
15645.00,-0.7170,2.1520,9.7300,-1.550,2.750,1.350,221
15655.00,-0.7460,2.0590,9.7420,-2.030,3.940,1.210,222
15665.00,-0.7410,2.0550,9.7070,-1.240,5.120,1.110,222
15675.00,-0.7200,2.0600,9.7900,-0.100,5.730,1.230,222
15685.00,-0.7130,2.1340,9.7810,0.470,5.470,1.180,222
15695.00,-0.6590,2.2300,9.8140,-0.730,5.730,1.160,222
15705.00,-0.7010,2.1590,9.8340,-3.320,5.940,1.260,223
15715.00,-0.7270,2.1640,9.8560,-4.740,5.940,1.120,223
15725.00,-0.7460,2.1160,9.8350,-5.510,6.380,0.830,223
15735.00,-0.7400,2.1520,9.8120,-5.680,6.410,0.550,223
15745.00,-0.7700,2.1230,9.7630,-7.500,6.220,0.720,223
15755.00,-0.7500,2.0440,9.7970,-8.340,5.730,1.020,224
15765.00,-0.7270,2.0510,9.8300,-7.420,5.080,1.390,224
15775.00,-0.7170,2.0210,9.8330,-5.460,4.380,1.540,224
15785.00,-0.7090,2.1390,9.8840,-3.690,4.940,1.320,224
15795.00,-0.7600,2.1100,9.9000,-3.720,5.730,1.530,224
15805.00,-0.7830,2.1120,9.9420,-3.370,6.950,1.440,225
15815.00,-0.8030,2.1670,9.9550,-2.920,7.440,1.470,225
15825.00,-0.8330,2.1240,9.9560,-3.090,6.880,1.820,225
15835.00,-0.8270,2.1400,9.9840,-2.660,5.660,1.670,225
15845.00,-0.7920,2.1730,9.9150,-3.300,4.120,1.400,225
15855.00,-0.8130,2.1320,9.8940,-3.570,3.260,1.280,226
15865.00,-0.8200,2.1330,9.8770,-3.860,2.860,1.330,226
15875.00,-0.8090,2.1290,9.8160,-3.510,1.950,1.860,226
15885.00,-0.8570,2.0850,9.8040,-3.150,1.350,2.260,226
15895.00,-0.8470,2.1220,9.7720,-2.780,-0.020,2.350,226
15905.00,-0.8550,2.0480,9.6930,-3.040,-1.960,2.170,227
15915.00,-0.7980,2.0670,9.6330,-3.060,-3.690,1.790,227
15925.00,-0.7660,2.1370,9.6530,-3.650,-4.870,1.280,227
15935.00,-0.7590,2.1110,9.6430,-5.750,-5.950,1.120,227
15945.00,-0.7540,2.0730,9.6750,-7.450,-6.790,1.020,227
15955.00,-0.7580,2.0760,9.7190,-7.660,-6.070,0.810,228
15965.00,-0.7780,2.0190,9.8060,-7.470,-5.480,1.050,228
15975.00,-0.7070,2.0480,9.8340,-5.880,-4.710,1.330,228
15985.00,-0.6530,2.1570,9.9140,-5.390,-2.500,1.040,228
15995.00,-0.7220,2.0330,9.9310,-5.650,-2.940,1.610,228
16005.00,-0.6250,2.1460,9.9300,-5.280,-3.640,1.720,229
16015.00,-0.6490,2.0810,9.8340,-6.630,-4.410,1.960,229
16025.00,-0.6770,2.0430,9.7730,-8.190,-5.480,2.090,229
16035.00,-0.7990,1.8930,9.6820,-8.730,-6.650,2.680,229
16045.00,-0.6980,2.0660,9.5770,-7.990,-9.280,3.100,229
16055.00,-0.6950,1.9620,9.6520,-7.360,-8.700,2.840,230
16065.00,-0.5680,2.0300,9.7240,-7.000,-4.150,2.400,230
16075.00,-0.6560,1.8950,9.7050,-8.520,1.860,1.470,230
16085.00,-0.6620,1.8770,9.7280,-7.260,2.960,0.970,230
16095.00,-0.6590,1.9080,9.7850,-5.890,3.000,0.630,230
16105.00,-0.6130,1.9680,9.8240,-4.130,1.860,0.720,231
16115.00,-0.5580,1.9960,9.8960,-2.600,0.360,0.880,231
16125.00,-0.5020,2.0970,9.9460,-0.710,-1.260,0.830,231
16135.00,-0.4820,2.1970,9.9540,-0.570,-3.120,1.000,231
16145.00,-0.4770,2.0720,9.9540,-1.500,-3.690,1.390,231
16155.00,-0.4480,2.1880,9.9190,-0.540,-1.300,1.350,232
16165.00,-0.4550,2.1180,9.9080,-1.800,0.740,1.530,232
16175.00,-0.5140,2.0420,9.9400,-2.430,2.020,1.600,232
16185.00,-0.5250,2.0740,9.9000,-2.620,2.750,1.350,232
16195.00,-0.5640,2.0360,9.9090,-3.970,3.560,1.140,232
16205.00,-0.6260,2.0260,9.8930,-4.650,3.470,1.210,233
16215.00,-0.5990,2.0840,9.8630,-5.230,3.280,1.350,233
16225.00,-0.5970,1.9620,9.8880,-6.770,3.610,1.230,233
16235.00,-0.5400,1.9510,9.8390,-6.720,2.960,0.930,233
16245.00,-0.5460,1.9620,9.7800,-5.930,2.700,0.760,233
16255.00,-0.5790,1.9940,9.7890,-5.260,2.260,0.580,234
16265.00,-0.5340,1.9960,9.8120,-4.910,1.930,0.930,234
16275.00,-0.5410,1.9810,9.8390,-4.530,3.730,1.680,234
16285.00,-0.5310,2.0480,9.8390,-4.770,3.820,1.750,234
16295.00,-0.5030,2.0060,9.8230,-4.390,4.120,1.860,234
16305.00,-0.5580,2.0300,9.7930,-3.250,5.470,1.770,235
16315.00,-0.5320,2.0510,9.7200,-2.360,5.690,1.670,235
16325.00,-0.5300,2.0230,9.7570,-2.430,7.090,1.670,235
16335.00,-0.5120,2.0110,9.7110,-2.240,6.920,1.510,235
16345.00,-0.4850,2.0630,9.6770,-2.100,6.310,1.350,235
16355.00,-0.4850,2.0650,9.6670,-2.290,5.480,1.320,236
16365.00,-0.5370,2.0900,9.6440,-2.990,4.630,1.490,236
16375.00,-0.5690,2.1060,9.7200,-3.020,5.220,1.770,236
16385.00,-0.6260,2.1000,9.7970,-2.670,5.680,2.140,236
16395.00,-0.6680,2.0930,9.8020,-1.890,5.240,2.210,236
16405.00,-0.6870,2.1530,9.8110,-1.470,4.310,2.050,237
16415.00,-0.7190,2.0820,9.7840,-2.040,3.310,1.980,237
16425.00,-0.7160,2.1340,9.7490,-1.750,2.860,1.810,237
16435.00,-0.7220,2.1030,9.7300,-2.150,2.890,1.460,237
16445.00,-0.6830,2.0370,9.7980,-1.820,2.960,1.020,237
16455.00,-0.6770,2.0630,9.7850,-1.100,3.120,1.160,238
16465.00,-0.6080,2.0860,9.8100,-1.240,3.160,1.350,238
16475.00,-0.6170,2.0590,9.9120,-1.270,2.950,1.600,238
16485.00,-0.6080,2.1580,10.0110,0.120,3.300,1.650,238
16495.00,-0.5820,2.1350,9.9980,-1.590,3.750,2.140,238
16505.00,-0.6420,2.1080,9.9880,-3.460,4.100,2.680,239
16515.00,-0.6380,2.0240,9.9330,-5.630,3.350,2.700,239
16525.00,-0.6460,1.9990,9.8470,-6.260,3.000,2.440,239
16535.00,-0.6470,1.9680,9.7290,-7.080,2.370,1.840,239
16545.00,-0.6680,1.8800,9.7320,-7.470,1.840,1.490,239
16555.00,-0.6480,1.8830,9.6760,-6.400,1.770,1.230,240
16565.00,-0.6540,1.8650,9.6310,-5.440,2.260,1.210,240
16575.00,-0.6530,1.8310,9.6720,-4.320,2.790,0.980,240
16585.00,-0.6160,1.8980,9.6900,-2.670,3.310,0.770,240
16595.00,-0.6070,1.8930,9.6980,-1.870,3.770,0.860,240
16605.00,-0.6220,1.9090,9.7500,-1.080,4.170,1.040,241
16615.00,-0.6020,1.9700,9.7790,-0.710,5.310,0.930,241
16625.00,-0.5920,2.0000,9.8170,-1.340,5.940,0.790,241
16635.00,-0.6120,2.0310,9.8630,-3.370,5.970,0.880,241
16645.00,-0.6560,1.9390,9.9130,-4.490,5.570,0.880,241
16656.00,-0.6160,2.0540,9.9140,-4.040,5.850,0.670,242
16666.00,-0.6500,2.0250,9.9390,-3.710,6.150,0.770,242
16676.00,-0.6470,2.0610,9.9260,-3.740,6.220,0.700,242
16686.00,-0.6980,2.0560,9.8570,-4.090,3.980,1.210,242
16696.00,-0.7150,1.9650,9.8350,-4.760,2.790,1.630,242
16706.00,-0.7170,1.9760,9.7660,-4.350,1.950,1.740,243
16716.00,-0.7480,1.9770,9.7560,-5.210,1.840,1.370,243
16726.00,-0.7510,1.8600,9.7960,-7.100,1.650,0.550,243
16736.00,-0.7450,1.8890,9.7730,-8.660,1.910,-0.410,243
16746.00,-0.7070,1.8340,9.7960,-9.060,2.190,-1.120,243
16756.00,-0.6930,1.8750,9.7990,-8.220,3.000,-1.470,244
16766.00,-0.6920,1.9190,9.8290,-7.680,3.870,-1.470,244
16776.00,-0.7140,1.9310,9.8690,-6.580,4.420,-1.180,244
16786.00,-0.7460,2.0080,9.9240,-4.970,5.290,-0.340,244
16796.00,-0.7650,2.0140,10.0130,-3.580,5.890,0.320,244
16806.00,-0.7420,2.0850,10.0170,-2.660,5.890,0.700,245
16816.00,-0.7560,2.0990,10.0110,-2.550,5.380,0.900,245
16826.00,-0.7630,2.1290,9.9400,-2.530,4.050,1.120,245
16836.00,-0.7220,2.1370,9.9570,-2.900,2.700,1.440,245
16846.00,-0.6970,2.1170,9.9600,-3.200,1.420,1.700,245
16856.00,-0.6590,2.0930,9.9140,-3.360,0.990,1.740,246
16866.00,-0.6440,2.0880,9.8480,-4.060,1.350,1.510,246
16876.00,-0.6360,2.0320,9.7220,-5.400,1.060,1.250,246
16886.00,-0.5890,1.9990,9.6870,-5.680,1.550,0.950,246
16896.00,-0.5750,2.0110,9.6700,-5.540,2.350,1.020,246
16906.00,-0.5740,2.0680,9.6980,-6.310,2.750,1.190,247
16916.00,-0.5990,2.0050,9.6880,-7.240,2.630,1.540,247
16926.00,-0.6170,2.0650,9.6950,-7.280,2.160,1.840,247
16936.00,-0.6610,2.0430,9.7060,-6.700,2.390,2.100,247
16946.00,-0.6900,2.0650,9.6800,-5.680,1.950,2.030,247
16956.00,-0.6960,2.1000,9.6840,-5.180,1.370,2.120,248
16966.00,-0.7030,2.0560,9.6450,-6.140,0.410,2.170,248
16976.00,-0.7210,2.0200,9.5960,-5.740,-0.860,1.930,248
16986.00,-0.7190,1.9950,9.5290,-4.980,-1.680,1.470,248
16996.00,-0.6420,1.9810,9.5280,-4.440,-1.440,0.760,248
17006.00,-0.6160,1.9560,9.4810,-3.550,-0.560,0.560,249
17016.00,-0.6000,1.9600,9.5270,-2.640,0.620,0.650,249
17026.00,-0.5850,2.0200,9.5300,-1.750,1.350,0.880,249
17036.00,-0.5890,2.1090,9.6130,-2.290,2.090,1.260,249
17046.00,-0.6350,2.0450,9.6680,-3.710,2.350,1.820,249
17056.00,-0.6410,2.0910,9.7290,-3.550,2.460,2.190,250
17066.00,-0.6720,2.0560,9.7420,-3.200,2.560,2.440,250
17076.00,-0.6640,2.0410,9.7720,-2.740,3.000,2.420,250
17086.00,-0.6250,2.0260,9.7220,-1.970,1.700,2.240,250
17096.00,-0.6310,1.9080,9.7320,-2.740,1.950,2.210,250
17106.00,-0.6060,1.9720,9.6940,-2.240,2.390,2.020,251
17116.00,-0.6340,1.9950,9.7410,-2.800,3.840,1.950,251
17126.00,-0.6660,1.9350,9.7680,-3.580,5.200,2.120,251
17136.00,-0.6650,1.9720,9.8150,-2.990,5.920,1.980,251
17146.00,-0.6660,1.9600,9.8410,-2.590,5.760,1.840,251
17156.00,-0.6460,1.9880,9.9020,-1.450,4.980,1.670,252
17166.00,-0.6250,2.1160,9.9240,-1.010,3.940,1.810,252
17176.00,-0.6250,2.0550,9.9450,-1.710,2.770,2.330,252
17186.00,-0.6080,2.0650,9.9320,-1.940,1.830,2.660,252
17196.00,-0.6070,2.0320,9.8940,-2.180,1.140,2.800,252
17206.00,-0.6120,2.0370,9.8570,-2.730,0.790,2.750,253
17216.00,-0.6290,1.9460,9.8440,-2.800,1.130,2.510,253
17226.00,-0.5790,1.9420,9.8340,-2.360,1.410,2.240,253
17236.00,-0.5470,2.0110,9.8660,-2.870,1.950,2.330,253
17246.00,-0.6130,1.9560,9.8820,-4.160,2.650,2.280,253
17256.00,-0.6020,1.9150,9.9110,-4.950,2.880,1.810,254
17266.00,-0.5880,1.9830,9.9080,-4.860,3.450,1.160,254
17276.00,-0.5800,1.9980,9.9020,-4.690,3.400,0.760,254
17286.00,-0.5970,2.0610,9.8780,-4.580,2.070,0.840,254
17296.00,-0.6140,1.9780,9.9020,-5.950,1.060,1.050,254
17306.00,-0.6100,2.0170,9.8730,-6.650,0.600,1.350,255
17316.00,-0.6110,1.9360,9.8650,-6.890,0.270,1.820,255
17326.00,-0.6260,1.9820,9.8160,-6.140,0.000,2.090,255
17336.00,-0.6470,1.9140,9.8160,-5.280,-0.120,2.300,255
17346.00,-0.6470,1.9220,9.8350,-3.430,-0.050,2.310,255
17356.00,-0.6200,1.9630,9.8140,-1.940,0.640,2.090,256
17366.00,-0.6050,2.0480,9.8120,-2.030,2.300,2.310,256
17376.00,-0.6290,1.9990,9.8300,-3.220,3.230,2.890,256
17386.00,-0.6110,1.9880,9.8080,-3.620,3.120,3.010,256
17396.00,-0.6110,2.0140,9.7720,-3.370,2.390,2.770,256
17406.00,-0.6140,2.0150,9.8040,-2.950,2.000,2.400,257
17416.00,-0.6200,2.0550,9.8030,-3.250,1.770,2.030,257
17426.00,-0.6410,2.0120,9.7910,-3.850,1.420,2.020,257
17436.00,-0.6190,2.0760,9.8170,-4.060,1.000,2.160,257
17446.00,-0.6710,2.0070,9.8300,-5.210,1.000,2.590,257
17456.00,-0.6560,1.9650,9.7920,-4.970,0.670,2.490,258
17466.00,-0.6380,1.9700,9.8050,-3.550,0.510,2.020,258
17476.00,-0.6470,1.9980,9.7670,-2.320,1.250,1.320,258
17486.00,-0.5570,2.0650,9.8170,-1.730,1.230,0.690,258
17496.00,-0.5570,2.0820,9.7850,-2.380,1.270,0.810,258
17506.00,-0.5640,2.0870,9.8360,-3.390,1.630,1.230,259
17516.00,-0.5590,2.0630,9.8530,-4.210,1.210,1.350,259
17526.00,-0.5770,2.0470,9.8050,-4.650,0.500,1.090,259
17536.00,-0.5810,1.9920,9.8340,-4.970,-0.420,1.000,259
17546.00,-0.5730,2.0320,9.7660,-4.700,-1.090,1.000,259
17556.00,-0.5790,1.9630,9.7370,-5.180,-1.800,1.180,260
17566.00,-0.5970,1.9680,9.7430,-5.110,-1.800,1.350,260
17576.00,-0.6470,1.9630,9.7350,-5.160,-0.230,1.530,260
17586.00,-0.6840,1.9170,9.7840,-5.540,0.880,1.400,260
17596.00,-0.6680,1.9380,9.8080,-5.160,1.930,1.140,260
17606.00,-0.6960,1.8840,9.8140,-4.560,2.790,0.860,261
17616.00,-0.6640,1.9380,9.8280,-2.990,3.650,0.480,261
17626.00,-0.6440,2.0330,9.8480,-2.830,4.260,0.490,261
17636.00,-0.6720,1.8650,9.9020,-4.160,4.470,0.930,261
17646.00,-0.6340,1.9470,9.8890,-3.990,4.150,1.090,261
17657.00,-0.6110,1.8980,9.8940,-4.620,3.800,1.260,262
17667.00,-0.6020,1.8730,9.8600,-4.480,3.660,1.190,262
17677.00,-0.5930,1.8610,9.8530,-3.640,3.120,1.110,262
17687.00,-0.5920,1.9190,9.7500,-2.590,1.370,1.050,262
17697.00,-0.5930,1.8440,9.7780,-3.670,0.320,1.400,262
17707.00,-0.5860,1.9350,9.7730,-3.830,0.250,1.560,263
17717.00,-0.6190,1.9570,9.7920,-4.320,0.530,1.630,263
17727.00,-0.6310,1.9090,9.7970,-4.340,1.210,1.370,263
17737.00,-0.6120,1.9380,9.8060,-3.200,1.810,0.950,263
17747.00,-0.6200,1.9830,9.7850,-2.830,2.260,0.790,263
17757.00,-0.6440,1.9590,9.8160,-3.230,2.070,0.880,264
17767.00,-0.6670,1.9750,9.7690,-3.440,2.040,0.980,264
17777.00,-0.6550,2.0210,9.7850,-3.620,2.050,0.900,264
17787.00,-0.6560,1.9920,9.7650,-3.900,2.820,0.840,264
17797.00,-0.6530,2.0010,9.7900,-4.110,3.840,0.980,264
17807.00,-0.6430,2.0080,9.7740,-3.880,4.430,1.140,265
17817.00,-0.6140,2.0530,9.7910,-3.620,5.310,1.390,265
17827.00,-0.6640,1.9700,9.8050,-4.410,5.900,1.700,265
17837.00,-0.6610,1.9700,9.8100,-4.460,6.220,1.650,265
17847.00,-0.6780,1.9450,9.7370,-4.440,6.660,1.610,265
17857.00,-0.6600,1.9190,9.7540,-4.200,6.620,1.440,266
17867.00,-0.6400,1.9570,9.7670,-3.710,5.640,1.020,266
17877.00,-0.5990,1.9500,9.8100,-3.290,4.190,0.560,266
17887.00,-0.5410,1.9840,9.7910,-3.160,3.000,0.370,266
17897.00,-0.5020,2.0590,9.8290,-3.110,1.670,0.480,266
17907.00,-0.5280,2.0290,9.7490,-3.270,1.510,0.530,267
17917.00,-0.5100,2.0670,9.7190,-3.270,1.510,0.440,267
17927.00,-0.5270,2.0320,9.7070,-3.710,1.160,0.410,267
17937.00,-0.5410,1.9920,9.7160,-3.760,0.790,0.370,267
17947.00,-0.5650,1.9810,9.6960,-2.940,1.690,0.210,267
17957.00,-0.5740,1.9740,9.7910,-2.450,2.540,0.090,268
17967.00,-0.6130,1.9890,9.8220,-2.060,2.950,-0.110,268
17977.00,-0.6350,1.9250,9.8320,-2.170,2.890,-0.340,268
17987.00,-0.5830,1.9680,9.8870,-1.900,2.930,-0.490,268
17997.00,-0.5620,1.9360,9.9230,-2.740,2.600,-0.140,268
18007.00,-0.5680,1.9570,9.8750,-3.710,2.880,0.370,269
18017.00,-0.5710,1.9390,9.9000,-5.190,3.170,0.740,269
18027.00,-0.6000,1.9040,9.8530,-5.680,3.030,0.650,269
18037.00,-0.6250,1.8850,9.7930,-5.330,2.980,0.510,269
18047.00,-0.6530,1.8070,9.7610,-4.740,2.770,0.390,269
18057.00,-0.6610,1.7930,9.7040,-3.550,1.700,0.270,270
18067.00,-0.6480,1.8380,9.7100,-2.180,1.210,0.270,270
18077.00,-0.6580,1.9470,9.7290,-1.890,2.000,0.440,270
18087.00,-0.6800,1.9280,9.7190,-2.640,2.490,0.600,270
18097.00,-0.6730,1.9470,9.7830,-2.670,3.980,0.320,270
18107.00,-0.6720,1.9900,9.7610,-2.670,4.100,0.160,271
18117.00,-0.6950,1.9900,9.7690,-2.940,3.820,0.160,271
18127.00,-0.6750,2.0360,9.7800,-2.810,3.100,0.390,271
18137.00,-0.6620,2.0290,9.7590,-2.710,2.910,0.690,271
18147.00,-0.6380,2.0700,9.7630,-2.500,3.800,0.830,271
18157.00,-0.6600,2.0330,9.7590,-2.710,3.940,0.910,272
18167.00,-0.6650,2.0240,9.7320,-2.670,4.170,0.840,272
18177.00,-0.6730,2.0430,9.7550,-2.830,4.630,0.690,272
18187.00,-0.6780,2.0350,9.7800,-3.180,4.840,0.550,272
18197.00,-0.6910,2.0190,9.8080,-2.740,5.260,0.210,272
18207.00,-0.6890,2.0510,9.7980,-2.180,5.540,-0.040,273
18217.00,-0.6990,2.0440,9.8210,-1.990,5.410,0.060,273
18227.00,-0.7280,2.0840,9.8060,-2.130,4.570,0.270,273
18237.00,-0.7160,2.0430,9.8170,-2.920,3.350,0.480,273
18247.00,-0.7130,2.0820,9.8330,-2.740,3.140,0.530,273
18257.00,-0.7250,2.0800,9.8320,-2.690,3.630,0.550,274
18267.00,-0.7420,2.0650,9.8500,-2.810,4.290,0.370,274
18277.00,-0.7160,2.0630,9.8560,-2.870,4.450,-0.060,274
18287.00,-0.6950,2.0370,9.8540,-3.160,4.100,-0.490,274
18297.00,-0.6320,2.0630,9.8520,-3.150,2.260,-0.690,274
18307.00,-0.6280,2.0010,9.7970,-3.060,1.460,-0.580,275
18317.00,-0.6080,2.0660,9.7500,-2.320,1.300,-0.200,275
18327.00,-0.6100,2.0330,9.7950,-2.430,1.280,0.280,275
18337.00,-0.6170,2.0210,9.8020,-2.200,1.830,0.530,275
18347.00,-0.6480,2.0410,9.7900,-2.110,2.600,0.410,275
18357.00,-0.6340,2.0990,9.8690,-2.670,3.450,-0.040,276
18367.00,-0.6360,2.1030,9.8730,-3.340,4.490,-0.370,276
18377.00,-0.6250,2.1050,9.8590,-4.020,4.910,-0.460,276
18387.00,-0.6080,2.0960,9.8480,-4.370,4.680,-0.420,276
18397.00,-0.6110,2.0440,9.8560,-4.230,4.260,0.110,276
18407.00,-0.6470,2.0610,9.8890,-3.600,3.840,0.510,277
18417.00,-0.6670,2.0410,9.8780,-3.250,3.650,0.760,277
18427.00,-0.6750,2.0170,9.8450,-2.970,3.380,0.720,277
18437.00,-0.6620,2.0050,9.8230,-2.780,3.470,0.700,277
18447.00,-0.6290,2.0080,9.7990,-2.950,3.580,0.630,277
18457.00,-0.6120,1.9960,9.7620,-3.370,3.470,0.630,278
18467.00,-0.6220,1.9830,9.7490,-3.860,3.790,0.490,278
18477.00,-0.6410,1.9880,9.6830,-4.210,4.100,0.250,278
18487.00,-0.6430,1.9660,9.6460,-4.720,3.750,0.070,278
18497.00,-0.6730,1.8530,9.4240,-3.640,2.840,0.350,278
18507.00,-0.6420,1.8640,9.4200,-1.730,3.030,0.510,279
18517.00,-0.6140,1.8470,9.3870,-0.100,3.700,0.630,279
18527.00,-0.6160,1.8340,9.3450,1.170,4.560,0.670,279
18537.00,-0.6140,1.8690,9.2380,2.710,5.400,0.090,279
18547.00,-0.5690,1.8490,9.2010,3.160,8.000,-0.790,279
18557.00,-0.5890,1.7950,9.1310,1.810,11.400,-1.440,280
18567.00,-0.5320,1.6450,9.1140,0.690,13.010,-1.930,280
18577.00,-0.3870,1.7460,9.0380,-0.240,13.310,-2.260,280
18587.00,-0.3640,1.5940,8.8970,-1.360,11.520,-2.540,280
18597.00,-0.2780,1.7270,8.9370,-1.750,8.550,-2.930,280
18607.00,-0.3000,1.6000,8.9270,-2.200,6.080,-3.870,281
18617.00,-0.2450,1.6960,8.9370,-1.130,5.610,-4.960,281
18627.00,-0.3270,1.8160,8.8920,-1.100,4.240,-5.740,281
18637.00,-0.4470,1.7270,8.9520,-2.520,2.490,-6.290,281
18648.00,-0.4580,1.8350,9.0180,-2.030,1.980,-7.250,281
18657.00,-0.5640,1.8080,9.0910,-2.480,1.510,-7.970,282
18667.00,-0.6010,1.8430,9.1410,-3.510,1.880,-8.650,282
18677.00,-0.6440,1.7990,9.2070,-5.070,3.630,-8.840,282
18687.00,-0.6530,1.8130,9.3260,-6.590,6.390,-8.880,282
18697.00,-0.7140,1.7560,9.3290,-7.640,8.410,-7.740,282
18708.00,-0.7450,1.7690,9.2970,-5.600,9.440,-6.740,283
18718.00,-0.7070,1.7860,9.4420,-2.590,10.700,-5.390,283
18728.00,-0.7530,1.7980,9.5400,1.380,10.910,-4.120,283
18738.00,-0.8050,1.8310,9.6430,4.670,8.690,-2.520,283
18748.00,-0.8200,1.9070,9.7100,4.890,5.310,-1.160,283
18758.00,-0.7980,1.8230,9.6880,3.510,2.260,0.210,284
18768.00,-0.7920,1.7770,9.6950,2.880,0.720,1.000,284
18778.00,-0.8250,1.6580,9.5090,2.440,-0.820,1.650,284
18788.00,-0.7380,1.5910,9.3340,2.360,-3.100,2.170,284
18798.00,-0.7010,1.6170,9.3400,3.830,-4.390,2.980,284
18808.00,-0.6680,1.7580,9.3990,5.280,-4.950,4.050,285
18818.00,-0.6480,1.8520,9.5070,5.350,-3.760,4.870,285
18828.00,-0.6960,1.8680,9.7060,5.140,-1.860,5.270,285
18838.00,-0.7940,1.8740,9.8080,5.100,-1.100,5.620,285
18848.00,-0.8660,1.9310,9.6260,3.620,-1.650,5.830,285
18858.00,-0.8940,1.9200,9.5830,1.150,-1.140,6.580,286
18868.00,-1.1050,1.7490,9.6680,-2.850,-0.490,9.280,286
18878.00,-0.8930,1.8840,9.5360,-9.380,-2.660,9.030,286
18888.00,-0.7030,2.0800,9.2790,-12.320,-6.110,5.990,286
18898.00,-0.7360,1.8990,9.2970,-17.290,-6.210,2.910,286
18908.00,-0.7710,2.0060,9.4710,-15.410,-6.110,1.810,287
18918.00,-0.8820,1.9710,9.2760,-15.360,-6.760,0.910,287
18928.00,-0.5620,2.1490,9.4000,-16.920,-2.350,0.280,287
18938.00,-0.3360,2.1880,9.6640,-21.220,-0.540,0.770,287
18948.00,-0.5270,2.1840,9.8210,-24.010,-0.610,-0.110,287
18958.00,-0.8440,2.1120,9.6440,-26.740,-1.960,-1.250,288
18968.00,-0.8550,1.9860,9.2740,-29.730,-4.270,-2.140,288
18978.00,-0.8790,1.9140,9.1160,-32.770,-6.650,-3.070,288
18988.00,-0.9240,1.7120,9.1290,-36.150,-6.700,-3.870,288
18998.00,-0.8230,1.6720,9.2630,-35.170,-6.070,-6.740,288
19008.00,-0.8470,1.7030,9.3360,-32.980,-5.110,-8.370,289
19018.00,-0.9450,1.6650,9.2630,-30.970,-4.640,-8.810,289
19028.00,-0.8720,1.6610,9.2860,-27.350,-2.980,-8.230,289
19038.00,-0.8750,1.7140,9.3360,-22.990,-0.280,-7.140,289
19048.00,-0.8590,1.8180,9.4980,-19.980,0.930,-6.600,289
19058.00,-0.8480,1.7820,9.6100,-18.510,0.670,-6.460,290
19068.00,-0.8990,1.7490,9.5970,-16.110,-0.770,-6.790,290
19078.00,-0.9050,1.8170,9.3280,-15.120,-2.780,-7.970,290
19088.00,-0.8760,1.7330,9.2880,-14.800,-3.500,-9.100,290
19098.00,-0.8630,1.6210,9.4990,-16.970,-1.370,-10.220,290
19108.00,-0.8130,1.6680,9.5070,-15.590,0.430,-9.890,291
19118.00,-0.8480,1.6960,9.5740,-14.500,2.040,-8.470,291
19128.00,-0.8150,1.6730,9.8210,-12.670,2.540,-6.480,291
19138.00,-0.8090,1.7100,9.9560,-8.990,0.690,-4.550,291
19148.00,-0.7750,1.7940,10.0540,-4.910,-2.220,-3.210,291
19158.00,-0.7960,1.8320,10.0210,-1.310,-6.000,-2.310,292
19168.00,-0.8230,1.8460,9.8900,0.990,-8.240,-2.280,292
19178.00,-0.7440,2.0310,9.8200,2.550,-7.600,-2.730,292
19188.00,-0.8030,1.8790,9.8170,1.990,-4.740,-2.770,292
19198.00,-0.7950,1.8670,9.7930,2.390,-0.600,-3.000,292
19208.00,-0.7800,1.8690,9.7710,2.480,3.350,-3.030,293
19218.00,-0.7990,1.8070,9.8140,1.480,7.270,-2.820,293
19228.00,-0.7870,1.7580,9.7950,-0.030,10.280,-2.310,293
19238.00,-0.7700,1.8380,9.9210,0.150,12.190,-2.000,293
19248.00,-0.7440,2.0500,9.9460,1.030,12.100,-1.890,293
19258.00,-0.7600,2.0840,10.1400,1.200,11.660,-1.540,294
19268.00,-0.8350,2.1020,10.1490,1.500,10.400,-0.970,294
19278.00,-0.8730,2.0930,10.1260,1.310,9.320,-0.490,294
19288.00,-0.8410,1.9920,10.1630,0.660,8.280,-0.160,294
19298.00,-0.7930,1.9820,10.2190,0.590,9.470,-0.210,294
19308.00,-0.8320,1.9480,10.2230,0.100,14.360,0.510,295
19318.00,-0.8540,1.8740,10.1760,-1.240,16.580,0.670,295
19328.00,-0.9080,1.8530,10.1060,-1.990,16.980,0.880,295
19338.00,-0.9080,1.8460,10.0230,-1.920,16.860,-0.390,295
19348.00,-1.0400,1.7300,9.9840,-1.710,17.030,-1.630,295
19358.00,-1.1070,1.7180,9.9860,-1.830,16.020,-2.280,296
19368.00,-1.0240,1.7490,10.0460,-0.910,14.760,-3.560,296
19378.00,-0.9930,1.7530,10.1620,1.100,14.690,-4.240,296
19388.00,-0.8600,1.8980,10.2060,3.900,14.430,-3.380,296
19398.00,-1.1470,1.8610,10.0220,4.580,15.230,-1.330,296
19408.00,-1.0260,1.9840,9.8950,6.210,16.370,0.670,297
19418.00,-1.0540,1.8620,9.8560,5.890,16.120,1.720,297
19428.00,-1.1100,1.7990,9.5910,5.930,16.810,1.320,297
19438.00,-1.1640,1.6730,9.3590,7.540,17.490,0.280,297
19448.00,-1.1530,1.8550,9.2480,8.920,17.370,0.020,297
19458.00,-1.1730,1.8100,9.3820,9.640,17.330,0.630,298
19468.00,-1.1540,1.8830,9.6150,11.610,16.950,1.470,298
19478.00,-1.3080,2.0880,9.8890,12.910,17.260,2.720,298
19488.00,-1.3660,2.2260,10.1700,12.090,17.660,3.430,298
19498.00,-1.4570,2.3210,10.3580,10.300,18.080,3.140,298
19508.00,-1.4640,2.2930,10.2310,8.250,18.700,0.790,299
19518.00,-1.3720,2.2450,10.2230,8.250,18.890,-0.320,299
19528.00,-1.3600,2.1760,10.0970,9.430,17.890,-0.980,299
19538.00,-1.3440,2.1530,9.9000,10.650,15.740,-1.040,299
19549.00,-1.2810,2.2060,9.7610,12.000,13.850,-0.510,299
19558.00,-1.3330,2.0500,9.5880,13.220,12.100,0.720,300
19568.00,-1.3000,2.0880,9.5440,16.060,10.750,1.860,300
19578.00,-1.4240,1.9920,9.6000,18.630,10.590,3.920,300
19588.00,-1.4450,2.0740,9.7390,21.570,9.930,6.340,300
19598.00,-1.4480,2.1700,9.9320,23.340,9.180,8.510,300
19608.00,-1.5740,2.3120,10.1870,24.630,9.720,9.470,301
19618.00,-1.6300,2.5680,10.3340,24.340,10.980,8.580,301
19628.00,-1.6780,2.6950,10.5180,23.130,12.150,7.140,301
19639.00,-1.6250,2.7140,10.5390,21.120,13.100,6.200,301
19648.00,-1.6700,2.6760,10.5180,20.470,14.480,5.390,301
19658.00,-1.6800,2.7500,10.4690,19.140,15.130,5.170,302
19668.00,-1.6840,2.6690,10.3760,16.130,15.690,5.320,302
19678.00,-1.5800,2.7630,10.4960,13.610,16.510,5.640,302
19688.00,-1.4340,2.7400,10.6890,10.020,16.580,6.970,302
19698.00,-1.4560,2.7490,11.0690,6.960,16.490,8.610,302
19708.00,-1.7330,2.8470,11.1670,0.330,13.730,11.970,303
19718.00,-1.8440,2.7730,11.1980,-0.960,12.060,13.080,303
19729.00,-1.7800,2.7020,11.3570,1.550,9.650,12.460,303
19739.00,-1.8020,2.7660,11.4370,4.040,7.550,11.590,303
19749.00,-1.7670,2.7200,11.5680,6.640,6.710,11.400,303
19759.00,-1.6780,2.6540,11.6660,9.550,6.360,11.470,304
19769.00,-1.6210,2.6240,11.7300,12.840,5.940,11.820,304
19779.00,-1.5910,2.7780,11.8180,16.300,4.380,12.590,304
19789.00,-1.6310,2.8800,11.7450,17.370,2.880,13.920,304
19799.00,-1.5760,2.9580,11.7020,17.180,1.810,14.760,304
19809.00,-1.5300,2.9340,11.6510,16.150,0.390,14.930,305
19819.00,-1.4200,3.0190,11.6390,15.870,-1.380,14.770,305
19829.00,-1.5060,3.1330,11.6320,14.690,-4.290,15.250,305
19839.00,-1.6120,3.2230,11.5680,10.970,-8.260,16.160,305
19849.00,-1.6490,3.1070,11.5860,6.630,-12.690,16.490,305
19859.00,-1.5970,3.1260,11.3630,3.280,-17.270,15.370,306
19869.00,-1.5900,3.1200,11.2790,2.340,-15.630,14.230,306
19879.00,-1.5420,3.0960,11.1860,1.270,-13.090,13.530,306
19889.00,-1.5060,3.0830,11.0840,0.900,-13.000,12.940,306
19899.00,-1.4870,3.1420,10.8530,0.310,-11.800,13.150,306
19909.00,-1.4160,3.0200,10.7430,-1.520,-7.600,13.970,307
19919.00,-1.5030,2.9520,10.7960,-1.080,-6.900,14.270,307
19929.00,-1.4810,2.9260,10.7720,1.150,-7.770,13.600,307
19939.00,-1.4380,3.0040,10.7940,4.490,-9.840,12.100,307
19949.00,-1.4110,3.1340,10.8430,7.590,-12.580,10.820,307
19959.00,-1.4050,3.0840,10.8200,10.490,-14.440,10.240,308
19969.00,-1.2410,3.3270,10.6480,12.540,-15.400,10.800,308
19979.00,-1.1420,3.3020,10.5930,12.380,-14.230,13.290,308
19989.00,-1.1330,3.3770,10.5780,10.510,-12.160,15.890,308
19999.00,-1.0870,3.4120,10.4700,8.600,-9.780,17.170,308
20009.00,-1.1530,3.4320,10.3600,7.400,-7.000,17.010,309
20019.00,-1.0990,3.5040,10.2220,5.330,-5.300,16.540,309
20029.00,-1.1160,3.4260,10.2360,3.160,-3.800,16.090,309
20039.00,-1.0660,3.5900,10.2260,-0.590,-4.390,15.490,309
20049.00,-1.1270,3.5440,10.2440,-5.300,-6.830,15.370,309
20059.00,-1.1670,3.6690,10.1710,-8.690,-9.710,15.110,310
20069.00,-1.1780,3.6150,10.0720,-12.460,-12.640,14.550,310
20079.00,-1.1590,3.5290,9.9970,-13.890,-12.550,13.880,310
20089.00,-1.1350,3.5190,9.9400,-14.570,-9.150,13.860,310
20099.00,-1.1040,3.3600,9.8730,-16.480,-7.300,14.420,310
20109.00,-1.1650,3.2110,9.5040,-17.320,-5.200,12.940,311
20119.00,-1.1560,3.3470,9.5520,-17.500,-3.500,10.610,311
20129.00,-1.0130,3.4240,9.7110,-19.820,-1.610,7.810,311
20139.00,-0.7540,3.3850,9.9400,-22.970,1.110,6.760,311
20149.00,-0.8980,3.5160,9.7910,-26.860,0.930,7.900,311
20159.00,-0.9110,3.2550,9.6880,-31.230,2.190,8.510,312
20169.00,-1.0010,3.1190,9.5600,-31.130,2.000,8.120,312
20179.00,-0.9910,3.0850,9.3670,-28.800,-0.260,7.370,312
20189.00,-1.0120,3.0900,9.1600,-27.330,-1.770,5.900,312
20199.00,-1.1040,2.7800,8.9560,-28.120,-3.380,4.730,312
20209.00,-1.0330,2.7680,8.9530,-25.060,-4.520,3.640,313
20219.00,-0.9790,2.8130,9.0590,-23.100,-4.150,3.640,313
20229.00,-1.0340,2.8190,9.0810,-20.840,-5.160,4.310,313
20239.00,-0.9550,2.9650,9.1230,-19.210,-6.740,4.780,313
20249.00,-0.8300,3.0740,9.2740,-18.210,-7.860,5.110,313
20259.00,-0.7820,3.1320,9.2630,-18.140,-6.740,5.740,314
20269.00,-0.7130,3.1160,9.2810,-20.370,-3.820,6.220,314
20279.00,-0.7960,2.9150,9.2310,-23.110,-1.610,6.080,314
20289.00,-0.8050,2.7450,8.9460,-23.110,0.000,5.130,314
20299.00,-0.7050,2.6570,8.9370,-21.010,1.550,3.730,314
20309.00,-0.6990,2.4810,8.8210,-15.130,1.700,3.050,315
20319.00,-0.6350,2.5300,8.8830,-11.650,2.630,3.380,315
20329.00,-0.5930,2.7210,9.1770,-9.660,2.960,4.260,315
20339.00,-0.7030,2.7450,9.2880,-8.780,2.280,5.550,315
20349.00,-0.8440,2.7190,9.4190,-8.850,1.670,6.480,315
20359.00,-0.9370,2.7050,9.4520,-8.150,1.300,6.480,316
20369.00,-0.8080,2.8770,9.5540,-7.590,2.420,4.830,316
20379.00,-0.8290,2.7120,9.5480,-9.460,4.330,3.560,316
20389.00,-0.7070,2.7120,9.4460,-10.900,4.980,3.080,316
20399.00,-0.6620,2.6500,9.2430,-11.270,3.890,2.750,316
20409.00,-0.5950,2.5170,9.1740,-11.790,2.470,2.750,317
20419.00,-0.5160,2.4960,9.0720,-9.870,1.490,2.790,317
20429.00,-0.5640,2.4250,8.9700,-8.010,1.690,3.400,317
20439.00,-0.5630,2.3700,8.9010,-5.320,1.950,4.470,317
20449.00,-0.4680,2.3700,9.0360,-2.950,2.140,4.620,317
20459.00,-0.5270,2.4200,9.1080,-1.920,2.040,4.520,318
20469.00,-0.5010,2.5020,9.1450,-2.740,1.390,4.450,318
20479.00,-0.5310,2.4510,9.2310,-6.260,0.020,4.470,318
20489.00,-0.6160,2.4510,9.2600,-9.640,-0.930,4.120,318
20499.00,-0.6050,2.4890,9.2760,-12.950,-0.210,3.120,318
20509.00,-0.6640,2.2700,9.3150,-16.480,1.560,0.200,319
20519.00,-0.6280,2.1990,9.3760,-18.550,2.840,-1.460,319
20529.00,-0.5860,2.2060,9.3710,-16.970,1.600,-2.790,319
20539.00,-0.4830,2.1900,9.2680,-14.700,-0.210,-3.520,319
20549.00,-0.3740,2.1260,9.1150,-14.030,-2.030,-3.220,319
20559.00,-0.3640,2.1210,9.1810,-13.210,-2.280,-2.560,320
20569.00,-0.3290,2.1990,9.3970,-13.280,-2.240,-1.720,320
20579.00,-0.3600,2.0720,9.3300,-14.010,-1.940,-0.700,320
20589.00,-0.3570,2.0540,9.2990,-14.070,-0.490,-0.300,320
20599.00,-0.4390,1.9900,9.3540,-14.030,1.040,-0.320,320
20609.00,-0.4390,1.9990,9.3290,-14.520,0.930,-0.580,321
20619.00,-0.5000,1.8160,9.1860,-16.990,-0.950,-0.790,321
20629.00,-0.4470,1.8720,9.1510,-17.850,-2.290,-1.790,321
20639.00,-0.4170,1.6940,9.1390,-18.370,-2.360,-2.700,321
20649.00,-0.3270,1.6670,9.0640,-16.640,-1.280,-3.610,321
20659.00,-0.2890,1.6410,8.9740,-14.730,0.480,-4.190,322
20669.00,-0.2780,1.5740,8.9400,-12.510,2.050,-3.730,322
20679.00,-0.2540,1.5610,8.9240,-9.620,2.460,-2.870,322
20689.00,-0.1750,1.6160,8.9510,-6.820,2.540,-1.790,322
20699.00,-0.1500,1.6240,9.0320,-4.600,3.510,-0.650,322
20709.00,-0.1600,1.7390,9.1930,-4.280,3.730,0.420,323
20719.00,-0.2000,1.6680,9.1640,-7.910,0.600,1.720,323
20729.00,-0.1990,1.6830,9.1250,-8.800,-1.240,1.530,323
20739.00,-0.2210,1.5960,9.1980,-9.170,-2.850,0.880,323
20750.00,-0.1840,1.7010,9.1590,-8.970,-3.550,0.200,323
20760.00,-0.2500,1.6820,9.1960,-9.380,-2.210,-0.090,324
20770.00,-0.2970,1.6850,9.3140,-9.080,-0.020,0.060,324
20780.00,-0.2850,1.7080,9.2940,-8.130,1.530,0.980,324
20790.00,-0.2990,1.6950,9.2820,-7.590,3.090,1.880,324
20800.00,-0.3140,1.6640,9.3370,-7.050,3.450,2.400,324
20810.00,-0.3120,1.6740,9.2850,-6.350,3.260,2.560,325
20820.00,-0.3380,1.6240,9.3340,-6.240,2.930,2.520,325
20830.00,-0.3780,1.6170,9.2450,-5.530,1.840,2.720,325
20840.00,-0.3440,1.6430,9.2050,-4.480,1.040,2.840,325
20850.00,-0.3430,1.6780,9.2050,-3.060,0.580,2.630,325
20860.00,-0.3300,1.6160,9.1960,-2.640,1.280,2.020,326
20870.00,-0.4540,1.7150,8.9140,-1.240,5.270,0.210,326
20880.00,-0.5590,1.8160,8.9390,-1.260,11.820,-0.840,326
20890.00,-0.7440,1.8370,9.0680,-2.170,13.270,-0.530,326
20900.00,-0.7500,1.8310,9.1280,0.410,11.640,0.460,326
20910.00,-0.7280,1.9200,9.4240,4.190,10.470,1.230,327
20920.00,-0.5770,2.1230,9.4870,8.220,5.380,1.070,327
20930.00,-0.5240,2.1090,9.6320,6.100,2.370,0.210,327
20940.00,-0.4710,2.0500,9.7010,4.210,1.600,-0.620,327
20950.00,-0.4800,1.9160,9.5730,3.300,2.720,-1.330,327
20960.00,-0.3670,1.8430,9.5830,1.870,3.000,-1.650,328
20970.00,-0.4110,1.7340,9.5160,1.170,2.350,-1.440,328
20980.00,-0.3720,1.8250,9.5050,1.080,2.050,-1.050,328
20990.00,-0.3840,1.7810,9.5070,0.470,2.910,-0.740,328
21000.00,-0.3860,1.7260,9.5470,-1.430,2.610,-0.620,328
21010.00,-0.3820,1.7220,9.6040,-2.570,1.250,-0.810,329
21020.00,-0.4010,1.6400,9.6200,-4.130,-1.350,-1.050,329
21030.00,-0.2910,1.6880,9.6310,-5.000,-4.430,-1.280,329
21040.00,-0.2270,1.6420,9.7100,-5.460,-6.280,-1.420,329
21050.00,-0.1490,1.6600,9.6330,-4.070,-6.490,-1.580,329
21060.00,-0.0950,1.6110,9.5770,-3.440,-5.780,-1.440,330
21070.00,-0.0720,1.6210,9.6230,-3.150,-4.990,-1.330,330
21080.00,-0.1240,1.6100,9.5580,-2.250,-4.530,-0.970,330
21090.00,-0.1450,1.6730,9.6080,-1.680,-4.450,-0.300,330
21100.00,-0.2020,1.6940,9.6930,-1.060,-4.570,0.550,330
21110.00,-0.2160,1.7560,9.7180,-0.210,-5.090,1.460,331
21120.00,-0.2460,1.6940,9.6520,0.540,-7.110,3.210,331
21130.00,-0.1200,1.8040,9.5120,1.450,-8.440,3.680,331
21140.00,-0.0820,1.8220,9.4890,1.710,-7.950,3.770,331
21150.00,-0.0700,1.9100,9.5110,1.450,-5.950,3.570,331
21160.00,-0.0580,1.9340,9.5800,-1.970,-2.980,3.500,332
21170.00,-0.2660,1.8660,9.6140,-8.360,-0.190,3.240,332
21180.00,-0.4520,1.7820,9.6610,-12.890,2.090,2.770,332
21190.00,-0.6190,1.8310,9.8910,-15.540,3.930,1.750,332
21200.00,-0.8020,1.9150,10.1380,-15.900,5.030,0.560,332
21210.00,-0.8720,1.9360,10.2580,-14.660,5.030,-0.270,333
21220.00,-0.8570,2.0300,10.4000,-10.780,4.920,-0.420,333
21230.00,-0.9420,2.0670,10.5200,-6.310,3.700,0.770,333
21240.00,-0.8190,2.0620,10.4780,-2.500,2.070,2.720,333
21250.00,-0.6440,2.0330,10.3880,1.570,0.360,4.590,333
21260.00,-0.4790,2.0630,10.3560,4.840,-0.260,5.880,334
21270.00,-0.3750,1.9680,10.2110,5.540,-0.050,6.430,334
21280.00,-0.3210,2.0610,10.0480,6.140,1.440,5.660,334
21290.00,-0.2590,1.9460,9.9780,7.130,3.680,4.010,334
21300.00,-0.1780,1.8250,9.8600,4.540,4.910,2.860,334
21310.00,-0.1330,1.8690,9.8390,3.040,5.620,1.930,335
21320.00,-0.0640,2.0110,9.8160,-0.640,5.260,2.100,335
21330.00,-0.1500,1.9660,9.8200,-2.870,4.360,2.700,335
21340.00,-0.1220,2.0590,9.8870,-2.900,3.090,3.000,335
21350.00,-0.1300,2.1030,9.8650,-3.150,1.760,3.260,335
21360.00,-0.1530,2.0660,9.8230,-3.020,1.510,3.280,336
21370.00,-0.1410,2.1000,9.7690,-2.740,1.530,3.100,336
21380.00,-0.1660,2.0240,9.9150,-2.570,1.790,2.770,336
21390.00,-0.1740,2.1150,9.8120,-1.900,1.760,2.590,336
21400.00,-0.2080,2.0780,9.7930,-2.040,2.980,2.230,336
21410.00,-0.2590,2.0810,9.7910,-2.170,4.470,1.750,337
21420.00,-0.2580,2.1040,9.8100,-3.080,5.170,1.400,337
21430.00,-0.3050,2.0860,9.7610,-3.620,5.890,1.260,337
21440.00,-0.2950,2.0920,9.7970,-4.410,6.310,1.110,337
21450.00,-0.2990,2.1570,9.7920,-4.490,6.530,0.930,337
21460.00,-0.2760,2.2060,9.8680,-4.700,6.660,0.490,338
21470.00,-0.2750,2.1820,9.8540,-4.620,6.150,0.270,338
21480.00,-0.2380,2.1890,9.8750,-4.410,4.700,0.280,338
21490.00,-0.2520,2.1810,9.7710,-4.670,2.950,0.760,338
21500.00,-0.2570,2.1290,9.7890,-4.860,1.130,1.260,338
21510.00,-0.2410,2.1280,9.7690,-3.570,0.460,1.680,339
21520.00,-0.2790,2.1600,9.7690,-3.200,2.280,1.890,339
21530.00,-0.3210,2.1280,9.7230,-3.530,3.280,1.910,339
21540.00,-0.3170,2.1340,9.7430,-3.760,3.860,1.790,339
21550.00,-0.3420,2.0790,9.7490,-3.830,4.140,1.700,339
21560.00,-0.3480,2.0590,9.7080,-3.110,4.070,1.320,340
21570.00,-0.3090,2.1470,9.7310,-1.820,4.050,0.790,340
21580.00,-0.2960,2.2080,9.7220,-1.290,4.070,0.690,340
21590.00,-0.2770,2.2310,9.7570,-1.450,4.260,0.860,340
21600.00,-0.3070,2.1850,9.7380,-1.680,3.930,1.250,340
21610.00,-0.2560,2.1640,9.6930,-2.270,3.070,1.560,341
21620.00,-0.2760,2.1060,9.7010,-3.150,2.840,1.610,341
21630.00,-0.2890,2.1420,9.6830,-2.800,2.960,1.600,341
21640.00,-0.2910,2.1420,9.7010,-2.550,3.210,1.370,341
21650.00,-0.3090,2.1960,9.6740,-2.550,3.210,1.280,341
21660.00,-0.3390,2.1040,9.6960,-3.180,3.210,1.610,342
21670.00,-0.3260,2.1960,9.7120,-2.710,3.930,1.820,342
21680.00,-0.4290,2.1200,9.7010,-3.230,4.330,2.070,342
21690.00,-0.4570,2.1480,9.8160,-2.940,4.190,1.790,342
21700.00,-0.4630,2.2010,9.7620,-2.870,3.800,1.350,342
21710.00,-0.4410,2.1600,9.8260,-3.320,3.630,0.880,343
21720.00,-0.4060,2.1580,9.8220,-2.530,5.220,0.880,343
21730.00,-0.3840,2.1780,9.8300,-1.870,5.240,1.260,343
21740.00,-0.3930,2.1640,9.8020,-1.640,4.210,1.790,343
21750.00,-0.3640,2.1530,9.7970,-1.590,2.810,2.190,343
21760.00,-0.3490,2.1420,9.7800,-1.330,1.860,2.450,344
21770.00,-0.3490,2.1520,9.7530,-0.890,1.900,2.520,344
21781.00,-0.3790,2.1430,9.7290,-1.050,1.930,2.350,344
21791.00,-0.3870,2.1200,9.7320,-1.100,2.260,2.000,344
21801.00,-0.3380,2.2000,9.6890,-1.310,2.810,1.890,344
21811.00,-0.3730,2.1330,9.7060,-3.150,3.310,2.230,345
21821.00,-0.3520,2.1470,9.7720,-3.580,3.560,2.450,345
21831.00,-0.3720,2.1990,9.7740,-3.780,3.370,2.510,345
21841.00,-0.4040,2.1780,9.7690,-4.160,3.700,2.140,345
21851.00,-0.3840,2.1770,9.7960,-3.970,4.330,1.580,345
21861.00,-0.4100,2.1700,9.8180,-2.830,5.220,1.440,346
21871.00,-0.4430,2.1720,9.8340,-1.340,5.570,1.490,346
21881.00,-0.4370,2.1690,9.8660,-0.500,5.170,1.600,346
21891.00,-0.4250,2.2340,9.8830,-0.050,4.290,1.840,346
21901.00,-0.4520,2.1890,9.8500,-1.100,3.170,2.120,346
21911.00,-0.3980,2.2200,9.8620,-1.480,2.510,1.980,347
21921.00,-0.4390,2.1900,9.8700,-2.040,2.370,2.050,347
21931.00,-0.4150,2.2260,9.8600,-2.550,3.310,1.750,347
21941.00,-0.4480,2.2480,9.9180,-3.230,3.820,1.630,347
21951.00,-0.4800,2.1930,9.8960,-3.810,3.770,1.750,347
21961.00,-0.4880,2.1870,9.8720,-3.860,3.820,1.840,348
21971.00,-0.5000,2.1610,9.8580,-4.250,4.000,1.770,348
21981.00,-0.5380,2.1220,9.8220,-4.510,4.210,1.530,348
21991.00,-0.4950,2.1140,9.7980,-4.300,4.490,1.110,348
22001.00,-0.4880,2.0980,9.8110,-3.970,3.860,0.830,348
22011.00,-0.4790,2.1140,9.7890,-3.650,2.880,0.620,349
22021.00,-0.4980,2.0720,9.7420,-3.900,1.930,0.530,349
22031.00,-0.4840,2.0450,9.7320,-3.830,1.410,0.410,349
22041.00,-0.4940,2.0990,9.7450,-3.110,1.760,0.300,349
22051.00,-0.5090,2.0960,9.7300,-3.180,2.280,0.460,349
22061.00,-0.5310,2.0670,9.7910,-2.800,2.720,0.460,350
22071.00,-0.5200,2.1550,9.8080,-1.450,3.140,0.090,350
22081.00,-0.5380,2.1280,9.7810,-1.730,3.330,-0.180,350
22091.00,-0.4980,2.1210,9.8120,-2.200,3.030,-0.490,350
22101.00,-0.4600,2.1490,9.7540,-2.270,2.190,-0.720,350
22111.00,-0.4410,2.1470,9.7550,-3.160,1.490,-0.970,351
22121.00,-0.4190,2.0030,9.6760,-4.440,1.200,-1.160,351
22131.00,-0.3910,1.9980,9.6630,-5.790,-0.140,-1.670,351
22141.00,-0.4330,1.9250,9.5680,-6.380,-0.700,-2.030,351
22151.00,-0.4300,1.9070,9.5070,-6.490,-1.230,-2.420,351
22161.00,-0.4170,1.9330,9.5220,-6.240,-1.470,-2.820,352
22171.00,-0.4170,1.9470,9.4680,-6.170,-1.800,-3.120,352
22181.00,-0.4040,1.9210,9.4000,-6.730,-2.840,-3.310,352
22191.00,-0.3670,1.9030,9.3570,-6.470,-3.750,-3.290,352
22201.00,-0.3390,1.8610,9.2930,-5.910,-4.010,-3.050,352
22211.00,-0.2810,1.8470,9.2540,-5.540,-4.250,-2.890,353
22221.00,-0.2640,1.7550,9.1350,-6.580,-4.130,-2.870,353
22231.00,-0.2440,1.6430,9.0840,-7.350,-4.100,-3.220,353
22241.00,-0.2110,1.5990,8.9520,-7.850,-4.310,-4.080,353
22251.00,-0.1540,1.5870,8.7850,-9.200,-4.180,-4.960,353
22261.00,-0.1180,1.5420,8.7310,-10.860,-3.360,-5.990,354
22271.00,0.1570,1.5750,8.7010,-13.540,-2.420,-7.530,354
22281.00,-0.1550,1.5690,8.6650,-17.230,-0.680,-8.650,354
22291.00,-0.0330,1.4640,8.5490,-19.960,-0.280,-9.350,354
22301.00,-0.0270,1.4280,8.3880,-22.340,-0.230,-10.430,354
22311.00,-0.0320,1.3010,8.3500,-22.030,-0.260,-10.940,355
22321.00,0.0550,1.2610,8.2580,-19.160,-0.720,-10.590,355
22331.00,0.1310,1.3390,8.1990,-13.280,-4.920,-8.420,355
22341.00,0.1570,1.2590,8.1640,-12.420,-4.390,-7.440,355
22351.00,0.1290,1.3160,8.1630,-11.650,-2.920,-7.250,355
22361.00,0.1610,1.3320,8.2140,-11.230,-1.370,-7.620,356
22371.00,0.1890,1.3500,8.3700,-12.040,0.580,-8.420,356
22381.00,0.1660,1.3360,8.3540,-12.890,1.700,-9.510,356
22391.00,0.2200,1.3600,8.2150,-12.880,1.440,-11.130,356
22401.00,0.2750,1.4220,8.2070,-10.620,0.720,-12.220,356
22411.00,0.3340,1.6420,8.5430,-7.150,0.790,-12.740,357
22421.00,0.3120,1.7440,8.8360,-4.000,0.690,-10.890,357
22431.00,0.2480,2.0050,9.0110,-2.200,1.320,-7.740,357
22441.00,0.0780,1.8920,8.9990,-3.340,2.610,-3.820,357
22451.00,0.0380,1.8900,8.9380,-4.370,4.380,-1.280,357
22461.00,-0.0280,1.7890,8.8230,-4.860,7.440,-0.320,358
22471.00,-0.2040,1.6670,8.7130,-3.600,9.960,-0.970,358
22481.00,-0.2810,1.5930,8.4380,-1.940,9.860,-2.350,358
22491.00,-0.3250,1.6660,8.1550,-2.410,6.450,-4.120,358
22501.00,-0.3490,1.6130,8.3280,-3.250,4.730,-5.550,358
22511.00,-0.2850,1.6060,8.5020,-3.390,7.080,-6.320,359
22521.00,-0.2990,1.6760,8.7310,-1.410,14.360,-6.550,359
22531.00,-0.5750,1.6600,8.9750,-0.140,24.380,-5.360,359
22541.00,-0.6780,1.6400,9.0140,-2.130,25.400,-4.940,359
22551.00,-0.7160,1.7010,9.1400,-3.390,24.350,-4.900,359
22561.00,-0.6370,1.8620,9.1680,-2.760,22.480,-4.960,360
22571.00,-0.7620,1.8980,9.3040,-0.280,22.620,-4.620,360
22581.00,-0.9050,1.9690,9.2750,1.450,23.560,-4.380,360
22591.00,-0.9720,2.1280,9.2660,1.880,25.840,-3.940,360
22601.00,-1.2550,1.9880,9.1720,-0.260,27.810,-3.220,360
22611.00,-1.3040,1.9980,9.2450,-4.000,26.970,-4.310,361
22621.00,-1.3240,1.9400,9.3150,-6.750,24.720,-6.570,361
22631.00,-1.1820,1.9830,9.4380,-7.680,24.260,-9.470,361
22641.00,-1.1410,1.9540,9.6640,-5.210,26.620,-11.240,361
22651.00,-1.1780,1.8230,9.7730,-3.160,32.350,-11.920,361
22661.00,-1.1890,1.8670,9.7480,0.750,35.360,-11.190,362
22671.00,-1.3550,1.8640,9.9170,6.660,34.290,-9.100,362
22681.00,-1.4520,2.0490,9.9680,11.890,28.640,-8.110,362
22691.00,-1.2310,2.4230,10.1970,14.340,19.450,-8.260,362
22701.00,-1.1410,2.4100,10.4850,14.080,12.290,-8.820,362
22711.00,-1.1300,2.5650,10.6570,11.720,7.570,-9.120,363
22721.00,-0.9990,2.7010,10.7470,5.700,4.000,-7.790,363
22731.00,-1.1310,2.4340,10.7310,-8.270,8.670,-1.630,363
22741.00,-1.2920,2.3190,10.8210,-10.300,17.960,2.330,363
22751.00,-1.4140,2.2200,10.8450,-9.900,26.760,5.710,363
22761.00,-1.5540,2.2010,10.7060,-10.780,32.380,6.970,364
22771.00,-1.7620,2.0470,10.5450,-11.320,34.690,7.410,364
22781.00,-1.6890,2.0310,10.6000,-17.850,30.300,9.050,364
22791.00,-1.7770,2.0150,10.2850,-15.690,24.020,9.870,364
22802.00,-1.7770,2.1000,10.3720,-4.740,19.100,11.030,364
22812.00,-1.6850,2.1780,10.4330,-0.870,16.610,13.130,365
22822.00,-1.7550,2.2880,10.4690,1.320,18.820,14.760,365
22832.00,-1.8230,2.3010,10.4480,4.750,22.510,16.160,365
22842.00,-1.8400,2.4740,10.4260,7.190,26.640,17.100,365
22852.00,-1.9950,2.3890,10.4960,7.890,29.320,17.120,365
22862.00,-2.0130,2.3540,10.5910,8.200,29.900,16.540,366
22872.00,-2.0750,2.3880,10.5030,8.900,28.670,15.820,366
22882.00,-2.1110,2.3580,10.4420,12.960,26.120,15.770,366
22892.00,-2.1150,2.3620,10.4440,18.320,22.770,16.210,366
22902.00,-2.1850,2.4410,10.5150,25.460,20.760,16.470,366
22912.00,-2.3420,2.5990,10.4500,32.230,19.940,16.230,367
22922.00,-2.3660,2.8000,10.5580,35.690,19.170,14.950,367
22932.00,-2.1570,3.0720,10.7400,39.110,17.450,10.520,367
22942.00,-2.2140,3.1170,10.8440,42.190,20.270,11.570,367
22952.00,-2.1390,3.3510,11.0660,45.840,23.980,14.020,367
22962.00,-2.3040,3.4220,11.0150,42.610,25.920,15.860,368
22972.00,-2.3060,3.4610,10.9060,37.880,26.060,14.830,368
22982.00,-2.2660,3.4630,10.7520,31.980,24.070,12.270,368
22992.00,-2.2740,3.3630,10.5710,30.410,20.130,9.160,368
23002.00,-2.2440,3.5130,10.3810,32.910,16.260,6.570,368
23012.00,-2.1730,3.3600,10.3280,34.220,13.200,5.970,369
23022.00,-2.1290,3.4680,10.2480,37.360,9.740,6.320,369
23032.00,-2.0670,3.7260,10.2810,40.910,9.350,8.110,369
23042.00,-2.0990,3.7500,10.2640,41.890,9.720,9.790,369
23052.00,-2.1520,3.8650,10.1470,40.440,10.070,10.240,369
23062.00,-2.2200,3.9560,10.0160,38.110,9.210,9.300,370
23072.00,-2.2190,4.0910,9.9540,36.130,7.510,7.790,370
23082.00,-2.1660,4.1650,9.9480,32.930,5.500,6.710,370
23092.00,-2.1360,4.2500,9.8340,30.390,3.280,6.250,370
23102.00,-2.0750,4.1640,9.8110,27.870,3.160,6.440,370
23112.00,-2.0130,4.0610,9.8460,26.030,5.830,7.160,371
23122.00,-2.0110,4.0650,9.8510,24.060,9.090,8.440,371
23132.00,-1.9420,4.1830,9.6520,22.360,8.180,8.120,371
23142.00,-1.9650,4.2120,9.6250,18.770,6.360,8.110,371
23152.00,-1.9620,4.2730,9.5710,16.690,5.610,8.350,371
23162.00,-2.0420,4.0420,9.6880,15.430,4.940,8.790,372
23172.00,-2.1290,4.1160,9.6370,14.170,4.140,9.450,372
23182.00,-2.1780,4.1670,9.6030,13.990,3.910,9.450,372
23192.00,-2.1580,4.2420,9.6340,12.070,3.820,9.330,372
23202.00,-2.2160,4.1530,9.6290,10.020,3.730,9.280,372
23212.00,-2.1790,4.2130,9.5940,8.220,4.850,9.170,373
23222.00,-2.1450,4.1150,9.5360,6.120,5.730,9.240,373
23232.00,-2.0940,4.1460,9.5400,4.600,5.730,9.240,373
23242.00,-2.2020,4.0550,9.4270,3.350,5.690,9.380,373
23252.00,-2.3040,3.9200,9.3810,3.130,5.990,9.230,373
23262.00,-2.3620,3.8990,9.3530,3.060,6.310,9.050,374
23272.00,-2.4270,3.8950,9.3220,3.510,5.750,8.090,374
23282.00,-2.4810,3.9730,9.3050,5.050,4.700,7.020,374
23292.00,-2.5230,3.9580,9.3370,6.030,2.910,6.530,374
23302.00,-2.5240,4.0530,9.4750,7.340,1.650,5.620,374
23312.00,-2.5420,4.1510,9.5190,8.810,0.270,4.590,375
23322.00,-2.5540,4.1760,9.5540,9.740,-0.120,4.660,375
23332.00,-2.3490,4.2720,9.7840,9.850,-0.910,4.920,375
23342.00,-2.3720,4.2470,9.7850,10.110,-3.120,4.120,375
23352.00,-2.2680,4.2900,9.8210,10.480,-3.730,4.430,375
23362.00,-2.2510,4.2870,9.9400,10.880,-4.590,4.830,376
23372.00,-2.3090,4.2800,9.9850,11.120,-5.360,5.460,376
23382.00,-2.4310,4.4030,9.9070,11.090,-5.920,6.040,376
23392.00,-2.4330,4.4540,9.9900,10.490,-5.040,6.430,376
23402.00,-2.4250,4.4780,10.0650,9.600,-4.800,6.250,376
23412.00,-2.3970,4.6250,10.1680,9.650,-5.600,5.620,377
23422.00,-2.2920,4.7700,10.2120,10.000,-6.760,4.970,377
23432.00,-2.2260,4.8230,10.2500,9.390,-7.750,4.760,377
23442.00,-2.1640,4.9620,10.3820,8.690,-8.680,5.240,377
23452.00,-2.1080,4.9220,10.4960,7.220,-8.910,6.720,377
23462.00,-2.0650,4.9250,10.7600,5.610,-9.310,7.650,378
23472.00,-2.0570,5.0560,10.8290,4.300,-11.290,8.650,378
23482.00,-2.1300,5.2130,10.7170,2.010,-13.320,9.190,378
23492.00,-2.1180,5.1420,10.6640,-1.130,-15.240,9.000,378
23502.00,-1.9210,5.1610,10.7770,-4.630,-17.550,7.620,378
23512.00,-1.8010,5.1680,10.8350,-8.330,-20.320,6.570,379
23522.00,-1.6720,5.2110,10.8570,-11.790,-19.990,5.670,379
23532.00,-1.6660,4.9610,10.7190,-15.330,-18.250,5.200,379
23542.00,-1.6800,4.9620,10.6870,-20.580,-13.600,4.130,379
23552.00,-1.7400,4.9320,10.6190,-22.260,-12.360,4.450,379
23562.00,-1.7580,5.0480,10.6930,-21.490,-11.830,5.880,380
23572.00,-1.7610,4.9680,10.7360,-22.920,-12.830,7.910,380
23582.00,-1.7860,4.9220,10.4880,-26.260,-16.500,8.350,380
23592.00,-1.6980,4.8980,10.2460,-29.780,-20.320,6.930,380
23602.00,-1.5250,4.8750,10.1120,-33.330,-24.680,4.310,380
23612.00,-1.4180,4.8110,10.0330,-36.500,-27.490,2.420,381
23622.00,-1.4120,4.6550,9.9030,-40.230,-27.000,2.260,381
23632.00,-1.4620,4.5340,9.6520,-43.130,-24.220,3.680,381
23642.00,-1.5170,4.3600,9.3720,-44.830,-20.440,6.510,381
23652.00,-1.5820,4.1710,9.2110,-43.760,-17.170,9.440,381
23662.00,-1.6150,4.0550,9.1590,-40.090,-14.040,11.570,382
23672.00,-1.5880,4.0130,9.5150,-34.840,-13.690,12.850,382
23682.00,-1.6040,4.0120,9.4910,-30.570,-18.180,12.450,382
23692.00,-1.5550,4.0530,9.2300,-28.750,-21.950,10.080,382
23702.00,-1.5360,4.1410,9.0720,-28.310,-23.380,7.440,382
23712.00,-1.4120,3.9670,9.1190,-28.610,-22.420,5.760,383
23722.00,-1.3300,3.9180,9.0220,-27.300,-18.360,4.610,383
23732.00,-1.1060,4.0720,8.8210,-26.300,-11.970,4.730,383
23742.00,-0.9520,3.7160,8.7720,-26.740,-0.300,8.190,383
23752.00,-0.9040,3.8580,8.8850,-24.300,1.930,9.350,383
23762.00,-1.0280,3.9520,8.9260,-23.550,1.760,11.060,384
23772.00,-1.0970,3.7920,9.1770,-20.960,1.630,11.200,384
23782.00,-1.1220,3.6770,9.3520,-20.310,0.600,11.260,384
23792.00,-1.1740,3.7000,9.1040,-18.580,1.300,10.980,384
23802.00,-1.2050,3.6650,8.7700,-17.360,2.490,9.420,384
23812.00,-1.1900,3.5940,8.4870,-17.430,3.090,7.320,385
23823.00,-1.1090,3.4690,8.5780,-16.220,4.750,5.060,385
23833.00,-1.1010,3.5060,8.5260,-14.980,6.240,3.610,385
23843.00,-0.9350,3.3970,8.6020,-14.540,8.070,2.890,385
23853.00,-0.7780,3.3110,8.5950,-13.700,10.120,3.120,385
23863.00,-0.6720,3.3690,8.6810,-13.840,11.140,3.560,386
23873.00,-0.6280,3.2230,8.7730,-15.290,9.330,3.700,386
23883.00,-0.5400,3.2590,8.7660,-16.060,6.520,3.500,386
23893.00,-0.5060,3.1480,8.7700,-15.640,4.540,3.140,386
23903.00,-0.5460,3.1480,8.8670,-13.790,5.590,2.140,386
23913.00,-0.5990,3.2670,8.9060,-10.410,6.830,1.840,387
23923.00,-0.7330,3.2660,8.9090,-8.240,7.040,1.840,387
23933.00,-0.7280,3.4700,9.0340,-7.750,6.040,2.070,387
23943.00,-0.8980,3.4080,9.2620,-16.710,0.850,3.490,387
23953.00,-0.8820,3.3580,9.2440,-19.120,-1.980,3.430,387
23963.00,-0.8610,3.2760,9.0540,-21.280,-2.960,3.150,388
23973.00,-0.8900,2.9980,9.0280,-22.660,-1.720,2.240,388
23983.00,-0.7840,2.9270,8.9320,-21.500,-0.580,0.840,388
23993.00,-0.7290,2.7930,8.8300,-20.680,-0.460,-0.490,388
24003.00,-0.7200,2.7790,8.8360,-19.000,-0.190,-1.210,388
24013.00,-0.7310,2.7300,8.7620,-17.850,-1.610,-0.970,389
24023.00,-0.5790,2.7900,8.7580,-19.820,-4.170,-0.340,389
24033.00,-0.6370,2.6230,8.7840,-23.380,-7.210,0.700,389
24043.00,-0.6180,2.6090,8.7440,-24.920,-9.800,1.390,389
24053.00,-0.6440,2.5230,8.6660,-25.650,-10.220,1.160,389
24063.00,-0.6850,2.4510,8.5970,-25.140,-9.680,0.180,390
24073.00,-0.6370,2.4170,8.6350,-23.010,-8.160,-1.180,390
24083.00,-0.5580,2.4530,8.7350,-19.980,-6.970,-1.680,390
24093.00,-0.5710,2.3940,8.8010,-19.890,-7.770,-1.540,390
24103.00,-0.5210,2.4030,8.8420,-19.300,-9.240,-1.400,390
24113.00,-0.4120,2.4960,8.9520,-19.390,-10.400,-1.350,391
24123.00,-0.5340,2.3150,8.9300,-21.730,-11.670,-1.580,391
24133.00,-0.5090,2.2580,8.8160,-22.570,-12.360,-2.280,391
24143.00,-0.5490,1.9090,8.5780,-21.240,-13.410,-3.350,391
24153.00,-0.5070,1.8600,8.5070,-17.150,-13.440,-4.100,391
24163.00,-0.4920,1.8040,8.5190,-12.980,-12.550,-4.990,392
24173.00,-0.3870,1.8780,8.6040,-8.260,-11.760,-5.600,392
24183.00,-0.2710,2.0440,8.5750,-5.630,-11.670,-5.500,392
24193.00,-0.2000,1.9530,8.4990,-7.570,-11.060,-4.400,392
24203.00,-0.1590,1.9760,8.4190,-12.280,-10.190,-3.520,392
24213.00,-0.1360,1.8530,8.5530,-18.830,-9.710,-3.070,393
24223.00,-0.1390,1.7040,8.5840,-21.890,-9.280,-3.190,393
24233.00,-0.1710,1.7090,8.6260,-21.520,-8.860,-3.290,393
24243.00,-0.1380,1.8230,8.7210,-20.070,-9.140,-3.220,393
24253.00,-0.1770,1.7770,8.7270,-18.180,-9.490,-2.540,393
24263.00,-0.1660,1.7760,8.7170,-15.610,-9.680,-1.580,394
24273.00,-0.2170,1.6850,8.7620,-12.300,-9.400,-0.560,394
24283.00,-0.1560,1.7910,8.8290,-8.240,-8.870,-0.510,394
24293.00,-0.2200,1.8490,8.9750,-4.480,-8.140,-0.460,394
24303.00,-0.1920,1.9720,9.0130,-0.680,-7.860,-0.160,394
24313.00,-0.1430,2.0960,9.0500,1.410,-7.040,0.410,395
24323.00,-0.1540,2.1460,9.2730,1.900,-5.200,1.180,395
24333.00,-0.1610,2.2580,9.4150,2.570,-3.290,1.880,395
24343.00,-0.2440,2.3590,9.6920,1.920,1.160,2.520,395
24353.00,-0.2770,2.3220,9.7740,0.480,-0.540,2.750,395
24363.00,-0.2080,2.3970,9.7600,0.060,-4.030,3.190,396
24373.00,-0.1990,2.3620,9.7730,-1.270,-7.020,4.200,396
24383.00,0.0080,2.4990,9.8210,-1.200,-7.110,4.500,396
24393.00,0.0800,2.5480,9.9330,-1.750,-5.230,4.450,396
24403.00,0.0710,2.5720,10.0050,-1.830,-3.450,4.500,396
24413.00,0.0510,2.5510,9.9820,-3.780,-2.070,5.240,397
24423.00,0.0350,2.4930,10.1030,-8.550,-1.590,5.990,397
24433.00,-0.0530,2.3740,10.0900,-13.190,-2.430,6.780,397
24443.00,-0.1990,2.1290,10.1070,-17.510,-4.080,7.020,397
24453.00,-0.3050,1.9660,9.9140,-17.880,-4.690,5.380,397
24463.00,-0.3440,2.1120,9.7600,-13.490,2.330,2.160,398
24473.00,-0.4590,1.9830,9.9810,-11.950,8.020,0.490,398
24483.00,-0.4700,2.0450,9.8160,-7.800,7.480,0.180,398
24493.00,-0.4060,2.1030,9.9090,-2.850,7.690,0.600,398
24503.00,-0.3970,2.1040,9.8790,1.180,8.020,1.470,398
24513.00,-0.3050,2.1220,9.8460,2.650,8.340,1.530,399
24523.00,-0.2940,2.1750,9.7420,1.200,8.830,0.670,399
24533.00,-0.2540,2.0510,9.6390,-3.090,8.480,-0.230,399
24543.00,-0.0140,1.8620,9.2790,-9.830,8.320,-2.310,399
24553.00,0.0580,1.8070,9.2230,-12.770,9.810,-3.170,399
24563.00,0.0640,1.6790,9.1270,-13.930,11.310,-3.380,400
24573.00,0.0620,1.6640,9.0540,-13.870,12.220,-3.010,400
24583.00,0.0590,1.5540,9.1460,-12.050,12.410,-1.910,400
24593.00,0.0800,1.6410,9.1250,-8.940,10.910,-0.410,400
24603.00,0.2200,1.8190,9.2510,-7.220,9.820,0.860,400
24613.00,0.0650,1.8490,9.3610,-6.890,8.280,1.980,401
24623.00,0.0610,1.9840,9.5480,-5.890,6.760,2.680,401
24633.00,-0.0110,2.0590,9.6370,-4.530,6.430,2.870,401
24643.00,-0.0900,2.0760,9.7420,-3.130,6.390,2.870,401
24653.00,-0.1040,2.1760,9.7230,-1.660,5.220,3.100,401
24663.00,-0.1720,2.2730,9.8260,-2.030,4.350,3.400,402
24673.00,-0.2400,2.3710,9.9630,-2.040,3.450,3.360,402
24683.00,-0.2320,2.4550,10.0520,-1.550,2.300,3.240,402
24693.00,-0.2320,2.5590,10.0540,-1.710,2.440,3.220,402
24703.00,-0.2810,2.5200,10.0840,-2.590,3.510,3.360,402
24713.00,-0.2760,2.4780,10.1410,-3.440,4.150,3.330,403
24724.00,-0.2770,2.4650,10.0890,-4.420,4.000,2.960,403
24733.00,-0.2470,2.5110,10.1130,-6.510,4.310,2.100,403
24743.00,-0.2360,2.4710,10.0780,-8.550,4.560,1.250,403
24753.00,-0.2530,2.4350,10.0830,-10.760,6.460,0.160,403
24763.00,-0.3190,2.3720,10.1640,-11.280,6.480,0.320,404
24773.00,-0.3270,2.3650,10.1500,-11.060,4.800,0.650,404
24783.00,-0.3920,2.2730,10.1080,-11.180,2.770,1.000,404
24793.00,-0.3990,2.3290,10.0940,-10.970,0.720,0.970,404
24803.00,-0.4590,2.2680,10.1090,-11.550,-2.570,1.350,404
24814.00,-0.4850,2.2030,10.0550,-11.630,-7.190,2.190,405
24823.00,-0.4250,2.1650,10.0820,-10.570,-11.390,2.800,405
24833.00,-0.3800,2.2010,10.1880,-7.980,-14.840,3.430,405
24843.00,-0.3070,2.2860,10.3230,-4.720,-18.040,4.400,405
24854.00,-0.2480,2.3280,10.4630,-2.660,-19.580,5.900,405
24864.00,-0.1800,2.3680,10.4480,-1.030,-21.560,7.950,406
24874.00,-0.1020,2.2880,10.3310,-1.520,-23.360,9.470,406
24884.00,0.0200,2.2490,10.2380,0.060,-23.400,9.350,406
24894.00,-0.0350,2.0540,9.8590,0.310,-21.510,7.950,406
24904.00,-0.0040,1.9990,9.6580,0.590,-15.860,4.890,406
24914.00,0.0290,1.9880,9.5470,-0.910,-11.390,2.160,407
24924.00,0.0430,1.9310,9.5350,-4.390,-9.980,1.180,407
24934.00,0.1120,2.0090,9.6220,-5.470,-9.750,1.230,407
24944.00,0.0950,2.1180,9.5160,-4.550,-9.170,2.230,407
24954.00,0.0550,1.9360,9.4070,-6.840,-4.520,3.050,407
24964.00,0.0820,1.9340,9.3960,-8.400,-2.470,2.890,408
24974.00,0.0590,1.8660,9.3910,-10.180,-1.400,2.680,408
24984.00,0.1200,1.9150,9.4420,-10.340,-1.730,2.260,408
24994.00,0.1110,1.9960,9.4330,-9.880,-1.770,1.600,408
25004.00,0.1200,2.0750,9.5110,-11.060,-0.860,0.620,408
25014.00,0.2050,2.0140,9.5850,-14.500,-0.950,-0.060,409
25024.00,0.2470,2.0310,9.4260,-14.330,-1.210,0.630,409
25034.00,0.2400,1.9520,9.4360,-11.210,1.560,1.300,409
25044.00,0.2180,2.0180,9.5250,-7.870,4.850,1.910,409
25054.00,0.1110,1.9750,9.5980,-6.170,7.160,2.300,409
25064.00,0.1450,1.9890,9.6370,-5.160,7.020,2.170,410
25074.00,0.1170,2.0210,9.4770,-6.210,6.800,2.910,410
25084.00,0.0290,1.8680,9.5700,-6.590,7.430,2.930,410
25094.00,0.0930,2.0170,9.6220,-6.210,6.920,2.560,410
25104.00,0.0140,1.9590,9.6100,-5.860,5.800,2.440,410
25114.00,0.1250,2.0120,9.6940,-4.900,4.190,2.380,411
25124.00,0.1530,2.0260,9.6810,-4.250,2.050,3.540,411
25134.00,0.1570,1.9530,9.6640,-3.410,1.580,4.120,411
25144.00,0.1670,2.0020,9.6140,-1.850,2.700,3.940,411
25154.00,0.1230,1.9860,9.6370,-2.830,2.910,3.210,411
25164.00,0.1360,1.9870,9.7170,-3.130,2.770,2.820,412
25174.00,0.1040,2.0070,9.6710,-3.480,3.420,2.680,412
25184.00,0.0920,1.9410,9.7050,-3.920,4.570,2.590,412
25194.00,0.1130,1.9660,9.7440,-4.200,4.360,2.730,412
25204.00,0.1260,1.9190,9.7250,-3.900,4.050,2.660,412
25214.00,0.1650,1.9880,9.7040,-3.740,4.330,2.330,413
25224.00,0.1220,1.9130,9.7320,-4.740,3.680,2.510,413
25234.00,0.1750,2.0020,9.7130,-4.790,2.560,2.420,413
25244.00,0.1040,1.9740,9.7470,-5.860,2.700,2.260,413
25254.00,0.1220,2.0470,9.7810,-5.930,3.720,2.170,413
25264.00,0.0760,1.9720,9.8110,-6.560,4.290,2.160,414
25274.00,0.0620,1.9770,9.7810,-6.120,4.730,2.090,414
25284.00,0.0950,1.9930,9.8440,-5.720,4.050,2.050,414
25294.00,0.1160,2.0030,9.7900,-5.370,2.880,2.020,414
25304.00,0.1160,1.9410,9.8720,-5.980,1.700,2.020,414
25314.00,0.1550,2.0090,9.8440,-4.970,1.700,1.880,415
25324.00,0.1250,1.9310,9.8360,-4.690,2.820,1.510,415
25334.00,0.0930,1.9630,9.9120,-4.420,3.380,1.470,415
25344.00,0.0410,1.9650,9.9550,-4.110,3.050,2.020,415
25354.00,0.0620,2.0010,9.9850,-4.230,2.880,2.650,415
25364.00,0.0250,1.9820,10.0130,-4.880,4.070,2.210,416
25374.00,0.0710,1.9680,10.0280,-4.830,4.350,1.400,416
25384.00,0.0720,1.9680,10.0360,-4.300,3.700,0.830,416
25394.00,0.0470,1.9100,10.0190,-3.780,3.000,0.630,416
25404.00,0.0900,1.9390,10.0680,-1.970,2.070,0.810,416
25414.00,0.1420,2.0960,10.0590,-0.730,1.650,1.180,417
25424.00,0.1110,2.0590,10.1560,-2.360,1.830,1.560,417
25434.00,0.1540,2.0960,10.1980,-2.660,2.160,2.030,417
25444.00,0.1240,2.1020,10.2420,-1.820,3.170,2.020,417
25454.00,0.0880,2.0610,10.1610,-1.920,3.490,1.950,417
25464.00,0.0680,2.0650,10.1120,-2.710,3.300,1.650,418
25474.00,0.0310,1.9800,10.0240,-4.410,3.140,1.420,418
25484.00,0.0330,1.9400,9.9560,-5.700,2.930,0.950,418
25494.00,0.0030,1.8500,9.8320,-6.750,2.700,0.790,418
25504.00,0.0260,1.7550,9.7000,-7.100,2.530,0.510,418
25514.00,0.0330,1.6900,9.5890,-7.430,1.650,0.280,419
25524.00,0.0630,1.6130,9.4810,-7.960,0.810,-0.040,419
25534.00,0.0630,1.5490,9.4690,-7.980,0.760,-0.280,419
25544.00,0.0880,1.5610,9.3690,-7.050,0.970,-0.600,419
25554.00,0.1260,1.6900,9.4000,-6.000,1.880,-0.530,419
25564.00,0.0700,1.6290,9.4740,-5.880,2.880,-0.690,420
25574.00,0.0930,1.7190,9.4810,-4.210,3.510,-0.910,420
25584.00,0.1070,1.7530,9.5000,-2.530,3.860,-0.950,420
25594.00,0.0810,1.8550,9.5430,-1.170,4.960,-1.000,420
25604.00,0.0010,1.8250,9.6250,-0.220,6.060,-0.900,420
25614.00,0.0390,1.9260,9.6520,0.520,5.470,-0.720,421
25624.00,0.0220,2.0420,9.7690,0.730,5.080,-0.420,421
25634.00,0.0210,2.1470,9.9210,-0.120,4.730,0.230,421
25644.00,-0.0100,2.1280,9.9370,-1.360,4.360,0.910,421
25654.00,-0.0170,2.1610,9.9540,-2.220,5.190,0.930,421
25664.00,-0.0200,2.1160,10.0450,-3.130,5.820,0.740,422
25674.00,-0.0610,2.1470,10.0820,-2.570,5.780,0.600,422
25684.00,-0.0580,2.1290,10.0900,-2.310,5.380,0.530,422
25694.00,-0.0340,2.1580,10.1380,-3.270,4.940,0.480,422
25704.00,-0.0510,2.1490,10.1890,-3.600,4.780,0.830,422
25714.00,-0.0370,2.1930,10.1640,-2.900,5.050,1.300,423
25724.00,0.0020,2.1670,10.2650,-3.600,5.120,1.910,423
25734.00,-0.0460,2.0820,10.2200,-3.250,5.150,2.230,423
25744.00,-0.0220,2.0750,10.1510,-2.760,4.780,2.160,423
25754.00,-0.0160,1.9890,10.0390,-2.500,7.230,1.330,423
25764.00,0.0020,1.9560,10.0020,-3.220,7.650,0.910,424
25774.00,-0.0590,1.8870,9.9330,-4.040,7.850,0.600,424
25784.00,-0.0020,1.9620,9.9210,-4.200,7.950,0.270,424
25794.00,-0.0380,1.8970,9.9920,-4.480,7.600,0.480,424
25804.00,-0.0610,1.9080,9.9260,-3.320,6.900,0.620,424
25814.00,-0.0700,1.9260,9.8900,-2.430,6.170,0.600,425
25824.00,-0.0580,1.9470,9.9250,-2.990,5.170,0.720,425
25834.00,-0.0920,1.8720,9.9090,-3.250,3.840,0.930,425
25844.00,-0.0560,1.9130,9.9110,-2.100,2.950,0.770,425
25854.00,-0.0460,1.9750,9.9050,-0.570,3.100,0.600,425
25864.00,-0.0450,1.9600,9.9550,-0.350,2.820,0.650,426
25875.00,-0.0400,2.0140,9.9520,0.010,2.090,0.620,426
25885.00,-0.0630,1.9780,9.9200,0.120,1.350,0.740,426
25895.00,-0.0260,2.0700,9.8330,0.290,0.880,0.910,426
25905.00,-0.0840,1.9840,9.8730,-2.110,1.300,1.190,426
25915.00,-0.1180,2.0250,9.8630,-2.690,2.110,1.050,427
25925.00,-0.0990,2.0320,9.8580,-2.640,3.580,0.490,427
25935.00,-0.0720,2.1420,9.8560,-2.690,4.940,-0.040,427
25945.00,-0.0930,2.1050,9.9000,-4.840,5.480,0.060,427
25955.00,-0.0720,2.0900,9.8790,-5.890,4.630,0.620,427
25965.00,-0.0840,2.0800,9.9010,-5.670,2.650,1.330,428
25975.00,-0.0710,2.1170,9.8660,-5.860,1.770,1.720,428
25985.00,-0.0830,2.1160,9.8530,-6.120,1.490,2.370,428
25995.00,-0.0700,2.1050,9.8870,-5.530,1.900,2.800,428
26005.00,-0.0870,2.0530,9.9050,-4.060,2.530,2.680,428
26015.00,-0.1020,2.0700,9.8730,-2.250,3.870,2.120,429
26025.00,-0.1290,2.0370,9.8090,-2.180,4.990,1.790,429
26035.00,-0.1050,2.0240,9.8170,-3.410,5.120,1.790,429
26045.00,-0.1290,1.9900,9.7600,-4.650,4.990,1.880,429
26055.00,-0.1100,1.9580,9.7340,-5.020,4.850,1.680,429
26065.00,-0.0950,1.9750,9.6950,-4.440,5.030,1.390,430
26075.00,-0.0990,1.9310,9.7430,-4.420,5.480,0.980,430
26085.00,-0.1320,1.9360,9.7000,-3.230,6.130,0.550,430
26095.00,-0.1190,1.9520,9.6820,-2.380,6.520,0.270,430
26105.00,-0.1330,1.9890,9.8330,-2.040,6.710,0.350,430
26115.00,-0.1280,2.0930,9.8260,-1.680,6.270,0.720,431
26125.00,-0.1850,2.0470,9.9260,-3.860,4.940,1.210,431
26135.00,-0.1480,2.1120,9.9440,-4.200,2.980,1.330,431
26145.00,-0.1530,2.0670,9.8940,-3.920,1.970,1.350,431
26155.00,-0.1310,1.9890,9.8170,-2.830,1.740,1.180,431
26165.00,-0.0930,2.0140,9.8060,-0.520,2.210,0.630,432
26175.00,-0.0780,2.0440,9.8050,-0.430,2.980,0.740,432
26185.00,-0.0990,2.0430,9.8530,-1.900,3.070,0.930,432
26195.00,-0.0870,2.0480,9.7780,-3.010,3.280,0.970,432
26205.00,-0.0760,2.0190,9.9500,-3.990,4.030,0.880,432
26215.00,-0.0660,2.0570,9.7900,-4.860,3.540,0.720,433
26225.00,-0.0880,2.0290,9.9080,-5.680,3.700,0.720,433
26235.00,-0.0840,2.0590,9.9070,-5.020,3.070,0.860,433
26245.00,-0.0830,2.0410,9.9320,-4.600,2.390,1.120,433
26255.00,-0.0620,2.1220,9.9520,-4.370,2.050,1.470,433
26265.00,-0.1240,2.0800,9.9230,-5.280,1.900,1.960,434
26275.00,-0.1360,2.0730,9.9270,-5.700,2.210,2.240,434
26285.00,-0.1260,2.0820,9.9240,-5.580,2.490,2.350,434
26295.00,-0.1560,2.0410,9.9480,-5.980,2.860,2.280,434
26305.00,-0.1530,2.0440,9.9490,-5.330,3.420,1.860,434
26315.00,-0.1330,2.0730,9.9120,-4.700,3.750,1.670,435
26325.00,-0.1390,2.0500,9.9270,-5.300,3.820,1.840,435
26335.00,-0.1670,1.9990,9.9260,-6.100,3.910,2.030,435
26345.00,-0.1660,2.0290,9.8900,-6.100,3.840,1.890,435
26355.00,-0.1730,1.9660,9.8290,-7.120,3.070,1.810,435
26365.00,-0.1420,1.9930,9.8170,-5.790,2.860,1.610,436
26375.00,-0.1790,1.9530,9.8350,-5.840,3.160,1.510,436
26385.00,-0.1570,1.9780,9.8280,-4.830,3.030,1.330,436
26395.00,-0.1310,2.0760,9.8870,-4.580,2.950,1.280,436
26405.00,-0.1920,1.9770,9.9380,-5.580,2.580,1.510,436
26415.00,-0.1840,2.0140,9.9600,-4.480,2.370,1.460,437
26425.00,-0.1510,2.0350,9.9840,-3.650,2.070,1.350,437
26435.00,-0.1710,1.9890,9.9660,-3.110,2.120,1.230,437
26445.00,-0.1080,2.0880,9.9810,-2.290,2.040,1.140,437
26455.00,-0.1170,2.0420,9.9500,-3.340,1.790,1.600,437
26465.00,-0.1540,2.0090,9.9110,-4.530,1.460,2.000,438
26475.00,-0.1390,1.9770,9.8770,-5.770,0.880,2.300,438
26485.00,-0.1380,1.9280,9.7960,-6.590,0.570,2.190,438
26495.00,-0.1190,1.9020,9.7020,-6.840,0.930,1.750,438
26505.00,-0.1360,1.8580,9.6510,-6.930,1.490,1.370,438
26515.00,-0.1020,1.9160,9.6390,-6.330,2.390,1.110,439
26525.00,-0.1050,1.9090,9.7380,-6.310,3.510,1.230,439
26535.00,-0.0980,1.9940,9.7780,-5.470,4.420,1.180,439
26545.00,-0.1130,1.9650,9.8500,-6.230,4.450,1.330,439
26555.00,-0.1360,2.0050,9.9070,-6.540,3.450,1.750,439
26565.00,-0.1370,1.9580,9.8540,-6.070,1.370,2.510,440
26575.00,-0.1560,1.9270,9.8770,-5.980,0.830,2.420,440
26585.00,-0.1430,1.9450,9.8420,-5.120,1.460,1.960,440
26595.00,-0.1240,1.9110,9.7950,-5.140,2.510,1.720,440
26605.00,-0.1410,1.8420,9.7560,-5.370,2.980,1.610,440
26615.00,-0.1290,1.8610,9.6840,-5.260,3.140,1.580,441
26625.00,-0.1430,1.8190,9.7080,-6.210,3.230,1.560,441
26635.00,-0.1620,1.7940,9.7280,-6.370,3.350,1.440,441
26645.00,-0.1690,1.8640,9.7500,-5.880,3.590,1.160,441
26655.00,-0.1670,1.8870,9.8030,-4.670,4.430,0.670,441
26665.00,-0.1750,1.9400,9.8210,-3.570,5.500,0.350,442
26675.00,-0.2260,1.9250,9.8340,-2.360,5.990,0.200,442
26685.00,-0.2120,1.9390,9.7780,-1.340,5.590,0.510,442
26695.00,-0.1910,1.9660,9.7730,-0.840,4.940,1.000,442
26705.00,-0.2040,1.9090,9.6800,-1.380,4.780,1.670,442
26715.00,-0.1900,1.9200,9.6130,-1.260,4.190,2.090,443
26725.00,-0.2380,1.8790,9.5820,-1.820,3.310,2.750,443
26735.00,-0.2580,1.8540,9.5100,-1.060,3.470,3.050,443
26745.00,-0.2560,1.7920,9.5130,-1.540,4.500,2.770,443
26755.00,-0.2450,1.7680,9.5590,-2.150,5.890,2.190,443
26765.00,-0.2290,1.7330,9.5350,-1.340,7.510,1.330,444
26775.00,-0.2300,1.6980,9.5950,-2.320,7.340,1.040,444
26785.00,-0.1500,1.7010,9.5700,-1.970,6.310,0.840,444
26795.00,-0.1140,1.8010,9.5280,-1.410,5.430,0.530,444
26805.00,-0.1800,1.7070,9.5090,-2.970,4.800,0.370,444
26815.00,-0.1890,1.6800,9.3780,-3.010,4.290,0.210,445
26825.00,-0.3170,1.7390,9.3400,-2.200,3.840,-0.280,445
26835.00,-0.1450,1.3800,9.3930,-1.850,2.720,-0.950,445
26845.00,-0.0930,1.6190,9.1810,-0.770,1.580,-1.000,445
26855.00,-0.0370,1.6420,9.1130,-0.750,2.470,-1.250,445
26865.00,-0.1260,1.5500,9.1040,-2.250,3.440,-1.470,446
26875.00,-0.0870,1.4820,8.8860,-2.590,5.220,-1.770,446
26885.00,-0.1180,1.4060,8.7730,-2.080,8.420,-2.350,446
26895.00,-0.1040,1.3480,8.5660,-2.760,9.630,-3.100,446
26906.00,-0.1990,1.2020,8.3350,-3.640,10.610,-3.800,446
26916.00,-0.2380,1.1600,8.2360,-3.060,10.840,-4.850,447
26926.00,-0.3610,1.0090,8.0620,-4.180,9.180,-5.390,447
26936.00,-0.2540,1.0680,8.0020,-3.130,7.720,-6.710,447
26946.00,-0.1490,1.2920,8.0970,0.360,9.260,-8.600,447
26956.00,-0.0990,1.4120,8.3920,3.880,11.980,-9.770,447
26966.00,-0.1490,1.9170,8.5710,7.760,15.550,-9.190,448
26976.00,-0.2770,1.9480,8.8050,10.810,16.210,-7.370,448
26986.00,-0.3260,2.0350,8.9380,10.880,14.270,-5.100,448
26996.00,-0.3010,2.1060,9.0310,10.670,11.050,-3.450,448
27006.00,-0.3570,2.0630,8.9970,11.320,9.580,-2.450,448
27016.00,-0.4430,2.0020,9.0370,11.530,10.350,-2.030,449
27026.00,-0.3850,1.9680,8.9990,11.350,12.030,-2.280,449
27036.00,-0.4580,1.8340,8.8270,11.650,14.060,-2.840,449
27046.00,-0.4860,1.7210,8.5570,13.450,16.720,-3.240,449
27056.00,-0.5080,1.6740,8.3350,14.870,19.730,-3.070,449
27066.00,-0.5220,1.7470,8.2830,16.460,22.180,-2.630,450
27076.00,-0.5160,1.9330,8.3400,17.910,23.540,-2.050,450
27086.00,-0.6200,2.0390,8.6590,19.160,23.470,-1.910,450
27096.00,-0.4660,2.2810,8.9580,21.290,22.300,-1.950,450
27106.00,-0.4280,2.4930,9.3100,22.590,20.060,-0.950,450
27116.00,-0.3670,2.5070,9.5360,21.990,16.390,0.130,451
27126.00,-0.2210,2.6160,9.6220,19.860,13.760,-0.300,451
27136.00,-0.6130,2.8630,9.4280,18.120,14.830,-1.630,451
27146.00,-0.3070,2.1960,9.4190,14.610,16.260,-3.630,451
27156.00,-0.3880,2.4870,9.3050,8.380,21.180,-6.270,451
27166.00,-0.3560,2.5710,9.6870,4.050,28.850,-8.190,452
27176.00,-0.5250,2.4250,9.8150,2.930,41.830,-7.110,452
27186.00,-0.8120,2.4740,9.6030,3.740,40.870,-4.970,452
27196.00,-0.9790,2.3070,9.4370,2.080,33.290,-2.580,452
27206.00,-0.9610,2.4090,9.4880,1.550,22.270,-1.140,452
27216.00,-0.8960,2.4020,9.4670,0.680,11.030,-0.860,453
27226.00,-0.8170,2.6080,9.3930,0.570,6.100,-1.650,453
27236.00,-0.8500,2.6810,9.6400,2.090,7.920,-2.300,453
27246.00,-0.9120,2.8670,9.8420,4.350,11.750,-1.880,453
27256.00,-1.1780,2.9150,9.8480,6.220,16.370,-0.480,453
27266.00,-1.3240,2.8950,9.8290,5.980,19.120,1.580,454
27276.00,-1.5010,2.7360,9.8390,4.320,17.160,3.100,454
27286.00,-1.5210,2.7300,9.6560,5.160,10.560,2.890,454
27296.00,-1.3960,2.9130,9.5490,6.990,3.280,0.860,454
27306.00,-1.3770,3.0320,9.2880,7.970,-2.940,-1.180,454
27316.00,-1.2560,3.2390,9.4070,8.250,-4.360,-2.910,455
27326.00,-1.3290,3.4300,9.7110,9.780,2.070,-3.120,455
27336.00,-1.3830,3.6750,10.0480,11.540,12.410,-0.630,455
27346.00,-1.5080,3.7920,10.2550,9.460,21.010,2.610,455
27356.00,-1.6010,3.7500,10.4780,5.140,25.770,5.520,455
27366.00,-2.0920,3.6430,10.6570,0.750,27.740,6.460,456
27376.00,-2.1790,3.5760,10.4270,-9.250,14.510,4.520,456
27386.00,-2.1060,3.5250,10.3310,-11.160,4.570,1.330,456
27396.00,-2.0590,3.4940,10.2500,-9.060,-1.310,-1.490,456
27406.00,-2.0010,3.4330,10.3230,-6.030,-2.260,-2.610,456
27416.00,-1.9620,3.4600,10.4700,-3.760,2.250,-2.190,457
27426.00,-1.9940,3.4420,10.5890,-4.580,14.060,-0.740,457
27436.00,-2.0300,3.3850,10.6990,-5.000,21.230,-0.350,457
27446.00,-2.0740,3.3300,10.6310,-4.340,20.880,-0.340,457
27456.00,-2.1450,3.2880,10.2170,-4.110,16.280,-1.040,457
27466.00,-2.1640,3.0900,9.9430,-4.180,8.950,-2.490,458
27476.00,-2.0500,3.1650,9.7110,-1.890,1.250,-5.080,458
27486.00,-1.9150,3.1220,9.6720,1.830,-1.890,-6.390,458
27496.00,-1.8670,3.1170,9.7410,6.820,0.760,-5.550,458
27506.00,-1.8990,3.1010,9.6870,11.750,5.540,-2.870,458
27516.00,-1.8310,3.1590,9.8120,15.250,9.890,-0.070,459
27526.00,-1.8530,3.1640,9.9350,17.200,14.360,2.660,459
27536.00,-1.9270,3.1920,9.9140,17.860,17.730,5.270,459
27546.00,-1.9780,3.1940,9.8650,17.420,17.100,6.640,459
27556.00,-1.8730,3.2270,9.8760,18.350,13.970,6.090,459
27566.00,-1.8170,3.3030,9.6130,19.520,10.070,3.800,460
27576.00,-1.7750,3.1830,9.5300,23.430,3.910,1.750,460
27586.00,-1.7330,3.2940,9.4620,25.650,3.750,1.810,460
27596.00,-1.6820,3.3360,9.4850,27.960,4.260,2.440,460
27606.00,-1.6770,3.4100,9.5560,30.640,6.450,4.380,460
27616.00,-1.7350,3.4910,9.7570,33.770,10.000,7.070,461
27626.00,-1.8720,3.7740,9.9310,33.790,12.610,9.770,461
27636.00,-1.9390,3.9850,9.9510,29.100,12.150,10.330,461
27646.00,-1.9710,3.9640,9.8270,21.380,9.020,8.770,461
27656.00,-1.8440,3.9130,9.8660,14.340,6.480,5.710,461
27666.00,-1.7330,3.8870,9.9870,9.740,6.970,3.190,462
27676.00,-1.7010,3.8560,9.9780,7.290,9.420,2.070,462
27686.00,-1.6800,3.8790,9.9870,6.210,11.360,1.720,462
27696.00,-1.7100,3.8580,9.9850,5.420,12.380,1.790,462
27706.00,-1.7390,3.9120,10.0230,4.790,12.520,2.000,462
27716.00,-1.8080,3.9430,10.1020,4.040,12.620,2.580,463
27726.00,-1.8300,3.9390,10.2280,2.950,12.480,3.310,463
27736.00,-1.9470,3.9520,10.1990,2.430,11.700,3.540,463
27746.00,-1.9440,4.0280,10.2320,1.810,9.280,2.860,463
27756.00,-1.9140,4.1610,10.2680,2.080,5.960,2.050,463
27766.00,-1.9330,4.0880,10.2680,2.530,3.400,2.090,464
27776.00,-1.8800,4.1500,10.2600,4.890,0.510,2.020,464
27786.00,-1.8920,4.1510,10.2480,5.840,1.410,2.090,464
27796.00,-1.9210,4.1860,10.1810,5.420,2.250,2.420,464
27806.00,-1.9040,4.1750,10.0910,3.910,2.120,2.300,464
27816.00,-1.8870,4.1910,10.0970,2.640,0.900,1.820,465
27826.00,-1.9100,4.1640,10.0460,1.900,-0.560,1.950,465
27836.00,-1.9400,4.1490,10.0660,2.320,-0.960,2.660,465
27846.00,-1.9830,4.0900,10.1070,2.900,-0.110,3.490,465
27856.00,-2.0150,4.0660,10.1120,3.690,0.570,3.780,465
27866.00,-2.0180,4.0550,10.1030,4.390,0.500,3.420,466
27876.00,-2.0490,4.1270,10.1120,4.810,-0.460,2.350,466
27886.00,-2.0530,4.2300,10.0960,4.400,-2.360,1.420,466
27896.00,-1.9820,4.2520,10.2190,3.740,-4.430,1.160,466
27906.00,-1.9960,4.2350,10.3090,4.160,-6.910,1.090,466
27917.00,-1.9620,4.2640,10.3500,6.100,-9.260,0.700,467
27927.00,-1.9720,4.3530,10.4660,9.300,-11.760,0.210,467
27937.00,-1.9580,4.4800,10.5290,13.920,-14.980,0.140,467
27947.00,-1.9620,4.7090,10.4800,17.110,-15.770,-0.210,467
27957.00,-1.9380,4.9710,10.4870,17.270,-13.200,-0.060,467
27967.00,-1.8320,4.9780,10.4560,13.840,-13.140,0.440,468
27977.00,-1.7590,4.7950,10.0920,8.170,-19.830,-1.600,468
27987.00,-1.7550,4.6660,10.0050,7.570,-22.800,-2.580,468
27997.00,-1.8220,4.6260,9.7310,8.240,-25.710,-2.840,468
28007.00,-1.8600,4.4430,9.6250,8.550,-25.730,-2.930,468
28017.00,-1.7750,4.3570,9.7480,8.390,-26.690,-3.490,469
28027.00,-1.6570,4.4620,9.8510,5.860,-29.000,-3.710,469
28037.00,-1.4560,4.4350,10.1160,0.870,-29.380,-4.030,469
28047.00,-1.2100,4.6400,10.4840,-0.190,-29.450,-3.570,469
28057.00,-1.1460,4.6850,10.5780,-3.570,-29.350,-2.230,469
28067.00,-1.0080,4.6280,10.5550,-7.840,-28.490,-1.140,470
28077.00,-0.9420,4.5880,10.4560,-10.180,-27.420,0.000,470
28087.00,-0.8060,4.5630,10.4180,-11.340,-26.460,1.350,470
28097.00,-0.8010,4.4790,10.3290,-14.190,-26.880,3.080,470
28107.00,-0.7930,4.3050,10.3620,-15.550,-27.620,4.550,470
28117.00,-0.6600,4.3760,10.3420,-15.830,-27.130,5.380,471
28127.00,-0.6580,4.3680,10.3770,-17.080,-26.670,6.880,471
28137.00,-0.7210,4.5040,10.1620,-18.530,-25.390,9.190,471
28147.00,-0.7360,4.3960,10.3400,-23.760,-24.640,11.550,471
28157.00,-0.7980,4.3770,10.2180,-30.170,-24.470,13.220,471
28167.00,-0.8540,4.1740,10.2110,-36.470,-23.680,14.040,472
28177.00,-0.7680,4.0450,10.0940,-44.830,-20.700,12.310,472
28187.00,-0.7780,3.9670,9.9700,-48.170,-16.260,12.390,472
28197.00,-0.7440,3.8560,9.8650,-50.610,-12.720,13.180,472
28207.00,-0.7660,3.6840,9.8940,-51.340,-13.530,13.010,472
28217.00,-0.7470,3.7440,10.1150,-48.000,-13.440,12.340,473
28227.00,-0.6830,3.7730,10.2550,-45.620,-14.280,12.310,473
28237.00,-0.6530,3.7500,10.1260,-46.320,-14.770,12.290,473
28247.00,-0.5800,3.5070,9.8730,-50.120,-15.070,12.620,473
28257.00,-0.4660,3.4640,9.8090,-50.850,-14.820,13.040,473
28267.00,-0.3580,3.4100,9.9430,-49.150,-14.700,13.640,474
28277.00,-0.2530,3.4340,10.0330,-47.420,-12.780,14.250,474
28287.00,-0.1610,3.3870,9.9780,-48.450,-11.620,15.400,474
28297.00,-0.1200,3.3900,9.9970,-49.610,-10.890,16.510,474
28307.00,-0.0450,3.2560,9.8910,-52.020,-10.080,17.170,474
28317.00,-0.0190,3.1880,9.8400,-53.390,-11.240,17.080,475
28327.00,0.0330,2.9920,9.7720,-54.980,-13.650,16.520,475
28337.00,-0.0110,2.7550,9.5520,-54.260,-14.880,15.440,475
28347.00,0.0350,2.5530,9.2240,-52.570,-13.930,14.300,475
28357.00,0.1000,2.3520,9.0070,-51.920,-11.450,13.150,475
28367.00,0.0830,2.1520,8.7910,-51.290,-6.510,11.850,476
28377.00,0.0370,1.9560,8.6320,-50.570,1.880,9.350,476
28387.00,-0.0170,2.0930,8.8100,-50.470,16.860,9.440,476
28397.00,-0.0870,2.0390,8.8330,-53.600,17.490,10.560,476
28407.00,-0.1100,2.1390,8.6760,-55.870,16.050,11.640,476
28417.00,-0.2620,1.9680,8.8170,-56.240,14.670,12.360,477
28427.00,-0.2030,1.9230,9.1640,-54.540,10.330,11.850,477
28437.00,-0.1230,1.7770,9.1050,-54.280,4.210,11.050,477
28447.00,-0.1600,1.5020,8.8660,-54.230,0.950,10.310,477
28457.00,-0.2320,1.2870,8.7310,-51.480,-1.650,9.840,477
28467.00,-0.2410,1.2510,8.6680,-45.810,-6.140,9.580,478
28477.00,-0.1260,1.2870,8.9450,-40.000,-7.490,9.580,478
28487.00,-0.1320,1.2410,9.2140,-35.630,-6.910,10.850,478
28497.00,-0.1670,1.2110,9.1640,-34.520,-8.210,11.890,478
28507.00,-0.1830,1.2080,9.1950,-37.460,-9.310,11.570,478
28517.00,-0.1550,1.0630,9.2140,-41.400,-10.220,9.650,479
28527.00,-0.1170,0.9700,9.1700,-41.120,-10.150,6.550,479
28537.00,-0.0250,0.9590,9.4450,-39.510,-10.870,3.960,479
28547.00,0.2630,0.5560,9.7590,-38.290,-15.280,2.370,479
28557.00,0.7840,1.1150,7.3920,-30.530,-16.420,-1.930,479
28567.00,0.1660,0.7400,7.2820,6.010,29.140,-6.600,480
28577.00,-0.4120,-0.2020,6.2540,-16.250,36.300,-8.930,480
28587.00,-0.1740,0.3430,4.7720,-20.170,22.480,-22.440,480
28597.00,-1.2100,1.1940,6.3880,-17.130,35.500,-14.370,480
28607.00,-0.7440,2.2660,5.5410,-21.260,32.100,10.490,480
28617.00,-0.0020,-1.9800,6.5760,-32.510,29.300,26.290,481
28627.00,-0.2260,-0.2230,6.9280,-30.270,20.320,3.730,481
28637.00,-0.2820,0.4340,7.0100,-31.690,9.890,-4.960,481
28647.00,0.0170,0.3920,7.2450,-30.800,-0.740,-4.850,481
28657.00,0.2180,0.6060,7.6860,-22.850,-10.360,-3.290,481
28667.00,0.4290,0.9780,8.5910,-15.550,-18.270,-0.300,482
28677.00,0.4540,1.3290,9.5600,-7.520,-23.120,3.680,482
28687.00,0.3840,1.4650,10.2650,-3.340,-26.850,7.270,482
28697.00,0.3670,1.3630,10.7150,-1.050,-30.240,9.560,482
28707.00,0.1480,1.2210,10.8270,-0.310,-30.820,10.030,482
28717.00,-0.1160,1.1160,10.7660,1.830,-28.750,9.720,483
28727.00,-0.3860,1.0430,10.7800,0.660,-26.530,8.250,483
28737.00,-0.5580,0.8930,10.7110,-2.290,-23.710,6.010,483
28747.00,-0.5620,0.7020,10.4650,-5.510,-19.740,2.770,483
28757.00,-0.3340,0.6790,10.4060,-6.030,-14.700,-0.390,483
28767.00,-0.0990,0.6360,10.4630,-6.140,-10.960,-1.930,484
28777.00,0.1470,0.6660,10.4450,-4.830,-9.780,-2.260,484
28787.00,0.4420,0.6740,10.4210,-3.880,-9.940,-1.020,484
28797.00,0.4780,0.6380,10.2730,-4.300,-9.170,0.490,484
28807.00,0.4290,0.6420,10.2380,-4.770,-6.900,2.030,484
28817.00,0.3120,0.6290,10.3580,-5.250,-4.520,2.540,485
28827.00,0.2330,0.6540,10.3690,-4.650,-3.010,2.330,485
28837.00,0.1920,0.6310,10.3450,-4.140,-2.360,2.280,485
28847.00,0.1710,0.6240,10.3040,-4.370,-2.070,2.310,485
28857.00,0.1690,0.5800,10.2410,-4.560,0.150,1.700,485
28867.00,0.1610,0.5550,10.1740,-5.110,2.700,0.700,486
28877.00,0.0770,0.4580,10.1400,-5.230,4.710,-0.840,486
28887.00,0.0290,0.5470,10.0040,-4.630,7.320,-2.890,486
28897.00,0.0690,0.5860,10.1820,-3.530,7.740,-3.570,486
28907.00,0.1850,0.5800,10.0770,-2.060,5.130,-3.520,486
28917.00,0.3390,0.6300,10.0950,-0.070,4.070,-3.290,487
28927.00,0.4090,0.5890,10.0680,1.150,3.630,-2.930,487
28937.00,0.4230,0.6440,10.0400,2.110,2.750,-2.870,487
28947.00,0.3340,0.6890,10.0820,2.110,2.330,-2.840,487
28958.00,0.2710,0.6740,10.0390,0.870,1.390,-2.910,487
28968.00,0.2470,0.6340,9.9230,1.040,0.570,-2.750,488
28978.00,0.3190,0.6860,9.8060,2.340,0.150,-2.260,488
28988.00,0.4530,0.8230,9.8090,3.560,-0.740,-0.480,488
28998.00,0.4820,0.8450,9.8640,2.290,-2.050,0.140,488
29008.00,0.4610,0.9060,9.8790,1.870,-1.840,0.350,488
29018.00,0.4590,0.9370,9.9290,1.080,-1.840,0.760,489
29028.00,0.4240,0.9270,10.0520,0.800,-1.960,1.350,489
29038.00,0.4030,0.9630,10.1130,-0.560,-2.730,1.670,489
29048.00,0.3450,0.9510,10.0370,-3.390,-2.910,1.280,489
29058.00,0.3620,0.9030,10.0250,-5.440,-2.470,0.510,489
29068.00,0.3840,0.9590,10.0580,-5.600,-1.870,0.230,490
29078.00,0.4000,0.9430,10.1620,-6.440,-1.730,0.110,490
29088.00,0.4110,0.9110,10.1390,-7.000,-2.780,-0.070,490
29098.00,0.4370,0.8560,10.1100,-7.240,-4.110,-0.200,490
29108.00,0.5010,0.8350,10.0570,-6.660,-4.850,-0.280,490
29118.00,0.5490,0.8330,10.0670,-5.330,-4.170,-0.060,491
29128.00,0.5500,0.8330,10.0700,-4.860,-3.450,0.700,491
29138.00,0.5620,0.8300,10.0950,-6.440,-4.460,1.210,491
29148.00,0.5330,0.8070,10.0790,-7.820,-5.640,1.000,491
29158.00,0.5220,0.7880,10.0410,-7.660,-5.640,0.560,491
29168.00,0.5190,0.7400,10.0650,-7.150,-4.880,0.480,492
29178.00,0.5730,0.7310,10.1220,-5.790,-4.730,0.670,492
29188.00,0.5730,0.7680,10.1560,-2.570,-5.850,1.700,492
29198.00,0.5560,0.7590,10.0830,-1.330,-6.160,1.810,492
29208.00,0.5240,0.7070,9.9500,-0.450,-5.510,1.470,492
29218.00,0.5080,0.7100,9.9300,0.100,-3.480,1.180,493
29228.00,0.4610,0.6410,9.8880,0.030,-2.120,1.020,493
29238.00,0.5390,0.6850,9.9230,0.430,-1.910,0.560,493
29248.00,0.6000,0.7660,10.0040,1.550,-1.380,0.480,493
29258.00,0.6480,0.7880,10.0130,1.900,-1.090,0.580,493
29268.00,0.6690,0.8350,10.0670,1.850,-0.890,0.950,494
29278.00,0.6980,0.8420,10.1280,1.030,-0.810,1.280,494
29288.00,0.7310,0.8850,10.1910,1.040,-0.950,1.580,494
29298.00,0.7160,0.9280,10.1700,1.060,-0.930,1.860,494
29308.00,0.6620,0.8980,10.1560,1.170,-0.720,2.090,494
29318.00,0.6680,0.9100,10.0860,0.290,-0.610,2.300,495
29328.00,0.6730,0.9000,10.0100,-1.220,0.110,2.750,495
29338.00,0.6810,0.8990,10.0100,-1.820,0.300,3.220,495
29348.00,0.6650,0.9170,9.9540,-1.310,-0.650,3.640,495
29358.00,0.5690,0.9180,10.0250,-1.870,-1.230,3.470,495
29368.00,0.5280,0.9150,10.0170,-2.850,-2.170,2.870,496
29378.00,0.5760,0.8720,9.9670,-3.860,-2.780,2.380,496
29388.00,0.7250,0.8140,9.9330,-4.910,-2.540,2.030,496
29398.00,0.7150,0.8360,9.9500,-4.070,-2.470,2.070,496
29408.00,0.7460,0.8130,10.0570,-2.830,-4.010,2.450,496
29418.00,0.8050,0.8140,10.0540,-2.170,-5.130,2.730,497
29428.00,0.8840,0.8500,10.0900,-2.480,-5.530,3.640,497
29438.00,0.8590,0.8660,10.1150,-3.970,-4.670,5.180,497
29448.00,0.8330,0.7760,10.1760,-5.740,-4.040,6.640,497
29458.00,0.7260,0.7530,10.1310,-7.540,-3.780,6.880,497
29468.00,0.6950,0.7890,10.2040,-10.410,-2.140,6.060,498
29478.00,0.6110,0.7530,10.1490,-12.540,-0.530,5.170,498
29488.00,0.6380,0.7530,9.9970,-12.930,0.550,4.290,498
29498.00,0.7620,0.8440,9.9810,-11.880,2.560,3.940,498
29508.00,0.8530,0.8720,9.9560,-12.280,3.540,4.260,498
29518.00,0.8980,0.8720,9.9080,-14.030,3.580,4.940,499
29528.00,0.8740,0.8270,9.9320,-14.490,2.840,5.410,499
29538.00,0.8110,0.7890,9.8870,-14.470,2.210,5.380,499
29548.00,0.8030,0.7290,9.8560,-14.050,2.460,5.390,499
29558.00,0.8260,0.7080,9.8650,-13.770,3.400,5.450,499
29568.00,0.8870,0.7600,9.9570,-13.090,4.170,5.220,500
29578.00,0.9270,0.7920,10.0540,-14.010,3.910,5.430,500
29588.00,0.9390,0.8030,10.0920,-13.560,2.230,5.460,500
29598.00,0.8730,0.7620,10.1460,-9.030,2.400,5.570,500
29608.00,0.7750,0.6730,10.0950,-7.470,2.250,5.390,500
29618.00,0.7270,0.6360,9.9820,-5.120,1.630,4.960,501
29628.00,0.7700,0.7210,10.0120,-3.080,1.410,4.730,501
29638.00,0.7050,0.6200,9.9400,-3.760,0.580,4.680,501
29648.00,0.7540,0.6600,9.9570,-4.320,0.580,4.050,501
29658.00,0.7860,0.6970,10.0890,-4.130,0.880,3.400,501
29668.00,0.8020,0.7190,10.0190,-3.220,1.280,3.220,502
29678.00,0.8320,0.7100,10.0600,-2.150,2.070,3.310,502
29688.00,0.8270,0.6260,10.1090,-1.800,1.970,3.290,502
29698.00,0.7880,0.5650,10.0660,-1.270,1.130,2.610,502
29708.00,0.7570,0.6080,9.9200,-0.490,1.070,1.790,502
29718.00,0.7160,0.5490,9.9060,-1.890,0.900,1.860,503
29728.00,0.7440,0.5730,9.8580,-1.480,0.640,2.350,503
29738.00,0.7940,0.5870,9.9090,-1.680,1.090,2.470,503
29748.00,0.8150,0.6190,10.0190,-0.990,1.090,2.230,503
29758.00,0.8850,0.6620,10.0330,-0.280,0.130,2.090,503
29768.00,0.9150,0.7590,10.1340,0.120,-0.320,2.170,504
29778.00,0.8670,0.7810,10.1140,-0.330,-0.180,2.330,504
29788.00,0.7450,0.7530,10.1120,-0.170,0.760,2.260,504
29798.00,0.7330,0.6710,10.1180,-1.480,1.970,1.600,504
29809.00,0.7900,0.6540,10.1030,-1.410,1.410,1.350,504
29818.00,0.8110,0.6190,10.0210,-0.820,0.600,1.040,505
29828.00,0.8070,0.6670,9.9980,0.430,0.530,0.480,505
29838.00,0.8500,0.6850,10.0120,1.200,0.460,0.320,505
29848.00,0.8240,0.6610,10.0330,1.380,0.370,0.550,505
29858.00,0.8680,0.7160,10.0050,1.340,0.020,0.630,505
29868.00,0.8610,0.7050,10.0510,0.310,0.180,0.580,506
29878.00,0.8540,0.7540,10.0310,-0.210,0.360,0.690,506
29888.00,0.8480,0.7520,9.9960,-2.320,0.670,0.670,506
29899.00,0.8660,0.7260,9.9290,-3.440,0.620,0.700,506
29908.00,0.9330,0.7260,9.8960,-4.020,0.850,0.690,506
29918.00,0.9450,0.7820,9.8400,-3.930,1.560,0.980,507
29928.00,0.9170,0.7760,9.8060,-4.830,1.440,1.390,507
29938.00,0.9270,0.7870,9.7870,-5.560,0.850,1.330,507
29948.00,0.9180,0.8470,9.7810,-5.540,0.740,1.260,507
29958.00,0.8810,0.7690,9.6860,-6.380,0.360,1.300,507
29968.00,0.8940,0.7560,9.6680,-6.420,-0.490,1.070,508
29979.00,0.9400,0.6770,9.6320,-6.510,-1.680,1.040,508
29989.00,0.9530,0.5940,9.5380,-5.910,-2.100,1.740,508
29999.00,0.9640,0.6060,9.4440,-5.260,-3.550,2.450,508
30009.00,0.8870,0.6220,9.3890,-5.910,-3.050,3.150,508
30019.00,0.8070,0.5450,9.3040,-7.170,-2.420,3.190,509
30029.00,0.8570,0.5560,9.2470,-7.500,-1.730,3.150,509
30039.00,0.8050,0.4300,9.2020,-8.360,-0.190,2.890,509
30049.00,0.7350,0.4190,9.1260,-8.640,0.650,2.700,509
30059.00,0.5080,0.2320,8.9790,-10.600,-0.560,3.350,509
30069.00,0.4360,0.2120,8.7360,-14.030,-3.260,6.690,510
30079.00,0.8920,0.0700,8.5500,-17.480,-8.540,5.570,510
30089.00,0.7870,0.0880,8.3700,-15.550,-7.230,4.190,510
30099.00,1.0700,0.0560,8.2990,-16.170,-2.380,1.370,510
30109.00,1.0930,0.0310,8.3070,-13.170,0.080,0.440,510
30119.00,1.0860,0.1000,8.5230,-7.660,1.900,0.580,511
30129.00,1.0870,0.2050,8.7790,-3.830,1.060,1.050,511
30139.00,1.0880,0.0740,9.1560,1.080,-1.310,1.250,511
30149.00,0.8450,0.0470,9.5400,13.400,-5.790,0.510,511
30159.00,1.1760,0.3690,8.8680,18.650,-3.970,-0.910,511
30169.00,1.3560,0.4340,9.0350,12.860,10.930,-3.030,512
30179.00,1.1060,0.3270,8.8670,11.320,18.960,-4.500,512
30189.00,1.1220,0.2990,8.6850,10.350,18.280,-5.460,512
30199.00,0.9760,0.1490,8.5500,14.410,9.610,-5.600,512
30209.00,0.8270,0.2290,8.5240,14.690,6.830,-4.270,512
30219.00,0.7400,0.2510,8.6160,13.070,6.640,-4.190,513
30229.00,0.6410,0.3090,8.6510,10.140,8.110,-5.030,513
30239.00,0.6310,0.4410,8.7060,6.400,10.800,-6.690,513
30249.00,0.7170,0.5650,8.9070,3.040,15.350,-8.320,513
30259.00,0.7660,0.6960,9.0300,1.100,20.660,-9.510,513
30269.00,0.6960,0.7440,9.1630,0.890,26.400,-10.330,514
30279.00,0.6310,0.8290,9.3110,3.110,30.090,-10.680,514
30289.00,0.5140,0.8570,9.2840,5.750,30.810,-10.470,514
30299.00,0.5160,0.9280,9.1940,6.000,29.270,-10.170,514
30309.00,0.4600,0.8590,9.1530,4.190,26.760,-9.720,514
30319.00,0.4410,0.8840,9.1960,3.180,23.470,-9.870,515
30329.00,0.4760,0.9200,9.2250,2.860,20.810,-10.710,515
30339.00,0.4950,1.0420,9.2380,4.930,21.360,-11.240,515
30349.00,0.4760,1.1310,9.3150,7.130,24.560,-10.820,515
30359.00,0.4880,1.3240,9.5500,10.070,28.650,-10.010,515
30369.00,0.3720,1.3660,9.7220,10.530,32.080,-9.260,516
30379.00,0.2670,1.3180,9.7430,8.780,32.750,-8.530,516
30389.00,0.2760,1.3140,9.6630,5.700,31.630,-7.980,516
30399.00,0.2000,1.1340,9.4980,4.090,28.270,-8.790,516
30409.00,0.2180,1.1640,9.6460,8.780,27.430,-9.300,516
30419.00,0.1360,1.2740,9.7070,15.950,27.550,-9.070,517
30429.00,0.1060,1.4640,9.8460,23.300,27.600,-8.180,517
30439.00,0.1350,1.6760,9.9670,28.380,26.680,-6.650,517
30449.00,0.1200,1.7590,10.1940,30.620,27.170,-4.400,517
30459.00,-0.1550,1.7620,10.1880,30.550,27.870,-2.400,517
30469.00,-0.3420,1.6270,10.1020,27.820,25.100,-2.300,518
30479.00,-0.4330,1.6240,9.8090,25.320,19.690,-4.680,518
30489.00,-0.3850,1.5990,9.5910,22.850,15.650,-7.790,518
30499.00,-0.2280,1.7010,9.7110,22.520,12.970,-10.730,518
30509.00,-0.1750,1.7890,9.6470,22.920,11.840,-11.960,518
30519.00,-0.0710,1.8780,9.6200,23.720,13.100,-11.900,519
30529.00,-0.0470,2.0190,9.6170,25.250,15.840,-10.730,519
30539.00,0.0170,2.1910,9.7610,25.280,18.540,-8.670,519
30549.00,-0.1770,2.2550,9.9730,23.570,22.280,-6.020,519
30559.00,-0.5070,2.2940,10.0740,21.100,25.330,-3.330,519
30569.00,-0.7250,2.3800,10.0400,16.810,25.590,-2.350,520
30579.00,-0.7580,2.4030,9.9910,11.440,20.880,-4.200,520
30589.00,-0.7710,2.4820,9.9110,6.350,15.250,-7.200,520
30599.00,-0.5240,2.3950,10.2560,4.680,8.880,-11.190,520
30609.00,-0.4460,2.4110,10.5410,10.620,14.180,-9.240,520
30619.00,-0.4860,2.4610,10.6710,16.160,19.890,-6.930,521
30629.00,-0.6900,2.4470,10.7540,20.960,24.260,-4.940,521
30639.00,-0.8790,2.5070,10.7850,23.830,24.840,-3.260,521
30649.00,-1.0200,2.6280,10.6980,23.720,22.250,-3.210,521
30659.00,-1.0760,2.6230,10.4960,21.550,17.440,-4.550,521
30669.00,-1.0620,2.6840,10.2370,17.230,11.750,-7.370,522
30679.00,-0.8870,2.8480,10.2440,13.080,6.590,-9.700,522
30689.00,-0.7050,2.6720,10.5030,10.970,5.380,-9.090,522
30699.00,-0.6950,2.6870,10.7410,14.380,10.860,-5.780,522
30709.00,-0.8170,2.6840,10.8510,18.000,19.010,-2.240,522
30719.00,-0.8740,2.8040,10.9530,19.070,24.140,0.210,523
30729.00,-1.0600,2.8470,10.8900,17.690,25.750,1.540,523
30739.00,-1.0250,2.9250,11.0390,15.130,24.280,1.210,523
30749.00,-0.9350,2.9200,11.0240,14.220,18.450,-0.490,523
30759.00,-0.8320,3.0020,10.9650,15.600,13.950,-1.790,523
30769.00,-0.7360,3.0990,11.0720,16.110,13.130,-2.260,524
30779.00,-0.7130,3.0710,11.0290,17.210,11.330,-1.210,524
30789.00,-0.7320,3.0410,11.1180,19.580,12.450,0.970,524
30799.00,-1.0120,2.9730,11.3990,23.250,19.520,6.370,524
30809.00,-1.1850,3.0690,11.4640,28.520,20.590,7.510,524
30819.00,-1.1590,3.2320,11.4470,28.330,19.760,7.720,525
30829.00,-1.1940,3.2940,11.4280,24.930,17.940,7.110,525
30839.00,-1.1580,3.1810,11.3620,21.750,14.580,6.720,525
30849.00,-1.1270,3.2180,11.2900,19.650,12.170,6.460,525
30859.00,-1.0420,3.1690,11.2400,18.470,11.640,7.040,525
30869.00,-0.9820,3.2050,11.2470,18.090,13.690,7.810,526
30879.00,-0.9820,3.1710,11.2400,18.420,15.560,8.000,526
30889.00,-0.9990,3.2750,11.0880,18.650,15.690,7.790,526
30899.00,-0.9530,3.3040,10.9830,16.290,13.240,6.760,526
30909.00,-0.9590,3.2680,10.7840,12.330,9.680,5.340,526
30919.00,-0.9520,3.2680,10.5930,9.320,6.590,4.270,527
30929.00,-0.9460,3.2990,10.4780,7.260,4.450,3.820,527
30939.00,-0.9470,3.3350,10.4690,5.400,3.260,3.770,527
30949.00,-0.9530,3.3660,10.4750,3.700,2.860,4.120,527
30959.00,-1.0330,3.3550,10.3920,0.660,3.720,4.920,527
30969.00,-1.0420,3.2790,10.4030,-2.620,4.680,5.310,528
30979.00,-1.1050,3.2690,10.2840,-4.230,4.980,5.360,528
30989.00,-1.1850,3.2530,10.1460,-5.440,4.800,5.100,528
31000.00,-1.1940,3.1880,9.9610,-7.630,3.240,3.730,528
31010.00,-1.1460,3.1390,9.8510,-11.000,-0.680,0.980,528
31020.00,-1.1610,3.1010,9.8910,-10.720,-0.810,0.860,529
31030.00,-1.0810,3.0930,9.9520,-9.970,-0.580,1.630,529
31040.00,-1.1400,3.1720,10.1280,-9.410,-0.070,2.870,529
31050.00,-1.2070,3.2020,10.2080,-9.950,-0.320,3.850,529
31060.00,-1.1920,3.1900,10.3710,-10.440,-0.190,4.540,529
31070.00,-1.2230,3.1860,10.6510,-9.340,-0.110,5.310,530
31080.00,-1.1660,3.3060,10.8780,-6.630,-0.910,5.670,530
31090.00,-1.2010,3.3950,10.9240,-5.630,-2.470,5.500,530
31100.00,-1.2150,3.4220,10.9750,-5.560,-3.380,5.380,530
31110.00,-1.1560,3.3540,11.0720,-5.330,-4.110,5.150,530
31120.00,-1.1470,3.2690,11.1060,-4.700,-4.950,4.480,531
31130.00,-1.1050,3.2410,11.1980,-2.290,-5.850,4.270,531
31140.00,-1.0930,3.3080,11.3510,1.640,-7.440,4.970,531
31150.00,-1.0610,3.4810,11.3980,4.860,-9.990,6.290,531
31160.00,-1.0750,3.5290,11.5420,5.170,-12.900,7.900,531
31170.00,-1.0260,3.6490,11.7350,5.580,-16.520,8.770,532
31180.00,-1.0070,3.8120,11.7240,3.550,-19.510,8.810,532
31190.00,-0.8630,3.7420,11.8070,-0.150,-19.270,8.910,532
31200.00,-0.7440,3.7510,12.2560,-2.150,-17.310,8.810,532
31210.00,-0.4950,3.7780,12.4340,-8.330,-18.600,8.110,532
31220.00,-0.4010,3.9030,12.5380,-11.860,-19.270,9.310,533
31230.00,-0.2890,3.7750,12.8560,-13.610,-20.460,11.450,533
31240.00,-0.3620,4.0490,12.9300,-14.120,-22.540,13.200,533
31250.00,-0.4880,4.1020,12.9480,-18.090,-24.380,14.620,533
31260.00,-0.4250,4.3350,13.0020,-24.710,-25.250,15.750,533
31270.00,-0.4640,4.2750,12.8630,-34.520,-22.660,17.800,534
31280.00,-0.5620,4.0610,12.7990,-43.540,-17.550,19.290,534
31290.00,-0.6920,4.1640,12.9750,-47.180,-13.830,19.480,534
31300.00,-0.6430,4.1680,13.2410,-48.490,-15.520,17.400,534
31310.00,-0.7250,4.0350,13.1780,-48.190,-18.920,13.090,534
31320.00,-0.3670,4.0680,13.3380,-45.740,-23.240,7.230,535
31330.00,-0.0530,4.4350,13.3230,-45.690,-29.020,4.450,535
31340.00,-0.1070,4.4860,12.7270,-50.010,-28.330,8.890,535
31350.00,-0.1430,4.2350,12.3070,-54.950,-24.660,14.930,535
31360.00,-0.2540,3.9700,11.8220,-55.720,-22.030,19.380,535
31370.00,-0.4970,3.7120,11.4550,-52.880,-19.340,21.140,536
31380.00,-0.9280,3.3400,10.6130,-51.150,-19.340,20.060,536
31390.00,-1.2130,2.7920,9.6780,-50.340,-20.880,15.300,536
31400.00,-1.3600,2.3920,9.0600,-49.660,-25.990,7.900,536
31410.00,-0.8140,2.3410,8.8180,-54.250,-42.530,-4.190,536
31420.00,-0.6540,2.0590,8.2540,-61.490,-43.240,-3.730,537
31430.00,-0.2950,1.9510,7.8320,-70.780,-41.250,-1.740,537
31440.00,-0.1020,1.5910,7.7270,-79.200,-35.810,0.670,537
31450.00,-0.0460,1.1720,7.3440,-84.770,-29.860,2.520,537
31460.00,0.0860,0.7620,6.9350,-86.430,-24.360,2.000,537
31470.00,0.2160,0.3480,6.7350,-85.680,-20.130,-0.840,538
31480.00,0.3250,0.1290,6.4880,-83.210,-18.270,-4.730,538
31490.00,0.3810,-0.0880,6.3900,-80.410,-19.830,-7.440,538
31500.00,0.5010,-0.2350,6.6000,-77.170,-25.990,-8.180,538
31510.00,0.7080,-0.2940,6.7930,-74.280,-34.530,-6.340,538
31520.00,0.8410,-0.3150,7.1470,-71.730,-42.890,-1.680,539
31530.00,1.1300,-1.2040,8.3860,-70.570,-50.870,3.350,539
31540.00,1.8250,0.5270,4.7530,-47.420,-50.930,0.560,539
31550.00,1.9660,-0.3920,3.6650,26.980,34.500,-7.200,539
31560.00,0.0020,-2.3820,3.5640,27.190,76.970,-14.810,539
31570.00,-1.5460,-0.5580,-2.0300,42.150,96.080,-30.840,540
31580.00,-1.5030,9.8090,-1.8930,35.800,121.860,-33.940,540
31590.00,-1.9680,3.4460,0.3070,109.610,122.800,86.030,540
31600.00,-2.1090,-5.0670,2.9830,7.820,99.350,144.120,540
31610.00,0.3900,-1.8730,7.0860,-90.510,32.700,19.170,540
31620.00,1.1060,1.0520,8.5340,-75.490,2.890,-1.630,541
31630.00,1.2390,1.0310,10.4690,-55.800,-17.590,3.500,541
31640.00,0.9510,1.3740,12.0840,-22.290,-28.750,10.850,541
31650.00,0.7200,1.5690,13.2310,6.710,-34.810,17.560,541
31660.00,0.3370,1.3280,13.0420,27.400,-32.450,20.340,541
31670.00,-0.0460,1.1120,12.1140,37.850,-23.870,17.490,542
31680.00,-0.2700,0.8440,11.0360,36.170,-14.180,11.310,542
31690.00,-0.4490,0.5610,10.3640,22.780,-7.000,5.480,542
31700.00,-0.3370,0.3260,9.8410,11.370,-4.130,1.530,542
31710.00,0.0940,0.3620,9.5560,4.650,-3.380,-1.140,542
31720.00,0.4580,0.5590,9.6640,-1.830,-3.340,-2.610,543
31730.00,0.6020,0.6970,9.8200,-7.680,-4.310,-3.010,543
31740.00,0.7210,0.7940,10.0460,-12.960,-5.370,-2.960,543
31750.00,0.6360,0.7820,10.2280,-16.390,-5.780,-2.090,543
31760.00,0.4940,0.7650,10.2750,-16.620,-4.740,-1.860,543
31770.00,0.4420,0.6590,10.1440,-16.690,-3.920,-2.440,544
31780.00,0.4280,0.5630,10.0940,-17.620,-3.660,-2.800,544
31790.00,0.3820,0.4110,10.1650,-19.530,-3.100,-2.870,544
31800.00,0.3210,0.2900,10.1430,-20.280,-3.120,-3.350,544
31810.00,0.4110,0.1950,9.8760,-21.890,-2.980,-5.940,544
31820.00,0.3670,0.1350,9.9850,-22.130,-1.860,-6.090,545
31830.00,0.2970,0.1240,10.0340,-19.820,-0.950,-5.880,545
31840.00,0.2840,0.1280,10.0780,-17.780,-0.050,-5.900,545
31850.00,0.3120,0.1910,10.3050,-16.320,1.200,-5.850,545
31860.00,0.3760,0.2440,10.2480,-12.820,1.760,-5.430,545
31870.00,0.4090,0.2420,10.2430,-11.140,2.630,-4.640,546
31880.00,0.3380,0.1910,10.1620,-9.640,2.840,-3.640,546
31890.00,0.2890,0.1440,10.0400,-7.210,3.330,-2.960,546
31900.00,0.2910,0.0780,9.9070,-5.110,3.120,-2.770,546
31910.00,0.3460,0.1140,9.9110,-4.130,2.400,-2.650,546
31920.00,0.3920,0.0980,9.9250,-2.640,1.410,-1.910,547
31930.00,0.4580,0.1610,9.9450,-1.130,0.790,-1.530,547
31940.00,0.4290,0.1470,10.0090,-0.310,0.670,-0.900,547
31950.00,0.4420,0.1560,10.0820,1.810,0.390,-0.250,547
31960.00,0.4510,0.2180,10.1160,3.860,0.220,0.020,547
31970.00,0.4580,0.1950,10.1380,3.630,0.640,-0.070,548
31980.00,0.4400,0.1800,10.0410,4.580,0.580,-0.390,548
31990.00,0.5090,0.3260,9.9810,5.300,0.830,-0.370,548
32000.00,0.4460,0.3060,10.0050,1.340,0.900,-0.140,548
32010.00,0.4400,0.3610,9.9330,0.130,0.690,-0.440,548
32020.00,0.4950,0.3870,9.9860,0.100,0.370,-0.420,549
32031.00,0.5430,0.4070,10.0740,-0.420,0.010,-0.180,549
32041.00,0.5310,0.4040,10.1920,-0.590,0.040,0.130,549
32051.00,0.4540,0.2660,10.2140,1.040,0.780,-0.020,549
32061.00,0.5140,0.2050,10.3080,6.470,1.320,-0.420,549
32071.00,0.6420,0.5330,10.2020,12.520,1.760,0.350,550
32081.00,0.5060,0.4250,9.9740,8.180,3.450,1.810,550
32091.00,0.3800,0.4830,10.0780,5.280,4.770,3.070,550
32101.00,0.3970,0.6160,10.1400,1.810,2.510,3.420,550
32111.00,0.3680,0.5450,10.0270,-5.770,-0.050,2.890,550
32121.00,0.4280,0.5590,10.0100,-8.870,-1.450,2.350,551
32131.00,0.5040,0.5300,10.0880,-10.160,-2.640,1.890,551
32141.00,0.5380,0.5000,10.1130,-10.220,-2.500,1.670,551
32151.00,0.5010,0.4730,10.1140,-9.740,-0.880,1.680,551
32161.00,0.4830,0.3900,10.1790,-12.210,0.810,1.650,551
32171.00,0.3540,0.3490,10.2380,-13.840,2.260,1.610,552
32181.00,0.3540,0.4050,10.1090,-14.750,3.310,1.510,552
32191.00,0.0740,0.0170,10.0670,-15.540,2.070,2.630,552
32201.00,0.5940,0.6540,10.0980,-7.870,0.430,3.870,552
32211.00,0.5830,0.3070,10.1010,-21.190,2.280,1.210,552
32221.00,0.4770,0.2390,10.0900,-8.080,0.290,2.050,553
32231.00,0.6010,0.2760,9.9900,-8.450,-0.180,1.980,553
32241.00,0.4610,0.2630,10.0030,-8.710,0.950,1.400,553
32251.00,0.5190,0.3440,10.0110,-7.820,1.770,1.320,553
32261.00,0.4850,0.3340,9.9460,-9.200,1.930,0.790,553
32271.00,0.5390,0.3380,10.0450,-9.730,2.070,0.210,554
32281.00,0.5160,0.3200,10.0520,-7.700,2.000,0.250,554
32291.00,0.5270,0.2950,10.0450,-6.100,1.740,0.560,554
32301.00,0.5120,0.2110,10.0280,-6.050,1.440,0.440,554
32311.00,0.5140,0.1920,10.0780,-4.250,2.090,0.340,554
32321.00,0.4790,0.1600,10.0580,-2.880,2.250,0.410,555
32331.00,0.5070,0.1870,10.0720,-2.460,1.700,0.250,555
32341.00,0.5160,0.2600,10.0920,-2.670,1.180,0.320,555
32351.00,0.4490,0.2420,10.1440,-2.250,1.530,0.320,555
32361.00,0.4410,0.3010,10.0970,-0.680,1.950,0.000,555
32371.00,0.4600,0.3310,10.0840,-0.150,2.260,-0.340,556
32381.00,0.5100,0.2810,10.0910,-0.870,2.160,-0.480,556
32391.00,0.5610,0.2570,10.0780,-0.310,2.190,-0.180,556
32401.00,0.5580,0.2450,10.0850,0.470,1.950,0.210,556
32411.00,0.5820,0.2910,10.0180,0.730,1.000,0.630,556
32421.00,0.5060,0.2410,9.9970,-3.550,-0.400,1.600,557
32431.00,0.4900,0.2840,10.0230,-4.130,-0.040,1.490,557
32441.00,0.5320,0.3050,10.0900,-4.560,0.620,1.490,557
32451.00,0.5670,0.3250,10.1760,-3.650,1.110,1.630,557
32461.00,0.5980,0.3430,10.2180,-2.500,1.630,1.720,557
32471.00,0.5680,0.3520,10.3100,-1.360,2.610,2.020,558
32481.00,0.5070,0.3150,10.2720,-0.010,3.730,2.170,558
32491.00,0.5100,0.2910,10.1410,1.040,4.870,1.930,558
32501.00,0.5020,0.2820,9.9760,1.600,6.270,1.930,558
32511.00,0.5380,0.2910,9.9900,-0.890,6.640,2.030,558
32521.00,0.5120,0.2630,9.9500,-3.090,6.250,2.300,559
32531.00,0.5380,0.2830,9.9680,-4.900,5.360,2.070,559
32541.00,0.5180,0.2930,10.0460,-5.320,4.680,2.230,559
32551.00,0.4920,0.3050,10.0760,-3.790,4.800,2.770,559
32561.00,0.4590,0.3600,10.1310,-3.760,5.290,3.050,559
32571.00,0.4540,0.3140,10.0980,-3.580,5.050,2.890,560
32581.00,0.5010,0.3620,10.0910,-1.050,5.030,2.840,560
32591.00,0.4710,0.3400,10.1140,-0.570,5.080,3.030,560
32601.00,0.4040,0.3000,10.0850,-0.910,4.700,2.910,560
32611.00,0.4330,0.2210,9.9460,-1.010,4.640,2.490,560
32621.00,0.4630,0.3170,9.9940,0.190,5.410,2.520,561
32631.00,0.4640,0.3660,10.0960,-0.070,4.730,3.210,561
32641.00,0.4570,0.4000,10.1460,-0.080,4.330,3.710,561
32651.00,0.4540,0.3760,10.1180,-0.800,4.330,3.520,561
32661.00,0.4590,0.3790,10.1460,0.660,4.380,3.640,561
32671.00,0.4590,0.4330,10.1260,1.940,4.080,3.700,562
32681.00,0.4340,0.4100,10.0330,0.590,3.070,3.260,562
32691.00,0.4350,0.3850,9.9570,0.150,2.790,2.800,562
32701.00,0.4590,0.3790,10.0330,-0.610,2.650,2.380,562
32711.00,0.5190,0.4230,10.0900,-1.820,2.190,1.980,562
32721.00,0.5180,0.4780,10.1810,-2.110,2.530,1.700,563
32731.00,0.4960,0.5010,10.2480,-2.620,2.910,1.750,563
32741.00,0.4770,0.4820,10.3010,-2.480,3.750,1.490,563
32751.00,0.4430,0.4660,10.2740,-1.820,5.130,0.860,563
32761.00,0.4210,0.4530,10.2530,-2.250,6.460,0.110,563
32771.00,0.4720,0.5190,10.2220,-3.970,7.200,-0.060,564
32781.00,0.4250,0.4640,10.1040,-7.710,7.150,0.090,564
32791.00,0.4130,0.4160,10.0880,-9.030,7.360,0.060,564
32801.00,0.3980,0.4280,10.0880,-7.870,8.280,-0.180,564
32811.00,0.3500,0.4000,10.1210,-7.910,8.340,-0.490,564
32821.00,0.3060,0.3320,10.1280,-5.890,7.930,-0.970,565
32831.00,0.4250,0.3840,10.1590,-3.390,8.910,-0.980,565
32841.00,0.3720,0.3670,10.1770,-3.080,10.380,-0.460,565
32851.00,0.3330,0.3140,10.1510,-3.790,11.030,-0.250,565
32861.00,0.3490,0.3790,10.1240,-4.070,10.790,-0.040,565
32871.00,0.2990,0.3170,10.0510,-5.630,10.490,0.350,566
32881.00,0.2810,0.3540,9.9260,-4.790,10.030,0.510,566
32891.00,0.2570,0.3340,9.8960,-4.300,9.630,0.490,566
32901.00,0.2510,0.3910,9.9420,-3.620,8.830,0.370,566
32911.00,0.2120,0.3630,9.9630,-3.340,7.740,0.550,566
32921.00,0.2570,0.3610,9.9370,-2.030,6.450,0.550,567
32931.00,0.2720,0.3700,9.8950,-1.330,5.750,0.390,567
32941.00,0.2340,0.3110,9.8260,-1.150,4.960,0.550,567
32951.00,0.1610,0.2930,9.7320,-1.540,3.440,1.110,567
32961.00,0.2380,0.2580,9.6490,-3.720,-0.400,2.700,567
32971.00,0.1620,0.2510,9.5720,-3.950,-1.860,2.590,568
32981.00,0.2460,0.2180,9.4920,-6.930,-4.080,2.380,568
32991.00,0.2620,0.2710,9.5130,-4.490,-5.640,2.840,568
33001.00,0.2510,0.2460,9.3090,-3.390,-7.750,3.310,568
33011.00,0.2720,0.2590,9.2620,-3.040,-9.140,3.220,568
33021.00,0.3200,0.1970,8.8580,-4.860,-13.700,2.420,569
33031.00,0.3720,0.1420,8.5450,-5.460,-15.020,2.230,569
33041.00,0.3720,0.1510,8.2190,-5.680,-15.930,1.980,569
33052.00,0.5410,0.3020,7.6650,-4.650,-15.890,1.840,569
33062.00,0.7810,0.0350,7.2770,-6.100,-14.050,1.650,569
33072.00,0.8740,0.0340,6.8570,-12.350,-9.220,0.180,570
33082.00,0.7030,-0.0160,6.9210,-19.770,0.160,0.230,570
33092.00,0.4290,-0.2620,6.5410,-21.210,9.050,2.540,570
33102.00,0.3730,-0.2820,6.7080,-18.490,16.000,3.610,570
33112.00,0.3920,-0.1710,6.9100,-14.380,16.930,5.200,570
33122.00,0.3130,-0.4760,7.0340,-17.060,14.740,6.760,571
33132.00,0.2950,-0.5850,7.0440,-11.510,13.810,6.150,571
33142.00,0.3200,-0.7860,7.0540,-6.030,12.760,3.310,571
33152.00,0.4680,-0.6320,6.6120,-0.640,9.790,-1.790,571
33162.00,0.5070,-0.4040,6.0710,3.760,12.520,-6.460,571
33172.00,0.4410,-0.1730,5.8310,5.860,22.090,-9.070,572
33182.00,0.3250,-0.0490,5.7780,4.840,33.520,-9.910,572
33192.00,0.0140,0.0920,5.8800,4.250,45.520,-9.540,572
33202.00,-0.2420,0.1800,5.9830,7.450,55.520,-8.580,572
33212.00,-0.4170,0.2440,6.0870,10.910,60.120,-8.210,572
33222.00,-0.4340,0.3070,6.5790,17.690,56.090,-9.160,573
33232.00,-0.4790,0.1850,6.7340,21.620,53.170,-9.240,573
33242.00,-0.4130,0.2170,6.9890,29.110,52.230,-8.580,573
33252.00,-0.4110,0.3610,7.1120,35.620,53.120,-7.460,573
33262.00,-0.3690,0.3990,7.3170,43.530,55.290,-5.570,573
33272.00,-0.2870,0.5400,7.4960,54.370,59.750,-4.430,574
33282.00,-0.4470,0.9400,7.7460,63.890,64.280,-3.700,574
33292.00,-0.5060,1.3660,8.3270,63.080,67.240,-3.490,574
33302.00,-0.6890,1.4710,9.2050,58.290,71.550,-3.870,574
33312.00,-1.0390,1.2310,9.4060,55.170,73.750,-1.390,574
33322.00,-1.6070,1.3290,9.4120,53.820,74.710,2.680,575
33332.00,-1.9940,1.2170,9.5370,51.510,73.120,5.550,575
33342.00,-2.1810,1.3010,9.9600,50.810,68.640,6.580,575
33352.00,-2.3700,1.7210,10.5610,50.760,61.520,6.970,575
33362.00,-2.4030,2.0590,10.9930,49.500,50.420,6.530,575
33372.00,-2.3670,2.4460,11.5560,50.520,40.220,7.600,576
33382.00,-2.6660,2.6670,11.9770,51.270,33.330,7.690,576
33392.00,-2.7570,2.8330,12.2970,51.290,27.760,7.440,576
33402.00,-2.9270,3.0540,12.4170,54.470,23.040,7.440,576
33412.00,-2.9280,3.0370,12.6200,59.180,19.550,9.160,576
33422.00,-2.7400,3.6020,12.9780,64.620,12.450,9.680,577
33432.00,-2.7720,3.6290,13.1650,74.960,3.120,9.540,577
33442.00,-2.7340,4.0490,13.3750,78.780,0.900,6.740,577
33452.00,-2.5970,4.2620,13.3170,78.240,0.780,1.250,577
33462.00,-2.3650,4.1390,13.3180,74.740,5.310,-1.120,577
33472.00,-2.1170,4.3010,13.2550,71.240,7.020,-4.360,578
33482.00,-2.0510,4.5170,13.2960,68.450,5.690,-7.320,578
33492.00,-1.9270,4.7720,13.4260,65.160,5.990,-8.160,578
33502.00,-1.9620,4.6980,13.3360,60.250,8.040,-7.650,578
33512.00,-1.9960,4.5140,13.2810,54.660,12.550,-6.500,578
33522.00,-2.0380,4.5230,13.1650,49.820,15.250,-5.590,579
33532.00,-1.8770,4.5540,13.0300,42.900,13.850,-4.890,579
33542.00,-1.8190,4.6280,12.8970,35.780,11.590,-5.870,579
33552.00,-1.6180,4.5340,12.7800,29.640,8.600,-4.620,579
33562.00,-1.5680,4.4500,12.6070,23.460,4.450,-3.310,579
33572.00,-1.6940,4.3080,12.2280,19.870,0.500,-0.790,580
33582.00,-1.7690,4.2130,11.7410,18.950,-2.150,1.980,580
33592.00,-1.7070,4.2770,11.1960,19.440,-5.810,4.730,580
33602.00,-1.7760,4.2920,10.6640,19.820,-8.240,6.830,580
33612.00,-1.7070,4.2740,10.2470,19.730,-8.160,8.300,580
33622.00,-1.5020,4.2550,9.6650,17.860,-7.230,9.400,581
33632.00,-1.4650,4.1910,9.4880,13.940,-1.520,11.690,581
33642.00,-1.4160,4.2980,9.2760,12.160,0.360,11.800,581
33652.00,-1.4290,4.2680,9.2480,9.850,0.780,12.530,581
33662.00,-1.3900,4.3230,9.1890,8.530,1.980,12.780,581
33672.00,-1.4770,4.2900,9.0910,6.630,4.470,12.810,582
33682.00,-1.5210,4.2900,9.0560,4.070,7.180,13.370,582
33692.00,-1.5920,4.3440,9.1220,2.300,8.180,14.000,582
33702.00,-1.6790,4.3130,9.1530,0.060,7.510,13.720,582
33712.00,-1.7370,4.2250,9.1030,-0.630,7.090,12.950,582
33722.00,-1.8190,4.2220,9.1640,0.970,7.180,11.800,583
33732.00,-1.8410,4.2220,9.0550,2.570,5.990,10.190,583
33742.00,-1.9270,4.1500,8.9920,4.120,4.910,8.540,583
33752.00,-1.8420,4.2490,9.0230,5.770,3.560,6.810,583
33762.00,-1.7750,4.3560,9.1770,6.190,1.440,5.170,583
33772.00,-1.6780,4.4840,9.3230,4.720,-1.140,3.870,584
33782.00,-1.6540,4.3950,9.3880,1.390,-2.430,3.680,584
33792.00,-1.6920,4.3840,9.4510,-0.780,-2.520,4.270,584
33802.00,-1.6890,4.3030,9.4630,-1.690,-2.420,4.710,584
33812.00,-1.7380,4.3530,9.3540,-1.800,-1.400,4.710,584
33822.00,-1.7560,4.3750,9.2670,-1.690,-0.610,4.310,585
33832.00,-1.8520,4.3040,9.2230,-2.500,-1.380,3.640,585
33842.00,-1.8370,4.3360,9.2630,-2.030,-1.930,3.310,585
33852.00,-1.9130,4.3030,9.2610,-1.270,-2.520,3.330,585
33862.00,-1.9150,4.3500,9.3730,0.190,-2.560,3.360,585
33872.00,-1.9100,4.3540,9.4300,0.240,-2.940,3.710,586
33882.00,-1.9040,4.3820,9.5670,1.040,-2.980,4.190,586
33892.00,-1.9190,4.4240,9.6460,0.730,-3.480,4.200,586
33902.00,-1.8560,4.4860,9.7100,0.290,-3.640,4.030,586
33912.00,-1.8680,4.4320,9.8020,0.010,-3.590,4.050,586
33922.00,-1.8580,4.4980,9.8500,0.150,-4.030,3.980,587
33932.00,-1.8400,4.5140,9.8940,0.330,-4.150,3.710,587
33942.00,-1.8180,4.5180,9.9480,0.750,-3.660,3.360,587
33952.00,-1.7940,4.4230,10.0670,0.450,-3.640,3.190,587
33962.00,-1.7640,4.5590,10.2020,0.050,-4.200,2.820,587
33972.00,-1.6760,4.6540,10.2860,-2.060,-4.900,2.160,588
33982.00,-1.6510,4.5720,10.4020,-5.810,-5.320,1.980,588
33992.00,-1.6160,4.5600,10.5370,-8.380,-4.810,2.120,588
34002.00,-1.5670,4.5540,10.6930,-11.040,-4.040,2.380,588
34012.00,-1.6010,4.4610,10.6670,-14.430,-3.620,2.720,588
34022.00,-1.5990,4.4450,10.6890,-16.830,-2.290,1.980,589
34032.00,-1.5180,4.4630,10.9660,-21.360,0.300,1.390,589
34042.00,-1.4200,4.5710,11.0780,-23.990,0.900,1.400,589
34052.00,-1.3680,4.5170,11.1720,-27.370,0.710,1.670,589
34062.00,-1.3440,4.5410,11.2600,-28.030,-0.720,1.930,589
34072.00,-1.3320,4.5230,11.3410,-27.470,-2.310,3.000,590
34083.00,-1.2940,4.5580,11.2980,-26.230,-3.960,4.260,590
34093.00,-1.3410,4.3900,11.2040,-25.630,-6.340,5.310,590
34103.00,-1.3240,4.3390,11.0660,-24.220,-9.120,5.570,590
34113.00,-1.2870,4.3500,10.9540,-22.200,-11.360,6.340,590
34123.00,-1.2510,4.2230,10.9660,-21.500,-14.390,6.790,591
34133.00,-1.0770,4.3480,11.0990,-22.800,-18.010,6.130,591
34143.00,-0.9580,4.2580,11.0830,-25.650,-20.740,6.040,591
34153.00,-0.8610,4.2350,11.0450,-27.210,-21.740,6.640,591
34163.00,-0.8020,4.2040,10.9500,-23.340,-22.330,7.790,591
34173.00,-0.7200,4.3540,10.7980,-23.500,-22.590,9.140,592
34183.00,-0.8060,4.3130,10.8380,-25.440,-22.020,11.150,592
34193.00,-0.8170,4.3860,10.8800,-23.900,-23.680,12.970,592
34203.00,-0.8690,4.4500,10.5020,-24.500,-27.040,13.340,592
34213.00,-0.8610,4.4120,10.1520,-26.960,-28.420,12.080,592
34223.00,-0.8060,4.3830,10.0630,-34.400,-28.460,9.730,593
34233.00,-0.8730,4.0060,10.0940,-44.780,-29.770,9.190,593
34243.00,-0.8300,3.7920,10.2870,-42.700,-26.900,10.050,593
34253.00,-0.9260,3.6290,10.5290,-38.360,-22.350,10.190,593
34263.00,-0.8940,3.6010,10.7680,-31.690,-19.270,10.560,593
34273.00,-0.9270,3.7650,11.0080,-24.740,-19.460,10.750,594
34283.00,-0.9640,3.8530,11.1170,-20.160,-22.750,12.030,594
34293.00,-0.8540,4.1630,11.3340,-15.340,-26.440,13.860,594
34303.00,-0.7440,4.2910,11.4200,-10.640,-29.050,16.610,594
34313.00,-0.6890,4.2420,11.2940,-6.630,-29.960,19.100,594
34323.00,-0.5270,4.2790,11.1980,-1.750,-31.360,20.020,595
34333.00,-0.4400,4.1710,11.1380,-4.340,-33.130,20.090,595
34343.00,-0.4250,4.0950,11.4160,-8.760,-34.440,19.800,595
34353.00,-0.4000,4.3700,12.3210,-12.140,-37.000,19.810,595
34363.00,-0.4150,4.6940,12.7160,-13.350,-43.160,20.530,595
34373.00,-0.3900,5.2490,12.8870,-6.730,-48.950,21.110,596
34383.00,-0.1300,5.9960,13.3060,1.760,-54.790,24.360,596
34393.00,-0.2620,5.7990,12.8930,-6.490,-60.880,30.310,596
34403.00,-0.3570,5.3310,11.6350,-15.660,-61.090,34.920,596
34413.00,-0.4000,4.6730,10.2290,-16.110,-57.300,35.910,596
34423.00,0.0380,3.9000,9.7710,-7.310,-55.350,31.710,597
34433.00,-0.1570,3.1510,7.7530,6.710,-61.550,21.040,597
34443.00,-0.1160,2.4670,6.9790,-15.710,-61.040,18.120,597
34453.00,-0.1450,1.9460,6.5570,-36.360,-61.810,15.790,597
34463.00,0.1680,1.7490,6.4520,-50.680,-62.670,14.770,597
34473.00,0.2240,1.4820,6.4520,-62.580,-61.500,14.620,598
34483.00,0.4280,1.2940,6.3180,-74.900,-60.590,16.450,598
34493.00,0.7010,0.7250,7.9230,-80.640,-57.800,20.530,598
34503.00,0.6740,-4.1190,5.2220,-102.230,-65.190,13.780,598
34513.00,-0.1020,-0.1010,-5.8180,-64.480,-28.390,-41.930,598
34523.00,2.6660,10.9310,-1.2530,145.630,119.300,-31.800,599
34533.00,-2.3670,1.6910,-7.5550,270.320,127.930,99.250,599
34543.00,-4.1870,-12.5850,-14.5660,327.670,115.380,144.850,599
34553.00,1.2170,-9.5070,-1.6120,273.990,215.830,10.700,599
34563.00,2.0560,4.9390,10.6750,45.180,258.710,-110.010,599
34573.00,2.6020,10.4980,4.1330,20.120,177.790,-69.130,600
34583.00,1.4110,3.4240,4.1700,79.650,154.010,13.510,600
34593.00,-1.8310,-2.1240,14.6200,-26.530,118.460,11.450,600
34603.00,-2.0990,0.0280,13.9070,-152.250,15.690,-40.390,600
34613.00,-0.7940,4.8190,14.1580,-174.590,-78.610,-59.770,600
34623.00,-0.4510,3.8040,14.5120,-142.250,-152.300,-32.450,601
34633.00,-0.3130,2.6000,12.2280,-127.030,-58.520,8.720,601
34643.00,-0.0860,2.4830,8.7640,-16.530,-5.440,7.270,601
34653.00,-0.1780,2.4800,8.2610,0.170,7.720,0.550,601
34663.00,-0.0710,2.5080,7.9890,-2.880,-4.110,-2.580,601
34673.00,0.3390,3.0690,8.0880,-8.760,-17.900,-0.950,602
34683.00,0.2420,3.2860,9.3220,-27.750,-24.170,1.670,602
34693.00,0.2100,3.3660,10.5360,-32.040,-25.010,2.630,602
34703.00,0.4330,3.3970,10.9340,-15.870,-17.100,1.840,602
34713.00,0.4160,3.3090,10.4350,-13.300,-6.970,1.320,602
34723.00,0.6170,3.1770,10.3720,-17.860,-2.290,0.980,603
34733.00,0.7080,2.9610,9.7670,-20.730,-0.370,1.400,603
34743.00,0.7500,2.8490,9.3600,-26.260,-0.840,1.320,603
34753.00,0.7260,2.7270,9.2360,-33.600,-2.070,1.600,603
34763.00,0.7280,2.6440,9.2700,-38.760,-1.580,1.630,603
34773.00,0.6770,2.5910,9.3320,-41.700,0.500,1.510,604
34783.00,0.6500,2.5120,9.5250,-42.890,1.880,1.950,604
34793.00,0.5500,2.4270,9.5860,-42.640,2.700,3.010,604
34803.00,0.4670,2.3760,9.7790,-41.350,3.560,4.640,604
34813.00,0.5630,2.5100,9.7310,-37.080,4.890,5.690,604
34823.00,0.4570,2.3800,9.5940,-39.060,5.540,6.930,605
34833.00,0.3920,2.2440,9.5850,-38.990,5.430,7.060,605
34843.00,0.2760,2.1060,9.6530,-31.970,3.240,7.900,605
34853.00,0.2830,2.0860,9.7630,-27.400,0.640,8.670,605
34863.00,0.2450,2.0410,9.8440,-21.940,-0.680,9.400,605
34873.00,0.1390,1.9740,9.8020,-17.950,-0.070,10.840,606
34883.00,0.2960,2.0870,9.8690,-13.540,1.350,13.010,606
34893.00,0.3180,2.0970,9.7310,-7.330,0.440,14.110,606
34903.00,0.3690,2.0450,9.5650,-6.280,-0.490,14.350,606
34913.00,0.3230,1.9390,9.4270,-7.560,-0.510,14.600,606
34923.00,0.6620,2.2750,9.6550,-5.680,-0.300,13.990,607
34933.00,-1.2210,0.6220,8.3660,5.610,-14.000,18.870,607
34943.00,1.6280,2.7610,10.4290,0.570,-12.110,18.310,607
34953.00,0.7190,1.8260,9.9500,15.850,-17.590,20.830,607
34963.00,0.9200,3.0690,10.2720,-3.790,-15.610,12.900,607
34973.00,-0.9280,-2.2920,9.2000,-3.920,-19.780,15.680,608
34984.00,2.8090,7.0690,10.9560,-4.510,-15.230,-1.460,608
34993.00,1.7090,3.4730,10.7180,9.780,-20.480,20.510,608
35003.00,0.8610,2.0940,9.5710,-7.350,-19.790,20.040,608
35013.00,1.3070,2.3220,9.8390,-16.100,-15.490,15.000,608
35023.00,-0.5760,-2.0790,9.1330,-14.710,-14.390,9.520,609
35033.00,1.4460,6.0010,9.5910,-18.390,-10.290,-28.970,609
35043.00,0.2670,0.2840,10.3420,-4.420,-8.420,-19.780,609
35053.00,0.7700,1.2750,10.7920,4.230,-5.440,-40.080,609
35063.00,1.0060,2.4020,10.1000,1.460,-7.980,-53.970,609
35074.00,0.9520,2.9020,9.7590,-8.890,-10.520,-62.620,610
35083.00,1.0340,3.1360,9.6040,-11.950,-9.980,-52.520,610
35093.00,0.8940,2.7720,9.3270,-18.490,-9.660,-38.980,610
35104.00,0.5560,0.3110,9.1630,-22.750,-9.420,-37.610,610
35114.00,1.0980,2.7740,9.1580,-20.400,-8.050,-46.990,610
35124.00,0.9990,1.8800,9.3760,-16.810,-6.060,-41.550,611
35134.00,1.0430,2.1520,9.6700,-18.040,-4.200,-42.560,611
35144.00,0.9670,2.1480,9.7710,-17.930,-5.570,-42.440,611
35154.00,1.0250,2.7120,9.8260,-15.570,-7.790,-39.010,611
35164.00,0.9940,2.3840,9.9690,-15.060,-8.770,-31.730,611
35174.00,0.9300,2.1570,9.7970,-9.780,-8.800,-27.370,612
35184.00,0.8730,1.5460,9.8600,-3.530,-6.840,-23.720,612
35194.00,0.9660,2.1580,9.7060,-0.820,-5.640,-25.890,612
35204.00,1.1270,2.8300,9.8700,3.200,-4.410,-20.810,612
35214.00,1.2590,3.5440,8.6630,1.410,-1.980,-4.590,612
35224.00,1.1280,1.7560,10.3110,-9.660,2.680,7.130,613
35234.00,1.0180,2.0030,9.7590,-3.810,1.320,7.070,613
35244.00,1.0640,2.1770,9.8750,4.720,3.140,7.510,613
35254.00,1.0830,2.1790,9.9570,1.150,1.830,8.070,613
35264.00,1.0060,2.0700,10.1210,-0.420,0.880,7.630,613
35274.00,1.0270,2.1350,9.9520,-1.940,-0.460,6.880,614
35284.00,1.1060,2.1140,9.9920,-5.400,0.480,5.460,614
35294.00,1.1060,2.0980,10.0060,-9.030,2.210,4.310,614
35304.00,1.0380,2.0240,10.1120,-10.060,2.090,4.340,614
35314.00,0.9970,2.0620,10.0650,-10.670,1.070,3.910,614
35324.00,0.9880,2.0820,10.0970,-12.020,0.810,3.560,615
35334.00,0.9820,2.0360,10.1310,-12.230,0.900,3.890,615
35344.00,0.9120,2.0070,10.0510,-10.250,1.210,3.850,615
35354.00,0.9170,2.0790,9.9670,-7.910,1.630,3.450,615
35364.00,0.9390,2.0680,9.7860,-6.680,1.180,2.980,615
35374.00,0.9590,2.1000,9.7450,-9.270,0.110,2.630,616
35384.00,0.8730,1.9690,9.8810,-11.020,-1.240,2.450,616
35394.00,1.0080,2.1280,9.8240,-7.780,-2.850,1.650,616
35404.00,1.2270,2.2100,9.6780,-9.780,-2.990,1.370,616
35414.00,0.7530,1.8020,10.1750,-13.980,-1.940,1.120,616
35424.00,0.6960,1.7930,10.3620,-8.450,-2.820,0.970,617
35434.00,1.2280,2.1670,9.6630,-3.080,-4.410,0.760,617
35444.00,1.1620,1.9870,9.8230,-13.700,-3.970,0.200,617
35454.00,1.1090,1.9320,9.7850,-11.880,-1.910,0.230,617
35464.00,1.1460,1.9830,9.6940,-8.820,1.020,0.580,617
35474.00,1.1210,1.9400,9.8350,-8.360,2.840,0.950,618
35484.00,1.0940,1.9320,9.7850,-7.700,3.230,1.790,618
35494.00,1.0850,1.9110,9.9110,-7.450,4.450,2.420,618
35504.00,1.0910,1.8670,9.9670,-7.610,5.570,2.190,618
35514.00,1.0550,1.7970,9.9800,-5.460,6.570,1.740,618
35524.00,1.0660,1.8340,9.9810,-2.880,7.270,1.510,619
35534.00,1.1100,1.9150,9.9980,-1.620,7.060,1.070,619
35544.00,1.1460,2.0000,10.0420,-1.610,6.550,0.600,619
35554.00,1.1190,2.0110,9.9980,-1.050,6.780,0.390,619
35564.00,1.0000,1.9360,9.9000,-1.730,7.110,0.390,619
35574.00,0.9850,1.8350,9.8360,-2.940,7.900,0.180,620
35584.00,0.9370,1.8370,9.8330,-3.180,8.840,-0.210,620
35594.00,0.9320,1.7800,9.8180,-3.430,8.160,0.040,620
35604.00,0.9430,1.7740,9.7560,-2.290,7.390,0.280,620
35614.00,0.9900,1.8420,9.8520,-0.940,6.870,0.390,620
35624.00,1.0420,1.9560,9.8080,-0.500,5.450,0.510,621
35634.00,1.0540,1.9140,9.8040,-0.940,4.490,1.040,621
35644.00,0.9830,1.9270,9.8940,-0.170,4.710,2.610,621
35654.00,0.9630,1.9090,9.8300,0.850,4.010,2.860,621
35664.00,0.9290,1.8950,9.8180,1.250,3.630,2.800,621
35674.00,0.9260,1.9190,9.7590,0.120,3.170,2.090,622
35684.00,0.9610,1.9390,9.7070,-1.890,2.720,1.330,622
35694.00,0.9610,1.9230,9.7630,-2.360,3.520,0.760,622
35704.00,0.9630,1.9870,9.7340,-1.330,3.120,0.630,622
35714.00,0.9650,1.9510,9.6550,-2.800,2.810,0.620,622
35724.00,0.9760,1.9460,9.7530,-4.460,3.230,0.350,623
35734.00,0.9550,1.9410,9.8750,-3.850,3.930,-0.090,623
35744.00,0.9760,1.9920,10.0040,-2.780,3.860,-0.530,623
35754.00,0.9480,1.9750,10.0590,-2.600,3.520,-0.560,623
35764.00,0.9690,1.9230,10.0700,-1.450,3.280,-0.420,623
35774.00,0.9960,2.0170,9.9260,0.570,2.630,0.390,624
35784.00,0.9480,1.9260,9.8600,-0.750,2.860,1.470,624
35794.00,0.9650,1.9310,9.7350,-1.310,3.590,1.230,624
35804.00,0.9830,1.9580,9.6810,-1.660,3.860,1.040,624
35814.00,1.0030,1.9380,9.6630,-3.230,2.750,1.420,624
35824.00,1.0320,1.8860,9.5240,-2.940,1.340,1.820,625
35834.00,1.0730,1.9050,9.5290,-1.900,0.880,1.930,625
35844.00,1.1880,1.9840,9.6550,-1.150,0.080,3.310,625
35854.00,1.2310,2.0150,9.7610,-0.770,-0.400,4.660,625
35864.00,1.1820,2.0690,9.8630,0.480,-0.860,5.710,625
35874.00,1.1350,2.0440,9.9430,1.150,-1.440,6.300,626
35884.00,1.0560,2.0030,9.8790,2.020,-2.560,6.290,626
35894.00,1.0360,1.9640,9.6860,0.960,-3.590,5.810,626
35904.00,0.9720,1.8960,9.5820,-1.150,-3.500,5.290,626
35914.00,0.9480,1.8620,9.5340,-3.160,-3.100,4.760,626
35924.00,0.9260,1.9020,9.5410,-5.390,-2.630,4.500,627
35934.00,0.8380,1.8500,9.5420,-7.910,-1.860,4.480,627
35944.00,0.8450,1.8640,9.5940,-9.200,-0.650,3.680,627
35954.00,0.7820,1.8170,9.7290,-8.730,0.670,2.660,627
35964.00,0.7770,1.8520,9.7160,-7.310,0.090,1.560,627
35974.00,0.8260,1.8850,9.6820,-5.950,-0.230,0.410,628
35984.00,0.8140,1.9200,9.7180,-5.210,0.040,-0.510,628
35994.00,0.7740,1.9330,9.6620,-6.860,0.390,-0.900,628
36004.00,0.7560,1.9360,9.6580,-9.550,1.480,-1.000,628
36014.00,0.7470,1.8180,9.6390,-12.280,2.820,-1.470,628
36024.00,0.7380,1.8490,9.6100,-13.910,5.050,-2.980,629
36034.00,0.8000,1.9560,9.6720,-15.690,7.160,-4.100,629
36044.00,0.7960,1.8740,9.7540,-15.550,7.620,-3.910,629
36054.00,0.8060,1.8530,9.7010,-16.150,5.710,-4.130,629
36064.00,0.8470,1.8140,9.6280,-16.270,5.610,-4.990,629
36074.00,0.8740,1.8970,9.5730,-14.840,6.360,-5.690,630
36084.00,0.8020,1.8020,9.4000,-13.960,7.370,-4.620,630
36094.00,0.8150,1.7580,9.3080,-11.720,8.160,-2.910,630
36104.00,0.8270,1.7190,9.3220,-11.000,8.370,-1.700,630
36114.00,0.7880,1.7120,9.2750,-9.600,8.830,-1.260,630
36125.00,0.8320,1.6790,9.2840,-8.540,9.050,-1.120,631
36135.00,0.8310,1.6360,9.3470,-7.350,9.540,-1.020,631
36145.00,0.7950,1.5720,9.4100,-5.650,10.800,-1.670,631
36155.00,0.8320,1.5360,9.4870,-4.090,11.290,-2.170,631
36165.00,0.8490,1.4880,9.4930,-3.060,9.860,-2.660,631
36175.00,0.8850,1.4830,9.2920,-2.530,8.530,-4.380,632
36185.00,0.8720,1.3990,9.0620,-1.400,8.840,-6.360,632
36195.00,0.8730,1.4350,8.9020,-1.130,9.540,-8.330,632
36205.00,0.8750,1.3890,8.8210,-3.290,9.770,-9.770,632
36215.00,0.8260,1.3110,8.6680,-7.590,9.600,-11.120,632
36225.00,0.8560,1.3010,8.6390,-10.740,9.840,-12.670,633
36235.00,0.8020,1.2030,8.5560,-12.320,9.840,-13.760,633
36245.00,0.7460,1.1610,8.3730,-11.070,10.050,-15.000,633
36255.00,0.7440,1.2100,8.2860,-8.340,9.910,-17.980,633
36265.00,0.7840,1.2290,8.1990,-7.470,9.490,-18.660,633
36275.00,0.7930,1.3660,8.2490,-8.290,10.490,-19.390,634
36285.00,0.9230,1.4600,8.4780,-12.440,12.620,-19.130,634
36295.00,0.7210,1.5200,8.6180,-17.150,15.630,-17.910,634
36305.00,0.6960,1.4540,8.8180,-8.010,18.990,-16.280,634
36315.00,0.6740,1.5300,8.8780,-2.530,20.040,-13.570,634
36325.00,0.7090,1.6190,9.0040,0.260,20.550,-11.100,635
36335.00,0.6020,1.5130,8.9730,1.010,19.900,-8.890,635
36345.00,0.4660,1.4110,8.8790,4.110,18.540,-7.390,635
36355.00,0.3910,1.5290,8.7840,8.310,16.890,-6.850,635
36365.00,0.4670,1.7200,8.7570,10.930,14.220,-5.740,635
36375.00,0.4350,1.8970,8.9040,11.860,13.870,-4.100,636
36385.00,0.4060,1.9020,9.0470,11.910,16.050,-2.420,636
36395.00,0.3730,1.8890,9.2060,13.220,20.620,-0.900,636
36405.00,0.3080,1.9310,9.2110,15.800,24.790,0.790,636
36415.00,0.1970,1.9410,9.0560,18.460,26.060,1.890,636
36425.00,0.1140,1.9290,8.8010,18.390,24.800,2.750,637
36435.00,0.0090,2.1040,8.5160,18.230,21.920,1.910,637
36445.00,0.1420,2.4080,9.2000,15.480,19.620,1.350,637
36455.00,-0.0550,2.3890,9.5680,13.800,25.010,2.020,637
36465.00,-0.1490,2.4170,9.7840,16.920,29.110,3.030,637
36475.00,-0.2780,2.4620,9.6780,21.010,31.890,4.780,638
36485.00,-0.1910,2.4840,9.6110,22.080,31.700,6.040,638
36495.00,-0.3170,2.5610,9.4010,22.240,28.230,4.830,638
36505.00,-0.3010,2.5920,9.3280,19.930,23.840,3.170,638
36515.00,-0.2810,2.6340,9.4510,15.870,20.550,1.670,638
36525.00,-0.2760,2.7260,9.6590,13.710,19.990,0.630,639
36535.00,-0.3240,2.5730,9.8510,13.240,22.110,0.560,639
36545.00,-0.4190,2.5830,9.8630,14.830,26.550,0.880,639
36555.00,-0.4180,2.5960,9.9740,17.790,31.660,2.400,639
36565.00,-0.5580,2.5950,10.0330,20.100,36.670,4.170,639
36575.00,-0.6120,2.5440,10.1330,21.870,40.680,5.600,640
36585.00,-0.7260,2.4820,10.0580,23.760,40.260,6.250,640
36595.00,-0.7310,2.6120,9.7780,25.650,35.370,6.390,640
36605.00,-0.7290,2.7790,9.4570,27.560,28.710,5.590,640
36615.00,-0.6620,3.0410,9.4830,27.890,23.050,3.940,640
36625.00,-0.6000,3.1050,9.7780,26.630,20.030,2.510,641
36635.00,-0.6120,2.9000,10.1550,25.950,21.580,0.970,641
36645.00,-0.6400,2.7060,10.6360,28.590,26.150,-0.830,641
36655.00,-0.5790,2.6320,11.1010,35.430,36.550,-3.560,641
36665.00,-0.5880,2.7380,11.1730,36.780,39.420,-4.220,641
36675.00,-0.6060,2.9520,11.0060,35.800,36.420,-4.680,642
36685.00,-0.6230,3.1950,10.8100,34.050,31.140,-5.620,642
36695.00,-0.6690,3.2090,10.7270,30.570,25.990,-5.850,642
36705.00,-0.7680,3.1260,10.8700,29.060,21.830,-5.570,642
36715.00,-0.8370,3.1820,10.8590,27.350,17.980,-5.180,642
36725.00,-0.6840,3.2440,10.9010,24.690,15.510,-3.700,643
36735.00,-1.0370,3.2900,10.1310,12.310,13.360,-1.810,643
36745.00,-0.8470,3.2820,10.2110,14.190,11.910,-1.840,643
36755.00,-0.9140,3.3690,10.1790,11.280,7.900,-1.580,643
36765.00,-0.8140,3.4260,10.0880,2.060,2.090,0.110,643
36775.00,-0.9220,3.2380,9.4940,-1.640,-2.490,2.190,644
36785.00,-0.9210,3.3340,9.6150,8.130,-3.620,4.870,644
36795.00,-1.0560,3.2350,9.4180,12.770,-4.430,7.070,644
36805.00,-0.9790,3.3040,9.0380,10.340,-5.460,8.630,644
36815.00,-0.9540,3.6920,8.9590,13.010,-6.230,6.990,644
36825.00,-0.9730,3.9010,8.7850,14.680,-5.600,4.570,645
36835.00,-1.0670,3.4600,8.8520,9.720,-2.080,3.610,645
36845.00,-0.9600,3.7070,8.8830,10.460,-0.120,0.720,645
36855.00,-0.5650,4.1020,9.0440,3.070,2.120,-4.900,645
36865.00,-0.5570,4.2060,9.2480,0.640,6.130,-3.490,645
36875.00,-0.6190,4.1280,9.1350,4.610,10.210,-1.140,646
36885.00,-0.5010,4.1580,9.4300,10.180,12.920,-0.690,646
36895.00,-0.6660,4.3270,9.4250,12.160,13.570,0.760,646
36905.00,-0.8900,4.4530,9.6290,3.410,10.030,0.620,646
36915.00,-0.9540,4.5590,9.5560,-6.590,6.920,-0.270,646
36925.00,-1.0210,4.7550,9.6980,-4.970,5.800,0.770,647
36935.00,-1.0710,4.5890,10.1070,2.760,5.990,3.330,647
36945.00,-0.9900,4.4150,10.4530,1.390,5.450,4.050,647
36955.00,-0.8750,4.4690,10.4870,-6.240,5.340,3.590,647
36965.00,-0.8790,4.4140,10.2640,-9.310,6.150,3.730,647
36975.00,-0.9140,4.3340,10.2190,-5.820,6.290,2.400,648
36985.00,-0.9660,4.3530,10.1320,-2.390,4.310,0.580,648
36995.00,-0.9990,4.6770,10.0110,2.010,1.490,-0.690,648
37005.00,-0.9780,4.5210,10.0580,7.870,1.530,-0.760,648
37015.00,-1.0810,4.1770,10.2660,14.520,3.300,-0.340,648
37025.00,-1.1530,4.1370,10.2620,17.160,3.890,0.160,649
37035.00,-1.2490,4.0960,10.1630,16.060,3.210,-0.160,649
37045.00,-1.2750,4.1680,10.0590,15.010,1.200,-1.600,649
37055.00,-1.2520,4.2240,9.8040,13.330,-2.890,-2.510,649
37065.00,-1.1940,4.1350,9.9850,17.900,-2.400,-1.600,649
37075.00,-1.2290,4.0210,10.1760,19.820,-1.490,-0.930,650
37085.00,-1.2390,4.1370,10.2660,21.800,-1.400,-0.550,650
37095.00,-1.2950,4.1400,10.4000,21.010,-1.560,-0.070,650
37105.00,-1.3370,4.1460,10.4090,17.070,-2.470,-0.300,650
37115.00,-1.2610,4.2010,10.4050,14.400,-2.910,-0.630,650
37125.00,-1.2100,4.2580,10.3600,10.670,-2.290,-0.410,651
37135.00,-1.1800,4.2060,10.1970,6.150,-1.790,0.060,651
37145.00,-1.2320,4.0300,10.0520,2.150,-1.050,0.580,651
37156.00,-1.2160,4.0300,9.9600,0.590,0.020,0.810,651
37166.00,-1.1770,4.0040,9.8830,-0.660,1.650,0.930,651
37176.00,-1.0810,4.0190,9.9600,-1.380,3.160,0.690,652
37186.00,-1.0580,3.9540,10.0430,-1.480,4.070,1.350,652
37196.00,-1.0700,3.8880,9.9370,-2.500,5.400,2.160,652
37206.00,-1.1150,3.9990,9.8880,-4.160,6.990,2.590,652
37216.00,-1.1270,3.9480,9.7360,-6.860,7.040,2.800,652
37226.00,-1.1520,3.9640,9.6330,-7.920,6.880,2.380,653
37236.00,-1.1620,4.0150,9.4690,-9.880,6.620,2.020,653
37246.00,-1.1470,3.9840,9.3760,-11.530,6.640,2.160,653
37256.00,-1.0740,3.9600,9.3000,-12.350,6.380,2.510,653
37266.00,-1.0060,4.0420,9.3060,-14.220,6.710,2.540,653
37276.00,-1.0010,4.0010,9.1860,-16.240,7.220,3.610,654
37286.00,-1.0070,3.9800,9.1030,-16.110,7.390,4.080,654
37296.00,-1.0390,4.0110,9.0170,-14.070,6.390,4.380,654
37306.00,-1.1290,3.9180,8.8900,-12.020,4.750,4.610,654
37316.00,-1.1640,3.9180,8.8410,-9.290,2.860,4.050,654
37326.00,-1.2500,3.8200,8.8030,-6.580,1.140,3.500,655
37336.00,-1.2200,3.8580,8.8860,-3.250,-0.120,2.560,655
37346.00,-1.1530,3.9780,8.9150,0.000,-1.510,1.680,655
37356.00,-1.1000,4.0880,8.9240,3.580,-1.980,1.230,655
37366.00,-1.0730,4.1970,8.9770,5.800,-1.700,1.140,655
37376.00,-0.9970,4.3170,8.9280,6.100,-0.810,1.180,656
37386.00,-1.0070,4.2500,8.9040,5.350,0.460,1.890,656
37396.00,-1.0180,4.2490,8.8470,3.760,1.490,1.980,656
37406.00,-1.0030,4.2650,8.7700,2.790,1.860,1.470,656
37416.00,-0.9880,4.3230,8.7920,3.810,1.600,1.470,656
37426.00,-0.9290,4.2530,8.8980,6.000,1.690,2.170,657
37436.00,-0.8660,4.2060,9.0540,7.430,2.330,2.630,657
37446.00,-0.8630,4.0900,9.1480,7.340,2.980,2.910,657
37456.00,-0.8850,4.2770,9.1310,7.820,3.170,2.370,657
37466.00,-0.9470,4.3100,9.0670,8.310,2.470,3.290,657
37476.00,-0.9790,4.2730,9.0310,8.180,2.370,3.850,658
37486.00,-0.9900,4.2680,9.0540,7.360,2.700,3.800,658
37496.00,-1.0080,4.2310,9.0280,4.390,2.700,3.450,658
37506.00,-1.0220,4.2520,8.9760,2.060,3.300,3.210,658
37516.00,-1.0190,4.2680,9.0170,0.500,4.150,3.240,658
37526.00,-1.1060,4.1970,8.9810,-1.190,4.540,3.800,659
37536.00,-1.1340,4.2650,9.0240,-1.310,4.940,3.520,659
37546.00,-1.1780,4.1940,9.0230,-0.920,5.010,3.450,659
37556.00,-1.2400,4.1040,9.0300,-0.770,4.730,3.910,659
37566.00,-1.2030,4.1730,9.0950,0.500,4.150,3.710,659
37576.00,-1.1920,4.1180,9.1420,0.640,3.790,3.290,660
37586.00,-1.1880,4.0180,9.1530,0.200,3.140,3.080,660
37596.00,-1.1230,4.0450,9.2000,1.340,2.370,2.140,660
37606.00,-1.0690,4.0880,9.2360,2.340,1.670,0.980,660
37616.00,-1.0210,4.1450,9.2200,3.090,1.060,-0.060,660
37626.00,-0.9480,4.2930,9.1870,3.110,0.830,-0.140,661
37636.00,-0.9340,4.2500,9.2850,2.740,0.900,1.050,661
37646.00,-0.9110,4.2240,9.2730,1.990,0.990,1.300,661
37656.00,-0.8900,4.2380,9.2680,1.290,1.160,1.400,661
37666.00,-0.8170,4.3470,9.2510,0.570,1.000,0.720,661
37676.00,-0.7820,4.4620,9.1940,0.190,0.130,0.830,662
37686.00,-0.8290,4.3710,9.2030,-0.010,-1.050,1.820,662
37696.00,-0.8270,4.4630,9.1260,-0.150,-1.610,1.650,662
37706.00,-0.8790,4.3990,9.1150,0.060,-1.560,1.610,662
37716.00,-0.9170,4.4060,9.0780,0.190,-1.700,1.050,662
37726.00,-0.9420,4.5020,9.0830,0.900,-2.290,0.510,663
37736.00,-0.9750,4.5730,8.9880,0.920,-3.190,0.490,663
37746.00,-1.0330,4.5900,8.8540,-0.120,-3.590,1.070,663
37756.00,-1.0830,4.5160,8.8170,-1.130,-3.590,1.580,663
37766.00,-1.0710,4.4980,8.8540,-1.570,-2.840,1.470,663
37776.00,-1.0880,4.3840,8.8430,-2.290,-1.540,1.440,664
37786.00,-1.0880,4.4170,8.8410,-2.010,-0.930,1.390,664
37796.00,-1.0950,4.3720,8.8290,-1.260,-0.980,1.320,664
37806.00,-1.0550,4.4210,8.7880,-0.350,-1.300,0.860,664
37816.00,-1.0800,4.3600,8.7670,-0.400,-1.840,1.370,664
37826.00,-1.0450,4.3990,8.7780,-0.420,-1.650,1.510,665
37836.00,-1.0520,4.2990,8.8040,-0.520,-0.910,1.600,665
37846.00,-0.9890,4.3270,8.8790,-0.590,0.010,1.510,665
37856.00,-0.9160,4.4260,8.9160,-0.630,1.270,1.460,665
37866.00,-0.9180,4.4550,8.8030,-1.870,3.330,2.770,665
37876.00,-0.9280,4.4270,8.8370,-1.750,3.730,3.170,666
37886.00,-0.8860,4.4080,8.8720,-2.290,3.750,3.330,666
37896.00,-0.9050,4.3690,8.9210,-3.090,3.800,3.210,666
37906.00,-0.8750,4.3680,8.9470,-3.250,3.730,2.540,666
37916.00,-0.8650,4.3400,8.9390,-3.250,2.960,2.170,666
37926.00,-0.8590,4.3820,8.9830,-2.340,2.810,1.950,667
37936.00,-0.8630,4.4210,8.9890,-2.430,2.260,2.370,667
37946.00,-0.8680,4.4550,9.0310,-1.830,1.770,2.910,667
37956.00,-0.8570,4.5030,9.0040,-1.610,1.280,3.000,667
37966.00,-0.8790,4.5220,8.9910,-1.010,0.950,3.000,667
37976.00,-0.8390,4.5830,8.9630,-0.640,1.020,2.820,668
37986.00,-0.8250,4.5910,9.0080,-0.220,0.720,3.190,668
37996.00,-0.7940,4.6040,8.9850,-0.450,1.090,3.190,668
38006.00,-0.7680,4.5630,9.0610,-0.730,1.930,2.930,668
38016.00,-0.7580,4.5080,9.0690,-0.890,1.760,2.660,668
38026.00,-0.7750,4.5150,9.0780,-0.840,1.300,2.100,669
38036.00,-0.7890,4.5720,9.0320,-0.540,0.460,1.470,669
38046.00,-0.7870,4.5360,9.0160,-0.730,-0.680,0.970,669
38056.00,-0.7860,4.5870,9.0000,-0.870,-1.840,0.460,669
38066.00,-0.7940,4.5430,9.0430,-2.950,-2.590,-0.690,669
38076.00,-0.8030,4.4990,8.9860,-3.780,-2.400,-0.480,670
38086.00,-0.8170,4.4680,8.9370,-4.390,-2.240,-0.140,670
38096.00,-0.7510,4.5240,8.9350,-4.000,-2.290,0.280,670
38106.00,-0.7450,4.5890,8.8910,-3.710,-2.190,0.880,670
38116.00,-0.6930,4.5490,8.9670,-3.790,-1.370,1.750,670
38126.00,-0.6550,4.6490,8.9330,-3.690,-0.370,2.720,671
38136.00,-0.6280,4.6300,8.9920,-3.580,0.900,4.330,671
38146.00,-0.7030,4.5570,8.9770,-4.000,2.560,5.670,671
38156.00,-0.7360,4.5180,9.0740,-3.930,4.500,6.230,671
38166.00,-0.7260,4.5890,9.1220,-3.650,5.640,6.110,671
38177.00,-0.7860,4.6300,9.1350,-3.550,6.320,6.230,672
38187.00,-0.8510,4.5790,9.2330,-4.060,6.530,6.360,672
38197.00,-0.8470,4.6600,9.2730,-4.210,5.660,5.730,672
38207.00,-0.8730,4.6210,9.3630,-4.810,4.840,4.960,672
38217.00,-0.8290,4.5520,9.6170,-5.540,4.010,3.500,672
38227.00,-0.7570,4.5420,9.9820,-4.880,2.230,2.510,673
38237.00,-0.6440,4.6860,10.2490,-3.830,0.830,2.330,673
38247.00,-0.5820,4.7480,10.4090,-3.200,0.200,3.010,673
38257.00,-0.4680,4.8860,10.6250,-1.890,-0.160,4.060,673
38267.00,-0.4190,5.2300,11.1050,-0.750,-1.520,6.110,673
38277.00,-0.3370,5.3310,11.5500,-0.610,-1.870,6.250,674
38287.00,-0.2910,5.4850,11.9710,1.110,-2.920,6.340,674
38297.00,-0.3340,5.5720,12.5520,3.690,-3.640,6.970,674
38307.00,-0.2630,5.7710,13.2090,5.750,-5.220,7.980,674
38317.00,-0.2970,5.7950,13.6330,4.330,-9.140,9.840,674
38327.00,-0.1740,5.9500,13.9820,3.490,-13.560,12.360,675
38337.00,-0.1350,6.1610,14.1540,2.080,-16.610,16.050,675
38347.00,-0.0070,6.4000,14.5560,-0.290,-18.320,20.110,675
38357.00,0.0990,6.6600,14.8210,-3.010,-20.480,23.420,675
38367.00,0.1790,7.0020,15.0810,-5.540,-22.960,26.480,675
38377.00,0.1690,7.2750,15.0520,-10.740,-26.430,29.460,676
38387.00,0.0050,7.4960,14.7730,-18.700,-27.880,32.340,676
38397.00,-0.1040,7.5620,14.3050,-27.860,-26.160,33.920,676
38407.00,-0.1730,7.6150,13.9750,-34.450,-24.030,33.040,676
38417.00,-0.3420,7.5740,13.5840,-38.370,-25.270,32.050,676
38427.00,-0.4270,7.5250,12.4130,-43.730,-26.180,29.770,677
38437.00,-0.6990,7.2470,11.9070,-41.590,-22.070,25.270,677
38447.00,-0.9350,6.8760,10.9770,-40.390,-22.890,20.270,677
38457.00,-0.9940,6.6180,10.2650,-36.430,-26.570,14.830,677
38467.00,-1.0080,5.9840,9.1170,-34.680,-30.870,8.790,677
38477.00,-0.9470,5.7020,8.5310,-22.920,-39.880,8.460,678
38487.00,-0.7920,5.3760,7.6910,-30.200,-45.190,10.330,678
38497.00,-0.1110,5.6300,7.1620,-29.550,-46.340,13.270,678
38507.00,-0.8380,3.3430,6.1720,-2.590,-45.660,17.990,678
38517.00,-0.3790,3.4400,6.0100,-16.740,-34.900,13.920,678
38527.00,-0.1480,3.6860,4.9140,-17.290,-32.550,11.170,679
38537.00,-0.1930,1.2460,5.3100,0.170,-24.500,12.430,679
38547.00,0.2940,1.4000,4.1260,-27.380,-20.040,0.580,679
38557.00,-0.0130,1.3380,5.0340,-40.140,-12.570,-9.860,679
38567.00,0.0090,1.3850,5.3270,-45.710,-6.200,-16.540,679
38577.00,-0.0310,1.6790,5.2770,-47.300,-6.130,-19.110,680
38587.00,0.4100,3.0490,5.0260,-34.610,-6.900,-13.410,680
38597.00,0.1850,0.9720,6.0350,-36.450,-3.610,-1.040,680
38607.00,0.1900,1.1540,6.4550,-58.270,-1.980,-8.050,680
38617.00,0.3130,1.7800,6.4780,-60.910,-2.540,-10.730,680
38627.00,0.3880,1.6360,6.8630,-43.970,-1.770,-4.990,681
38637.00,0.3450,1.6770,7.4410,-24.550,-1.960,-3.290,681
38647.00,0.1390,1.9070,7.3340,-11.550,-3.400,-2.940,681
38657.00,-0.1970,2.2010,7.3410,-12.160,-2.590,-0.700,681
38667.00,0.8000,1.6490,8.2100,-26.790,0.110,0.600,681
38677.00,0.5980,2.0600,10.4080,-36.270,-12.300,0.700,682
38687.00,0.1590,-1.0320,3.3260,-49.430,-29.730,-9.680,682
38697.00,1.5080,1.7590,1.8160,25.210,22.980,-40.130,682
38707.00,-0.6550,0.9830,4.1400,71.450,76.240,-52.800,682
38717.00,-0.7540,3.0930,6.8790,94.880,71.390,-49.930,682
38727.00,-0.1970,3.1770,5.4730,98.920,45.610,-32.550,683
38737.00,0.3370,2.6640,4.1220,90.820,53.260,-35.690,683
38747.00,0.2210,2.8890,5.5080,88.630,70.530,-46.970,683
38757.00,0.0560,3.6460,6.3970,92.550,65.470,-46.380,683
38767.00,0.5270,3.6530,7.1830,60.720,57.630,-34.220,683
38777.00,1.2750,4.0530,8.4720,7.830,52.400,-19.030,684
38787.00,-0.4740,4.4420,8.4500,-21.450,34.460,-9.750,684
38797.00,-0.2560,4.6280,9.5440,-29.060,23.470,6.570,684
38807.00,-0.0270,4.4490,9.7650,-35.700,8.160,18.470,684
38817.00,-0.0960,4.3190,9.7380,-38.010,-2.100,22.950,684
38827.00,-0.2420,4.1530,9.6170,-37.530,-6.110,22.090,685
38837.00,-0.4420,4.0730,9.4770,-39.600,-9.010,18.080,685
38847.00,-0.4640,3.8120,9.1560,-43.430,-12.690,14.910,685
38857.00,-0.3800,3.6640,8.7480,-52.250,-13.790,12.950,685
38867.00,-0.3970,3.6610,9.1200,-69.280,-9.280,10.570,685
38877.00,-0.2240,3.5310,9.4480,-111.800,-1.910,4.360,686
38887.00,-0.2110,3.4570,9.5550,-117.230,0.230,1.680,686
38897.00,-0.1600,3.2750,9.8590,-115.370,1.410,0.340,686
38907.00,-0.0860,3.1230,9.8810,-106.360,0.220,-0.930,686
38917.00,-0.1410,2.9150,9.7890,-97.000,-2.870,-0.930,686
38927.00,-0.0350,2.7720,9.5290,-86.740,-5.650,0.110,687
38937.00,-0.0130,2.3880,9.4630,-75.980,-6.910,2.000,687
38947.00,0.0280,2.2910,9.4210,-64.100,-8.140,2.540,687
38957.00,0.1020,2.1220,9.4940,-56.430,-10.850,3.010,687
38967.00,0.2410,2.0320,9.4580,-50.480,-14.350,2.470,687
38977.00,0.2560,2.0690,9.4440,-38.160,-14.720,1.440,688
38987.00,0.2480,2.2400,9.4240,-28.780,-13.930,1.320,688
38997.00,0.2530,2.2380,9.6200,-30.810,-13.560,1.300,688
39007.00,0.2400,2.1950,9.9080,-33.860,-13.230,1.210,688
39017.00,0.2690,2.1150,10.0730,-30.590,-12.810,0.900,688
39027.00,0.2870,2.0310,10.1130,-26.840,-12.340,0.810,689
39037.00,0.2690,1.9980,10.0570,-19.140,-11.110,0.420,689
39047.00,0.2910,2.0140,9.9360,-11.420,-8.980,0.140,689
39057.00,0.2630,1.8560,9.9370,-7.840,-6.580,0.160,689
39067.00,0.2960,1.8560,9.9350,-3.720,-4.640,-0.090,689
39077.00,0.3420,1.8190,10.0040,1.040,-2.290,0.000,690
39087.00,0.3930,1.8410,10.1210,3.000,-1.980,-0.370,690
39097.00,0.4390,1.9960,10.1710,3.550,-0.350,-0.690,690
39107.00,0.3840,2.0440,10.4130,0.610,0.930,-0.510,690
39117.00,0.2850,1.9530,10.2490,0.480,0.580,0.420,690
39127.00,0.3310,1.9750,9.9550,3.340,1.040,0.810,691
39137.00,0.3600,1.9130,9.9050,4.650,3.050,0.460,691
39147.00,0.2640,1.9340,9.7020,4.370,3.790,0.810,691
39157.00,0.2050,1.9400,9.7080,3.070,4.280,1.910,691
39167.00,0.1620,2.0330,9.6450,3.210,4.940,2.770,691
39177.00,0.1220,2.0690,9.6190,-0.120,5.130,4.260,692
39187.00,0.1800,2.1320,9.6980,-3.200,5.050,5.810,692
39197.00,0.3210,2.2800,9.6450,-1.310,4.590,6.220,692
39208.00,0.1590,2.1640,9.6040,-0.210,4.150,6.390,692
39218.00,0.2720,2.1720,9.6290,-1.900,3.120,5.880,692
39228.00,0.2390,2.2180,9.6130,0.990,1.160,5.660,693
39238.00,0.2470,2.2010,9.7660,2.920,-1.190,5.450,693
39248.00,0.2660,2.2660,9.7340,3.860,-4.870,5.180,693
39258.00,0.3050,2.1830,9.8630,4.740,-7.630,5.480,693
39268.00,0.2640,2.2200,9.8420,5.240,-9.890,5.740,693
39278.00,0.4310,2.2220,9.9500,4.400,-13.020,5.670,694
39288.00,0.5400,2.0990,9.8470,0.500,-15.930,5.040,694
39298.00,0.6190,2.0880,9.6930,-5.540,-18.310,3.850,694
39308.00,0.7520,2.0600,9.5760,-14.080,-19.830,3.120,694
39318.00,1.0310,1.9420,9.7470,-28.940,-20.830,3.260,694
39328.00,0.9730,2.1410,9.9370,-42.870,-21.210,2.930,695
39338.00,0.8700,1.9530,9.9320,-34.660,-18.520,1.390,695
39348.00,0.8590,1.9450,9.7930,-25.390,-16.310,2.050,695
39358.00,1.0660,1.9960,9.9000,-24.290,-16.150,2.860,695
39368.00,1.1760,1.9860,9.7290,-23.880,-14.750,3.890,695
39378.00,0.7340,1.7760,9.7180,-28.780,-8.650,-0.110,696
39388.00,0.2560,1.4460,9.7870,-29.750,-8.210,0.210,696
39398.00,0.4050,1.5750,9.9460,-21.450,-10.660,3.800,696
39408.00,0.7390,1.8010,9.9090,-16.810,-10.760,4.220,696
39418.00,0.9470,1.8980,9.8620,-21.570,-9.960,3.940,696
39428.00,0.8440,1.7300,9.9310,-25.090,-5.740,3.730,697
39438.00,0.7860,1.6730,10.0070,-23.480,-2.240,3.290,697
39448.00,0.7580,1.6890,10.1510,-17.390,0.830,3.400,697
39458.00,0.8030,1.6920,10.0880,-14.520,2.160,3.100,697
39468.00,0.8120,1.4950,10.0000,-13.860,3.140,2.580,697
39478.00,0.8550,1.4780,10.0240,-7.150,5.660,3.540,698
39488.00,0.8210,1.4560,10.0510,-4.650,6.520,4.260,698
39498.00,0.7380,1.4810,10.0060,-1.150,8.250,4.920,698
39508.00,0.6740,1.5260,10.0210,2.880,10.660,5.660,698
39518.00,0.6990,1.5800,9.9850,4.580,12.400,6.620,698
39528.00,0.7100,1.5930,9.9630,5.030,13.670,6.860,699
39538.00,0.7810,1.7060,9.9260,4.420,14.290,6.900,699
39548.00,0.7560,1.7150,9.9450,1.480,14.650,7.090,699
39558.00,0.7920,1.7770,9.8830,0.190,16.600,6.640,699
39568.00,0.7450,1.8620,9.9320,-1.940,18.450,6.110,699
39578.00,0.6590,1.8190,9.8910,-4.560,18.520,5.500,700
39588.00,0.6740,1.8620,9.9560,-5.950,18.100,4.750,700
39598.00,0.6310,1.8780,9.9760,-4.840,17.940,4.430,700
39608.00,0.6560,1.7770,9.9920,-3.740,16.460,4.380,700
39618.00,0.6420,1.8550,10.0190,-2.520,14.370,4.900,700
39628.00,0.5610,1.8470,9.9870,-3.020,12.310,5.570,701
39638.00,0.5030,1.7350,9.8560,-5.470,11.630,5.760,701
39648.00,0.4110,1.6760,9.8400,-6.470,11.960,5.670,701
39658.00,0.3870,1.6730,9.7930,-6.680,11.570,4.970,701
39668.00,0.4100,1.6340,9.8260,-7.910,10.590,3.960,701
39678.00,0.4190,1.6220,9.7910,-7.960,9.070,2.890,702
39688.00,0.4190,1.6850,9.8950,-11.390,6.170,2.400,702
39698.00,0.3670,1.6900,9.9290,-14.560,4.820,2.610,702
39708.00,0.3140,1.6090,9.8960,-16.380,3.960,2.630,702
39718.00,0.3730,1.5640,9.9070,-16.450,4.170,2.210,702
39728.00,0.3540,1.4650,9.9030,-15.920,3.660,1.890,703
39738.00,0.4150,1.5480,9.8560,-15.340,3.190,1.420,703
39748.00,0.4950,1.6170,9.8170,-16.410,2.510,1.120,703
39758.00,0.4790,1.5480,9.8160,-18.110,2.250,0.930,703
39768.00,0.4510,1.5870,9.8840,-15.690,2.860,0.090,703
39778.00,0.4770,1.5760,9.9940,-13.590,3.450,-0.250,704
39788.00,0.4510,1.5490,9.9990,-12.040,3.940,-0.250,704
39798.00,0.4100,1.4590,10.1650,-11.580,4.770,-0.320,704
39808.00,0.3550,1.3920,10.2460,-10.600,4.820,-0.250,704
39818.00,0.3080,1.3600,10.1530,-9.430,4.260,0.350,704
39828.00,0.3090,1.3160,10.1390,-9.270,4.000,0.620,705
39838.00,0.3460,1.3040,10.0360,-8.800,3.440,0.620,705
39848.00,0.4450,1.3960,9.8680,-7.920,2.420,0.880,705
39858.00,0.4800,1.3690,9.8260,-9.110,1.860,1.350,705
39868.00,0.5450,1.3610,9.8700,-9.060,1.600,2.100,705
39878.00,0.5000,1.3450,9.9390,-7.520,1.300,2.450,706
39888.00,0.4420,1.3200,10.0310,-5.370,1.550,2.140,706
39898.00,0.4220,1.3180,10.0250,-4.340,1.140,2.350,706
39908.00,0.4370,1.2620,10.0090,-2.850,1.410,2.520,706
39918.00,0.4780,1.3910,10.0060,-0.870,2.440,2.520,706
39928.00,0.4830,1.4520,9.9960,-1.640,2.910,2.800,707
39938.00,0.5210,1.4460,10.0310,-3.160,2.630,2.470,707
39948.00,0.5760,1.4690,9.9870,-3.410,2.540,1.960,707
39958.00,0.5950,1.4810,10.0030,-3.930,2.540,1.720,707
39968.00,0.5410,1.4840,9.9970,-5.210,1.860,1.580,707
39978.00,0.5200,1.4160,9.9860,-6.890,0.880,1.390,708
39988.00,0.4760,1.3680,9.9700,-6.790,0.710,1.190,708
39998.00,0.4120,1.2830,9.9580,-7.140,1.230,0.910,708
40008.00,0.3640,1.2810,9.9120,-7.520,1.560,0.580,708
40018.00,0.3520,1.3000,9.9920,-9.670,2.400,-0.070,708
40028.00,0.3110,1.1820,9.9720,-11.510,3.170,-0.720,709
40038.00,0.3400,1.2000,9.9420,-10.880,3.520,-1.090,709
40048.00,0.3600,1.2500,10.0090,-9.590,3.770,-1.120,709
40058.00,0.4100,1.3430,10.0660,-8.570,3.280,-1.050,709
40068.00,0.3750,1.3600,10.0840,-8.820,2.050,-0.690,709
40078.00,0.3910,1.4040,10.1670,-7.840,0.860,-0.410,710
40088.00,0.3800,1.3750,10.1770,-4.910,-1.070,0.130,710
40098.00,0.3870,1.3370,10.1650,-2.900,-1.820,0.180,710
40108.00,0.4120,1.3170,10.1680,-1.150,-2.010,0.090,710
40118.00,0.4680,1.3050,10.1270,0.550,-2.360,0.020,710
40128.00,0.5400,1.2890,10.0130,2.060,-2.560,-0.020,711
40138.00,0.5510,1.2520,9.9270,2.510,-2.220,0.070,711
40148.00,0.5810,1.2490,9.9110,2.530,-2.000,0.390,711
40158.00,0.6540,1.2950,9.9150,1.970,-1.380,0.280,711
40168.00,0.6160,1.3060,10.0270,1.200,0.000,0.580,711
40178.00,0.6060,1.4480,10.0770,1.450,0.500,0.630,712
40188.00,0.5890,1.3930,10.0460,-0.080,1.580,0.370,712
40198.00,0.5710,1.3770,10.0240,-1.080,2.460,0.110,712
40208.00,0.5630,1.3380,9.9940,-0.570,2.530,0.180,712
40218.00,0.5280,1.3260,9.9500,2.410,2.510,0.410,712
40229.00,0.5490,1.4290,9.9870,6.000,2.740,0.840,713
40239.00,0.4470,1.4040,9.9520,7.540,2.110,1.540,713
40249.00,0.4830,1.4930,9.9940,8.800,1.390,1.560,713
40259.00,0.4960,1.6830,10.0390,9.810,0.440,1.350,713
40269.00,0.5310,1.6730,10.0340,7.870,-0.420,0.300,713
40279.00,0.7330,1.5800,10.0670,4.400,-0.910,-1.560,714
40289.00,0.5810,1.4910,9.8540,1.040,-0.560,-1.260,714
40299.00,0.4090,1.4040,9.7390,-1.290,-1.370,1.840,714
40309.00,0.4010,1.5560,9.7420,-2.480,-4.690,4.310,714
40319.00,0.1860,1.3720,9.6590,-5.720,-7.050,4.920,714
40329.00,0.1380,1.3380,9.5860,-6.980,-8.490,4.380,715
40339.00,0.3130,1.3740,9.4030,-5.300,-9.430,4.050,715
40349.00,0.5220,1.3690,9.4390,-6.030,-8.840,3.080,715
40359.00,0.7350,1.4340,9.6150,-6.420,-6.970,2.470,715
40369.00,0.8330,1.4280,9.7190,-8.760,-6.020,2.420,715
40379.00,0.9430,1.4670,9.9010,-10.110,-5.900,2.160,716
40389.00,0.9080,1.4700,9.9640,-11.280,-5.710,2.380,716
40399.00,0.8990,1.4200,10.0230,-10.950,-5.290,2.030,716
40409.00,0.8670,1.4470,10.0430,-8.680,-4.180,2.440,716
40419.00,0.7510,1.4280,10.0880,-6.030,-2.780,2.380,716
40429.00,0.7190,1.4580,10.1030,-4.020,-2.220,2.540,717
40439.00,0.7170,1.3710,10.1510,-4.180,-1.800,3.010,717
40449.00,0.8010,1.5430,10.1630,-1.900,-0.820,2.610,717
40459.00,0.8190,1.4970,10.0700,-2.200,1.180,1.840,717
40469.00,0.8270,1.4410,10.0850,-3.080,3.870,0.840,717
40479.00,0.8190,1.4620,10.1100,-3.510,6.250,0.090,718
40489.00,0.7540,1.4700,10.0550,-3.370,7.340,-0.070,718
40499.00,0.6950,1.4960,10.0830,-3.780,7.900,0.000,718
40509.00,0.6530,1.5400,10.0660,-5.980,8.300,-0.130,718
40519.00,0.5700,1.4900,10.0390,-8.340,8.670,-0.980,718
40529.00,0.5400,1.5260,10.0610,-9.830,9.050,-1.810,719
40539.00,0.4660,1.4530,10.1070,-11.040,8.630,-2.140,719
40549.00,0.4530,1.4440,10.0890,-11.110,7.510,-2.100,719
40559.00,0.4220,1.3850,10.0420,-10.880,6.310,-2.100,719
40569.00,0.4410,1.3020,9.9310,-9.040,5.410,-2.330,719
40579.00,0.5510,1.4040,9.7930,-6.310,4.680,-2.120,720
40589.00,0.5350,1.3180,9.8300,-6.310,4.120,-1.210,720
40599.00,0.5260,1.3530,9.8110,-3.950,2.960,-0.020,720
40609.00,0.5380,1.3870,9.7980,-2.410,2.110,1.110,720
40619.00,0.4660,1.3780,9.8350,-4.070,2.250,2.000,720
40629.00,0.4470,1.2560,9.9550,-7.680,2.510,2.160,721
40639.00,0.4580,1.2350,10.1010,-8.710,3.020,1.750,721
40649.00,0.5020,1.2570,10.2620,-8.610,3.470,0.950,721
40659.00,0.8930,1.0920,10.4030,-9.450,3.370,0.020,721
40669.00,0.4250,1.4840,10.2310,-12.790,2.440,-1.740,721
40679.00,0.7510,1.2590,10.3860,-13.580,2.540,-0.670,722
40689.00,0.5820,1.1530,9.9090,-15.360,0.230,1.230,722
40699.00,0.4670,1.1890,9.7160,-14.170,-0.320,1.750,722
40709.00,0.5620,1.1060,9.6650,-13.490,-0.950,2.490,722
40719.00,0.6640,1.2030,9.6190,-12.530,-0.950,3.220,722
40729.00,0.5380,1.2000,9.6070,-14.360,-0.700,4.380,723
40739.00,0.6180,1.1560,9.7870,-15.640,-1.420,5.460,723
40749.00,0.6370,1.1830,9.8270,-13.440,-1.840,5.880,723
40759.00,0.6530,1.2030,9.9930,-11.530,-0.890,6.180,723
40769.00,0.6200,1.1560,10.1460,-10.860,-0.700,6.500,723
40779.00,0.6870,1.1940,10.0720,-9.810,-1.580,6.340,724
40789.00,0.7090,1.1590,10.0410,-9.940,-0.750,6.340,724
40799.00,0.6690,1.1350,10.0180,-9.900,-0.300,6.300,724
40809.00,0.7020,1.0190,9.9560,-9.130,-0.740,6.320,724
40819.00,0.7620,1.0070,9.8410,-6.930,-1.140,6.220,724
40829.00,0.7820,0.9760,9.7970,-5.460,-1.000,5.670,725
40839.00,0.7820,0.9770,9.8060,-4.440,-1.580,5.240,725
40849.00,0.8310,1.0020,9.8560,-2.690,-2.260,5.460,725
40859.00,0.9320,1.0710,9.8160,-0.850,-2.850,5.600,725
40869.00,0.9340,1.1180,9.8700,-2.730,-2.610,5.620,725
40879.00,0.9160,1.1160,9.9840,-4.630,-2.640,5.530,726
40889.00,0.9470,1.2080,10.0370,-4.370,-2.070,4.170,726
40899.00,0.8450,1.1880,10.0350,-4.980,-1.590,3.850,726
40909.00,0.9000,1.1280,10.2230,-5.810,-1.240,3.350,726
40919.00,1.3010,1.3360,10.3570,-5.980,-0.210,3.960,726
40929.00,0.7410,1.2080,10.2410,-7.870,5.780,1.180,727
40939.00,0.4390,0.8600,10.3140,-9.170,4.080,1.210,727
40949.00,0.4710,0.9710,10.2530,-4.600,1.420,3.540,727
40959.00,0.6080,1.0450,9.9730,-2.240,0.090,3.290,727
40969.00,0.7410,1.0220,9.9520,-2.850,1.950,2.730,727
40979.00,0.6290,1.0930,9.8320,-2.390,3.370,2.840,728
40989.00,0.7420,0.9000,9.7930,-2.920,3.240,3.590,728
40999.00,0.7130,1.0210,9.7480,-0.750,3.980,4.800,728
41009.00,0.8660,0.9730,9.8020,-0.730,3.660,4.520,728
41019.00,0.9970,1.1210,9.8340,0.330,3.370,4.750,728
41029.00,0.9850,1.0510,9.9110,-0.820,3.750,5.040,729
41039.00,1.0360,1.0770,9.9500,-0.610,4.840,5.340,729
41049.00,0.9990,1.1120,9.9540,-0.210,6.130,5.320,729
41059.00,0.9080,1.0490,9.9860,-2.410,7.970,5.130,729
41069.00,0.9030,1.0250,10.0460,-3.550,8.510,5.100,729
41079.00,0.8720,1.0710,9.9720,-3.040,8.300,5.290,730
41089.00,0.8120,1.0830,9.9820,-3.760,8.200,5.340,730
41099.00,0.8080,1.1150,9.9920,-3.410,7.620,5.220,730
41109.00,0.7770,1.1620,10.0390,-2.620,7.160,5.240,730
41119.00,0.7280,1.1560,10.0520,-2.220,6.760,4.960,730
41129.00,0.6890,1.1310,9.9820,-1.920,5.870,4.710,731
41139.00,0.6770,1.1590,9.9800,-1.030,5.940,4.130,731
41149.00,0.6800,1.2130,10.0550,-0.290,7.200,3.660,731
41159.00,0.6550,1.2160,10.1810,-0.260,7.740,3.280,731
41169.00,0.6730,1.2800,10.1860,-0.290,7.740,3.030,731
41179.00,0.6400,1.2040,10.2380,-1.570,7.850,2.790,732
41189.00,0.6310,1.2230,10.1730,-1.360,7.720,2.520,732
41199.00,0.6540,1.2340,10.1590,-1.900,7.360,1.880,732
41209.00,0.6810,1.2170,10.1440,-2.620,6.670,1.230,732
41219.00,0.6840,1.2410,10.1040,-2.920,5.590,0.880,732
41229.00,0.7150,1.2160,10.0050,-2.990,4.260,0.490,733
41239.00,0.6740,1.1850,9.8910,-2.640,3.520,0.320,733
41250.00,0.6530,1.1830,9.8350,-2.150,3.440,0.110,733
41260.00,0.6640,1.1680,9.8140,-2.100,3.070,-0.130,733
41270.00,0.6310,1.1420,9.7840,-1.850,2.400,-0.270,733
41280.00,0.6790,1.1850,9.8020,-1.380,1.860,-0.550,734
41290.00,0.6840,1.1480,9.9460,-1.240,1.790,-0.650,734
41300.00,0.7150,1.1840,10.0470,-1.590,1.210,-0.370,734
41310.00,0.6670,1.0540,10.0680,-3.860,1.040,-0.130,734
41320.00,0.6120,1.0130,10.0800,-4.060,1.300,-0.090,734
41330.00,0.5340,1.0190,10.0350,-3.220,1.930,0.000,735
41340.00,0.4920,1.0120,10.0000,-2.410,3.120,-0.270,735
41350.00,0.5100,1.0500,10.0340,-1.060,4.380,-0.620,735
41360.00,0.5260,1.1220,10.0400,0.360,5.430,-0.670,735
41370.00,0.5620,1.2760,9.9990,0.470,5.830,-0.390,735
41380.00,0.5470,1.2560,9.9970,-1.100,6.360,-0.230,736
41390.00,0.5980,1.3430,9.9370,-1.990,6.640,-0.790,736
41400.00,0.6230,1.2650,9.8140,-4.530,6.410,-1.280,736
41410.00,0.6520,1.2050,9.7510,-6.070,6.220,-1.560,736
41420.00,0.6410,1.1310,9.7950,-6.230,5.430,-1.320,736
41430.00,0.6320,1.1270,9.8730,-5.880,3.660,-0.910,737
41440.00,0.5630,1.1180,9.8820,-5.890,1.970,-0.440,737
41450.00,0.5750,1.1220,9.9490,-5.460,0.640,-0.090,737
41460.00,0.5650,1.1490,9.9570,-4.840,-1.490,0.230,737
41470.00,0.5500,1.1520,10.0020,-4.600,-3.380,0.160,737
41480.00,0.5320,1.1720,10.0530,-4.280,-5.130,0.020,738
41490.00,0.5760,1.1730,10.0970,-5.110,-7.040,-0.250,738
41500.00,0.6260,1.2090,10.1500,-7.960,-11.170,-0.560,738
41510.00,0.6050,1.1330,10.0780,-8.190,-13.720,-0.630,738
41520.00,0.7340,1.1790,10.0720,-7.380,-14.180,-0.530,738
41530.00,0.6890,1.0500,9.9260,-5.740,-14.190,-0.040,739
41540.00,0.7740,1.1550,9.9630,-4.370,-14.460,-0.090,739
41550.00,0.7720,1.0930,9.8880,-4.410,-14.610,0.280,739
41560.00,0.8540,1.1380,9.9850,-4.420,-13.070,0.810,739
41570.00,0.8920,1.1220,9.9840,-4.110,-12.360,1.460,739
41580.00,0.9490,1.1010,9.8160,-3.780,-11.240,1.810,740
41590.00,1.0220,1.1280,9.8660,-2.640,-10.200,2.100,740
41600.00,1.0920,1.1310,9.8470,-2.900,-10.050,2.770,740
41610.00,1.1710,1.1070,9.9290,-3.720,-10.520,3.540,740
41620.00,1.2450,1.1280,9.9800,-3.440,-11.530,4.480,740
41630.00,1.2230,1.1670,10.2080,-1.890,-11.500,5.270,741
41640.00,1.2410,1.1620,10.2690,-0.210,-11.360,5.810,741
41650.00,1.1940,1.1710,10.2280,1.570,-10.820,6.080,741
41660.00,1.1960,1.1170,10.1210,2.440,-8.960,5.920,741
41670.00,1.2630,1.0490,10.1550,1.530,-6.860,5.550,741
41680.00,1.4790,1.0620,9.6810,-0.770,-5.780,6.370,742
41690.00,1.3990,0.9770,9.4090,0.190,-3.120,9.020,742
41700.00,1.3240,1.0670,9.5530,-8.190,3.330,12.780,742
41710.00,1.3040,1.0670,9.7130,-11.810,4.050,13.970,742
41720.00,1.2630,1.0700,9.8660,-11.420,4.450,14.440,742
41730.00,1.1850,1.0810,9.9090,-8.730,5.360,13.810,743
41740.00,1.3120,1.1410,9.9120,-5.320,6.170,13.340,743
41750.00,1.4820,1.2310,9.7410,-3.480,6.920,14.600,743
41760.00,1.6180,1.2270,9.5540,-4.160,7.040,16.910,743
41770.00,2.0170,1.3420,9.4970,-6.440,7.570,21.390,743
41780.00,2.1630,1.2400,9.4380,-10.040,8.210,28.000,744
41790.00,2.0170,1.1610,9.2510,-9.110,8.410,34.950,744
41800.00,1.7940,1.0260,9.2200,-7.150,9.700,40.360,744
41810.00,1.8750,1.0910,9.6230,-1.100,12.570,42.490,744
41820.00,1.7440,1.0890,10.0780,3.980,13.900,40.080,744
41830.00,1.2990,1.0690,10.7460,5.540,14.180,37.380,745
41840.00,2.1240,1.3040,10.9230,5.910,9.120,35.130,745
41850.00,0.9170,1.5130,10.4430,8.170,9.000,33.310,745
41860.00,1.9270,1.2550,11.2780,5.050,12.900,35.550,745
41870.00,1.8180,1.8500,10.4530,9.830,8.700,32.380,745
41880.00,1.4650,1.5310,10.3150,7.050,19.330,30.630,746
41890.00,1.4060,1.4540,10.2500,5.100,24.510,29.420,746
41900.00,0.9520,1.2280,9.3210,1.170,21.970,23.840,746
41910.00,0.5730,1.0680,9.4710,3.930,20.040,19.520,746
41920.00,0.7210,1.3430,9.1050,5.240,18.080,12.900,746
41930.00,0.4580,1.3710,9.4890,9.480,19.640,9.440,747
41940.00,0.7070,1.3490,9.8360,11.700,17.540,8.160,747
41950.00,0.3580,1.4540,10.0330,14.890,14.670,5.760,747
41960.00,0.3380,1.4540,10.3140,18.890,12.830,4.030,747
41970.00,0.2360,1.5190,10.3140,20.910,9.020,3.310,747
41980.00,0.2140,1.4270,10.3390,18.980,5.800,1.840,748
41990.00,0.1800,1.4700,10.2920,21.970,3.210,-1.070,748
42000.00,0.1730,1.5370,10.1030,23.600,0.830,-3.520,748
42010.00,0.0770,1.4700,9.9600,21.150,0.300,-4.970,748
42020.00,-0.0980,1.3610,9.9800,18.580,1.490,-6.500,748
42030.00,-0.2040,1.3470,10.1210,17.340,1.810,-8.000,749
42040.00,-0.2510,1.3740,10.3760,18.400,0.740,-9.090,749
42050.00,-0.2960,1.4220,10.3640,19.450,-0.960,-9.560,749
42060.00,-0.3140,1.3690,10.3560,16.430,-1.560,-10.400,749
42070.00,-0.1750,1.3740,10.2830,12.770,-1.400,-11.550,749
42080.00,0.0630,1.4930,10.0540,9.340,-0.530,-11.990,750
42090.00,0.4670,1.5210,10.0330,10.690,0.690,-10.500,750
42100.00,0.3980,1.7120,9.3770,12.890,-0.910,-6.320,750
42110.00,0.3310,1.7970,9.2730,10.690,-3.870,-5.250,750
42120.00,0.3010,1.8200,9.4520,4.860,-2.870,-4.060,750
42130.00,0.3920,1.8300,9.6500,1.130,-1.700,-3.310,751
42140.00,0.5100,1.8070,9.7800,1.600,-0.370,-3.080,751
42150.00,0.7050,1.9150,9.8350,3.140,1.090,-2.820,751
42160.00,0.8200,1.8780,9.9240,2.150,1.980,-2.120,751
42170.00,0.8970,1.8650,9.9200,1.270,1.440,-1.600,751
42180.00,0.9340,1.8710,9.9060,0.100,1.110,-0.670,752
42190.00,0.8420,1.7820,9.9250,-1.190,0.920,0.090,752
42200.00,0.9080,1.9040,9.9610,-0.430,1.210,0.550,752
42210.00,0.8140,1.8380,10.0160,-1.430,2.890,1.510,752
42220.00,0.7880,1.9190,10.0710,0.240,5.130,2.070,752
42230.00,0.7650,2.0000,10.0610,2.110,8.020,2.100,753
42240.00,0.7480,2.0530,10.0770,1.730,10.090,1.750,753
42250.00,0.8010,2.0980,10.0210,0.400,11.840,1.330,753
42260.00,0.8240,2.1650,9.9860,-1.410,13.830,1.040,753
42270.00,0.8010,2.0330,9.9000,-5.680,15.060,0.700,753
42281.00,0.8360,2.0050,9.8320,-8.010,15.600,0.200,754
42291.00,0.8010,1.9640,9.8050,-9.380,15.760,0.070,754
42301.00,0.7720,1.8860,9.7850,-10.060,15.510,0.000,754
42311.00,0.6790,1.8080,9.8090,-8.870,14.110,0.390,754
42321.00,0.7260,1.8320,9.7780,-5.190,12.060,0.320,754
42331.00,0.7410,1.9270,9.7280,-3.340,11.560,0.740,755
42341.00,0.6830,1.8620,9.6980,-5.950,11.590,1.540,755
42351.00,0.7420,1.8380,9.8180,-9.180,11.150,2.210,755
42361.00,0.6470,1.7430,9.9070,-10.830,8.490,2.650,755
42371.00,0.6650,1.7790,9.8460,-9.730,5.920,2.350,755
42381.00,0.7160,1.7440,9.9230,-9.250,5.540,2.160,756
42391.00,0.6970,1.7380,9.9880,-6.210,4.050,2.030,756
42401.00,0.6040,1.7520,9.7890,-0.870,-0.330,1.840,756
42411.00,0.6530,1.8380,9.6430,2.410,-4.760,1.580,756
42421.00,0.7810,1.9070,9.5900,3.060,-7.210,1.750,756
42431.00,0.7530,1.9050,9.6140,0.820,-8.800,2.030,757
42441.00,0.7870,1.9520,9.8270,-0.420,-8.450,2.400,757
42451.00,0.7270,1.9680,9.8570,-1.780,-8.190,3.030,757
42461.00,0.7570,1.9990,9.9250,-2.990,-7.580,3.030,757
42471.00,0.7580,1.9760,9.9260,-3.480,-7.230,2.610,757
42481.00,0.7330,1.9920,9.9070,-4.200,-7.750,2.090,758
42491.00,0.7270,1.9950,9.8750,-5.050,-9.120,1.720,758
42501.00,0.7350,1.9480,9.8960,-4.140,-9.310,2.230,758
42511.00,0.6530,1.9580,10.0530,-8.820,-5.930,2.380,758
42521.00,0.0070,1.7450,9.6340,-11.270,-4.180,0.910,758
42531.00,0.4770,1.7240,10.1570,-16.590,-1.030,-1.280,759
42541.00,0.4970,1.8400,10.0110,-9.710,1.510,-3.240,759
42551.00,0.5350,1.8070,10.0070,-7.430,4.750,-4.010,759
42561.00,0.5700,1.8360,9.9300,-4.560,6.240,-4.080,759
42571.00,0.6950,1.8540,9.8620,-2.600,5.570,-2.770,759
42581.00,0.6980,1.8620,9.8410,-1.130,4.990,-1.040,760
42591.00,0.7270,1.9010,9.8810,-0.710,5.220,0.110,760
42601.00,0.6480,1.8690,9.9600,-1.130,6.030,1.050,760
42611.00,0.6850,1.8370,9.9540,-0.360,6.360,1.040,760
42621.00,0.6360,1.9030,9.9930,1.320,6.360,0.950,760
42631.00,0.6910,1.8280,10.0100,1.830,5.660,0.440,761
42641.00,0.7270,1.8380,9.8330,3.020,4.890,-0.160,761
42651.00,0.7350,1.8890,9.7990,3.620,4.290,-0.650,761
42661.00,0.7530,1.8730,9.7790,2.080,3.890,-0.270,761
42671.00,0.7650,1.8480,9.8020,0.870,4.400,0.180,761
42681.00,0.7050,1.8470,9.8200,2.130,4.980,0.180,762
42691.00,0.6580,1.8680,9.9610,3.070,5.550,-0.040,762
42701.00,0.7010,1.9920,9.7980,3.900,5.760,-0.250,762
42711.00,0.7620,2.0380,9.6710,1.480,6.220,0.180,762
42721.00,0.7250,1.9900,9.7610,-0.990,6.920,0.530,762
42731.00,0.7010,1.9860,9.8050,-1.260,7.290,0.510,763
42741.00,0.6850,1.9860,9.8050,-1.550,6.340,0.390,763
42751.00,0.7330,2.0390,9.7380,-2.570,5.730,0.720,763
42761.00,0.6870,2.0360,9.7480,-4.210,5.690,1.460,763
42771.00,0.6140,1.8830,9.8360,-5.160,4.590,1.540,763
42781.00,0.6600,1.8960,9.6630,-2.670,3.120,1.440,764
42791.00,0.6920,1.9250,9.7830,-3.010,2.880,1.540,764
42801.00,0.7340,1.9990,9.5800,-3.340,2.790,1.510,764
42811.00,0.7020,2.0130,9.8500,-7.310,2.910,1.980,764
42821.00,0.7380,1.9630,9.7250,-8.940,2.510,1.960,764
42831.00,0.5670,1.8930,9.8020,-10.990,2.630,1.930,765
42841.00,0.7530,2.0120,9.9320,-12.530,2.280,1.540,765
42851.00,0.6750,1.9310,9.8760,-12.400,1.300,1.600,765
42861.00,0.5830,1.9230,9.6410,-13.840,1.110,1.350,765
42871.00,0.5750,1.8180,9.6210,-18.370,2.190,0.980,765
42881.00,0.6460,1.7990,9.7290,-22.850,2.720,0.630,766
42891.00,0.6160,1.6890,9.6320,-23.530,2.560,1.020,766
42901.00,0.7050,1.6650,9.7590,-24.110,2.600,1.140,766
42911.00,0.7090,1.6570,9.7550,-20.580,3.350,1.460,766
42921.00,0.6000,1.5370,9.6900,-20.650,5.380,1.440,766
42931.00,0.6120,1.4950,9.6890,-20.870,6.880,0.970,767
42941.00,0.7700,1.4340,9.6780,-22.710,7.150,-0.200,767
42951.00,1.0750,1.5860,9.7970,-26.650,6.670,-2.470,767
42961.00,0.6810,1.4820,9.7340,-26.400,5.920,-3.100,767
42971.00,0.7540,1.2040,9.8100,-26.650,3.470,-1.860,767
42981.00,0.9240,1.3500,9.5030,-28.120,-0.180,-2.100,768
42991.00,0.8940,1.2210,9.6740,-33.000,-1.020,-0.420,768
43001.00,0.6370,0.8990,9.5250,-35.400,-4.380,0.180,768
43011.00,0.5930,0.7660,9.3540,-33.880,-5.880,-1.040,768
43021.00,0.5340,0.6590,9.1900,-28.430,-4.340,-2.140,768
43031.00,0.5240,0.7620,8.8910,-20.240,-2.050,-3.140,769
43041.00,0.5760,0.8090,8.7520,-13.030,1.040,-1.930,769
43051.00,0.7150,0.9640,8.9220,-9.100,3.590,-0.950,769
43061.00,0.6520,0.9720,8.8280,-8.030,4.490,-0.210,769
43071.00,0.5810,0.9550,8.7130,-7.770,5.680,0.300,769
43081.00,0.5970,0.9510,8.6290,-6.700,6.460,0.350,770
43091.00,0.6460,0.9850,8.5380,-4.760,6.130,-0.230,770
43101.00,0.6480,0.9610,8.3660,-4.060,7.110,-0.510,770
43111.00,0.6180,0.9510,8.0760,-6.030,9.300,-0.620,770
43121.00,0.6560,0.8900,8.0380,-8.830,11.640,-0.350,770
43131.00,0.6170,0.9540,8.0730,-8.590,16.070,-0.510,771
43141.00,0.5930,0.9420,8.1460,-7.220,21.440,-0.390,771
43151.00,0.4860,0.9760,8.1950,-3.740,26.410,-0.200,771
43161.00,0.4370,1.0160,8.2360,-0.310,29.460,-0.070,771
43171.00,0.4240,1.0920,8.2130,1.310,29.880,0.000,771
43181.00,0.3420,1.0200,8.1100,-1.540,28.020,0.740,772
43191.00,0.2670,0.8750,7.8550,-4.740,24.280,0.970,772
43201.00,0.3540,0.7860,7.6580,-7.380,19.620,0.040,772
43211.00,0.3260,0.8310,7.4830,-6.870,15.460,-0.720,772
43221.00,0.3920,0.8170,7.5330,-6.800,13.830,-1.160,772
43231.00,0.3740,0.8130,7.5660,-4.480,14.860,-1.770,773
43241.00,0.2420,0.9430,7.5750,-1.760,20.220,-1.560,773
43251.00,0.0380,0.9760,7.9740,-0.010,27.550,-0.230,773
43261.00,-0.1200,1.1150,8.2800,2.080,32.010,1.960,773
43271.00,-0.3240,1.2390,8.3970,2.080,33.660,3.220,773
43281.00,-0.4460,1.2270,8.3110,-3.110,32.610,2.870,774
43291.00,-0.4110,1.0280,8.2710,-10.670,27.390,0.020,774
43302.00,-0.3230,0.9570,8.2340,-13.170,22.070,-4.220,774
43312.00,-0.4570,0.9580,8.9180,-12.300,21.710,-8.770,774
43322.00,-0.7640,0.8120,8.6690,-0.770,29.070,-8.980,774
43332.00,-0.7780,0.6910,8.6780,4.680,30.560,-9.030,775
43342.00,-0.5760,0.8000,8.7130,4.600,25.330,-9.170,775
43352.00,-0.3860,0.7750,8.8650,2.720,18.800,-8.790,775
43362.00,-0.2410,0.9580,8.9940,6.190,14.090,-8.210,775
43372.00,-0.2890,0.8750,9.1640,9.720,12.340,-6.440,775
43382.00,-0.5140,1.1790,9.2840,14.710,11.360,-4.400,776
43392.00,-0.6340,1.4080,9.4320,16.370,9.210,-2.930,776
43402.00,-0.5860,1.7450,9.7930,18.180,8.160,-2.790,776
43412.00,-0.7740,1.8870,9.9800,19.930,12.030,-1.670,776
43422.00,-0.9200,1.7770,10.3310,22.170,18.170,0.130,776
43432.00,-1.0490,1.8300,10.4530,24.230,22.950,1.280,777
43442.00,-1.0810,1.8710,10.4480,25.090,24.070,1.950,777
43452.00,-1.0250,1.9420,10.5280,27.560,21.790,0.720,777
43462.00,-0.8140,2.3330,10.6540,30.880,18.070,-0.970,777
43472.00,-0.7040,2.4050,10.9440,33.350,14.510,-1.670,777
43482.00,-0.5750,2.7510,11.1930,39.260,10.870,-0.740,778
43492.00,-0.5790,2.9380,11.2170,43.040,10.590,1.840,778
43502.00,-0.6960,3.2330,11.0500,43.270,13.900,3.730,778
43512.00,-0.7200,3.3470,10.7790,38.970,16.770,4.130,778
43522.00,-0.6580,3.3890,10.8310,31.670,17.580,1.110,778
43532.00,-0.7070,3.2970,11.1300,29.550,19.730,0.530,779
43542.00,-0.6500,3.4270,11.4890,31.790,21.690,2.000,779
43552.00,-0.6440,3.5300,11.8820,35.060,24.400,4.570,779
43562.00,-0.7210,3.6080,12.2410,37.850,27.030,7.670,779
43572.00,-0.7810,3.7140,12.3500,39.050,28.150,10.240,779
43582.00,-0.8560,3.6000,12.4980,39.420,27.170,10.800,780
43592.00,-0.8530,3.8570,12.2660,40.120,23.070,8.790,780
43602.00,-0.8060,3.7200,12.3840,35.820,20.550,6.810,780
43612.00,-0.6590,3.8910,12.4350,31.140,17.450,3.680,780
43622.00,-0.5950,3.8060,12.1600,25.230,15.160,2.000,780
43632.00,-0.6440,3.6140,12.0430,20.990,15.230,2.190,781
43642.00,-0.6710,3.4540,11.9940,18.210,16.580,4.200,781
43652.00,-0.7270,3.4300,11.8890,17.000,18.150,6.370,781
43662.00,-0.9550,3.3320,11.7720,15.410,20.170,8.890,781
43672.00,-1.1460,3.1130,11.6180,14.080,23.680,11.190,781
43682.00,-1.3600,2.9250,11.4620,13.290,27.220,12.710,782
43692.00,-1.4670,2.6910,11.3180,14.870,30.280,12.950,782
43702.00,-1.4180,2.7500,11.3010,14.500,31.750,12.310,782
43712.00,-1.3430,2.8710,11.1450,13.150,30.210,11.380,782
43722.00,-1.3380,2.9530,11.1060,11.050,25.000,12.730,782
43732.00,-1.4210,2.9550,10.9570,9.460,25.560,13.880,783
43742.00,-1.4590,2.8400,10.9560,8.250,24.730,13.900,783
43752.00,-1.5960,2.8610,10.8390,7.540,24.790,13.620,783
43762.00,-1.7470,2.7420,10.6940,6.080,24.400,13.360,783
43772.00,-1.8000,2.7010,10.7250,6.280,22.950,12.250,783
43782.00,-1.8620,2.6900,10.6310,7.870,17.540,10.150,784
43792.00,-1.8690,2.8040,10.4780,10.140,11.570,7.510,784
43802.00,-1.8250,3.0110,10.3410,11.320,5.710,4.990,784
43812.00,-1.7620,3.0610,10.2500,11.190,1.300,2.890,784
43822.00,-1.6510,3.1860,10.1590,10.980,-2.100,1.420,784
43832.00,-1.5820,3.2250,10.0850,9.760,-4.620,1.120,785
43842.00,-1.5170,3.3240,10.0310,9.860,-7.460,1.110,785
43852.00,-1.4770,3.5290,9.9000,9.900,-9.660,1.610,785
43862.00,-1.4440,3.6270,9.9180,8.180,-9.840,2.840,785
43872.00,-1.4460,3.7140,9.8520,6.280,-9.500,3.630,785
43882.00,-1.4260,3.8020,9.8270,4.070,-8.310,4.500,786
43892.00,-1.4910,3.7740,9.7350,1.240,-6.790,4.970,786
43902.00,-1.5050,3.8040,9.6940,-1.120,-5.320,4.640,786
43912.00,-1.5050,3.8060,9.6650,-3.080,-4.600,3.920,786
43922.00,-1.4090,3.7350,9.6640,-5.320,-2.010,2.230,786
43932.00,-1.3230,3.7300,9.6280,-5.610,-1.470,2.020,787
43942.00,-1.2820,3.7430,9.8060,-4.810,-0.790,2.350,787
43952.00,-1.2520,3.7130,9.8630,-3.010,-2.080,3.280,787
43962.00,-1.2500,3.8090,9.8140,-1.500,-3.550,4.200,787
43972.00,-1.3170,3.7100,9.7110,-0.870,-3.960,5.410,787
43982.00,-1.3510,3.6470,9.7910,-0.360,-4.010,5.800,788
43992.00,-1.3860,3.6880,9.6860,0.240,-4.730,6.040,788
44002.00,-1.4300,3.5530,9.5660,-0.500,-3.710,5.900,788
44012.00,-1.3110,3.5520,9.6160,-0.290,-3.050,4.680,788
44022.00,-1.2460,3.5760,9.6070,0.780,-4.030,3.010,788
44032.00,-1.0600,3.6320,9.7290,1.060,-5.340,2.100,789
44042.00,-1.0490,3.6740,9.8950,1.250,-5.900,2.120,789
44052.00,-1.0480,3.7650,9.8570,1.220,-6.620,2.510,789
44062.00,-1.1460,3.7990,9.7310,0.620,-6.390,2.750,789
44072.00,-1.1370,3.8160,9.7470,-0.070,-4.970,2.930,789
44082.00,-1.0920,3.9110,9.8630,-0.030,-3.450,3.570,790
44092.00,-1.0860,3.9610,9.9840,-1.900,-1.770,4.850,790
44102.00,-1.1600,3.8730,10.0310,-5.090,-0.070,5.920,790
44112.00,-1.2570,3.7600,10.0540,-7.260,1.340,6.500,790
44122.00,-1.3140,3.4920,9.9330,-10.710,1.970,5.240,790
44132.00,-1.2660,3.4150,9.9720,-11.460,0.970,4.430,791
44142.00,-1.2250,3.4260,10.0940,-11.620,-1.230,3.520,791
44152.00,-1.1650,3.4340,10.1280,-11.410,-4.690,2.750,791
44162.00,-1.1150,3.4670,10.0020,-10.580,-8.520,2.490,791
44172.00,-1.0450,3.5010,9.9020,-9.780,-11.200,2.400,791
44182.00,-0.9510,3.5520,9.8280,-9.010,-12.830,2.240,792
44192.00,-0.9050,3.5640,9.7000,-9.250,-13.280,2.300,792
44202.00,-0.8360,3.5610,9.6270,-9.240,-12.830,2.420,792
44212.00,-0.7830,3.5230,9.6780,-9.970,-12.360,2.910,792
44222.00,-0.7320,3.5580,9.6920,-10.250,-12.410,3.150,792
44232.00,-0.7140,3.5590,9.6590,-11.130,-12.270,3.710,793
44242.00,-0.7450,3.4560,9.6830,-11.560,-11.060,4.270,793
44252.00,-0.6840,3.4080,9.7000,-11.020,-10.710,3.910,793
44262.00,-0.6770,3.4810,9.7190,-11.140,-11.970,3.590,793
44272.00,-0.6900,3.4920,9.5240,-12.980,-13.440,4.220,793
44282.00,-0.5760,3.4820,9.5120,-14.350,-12.900,4.920,794
44292.00,-0.3330,3.5220,9.5960,-14.350,-12.530,5.110,794
44302.00,-0.4700,3.3330,9.8780,-12.610,-9.210,3.520,794
44312.00,-0.8530,3.3000,9.6770,-11.060,-5.930,3.910,794
44322.00,-0.5210,3.4880,9.9640,-7.920,-10.050,5.940,794
44333.00,-0.5710,3.6560,10.0120,-11.280,-8.860,6.550,795
44343.00,-0.6740,3.5400,9.9370,-17.110,-5.710,7.700,795
44353.00,-0.6370,3.5110,10.0220,-20.660,-3.310,8.300,795
44363.00,-0.6240,3.4760,10.1670,-22.380,-2.540,8.020,795
44373.00,-0.6200,3.4330,10.2250,-24.500,-2.840,6.920,795
44383.00,-0.6990,3.3610,10.0410,-26.580,-3.400,5.640,796
44393.00,-0.6970,3.2360,9.9550,-28.190,-4.110,4.400,796
44403.00,-0.7050,3.1540,10.0520,-29.010,-5.200,3.330,796
44413.00,-0.7090,3.1260,10.0100,-28.190,-5.360,2.910,796
44423.00,-0.6590,3.1460,10.0670,-26.600,-4.240,3.070,796
44433.00,-0.7030,3.1800,10.1820,-25.230,-2.800,4.050,797
44443.00,-0.7640,3.1570,10.2910,-24.150,-1.540,4.900,797
44453.00,-0.7990,3.1410,10.5090,-23.360,-1.170,5.450,797
44463.00,-0.7740,3.1190,10.5300,-24.090,-2.010,5.310,797
44473.00,-0.8010,3.0530,10.4720,-24.930,-3.130,4.480,797
44483.00,-0.7590,2.9640,10.5720,-26.210,-5.180,2.870,798
44493.00,-0.7250,2.9530,10.5770,-27.240,-7.210,1.680,798
44503.00,-0.6690,2.9080,10.4780,-27.890,-7.330,1.390,798
44513.00,-0.7520,2.7360,10.3820,-28.070,-6.230,1.440,798
44523.00,-0.6690,2.6840,10.4080,-25.740,-5.300,0.340,798
44533.00,-0.6180,2.7500,10.2920,-24.340,-7.630,-0.060,799
44543.00,-0.6420,2.7300,10.2690,-25.810,-9.100,-0.180,799
44553.00,-0.6140,2.7180,10.0970,-25.760,-10.220,-0.280,799
44563.00,-0.5190,2.7620,10.1490,-25.090,-10.710,-0.620,799
44573.00,-0.3670,2.7600,10.4290,-25.620,-10.850,-0.880,799
44583.00,-0.3600,2.8770,10.4810,-25.480,-9.430,-0.980,800
44593.00,-0.4980,2.7820,10.4180,-27.560,-6.720,-0.340,800
44603.00,-0.6000,2.6890,10.2810,-29.200,-4.660,-0.300,800
44613.00,-0.5740,2.6560,10.4000,-29.450,-5.180,-1.140,800
44623.00,-0.5470,2.6300,10.4510,-29.340,-7.370,-2.380,800
44633.00,-0.5130,2.5610,10.1870,-30.520,-8.720,-3.380,801
44643.00,-0.5410,2.3350,9.9300,-32.160,-8.000,-3.070,801
44653.00,-0.5910,2.2070,9.9020,-29.080,-4.990,-2.560,801
44663.00,-0.5970,2.2390,9.9760,-24.860,-3.310,-2.370,801
44673.00,-0.6410,2.1050,9.9260,-22.590,-3.780,-2.650,801
44683.00,-0.5930,2.0490,9.7050,-21.770,-5.720,-3.990,802
44693.00,-0.5460,1.8670,9.6530,-22.410,-7.510,-6.390,802
44703.00,-0.5680,1.8060,9.4950,-19.070,-10.100,-9.930,802
44713.00,-0.4670,1.8000,9.4510,-15.410,-13.530,-13.300,802
44723.00,-0.3150,2.1470,9.4250,-12.320,-17.030,-13.850,802
44733.00,-0.2530,2.1640,9.5220,-8.970,-20.000,-6.860,803
44743.00,-0.2150,2.0170,9.5400,-7.660,-18.710,-3.010,803
44753.00,-0.2650,1.8920,9.5120,-4.320,-16.350,-1.980,803
44763.00,-0.2700,1.6850,9.5830,0.100,-16.450,-4.030,803
44773.00,-0.1980,1.7350,9.5970,4.980,-20.370,-7.580,803
44783.00,-0.0350,1.9270,9.4660,7.290,-25.450,-10.210,804
44793.00,0.0370,2.0970,9.8720,7.730,-29.840,-11.500,804
44803.00,-0.0520,2.2120,9.9300,6.280,-36.100,-12.250,804
44813.00,0.0260,2.1520,9.5350,0.150,-39.220,-13.340,804
44823.00,0.1740,2.0620,9.3910,-8.610,-33.500,-14.770,804
44833.00,0.3790,2.0430,9.6270,-17.150,-23.570,-14.830,805
44843.00,0.4360,1.8590,9.7020,-20.210,-17.520,-13.500,805
44853.00,0.5870,1.9520,9.7830,-19.750,-17.710,-11.900,805
44863.00,0.6780,1.7700,9.9800,-19.040,-22.090,-10.140,805
44873.00,0.7900,1.7570,9.7850,-19.750,-27.740,-8.880,805
44883.00,0.8940,1.4650,9.5360,-19.440,-32.850,-7.720,806
44893.00,0.9950,1.4630,9.4570,-15.340,-35.300,-7.040,806
44903.00,0.9390,1.2470,9.2780,-14.840,-37.100,-5.780,806
44913.00,1.0250,1.1550,9.0870,-18.620,-36.660,-4.760,806
44923.00,0.8970,-0.3460,-8.8120,2.060,-44.780,-7.270,806
44933.00,0.1020,-2.1430,-5.8690,95.440,195.390,-85.890,807
44943.00,0.9580,1.8920,5.5890,50.450,135.350,-54.380,807
44953.00,1.0950,1.7940,4.9540,-7.780,29.090,-2.930,807
44963.00,1.5630,2.3380,8.9940,-55.160,12.480,4.060,807
44973.00,1.0160,2.8220,12.5130,-63.570,6.310,2.120,807
44983.00,1.1330,2.7510,13.5630,-24.060,-2.960,4.260,808
44993.00,0.0050,2.0750,12.1370,9.530,-3.850,6.640,808
45003.00,-0.2730,1.7070,10.8140,31.110,-1.310,3.170,808
45013.00,-0.3400,1.3810,9.4810,34.560,8.690,-1.190,808
45023.00,-0.0980,1.3310,8.3550,29.270,18.380,-3.630,808
45033.00,0.3140,1.7030,8.7000,20.330,18.280,-1.880,809
45043.00,0.4740,2.1020,9.3700,6.710,12.970,0.840,809
45053.00,0.4900,2.2690,9.8100,-6.540,5.570,2.750,809
45063.00,0.3900,2.4920,10.1500,-10.300,-0.650,4.190,809
45073.00,0.1800,2.4750,10.1810,-7.700,-5.060,5.170,809
45083.00,0.1050,2.3730,9.9980,-3.570,-6.460,4.890,810
45093.00,0.1420,2.2480,9.9000,-2.870,-5.220,3.870,810
45103.00,0.1950,2.1340,9.8500,-1.590,-3.920,3.330,810
45113.00,0.3730,2.1060,9.5660,-0.150,-3.870,2.680,810
45123.00,0.4970,2.1300,9.6270,-3.410,-2.980,2.190,810
45133.00,0.4050,2.2080,9.7450,-13.790,-2.430,2.590,811
45143.00,0.2950,2.1410,9.8930,-19.390,-0.610,2.260,811
45153.00,0.2990,2.1370,9.9450,-19.370,0.480,1.880,811
45163.00,0.2650,2.1170,9.9640,-17.930,0.810,1.580,811
45173.00,0.2700,2.1060,10.0580,-14.170,0.920,1.070,811
45183.00,0.2560,2.0490,9.9250,-9.270,0.200,0.650,812
45193.00,0.2780,2.0880,9.8120,-5.840,0.060,0.460,812
45203.00,0.2180,2.0760,9.8020,-8.690,0.110,0.700,812
45213.00,0.1710,2.0090,9.8930,-11.040,0.510,0.720,812
45223.00,0.1910,1.9980,9.9000,-9.110,1.090,0.390,812
45233.00,0.1970,1.9510,9.8650,-7.700,1.630,0.090,813
45243.00,0.2500,1.9440,9.7860,-6.030,1.700,0.020,813
45253.00,0.2350,1.9520,9.7570,-5.860,1.550,0.560,813
45263.00,0.2280,1.9640,9.7390,-6.370,0.530,1.090,813
45273.00,0.2300,2.0060,9.7970,-5.890,-0.300,1.440,813
45283.00,0.2790,2.0030,9.8480,-4.930,-1.770,1.650,814
45293.00,0.2970,2.0500,9.8380,-4.740,-3.470,1.910,814
45303.00,0.2810,2.0660,9.9390,-7.170,-5.430,2.420,814
45313.00,0.2780,1.9950,9.9750,-8.750,-6.760,2.700,814
45323.00,0.2730,1.9360,9.8750,-7.820,-6.860,2.560,814
45333.00,0.4780,1.9630,9.9560,-7.660,-6.410,2.070,815
45343.00,0.4450,1.9950,9.9720,-8.100,-6.230,2.190,815
45354.00,0.4280,2.0070,9.8590,-8.330,-5.880,2.210,815
45364.00,0.4100,2.0090,9.8570,-9.100,-4.880,2.030,815
45374.00,0.3990,1.9900,9.8390,-11.110,-4.660,1.980,815
45384.00,0.3880,1.9830,9.8810,-12.420,-4.290,1.960,816
45394.00,0.4190,1.9310,9.9940,-13.020,-3.240,1.820,816
45404.00,0.4590,1.9580,10.0360,-13.140,-2.800,1.610,816
45414.00,0.4430,1.9040,9.9490,-14.310,-2.070,1.490,816
45424.00,0.4400,1.8340,9.8500,-14.800,-0.680,1.190,816
45434.00,0.4680,1.7820,9.8180,-15.010,0.460,1.250,817
45444.00,0.5300,1.7240,9.7830,-13.520,1.140,1.070,817
45454.00,0.6000,1.7500,9.7710,-11.440,0.810,0.970,817
45464.00,0.6290,1.7740,9.7350,-10.320,-0.950,1.470,817
45474.00,0.6530,1.8280,9.8030,-8.870,-2.780,2.260,817
45484.00,0.5610,1.9010,9.8660,-8.340,-3.290,2.490,818
45494.00,0.5340,1.8560,10.0820,-8.290,-2.990,2.030,818
45504.00,0.4340,1.8640,10.0540,-5.510,-1.280,1.680,818
45514.00,0.3670,1.7430,10.1700,-6.170,1.210,1.090,818
45524.00,0.3980,1.6890,10.0700,-3.830,3.380,0.300,818
45534.00,0.5580,1.6480,9.6990,-2.460,5.710,0.040,819
45544.00,0.6060,1.6880,9.6210,-3.020,4.540,0.580,819
45554.00,0.6260,1.7740,9.7230,-4.250,2.350,1.120,819
45564.00,0.5740,1.7930,9.7920,-5.470,0.040,1.510,819
45574.00,0.5350,1.8340,9.8530,-6.540,-1.680,1.630,819
45584.00,0.5140,1.7920,9.9000,-7.310,-2.590,1.810,820
45594.00,0.5350,1.8180,9.9300,-8.710,-3.820,2.280,820
45604.00,0.4850,1.7200,9.8270,-12.090,-3.820,2.350,820
45614.00,0.4400,1.7000,9.9400,-14.560,-2.170,1.890,820
45624.00,0.4280,1.6760,10.0830,-14.820,-1.240,1.420,820
45634.00,0.4490,1.6530,10.0800,-11.620,-0.530,1.090,821
45644.00,0.4670,1.6580,10.0040,-9.030,0.270,0.670,821
45654.00,0.5590,1.6720,9.8600,-7.000,0.150,0.580,821
45664.00,0.6110,1.6840,9.8040,-6.910,-0.090,0.840,821
45674.00,0.6120,1.6800,9.8440,-7.140,-0.460,0.900,821
45684.00,0.6120,1.6670,9.8970,-6.890,-1.090,0.930,822
45694.00,0.5760,1.6490,9.9250,-6.800,-1.350,1.090,822
45704.00,0.5970,1.6520,10.0100,-6.050,-1.030,1.070,822
45714.00,0.5820,1.6570,10.0050,-6.000,-0.560,1.250,822
45724.00,0.5500,1.6250,9.9460,-7.030,0.340,1.050,822
45734.00,0.6250,1.5960,9.8280,-8.410,0.850,1.140,823
45744.00,0.6190,1.6010,9.8600,-11.720,-1.000,1.600,823
45754.00,0.5820,1.6100,9.9260,-11.900,-2.000,1.880,823
45764.00,0.5760,1.5920,9.9730,-10.440,-3.430,2.000,823
45774.00,0.6120,1.6400,10.0030,-7.240,-4.760,2.100,823
45784.00,0.6080,1.6150,9.9760,-5.560,-5.220,2.240,824
45794.00,0.6890,1.6390,9.9080,-4.560,-4.740,2.120,824
45804.00,0.7140,1.5870,9.9420,-5.210,-2.750,2.510,824
45814.00,0.7020,1.5340,9.9270,-6.190,-1.310,2.630,824
45824.00,0.7590,1.5010,9.9610,-7.420,-0.650,2.590,824
45834.00,0.8060,1.4990,9.8790,-7.890,-0.350,2.590,825
45844.00,0.8070,1.5360,9.9190,-8.430,-0.770,2.590,825
45854.00,0.7630,1.5150,9.8710,-8.830,-1.770,2.890,825
45864.00,0.7600,1.4560,9.8100,-8.080,-2.570,3.030,825
45874.00,0.8090,1.4910,9.8340,-6.230,-2.940,3.100,825
45884.00,0.8730,1.5420,9.9200,-4.510,-3.400,3.330,826
45894.00,0.8910,1.5080,9.8940,-2.600,-3.890,3.750,826
45904.00,0.9020,1.5130,9.8730,-0.680,-2.980,3.770,826
45914.00,0.8550,1.5190,9.8970,0.500,-1.420,3.800,826
45924.00,0.8260,1.5110,9.9190,1.130,0.090,3.850,826
45934.00,0.7080,1.6270,10.1700,1.430,1.930,3.890,827
45944.00,0.6410,1.5850,10.1000,-0.560,4.290,3.660,827
45954.00,0.6610,1.6120,10.0820,-0.680,4.630,3.360,827
45964.00,0.6740,1.6090,10.0410,-0.730,4.560,3.170,827
45974.00,0.7110,1.6650,10.0590,-0.980,4.710,3.010,827
45984.00,0.6850,1.6570,10.0670,-2.620,5.100,2.630,828
45994.00,0.6080,1.5780,10.0300,-3.670,5.150,2.380,828
46004.00,0.6250,1.5720,9.9390,-2.900,4.630,1.980,828
46014.00,0.6620,1.6070,9.9080,-2.410,4.330,1.610,828
46024.00,0.6720,1.5840,9.8570,-3.570,4.210,1.280,828
46034.00,0.7010,1.5940,9.8840,-4.230,4.290,1.070,829
46044.00,0.6750,1.5820,9.9120,-5.050,3.630,1.110,829
46054.00,0.7320,1.5980,9.8340,-4.630,2.700,1.390,829
46064.00,0.7270,1.5170,9.8320,-6.630,2.070,1.680,829
46074.00,0.7110,1.5580,9.9270,-6.720,1.760,1.790,829
46084.00,0.7050,1.5400,9.9550,-5.840,1.000,1.740,830
46094.00,0.7420,1.5540,9.9330,-4.770,0.500,1.630,830
46104.00,0.7780,1.5740,9.8770,-4.650,0.080,1.490,830
46114.00,0.8000,1.5660,9.8970,-5.470,-0.470,1.370,830
46124.00,0.8440,1.6160,9.9510,-4.560,-0.580,1.320,830
46134.00,0.7940,1.6010,9.9680,-4.270,-0.490,1.680,831
46144.00,0.7600,1.5240,9.9300,-2.830,0.860,1.750,831
46154.00,0.7710,1.4730,9.9190,-2.670,1.440,1.700,831
46164.00,0.8010,1.5140,9.7500,-2.830,1.250,1.820,831
46174.00,0.8180,1.5540,9.7710,-4.110,1.880,1.880,831
46184.00,0.8430,1.5370,9.7630,-5.440,2.120,2.030,832
46194.00,0.8650,1.5640,9.7340,-7.220,1.630,2.260,832
46204.00,0.8330,1.5200,9.8030,-9.690,0.740,2.720,832
46214.00,0.8090,1.4900,9.8810,-9.850,-0.330,3.170,832
46224.00,0.8030,1.5330,10.0490,-7.840,-1.030,3.310,832
46234.00,0.8080,1.5870,10.1410,-4.880,-1.000,3.120,833
46244.00,0.7960,1.5640,10.1820,-2.180,0.640,2.540,833
46254.00,0.7750,1.5660,10.1470,0.590,2.040,1.960,833
46264.00,0.7980,1.5490,9.9820,2.390,1.690,1.540,833
46274.00,0.8300,1.5820,9.8420,2.370,0.970,1.370,833
46284.00,0.8090,1.5360,9.6920,-0.330,0.230,1.530,834
46294.00,0.8430,1.5300,9.6860,-2.320,-0.740,1.930,834
46304.00,0.8660,1.5200,9.6760,-3.110,-2.260,2.400,834
46314.00,0.8840,1.5640,9.8100,-3.830,-3.200,2.800,834
46324.00,0.8590,1.5800,9.9440,-5.910,-2.710,3.140,834
46334.00,0.7810,1.5610,10.0790,-7.430,-2.140,3.150,835
46344.00,0.7320,1.5740,10.2070,-4.270,-0.680,2.050,835
46354.00,0.7780,1.5760,10.1320,-1.820,-0.090,1.600,835
46364.00,0.8020,1.6160,10.0950,0.120,1.110,1.120,835
46375.00,0.8050,1.5620,9.9450,0.400,1.900,0.810,835
46385.00,0.8630,1.5840,9.8010,-0.360,2.260,0.690,836
46395.00,0.8840,1.5620,9.8360,-2.220,2.910,0.900,836
46405.00,0.8850,1.5020,9.8530,-3.570,2.440,1.180,836
46415.00,0.9410,1.5550,9.9070,-2.800,1.950,1.230,836
46425.00,0.9650,1.6800,9.9380,-2.690,1.760,1.390,836
46435.00,0.8880,1.5450,9.9610,-5.000,1.910,1.750,837
46445.00,0.8620,1.6040,9.9310,-4.790,2.390,1.680,837
46455.00,0.8140,1.5440,9.9510,-4.970,3.090,1.510,837
46465.00,0.8130,1.5330,9.9790,-4.060,3.890,1.160,837
46475.00,0.8150,1.5790,10.0710,-2.920,4.840,0.810,837
46485.00,0.8560,1.5800,9.9900,-3.290,4.560,0.830,838
46495.00,0.8820,1.5020,9.9020,-3.600,4.310,1.000,838
46505.00,0.8880,1.5620,9.8720,-2.920,4.000,1.230,838
46515.00,0.8500,1.5170,9.7970,-3.290,2.820,1.560,838
46525.00,0.8530,1.5810,9.8110,-1.920,2.190,1.530,838
46535.00,0.8410,1.6350,9.8840,-1.050,1.460,1.420,839
46545.00,0.8290,1.6070,9.9210,-2.340,0.900,1.510,839
46555.00,0.8290,1.6110,9.9680,-3.740,1.210,1.370,839
46565.00,0.8430,1.5900,9.9990,-4.490,1.620,1.070,839
46575.00,0.8920,1.6210,10.0100,-5.230,2.210,0.740,839
46585.00,0.8800,1.5800,10.0190,-7.010,3.300,0.630,840
46595.00,0.8590,1.5420,9.9430,-7.140,3.960,0.300,840
46605.00,0.8740,1.5130,9.8830,-6.590,4.070,0.270,840
46615.00,0.8750,1.5360,9.8480,-5.350,3.450,0.350,840
46625.00,0.8820,1.5750,9.8560,-4.300,2.580,0.460,840
46635.00,0.8610,1.6000,9.9230,-3.500,1.980,0.600,841
46645.00,0.8510,1.6410,9.9750,-3.110,1.460,0.700,841
46655.00,0.8390,1.5580,9.9300,-3.460,1.200,0.770,841
46665.00,0.8790,1.6100,9.9550,-3.230,1.670,0.650,841
46675.00,0.8670,1.5570,9.9270,-3.900,1.830,0.630,841
46685.00,0.8780,1.5990,9.9240,-3.110,2.070,0.650,842
46695.00,0.9020,1.6480,9.9580,-2.410,2.300,0.480,842
46705.00,0.8550,1.6030,9.9090,-2.810,2.490,0.410,842
46715.00,0.8600,1.5070,9.8560,-3.320,2.670,0.250,842
46725.00,0.8850,1.5450,9.8850,-3.830,3.140,0.200,842
46735.00,0.8530,1.5070,9.9020,-5.330,3.380,0.510,843
46745.00,0.8610,1.5260,9.9420,-5.280,3.470,0.760,843
46755.00,0.8490,1.5360,9.8590,-4.770,3.490,1.040,843
46765.00,0.8420,1.4960,9.9120,-4.760,4.050,1.230,843
46775.00,0.8130,1.5250,9.9360,-3.850,4.630,1.110,843
46785.00,0.8110,1.4900,9.8830,-2.990,4.310,0.910,844
46795.00,0.8430,1.5860,9.9140,-2.410,4.030,0.970,844
46805.00,0.7990,1.5700,9.9860,-2.740,3.420,1.320,844
46815.00,0.8480,1.5990,9.8320,-1.750,2.530,1.260,844
46825.00,0.8840,1.6180,9.8530,-2.760,2.720,1.320,844
46835.00,0.8310,1.5990,10.0090,-4.230,3.170,1.490,845
46845.00,0.8260,1.5850,10.0400,-3.760,2.460,1.350,845
46855.00,0.8470,1.5440,9.8970,-3.020,1.980,1.070,845
46865.00,0.8480,1.5270,9.8750,-4.200,2.560,0.900,845
46875.00,0.8480,1.5880,9.9200,-5.090,3.350,0.880,845
46885.00,0.8230,1.5870,9.9870,-5.880,3.860,1.090,846
46895.00,0.8550,1.6050,9.9940,-5.540,4.260,1.070,846
46905.00,0.8570,1.6010,10.0040,-4.880,4.170,0.910,846
46915.00,0.8370,1.5300,9.8230,-4.830,3.280,1.140,846
46925.00,0.8570,1.5110,9.7260,-4.880,2.950,1.330,846
46935.00,0.8470,1.5250,9.7860,-5.300,3.160,1.390,847
46945.00,0.7980,1.5290,9.9990,-5.470,3.160,1.400,847
46955.00,0.8020,1.5860,10.0900,-2.870,3.310,1.210,847
46965.00,0.7890,1.5940,10.0790,-2.800,3.230,1.140,847
46975.00,0.7860,1.5610,10.0280,-3.200,3.380,1.070,847
46985.00,0.7440,1.5140,9.9320,-2.530,3.700,0.700,848
46995.00,0.8140,1.5670,9.8690,-2.040,3.750,0.410,848
47005.00,0.8190,1.5480,9.8630,-3.160,4.210,0.700,848
47015.00,0.8310,1.6100,9.8940,-3.810,3.980,1.040,848
47025.00,0.8310,1.5630,9.8780,-4.600,3.440,1.110,848
47035.00,0.8210,1.5880,9.9600,-4.650,3.280,1.120,849
47045.00,0.7930,1.5690,9.9550,-4.560,2.260,1.300,849
47055.00,0.8030,1.5620,9.9700,-4.250,2.110,1.120,849
47065.00,0.7540,1.5450,9.9540,-3.710,2.530,0.760,849
47075.00,0.7760,1.5540,9.9700,-3.290,2.680,0.550,849
47085.00,0.7580,1.5440,9.9450,-3.780,2.890,0.560,850
47095.00,0.7930,1.5730,9.9440,-3.920,3.020,0.480,850
47105.00,0.7860,1.5310,9.8890,-4.200,2.820,0.600,850
47115.00,0.7900,1.5260,9.8890,-4.090,2.910,0.650,850
47125.00,0.7930,1.5030,9.8720,-3.110,2.600,0.670,850
47135.00,0.8430,1.5740,9.8350,-3.580,2.040,0.880,851
47145.00,0.7940,1.4620,9.8360,-6.580,1.040,1.600,851
47155.00,0.7980,1.4710,9.9730,-6.350,0.430,2.230,851
47165.00,0.7470,1.4750,10.1190,-5.950,0.970,2.490,851
47175.00,0.7500,1.5370,10.1590,-3.600,0.850,2.720,851
47185.00,0.7760,1.5620,10.1590,-0.070,1.440,2.680,852
47195.00,0.7140,1.6160,10.0530,2.650,2.050,2.770,852
47205.00,0.7010,1.6220,9.9620,2.920,2.140,2.590,852
47215.00,0.7980,1.5750,9.8810,2.010,2.040,2.050,852
47225.00,0.9040,1.6000,9.8450,1.870,2.880,1.770,852
47235.00,0.9280,1.6180,9.8660,1.600,4.360,1.750,853
47245.00,0.8680,1.5870,9.9230,1.270,5.550,1.890,853
47255.00,0.9850,1.6450,9.8460,0.710,6.030,2.050,853
47265.00,0.9650,1.6300,9.8280,-2.010,6.380,2.170,853
47275.00,0.8910,1.6010,9.7720,-3.900,5.730,2.090,853
47285.00,0.8390,1.6150,9.7610,-4.000,4.350,2.020,854
47295.00,0.7580,1.6280,9.7550,-3.460,3.030,2.070,854
47305.00,0.7330,1.6300,9.8160,-3.930,1.980,1.980,854
47315.00,0.7380,1.6290,9.8730,-3.710,0.810,1.720,854
47325.00,0.7690,1.6240,9.8580,-4.060,-0.860,1.680,854
47335.00,0.7890,1.6120,9.8510,-4.560,-1.960,1.790,855
47345.00,0.7860,1.6120,9.9750,-5.600,-2.490,1.750,855
47355.00,0.7540,1.5690,9.9680,-6.420,-2.800,1.210,855
47365.00,0.8070,1.5550,9.9200,-5.530,-3.010,0.790,855
47375.00,0.8730,1.5670,9.8940,-4.530,-3.400,0.600,855
47385.00,0.9060,1.5920,9.8580,-4.350,-4.060,0.650,856
47395.00,0.9330,1.5860,9.8220,-4.670,-4.520,0.530,856
47406.00,0.9610,1.6270,9.8270,-5.840,-4.200,0.560,856
47416.00,0.9200,1.6190,9.8990,-7.490,-3.540,0.810,856
47426.00,0.9050,1.5750,9.9490,-8.480,-2.420,1.040,856
47436.00,0.8840,1.5370,9.9860,-8.470,-1.170,1.180,857
47446.00,0.9040,1.5080,10.0160,-7.490,-0.110,1.050,857
47456.00,0.9210,1.4940,10.0480,-5.910,1.250,1.210,857
47466.00,0.9230,1.4660,9.9700,-4.200,2.040,1.390,857
47476.00,0.9470,1.4650,9.8620,-3.300,2.350,1.460,857
47486.00,0.9510,1.4290,9.8380,-3.900,2.770,1.540,858
47496.00,0.9540,1.4580,9.8400,-4.420,2.610,1.910,858
47506.00,0.8810,1.4350,9.7980,-5.400,1.950,2.660,858
47516.00,0.8860,1.4720,9.8040,-5.980,2.190,3.120,858
47526.00,0.8440,1.4630,9.8760,-7.070,3.370,3.520,858
47536.00,0.8200,1.5030,9.9520,-6.860,5.050,3.850,859
47546.00,0.7980,1.4790,9.9570,-6.730,6.670,4.080,859
47556.00,0.7530,1.4410,9.8960,-5.540,10.790,4.060,859
47566.00,0.6930,1.4240,9.8200,-5.680,12.610,4.080,859
47576.00,0.7260,1.4810,9.8450,-5.280,13.620,4.260,859
47586.00,0.6960,1.5870,9.9310,-4.000,13.850,4.920,860
47596.00,0.6850,1.6860,10.0300,-4.420,13.240,5.530,860
47606.00,0.7360,1.6450,10.0480,-5.560,11.780,5.570,860
47616.00,0.7620,1.6310,10.0450,-7.150,9.820,5.100,860
47626.00,0.8050,1.5810,10.0760,-8.260,7.740,4.400,860
47636.00,0.7900,1.5920,10.0980,-7.920,5.380,3.660,861
47646.00,0.8240,1.5400,9.9910,-8.330,3.210,3.210,861
47656.00,0.7860,1.5690,9.9350,-7.490,2.470,2.300,861
47666.00,0.7930,1.5680,9.9230,-7.540,2.460,1.580,861
47676.00,0.7690,1.5460,9.8820,-8.920,2.400,1.400,861
47686.00,0.7320,1.4560,9.8060,-10.150,2.140,1.210,862
47696.00,0.7590,1.4260,9.7510,-9.850,1.830,1.000,862
47706.00,0.8070,1.4780,9.8240,-9.100,1.670,0.880,862
47716.00,0.7760,1.5330,9.9060,-10.020,1.440,1.000,862
47726.00,0.7100,1.4470,10.0040,-11.130,0.690,1.000,862
47736.00,0.7520,1.4630,10.0040,-9.250,-0.180,0.650,863
47746.00,0.7620,1.4630,10.0210,-8.170,-0.530,0.410,863
47756.00,0.8030,1.4220,9.9610,-7.450,-2.220,0.350,863
47766.00,0.8260,1.4260,9.9500,-7.050,-2.080,0.350,863
47776.00,0.8350,1.3980,9.9850,-7.360,-1.420,0.600,863
47786.00,0.8360,1.3390,10.0270,-7.840,-0.720,0.760,864
47796.00,0.8820,1.4360,10.0700,-9.620,-0.530,0.860,864
47806.00,0.8680,1.2510,10.0180,-11.320,-1.140,-0.880,864
47816.00,0.8050,1.2590,10.1070,-6.770,-0.160,-0.320,864
47826.00,0.8360,1.3930,10.0700,-4.250,0.360,0.110,864
47836.00,0.8850,1.3220,10.0790,-4.700,0.200,-0.270,865
47846.00,0.9260,1.4110,10.0770,-3.550,0.480,-0.560,865
47856.00,0.8810,1.4150,10.0850,-4.110,0.390,0.070,865
47866.00,0.8440,1.3670,10.0090,-4.440,0.850,0.740,865
47876.00,0.8470,1.3650,9.9520,-3.930,1.670,1.040,865
47886.00,0.8450,1.3430,9.9330,-3.930,3.240,1.040,866
47896.00,0.8590,1.3610,9.9700,-3.600,4.780,1.260,866
47906.00,0.8730,1.3970,10.0880,-3.160,6.170,1.600,866
47916.00,0.8380,1.4330,10.2380,-3.080,8.580,2.120,866
47926.00,0.8450,1.5240,10.5350,-1.340,11.990,2.560,866
47936.00,0.7960,1.6100,10.8040,2.900,15.350,2.890,867
47946.00,0.6990,1.5320,10.8610,6.520,18.010,2.930,867
47956.00,0.6900,1.4940,10.2810,9.600,21.510,-0.320,867
47966.00,0.7740,1.2780,9.9240,3.460,20.880,-1.120,867
47976.00,0.8820,1.2780,9.4630,0.610,19.120,-1.390,867
47986.00,0.8350,1.2570,9.1630,-3.510,17.520,-1.540,868
47996.00,0.7320,1.1720,9.0930,-7.990,14.950,-1.460,868
48006.00,0.7050,1.2040,9.3240,-8.820,12.970,-0.910,868
48016.00,0.6430,1.2500,9.5670,-6.440,10.190,0.040,868
48026.00,0.5830,1.3110,9.8140,-3.220,7.880,1.040,868
48036.00,0.5220,1.3610,10.1380,1.270,5.940,1.420,869
48046.00,0.4410,1.3920,10.3830,6.940,4.450,1.350,869
48056.00,0.3860,1.4110,10.4360,12.730,3.700,0.370,869
48066.00,0.4650,1.4840,10.3590,18.490,3.440,-0.650,869
48076.00,0.5220,1.6070,10.1410,21.190,2.470,-1.020,869
48086.00,0.5400,1.6300,10.0090,18.250,1.000,-1.050,870
48096.00,0.5250,1.5250,9.6610,14.190,-1.310,-0.830,870
48106.00,0.5730,1.5340,9.4700,11.260,-4.150,-0.700,870
48116.00,0.6460,1.6410,9.6760,7.920,-7.790,-0.630,870
48126.00,0.6410,1.6610,9.7260,4.000,-12.180,-0.340,870
48136.00,0.7280,1.6960,9.7950,2.760,-14.540,-0.410,871
48146.00,0.6740,1.7020,9.8830,4.890,-16.540,0.020,871
48156.00,0.7070,1.6900,9.7850,9.670,-19.010,-0.370,871
48166.00,0.8990,1.7910,9.6390,11.530,-21.330,-0.270,871
48176.00,0.8490,1.7800,9.4820,9.040,-20.280,0.090,871
48186.00,1.0300,1.8960,9.4450,4.260,-18.670,0.200,872
48196.00,1.1180,1.8310,9.7070,-5.140,-18.570,0.930,872
48206.00,1.0140,1.7520,9.9000,-8.380,-19.810,2.350,872
48216.00,1.0790,1.7470,9.7480,-8.130,-21.320,3.100,872
48226.00,1.0610,1.6630,9.8850,-8.710,-21.560,3.520,872
48236.00,1.0310,1.8260,10.0610,-5.370,-20.700,3.820,873
48246.00,1.0160,1.7350,10.0770,-5.000,-18.640,3.610,873
48256.00,1.0130,1.6510,10.0190,-4.600,-15.960,2.470,873
48266.00,1.0790,1.6360,9.9570,-4.490,-13.580,1.370,873
48276.00,1.1460,1.5910,9.9400,-5.650,-11.100,0.600,873
48286.00,1.0830,1.5930,9.9230,-5.580,-8.370,-0.160,874
48296.00,1.1780,1.6640,9.9180,-6.170,-6.630,-0.880,874
48306.00,1.2150,1.7010,9.8820,-8.640,-5.900,-0.670,874
48316.00,1.1430,1.7090,9.9080,-9.970,-5.250,0.110,874
48326.00,1.1780,1.7280,9.9900,-9.390,-3.970,0.560,874
48336.00,1.1540,1.7150,9.9840,-10.370,-2.640,0.350,875
48346.00,1.1800,1.6920,9.8760,-10.880,-1.070,-0.320,875
48356.00,1.1460,1.6630,9.9880,-12.740,-0.160,-0.650,875
48366.00,1.1840,1.6410,10.0720,-17.500,1.510,-1.230,875
48376.00,1.1040,1.5550,10.0470,-18.200,3.450,-1.880,875
48386.00,1.1680,1.6350,9.9920,-16.520,6.150,-2.730,876
48396.00,1.1300,1.4870,9.9620,-16.390,8.000,-3.120,876
48406.00,1.1860,1.5930,9.9320,-15.550,8.690,-3.310,876
48416.00,1.2440,1.5460,9.8940,-17.150,7.880,-3.170,876
48427.00,1.2140,1.5020,9.9550,-19.880,6.640,-2.820,876
48437.00,1.1850,1.5020,9.8520,-21.150,5.400,-2.210,877
48447.00,1.2820,1.6630,9.4740,-28.680,7.300,-1.610,877
48457.00,1.0690,1.4090,9.9520,-34.260,10.790,-1.000,877
48467.00,1.0510,1.4560,9.8750,-33.210,11.240,-1.600,877
48477.00,1.0730,1.4770,9.8330,-30.500,11.640,-2.330,877
48487.00,1.0810,1.3040,9.8060,-27.280,10.720,-1.840,878
48497.00,0.9910,1.2990,9.9060,-21.150,7.830,-1.000,878
48507.00,1.2020,1.1180,9.8150,-16.030,4.800,0.040,878
48517.00,1.2690,1.0730,9.8290,-12.790,3.470,-0.110,878
48527.00,1.0910,1.2400,9.9170,-10.930,1.270,0.280,878
48537.00,1.2460,1.1290,9.7970,-10.020,-0.680,1.180,879
48547.00,1.1520,1.0700,9.8340,-7.260,-2.560,1.140,879
48557.00,1.1920,1.3140,10.0020,-3.620,-4.380,0.930,879
48567.00,1.0950,1.2220,9.9500,-3.930,-4.150,1.680,879
48577.00,1.2400,1.0850,9.8750,-3.250,-5.060,1.440,879
48587.00,1.1440,1.1540,9.8510,-1.500,-5.830,0.410,880
48597.00,1.2470,1.1880,9.7780,2.020,-8.090,1.140,880
48607.00,1.2820,1.1070,9.8480,6.080,-11.570,2.210,880
48617.00,1.3160,1.1740,9.8950,8.030,-14.470,2.770,880
48627.00,1.2650,1.1680,9.9680,8.670,-15.440,3.450,880
48637.00,1.3440,1.1470,9.9980,6.920,-15.450,3.980,881
48647.00,1.3550,1.1640,9.9820,4.230,-14.530,3.590,881
48657.00,1.3500,1.0860,9.9200,2.930,-14.040,3.710,881
48667.00,1.4040,1.2140,9.8600,4.040,-14.040,3.730,881
48677.00,1.4600,1.2370,9.7420,6.400,-14.470,4.710,881
48687.00,1.4960,1.3330,9.7750,9.080,-14.180,5.590,882
48697.00,1.4410,1.3500,9.8540,9.930,-13.160,5.950,882
48707.00,1.4880,1.3810,9.8150,10.650,-12.570,5.830,882
48717.00,1.5150,1.4870,9.8660,11.510,-12.790,6.010,882
48727.00,1.5130,1.4480,9.7540,11.350,-12.740,6.320,882
48737.00,1.5330,1.4280,9.6050,12.450,-11.220,5.460,883
48747.00,1.4960,1.4170,9.8050,14.680,-10.820,5.600,883
48757.00,1.4880,1.4990,9.7020,13.120,-11.040,5.670,883
48767.00,1.5670,1.3110,9.5380,4.580,-7.980,5.570,883
48777.00,1.6160,1.3140,9.6830,0.920,-6.600,6.130,883
48787.00,1.6160,1.3980,9.8400,-1.200,-5.320,6.780,884
48797.00,1.6960,1.3970,9.8470,-1.820,-2.210,7.060,884
48807.00,1.6790,1.4960,10.1580,-0.710,2.580,6.720,884
48817.00,1.5020,1.4900,10.1930,-1.990,6.620,6.060,884
48827.00,1.5720,1.4730,10.0770,-3.920,10.590,4.170,884
48837.00,1.5260,1.5750,9.9230,-3.230,14.930,2.070,885
48847.00,1.5210,1.5640,9.6460,-4.720,18.420,0.720,885
48857.00,1.4760,1.4700,9.4180,-9.670,19.900,-0.060,885
48867.00,1.5430,1.4840,9.2320,-13.450,19.470,-0.270,885
48877.00,1.5440,1.4300,9.0260,-18.250,18.080,-0.090,885
48887.00,1.5310,1.3110,8.8720,-22.480,17.170,-0.160,886
48897.00,1.7220,1.3370,9.0370,-23.480,17.120,-0.650,886
48907.00,1.6660,1.3920,9.4890,-20.450,17.260,-1.420,886
48917.00,1.8590,1.4320,9.6680,-16.060,17.840,-2.100,886
48927.00,1.9380,1.4840,9.9020,-15.410,21.080,-2.380,886
48937.00,1.6600,1.3690,10.3780,-16.590,25.350,-1.960,887
48947.00,1.4080,1.3620,10.5200,-12.700,26.990,-2.210,887
48957.00,1.3470,1.2800,10.3480,-8.750,28.710,-3.500,887
48967.00,1.4520,1.2090,9.4030,-3.760,33.760,-7.700,887
48977.00,1.6120,1.0940,9.3470,1.850,36.670,-9.300,887
48987.00,1.4440,1.2740,9.2080,1.380,42.270,-10.910,888
48997.00,1.5570,1.4200,10.0340,-0.630,46.030,-10.630,888
49007.00,1.4040,1.5110,10.5730,-0.330,41.520,-8.160,888
49017.00,1.1430,1.6600,10.8780,-0.870,35.250,-6.440,888
49027.00,1.0370,1.6670,10.8770,-1.050,28.710,-5.110,888
49037.00,0.8430,1.8110,10.8810,1.970,23.330,-4.190,889
49047.00,0.7810,1.7460,10.8590,5.140,18.890,-2.400,889
49057.00,0.6720,1.6780,10.6810,9.130,15.720,-1.560,889
49067.00,0.7010,1.6450,10.4930,10.790,12.520,-1.750,889
49077.00,0.7820,1.5720,10.2300,12.520,10.560,-2.100,889
49087.00,0.7390,1.5560,9.8990,13.290,12.120,-2.770,890
49097.00,0.6070,1.2920,9.7390,11.840,16.490,-3.780,890
49107.00,0.4640,1.3130,9.6380,11.110,21.740,-5.030,890
49117.00,0.4170,1.3010,9.6340,9.110,26.940,-5.730,890
49127.00,0.3050,1.3770,9.7430,6.960,29.340,-6.300,890
49137.00,0.2380,1.4990,10.1320,3.980,27.850,-5.970,891
49147.00,0.2210,1.7250,10.4980,3.840,20.520,-5.410,891
49157.00,0.2400,1.7740,10.3690,2.300,10.770,-4.520,891
49167.00,0.3540,1.7710,10.2710,4.400,-2.240,-3.710,891
49177.00,0.4520,1.7430,10.3600,7.030,-4.390,-3.660,891
49187.00,0.4780,2.0260,10.3470,10.620,-6.040,-3.780,892
49197.00,0.4130,1.9170,10.2770,9.220,-7.050,-2.980,892
49207.00,0.4660,1.9080,10.3150,8.620,-8.280,-3.500,892
49217.00,0.3050,1.9680,9.9640,7.540,-9.870,-3.490,892
49227.00,0.5520,1.7090,9.6650,5.160,-8.420,-3.450,892
49237.00,0.4290,1.9420,9.3200,4.740,-5.390,-4.010,893
49247.00,0.4740,1.6590,9.2290,0.290,-2.570,-3.730,893
49257.00,0.5400,1.8100,9.3570,0.170,-2.120,-4.120,893
49267.00,0.5180,1.8130,9.2470,-1.970,-3.360,-3.490,893
49277.00,0.7330,1.6700,9.4240,-3.110,-3.590,-3.780,893
49287.00,0.8650,1.7970,9.5790,-1.150,-2.540,-4.430,894
49297.00,0.9630,1.8910,9.7560,-1.260,-0.910,-4.220,894
49307.00,0.9400,1.7860,10.0350,-2.340,1.020,-3.420,894
49317.00,0.8600,1.8680,10.2810,0.360,1.580,-2.370,894
49327.00,0.7210,1.8920,10.4190,2.130,-0.630,-0.650,894
49337.00,0.5380,1.8310,10.1020,3.860,-4.670,1.000,895
49347.00,0.4590,1.7990,9.8040,5.400,-6.950,2.230,895
49357.00,0.2950,1.7690,9.6530,6.070,-7.980,3.050,895
49367.00,0.1440,1.6940,9.4580,4.810,-8.560,3.960,895
49377.00,0.1530,1.6960,9.4660,2.370,-5.920,3.350,895
49387.00,0.2480,1.7090,9.7260,2.320,-2.710,2.510,896
49397.00,0.3140,1.8300,10.0710,3.020,-1.450,2.370,896
49407.00,0.4050,1.8800,10.1650,4.260,-2.310,2.680,896
49417.00,0.5580,1.9310,10.1510,5.330,-4.320,3.010,896
49427.00,0.6440,1.9500,10.1370,5.660,-6.390,3.470,896
49437.00,0.7270,1.9510,9.9000,6.570,-8.420,3.750,897
49447.00,0.8880,2.0250,9.6520,5.650,-8.660,3.940,897
49458.00,0.9210,1.9830,9.5710,2.110,-7.250,4.380,897
49468.00,0.9630,2.0570,9.6000,-0.280,-5.550,4.730,897
49478.00,0.9160,2.0790,9.6920,-3.320,-4.520,5.180,897
49488.00,0.9080,2.1160,9.8400,-4.950,-4.620,5.390,898
49498.00,0.8860,2.1490,10.0020,-6.310,-4.310,4.940,898
49508.00,0.8480,2.1630,10.1160,-7.640,-2.450,4.120,898
49518.00,0.8120,2.1400,10.1920,-7.850,1.900,2.980,898
49528.00,0.7740,2.1080,10.3110,-8.360,5.800,2.260,898
49538.00,0.7460,2.0010,10.3150,-8.120,7.160,1.860,899
49548.00,0.7470,1.9200,10.1510,-7.630,6.830,2.030,899
49558.00,0.7540,1.7070,9.9570,-7.010,5.760,2.770,899
49568.00,0.6990,1.7140,9.6340,-4.140,5.550,3.170,899
49578.00,0.5590,1.6920,9.5530,-0.680,9.250,4.170,899
49588.00,0.5220,1.7500,9.5670,-0.260,9.790,4.800,900
49598.00,0.6000,1.9390,9.5950,0.550,9.390,5.150,900
49608.00,0.4230,1.8400,9.6080,-1.690,8.650,5.950,900
49618.00,0.4720,1.8310,9.6340,-4.160,6.760,5.760,900
49628.00,0.5550,1.9200,9.7840,-4.600,5.620,5.380,900
49638.00,0.5160,1.9250,9.8790,-4.980,5.150,5.110,901
49648.00,0.4970,1.9380,10.0470,-5.040,3.940,5.080,901
49658.00,0.5190,1.8930,10.1130,-3.410,3.400,5.220,901
49668.00,0.5940,1.9710,10.0580,-0.490,4.380,4.990,901
49678.00,0.7070,1.9640,10.0250,-0.840,8.250,4.710,901
49688.00,0.7020,1.8950,10.0920,-3.570,10.070,4.850,902
49698.00,0.7230,2.0110,10.0350,-3.430,10.820,4.970,902
49708.00,0.7830,2.0290,10.0680,-3.130,12.290,5.360,902
49718.00,0.8330,1.9520,9.9670,-7.310,11.290,6.060,902
49728.00,0.9600,1.9230,9.9390,-8.780,10.190,7.110,902
49738.00,1.3480,2.0970,10.2020,-5.820,9.980,5.320,903
49748.00,0.5340,1.7090,9.6030,-7.680,10.560,3.590,903
49758.00,0.9960,2.0410,9.8290,-4.970,8.410,6.160,903
49768.00,0.8200,2.0590,9.9970,-8.480,5.260,6.040,903
49778.00,0.5390,1.8950,10.2200,-14.890,1.810,4.450,903
49788.00,0.5920,2.0410,10.1130,-15.170,-0.540,2.790,904
49798.00,0.7500,2.1350,10.3690,-18.700,-1.590,0.490,904
49808.00,0.6910,2.0470,10.0550,-24.480,-0.960,-0.480,904
49818.00,0.5150,1.5200,9.8630,-25.530,-0.320,-1.600,904
49828.00,0.6870,1.7010,9.6520,-12.700,0.010,-1.790,904
49838.00,0.9430,2.0750,9.5620,-2.530,0.600,-0.350,905
49848.00,0.9480,1.8160,9.5920,3.210,1.790,2.070,905
49858.00,0.9590,1.9660,9.8590,3.860,4.030,2.730,905
49868.00,0.8980,1.8420,10.2180,-1.240,5.970,2.470,905
49878.00,0.8390,1.8240,10.3530,-4.490,5.500,2.400,905
49888.00,0.8010,1.9130,10.0640,-3.160,4.450,1.910,906
49898.00,0.8070,2.1080,9.8350,-2.970,4.520,1.540,906
49908.00,0.6890,1.8860,9.7120,-5.770,4.590,2.090,906
49918.00,0.7760,1.8040,9.6460,-7.470,4.380,1.860,906
49928.00,0.9570,1.9660,9.5210,-6.190,5.010,1.190,906
49938.00,1.2250,1.7260,9.5380,1.920,8.200,0.810,907
49948.00,0.9040,1.8600,9.7840,11.390,12.340,0.460,907
49958.00,1.2460,2.0420,8.7420,21.330,18.920,0.040,907
49968.00,0.5370,2.0670,9.8090,30.530,22.420,0.980,907
49978.00,0.7020,2.3130,9.1740,-1.680,10.860,-5.130,907
49988.00,0.2930,2.1700,10.1080,-3.860,16.350,-5.880,908
49998.00,0.8500,2.3110,9.2120,-1.870,12.760,-5.030,908
50008.00,0.4160,1.9510,9.7590,10.160,8.390,-0.090,908
50018.00,0.3440,1.8860,10.5690,5.090,8.530,0.340,908
50028.00,0.2140,1.9930,9.9020,0.430,5.260,-1.560,908
50038.00,0.9230,2.0840,8.9620,-1.960,7.710,-3.470,909
50048.00,0.3050,1.9420,10.3800,7.410,13.520,-2.820,909
50058.00,0.2630,1.5450,11.4620,0.220,13.620,-5.390,909
50068.00,1.1800,-0.5330,11.9850,-3.020,3.910,-15.050,909
50078.00,-0.4950,1.2500,12.1600,-8.270,-13.460,-42.390,909
50088.00,0.0800,2.7170,11.8980,-25.090,-26.860,-53.290,910
50098.00,0.2830,2.3920,12.0160,-27.770,-42.960,-48.130,910
50108.00,0.2450,2.4780,10.4030,-23.030,-58.240,-44.660,910
50118.00,0.7280,3.0420,9.3450,-5.890,-60.180,-38.010,910
50128.00,-4.8650,5.8490,7.8120,15.010,-50.170,-29.320,910
50138.00,2.4310,9.3090,8.7350,51.130,-29.930,3.210,911
50148.00,6.0030,1.8280,7.0660,58.710,-27.900,77.950,911
50158.00,0.7650,-0.5380,6.0700,37.720,2.630,82.040,911
50168.00,0.1010,0.5700,8.4780,29.390,36.280,60.120,911
50178.00,0.1630,3.0980,11.4600,29.220,34.900,55.500,911
50188.00,1.2660,2.2790,9.5420,36.450,20.550,67.150,912
50198.00,0.6730,1.9230,9.6780,47.650,20.040,69.670,912
50208.00,0.1190,0.4430,6.8500,41.170,17.870,65.770,912
50218.00,2.4990,1.6670,10.0730,32.770,32.570,52.050,912
50228.00,1.6490,2.1400,10.0340,11.420,32.420,40.010,912
50238.00,0.4190,2.0550,10.0070,0.100,35.720,32.200,913
50248.00,0.7700,1.4570,10.1950,-2.850,39.680,25.130,913
50258.00,0.6690,2.4320,9.7200,-8.990,34.100,10.010,913
50268.00,0.6010,2.4870,9.6870,-8.100,30.950,4.900,913
50278.00,0.5260,2.7190,9.9480,-8.640,29.020,3.400,913
50288.00,0.4610,2.5280,10.0490,-23.310,26.340,0.340,914
50298.00,0.4510,2.6220,9.7680,-38.500,23.530,-2.720,914
50308.00,0.4270,2.4430,9.7110,-41.590,20.730,-2.700,914
50318.00,0.4120,2.4710,9.7670,-40.300,19.060,-2.330,914
50329.00,0.3080,2.2500,9.7680,-38.480,18.030,-1.860,914
50338.00,0.3420,2.2800,9.7470,-34.840,17.470,-2.240,915
50348.00,0.3050,2.1350,9.7310,-30.600,16.740,-2.190,915
50358.00,0.3140,2.2010,9.7910,-25.740,15.320,-2.030,915
50368.00,0.3000,2.1370,9.8300,-24.480,13.590,-1.440,915
50378.00,0.3740,2.2460,9.5290,-22.120,11.470,-1.860,915
50388.00,0.3460,2.1660,10.2640,-17.370,8.980,-1.180,916
50398.00,0.2510,2.0610,9.7960,-23.460,11.920,-1.670,916
50408.00,0.1080,1.9170,9.7730,-17.600,14.740,-2.630,916
50418.00,0.2930,2.2120,9.9690,-13.590,15.060,-2.860,916
50429.00,0.0410,1.9290,9.9210,-18.480,13.110,-3.430,916
50438.00,0.2560,2.1580,9.7890,-18.930,12.500,-4.430,917
50448.00,0.1540,1.9190,9.8480,-18.460,10.170,-3.770,917
50458.00,0.1080,1.8690,9.8700,-16.080,9.040,-3.920,917
50468.00,0.1100,1.8850,9.8560,-12.370,8.950,-3.140,917
50479.00,0.1710,1.8830,9.8350,-10.440,7.480,-2.240,917
50489.00,0.0190,1.7380,9.8690,-6.330,6.240,-1.190,918
50499.00,-0.1190,1.7310,9.9230,-2.450,6.670,-0.130,918
50509.00,0.0630,1.8260,9.9170,-1.680,5.800,0.160,918
50519.00,0.0270,1.9520,10.0880,-0.220,6.810,1.210,918
50529.00,0.0100,1.9600,10.1030,-4.580,10.450,0.810,918
50539.00,0.0110,1.9250,10.0030,-10.220,13.520,-0.410,919
50549.00,0.0160,1.8950,9.8760,-12.440,14.810,-1.530,919
50559.00,-0.0140,1.8870,9.9290,-11.180,14.430,-1.810,919
50569.00,-0.0320,1.8710,9.9250,-11.980,13.220,-1.650,919
50579.00,-0.0820,1.8120,9.9490,-12.530,12.540,-0.950,919
50589.00,-0.1020,1.8100,9.9960,-13.190,12.100,0.040,920
50599.00,-0.0720,1.7850,10.0050,-13.930,14.480,0.510,920
50609.00,-0.1540,1.7710,9.9720,-14.030,17.120,0.770,920
50619.00,-0.5880,1.9770,11.1780,-14.470,19.340,1.140,920
50629.00,0.2710,1.6230,8.7330,-53.950,21.200,-5.100,920
50639.00,-0.2390,1.6610,10.0730,-33.930,16.320,-4.030,921
50649.00,-0.1410,1.5900,9.8760,-26.180,12.170,-2.030,921
50659.00,-0.1730,1.5680,9.9050,-20.020,11.700,-1.000,921
50669.00,-0.2380,1.5810,9.9320,-17.290,11.050,-0.790,921
50679.00,-0.2570,1.5600,9.9250,-15.900,9.790,-0.900,921
50689.00,-0.2630,1.5370,9.9690,-15.340,7.860,-0.340,922
50699.00,-0.2710,1.5120,9.9760,-15.120,7.440,0.180,922
50709.00,-0.2770,1.4730,9.9480,-14.260,7.790,0.160,922
50719.00,-0.2770,1.4620,9.9310,-11.950,7.320,0.370,922
50729.00,-0.2760,1.4350,9.8990,-9.110,6.270,1.050,922
50739.00,-0.2790,1.4400,9.9370,-6.720,4.030,1.390,923
50749.00,-0.2840,1.4460,9.9300,-5.820,1.270,1.980,923
50759.00,-0.3030,1.4670,9.9390,-4.200,-0.540,2.660,923
50769.00,-0.2910,1.4790,9.9260,-3.060,-2.780,2.520,923
50779.00,-0.2640,1.4700,9.9520,-2.670,-3.820,1.350,923
50789.00,-0.2520,1.4600,9.9330,-2.810,-6.250,1.610,924
50799.00,-0.2700,1.4960,10.0290,-0.170,-5.570,2.030,924
50809.00,-0.2500,1.5010,9.9700,-0.590,-5.010,1.190,924
50819.00,-0.2280,1.4910,9.9680,0.730,-4.760,0.460,924
50829.00,-0.2170,1.5000,9.9900,2.530,-4.220,0.110,924
50839.00,-0.2000,1.4970,9.9690,3.490,-3.380,0.070,925
50849.00,-0.2140,1.5460,9.9620,4.330,-2.910,0.000,925
50859.00,-0.0380,1.7350,10.0540,4.650,-2.730,-0.650,925
50869.00,-0.3430,1.3850,10.0290,0.200,-2.260,-0.370,925
50879.00,-0.1970,1.5550,10.0610,-0.030,-0.470,-1.810,925
50889.00,-0.1750,1.8110,10.0470,-0.960,0.300,-2.280,926
50899.00,-0.2120,1.3530,9.6170,-33.250,-11.640,-6.710,926
50909.00,-0.2590,1.5140,10.6700,-19.090,-7.630,-8.110,926
50919.00,0.0400,1.6510,10.0150,-20.030,-4.710,-10.080,926
50929.00,-0.2150,1.1440,9.9370,-20.960,-0.400,-8.250,926
50939.00,-0.1180,1.3870,9.9570,-14.010,7.290,-7.760,927
50949.00,-0.1300,1.3860,10.1000,-8.400,12.060,-6.220,927
50959.00,-0.1750,1.4000,10.0580,-7.820,14.990,-5.270,927
50969.00,-0.1500,1.4090,10.0150,-8.290,16.470,-5.520,927
50979.00,-0.0740,1.4640,9.8050,-9.150,15.210,-4.780,927
50989.00,-0.4220,1.2990,9.6720,-2.780,5.340,-3.140,928
50999.00,-0.3940,1.5390,9.9580,11.470,-1.960,-8.840,928
51009.00,-0.1570,1.3690,9.8520,13.190,-6.140,-14.930,928
51019.00,-0.0530,1.3360,9.6650,17.110,-3.870,-9.100,928
51029.00,0.1100,1.3870,8.5140,24.420,-21.260,-1.470,928
51039.00,0.0350,1.4050,9.3390,59.370,-61.390,8.610,929
51049.00,-0.4710,1.3100,10.1970,97.730,-58.770,16.470,929
51059.00,0.2510,2.2760,10.4920,90.570,-44.920,16.100,929
51069.00,-0.0510,2.1200,10.8040,67.880,-30.360,12.360,929
51079.00,-0.2810,2.1670,10.6610,47.140,-8.580,4.430,929
51089.00,0.2120,2.3410,10.5140,21.120,4.010,0.510,930
51099.00,0.1010,2.3730,10.5830,-0.380,17.370,-4.750,930
51109.00,0.1900,2.3980,10.4730,-27.520,27.830,-10.490,930
51119.00,0.3740,2.1610,10.0570,-49.770,35.530,-13.090,930
51129.00,0.0010,2.4070,9.2440,-52.510,42.600,-13.830,930
51139.00,0.0810,1.7010,10.5570,-45.270,44.600,-21.900,931
51149.00,0.2060,1.6760,10.1650,-62.820,38.720,-17.520,931
51159.00,0.1590,1.5180,9.3750,-71.710,36.510,-7.130,931
51169.00,0.1050,1.2620,8.6060,-49.820,29.600,5.060,931
51179.00,-0.3540,0.6000,8.7270,16.430,25.120,22.110,931
51189.00,-1.5010,2.8980,10.0780,78.590,16.680,52.450,932
51199.00,-1.7500,2.5710,10.3880,28.270,6.310,58.590,932
51209.00,-0.2320,1.6280,10.0400,1.340,-4.150,55.500,932
51219.00,-0.0470,2.1760,9.7910,4.820,-14.860,45.980,932
51229.00,0.2090,1.8840,9.3570,8.710,-24.030,38.240,932
51239.00,-0.3500,2.0200,10.1430,26.660,-14.330,36.000,933
51249.00,-0.9530,1.9960,9.9350,29.240,1.530,39.730,933
51259.00,-0.7590,2.0990,10.0310,26.520,13.780,45.210,933
51269.00,-1.2310,2.0470,9.7020,28.750,22.600,47.460,933
51279.00,-1.0750,2.3400,10.6800,26.140,35.390,49.020,933
51289.00,-2.4090,3.2970,10.0290,-1.920,43.210,48.370,934
51299.00,-3.3140,2.8510,9.6880,6.610,56.060,57.770,934
51309.00,-2.3030,2.6200,10.4750,16.500,79.950,62.020,934
51319.00,0.0680,2.6730,9.0520,-6.240,92.930,54.360,934
51329.00,1.2960,-7.3190,11.1520,-7.350,93.790,73.000,934
51339.00,-0.4520,1.5010,9.7220,-2.990,77.410,21.580,935
51349.00,-0.6470,-0.2510,10.9800,-30.390,58.700,-9.730,935
51359.00,-0.7960,0.6950,10.1630,-21.470,33.120,-39.660,935
51369.00,1.0550,10.9350,9.3350,-39.840,18.700,-73.660,935
51379.00,-0.5570,3.9030,8.2990,-17.810,15.160,-15.750,935
51389.00,-0.6290,2.2310,10.6360,3.670,28.620,24.190,936
51399.00,-2.1270,3.7320,10.0310,39.700,19.030,2.870,936
51409.00,-0.5640,2.9090,10.1130,61.980,0.500,-19.310,936
51419.00,0.2460,4.8270,8.6620,49.680,5.400,-36.050,936
51429.00,-0.0450,10.2750,5.7700,39.370,61.170,-29.040,936
51439.00,0.8800,6.3070,14.7580,109.350,108.540,36.440,937
51449.00,-1.3990,2.1790,9.2190,80.040,65.630,78.610,937
51459.00,-2.2810,0.3400,9.4490,83.190,61.410,82.390,937
51469.00,-1.9520,2.2680,11.5840,80.390,63.600,72.170,937
51479.00,-2.5420,2.6850,11.5170,81.330,54.150,71.750,937
51489.00,-2.3440,2.2030,13.1150,115.790,42.430,67.990,938
51500.00,-2.6690,2.8400,12.1170,109.140,19.060,54.500,938
51510.00,-2.2670,2.9490,8.0650,92.690,1.830,51.540,938
51520.00,-2.1870,2.5620,8.9690,84.010,21.550,51.910,938
51530.00,-2.5040,2.7800,11.0990,85.500,30.670,47.710,938
51540.00,-2.2140,3.6560,10.6570,42.500,19.130,40.570,939
51550.00,-1.6130,4.7280,11.1130,32.580,8.180,36.210,939
51560.00,-1.7070,4.4470,10.1680,31.670,-9.290,37.980,939
51570.00,-1.7570,3.4990,8.5060,43.030,-20.460,39.660,939
51580.00,-1.8200,4.5670,9.5700,43.760,-11.870,30.240,939
51590.00,-1.6250,4.9550,10.7590,44.510,-26.990,37.030,940
51600.00,-1.2000,5.0580,8.9080,60.540,-39.970,37.090,940
51610.00,-0.8620,4.8460,10.8760,60.160,-37.680,39.340,940
51620.00,-0.6990,4.3160,6.8750,46.120,-54.090,40.290,940
51630.00,0.0040,4.9630,6.9370,55.070,-46.520,37.660,940
51640.00,0.1710,3.7920,9.7340,31.060,-34.700,41.150,941
51650.00,0.1870,3.7490,6.6790,-19.180,-46.360,36.120,941
51660.00,0.9630,4.9320,4.2070,-18.180,-35.890,28.620,941
51670.00,1.1130,5.6250,9.2550,-16.640,8.140,33.740,941
51680.00,1.5490,0.6260,15.8530,7.820,-3.260,41.510,941
51690.00,1.1670,-0.6420,14.8730,-44.080,-75.710,9.870,942
51700.00,0.4790,2.2580,8.7520,-71.520,-133.160,-35.830,942
51710.00,-1.7080,5.4220,4.9080,-65.600,-129.470,-54.870,942
51720.00,-1.0060,9.1740,1.6910,-61.890,-89.080,-50.960,942
51730.00,0.5920,9.7650,4.7530,13.960,-16.890,-22.860,942
51740.00,-1.5960,6.4650,15.3630,111.330,32.000,9.590,943
51750.00,-2.4280,4.4030,10.6940,43.360,-25.130,20.670,943
51760.00,-0.2660,4.0420,10.9230,5.610,-48.320,12.310,943
51770.00,1.6900,4.4140,11.1990,-2.950,-54.570,-0.420,943
51780.00,0.0050,4.3230,15.0560,27.630,-65.100,-12.030,943
51790.00,0.5890,5.2570,1.8320,-31.950,-128.590,-27.970,944
51800.00,1.3360,6.4120,3.7550,-66.090,-74.310,-26.690,944
51810.00,1.4530,5.4980,7.5340,-36.830,-39.290,-14.070,944
51820.00,0.8110,4.2130,5.4070,-52.480,-37.630,-3.080,944
51830.00,1.4760,3.6870,5.5870,-46.810,-21.400,-2.100,944
51840.00,2.4280,3.7160,8.1390,-43.220,-0.860,-6.930,945
51850.00,1.0570,6.5650,5.7640,-62.800,-0.400,-16.420,945
51860.00,1.3720,10.8430,3.6700,-29.360,8.950,-9.820,945
51870.00,1.4270,6.9630,4.4060,12.630,41.640,40.040,945
51880.00,1.7590,3.6870,6.2750,54.870,71.370,62.780,945
51890.00,0.6750,0.6580,9.5120,60.880,94.560,59.280,946
51900.00,-0.3600,-0.6640,13.9650,48.120,92.230,34.180,946
51910.00,-0.1350,0.8440,12.2750,-3.180,52.330,-2.450,946
51920.00,-0.6640,3.3610,11.7460,-32.490,22.550,-30.540,946
51930.00,-0.3130,6.7500,7.8890,-55.490,-8.050,-44.580,946
51940.00,0.6580,10.1820,3.8060,-50.330,-13.480,-36.350,947
51950.00,0.8920,9.0970,1.7280,-23.080,16.050,3.360,947
51960.00,0.1600,3.8460,5.1250,21.610,68.570,45.330,947
51970.00,1.6570,3.2310,6.6860,21.550,91.710,42.230,947
51980.00,0.0580,2.0330,7.2670,6.330,92.280,38.290,947
51990.00,-0.6730,3.3230,8.9180,-2.800,92.090,26.310,948
52000.00,-0.9520,2.0910,11.0060,25.750,122.730,23.720,948
52010.00,-2.2990,-0.6140,14.4610,25.040,119.670,10.680,948
52020.00,-1.8790,0.5920,16.3510,3.700,82.290,-34.130,948
52030.00,-2.6730,5.8850,14.6820,-29.920,24.980,-73.120,948
52040.00,-2.0050,8.7760,12.8110,-31.670,-18.570,-66.980,949
52050.00,-1.2870,7.6090,9.8080,-23.270,-45.170,-34.670,949
52060.00,-1.2810,5.5500,7.6030,-16.040,-44.870,-12.450,949
52070.00,-0.8700,4.0790,7.9510,-8.130,-26.410,-7.340,949
52080.00,-0.5610,4.3540,8.8680,-12.650,-11.590,-14.830,949
52090.00,-0.5620,4.6670,9.0660,-21.870,-5.690,-21.180,950
52100.00,-0.8850,4.8330,8.9080,-30.250,-1.470,-24.800,950
52110.00,-1.0570,5.6140,9.5400,-36.620,3.470,-26.310,950
52120.00,-1.2940,5.0690,10.6610,-27.560,3.120,-20.220,950
52130.00,-1.4120,3.1960,10.9850,-14.120,-8.120,-14.910,950
52140.00,-1.1680,3.0970,10.5290,-18.490,-23.430,-20.760,951
52150.00,-0.8590,3.8320,9.0040,-23.780,-36.170,-26.290,951
52160.00,-0.4460,4.5330,7.7890,-22.270,-35.610,-25.290,951
52170.00,-0.4490,4.2950,7.5360,-17.930,-24.360,-19.100,951
52180.00,-0.5000,3.3690,7.4260,-11.200,-12.670,-15.320,951
52190.00,-0.1920,4.1030,8.9700,-14.280,-1.140,-19.830,952
52200.00,-0.1280,4.3330,8.1780,-18.130,-4.690,-15.770,952
52210.00,-0.1230,3.8670,7.0070,-21.280,0.390,-15.070,952
52220.00,-1.1120,4.0290,7.2290,-19.560,16.120,-16.100,952
52230.00,-0.1040,6.4060,7.0520,6.000,20.380,-14.720,952
52240.00,-0.4780,4.0450,10.0980,15.450,38.420,6.390,953
52250.00,-0.7630,3.0190,11.1690,13.780,28.110,6.780,953
52260.00,-1.0070,3.3580,9.5280,-0.610,9.840,-0.210,953
52270.00,-0.9270,3.9110,9.6140,-2.340,7.550,-5.320,953
52280.00,-0.6850,3.9880,8.5680,2.130,5.900,-4.680,953
52290.00,-0.3640,4.3880,8.5590,4.910,12.750,-3.640,954
52300.00,-0.5260,4.6940,8.2200,5.700,16.880,-1.630,954
52310.00,-0.7200,4.4180,8.0880,4.040,22.690,0.530,954
52320.00,-0.7710,5.1750,9.0080,1.810,29.830,0.070,954
52330.00,-1.0190,4.6320,8.7490,1.600,29.340,3.080,954
52340.00,-1.2630,4.8580,8.2940,-0.050,30.820,3.980,955
52350.00,-1.3100,5.4850,8.5010,2.220,36.110,5.380,955
52360.00,-0.9580,5.8540,13.3690,-0.710,37.020,12.920,955
52370.00,-1.7630,3.0250,9.5950,1.240,1.070,21.340,955
52380.00,-1.6900,4.1610,9.2180,-4.410,-1.790,11.470,955
52390.00,-1.4050,4.0390,9.2880,1.390,4.800,8.180,956
52400.00,-1.3120,3.8640,12.2590,-16.850,5.050,-5.940,956
52410.00,-1.3470,3.0750,9.3870,-35.400,-22.370,-10.240,956
52420.00,-0.8740,4.2340,7.0450,-45.710,-23.800,-18.500,956
52430.00,-0.5190,4.6210,7.0380,-42.280,-5.930,-17.350,956
52440.00,-0.1980,4.0000,7.7820,-39.070,10.910,-13.880,957
52450.00,-0.7130,3.1570,8.4510,-42.280,21.860,-13.130,957
52460.00,-0.2110,3.0840,6.7770,-49.150,26.330,-19.310,957
52470.00,-1.0610,4.6360,12.3570,-62.800,43.060,-25.800,957
52480.00,-1.9600,2.9710,9.4660,-66.740,1.840,-15.040,957
52490.00,-0.9890,4.1220,9.1100,-61.840,-18.730,-16.020,958
52500.00,-0.6830,3.2210,9.3260,-62.520,-20.810,-6.640,958
52510.00,-1.1460,2.6810,9.6000,-77.010,-23.380,-4.170,958
52520.00,-1.0760,3.3300,9.4130,-81.860,-27.420,-8.560,958
52531.00,-1.7300,3.0240,9.5770,-75.050,-31.780,-5.660,958
52541.00,-1.0600,2.6240,9.4490,-57.240,-36.000,-4.820,959
52551.00,-1.3320,2.8450,9.7050,-66.740,-37.800,-6.200,959
52561.00,-1.4600,3.3790,9.5500,-58.850,-41.690,-11.430,959
52571.00,-1.3710,2.6540,9.6160,-38.880,-44.470,-8.890,959
52581.00,-0.8740,2.3520,9.6260,-33.650,-44.940,-9.560,959
52591.00,-0.8320,2.4980,9.7670,-54.470,-44.470,-12.900,960
52601.00,-0.5380,2.1550,9.9520,-100.810,-28.740,1.610,960
52611.00,-0.6920,2.9330,9.8040,-94.340,-26.650,-1.260,960
52621.00,-1.1600,2.8280,10.0160,-75.610,-22.630,1.960,960
52631.00,-0.4010,2.1820,9.8440,-36.430,-21.280,1.440,960
52641.00,-0.3620,2.0750,10.0650,-33.910,-18.620,0.830,961
52651.00,-0.3110,2.0750,10.0650,-16.640,-16.820,-2.260,961
52661.00,-0.3230,2.2570,10.1260,4.470,-14.790,-6.920,961
52671.00,-0.1870,9.1480,8.9440,51.640,-10.710,0.390,961
52681.00,0.7390,4.7310,9.7630,136.020,0.550,53.680,961
52691.00,-0.5100,4.6370,9.4560,207.810,9.980,80.430,962
52701.00,-1.0850,-1.5030,9.5700,217.500,7.790,94.420,962
52711.00,-0.4520,0.4530,8.9980,66.550,-14.820,67.550,962
52721.00,0.8940,5.2480,9.7290,-49.990,-37.990,39.550,962
52731.00,-0.0410,0.7660,10.8370,21.380,-26.150,57.050,962
52741.00,-0.2960,-0.4510,10.8990,26.240,-5.640,45.330,963
52751.00,0.8840,3.6710,9.3280,-12.090,-8.230,10.330,963
52761.00,0.2350,3.9250,9.6560,-9.900,-10.220,8.670,963
52771.00,-0.1810,2.3220,9.8090,15.250,-3.820,10.780,963
52781.00,0.0280,2.5950,9.7800,-1.940,0.860,6.650,963
52791.00,0.0530,2.8760,9.6280,-16.270,3.700,-1.190,964
52801.00,-0.2700,3.3510,9.5640,-67.480,15.530,-11.850,964
52811.00,0.4150,2.8710,9.6230,-71.480,17.980,-12.310,964
52821.00,0.0920,2.4020,9.6830,-88.980,19.240,-17.590,964
52831.00,-0.1190,1.8520,9.9390,-111.840,19.270,-23.470,964
52841.00,0.0940,2.5990,9.7660,-115.370,17.720,-31.940,965
52851.00,0.1240,1.9940,9.8420,-112.520,15.770,-37.730,965
52861.00,0.0660,1.7450,9.7800,-123.090,15.090,-40.520,965
52871.00,0.2270,1.7920,9.9120,-140.360,13.640,-38.780,965
52881.00,0.3520,1.7390,10.0600,-139.310,10.630,-35.970,965
52891.00,-0.3550,1.3250,10.0920,-111.440,4.770,-31.960,966
52901.00,-0.3680,0.4460,10.1430,-102.160,4.840,-34.180,966
52911.00,-0.1200,1.2720,10.0330,-100.010,3.870,-41.720,966
52921.00,-0.1300,1.5290,9.9500,-101.650,4.850,-39.730,966
52931.00,-0.2960,0.9050,9.9810,-108.690,5.190,-34.690,966
52941.00,-0.3510,0.6010,10.0170,-121.380,5.750,-33.760,967
52951.00,-0.3660,0.4760,10.1630,-120.970,2.680,-32.200,967
52961.00,-0.4940,0.3380,10.0890,-110.670,-1.610,-31.890,967
52971.00,-0.5320,0.0380,10.1910,-105.170,-4.520,-30.020,967
52981.00,-0.5090,0.8410,10.4240,-84.730,-7.680,-30.140,967
52991.00,-0.4070,0.5160,10.0970,-14.050,-13.530,-27.650,968
53001.00,-0.4220,0.1810,10.1180,-3.180,-12.180,-15.530,968
53011.00,-0.1720,0.4190,10.0780,-3.480,-9.750,-11.620,968
53021.00,-0.1440,0.1190,10.0520,-3.430,-11.500,-8.950,968
53031.00,-0.2320,-0.1550,10.0190,-3.510,-15.160,-7.320,968
53041.00,-0.3460,-0.2110,10.0550,-3.480,-19.620,-5.110,969
53051.00,-0.2750,-0.1960,10.0480,-3.160,-22.520,-3.980,969
53061.00,-0.9690,-0.4090,10.2320,-3.550,-24.660,-4.610,969
53071.00,-0.1740,-0.2020,10.2500,-5.120,-19.790,-5.570,969
53081.00,0.1140,-0.1160,10.2080,-5.090,-12.970,-9.790,969
53091.00,-0.4220,0.2220,10.3110,-4.390,-6.320,-14.840,970
53101.00,-0.2530,0.2080,10.2300,-3.320,3.610,-11.520,970
53111.00,0.0660,0.0080,10.1810,-2.570,10.560,-8.190,970
53121.00,0.0330,-0.0320,10.1100,-2.390,13.290,-9.260,970
53131.00,-0.0030,-0.0630,10.0580,-2.480,13.010,-9.800,970
53141.00,-0.0410,-0.1250,9.9630,-2.970,8.480,-8.840,971
53151.00,-0.0320,-0.0890,9.9730,-3.550,-0.120,-4.760,971
53161.00,0.4010,-0.3910,9.9450,-4.480,-8.400,-1.580,971
53171.00,0.5310,-0.1970,10.0040,-5.880,-19.130,-5.810,971
53181.00,0.1860,0.1590,10.1730,-4.460,-26.320,-10.920,971
53191.00,0.0520,0.1060,10.5700,1.880,-19.010,-10.800,972
53201.00,0.4130,0.1900,10.1250,-3.410,1.060,-10.190,972
53211.00,0.0860,-0.0310,10.1190,-3.930,2.330,-5.690,972
53221.00,0.1240,-0.0490,10.1370,-3.780,2.350,-3.710,972
53231.00,0.1770,-0.0560,10.1240,-3.710,2.390,-2.560,972
53241.00,-0.0860,-0.1750,10.1210,-3.760,2.420,-1.720,973
53251.00,-0.3240,-0.2040,10.1390,-3.670,2.420,0.020,973
53261.00,0.0590,-0.0820,10.1200,-3.690,2.510,1.600,973
53271.00,0.1420,-0.1250,10.2120,-3.740,2.750,3.890,973
53281.00,0.1810,0.0040,10.2420,-5.510,7.810,7.040,973
53291.00,0.1560,-0.0580,10.1180,-7.540,13.870,5.690,974
53301.00,0.1980,-0.1060,10.1450,-5.790,13.270,6.650,974
53311.00,0.0650,-0.0860,10.1610,-2.670,14.060,8.400,974
53321.00,-0.0520,-0.0330,10.1630,-2.340,15.930,8.720,974
53331.00,0.0140,-0.1020,10.1020,-2.340,16.700,9.120,974
53341.00,-0.0130,-0.1080,10.0780,-2.590,15.090,11.760,975
53351.00,-0.0170,-0.1000,10.0730,-2.970,12.060,14.930,975
53361.00,-0.0080,-0.0810,10.0770,-3.460,8.320,17.050,975
53371.00,-0.0020,-0.0280,10.1460,-3.760,5.780,17.490,975
53381.00,-0.0150,-0.0450,10.1320,-3.780,5.730,16.720,975
53391.00,0.0020,-0.0590,10.0920,-3.860,5.270,16.230,976
53401.00,0.0630,-0.6950,10.1090,-3.920,3.510,13.620,976
53411.00,0.0710,0.1240,10.1430,-3.810,1.390,3.400,976
53421.00,-0.0860,0.2050,10.1550,-3.810,0.970,4.500,976
53431.00,-0.0590,0.0290,10.1820,-3.790,2.180,4.220,976
53441.00,-0.0450,0.0150,10.1620,-3.810,4.050,4.310,977
53451.00,-0.0220,-0.0070,10.1340,-3.780,4.990,2.980,977
53461.00,-0.0640,-0.0090,10.1250,-3.790,4.820,1.190,977
53471.00,-0.0690,0.0030,10.1280,-3.830,4.290,-0.720,977
53481.00,-0.0630,-0.0090,10.1650,-3.760,4.420,-3.120,977
53491.00,-0.2330,-0.1080,10.1240,-3.720,5.060,-5.010,978
53501.00,0.0680,-0.0080,10.1310,-3.670,4.730,-5.340,978
53511.00,0.0000,0.0030,10.0900,-3.780,3.540,-5.600,978
53521.00,-0.0510,-0.0310,10.0900,-3.710,0.710,-6.430,978
53531.00,-0.0510,-0.0250,10.1510,-3.650,-1.440,-7.040,978
53541.00,-0.0430,-0.0340,10.1770,-3.620,-1.210,-7.900,979
53552.00,-0.0250,-0.0270,10.1410,-3.570,0.080,-8.680,979
53562.00,-0.0290,-0.0310,10.1530,-3.580,0.270,-9.520,979
53572.00,0.1840,-0.0110,10.1580,-3.570,0.440,-10.220,979
53582.00,-0.0160,-0.0380,10.1460,-3.600,0.670,-11.590,979
53592.00,-0.0530,-0.0630,10.1520,-3.600,0.600,-11.660,980
53602.00,-0.0250,-0.0800,10.1740,-3.640,0.880,-9.840,980
53612.00,-0.0150,-0.0520,10.1810,-3.640,3.680,-7.000,980
53622.00,-0.0090,-0.0830,10.1270,-3.570,4.850,-6.440,980
53632.00,-0.0040,-0.0870,10.1310,-3.620,3.980,-5.060,980
53642.00,-0.0090,-0.0690,10.1670,-3.620,2.950,-3.710,981
53652.00,-0.0100,-0.0510,10.1270,-3.640,3.070,-3.010,981
53662.00,-0.0270,-0.0640,10.1670,-3.640,2.960,-2.720,981
53672.00,-0.0460,-0.0650,10.1460,-3.690,3.440,-2.170,981
53682.00,-0.0260,-0.0680,10.1440,-3.720,3.560,-1.650,981
53692.00,-0.1800,0.0010,10.1370,-3.650,3.050,-0.840,982
53702.00,-0.1720,-0.0370,10.1990,-3.720,2.860,1.210,982
53712.00,-0.2240,-0.0880,10.1950,-3.720,5.310,3.570,982
53722.00,-0.2340,-0.1610,10.1580,-3.780,7.410,5.060,982
53732.00,-0.2040,-0.2580,10.1630,-3.830,8.320,6.150,982
53742.00,-0.2350,-0.3210,10.1770,-3.850,8.950,6.760,983
53752.00,-0.3260,-0.5160,10.1510,-3.990,9.910,5.780,983
53762.00,-0.1430,-0.1440,10.1490,-4.110,10.140,3.560,983
53772.00,-0.2760,-0.1890,10.1500,-4.060,10.400,2.870,983
53782.00,-0.3080,-0.3620,10.1090,-4.250,9.840,2.140,983
53792.00,-0.1810,-0.0190,10.1310,-3.970,7.780,-0.350,984
53802.00,-0.2330,0.0100,10.1610,-3.600,6.660,-0.670,984
53812.00,-0.2560,-0.0110,10.1890,-3.790,8.480,-0.440,984
53822.00,-0.2660,0.0650,10.1810,-3.850,10.310,-0.510,984
53832.00,-0.4130,-0.2320,10.1610,-3.760,11.920,0.250,984
53842.00,-0.4280,-0.1620,10.1750,-3.650,12.970,-1.370,985
53852.00,-0.4710,-0.1200,10.1530,-3.720,13.830,-2.100,985
53862.00,-0.5740,-0.4970,10.1750,-3.830,14.510,-1.400,985
53872.00,-0.5520,-0.4420,10.1150,-4.060,15.720,-3.980,985
53882.00,-0.4090,-0.2470,10.0940,-4.180,14.670,-4.220,985
53892.00,-0.3910,-0.2180,10.1150,-4.040,12.450,-5.030,986
53902.00,-0.4060,-0.1500,10.1400,-3.640,11.210,-6.900,986
53912.00,-0.4700,-0.1070,10.1530,-3.620,11.220,-6.780,986
53922.00,-0.5710,-0.3180,10.2010,-3.530,12.570,-5.900,986
53932.00,-0.5550,-0.0880,10.2100,-3.010,16.040,-7.620,986
53942.00,-0.5470,-0.1530,10.1460,-3.480,19.290,-7.700,987
53952.00,-0.5310,-0.1250,10.1160,-2.660,19.570,-7.130,987
53962.00,-0.4650,-0.1280,10.0940,3.420,17.030,-6.990,987
53972.00,-0.5130,-0.2600,10.0390,3.320,14.250,-7.760,987
53982.00,-0.3820,0.1360,10.0420,-4.210,10.980,-8.770,987
53992.00,-0.4110,0.1160,10.1370,-10.620,7.900,-7.490,988
54002.00,-0.4210,0.3490,10.1570,-8.430,6.240,-6.740,988
54012.00,-0.6780,0.0370,10.1950,-3.580,9.070,-1.090,988
54022.00,-0.7980,-0.2480,10.2170,-0.780,12.010,-0.950,988
54032.00,-0.7770,-0.2120,10.2470,5.280,15.530,-4.170,988
54042.00,-0.6490,0.3810,10.2740,16.780,19.430,-6.130,989
54052.00,-0.7070,-0.1040,10.1950,30.990,22.060,-4.060,989
54062.00,-0.7350,-0.2560,10.1310,36.320,24.370,-4.610,989
54072.00,-0.7760,-0.3270,10.1410,32.680,25.150,-6.080,989
54082.00,-0.8660,-0.4460,10.1210,28.520,26.050,-9.450,989
54092.00,-0.5560,0.5010,10.1210,20.730,27.990,-13.160,990
54102.00,-0.3610,1.4340,10.2220,15.940,30.250,-9.440,990
54112.00,-0.4960,0.8300,10.2300,23.720,33.620,-2.000,990
54122.00,-0.5920,0.7470,10.1830,30.860,36.950,0.210,990
54132.00,-0.6470,0.8320,10.0860,37.110,38.070,0.420,990
54142.00,-0.6610,1.0950,10.1020,40.330,37.000,1.390,991
54152.00,-0.7380,1.3440,10.1510,45.420,36.600,3.640,991
54162.00,-0.8860,1.5670,10.2690,55.610,39.070,6.620,991
54172.00,-0.9080,1.1880,11.3630,62.710,40.340,10.570,991
54182.00,-1.1330,0.8810,10.7300,48.030,27.130,10.660,991
54192.00,-1.1250,0.9430,10.4670,40.050,20.390,7.530,992
54202.00,-1.0670,1.2820,10.3200,29.620,16.910,5.150,992
54212.00,-1.0430,1.5200,10.3310,22.250,15.200,5.740,992
54222.00,-0.9780,1.5050,9.9540,14.710,11.170,6.550,992
54232.00,-0.8050,1.9960,9.6980,7.660,11.170,7.630,992
54242.00,-0.7570,1.8580,9.7000,10.880,11.800,11.470,993
54252.00,-0.9330,1.2880,9.3200,13.990,10.280,15.020,993
54262.00,-0.5430,-1.1180,16.7700,-8.990,6.740,16.820,993
54272.00,-1.8850,0.7090,8.2580,-102.510,-51.310,-1.250,993
54282.00,-1.4470,2.1180,6.6320,-48.000,-46.760,-7.440,993
54292.00,-1.2030,0.2050,9.4970,-21.430,-14.720,6.920,994
54302.00,-0.9420,0.1920,10.4200,-20.160,-11.360,4.270,994
54312.00,-0.6370,1.1680,10.0280,-26.880,-21.860,-1.070,994
54322.00,-1.0150,-0.8360,9.2880,-41.650,-29.330,-4.050,994
54332.00,-1.4420,-2.5840,12.0150,-57.050,-35.980,-26.150,994
54342.00,-0.6740,4.9350,6.8140,-44.320,-53.940,-49.650,995
54352.00,-0.4150,3.6720,5.1180,-0.450,-17.520,-9.750,995
54362.00,-0.6770,-0.4220,10.2580,25.600,20.880,19.170,995
54372.00,-1.0240,-2.3170,11.6910,13.380,7.410,5.660,995
54382.00,-1.0220,0.4600,9.6020,-14.070,-16.120,-18.170,995
54392.00,-1.0390,2.7310,7.9590,-8.430,-16.120,-16.680,996
54402.00,-1.2320,1.0630,7.9780,10.670,5.970,3.840,996
54412.00,-0.9230,0.7100,10.1590,26.240,25.910,12.250,996
54422.00,-1.1600,-0.3080,11.2900,29.290,27.830,15.260,996
54432.00,-1.2130,0.3270,11.1720,19.440,13.340,3.990,996
54442.00,-1.1380,1.6210,10.7590,14.450,4.360,-2.160,997
54452.00,-1.1300,1.9860,10.6080,17.970,3.210,2.350,997
54462.00,-1.0320,1.0400,10.7120,18.210,2.600,6.460,997
54472.00,-0.6600,1.1650,10.8750,17.760,-6.070,1.680,997
54482.00,-0.8130,1.1130,10.4480,11.930,-11.920,1.440,997
54492.00,-0.9110,1.1120,9.7960,7.470,-8.650,1.350,998
54502.00,-0.9200,1.1900,9.5950,4.070,-1.470,0.440,998
54512.00,-0.6410,1.1650,10.8880,6.010,5.520,5.250,998
54522.00,-0.8540,1.1270,10.7840,-2.880,5.570,8.050,998
54532.00,-1.1290,1.1670,10.0400,-2.220,7.920,8.230,998
54542.00,-1.1920,1.0300,10.0740,-3.040,16.190,9.280,999
54552.00,-1.1660,1.1280,10.2140,-2.320,19.080,8.090,999
54562.00,-1.1280,1.1820,10.0590,-1.080,19.120,7.900,999
54572.00,-1.1710,1.1880,9.9680,-1.920,22.860,7.510,999
54583.00,-1.1550,1.1670,9.7960,-3.110,27.320,7.250,999
54593.00,-1.1010,1.1880,9.8650,-2.640,30.350,8.020,1000
54603.00,-1.0540,1.2100,10.1700,-4.160,29.700,8.890,1000
54613.00,-1.2700,1.1470,10.0790,-7.800,25.240,10.780,1000
54623.00,-1.4510,1.1330,10.3520,-4.210,25.750,9.770,1000
54633.00,-1.5620,1.0730,10.2190,-2.530,22.770,10.070,1000
54643.00,-1.4390,1.1560,9.8950,-0.170,19.360,9.240,1001
54653.00,-1.5110,1.1780,9.7040,2.710,17.750,8.610,1001
54663.00,-1.3590,1.3060,9.5840,2.600,15.700,8.180,1001
54673.00,-1.3430,1.2760,9.6130,-0.150,14.920,7.620,1001
54683.00,-1.3540,1.3240,9.6890,-0.380,12.500,7.040,1001
54693.00,-1.5550,0.8380,9.6460,-0.710,10.020,7.070,1002
54703.00,-1.4890,1.4230,9.6990,0.940,8.930,3.310,1002
54713.00,-1.4710,1.1640,9.8630,0.800,7.360,3.010,1002
54723.00,-1.5010,1.2640,9.8160,-0.100,5.330,2.140,1002
54733.00,-1.5000,1.2450,9.8650,-1.220,3.050,2.490,1002
54743.00,-1.4880,1.3650,9.9430,-1.690,-0.250,2.720,1003
54753.00,-1.5010,1.3890,9.9010,-2.970,-3.170,2.540,1003
54763.00,-1.4710,1.3910,9.7620,-1.660,-4.660,2.310,1003
54773.00,-1.4730,1.5230,10.0230,-0.220,-4.900,2.380,1003
54783.00,-1.4530,1.4210,9.8900,1.760,-7.400,3.640,1003
54793.00,-1.3470,1.2950,9.5670,3.020,-6.980,3.560,1004
54803.00,-1.4380,1.3490,9.4150,2.010,-1.820,2.230,1004
54813.00,-1.3770,1.1720,10.5540,0.610,1.630,2.000,1004
54823.00,-1.4630,1.6860,10.1330,1.970,2.140,-1.180,1004
54833.00,-0.6170,1.3320,9.9960,9.760,0.830,-1.070,1004
54843.00,-1.0580,1.3590,10.9770,14.760,6.220,-4.310,1005
54853.00,-2.0590,1.5610,10.0850,9.970,-3.330,-6.430,1005
54863.00,-1.7710,1.4840,10.3040,6.420,-8.450,-3.570,1005
54873.00,-1.0670,1.2750,10.0270,-0.980,-17.290,-3.190,1005
54883.00,-1.1800,1.4940,9.8660,-1.820,-12.060,-2.330,1005
54893.00,-1.3770,1.4300,9.5740,-5.630,-13.200,-2.420,1006
54903.00,-1.2020,1.3140,9.8580,-0.310,-11.060,0.900,1006
54913.00,-1.0580,1.3390,9.8450,-1.340,-12.270,1.790,1006
54923.00,-1.1420,1.3110,9.8850,-0.710,-12.990,3.050,1006
54933.00,-1.2220,1.3430,10.0590,-1.540,-12.200,3.070,1006
54943.00,-1.2470,1.3900,10.1820,0.270,-11.550,3.140,1007
54953.00,-1.0660,1.4450,10.1030,0.870,-12.110,3.290,1007
54963.00,-1.1730,1.3240,10.2170,-2.530,-10.970,3.000,1007
54973.00,-0.9960,1.4640,9.9440,-7.800,-10.470,0.000,1007
54983.00,-1.0260,1.5490,10.0220,-14.240,-8.610,-1.210,1007
54993.00,-1.0800,1.1860,10.1150,-25.770,-7.560,-2.070,1008
55003.00,-1.0610,0.9330,9.8780,-31.110,-7.880,-7.580,1008
55013.00,-0.9610,1.3490,10.0070,-27.590,-6.790,-16.170,1008
55023.00,-1.0490,1.3170,10.2610,-29.240,-2.190,-7.790,1008
55033.00,-1.0020,1.2160,10.1030,-31.290,-1.230,-7.410,1008
55043.00,-0.9640,1.2810,9.9990,-32.970,-0.390,-8.020,1009
55053.00,-1.1400,1.4040,9.8540,-32.580,-0.700,-6.900,1009
55063.00,-1.1460,1.1230,9.9070,-29.170,-0.790,-2.940,1009
55073.00,-1.0380,1.1050,9.5600,-23.250,-2.140,-2.540,1009
55083.00,-1.0000,1.0980,9.8900,-11.040,-0.330,-1.320,1009
55093.00,-1.0440,1.0640,9.8570,-6.100,-0.020,-1.250,1010
55103.00,-0.9660,1.0340,9.8940,-2.640,0.460,-0.840,1010
55113.00,-0.8960,1.0490,10.0120,-2.320,1.160,-0.130,1010
55123.00,-1.0080,0.9770,10.0910,-5.090,1.690,0.300,1010
55133.00,-1.0400,0.9910,10.1380,-4.230,1.980,0.300,1010
55143.00,-1.0300,0.9510,10.0800,-6.510,2.180,-0.040,1011
55153.00,-0.9880,0.9490,10.1000,-7.920,2.420,-0.530,1011
55163.00,-0.9520,0.9650,10.0600,-9.850,2.020,-0.760,1011
55173.00,-0.9640,0.9470,9.9730,-11.200,1.830,-0.810,1011
55183.00,-0.9210,0.9430,9.9250,-10.990,2.120,-0.630,1011
55193.00,-1.0370,0.8900,9.9230,-9.220,3.140,0.090,1012
55203.00,-0.9900,0.9280,10.0170,-7.400,3.380,0.390,1012
55213.00,-0.9670,0.9220,10.0720,-10.300,2.630,0.320,1012
55223.00,-1.0710,0.9370,10.0860,-8.050,3.680,0.160,1012
55233.00,-1.0510,0.9270,10.0340,-7.560,3.730,0.020,1012
55243.00,-1.0200,0.9160,10.0100,-6.440,3.380,0.000,1013
55253.00,-1.0130,0.9230,9.9460,-5.610,2.700,0.270,1013
55263.00,-1.0400,0.8960,9.9750,-6.910,1.900,0.670,1013
55273.00,-1.0500,0.8700,9.9420,-8.870,0.390,0.270,1013
55283.00,-1.0080,0.8740,9.7970,-9.060,-0.510,-0.180,1013
55293.00,-0.9630,0.8700,9.7990,-8.960,-1.330,-0.340,1014
55303.00,-0.9630,0.8660,9.9330,-6.490,-2.750,-0.300,1014
55313.00,-0.9420,0.9150,9.9860,-3.690,-3.990,-0.160,1014
55323.00,-1.0180,0.8620,9.8390,-5.670,-3.550,-0.090,1014
55333.00,-0.9520,0.9260,10.1770,-2.150,-4.920,0.210,1014
55343.00,-1.0010,0.9240,10.1260,-0.890,-6.250,0.270,1015
55353.00,-0.9750,0.8490,10.0890,-2.760,-7.260,-0.300,1015
55363.00,-0.9260,0.9200,9.8970,-3.510,-7.680,-0.900,1015
55373.00,-0.8980,0.9100,10.0510,-5.120,-6.200,-0.630,1015
55383.00,-0.8430,0.9600,9.9980,-3.320,-6.900,-0.760,1015
55393.00,-0.7580,0.9790,9.9690,-3.250,-7.420,-0.770,1016
55403.00,-0.7600,1.0600,10.0910,-1.480,-7.140,-0.280,1016
55413.00,-0.7480,1.0390,10.0390,0.730,-6.250,0.320,1016
55423.00,-0.7210,1.0870,9.8830,2.970,-5.370,1.370,1016
55433.00,-0.6990,1.0740,10.1430,0.960,-3.970,2.120,1016
55443.00,-0.6500,1.1460,10.1130,2.090,-2.520,2.680,1017
55453.00,-0.6750,1.1000,10.1940,4.040,0.220,3.850,1017
55463.00,-0.7360,1.0340,10.2770,5.470,1.510,4.750,1017
55473.00,-0.7950,1.0080,10.1550,5.440,1.440,5.380,1017
55483.00,-0.5950,1.1520,10.4860,3.560,2.600,5.850,1017
55493.00,-1.0200,0.7170,10.0100,0.450,3.020,6.860,1018
55504.00,-0.8410,0.8010,9.8080,5.840,4.470,5.670,1018
55513.00,-0.6950,0.8530,10.1490,4.300,7.900,4.590,1018
55523.00,-0.7450,0.7750,10.0220,0.150,8.510,3.660,1018
55533.00,-0.8360,0.7270,10.1070,-2.380,9.330,2.400,1018
55543.00,-0.9150,0.6840,10.0020,-6.470,9.250,0.690,1019
55553.00,-0.9110,0.6750,9.9490,-7.710,9.650,-0.930,1019
55563.00,-0.8860,0.7680,9.8750,-7.610,9.280,-1.860,1019
55573.00,-0.8420,0.9110,9.9380,-5.740,8.280,-1.000,1019
55583.00,-0.8180,0.9550,10.0650,-4.580,7.370,0.440,1019
55594.00,-0.8550,1.0200,10.0420,-4.090,6.550,1.050,1020
55604.00,-0.9400,1.0460,9.9810,-3.810,6.730,1.000,1020
55614.00,-0.9080,1.0500,9.9640,-6.020,6.740,0.300,1020
55624.00,-0.8940,1.0490,9.9010,-7.500,6.460,-0.410,1020
55634.00,-0.9290,1.0090,9.9290,-9.810,5.710,-1.810,1020
55644.00,-0.9120,0.9720,9.9730,-9.570,4.640,-2.140,1021
55654.00,-0.9330,0.9830,10.0700,-8.170,3.280,-2.350,1021
55664.00,-0.9400,1.0060,10.0350,-6.590,2.770,-2.170,1021
55674.00,-0.9950,0.9660,10.0520,-5.880,3.400,-1.470,1021
55684.00,-0.9890,0.9410,9.9370,-5.250,3.420,-1.090,1021
55694.00,-0.9060,0.9240,9.8680,-4.160,2.370,-0.480,1022
55704.00,-0.8900,0.9290,9.8880,-4.740,0.930,0.180,1022
55714.00,-0.8980,0.8810,9.9170,-5.140,-0.740,0.550,1022
55724.00,-0.8750,0.9110,9.9810,-4.040,-2.280,1.120,1022
55734.00,-0.9970,0.8390,9.9940,-4.060,-2.770,1.400,1022
55744.00,-0.7680,1.1710,10.1380,-3.160,-3.380,0.830,1023
55754.00,-1.0020,0.7290,10.1690,-5.050,-1.980,2.240,1023
55764.00,-0.7460,1.1640,10.0830,-3.150,-2.850,2.030,1023
55774.00,-1.0380,0.6220,9.9690,-7.010,-0.210,3.210,1023
55784.00,-0.8080,0.9200,10.0550,-4.580,-0.250,1.860,1023
55794.00,-0.7840,0.7680,9.6820,-7.170,0.790,2.160,1024
55804.00,-0.8610,0.9090,10.3630,-5.890,2.120,1.460,1024
55814.00,-0.6770,1.0180,10.2360,0.330,-1.490,2.170,1024
55824.00,-0.6420,1.0120,10.1280,-4.060,0.000,2.720,1024
55834.00,-0.8500,0.8440,10.1340,-12.320,2.470,0.580,1024
55844.00,-0.8440,0.7800,10.0900,-13.120,-0.930,-0.690,1025
55854.00,-0.9210,0.8060,9.8260,-13.240,-2.140,-1.630,1025
55864.00,-0.8370,0.8690,10.0280,-12.390,-3.870,-2.490,1025
55874.00,-0.6690,0.8060,9.6620,-14.240,-3.590,-3.150,1025
55884.00,-0.3330,-1.2440,10.4090,-15.870,-1.230,-5.310,1025
55894.00,-0.9000,2.5670,10.0190,-10.090,-6.720,-24.030,1026
55904.00,-0.9990,0.9180,9.3900,-2.200,-8.980,-14.670,1026
55914.00,-0.3180,-0.9150,11.1200,-6.260,-14.190,-17.450,1026
55924.00,-0.8730,2.7250,9.6920,-20.490,-27.550,-45.570,1026
55934.00,-1.0760,1.1500,8.5650,-2.200,-13.930,-17.540,1026
55944.00,-0.7350,0.6790,10.6130,8.240,1.160,3.360,1027
55954.00,-0.6480,0.8810,10.6020,-0.050,1.670,-0.180,1027
55964.00,-0.7900,0.6520,10.1620,-9.390,-0.090,-2.230,1027
55974.00,-0.6870,0.7640,10.2770,-12.020,0.340,-3.630,1027
55984.00,-0.6860,0.6720,10.1870,-14.490,0.640,-3.260,1027
55994.00,-0.6830,0.6840,10.0570,-12.980,0.480,-3.030,1028
56004.00,-0.6560,0.6530,10.0160,-9.590,0.390,-2.020,1028
56014.00,-0.6680,0.6810,9.9240,-4.530,-0.050,-0.950,1028
56024.00,-0.6380,0.6670,10.0280,-0.570,-0.580,0.270,1028
56034.00,-0.6310,0.6670,10.1470,-1.330,0.130,1.930,1028
56044.00,-0.6910,0.6520,10.1200,-4.210,0.440,1.960,1029
56054.00,-0.5040,0.6780,10.2610,-5.210,-0.020,1.810,1029
56064.00,-0.7890,0.6850,10.0000,-4.620,-2.680,1.300,1029
56074.00,-0.7450,0.6740,10.0650,-7.000,-1.610,1.350,1029
56084.00,-0.6860,0.7080,9.9690,-7.100,-1.770,0.830,1029
56094.00,-0.6490,0.7230,10.0030,-6.330,-1.910,0.350,1030
56104.00,-0.5400,0.8090,10.1190,-4.910,-2.100,0.110,1030
56114.00,-0.5520,0.8270,10.1380,-5.650,-2.310,0.460,1030
56124.00,-0.5790,0.8000,10.0890,-5.370,-2.870,0.760,1030
56134.00,-0.5460,0.7340,9.9430,-5.210,-3.900,1.110,1030
56144.00,-0.5560,0.7040,9.9740,-2.870,-3.970,1.320,1031
56154.00,-0.5250,0.7390,9.9520,0.960,-4.310,1.370,1031
56164.00,-0.5680,0.7090,9.9200,2.040,-5.010,1.180,1031
56174.00,-0.4950,0.7800,10.2180,3.580,-6.210,0.720,1031
56184.00,-0.4180,0.7170,9.9690,-2.460,-10.680,0.480,1031
56194.00,-0.5160,0.6860,9.9790,-17.110,-15.070,0.250,1032
56204.00,-0.4360,0.6850,10.0360,-21.350,-18.850,0.090,1032
56214.00,-0.4590,0.6610,10.0310,-25.000,-19.720,-0.440,1032
56224.00,-0.4100,0.6490,10.0300,-30.270,-20.440,-0.980,1032
56234.00,-0.3250,0.5630,9.9840,-36.500,-24.850,-1.260,1032
56244.00,-0.3670,0.4390,9.9920,-42.100,-28.530,-1.020,1033
56254.00,-0.3110,0.3740,10.0170,-46.460,-32.450,-1.250,1033
56264.00,-0.2640,0.3640,10.1020,-46.970,-36.330,-1.720,1033
56274.00,-0.4340,0.6220,10.1610,-41.100,-38.240,-0.970,1033
56284.00,-0.2670,0.3860,10.1850,-32.490,-37.730,1.610,1033
56294.00,-0.3270,0.3170,10.1980,-27.070,-34.770,0.670,1034
56304.00,-0.3250,0.1960,10.1220,-21.000,-32.500,0.690,1034
56314.00,-0.3080,0.3450,10.0660,-31.740,-30.990,-0.650,1034
56324.00,-0.2750,0.1840,10.2130,-34.030,-37.070,-1.980,1034
56334.00,-0.3230,-0.0080,10.1200,-16.390,-48.320,-3.770,1034
56344.00,0.0870,0.0720,9.8890,-21.240,-48.390,-5.030,1035
56354.00,0.2280,0.3370,10.1800,-30.480,-45.100,-6.300,1035
56364.00,0.3190,0.5210,10.0970,-3.430,-46.590,-3.890,1035
56374.00,0.3580,-0.4570,10.0970,-18.340,-40.320,-0.160,1035
56384.00,0.5850,0.3640,10.0510,-10.920,-36.370,-1.840,1035
56394.00,0.6130,-0.2930,10.1380,-4.950,-33.900,-0.270,1036
56404.00,0.6730,0.1970,10.0250,-1.470,-33.160,-0.880,1036
56414.00,0.4070,-0.0530,9.3510,-8.640,-34.740,0.840,1036
56424.00,1.1310,-0.1660,10.2930,-19.190,-36.230,0.160,1036
56434.00,-7.3160,-0.5000,-5.9220,-66.920,2.180,4.990,1036
56444.00,2.5020,-2.9990,7.7040,35.570,47.270,3.710,1037
56454.00,1.7200,0.7770,8.6830,11.750,13.950,-9.120,1037
56464.00,0.9540,-0.4800,8.1090,4.670,22.200,0.580,1037
56474.00,0.5970,-0.3600,8.1830,-6.020,26.710,2.210,1037
56484.00,0.7340,-0.6580,7.9800,-5.280,29.620,2.960,1037
56494.00,1.0790,-0.8110,8.3710,-1.130,30.540,2.730,1038
56504.00,1.0450,-0.6500,8.7210,-0.080,26.010,-0.460,1038
56514.00,1.0700,-0.7280,8.1600,4.980,18.420,-2.660,1038
56524.00,1.2520,-0.7590,8.0940,7.190,17.470,-4.480,1038
56534.00,1.2410,-0.7380,7.9860,4.880,15.770,-6.790,1038
56544.00,0.9530,-0.8290,7.7520,-3.010,12.570,-8.210,1039
56554.00,0.7070,-0.9530,7.3990,-6.930,10.800,-9.610,1039
56564.00,0.6380,-0.9060,7.2810,-5.720,14.290,-10.540,1039
56574.00,0.6620,-0.7560,7.2710,-4.650,21.690,-10.590,1039
56584.00,0.6350,-0.7650,8.0200,-0.030,28.080,-8.560,1039
56594.00,-0.0090,-1.0090,8.8060,16.090,24.140,-6.110,1040
56604.00,0.0810,-0.8510,7.6400,45.420,13.590,-2.800,1040
56614.00,-0.0920,-0.7660,7.8640,73.280,20.290,-0.480,1040
56625.00,-0.2040,-0.7080,8.0230,83.420,28.900,-0.280,1040
56635.00,1.3630,0.2640,7.3010,93.970,37.000,-0.700,1040
56645.00,1.3790,0.4190,9.0250,20.990,75.430,-4.900,1041
56655.00,1.0600,0.6300,9.5330,7.310,65.050,-3.520,1041
56665.00,0.5830,0.4980,8.8400,20.940,43.440,1.750,1041
56675.00,0.0800,0.4590,9.0690,42.680,30.320,4.550,1041
56685.00,-0.5940,0.6860,9.0740,71.620,27.180,4.970,1041
56695.00,-0.9570,1.3330,10.2710,101.480,32.150,5.850,1042
56705.00,-0.9430,1.7800,11.0140,100.150,32.800,6.550,1042
56715.00,-1.6330,2.0810,11.4980,90.960,34.990,8.020,1042
56725.00,-1.8170,2.0210,12.5950,82.860,41.290,9.170,1042
56735.00,-2.2910,2.1330,12.2040,72.530,36.560,-7.720,1042
56745.00,-1.3620,2.5780,13.2110,83.780,34.100,-2.370,1043
56755.00,-1.9330,2.4020,12.2510,83.750,25.680,5.480,1043
56765.00,-1.4390,2.9940,11.9360,88.230,21.670,4.540,1043
56775.00,-1.7190,2.5220,10.7940,84.960,17.030,6.220,1043
56785.00,-1.4540,2.6810,10.6340,75.240,23.020,5.320,1043
56795.00,-1.2550,2.5960,10.3690,64.060,23.160,4.710,1044
56805.00,-0.8540,2.3790,10.4380,53.510,18.450,2.490,1044
56815.00,-1.2760,2.4050,10.5170,44.810,11.850,-2.720,1044
56825.00,-1.5860,4.0100,10.2770,42.170,8.480,-3.350,1044
56835.00,-2.0350,3.7800,10.9860,36.480,14.010,2.260,1044
56845.00,-2.0490,2.7750,10.7030,46.440,13.830,1.420,1045
56855.00,-1.8290,3.4210,10.4430,48.290,10.730,-5.620,1045
56865.00,-1.5030,3.8830,9.8830,50.990,5.480,-7.070,1045
56875.00,-1.1670,4.0590,9.5840,48.280,4.470,-2.720,1045
56885.00,-0.7960,4.0040,9.5110,37.780,7.990,0.370,1045
56895.00,-0.6960,4.2170,9.5950,29.430,12.970,0.670,1046
56905.00,-0.8670,4.1410,9.0980,24.700,16.820,1.700,1046
56915.00,-1.2840,4.0070,9.1410,16.430,27.570,0.280,1046
56925.00,-1.0620,4.1940,9.7240,8.040,40.120,-4.030,1046
56935.00,-0.9210,4.3510,10.9180,-9.920,42.500,-7.270,1046
56945.00,-1.7740,4.0340,11.2520,-16.520,38.730,-9.240,1047
56955.00,-2.0250,4.2340,11.5690,-14.570,32.610,-11.890,1047
56965.00,-1.7500,4.4300,11.8320,-15.800,25.940,-13.180,1047
56975.00,-2.3170,4.2410,11.8580,-37.500,13.660,-13.570,1047
56985.00,-1.5380,2.7270,10.4670,-27.000,3.350,-12.460,1047
56995.00,-1.6680,5.0380,10.0400,-5.540,6.180,-22.840,1048
57005.00,-1.9150,2.9830,9.5970,4.140,3.450,-10.920,1048
57015.00,-1.8920,3.9900,9.6780,10.130,4.280,-12.500,1048
57025.00,-2.0510,3.9970,9.3180,20.700,1.390,-10.570,1048
57035.00,-1.9410,4.2230,9.2960,26.420,4.170,-3.640,1048
57045.00,-2.0360,3.8040,9.6390,25.530,15.970,1.120,1049
57055.00,-2.0780,3.9300,9.9790,26.210,21.020,-0.690,1049
57065.00,-1.9470,4.1430,10.4060,25.840,24.720,-2.490,1049
57075.00,-1.8620,4.3450,10.6510,23.130,25.730,-2.940,1049
57085.00,-1.8990,4.3400,10.6140,16.480,24.000,-2.650,1049
57095.00,-1.9030,4.2080,10.4090,10.440,21.010,-1.740,1050
57105.00,-1.9190,4.1920,10.4090,8.810,19.730,-1.140,1050
57115.00,-1.9690,4.1910,10.4250,8.040,18.560,-0.690,1050
57125.00,-2.0550,4.1700,10.4800,7.120,16.600,0.510,1050
57135.00,-2.0500,4.2250,10.6210,7.310,13.950,1.860,1050
57145.00,-2.1610,4.1510,10.5760,6.610,10.590,3.400,1051
57155.00,-2.3070,3.9820,10.2790,6.630,7.460,4.060,1051
57165.00,-2.3180,3.9170,10.1180,6.430,5.610,3.570,1051
57175.00,-2.3110,3.9010,9.9140,6.660,3.890,2.940,1051
57185.00,-2.2560,3.9670,9.9560,4.810,4.290,1.680,1051
57195.00,-2.1970,4.0600,10.2640,3.300,3.800,1.230,1052
57205.00,-2.1970,4.0790,10.2910,1.660,-0.320,1.880,1052
57215.00,-2.1710,4.0270,10.2520,1.480,-3.820,2.790,1052
57225.00,-2.1550,4.1240,10.5320,3.550,-4.570,2.910,1052
57235.00,-2.0980,4.3590,10.7210,5.100,-5.880,3.210,1052
57245.00,-2.0560,4.4570,11.3410,-2.410,-5.620,5.530,1053
57255.00,-2.1780,4.3140,10.9690,-5.720,-7.530,6.160,1053
57265.00,-2.2210,4.1300,10.7650,-9.640,-6.480,6.340,1053
57275.00,-2.3130,3.9250,10.6000,-13.350,-5.880,5.730,1053
57285.00,-2.2380,3.8390,10.4060,-16.390,-6.110,3.920,1053
57295.00,-2.0870,3.7710,10.4030,-18.810,-7.090,2.580,1054
57305.00,-1.9950,3.9430,10.4970,-19.680,-8.720,2.100,1054
57315.00,-1.8790,4.0460,10.7950,-23.200,-8.860,2.400,1054
57325.00,-1.9860,3.9910,11.2070,-28.770,-8.070,3.280,1054
57335.00,-2.2260,3.8090,10.7440,-32.980,-6.910,3.840,1054
57345.00,-2.2520,3.5400,10.4370,-37.500,-0.040,2.800,1055
57355.00,-2.1990,3.3840,10.3620,-42.120,7.880,-0.060,1055
57365.00,-2.1570,3.3000,10.5710,-42.570,12.170,-2.750,1055
57375.00,-2.1100,3.2320,10.7180,-41.420,10.590,-4.430,1055
57385.00,-2.1880,3.2150,10.6580,-38.710,6.620,-5.240,1055
57395.00,-2.0060,3.3100,10.7400,-37.850,3.820,-5.570,1056
57405.00,-1.8590,3.3850,10.7040,-38.620,1.910,-4.920,1056
57415.00,-2.0740,3.2440,10.7560,-38.390,-0.120,-3.140,1056
57425.00,-2.1900,3.1920,10.5990,-34.380,-3.130,-2.240,1056
57435.00,-1.9500,3.2670,10.7090,-30.950,-3.470,-3.080,1056
57445.00,-1.8260,3.2050,10.4540,-29.640,-5.110,-3.520,1057
57455.00,-1.8060,3.1720,10.2550,-33.580,-4.590,-4.520,1057
57465.00,-1.7940,3.1150,10.3980,-36.800,-2.140,-4.920,1057
57475.00,-1.6130,3.2510,10.6030,-38.010,-1.730,-6.020,1057
57485.00,-1.5400,3.1250,10.2230,-39.620,-4.660,-5.310,1057
57495.00,-1.5310,3.1450,10.4120,-39.020,-4.130,-3.560,1058
57505.00,-1.5680,3.1340,10.5910,-39.650,-2.910,-1.740,1058
57515.00,-1.7190,2.8100,10.3110,-37.460,-2.680,0.970,1058
57525.00,-1.7570,2.6880,10.4610,-31.580,-2.400,2.100,1058
57535.00,-1.7180,2.6600,10.4960,-27.470,-4.870,2.840,1058
57545.00,-1.9270,2.5600,10.5650,-24.300,-7.070,4.060,1059
57555.00,-1.7610,2.6500,10.5410,-17.970,-8.980,4.820,1059
57565.00,-1.6150,2.5530,10.6260,-16.670,-10.730,5.170,1059
57575.00,-1.4440,2.6700,10.6450,-20.280,-13.670,3.980,1059
57585.00,-1.2920,2.7080,10.5210,-27.520,-16.540,4.030,1059
57595.00,-1.3470,2.6040,10.5640,-34.700,-19.410,5.990,1060
57605.00,-1.6450,2.3180,10.3650,-38.340,-23.420,7.770,1060
57615.00,-1.4720,2.1170,9.9460,-35.540,-28.820,7.860,1060
57625.00,-1.6330,2.2560,9.5730,-31.970,-34.420,3.920,1060
57635.00,-1.5870,1.8650,9.4710,-32.320,-34.740,7.910,1060
57645.00,-1.1880,2.1750,9.5780,-22.380,-38.570,7.320,1061
57656.00,-0.9890,2.4260,9.8210,-20.590,-39.240,10.240,1061
57666.00,0.0160,2.1540,10.3450,-20.940,-40.950,12.760,1061
57676.00,-2.4370,2.3270,8.6390,-16.990,-43.540,11.760,1061
57686.00,-1.0670,2.2220,9.5090,-12.580,-33.430,15.910,1061
57696.00,-0.6930,2.4280,9.5360,-4.060,-32.150,14.810,1062
57706.00,-0.8270,2.1460,8.9030,-11.930,-30.800,15.540,1062
57716.00,-0.6890,2.0020,8.8370,-13.470,-27.510,15.810,1062
57726.00,-1.2590,1.4050,9.2010,-16.100,-26.570,15.980,1062
57736.00,0.0280,2.5230,8.2890,-46.270,-16.980,20.990,1062
57746.00,-1.1380,1.7750,8.7560,-17.600,-18.780,18.270,1063
57756.00,-0.7750,1.5980,5.9270,-29.410,-11.740,19.590,1063
57766.00,-1.1430,0.4350,6.1680,-21.290,13.730,12.600,1063
57776.00,0.4420,2.0180,10.2800,-28.000,23.440,10.450,1063
57786.00,0.4180,2.1240,10.4010,-17.080,-8.790,11.710,1063
57796.00,0.0070,2.0370,9.3100,-17.360,-25.620,11.780,1064
57806.00,-0.2500,1.8980,9.6800,-23.520,-21.950,12.100,1064
57816.00,-0.1430,1.8480,9.7240,-24.720,-23.240,12.800,1064
57826.00,-0.0650,1.5850,9.2190,-24.440,-28.400,12.800,1064
57836.00,0.0410,1.3000,8.5890,-27.170,-31.380,12.270,1064
57846.00,-0.0270,0.5460,7.6730,-35.490,-30.890,14.300,1065
57856.00,-0.0380,0.4410,6.9220,-46.950,-21.040,7.300,1065
57866.00,0.0340,0.5580,7.5260,-52.930,-5.220,1.120,1065
57876.00,0.2170,0.5140,7.5200,-57.730,0.390,-0.670,1065
57886.00,0.2520,0.2960,7.3310,-57.690,5.780,-2.910,1065
57896.00,0.3900,0.3150,7.3630,-57.060,13.410,-6.180,1066
57906.00,-0.5350,0.2300,7.8250,-56.010,20.590,-8.070,1066
57916.00,1.0570,0.6980,8.9860,-49.290,24.790,-9.300,1066
57926.00,0.7990,1.0310,9.3180,-44.800,21.040,-8.000,1066
57936.00,0.3620,0.5970,9.1780,-42.290,10.030,-3.010,1066
57946.00,0.3720,0.5410,8.6650,-31.510,2.070,0.020,1067
57956.00,0.3300,0.3800,8.5730,-26.530,-1.260,2.610,1067
57966.00,0.4720,0.4240,8.2610,-21.490,-2.920,3.140,1067
57976.00,0.5140,0.2720,8.1450,-21.350,-2.030,4.360,1067
57986.00,0.3860,0.1810,8.0880,-21.450,-1.540,5.220,1067
57996.00,0.2810,0.1590,7.9750,-22.500,-0.440,5.710,1068
58006.00,0.2380,0.1980,8.1430,-22.850,3.650,5.710,1068
58016.00,0.1300,0.3150,8.4630,-22.610,8.280,5.450,1068
58026.00,-0.2510,0.1900,9.3370,-22.130,11.540,5.200,1068
58036.00,-0.5300,0.2870,9.9360,-13.470,7.080,4.290,1068
58046.00,-0.4830,0.4830,10.1030,4.790,2.840,3.850,1069
58056.00,-0.5130,0.5870,10.3390,10.140,10.100,2.510,1069
58066.00,-0.5970,0.4370,10.4410,9.080,10.540,2.560,1069
58076.00,-0.7930,0.4820,11.5510,7.010,8.040,0.340,1069
58086.00,-1.3140,0.5770,10.9000,7.470,-1.510,-0.760,1069
58096.00,-0.6750,0.9260,10.5060,7.310,2.140,-0.690,1070
58106.00,-2.0150,-0.1480,10.3580,1.900,11.140,-0.930,1070
58116.00,-0.8490,0.5470,10.2610,1.760,14.040,-5.530,1070
58126.00,-1.1430,0.3930,10.1990,-5.250,16.110,-6.390,1070
58136.00,0.4060,0.3490,10.8920,-8.660,16.880,-8.040,1070
58146.00,-1.7500,0.7920,9.5730,-22.430,12.240,-7.130,1071
58156.00,-0.0200,1.2720,10.4380,-13.350,10.870,-5.270,1071
58166.00,-1.5760,-0.2630,9.3160,-13.420,7.430,-3.920,1071
58176.00,0.3400,1.4480,10.7840,-7.070,10.520,-7.060,1071
58186.00,-0.7640,0.1710,9.3750,-10.150,3.580,-2.450,1071
58196.00,-0.7250,0.3560,10.0910,-6.610,4.430,-2.370,1072
58206.00,0.0450,0.8250,10.0480,-4.630,1.790,-2.910,1072
58216.00,-0.4970,0.5070,9.9820,-6.240,1.350,-1.120,1072
58226.00,-0.6750,0.5390,10.0360,-11.090,-0.110,-1.530,1072
58236.00,-1.1300,0.1160,9.4850,-13.090,-2.770,-2.840,1072
58246.00,0.2690,0.7050,9.5680,-8.120,-0.700,-4.270,1073
58256.00,1.0680,1.0130,10.8690,-5.420,-2.520,-3.820,1073
58266.00,-2.0630,-0.6350,9.2380,-12.180,-10.450,0.670,1073
58276.00,-0.4730,0.3910,10.4120,-1.310,-6.670,-3.910,1073
58286.00,-0.5670,0.5000,10.4910,-3.090,-8.800,-4.030,1073
58296.00,-0.8480,-0.1010,9.5910,-7.210,-11.360,-2.860,1074
58306.00,-0.4850,0.4110,10.7400,0.310,-7.580,-2.790,1074
58316.00,-0.6890,0.2140,10.2420,-0.640,-10.970,-4.430,1074
58326.00,-0.6710,0.5940,10.0460,-0.610,-9.000,-3.770,1074
58336.00,-0.2340,0.5070,10.4440,-0.210,-7.390,-1.910,1074
58346.00,-0.3570,0.4000,10.2060,0.310,-8.800,-0.830,1075
58356.00,-0.4390,0.4350,9.9820,1.850,-8.820,0.270,1075
58366.00,-0.2690,0.4640,10.2850,3.060,-8.450,1.090,1075
58376.00,-0.2180,0.7310,10.0130,3.790,-8.910,0.860,1075
58386.00,-0.3360,0.4270,10.0770,3.970,-9.450,1.280,1075
58396.00,-0.2820,0.4920,10.0450,3.390,-11.810,1.320,1076
58406.00,-0.2620,0.4530,10.1760,2.900,-13.390,1.700,1076
58416.00,-0.2230,0.4490,10.1500,1.590,-14.580,1.770,1076
58426.00,-0.1660,0.4170,10.1500,1.030,-15.420,1.820,1076
58436.00,-0.1000,0.5150,10.1320,1.060,-16.010,2.170,1076
58446.00,-0.0780,0.4310,10.0660,1.310,-16.940,2.820,1077
58456.00,0.1000,0.5400,10.1070,0.970,-17.830,3.770,1077
58466.00,0.1860,0.6250,10.0730,1.030,-17.120,3.940,1077
58476.00,0.1730,0.5440,9.9010,0.620,-15.070,4.120,1077
58486.00,0.2730,0.5910,10.0770,0.080,-12.880,3.920,1077
58496.00,0.2620,0.5620,9.9610,0.610,-11.760,4.290,1078
58506.00,0.3070,0.5180,10.1570,-1.130,-9.910,3.780,1078
58516.00,0.2330,0.4180,10.0830,-0.960,-9.420,3.260,1078
58526.00,0.2460,0.4590,10.2720,-0.190,-10.060,2.860,1078
58536.00,0.2150,0.4860,10.2080,1.320,-10.780,2.720,1078
58546.00,0.2580,0.4480,10.2320,1.100,-9.260,2.210,1079
58556.00,0.2600,0.4720,10.2590,0.620,-7.820,1.490,1079
58566.00,0.3150,0.5180,10.1880,-0.350,-6.690,1.210,1079
58576.00,0.3430,0.5620,10.3220,-1.970,-4.220,1.000,1079
58586.00,0.2940,0.6050,10.1120,-2.990,-2.280,0.840,1079
58596.00,0.3340,0.5910,10.1180,-3.620,-0.040,0.880,1080
58606.00,0.3380,0.5810,10.1070,-3.640,1.160,1.400,1080
58616.00,0.2930,0.5940,10.0000,-4.040,1.200,1.580,1080
58626.00,0.2770,0.5760,10.0030,-3.270,0.460,1.630,1080
58636.00,0.3200,0.6340,10.1000,-1.730,0.010,1.490,1080
58646.00,0.3080,0.6100,10.0530,-1.150,-0.440,1.460,1081
58656.00,0.3240,0.6370,10.0860,0.130,-2.000,0.980,1081
58666.00,0.2670,0.6380,10.0850,-1.330,-2.330,0.970,1081
58677.00,0.2940,0.6350,10.1140,-2.670,-2.290,0.670,1081
58687.00,0.3660,0.7040,10.2350,-3.230,-1.750,0.370,1081
58697.00,0.2410,0.5560,9.9310,-4.670,-1.170,-0.270,1082
58707.00,0.3390,0.6740,10.1590,-5.650,-0.020,-0.740,1082
58717.00,0.3440,0.7390,9.7950,-6.050,0.250,-0.490,1082
58727.00,0.2280,0.5060,10.3400,-5.860,1.270,0.490,1082
58737.00,0.3270,0.6560,10.0520,-4.700,-0.400,0.910,1082
58747.00,0.3200,0.5910,10.0820,-4.760,1.690,2.050,1083
58757.00,0.3190,0.5920,9.9000,-5.300,3.230,1.950,1083
58767.00,0.3750,0.6800,10.0790,-5.790,4.640,2.380,1083
58777.00,0.3420,0.4420,9.8260,-5.350,5.080,2.650,1083
58787.00,0.5250,0.8150,10.4140,-4.300,7.060,2.330,1083
58797.00,0.3970,0.5930,9.9210,-3.570,4.280,3.590,1084
58807.00,0.2750,0.4240,9.5860,-5.770,8.280,2.820,1084
58817.00,0.4540,0.5680,10.2120,-5.070,9.300,2.380,1084
58827.00,0.3970,0.3500,9.2820,-5.000,7.220,3.030,1084
58837.00,0.4280,0.6490,10.6070,-4.760,8.880,2.510,1084
58847.00,0.3640,0.4760,9.7140,-3.500,4.910,3.170,1085
58857.00,0.3540,0.4920,9.8210,-2.600,5.590,2.520,1085
58867.00,0.2830,0.7480,10.7060,-2.660,6.640,1.580,1085
58877.00,0.2630,0.4960,9.7450,-3.020,5.470,1.720,1085
58887.00,0.3060,0.7800,10.5270,-4.160,8.830,0.160,1085
58897.00,0.1970,0.7260,10.6700,-2.990,5.550,1.040,1086
58907.00,0.2350,0.6300,10.2790,-1.360,2.980,1.460,1086
58917.00,0.2110,0.5640,10.2070,-1.400,4.470,1.110,1086
58927.00,0.2260,0.5700,10.0860,0.750,5.130,0.880,1086
58937.00,0.2480,0.6100,10.1490,3.390,6.100,0.480,1086
58947.00,0.2790,0.6190,10.0550,5.470,7.200,-0.160,1087
58957.00,0.2110,0.6690,10.0550,4.810,7.200,-0.510,1087
58967.00,0.2730,0.7400,10.1450,1.170,5.940,-0.280,1087
58977.00,0.1680,0.7360,10.2110,-5.300,4.070,0.250,1087
58987.00,0.1800,0.5990,10.0070,-8.120,2.980,0.650,1087
58997.00,0.2110,0.6930,10.3280,-4.460,4.540,-0.020,1088
59007.00,0.1530,0.7040,10.1320,-3.110,4.940,-0.510,1088
59017.00,0.1380,0.6440,10.0960,-3.530,6.730,-1.230,1088
59027.00,0.1230,0.6110,10.0270,-2.660,7.900,-1.420,1088
59037.00,0.1780,0.5710,10.0640,-1.780,8.350,-1.260,1088
59047.00,0.1980,0.5650,9.9940,-2.570,7.760,-1.110,1089
59057.00,0.2630,0.6680,10.1060,-3.020,6.970,0.090,1089
59067.00,0.2270,0.7040,10.1490,-7.710,6.320,0.490,1089
59077.00,0.2110,0.6670,10.0900,-9.410,6.760,1.050,1089
59087.00,0.1670,0.6020,10.0410,-9.590,6.850,1.490,1089
59097.00,0.1920,0.5810,10.0350,-6.960,5.970,2.000,1090
59107.00,0.1790,0.5830,10.0550,-5.460,4.780,2.770,1090
59117.00,0.1410,0.5690,10.0640,-3.580,3.520,3.610,1090
59127.00,0.1180,0.6110,10.0650,-2.180,2.040,3.920,1090
59137.00,0.1110,0.6190,10.0530,-1.520,0.720,4.170,1090
59147.00,0.1110,0.6140,10.0520,-0.680,0.150,4.380,1091
59157.00,0.0920,0.6020,10.0360,0.710,0.090,4.170,1091
59167.00,0.1080,0.6540,10.1380,1.220,-0.530,3.910,1091
59177.00,0.1500,0.6600,10.1040,-0.540,-1.790,3.990,1091
59187.00,0.1690,0.6910,10.1400,-2.430,-1.860,3.940,1091
59197.00,0.1610,0.6470,10.0710,-4.110,-1.800,3.840,1092
59207.00,0.1710,0.6830,10.1140,-3.430,-1.700,3.680,1092
59217.00,0.1780,0.6360,10.0970,-2.290,-1.930,3.850,1092
59227.00,0.1840,0.6530,10.0510,-0.380,-2.000,3.630,1092
59237.00,0.2280,0.6710,10.0860,0.470,-2.030,3.210,1092
59247.00,0.2390,0.6790,10.1160,1.460,-3.010,3.280,1093
59257.00,0.2000,0.6950,10.0280,2.370,-3.800,3.050,1093
59267.00,0.2460,0.6830,10.0960,-2.040,-1.940,2.030,1093
59277.00,0.2390,0.6690,10.1020,-2.320,-2.260,2.070,1093
59287.00,0.2540,0.6410,10.0180,-2.600,-3.240,2.350,1093
59297.00,0.2890,0.6960,10.1570,-2.690,-3.610,2.280,1094
59307.00,0.2500,0.6910,10.1200,-1.680,-3.170,2.470,1094
59317.00,0.2880,0.7200,10.1280,-0.430,-1.510,2.300,1094
59327.00,0.2900,0.7150,10.1310,1.100,-0.120,2.170,1094
59337.00,0.3070,0.6950,10.0800,1.170,0.110,2.190,1094
59347.00,0.3250,0.7380,10.0900,0.570,0.270,1.860,1095
59357.00,0.3050,0.6930,9.9870,0.340,0.060,1.770,1095
59367.00,0.3090,0.4880,9.5910,-1.220,0.760,0.950,1095
59377.00,0.2570,0.6650,10.0030,-2.950,4.400,-1.020,1095
59387.00,0.3260,0.8750,10.1790,-1.870,3.730,-0.770,1095
59397.00,0.2790,0.8410,10.2050,-2.940,2.530,0.300,1096
59407.00,0.3190,0.9490,10.4170,-4.580,2.350,0.810,1096
59417.00,0.3310,0.8660,10.2770,-4.340,0.780,1.680,1096
59427.00,0.2910,0.7480,10.0180,-4.790,1.580,1.510,1096
59437.00,0.3330,0.7870,10.1130,-3.360,3.450,0.880,1096
59447.00,0.3200,0.7340,10.0240,-3.250,3.800,0.900,1097
59457.00,0.3900,0.8860,9.7710,-2.900,3.840,1.020,1097
59467.00,0.2590,0.7950,10.1640,-4.350,5.640,0.760,1097
59477.00,0.2690,0.7630,10.1300,-3.830,5.220,0.440,1097
59487.00,0.2560,0.7640,10.1180,-5.470,5.050,0.460,1097
59497.00,0.2350,0.7230,10.1090,-7.780,4.920,0.930,1098
59507.00,0.2200,0.7030,10.1670,-8.820,5.380,1.070,1098
59517.00,0.1980,0.6080,10.1630,-8.990,5.620,0.770,1098
59527.00,0.2260,0.6420,10.1510,-8.830,5.240,0.200,1098
59537.00,0.2710,0.6800,10.1530,-8.520,4.590,-0.090,1098
59547.00,0.3310,0.7480,10.1610,-7.380,4.120,0.070,1099
59557.00,0.2840,0.7350,10.0850,-7.990,4.150,0.720,1099
59567.00,0.2910,0.7280,9.9980,-7.870,4.820,1.090,1099
59577.00,0.3500,0.7580,10.0390,-5.910,5.080,1.790,1099
59587.00,0.3700,0.7650,9.9850,-4.390,5.430,2.840,1099
59597.00,0.2900,0.7660,10.1030,-5.000,6.620,3.420,1100
59607.00,0.2930,0.6600,10.0410,-4.180,6.800,3.610,1100
59617.00,0.2540,0.6110,10.0520,-2.920,6.810,3.030,1100
59627.00,0.2570,0.5930,10.0220,-1.660,5.730,2.790,1100
59637.00,0.2320,0.5910,10.1190,-0.030,4.540,2.520,1100
59647.00,0.1900,0.6440,10.0430,0.960,3.190,2.170,1101
59657.00,0.1550,0.5850,10.0960,0.730,2.540,2.090,1101
59667.00,0.1300,0.6460,10.1750,-0.380,-0.110,1.750,1101
59677.00,0.1370,0.6860,10.1460,-1.150,-1.000,1.670,1101
59687.00,0.1380,0.7130,10.1120,-1.380,-0.770,1.740,1101
59697.00,0.1560,0.7270,10.0760,-1.410,0.160,1.600,1102
59708.00,0.1780,0.7500,10.0880,-1.340,0.830,1.260,1102
59718.00,0.1890,0.7520,10.0650,-1.470,1.140,0.830,1102
59728.00,0.2360,0.7480,10.0640,-1.270,0.640,0.720,1102
59738.00,0.2270,0.7320,10.0160,-1.060,-0.470,0.630,1102
59748.00,0.2400,0.7540,10.0570,-0.500,-1.160,0.350,1103
59758.00,0.2780,0.7840,10.0720,0.260,-1.660,0.140,1103
59768.00,0.2540,0.7720,10.0660,0.410,-1.870,0.110,1103
59778.00,0.2360,0.7710,10.0890,0.500,-1.860,0.000,1103
59788.00,0.2660,0.6460,9.9130,0.940,-1.930,0.040,1103
59798.00,0.2240,0.5250,9.2530,-1.660,2.350,-0.790,1104
59808.00,0.2650,0.9830,10.4430,-1.480,5.150,-1.670,1104
59818.00,0.2820,0.8270,10.0890,0.310,0.160,-0.300,1104
59828.00,0.1860,0.7160,9.9400,-1.050,0.530,-0.480,1104
59838.00,0.2700,0.6800,9.8240,-0.280,0.930,-1.090,1104
59848.00,0.2870,0.7470,9.8680,0.470,1.060,-1.540,1105
59858.00,0.2900,0.7810,9.8890,0.120,1.040,-1.580,1105
59868.00,0.2890,0.7410,9.7450,-0.630,1.740,-1.510,1105
59878.00,0.2970,0.7600,9.7980,-1.550,3.770,-2.300,1105
59888.00,0.3120,0.8740,10.0730,-2.100,5.270,-2.800,1105
59898.00,0.3290,0.8930,10.1240,-2.150,5.330,-2.370,1106
59908.00,0.2540,0.7830,10.0150,-2.430,4.240,-1.510,1106
59918.00,0.2390,0.7070,9.7390,-2.220,3.230,-1.160,1106
59928.00,0.2640,0.6910,9.8220,-3.480,4.030,-1.300,1106
59938.00,0.2970,0.8480,10.1090,-3.580,4.940,-1.820,1106
59948.00,0.3240,0.9710,10.5000,-3.090,3.820,-1.350,1107
59958.00,0.2700,0.9340,10.4380,-1.100,0.790,0.060,1107
59968.00,0.2320,0.8470,10.2770,0.710,-0.420,0.690,1107
59978.00,0.2220,0.7830,10.2260,1.380,-0.320,0.690,1107
59988.00,0.2380,0.8180,10.2770,2.220,-0.210,0.490,1107
59998.00,0.2450,0.8180,10.2180,2.180,0.360,0.210,1108
60008.00,0.4130,0.9260,10.3500,1.620,3.170,-1.350,1108
60018.00,0.2240,0.9200,10.4330,-0.120,3.590,-2.280,1108
60028.00,0.2600,0.8080,9.9140,-1.120,0.460,0.110,1108
60038.00,0.3110,0.9770,10.4530,-1.730,4.190,-1.300,1108
60048.00,0.3190,0.8670,10.0940,-2.240,2.180,-0.790,1109
60058.00,0.2590,0.8660,10.0090,-1.990,1.560,-0.070,1109
60068.00,0.3090,0.9710,10.3440,-1.690,6.110,-0.480,1109
60078.00,0.2380,0.7810,9.9260,-4.060,4.010,0.720,1109
60088.00,0.2240,0.8500,9.8790,-3.990,5.150,0.970,1109
60098.00,0.3660,0.9330,10.3020,-7.280,8.200,0.130,1110
60108.00,0.3150,0.9570,10.3130,-8.080,5.970,0.070,1110
60118.00,0.2410,0.9970,10.2730,-5.040,4.210,0.550,1110
60128.00,0.2760,0.9510,10.2840,-4.930,3.840,0.930,1110
60138.00,0.2470,0.9000,10.0800,-4.440,2.440,1.560,1110
60148.00,0.4610,0.9660,10.2060,-5.320,2.560,1.880,1111
60158.00,-0.0030,0.7720,9.9780,-9.900,1.770,2.650,1111
60168.00,0.1500,0.7930,9.9600,-12.050,2.090,0.690,1111
60178.00,0.1800,0.8250,9.9720,-11.720,3.160,0.700,1111
60188.00,0.1680,0.7410,9.8460,-8.610,4.850,3.660,1111
60198.00,0.1910,0.7800,9.9900,-11.160,7.130,3.770,1112
60208.00,0.2560,0.7640,10.0520,-12.160,7.600,4.570,1112
60218.00,0.1670,1.0220,10.1080,-11.630,7.570,5.870,1112
60228.00,0.1830,0.9150,10.4500,-11.320,9.610,11.610,1112
60238.00,0.1080,0.7960,10.4010,-12.210,9.740,13.580,1112
60248.00,0.0510,0.8700,10.3130,-9.250,10.000,14.580,1113
60258.00,-0.0800,0.8660,10.5140,-2.100,12.330,18.340,1113
60268.00,0.5820,0.5750,12.1390,-5.750,11.080,2.680,1113
60278.00,0.6340,0.7200,12.4180,34.280,-19.230,-4.540,1113
60288.00,0.4360,0.4880,11.4160,85.690,-40.500,-8.720,1113
60298.00,1.4830,-2.2570,10.8830,114.300,-43.310,-19.430,1114
60308.00,1.6980,-4.4730,9.2310,60.330,-20.000,-54.950,1114
60318.00,-2.3070,-0.0650,10.2320,13.240,-9.360,-102.080,1114
60328.00,-0.5930,4.2990,8.8180,8.950,-36.560,-110.670,1114
60338.00,0.8570,4.8810,8.0360,22.150,-44.500,-79.260,1114
60348.00,0.4900,4.7950,7.5070,36.570,-33.920,-40.730,1115
60358.00,0.8110,3.1310,7.2570,36.480,-15.720,-6.900,1115
60368.00,0.5880,1.4780,8.5600,39.330,3.540,9.510,1115
60378.00,0.3150,1.0320,9.4430,34.420,12.200,12.360,1115
60388.00,0.3630,1.3190,9.5680,22.130,14.760,9.420,1115
60398.00,0.4250,1.8100,9.8040,18.020,18.500,6.090,1116
60408.00,0.4300,2.1750,10.2720,17.770,22.350,4.760,1116
60418.00,0.3320,1.8140,9.8210,11.160,21.570,6.390,1116
60428.00,0.2140,1.3890,9.6210,7.400,23.230,5.800,1116
60438.00,0.3900,1.4700,10.3270,11.510,26.760,0.700,1116
60448.00,0.5450,2.5410,10.6540,18.330,23.680,-4.100,1117
60458.00,0.3140,2.0600,11.1150,17.560,14.460,2.120,1117
60468.00,0.2890,1.1300,0.8390,10.510,1.930,6.710,1117
60478.00,-0.0920,3.0560,20.8550,-12.350,62.010,1.370,1117
60488.00,0.1860,2.9200,11.2150,-4.530,-2.190,5.340,1117
60498.00,-0.0470,0.9910,6.7980,-5.790,-16.260,8.000,1118
60508.00,0.1930,2.6120,11.8200,-8.010,14.710,1.740,1118
60518.00,0.0800,1.9930,10.9220,-11.340,5.030,2.070,1118
60528.00,0.0040,1.7320,9.4830,-8.660,0.930,0.230,1118
60538.00,0.2360,1.9800,10.4080,-7.490,7.180,-1.470,1118
60548.00,0.2390,1.9940,10.4410,-4.550,3.020,-0.180,1119
60558.00,0.1790,1.5560,9.8050,-4.900,-3.940,2.240,1119
60568.00,0.2970,1.5150,9.6580,-4.370,-5.710,1.390,1119
60578.00,0.4230,2.1280,9.8350,-7.030,-3.660,-1.720,1119
60588.00,0.3270,1.9390,9.7780,-8.760,-2.520,0.020,1119
60598.00,0.3870,2.0310,10.1550,-6.280,-0.470,0.420,1120
60608.00,0.3320,2.0170,9.9870,-6.820,-1.170,1.190,1120
60618.00,0.5060,2.2890,9.5130,0.130,-3.570,3.780,1120
60628.00,0.4330,1.6970,8.2770,3.770,-4.870,9.540,1120
60638.00,0.3810,1.5180,7.9380,12.070,3.210,13.440,1120
60648.00,0.5280,2.1550,8.6970,24.790,13.270,16.420,1121
60658.00,-0.6080,-4.3680,-1.1030,-23.780,44.670,30.240,1121
60668.00,-1.4950,0.1140,14.4110,-251.370,240.330,14.630,1121
60679.00,0.6110,1.5300,13.2400,11.510,-12.130,8.810,1121
60688.00,0.3130,1.2860,15.4160,97.500,-24.940,0.790,1121
60698.00,-1.0770,4.8310,9.1920,54.020,-47.720,-1.390,1122
60708.00,-0.5570,-0.5370,6.3940,10.720,-26.530,10.910,1122
60718.00,0.0640,1.2750,10.3510,-3.200,4.220,-1.390,1122
60729.00,-0.3290,1.5200,10.2140,1.250,1.970,-3.660,1122
60739.00,-0.2810,1.1960,10.3220,15.150,-5.020,2.680,1122
60749.00,-0.1020,1.4840,10.7280,28.730,-11.100,4.710,1123
60759.00,0.4010,1.9950,9.6100,31.020,-14.300,1.320,1123
60769.00,0.0590,1.6390,9.6280,20.380,-9.210,2.240,1123
60779.00,0.3250,1.7890,9.3610,12.730,-9.310,3.400,1123
60789.00,0.5500,2.0700,8.9520,7.260,-8.450,3.330,1123
60799.00,0.4800,1.5360,8.4430,4.260,-6.480,8.180,1124
60809.00,0.4090,0.9870,9.1210,7.360,-3.050,11.130,1124
60819.00,0.3330,-2.1340,-5.2390,-52.460,0.110,14.480,1124
60829.00,-1.2820,0.6730,18.2100,-238.680,201.100,5.220,1124
60839.00,-0.7870,2.8370,13.9600,-23.030,-13.020,-10.220,1124
60849.00,0.1800,1.7220,11.9610,-31.580,9.230,4.190,1125
60859.00,-0.3660,2.0150,12.7810,37.880,0.920,0.840,1125
60869.00,-0.0990,0.1620,16.2300,83.170,-14.090,0.670,1125
60879.00,1.0980,1.3190,3.1050,24.230,-54.090,19.970,1125
60889.00,-0.6410,-2.2890,8.1850,9.760,-10.750,37.560,1125
60899.00,-0.4010,0.0920,11.2540,-0.190,7.550,8.750,1126
60909.00,-0.5880,0.7340,9.1650,11.260,-3.570,-1.790,1126
60919.00,0.2220,1.9830,11.3310,20.400,0.160,-5.970,1126
60929.00,0.2660,2.0530,10.2060,20.280,-8.380,-5.550,1126
60939.00,0.1020,1.2710,9.3200,12.470,-11.920,-1.530,1126
60949.00,0.3190,1.9960,9.5780,10.040,-10.990,-1.180,1127
60959.00,0.5580,2.0610,9.4630,8.570,-13.090,2.190,1127
60969.00,0.6470,1.7450,8.8920,8.390,-15.120,8.670,1127
60979.00,4.5140,2.7440,-9.8970,11.820,-34.930,15.050,1127
60989.00,-3.2430,-7.3020,23.6040,-221.110,167.080,28.370,1127
60999.00,-2.9010,3.7200,6.4180,-39.490,-30.500,-20.950,1128
61009.00,0.0070,1.6480,11.2470,-64.360,26.060,1.420,1128
61019.00,-0.0080,2.4320,12.0690,14.030,13.320,-0.420,1128
61029.00,-0.5980,1.5910,13.3650,29.810,9.700,3.260,1128
61039.00,-0.9040,1.1160,14.6240,95.050,-9.940,1.950,1128
61049.00,0.0640,7.0620,17.2490,153.150,-25.240,1.050,1129
61059.00,1.0790,0.3690,1.7610,10.070,-50.490,21.840,1129
61069.00,-1.0360,-2.4350,7.8130,-3.690,-5.650,26.690,1129
61079.00,-0.3910,0.7350,8.1880,32.540,-19.200,3.080,1129
61089.00,-0.0660,1.7610,11.0850,34.080,-12.390,6.970,1129
61099.00,0.2590,1.9200,10.7740,33.160,-16.170,5.080,1130
61109.00,0.3790,1.5960,9.0610,25.890,-20.480,3.570,1130
61119.00,0.2760,1.5780,9.4130,30.500,-17.780,6.340,1130
61129.00,0.6560,2.7110,8.2270,27.990,-19.090,7.440,1130
61139.00,0.0310,5.0940,1.4340,29.180,-15.720,17.050,1130
61149.00,3.7530,-10.6870,12.8910,-92.920,109.070,41.920,1131
61159.00,-4.9120,4.6760,1.6850,-108.320,50.530,-18.920,1131
61169.00,0.3700,1.8620,14.2740,-126.030,25.630,-9.260,1131
61179.00,-0.1080,1.9360,11.0960,-70.520,18.220,-8.190,1131
61189.00,-0.7190,1.8580,11.6960,-58.240,32.190,-9.380,1131
61199.00,-0.7340,1.3300,11.5990,-62.170,31.230,-7.790,1132
61209.00,-0.4940,1.1960,11.5890,-41.730,27.990,-7.270,1132
61219.00,-0.3850,1.3660,11.4340,-17.850,20.040,-5.520,1132
61229.00,0.0510,8.4320,9.1420,29.780,9.810,6.990,1132
61239.00,0.0280,0.9470,10.2580,87.340,12.340,67.010,1132
61249.00,-0.2000,-1.1620,10.7470,74.230,14.670,70.810,1133
61259.00,-0.3730,-0.3070,9.1940,45.760,6.970,50.190,1133
61269.00,-0.3230,0.2260,8.5020,13.610,6.220,38.940,1133
61279.00,-0.5200,-0.3210,8.8240,-28.000,8.580,31.890,1133
61289.00,-0.2890,-4.4270,11.0080,-62.860,0.640,19.310,1133
61299.00,0.2230,0.6400,10.5100,-116.410,-28.700,-7.070,1134
61309.00,-0.1550,0.7650,9.8990,-79.780,-39.670,-11.960,1134
61319.00,-0.1100,0.5700,9.9840,-55.050,-36.940,-8.770,1134
61329.00,-0.1830,0.6930,9.8940,-26.400,-33.340,-0.840,1134
61339.00,-0.1710,0.5150,9.6150,-9.170,-29.800,5.430,1134
61349.00,0.1370,0.6560,9.5970,3.350,-25.340,7.270,1135
61359.00,0.3400,0.8320,10.0190,4.890,-19.570,8.300,1135
61369.00,0.1840,0.8130,10.1890,5.490,-17.080,9.660,1135
61379.00,0.0760,0.8510,10.2610,6.420,-17.610,9.960,1135
61389.00,0.1750,0.8230,10.0800,-5.370,-19.200,7.790,1135
61399.00,0.2210,0.6840,10.0040,-19.280,-15.660,4.800,1136
61409.00,0.2050,0.8620,10.7440,-14.330,-7.020,3.730,1136
61419.00,0.5590,1.0210,10.4920,-16.570,-5.340,1.980,1136
61429.00,0.3850,0.7630,10.4130,-14.490,-2.960,4.340,1136
61439.00,0.2410,0.6440,10.4600,-21.560,-0.840,3.210,1136
61449.00,0.1560,0.6870,10.4590,-22.310,2.230,1.390,1137
61459.00,0.2320,0.7250,10.7350,-19.910,5.120,0.070,1137
61469.00,0.1200,0.4070,10.8170,-14.680,5.430,-1.070,1137
61479.00,0.5410,0.9570,10.6250,-1.680,5.640,-4.430,1137
61489.00,0.4410,0.8740,10.4970,-0.590,0.780,-0.530,1137
61499.00,0.3850,0.5630,9.8420,-3.760,-2.170,1.110,1138
61509.00,0.2840,0.3480,9.3350,-9.130,-0.810,0.700,1138
61519.00,0.1710,0.3060,8.9620,-18.700,4.520,-1.860,1138
61529.00,0.1770,0.1510,8.9250,-20.960,10.890,-3.910,1138
61539.00,0.1970,0.3790,9.2870,-15.470,16.070,-5.100,1138
61549.00,0.0780,0.5850,9.8200,-12.210,16.400,-3.910,1139
61559.00,0.1570,0.6170,10.3030,-7.490,14.220,-1.390,1139
61569.00,0.0860,0.4570,9.9880,0.690,10.820,0.630,1139
61579.00,0.1780,0.5130,10.2870,6.870,10.140,1.510,1139
61589.00,0.1860,0.4600,10.3890,5.800,6.950,2.190,1139
61599.00,0.4210,-0.1500,12.3940,-3.320,-8.660,2.630,1140
61609.00,0.3520,0.7480,10.1710,-11.550,-32.800,-3.800,1140
61619.00,0.2770,0.3730,10.1590,-3.080,-30.450,-1.810,1140
61629.00,0.2230,0.4550,10.0880,-1.120,-28.070,-0.160,1140
61639.00,0.3140,0.3170,10.0470,-6.160,-27.250,0.880,1140
61649.00,0.4490,0.3600,10.0920,-14.710,-27.530,0.630,1141
61659.00,0.4000,0.3790,10.1190,-19.040,-25.130,0.550,1141
61669.00,0.3780,0.3310,10.1010,-24.760,-20.410,0.420,1141
61679.00,0.4240,0.2810,10.1760,-29.030,-16.870,0.390,1141
61689.00,0.5280,0.2830,10.1570,-21.070,-12.230,0.390,1141
61699.00,0.5100,0.2260,10.1410,-18.070,-9.350,1.810,1142
61709.00,0.5890,0.2110,10.1450,-14.920,-7.950,3.660,1142
61719.00,0.7030,0.1550,10.1320,-13.050,-6.270,4.900,1142
61729.00,0.6990,0.1560,10.1830,-9.970,-3.900,4.960,1142
61739.00,0.7470,0.1750,10.1630,-2.660,-1.350,4.470,1142
61750.00,0.7200,0.2700,10.0570,0.480,1.370,4.080,1143
61760.00,0.5820,0.2230,10.1220,-5.680,4.350,4.220,1143
61770.00,0.6910,0.1590,10.1250,-6.370,5.050,4.360,1143
61780.00,0.6770,0.1690,10.1560,-3.850,6.270,3.730,1143
61790.00,0.6020,0.2420,10.1270,-1.520,8.900,2.520,1143
61800.00,0.5000,0.2660,10.1340,-0.710,12.240,1.300,1144
61810.00,0.5980,0.2330,10.1560,2.160,14.440,0.000,1144
61820.00,0.5870,0.2930,10.1210,7.990,14.810,-0.210,1144
61830.00,0.6240,0.3300,10.0370,10.790,13.520,1.460,1144
61840.00,0.5580,0.2640,10.0920,4.890,12.340,1.880,1144
61850.00,0.4430,0.2650,10.0960,2.090,11.290,1.600,1145
61860.00,0.4520,0.2780,10.1410,1.080,11.960,1.120,1145
61870.00,0.4670,0.3090,10.1140,2.270,13.480,0.790,1145
61880.00,0.4890,0.3340,10.0700,2.460,15.140,0.630,1145
61890.00,0.3970,0.3270,10.1460,-5.630,11.750,0.040,1145
61900.00,0.4700,0.3750,10.2400,-9.600,8.720,-0.020,1146
61910.00,0.3560,0.3050,9.9010,-13.120,5.270,0.670,1146
61920.00,0.3660,0.2260,9.9500,-12.180,4.820,1.470,1146
61930.00,0.4100,0.2470,10.0460,-10.270,3.890,1.980,1146
61940.00,0.4790,0.2540,10.2280,-11.140,2.490,2.400,1146
61950.00,0.5330,0.1750,10.1250,-16.830,-0.070,2.420,1147
61960.00,0.4630,0.1860,10.1240,-18.300,0.510,1.470,1147
61970.00,0.3550,0.1020,10.1460,-19.330,2.000,1.090,1147
61980.00,0.3440,0.1330,10.1740,-18.970,4.220,1.210,1147
61990.00,0.3110,0.1290,10.1800,-20.630,5.290,2.630,1147
62000.00,0.2280,0.0270,10.1630,-23.570,4.710,5.240,1148
62010.00,0.4360,0.0110,10.0890,-23.170,4.240,6.740,1148
62020.00,0.4170,-0.0760,10.2070,-29.080,4.050,6.160,1148
62030.00,0.3750,-0.1420,10.0850,-31.010,4.590,5.180,1148
62040.00,0.4240,-0.0530,10.1130,-30.640,5.470,4.150,1148
62050.00,0.3930,-0.1000,10.0660,-34.750,6.170,3.520,1149
62060.00,0.4720,-0.1220,10.4010,-33.280,6.850,3.590,1149
62070.00,0.5010,-0.0860,10.1950,-21.710,2.020,3.940,1149
62080.00,0.4590,-0.1370,10.2720,-20.230,2.140,4.470,1149
62090.00,0.3680,-0.2400,10.2600,-26.650,2.820,5.600,1149
62100.00,0.3810,-0.3010,10.1930,-33.140,-0.190,4.780,1150
62110.00,0.4130,-0.3860,10.1590,-38.220,-2.100,4.100,1150
62120.00,0.5240,-0.3810,10.2060,-40.120,-2.380,4.200,1150
62130.00,0.2440,-0.5000,10.2440,-43.920,-1.300,3.770,1150
62140.00,0.3750,-0.3060,10.0970,-48.300,-0.090,4.800,1150
62150.00,0.2510,1.4000,10.5750,-44.150,2.370,18.080,1151
62160.00,0.4130,-1.6190,9.5210,-50.850,1.280,35.320,1151
62170.00,0.3850,-1.0270,9.9210,-41.240,3.980,23.790,1151
62180.00,0.2810,-0.7450,9.9330,-34.000,2.440,24.290,1151
62190.00,0.2830,-0.7950,9.8640,-26.650,0.010,27.020,1151
62200.00,0.3690,-1.0160,9.8680,-18.270,-1.930,30.350,1152
62210.00,0.4680,-1.1940,9.8730,-12.140,-5.180,32.060,1152
62220.00,0.5510,-1.3140,9.5700,-4.860,-7.720,29.020,1152
62230.00,0.8730,-1.6540,9.4860,11.120,-9.120,24.190,1152
62240.00,0.4170,-0.8190,10.5330,26.930,-8.100,17.220,1152
62250.00,0.7070,-0.5740,10.2290,16.550,-7.140,15.420,1153
62260.00,0.6490,-0.8900,10.1880,11.880,-3.170,17.450,1153
62270.00,0.5520,-0.8430,10.4240,8.220,0.580,16.980,1153
62280.00,0.3030,-1.2010,11.5260,-5.390,5.100,16.790,1153
62290.00,0.6480,3.7110,9.6690,-52.600,4.660,-40.710,1153
62300.00,0.8690,1.3230,9.7960,-10.040,-1.680,-8.980,1154
62310.00,0.6470,-0.5310,10.3310,2.200,-4.810,13.720,1154
62320.00,0.3600,-0.9880,9.8630,-2.530,-11.170,17.350,1154
62330.00,0.4950,-1.0020,9.1740,1.150,-13.860,19.390,1154
62340.00,0.3450,-0.9220,9.2820,33.820,-2.750,19.110,1154
62350.00,0.8350,-0.2890,10.6630,44.650,1.670,21.930,1155
62360.00,0.4540,-1.1790,9.2880,23.060,-8.980,24.400,1155
62370.00,0.6830,-0.1970,10.2720,44.830,-3.900,21.930,1155
62380.00,0.7980,-0.2700,11.1180,42.690,-6.690,24.280,1155
62390.00,0.6070,-0.8020,9.9970,9.200,-15.860,26.800,1155
62400.00,0.5010,-0.7020,10.0100,10.690,-15.190,25.410,1156
62410.00,0.3110,-1.0190,9.3260,30.810,-9.220,21.770,1156
62420.00,1.2290,0.3070,11.2490,70.340,0.720,16.440,1156
62430.00,0.9280,-1.0880,10.1890,26.560,-2.540,18.890,1156
62440.00,0.8940,-0.2830,10.0980,13.980,1.600,11.130,1156
62450.00,0.9240,-0.5790,10.3090,4.670,7.090,9.170,1157
62460.00,0.7940,-0.5350,10.0650,-2.520,9.140,5.740,1157
62470.00,0.2710,-4.6490,10.5470,-16.920,14.410,2.590,1157
62480.00,0.1020,-3.8950,10.8210,-52.250,19.060,-33.460,1157
62490.00,0.8380,4.4360,9.8570,-27.700,30.390,-51.140,1157
62500.00,0.6790,1.9690,10.8960,-32.790,31.520,-2.590,1158
62510.00,-0.0560,-2.2750,9.6880,-37.740,30.440,16.520,1158
62520.00,0.3930,-0.6230,9.4830,-6.750,26.190,-2.070,1158
62530.00,0.2750,-0.7820,10.2280,16.040,36.230,-2.750,1158
62540.00,0.3900,-0.6200,10.4670,24.160,43.210,-5.450,1158
62550.00,0.3450,-0.6840,10.1870,26.380,41.920,-7.180,1159
62560.00,0.1860,-0.5240,9.9230,21.080,39.100,-9.960,1159
62570.00,0.1910,-0.5880,10.2320,10.070,38.660,-11.800,1159
62580.00,0.9430,-0.7640,10.4800,-4.490,34.710,-16.300,1159
62590.00,0.3760,-0.2730,9.6820,-0.070,29.560,-26.520,1159
62600.00,-0.0720,0.0260,9.9990,0.780,29.810,-30.540,1160
62610.00,0.6420,0.5060,10.1010,-3.460,27.270,-28.560,1160
62620.00,0.7380,1.8520,10.1930,12.560,24.520,-25.760,1160
62630.00,0.5440,1.9890,10.2980,18.120,25.520,-12.600,1160
62640.00,0.2760,0.8090,10.0850,13.940,24.540,3.490,1160
62650.00,-0.1050,-0.5190,10.2650,11.860,20.570,10.010,1161
62660.00,0.0410,-0.7190,10.1410,2.930,15.490,5.380,1161
62670.00,-0.2350,-0.2230,9.9500,-2.100,8.770,-3.120,1161
62680.00,-0.3600,-0.5920,9.9870,-0.780,0.530,-5.340,1161
62690.00,-0.2150,0.5800,10.1410,0.890,-9.560,0.580,1161
62700.00,-0.3980,-0.9760,10.2060,5.980,-11.570,8.750,1162
62710.00,-0.2090,-0.5400,9.7710,8.080,-10.640,8.050,1162
62720.00,-0.3560,0.0960,10.3830,12.590,-10.080,7.810,1162
62730.00,-0.2770,-1.0600,9.8900,15.080,-9.330,11.690,1162
62740.00,-0.6400,-0.8980,9.9790,14.660,-7.820,8.390,1162
62750.00,-1.0010,-1.2810,10.5000,11.770,-9.560,8.400,1163
62760.00,-1.2570,-1.5660,10.0030,2.740,-12.780,10.210,1163
62770.00,-1.3900,-1.9950,10.1100,2.040,-13.620,8.960,1163
62781.00,-0.6650,-0.7500,10.0180,0.520,-12.990,5.220,1163
62791.00,-0.0810,0.1410,10.3140,3.000,-11.660,4.540,1163
62801.00,-0.0830,0.0570,10.0950,-2.500,-13.350,8.370,1164
62811.00,-0.1540,-0.0860,10.1030,-1.330,-13.280,11.080,1164
62821.00,-0.0570,-0.2230,10.2250,-0.490,-13.280,11.400,1164
62831.00,0.0170,-0.0840,10.1630,-2.710,-12.930,10.360,1164
62841.00,0.1120,-0.0780,10.3310,-3.480,-10.450,8.700,1164
62851.00,-0.0330,-0.0490,10.1670,-5.250,-4.460,8.160,1165
62861.00,-0.1020,-0.1020,10.1240,-4.060,-1.330,9.940,1165
62871.00,-0.0210,-0.2450,10.1340,-4.340,-0.890,11.260,1165
62881.00,-0.3020,-0.8300,10.1430,-4.980,-1.930,10.890,1165
62891.00,0.2950,-0.1730,10.1260,-4.980,-3.410,6.860,1165
62901.00,0.3800,-0.1050,10.1400,-5.190,-6.770,3.520,1166
62911.00,0.5740,0.2170,10.1470,-5.370,-8.840,2.140,1166
62921.00,0.4720,0.0040,10.1150,-5.910,-10.130,2.730,1166
62931.00,0.5160,-0.0340,10.1350,-5.820,-10.430,2.980,1166
62941.00,0.4350,-0.0400,10.1260,-5.650,-9.560,2.020,1166
62951.00,0.3460,-0.0590,10.1330,-5.210,-7.400,1.470,1167
62961.00,0.2950,-0.1140,10.1080,-4.880,-5.160,1.070,1167
62971.00,0.3120,-0.1080,10.1380,-4.630,-3.310,0.410,1167
62981.00,0.3110,-0.1220,10.1350,-4.420,-2.100,-0.250,1167
62991.00,0.3090,-0.1050,10.1260,-4.230,-1.330,-1.120,1167
63001.00,0.3330,-0.1100,10.1460,-4.180,-0.420,-1.840,1168
63011.00,0.3310,-0.1160,10.1320,-4.020,0.710,-1.750,1168
63021.00,0.2000,-0.1860,10.1340,-3.920,1.480,-1.810,1168
63031.00,0.2620,-0.1290,10.1370,-3.930,1.810,-1.810,1168
63041.00,0.4030,-0.0640,10.1380,-3.900,2.190,-1.790,1168
63051.00,0.3130,-0.1190,10.1400,-3.760,3.210,-2.070,1169
63061.00,0.2580,-0.1990,10.1390,-3.620,3.800,-2.260,1169
63071.00,0.3880,-0.0560,10.1580,-3.570,3.230,-2.420,1169
63081.00,0.3750,-0.1010,10.1380,-4.060,1.880,-2.610,1169
63091.00,0.3300,-0.0860,10.1410,-4.110,1.480,-2.330,1169
63101.00,0.2640,-0.0710,10.1390,-4.130,0.710,-0.280,1170
63111.00,0.2660,-0.0260,10.1580,-4.200,-0.260,1.510,1170
63121.00,0.2950,-0.0900,10.1460,-4.440,-2.380,3.660,1170
63131.00,0.3000,-0.1250,10.1460,-4.490,-4.640,5.430,1170
63141.00,0.4230,-0.1350,10.1270,-4.210,-4.940,6.430,1170
63151.00,0.0630,-0.3620,10.1280,-3.830,-4.010,6.690,1171
63161.00,0.6530,-0.1810,10.1250,-2.970,-1.510,6.690,1171
63171.00,0.6230,-0.0220,10.1630,-2.520,2.650,4.830,1171
63181.00,0.1260,-0.5160,10.1590,-3.290,5.750,4.450,1171
63191.00,0.2780,-0.5970,10.1380,-3.760,7.740,0.600,1171
63201.00,0.5300,0.4000,10.1440,-3.390,10.070,-3.590,1172
63211.00,0.3060,-0.1690,10.1680,-2.810,11.120,2.090,1172
63221.00,0.3170,-0.2150,10.1310,-3.670,9.580,3.700,1172
63231.00,0.3840,-0.1780,10.1640,-3.710,7.110,3.190,1172
63241.00,0.4980,-0.0950,10.1470,-3.620,5.340,2.160,1172
63251.00,0.3670,-0.0170,10.1500,-3.620,3.490,1.280,1173
63261.00,0.3870,-0.2340,10.1560,-4.040,1.910,2.560,1173
63271.00,0.1960,-0.0660,10.1470,-3.740,3.050,2.870,1173
63281.00,0.5140,0.0720,10.1550,-3.010,5.570,1.980,1173
63291.00,0.3190,0.0610,10.1920,-1.890,7.160,3.190,1173
63301.00,0.2480,-0.6480,10.1410,2.200,9.820,5.760,1174
63311.00,0.4000,-0.0270,10.2020,-0.280,9.740,1.050,1174
63321.00,0.4900,0.5880,10.1770,7.120,5.550,1.540,1174
63331.00,0.3750,0.1300,10.2010,13.190,0.620,4.760,1174
63341.00,0.4300,0.0230,10.1490,16.340,-3.360,4.380,1174
63351.00,0.3450,0.0660,10.1280,13.910,-5.060,3.050,1175
63361.00,0.3510,0.0770,10.1300,7.290,-5.290,2.170,1175
63371.00,0.2650,0.0890,10.1650,2.510,-3.760,1.420,1175
63381.00,0.2080,0.1470,10.1430,4.190,-1.870,1.540,1175
63391.00,0.2730,0.0960,10.1550,-1.450,1.040,3.840,1175
63401.00,-0.0890,-1.7790,10.0940,-5.120,4.590,4.080,1176
63411.00,-0.3210,-0.9890,10.2110,-13.300,10.820,-11.330,1176
63421.00,0.1710,1.3410,10.0820,-9.780,15.020,-11.170,1176
63431.00,0.1860,0.2220,10.2930,-12.440,16.040,1.680,1176
63441.00,0.2030,-0.5010,10.1560,-5.700,12.080,4.050,1176
63451.00,0.1180,-0.6520,10.1380,-2.500,8.410,5.110,1177
63461.00,-0.1560,-1.7690,10.1450,-5.750,8.390,0.440,1177
63471.00,0.4250,3.5380,10.1260,-6.090,8.600,-5.430,1177
63481.00,-0.1080,-1.5460,10.3810,-6.540,8.160,15.120,1177
63491.00,-0.1470,-1.2000,10.0640,-2.040,8.440,7.760,1177
63501.00,-0.2500,0.0510,10.1690,-7.000,11.210,-3.030,1178
63511.00,1.0800,3.9750,10.1390,8.380,9.610,9.960,1178
63521.00,-1.0820,-3.5620,10.2340,15.450,9.670,35.770,1178
63531.00,-0.3290,-1.0340,10.1610,12.560,9.070,12.690,1178
63541.00,-0.5820,-1.7940,10.3380,0.400,8.670,-3.310,1178
63551.00,-0.1530,1.9980,9.9980,-3.920,7.930,-11.990,1179
63561.00,-0.2220,-1.9620,10.2060,-15.850,9.630,6.060,1179
63571.00,-0.1500,1.1340,10.0760,-26.700,12.550,-5.990,1179
63581.00,0.2300,0.4730,10.2780,-31.370,11.500,-4.710,1179
63591.00,0.1870,-0.9900,10.2750,-26.980,10.050,-3.680,1179
63601.00,-0.0760,-0.7260,10.2280,-8.760,9.510,-12.460,1180
63611.00,0.0940,0.2570,10.0610,-9.040,9.910,-19.550,1180
63621.00,0.2670,0.9510,10.2100,0.690,10.700,-17.780,1180
63631.00,0.0590,0.2450,10.1320,-1.240,9.890,-9.210,1180
63641.00,-0.1000,-0.5120,10.1030,-2.110,7.990,-5.780,1180
63651.00,0.1900,0.4970,10.1560,-1.540,6.100,-9.300,1181
63661.00,0.3260,0.7400,10.1100,-2.290,4.380,-5.060,1181
63671.00,0.0800,-0.5930,10.0770,-2.760,1.510,-1.120,1181
63681.00,0.7010,1.9200,10.1490,-2.710,-2.010,-2.170,1181
63691.00,0.7280,1.5300,10.1240,-0.890,-5.500,9.910,1181
63701.00,0.7130,1.4890,10.1610,-2.990,-8.140,7.140,1182
63711.00,0.5370,0.0110,10.2180,-2.830,-7.860,11.310,1182
63721.00,0.7840,1.1590,10.1750,2.370,-6.900,8.330,1182
63731.00,0.6350,0.2470,10.1560,8.640,-7.350,11.550,1182
63741.00,0.4090,0.0560,10.1640,7.450,-7.700,9.750,1182
63751.00,0.2890,-0.0250,10.1730,4.120,-7.890,6.640,1183
63761.00,0.3480,0.0100,10.1760,4.670,-7.650,3.730,1183
63771.00,0.2470,0.0700,10.1860,2.320,-5.320,1.120,1183
63781.00,0.3620,0.0020,10.1490,-0.980,-3.330,-0.600,1183
63791.00,0.2810,0.0000,10.1590,-7.290,-2.350,-3.220,1183
63802.00,0.2410,0.0370,10.1690,-12.650,-1.350,-5.880,1184
63812.00,0.1860,0.0190,10.1770,-14.430,-0.320,-7.410,1184
63822.00,0.2090,0.0220,10.1850,-14.910,0.830,-8.600,1184
63832.00,0.2420,-0.0930,10.1710,-16.270,2.490,-9.380,1184
63842.00,0.1740,-0.0960,10.1870,-9.150,2.190,-11.310,1184
63852.00,0.2000,0.0570,10.1690,-1.710,2.370,-12.640,1185
63862.00,0.1530,-0.0630,10.1670,-3.390,2.930,-11.920,1185
63872.00,0.1130,-0.0470,10.1190,-4.830,2.460,-10.450,1185
63882.00,0.1770,0.0110,10.1150,-2.880,0.860,-8.670,1185
63892.00,0.1680,0.1530,10.1690,-1.550,-0.400,-6.160,1185
63902.00,0.2150,0.0220,10.1560,-3.440,-1.730,-0.550,1186
63912.00,0.2510,-0.0170,10.1580,-3.530,-1.560,0.650,1186
63922.00,0.2340,0.0030,10.1300,-0.920,-2.660,0.860,1186
63932.00,0.2620,-0.0030,10.1610,-1.050,-3.520,0.830,1186
63942.00,0.2470,0.0310,10.1280,-2.270,-3.960,1.020,1186
63952.00,0.2270,0.0110,10.1590,-3.320,-4.310,1.250,1187
63962.00,0.2630,0.0130,10.1560,-2.530,-4.730,0.910,1187
63972.00,0.2830,-0.0090,10.1760,-0.490,-4.570,0.810,1187
63982.00,0.3070,0.0140,10.1620,5.750,-5.060,0.740,1187
63992.00,0.2480,0.2240,10.1390,9.360,-5.760,1.210,1187
64002.00,0.3900,0.1110,10.1240,10.140,-6.740,3.430,1188
64012.00,0.3480,0.0940,10.1640,4.420,-7.790,4.120,1188
64022.00,0.3600,0.0350,10.1100,8.320,-10.990,3.890,1188
64032.00,0.4480,0.1620,10.1020,7.200,-13.490,3.140,1188
64042.00,0.4160,0.0620,10.1210,3.280,-14.470,2.910,1188
64052.00,0.4460,0.0410,10.1550,3.060,-15.940,2.030,1189
64062.00,0.4910,0.1440,10.1560,2.930,-17.080,0.980,1189
64072.00,0.5340,0.1620,10.1550,3.810,-18.030,0.200,1189
64082.00,0.6070,0.1730,10.1410,6.610,-18.270,-0.670,1189
64092.00,0.6680,0.1860,10.1430,5.940,-17.570,-1.140,1189
64102.00,0.6250,0.2510,10.1160,5.930,-16.820,-2.160,1190
64112.00,0.6220,0.2410,10.1250,5.800,-15.700,-2.580,1190
64122.00,0.7350,0.2580,10.1000,5.440,-16.500,-1.880,1190
64132.00,0.8140,0.2720,10.1440,3.630,-17.130,-1.370,1190
64142.00,0.8250,0.2810,10.1260,4.040,-16.500,-1.400,1190
64152.00,0.8170,0.3010,10.1280,4.040,-15.350,-0.770,1191
64162.00,0.8650,0.3070,10.1500,4.680,-14.300,-0.350,1191
64172.00,0.9320,0.3730,10.1150,5.350,-12.620,0.090,1191
64182.00,0.9290,0.3740,10.1160,3.300,-10.200,0.480,1191
64192.00,0.9490,0.3970,10.1390,0.960,-7.540,0.860,1191
64202.00,0.8840,0.3260,10.1700,1.390,-4.320,0.860,1192
64212.00,0.8790,0.3750,10.1510,3.900,-1.510,0.670,1192
64222.00,0.8910,0.3540,10.1400,6.220,1.110,1.070,1192
64232.00,0.8930,0.3460,10.1150,7.410,2.890,1.230,1192
64242.00,0.9200,0.3800,10.1020,6.290,4.050,1.090,1192
64252.00,0.9050,0.4120,10.0940,4.910,4.820,0.720,1193
64262.00,0.9200,0.4280,10.0660,2.690,4.800,0.460,1193
64272.00,0.8750,0.4460,10.0960,0.290,4.190,0.280,1193
64282.00,0.9420,0.4390,10.0970,0.050,3.450,0.320,1193
64292.00,0.9720,0.4630,10.1040,-0.500,3.330,0.210,1193
64302.00,0.8630,0.4470,10.0910,-1.470,3.980,0.070,1194
64312.00,0.8560,0.4670,10.1030,0.410,4.260,-0.490,1194
64322.00,0.8130,0.4740,10.0960,1.240,3.440,-0.280,1194
64332.00,0.8410,0.5020,10.0800,2.290,2.070,-0.040,1194
64342.00,0.8480,0.5010,10.0780,1.570,0.480,0.370,1194
64352.00,0.8780,0.5040,10.0820,1.450,-1.330,0.910,1195
64362.00,0.9330,0.5070,10.1180,2.510,-2.560,1.330,1195
64372.00,0.9090,0.5310,10.1030,5.300,-2.590,1.070,1195
64382.00,0.9140,0.5380,10.1130,7.120,-2.010,1.000,1195
64392.00,0.9280,0.5830,10.0600,7.920,-1.910,1.020,1195
64402.00,0.9470,0.5920,10.0720,3.930,-1.260,0.950,1196
64412.00,0.9790,0.6120,10.0920,0.730,-0.600,0.970,1196
64422.00,0.9520,0.5950,10.0940,0.750,0.110,0.900,1196
64432.00,0.9200,0.5820,10.0840,1.830,0.500,0.900,1196
64442.00,0.9490,0.6230,10.0660,1.320,0.160,1.350,1196
64452.00,1.0140,0.6350,10.0720,-0.290,0.090,1.490,1197
64462.00,0.9040,0.5890,10.0890,-1.750,0.340,1.420,1197
64472.00,0.9270,0.6230,10.0670,-1.060,-0.040,1.540,1197
64482.00,0.9690,0.6260,10.0740,-1.760,-0.400,1.910,1197
64492.00,0.9870,0.6360,10.0700,-2.870,-0.420,2.210,1197
64502.00,1.0000,0.6310,10.1000,-3.060,0.270,2.090,1198
64512.00,0.9880,0.6300,10.1160,1.710,2.300,0.790,1198
64522.00,0.9710,0.6590,10.0660,6.330,2.140,0.630,1198
64532.00,0.9730,0.6950,9.9760,5.770,0.760,1.350,1198
64542.00,0.9880,0.6860,10.0520,-1.920,-0.630,2.330,1198
64552.00,1.0000,0.6870,10.0680,-5.530,-0.910,2.400,1199
64562.00,1.0070,0.6740,10.1080,-5.820,-0.510,2.050,1199
64572.00,1.0140,0.6680,10.0900,-3.110,0.020,1.600,1199
64582.00,0.9960,0.6650,10.0630,-0.450,-0.110,1.390,1199
64592.00,0.9160,0.6870,10.0330,1.110,-1.520,1.930,1199
64602.00,1.0270,0.6960,10.0360,-0.010,-3.830,2.940,1200
64612.00,1.0450,0.6930,10.0760,-1.970,-4.830,3.430,1200
64622.00,1.0240,0.7040,10.0850,-1.120,-4.220,3.450,1200
64632.00,1.0820,0.6990,10.1140,-0.520,-2.070,3.210,1200
64642.00,1.1070,0.7260,10.0780,0.590,0.930,2.380,1200
64652.00,1.0550,0.7070,10.0610,0.150,3.380,1.530,1201
64662.00,1.0560,0.7100,10.0370,-0.710,3.580,1.040,1201
64672.00,1.0810,0.7450,10.0310,-3.200,2.790,1.070,1201
64682.00,1.1040,0.7540,10.0450,-6.580,2.680,1.140,1201
64692.00,1.0870,0.7320,10.0640,-9.800,3.650,0.740,1201
64702.00,1.0560,0.6980,10.0610,-11.040,4.920,0.110,1202
64712.00,1.0430,0.6640,10.0840,-10.640,5.990,-0.560,1202
64722.00,1.0260,0.6640,10.0760,-8.660,6.740,-0.510,1202
64732.00,1.0140,0.6430,10.0950,-8.170,7.090,-0.270,1202
64742.00,1.0070,0.6480,10.0800,-5.390,6.670,0.040,1202
64752.00,0.8960,0.7150,10.0650,-3.670,6.600,0.350,1203
64762.00,0.9840,0.6830,10.0550,-3.880,6.640,1.190,1203
64772.00,1.0360,0.6530,10.0300,-5.630,5.820,1.810,1203
64782.00,1.0630,0.5920,10.0540,-6.730,4.150,1.580,1203
64792.00,1.0140,0.6470,10.0850,-7.000,2.790,0.530,1203
64802.00,1.0300,0.6370,10.0760,-6.210,2.750,-0.320,1204
64812.00,1.0190,0.7590,10.0910,-4.630,3.720,-0.770,1204
64822.00,1.0210,0.7150,10.0720,-2.940,4.920,0.130,1204
64833.00,0.9590,0.5610,10.0730,-2.170,5.400,0.410,1204
64843.00,0.9710,0.6830,10.0640,-1.010,4.100,0.040,1204
64853.00,1.0080,0.7040,10.0280,-0.870,2.580,1.390,1205
64863.00,0.9410,0.5470,10.0630,-2.940,1.740,1.510,1205
64873.00,0.9760,0.6470,10.0520,-4.930,0.300,0.770,1205
64883.00,0.9760,0.7020,10.0570,-6.050,-0.650,1.000,1205
64893.00,0.9720,0.4970,10.0950,-6.800,-0.910,1.980,1205
64903.00,0.9940,0.6360,10.1010,-5.090,-1.230,0.810,1206
64913.00,1.0150,0.6550,10.0840,-0.870,1.200,0.370,1206
64923.00,1.0160,0.6530,10.0640,-0.750,2.880,0.670,1206
64933.00,1.0270,0.6350,10.0710,-1.310,3.840,0.830,1206
64943.00,1.0180,0.6140,10.0390,-1.120,3.240,0.490,1206
64953.00,0.9870,0.6620,10.0420,-3.110,2.090,0.690,1207
64963.00,1.0260,0.6470,10.0450,-3.970,0.920,1.280,1207
64973.00,1.0020,0.6050,10.0580,-5.050,0.270,2.000,1207
64983.00,1.0270,0.6250,10.0660,-4.880,-0.120,2.330,1207
64993.00,1.0380,0.6400,10.0790,-4.830,0.390,2.280,1207
65003.00,1.0100,0.6420,10.0710,-4.650,1.600,2.560,1208
65013.00,1.0270,0.6470,10.0670,-4.630,2.110,2.720,1208
65023.00,1.0360,0.6420,10.0700,-5.280,2.460,2.590,1208
65033.00,1.0180,0.6430,10.0630,-5.580,2.650,2.280,1208
65043.00,1.0190,0.6380,10.0470,-6.210,2.260,2.140,1208
65053.00,1.0280,0.6190,10.0570,-6.790,1.230,2.230,1209
65063.00,0.9940,0.6370,10.0590,-5.630,-0.300,2.310,1209
65073.00,1.0130,0.6310,10.0610,-4.490,-2.030,2.820,1209
65083.00,1.0340,0.6200,10.0630,-2.880,-3.680,3.240,1209
65093.00,1.0500,0.6400,10.0850,-0.500,-4.670,3.630,1209
65103.00,1.0690,0.6490,10.0720,2.010,-4.710,3.630,1210
65113.00,1.0850,0.6710,10.0330,2.180,-2.610,3.170,1210
65123.00,1.0910,0.6720,10.0460,-0.560,-2.100,3.070,1210
65133.00,1.1060,0.6660,10.0570,-2.920,-2.380,3.190,1210
65143.00,1.1210,0.6720,10.0580,-2.410,-2.450,2.930,1210
65153.00,1.1440,0.6650,10.0730,-1.890,-2.000,2.470,1211
65163.00,1.1150,0.6670,10.0480,-0.010,-2.070,2.070,1211
65173.00,1.1370,0.6740,10.0290,2.020,-3.540,2.280,1211
65183.00,1.1520,0.6810,10.0190,2.620,-5.690,2.860,1211
65193.00,1.1380,0.7130,10.0210,2.250,-7.630,3.540,1211
65203.00,1.1610,0.7130,10.0330,0.940,-8.490,4.450,1212
65213.00,1.2010,0.7210,10.0460,-0.680,-8.050,5.340,1212
65223.00,1.2260,0.7090,10.0830,-2.170,-6.440,5.660,1212
65233.00,1.2470,0.7190,10.0910,-0.050,-3.820,5.060,1212
65243.00,1.2520,0.7090,10.0530,2.670,-1.230,4.120,1212
65253.00,1.2430,0.7250,10.0270,2.090,0.220,3.010,1213
65263.00,1.2410,0.7380,10.0300,0.010,0.640,2.350,1213
65273.00,1.2320,0.7150,10.0430,0.030,0.410,1.740,1213
65283.00,1.2430,0.8440,10.0030,1.040,0.300,1.160,1213
65293.00,1.2490,0.7830,10.0350,-0.750,0.430,2.170,1213
65303.00,1.2640,0.8000,10.0050,-2.170,0.220,2.050,1214
65313.00,1.2340,0.7540,10.0280,-4.670,0.340,1.860,1214
65323.00,1.2750,0.7630,10.0020,-5.040,0.370,1.680,1214
65333.00,1.2960,0.7690,10.0180,-6.380,-0.510,2.280,1214
65343.00,1.2750,0.7450,10.0310,-5.860,-1.400,2.520,1214
65353.00,1.3130,0.7290,10.0530,-4.180,-1.940,2.820,1215
65363.00,1.3610,0.7020,10.0400,-2.180,-2.080,2.170,1215
65373.00,1.2490,0.7960,10.0180,-0.100,-2.080,1.440,1215
65383.00,1.2720,0.7860,9.9940,0.730,-3.150,2.190,1215
65393.00,1.3110,0.7690,10.0070,0.000,-4.670,2.650,1215
65403.00,1.3220,0.7810,9.9720,-0.450,-6.390,2.860,1216
65413.00,1.3390,0.7720,9.9720,-2.200,-8.440,3.280,1216
65423.00,1.3660,0.7770,10.0150,-4.020,-10.710,3.980,1216
65433.00,1.3890,0.7620,9.9740,-2.830,-12.270,4.500,1216
65443.00,1.4160,0.7690,9.9970,-3.090,-14.040,5.410,1216
65453.00,1.4480,0.7780,10.0050,-2.800,-15.490,5.800,1217
65463.00,1.4720,0.7820,9.9930,-2.030,-16.100,5.880,1217
65473.00,1.4660,0.7640,9.9900,-1.760,-16.420,5.810,1217
65483.00,1.5600,0.7870,9.9480,-1.450,-17.450,5.670,1217
65493.00,1.5700,0.7750,9.9520,-2.240,-19.250,5.940,1217
65503.00,1.5920,0.7720,9.9200,-3.290,-22.240,6.650,1218
65513.00,1.6680,0.7580,9.9170,-4.250,-25.390,7.580,1218
65523.00,1.6250,0.6750,9.9200,-8.360,-30.640,8.540,1218
65533.00,1.7390,0.7020,9.8990,-9.670,-34.280,8.250,1218
65543.00,1.7970,0.6790,9.8940,-10.920,-38.400,8.470,1218
65553.00,1.7590,0.6970,9.8820,-12.580,-41.980,9.090,1219
65563.00,2.0370,0.7330,9.8840,-13.420,-45.170,9.870,1219
65573.00,2.0610,0.6340,9.8480,-13.960,-48.860,10.520,1219
65583.00,1.8860,0.1250,9.9230,-15.260,-52.220,9.090,1219
65593.00,2.2550,0.9890,9.6460,-25.420,-52.730,7.810,1219
65603.00,1.9840,-0.2510,9.8900,-27.610,-55.160,9.190,1220
65613.00,2.6450,1.0910,9.5290,-20.660,-60.710,1.040,1220
65623.00,2.1020,0.0320,9.7800,-32.460,-62.550,3.710,1220
65633.00,2.7270,-0.0140,9.7510,-32.180,-65.800,1.980,1220
65643.00,2.0690,-0.6400,9.7010,-48.140,-68.220,-2.750,1220
65653.00,3.3700,1.7590,9.5440,-36.330,-72.910,-7.460,1221
65663.00,2.8290,-0.1440,9.7060,-32.020,-71.890,-6.580,1221
65673.00,3.1190,0.8690,9.4280,-35.170,-68.200,-9.020,1221
65683.00,3.5270,0.8000,9.7860,-48.870,-62.160,-0.560,1221
65693.00,2.9130,-0.2030,9.4060,-42.770,-60.600,1.040,1221
65703.00,3.3590,-0.3750,9.7080,-45.500,-56.120,-0.550,1222
65713.00,3.5280,0.1600,9.3400,-28.850,-56.490,-3.220,1222
65723.00,3.9670,1.6710,9.2740,-76.190,-53.530,-0.790,1222
65733.00,2.9330,-0.2620,9.2650,-70.630,-54.990,7.600,1222
65743.00,4.6990,-2.6540,10.0910,-17.320,-63.210,-8.750,1222
65753.00,3.6030,-1.4560,9.0520,-26.210,-58.100,-22.650,1223
65763.00,4.5830,1.6680,9.3970,-30.940,-46.150,-22.390,1223
65773.00,3.9370,-0.8570,9.4040,-20.980,-36.210,-14.370,1223
65783.00,3.6690,-2.4570,9.0440,-1.870,-31.380,-22.530,1223
65793.00,-6.7870,-2.0840,-4.1310,11.070,-19.440,-39.170,1223
65803.00,3.4260,-2.9000,-5.0010,8.080,168.200,-39.520,1224
65813.00,12.3960,4.5710,29.6800,-90.560,238.740,-5.390,1224
65823.00,3.5660,2.4260,10.1830,28.900,81.310,-18.610,1224
65833.00,1.0950,-0.6830,4.9350,26.580,124.060,-2.000,1224
65843.00,2.4430,-1.3590,9.4180,11.530,175.160,10.240,1224
65854.00,3.7860,-3.4400,16.1710,11.490,184.650,-3.210,1225
65864.00,1.6840,0.7410,11.4400,82.750,153.810,-37.820,1225
65874.00,1.5120,1.7100,15.6390,76.400,106.760,-34.370,1225
65884.00,1.8070,0.2750,9.6440,49.150,23.750,-15.470,1225
65894.00,1.5750,0.0650,8.7580,41.170,15.670,-12.060,1225
65904.00,1.6310,0.1550,8.8760,33.470,15.830,-11.380,1226
65914.00,1.7180,-0.0260,8.7990,26.030,14.200,-10.360,1226
65924.00,1.6330,0.0630,8.3970,23.740,10.100,-11.780,1226
65934.00,1.6010,0.1170,8.3310,23.460,11.570,-12.080,1226
65944.00,1.7430,0.2380,8.5130,24.210,12.310,-11.120,1226
65954.00,1.8110,0.2380,8.4510,31.900,9.560,-9.820,1227
65964.00,1.7260,0.2520,8.4670,43.430,5.520,-9.280,1227
65974.00,1.6610,0.3840,8.3360,55.660,0.230,-9.470,1227
65984.00,1.6900,0.4150,8.0750,63.690,-3.190,-9.240,1227
65994.00,1.6510,0.4630,7.8810,64.270,-3.940,-10.220,1227
66004.00,1.5910,0.6870,7.6310,51.390,0.410,-13.460,1228
66014.00,1.5400,0.8450,7.7090,30.440,12.660,-16.660,1228
66024.00,1.5460,0.8500,7.8500,9.880,27.870,-19.340,1228
66034.00,1.7500,0.9400,8.0390,-5.440,43.060,-23.030,1228
66044.00,1.8240,1.0550,8.2200,-13.660,56.970,-28.770,1228
66054.00,1.6720,1.1660,8.6210,-20.750,68.830,-31.490,1229
66064.00,1.5490,1.0210,8.9730,-18.900,73.750,-31.890,1229
66074.00,1.2430,1.2430,9.2430,-9.030,71.320,-30.750,1229
66084.00,1.1920,1.2110,9.5060,4.540,63.060,-26.430,1229
66094.00,1.8060,1.4790,9.1380,3.060,53.560,-19.170,1229
66104.00,0.1830,1.4790,10.0310,-0.050,46.400,-12.830,1230
66114.00,0.5140,1.0070,10.0430,29.130,30.260,-6.740,1230
66124.00,0.7740,1.7800,9.3760,64.900,-4.530,-3.590,1230
66134.00,0.5350,1.5990,9.5670,51.440,-10.620,-0.580,1230
66144.00,0.1680,1.5790,9.4790,32.880,-16.820,-0.950,1230
66154.00,0.1480,1.6280,8.6870,22.030,-20.040,-2.660,1231
66164.00,0.6870,2.1570,8.7350,13.290,-8.370,-5.740,1231
66174.00,0.7990,1.8110,9.5480,-6.890,8.630,-8.190,1231
66184.00,0.4270,2.0750,9.8510,-19.210,20.100,-12.900,1231
66194.00,0.2590,1.9890,10.3590,-26.330,30.280,-13.640,1231
66204.00,-0.2060,2.0630,11.0880,-29.290,37.930,-15.160,1232
66214.00,-0.3190,2.0760,10.6850,-28.000,39.640,-17.120,1232
66224.00,0.1670,1.7830,11.1490,-23.690,42.270,-20.290,1232
66234.00,0.3670,1.7930,11.3610,-19.770,47.130,-28.690,1232
66244.00,0.5460,2.2860,12.3350,-0.890,45.090,-35.760,1232
66254.00,0.4520,2.5200,11.8630,2.930,41.940,-36.540,1233
66264.00,0.5680,2.6330,12.6340,0.000,48.180,-33.410,1233
66274.00,0.6770,2.5430,12.5640,-10.220,53.710,-27.580,1233
66284.00,0.3580,2.3860,13.0520,-17.690,60.030,-19.640,1233
66294.00,0.2930,2.3130,13.3130,-13.660,57.370,-13.320,1233
66304.00,0.2340,2.1850,13.2870,-8.940,49.760,-7.950,1234
66314.00,0.1710,2.0720,13.1400,-3.710,41.310,-3.610,1234
66324.00,0.0920,1.9150,12.9200,8.710,24.440,2.190,1234
66334.00,0.1500,2.0290,12.9710,15.800,14.510,4.360,1234
66344.00,0.2320,2.0870,13.0030,20.940,4.170,7.860,1234
66354.00,0.3060,2.1180,12.9530,23.580,-3.260,11.830,1235
66364.00,0.2120,2.1110,12.5080,24.230,-8.630,16.000,1235
66374.00,0.1930,1.9900,12.0050,24.840,-9.990,20.850,1235
66384.00,0.1800,1.9540,11.5900,23.010,-8.400,23.720,1235
66394.00,0.1550,1.7890,11.4790,21.470,-6.000,25.060,1235
66404.00,0.1130,1.8710,11.2960,16.900,-3.760,23.310,1236
66414.00,0.0720,1.7760,11.2210,13.820,-2.890,21.250,1236
66424.00,0.1660,1.8540,11.0290,10.740,-3.340,18.830,1236
66434.00,0.1240,2.1110,11.1030,9.460,-5.160,17.680,1236
66444.00,-0.0260,1.5750,10.7490,4.930,-7.670,19.760,1236
66454.00,0.1180,2.2460,11.3070,8.970,-8.790,18.290,1237
66464.00,0.0100,1.9860,11.0530,2.040,-16.190,30.020,1237
66474.00,-0.0350,1.7500,10.6930,-4.270,-18.200,30.650,1237
66484.00,0.0250,1.6550,10.6370,8.520,-20.040,24.910,1237
66494.00,0.0200,1.7400,10.2470,14.960,-23.330,21.650,1237
66504.00,0.0230,1.7690,10.2960,18.090,-22.400,18.050,1238
66514.00,0.0620,1.7190,9.7060,15.290,-19.810,14.180,1238
66524.00,0.3140,2.1790,10.6710,13.010,-12.710,8.610,1238
66534.00,0.1850,2.1700,10.6070,11.250,-10.150,8.510,1238
66544.00,0.2650,2.0200,10.5600,8.290,-8.520,7.860,1238
66554.00,0.1410,2.1870,10.9920,3.830,-7.910,5.730,1239
66564.00,0.1550,2.0900,10.5570,0.410,-11.250,4.900,1239
66574.00,0.1800,2.1100,10.3950,-3.710,-10.170,3.610,1239
66584.00,0.1970,2.1780,10.5410,-7.470,-7.160,2.650,1239
66594.00,0.2330,2.2190,10.7130,-8.820,-5.430,2.170,1239
66604.00,0.3800,2.2090,10.9180,-10.110,-3.710,2.280,1240
66614.00,0.4490,2.3560,11.1150,-13.100,-2.780,2.380,1240
66624.00,0.4250,2.4050,11.4000,-13.650,-3.570,3.940,1240
66634.00,0.4480,2.4250,11.5950,-10.970,-6.630,6.060,1240
66644.00,0.4370,2.2890,11.4410,-8.660,-9.350,7.550,1240
66654.00,0.3630,2.2940,11.2280,-7.800,-8.650,7.650,1241
66664.00,0.5090,2.2910,11.3750,-5.110,-4.850,7.810,1241
66674.00,0.6280,2.4920,11.9500,-0.910,-2.660,7.810,1241
66684.00,0.7080,2.5380,11.9910,3.410,-6.020,8.600,1241
66694.00,0.6990,2.6040,12.2480,11.580,-9.150,9.800,1241
66704.00,0.7080,2.7970,12.4610,22.460,-13.480,11.310,1242
66714.00,0.7030,2.8160,12.0310,28.540,-17.550,13.370,1242
66724.00,1.3900,3.5220,11.6140,29.880,-16.820,15.700,1242
66734.00,1.3720,3.4500,11.4950,7.870,-0.070,31.540,1242
66744.00,1.3730,3.4850,11.5880,3.180,13.080,42.110,1242
66754.00,1.0800,3.1050,12.2050,0.150,24.450,51.680,1243
66764.00,0.7800,2.8640,12.5060,7.920,23.740,55.080,1243
66774.00,0.1920,2.4100,12.8130,26.870,9.280,53.260,1243
66784.00,0.7520,2.3850,11.8210,35.780,-14.630,49.040,1243
66794.00,-0.1810,2.0000,11.2040,29.060,-30.710,45.240,1243
66804.00,0.2060,2.2550,10.4540,31.420,-39.150,34.010,1244
66814.00,0.2810,2.5110,10.2440,13.490,-40.290,25.150,1244
66824.00,0.3440,2.4290,9.9230,-16.600,-40.760,20.150,1244
66834.00,0.6180,2.7610,9.9150,-51.180,-38.780,16.020,1244
66844.00,0.6910,2.4520,10.3330,-81.900,-35.670,15.000,1244
66854.00,0.7290,2.4670,10.3310,-89.260,-36.470,13.290,1245
66864.00,0.9320,2.4380,10.0650,-91.590,-38.940,12.710,1245
66875.00,0.9550,1.9530,9.9350,-91.770,-38.610,12.900,1245
66885.00,0.9110,1.5960,9.3000,-80.290,-38.550,10.520,1245
66895.00,1.4120,1.3060,8.6340,-67.510,-38.330,4.940,1245
66905.00,1.1110,1.3050,7.8720,-63.000,-36.980,-1.460,1246
66915.00,1.5300,-0.2240,8.6280,-78.450,-32.640,-8.440,1246
66925.00,2.0090,1.6890,7.8520,-87.580,-38.260,-29.810,1246
66935.00,2.0430,0.8130,7.4880,-43.940,-47.850,-25.990,1246
66945.00,1.1910,0.7680,7.5990,-55.510,-49.510,-25.620,1246
66955.00,3.3820,1.4600,9.0440,-26.980,-56.440,-25.900,1247
66965.00,0.4040,-0.0810,6.6540,-21.980,-73.290,-24.840,1247
66975.00,2.9150,1.5790,7.7240,-4.720,-64.400,-31.610,1247
66985.00,1.8550,0.3460,6.5730,32.190,-61.790,-22.670,1247
66995.00,1.7450,1.6790,6.4540,42.940,-49.670,-28.350,1247
67005.00,2.3560,0.4520,6.8390,49.150,-37.910,-24.990,1248
67015.00,1.3020,0.4680,5.9240,39.070,-32.100,-22.250,1248
67025.00,2.0320,0.9910,7.2080,36.410,-21.770,-19.380,1248
67035.00,3.0710,1.9280,7.2190,36.170,-21.930,-14.480,1248
67045.00,1.9020,1.0380,7.5320,13.150,-16.220,-3.100,1248
67055.00,1.9760,1.2080,7.6730,7.760,-15.730,1.070,1249
67065.00,2.2540,1.1420,7.3900,3.790,-17.540,4.970,1249
67075.00,2.3780,0.9270,7.4840,-14.490,-11.990,5.570,1249
67085.00,2.3350,0.8370,7.5910,-20.800,-5.480,2.310,1249
67095.00,2.3540,0.9450,7.8860,-20.730,0.250,-1.560,1249
67105.00,2.4170,1.0790,8.1510,-23.850,3.770,-3.780,1250
67115.00,2.4430,1.0690,8.2310,-22.590,5.620,-4.060,1250
67125.00,2.5060,1.0940,8.3300,-21.240,8.270,-4.400,1250
67135.00,2.6600,1.0820,8.3890,-22.060,13.870,-4.100,1250
67145.00,2.6560,0.9140,8.3190,-26.720,17.090,-4.310,1250
67155.00,2.7010,0.9390,8.5500,-27.930,21.880,-6.270,1251
67165.00,2.6670,0.9270,8.7660,-28.980,25.140,-8.370,1251
67175.00,2.7210,1.1240,9.1330,-26.090,25.470,-11.780,1251
67185.00,2.6330,1.2140,9.4580,-30.780,25.560,-12.290,1251
67195.00,2.6330,1.3330,9.6350,-37.240,24.590,-10.800,1251
67205.00,2.7240,1.3650,10.2190,-42.750,22.900,-10.290,1252
67215.00,2.7080,1.4900,10.5170,-27.930,18.630,-9.870,1252
67225.00,2.6670,1.5910,10.6060,-12.840,14.790,-6.860,1252
67235.00,2.7030,1.6270,10.5840,-2.990,12.050,-3.210,1252
67245.00,2.8180,1.9770,10.2720,3.560,8.040,2.090,1252
67255.00,2.5870,1.7370,10.1620,-6.650,8.560,11.240,1253
67265.00,2.3620,1.4350,10.3800,-4.490,10.590,14.770,1253
67275.00,2.2990,1.2960,9.8760,0.310,9.260,16.800,1253
67285.00,2.4080,1.2330,9.6990,-6.160,11.190,19.380,1253
67295.00,2.3610,0.9960,9.3960,-6.680,14.640,19.430,1253
67305.00,2.5730,1.7060,8.7480,-6.160,21.080,19.040,1254
67315.00,1.9420,0.7510,9.2590,-11.090,32.850,26.880,1254
67325.00,1.8040,-0.8900,9.6570,-16.620,43.270,23.020,1254
67335.00,2.0970,1.4810,12.4210,-18.390,36.670,1.700,1254
67345.00,2.0330,1.5760,11.8160,-12.400,17.720,6.990,1254
67355.00,2.0270,1.2310,10.8510,-5.790,3.630,12.970,1255
67365.00,1.9960,0.8680,10.3020,-4.950,-2.360,15.560,1255
67375.00,1.9150,0.7510,10.0520,-10.480,-5.110,14.760,1255
67385.00,1.9720,0.5610,9.7960,-19.720,-6.350,13.080,1255
67395.00,2.0110,0.4410,9.4100,-24.720,-6.200,11.100,1255
67405.00,1.9410,0.5180,9.2380,-26.980,-2.910,9.160,1256
67415.00,1.9200,0.5220,9.3280,-27.940,2.000,8.140,1256
67425.00,2.1260,0.6310,9.4980,-27.870,7.790,7.440,1256
67435.00,2.2670,0.7510,10.0370,-23.740,12.290,6.270,1256
67445.00,2.3000,0.8600,10.3140,-19.120,12.030,6.690,1256
67455.00,2.2580,1.2250,10.2160,-11.600,7.090,9.070,1257
67465.00,2.2030,1.2810,9.7540,3.090,0.990,15.490,1257
67475.00,1.9440,-0.1360,9.4320,6.260,-1.070,18.430,1257
67485.00,2.1760,1.0510,9.2320,8.220,0.670,11.850,1257
67495.00,2.1940,1.0620,9.3390,11.700,2.750,13.570,1257
67505.00,2.2040,0.9770,8.9380,14.540,3.840,14.930,1258
67515.00,2.0900,1.1070,8.6510,18.090,8.070,14.320,1258
67525.00,2.2070,1.3890,8.0660,27.960,13.240,13.810,1258
67535.00,2.5990,2.0180,7.5090,82.350,25.380,8.400,1258
67545.00,2.8170,4.0030,7.7370,104.360,33.660,9.170,1258
67555.00,2.1240,3.3160,9.3330,112.010,47.750,27.740,1259
67565.00,2.2430,4.1850,8.8210,121.250,52.470,42.560,1259
67575.00,1.8800,4.3070,8.9200,144.580,59.420,59.170,1259
67585.00,1.4040,1.3470,12.6380,123.300,62.520,75.950,1259
67595.00,1.4540,1.2610,12.8000,70.120,34.480,72.770,1259
67605.00,0.9170,-0.9640,11.7330,33.210,6.320,68.500,1260
67615.00,1.1440,-1.6180,11.1110,-38.920,-4.810,53.060,1260
67625.00,0.7460,2.1540,9.2270,-29.640,-17.130,25.500,1260
67635.00,1.1650,2.4680,8.6720,-16.810,-9.330,27.480,1260
67645.00,0.7600,-0.0440,8.8410,3.970,2.890,33.240,1260
67655.00,1.3230,0.8490,10.1730,-18.160,11.800,22.460,1261
67665.00,1.3890,1.7400,8.9550,-18.130,8.230,10.750,1261
67675.00,1.5180,4.6190,9.4760,8.320,23.580,13.580,1261
67685.00,1.2940,2.2480,10.5110,-1.970,37.050,24.280,1261
67695.00,0.8700,2.5780,11.0580,34.010,31.090,22.960,1261
67705.00,0.3810,1.9100,9.9540,33.440,28.160,28.280,1262
67715.00,-2.7600,2.8210,10.3620,61.730,33.190,23.540,1262
67725.00,2.5380,4.2620,11.2230,53.910,36.740,30.540,1262
67735.00,-4.9140,-16.4560,4.6580,39.350,33.240,68.040,1262
67745.00,6.2350,13.4220,4.1570,-113.380,72.580,-109.920,1262
67755.00,-1.3680,2.0740,6.7830,-35.770,113.410,-65.260,1263
67765.00,1.5460,-0.3960,8.3420,43.600,136.610,-28.970,1263
67775.00,1.2780,2.8780,10.5100,168.010,154.460,-71.230,1263
67785.00,-0.0550,5.3260,11.8100,160.220,161.430,-62.860,1263
67795.00,-0.5260,5.5900,11.8630,40.730,181.170,1.120,1263
67805.00,-0.2140,5.4170,11.1120,-45.110,200.840,72.580,1264
67815.00,1.4080,3.6840,12.2420,-77.260,218.980,130.360,1264
67825.00,-2.0050,2.3530,13.5320,-72.620,211.460,169.860,1264
67835.00,-5.0730,4.9070,13.2290,172.230,200.330,236.030,1264
67845.00,4.5330,1.7060,10.8710,327.670,198.810,278.500,1264
67855.00,1.2220,5.6080,22.6570,327.670,157.050,181.790,1265
67865.00,-3.2130,3.6460,19.5850,140.730,-86.980,100.050,1265
67875.00,-4.2340,11.0160,8.4320,-49.640,-267.870,11.470,1265
67885.00,-3.6900,6.1710,11.3470,-120.290,-244.650,33.730,1265
67895.00,-3.1890,4.1770,13.0850,-129.720,-238.610,16.350,1265
67906.00,0.0230,6.3390,8.9910,-150.530,-254.840,-14.230,1266
67916.00,1.7520,5.0230,7.7000,-107.240,-250.970,-16.590,1266
67926.00,1.0830,2.1330,6.7080,-77.640,-237.000,-9.050,1266
67936.00,0.4410,3.3840,5.6250,-100.200,-218.120,-25.450,1266
67946.00,0.9960,4.7820,6.0010,-116.250,-162.750,-38.500,1266
67956.00,0.9430,4.2350,7.0770,-91.840,-148.050,-18.690,1267
67966.00,1.1850,2.4810,13.2090,-48.300,-156.610,5.380,1267
67976.00,0.8960,3.0770,7.9700,-83.170,-189.790,11.450,1267
67986.00,1.7760,3.0660,8.8940,-72.250,-188.390,16.310,1267
67996.00,5.3920,3.2760,6.7150,-52.600,-192.620,31.820,1267
68006.00,5.6740,2.2880,10.4020,21.450,-169.240,67.800,1268
68016.00,4.6790,3.2790,7.7390,-27.930,-174.580,66.560,1268
68026.00,6.0620,4.7530,6.6500,-56.000,-166.790,59.750,1268
68036.00,7.2710,6.6890,5.6680,-64.680,-148.120,58.380,1268
68046.00,7.3110,5.9740,12.9820,-80.580,-128.800,71.880,1268
68056.00,8.2360,8.0470,4.0610,-43.220,-147.610,82.690,1269
68066.00,5.4340,7.8290,3.4710,-50.010,-113.230,100.300,1269
68076.00,2.3560,3.7910,5.7970,-68.210,-70.460,123.850,1269
68086.00,3.0830,0.7750,2.8310,-7.030,-46.620,140.760,1269
68096.00,4.4780,-2.7150,5.2050,7.360,-3.920,153.390,1269
68106.00,2.6180,-5.4740,8.3150,8.830,21.410,138.620,1270
68116.00,2.2320,-6.3660,9.5920,-3.220,34.250,101.470,1270
68126.00,0.9610,-6.1500,11.3550,-32.060,28.570,57.120,1270
68136.00,3.6750,-4.8860,8.9790,-48.450,4.780,22.610,1270
68146.00,6.6130,-0.1140,4.8380,-10.920,-46.290,-7.970,1270
68156.00,4.4670,-1.1530,8.1720,19.490,-35.770,-6.320,1271
68166.00,7.1360,0.6190,5.5410,-13.450,-38.200,-21.810,1271
68176.00,2.4990,0.9290,6.2970,4.650,-13.270,-22.050,1271
68186.00,4.9290,2.4560,2.7480,-15.450,4.050,-17.850,1271
68196.00,6.9410,2.5410,10.9190,27.350,62.940,0.740,1271
68206.00,6.2420,4.0970,14.0990,25.810,72.750,20.040,1272
68216.00,5.9730,6.1110,9.4670,41.770,38.230,23.720,1272
68226.00,5.2550,4.8100,5.8160,18.090,32.190,42.530,1272
68236.00,4.3160,3.9550,5.4380,29.240,54.430,54.810,1272
68246.00,4.9490,5.0670,7.1300,30.930,86.140,60.120,1272
68256.00,4.8520,4.8520,10.2610,32.910,110.800,70.300,1273
68266.00,5.4290,2.9620,13.4990,19.820,116.610,77.320,1273
68276.00,5.0700,1.2740,15.7140,-3.040,94.800,71.560,1273
68286.00,4.9670,0.4330,15.9230,-44.810,51.670,58.190,1273
68296.00,5.1390,0.1890,14.7820,-72.810,4.680,39.760,1273
68306.00,4.0720,1.0480,9.1680,-71.990,-26.500,21.670,1274
68316.00,5.4230,1.0670,7.7010,-68.720,-25.360,16.190,1274
68326.00,6.8070,0.8760,9.2590,-56.050,-9.660,17.920,1274
68336.00,5.5740,1.2520,9.8050,-63.940,-4.410,17.210,1274
68346.00,4.7540,-0.5210,10.2930,-53.560,2.820,27.550,1274
68356.00,4.3800,-1.3500,10.5320,-41.160,5.450,31.710,1275
68366.00,5.0510,-2.2670,11.4780,-27.240,9.950,34.600,1275
68376.00,5.4000,-2.8050,11.5360,-19.330,5.680,31.220,1275
68386.00,5.5470,-3.0140,11.3580,-21.240,-1.160,20.990,1275
68396.00,4.7920,-2.5790,10.4550,-30.340,-8.770,5.730,1275
68406.00,3.7170,-2.4570,9.9300,-25.810,-13.630,-4.960,1276
68416.00,3.6230,-2.9190,8.9440,-9.830,-16.190,-9.420,1276
68426.00,3.5620,-2.9490,8.9610,12.370,-13.000,-13.620,1276
68436.00,3.9380,-2.5310,9.9130,25.350,-7.050,-18.410,1276
68446.00,5.5950,-2.0140,9.9360,20.360,-8.000,-22.860,1276
68456.00,5.9160,-0.9900,9.4790,20.710,-10.220,-28.230,1277
68466.00,7.2160,-1.0220,9.7080,28.570,-4.670,-26.450,1277
68476.00,8.4330,-0.2090,11.6500,41.280,4.380,-27.620,1277
68486.00,7.6050,-0.7360,10.2190,29.550,3.210,-23.370,1277
68496.00,7.6660,-0.3940,11.7230,48.260,11.680,-23.030,1277
68506.00,6.8560,-0.8360,11.5640,53.160,12.410,-17.350,1278
68516.00,6.4710,-2.6710,10.2460,49.660,9.280,-12.080,1278
68526.00,5.6910,-3.5790,7.6190,41.750,15.690,-16.400,1278
68536.00,6.2820,-1.9810,9.2800,43.500,29.370,-36.140,1278
68546.00,6.6900,1.2190,7.9710,26.750,26.130,-48.370,1278
68556.00,6.2010,0.4660,7.2090,20.730,21.860,-38.560,1279
68566.00,6.1000,0.4130,6.6670,21.890,23.420,-35.630,1279
68576.00,5.1730,2.5510,7.3200,33.330,33.610,-33.240,1279
68586.00,8.0360,1.6180,6.3860,21.750,79.820,-6.920,1279
68596.00,7.2210,-0.1560,13.5780,70.660,50.630,-1.670,1279
68606.00,6.5100,-0.2890,10.0460,19.790,13.100,-4.570,1280
68616.00,5.0180,-1.2700,7.5970,16.920,-3.240,-6.040,1280
68626.00,4.2130,-1.7980,5.9010,13.290,-8.190,-15.890,1280
68636.00,4.2490,-1.8540,5.4560,17.180,-5.990,-26.970,1280
68646.00,4.6920,-0.4070,7.0150,19.610,0.360,-41.180,1280
68656.00,4.8770,2.0870,8.8600,15.270,-1.610,-49.370,1281
68666.00,5.2910,3.6670,9.7050,7.920,-15.770,-40.200,1281
68676.00,7.5000,16.9020,13.8530,7.990,-39.030,7.580,1281
68686.00,4.9310,0.5130,10.1990,22.690,-82.250,114.730,1281
68696.00,4.7910,-1.7320,3.9380,48.120,-92.730,117.380,1281
68706.00,4.6370,1.4760,6.2240,29.290,-58.220,99.330,1282
68716.00,4.2780,0.0930,6.5400,24.370,-50.380,105.180,1282
68726.00,4.0660,-0.1900,6.0470,26.160,-52.710,100.370,1282
68736.00,4.0800,0.5620,6.4410,28.480,-52.610,96.950,1282
68746.00,4.1220,0.7140,6.1540,38.300,-56.750,91.910,1282
68756.00,4.0850,0.9270,5.5090,30.530,-58.660,89.080,1283
68766.00,4.3570,0.5370,5.8480,28.960,-55.480,88.800,1283
68776.00,4.2310,0.8570,6.3090,22.970,-50.870,80.890,1283
68786.00,4.2080,1.4710,7.2520,20.640,-45.610,71.580,1283
68796.00,4.3150,1.6570,7.2880,24.950,-42.610,66.310,1283
68806.00,4.8410,1.4120,7.2110,11.160,-34.830,54.250,1284
68816.00,4.1790,-3.2850,9.6930,-12.210,-31.430,32.100,1284
68826.00,4.4990,-2.7230,8.9100,-50.310,-50.310,-18.400,1284
68836.00,0.1870,-13.3000,10.8330,-74.070,-57.890,-64.070,1284
68846.00,5.3040,4.9220,10.0210,-38.860,-106.560,-201.710,1284
68856.00,3.5410,-6.4800,3.5700,-188.730,-143.970,-248.030,1285
68866.00,4.1010,20.4550,-3.3660,-34.380,-93.100,-243.520,1285
68876.00,5.1570,1.2680,8.5120,112.940,-39.080,-91.300,1285
68886.00,6.3480,3.4140,4.1310,70.690,-66.340,-74.130,1285
68896.00,5.6140,4.9570,4.8510,111.890,-53.220,-45.590,1285
68906.00,4.9240,-0.5070,9.3320,145.860,-36.960,-5.530,1286
68916.00,5.4480,2.3940,8.7910,113.480,-54.990,-16.540,1286
68927.00,6.0020,-0.9060,7.6070,76.700,-82.160,-37.100,1286
68937.00,5.8710,2.0120,6.6690,40.330,-100.030,-88.430,1286
68947.00,7.3280,9.8260,7.4570,1.290,-72.260,-113.180,1286
68957.00,7.4280,6.3430,9.7320,-52.150,-58.750,-49.250,1287
68967.00,7.2860,5.4400,7.6580,-69.240,-71.660,-26.600,1287
68977.00,6.7210,5.5690,6.6310,-65.880,-60.870,-19.870,1287
68987.00,6.3090,4.9730,5.9270,-57.010,-44.120,-5.110,1287
68997.00,6.9700,4.5320,8.2320,-62.650,-25.010,6.760,1287
69007.00,7.0150,3.5680,9.4950,-90.140,-27.560,13.930,1288
69017.00,6.4910,3.3060,6.3580,-138.250,-41.650,12.340,1288
69027.00,6.4110,3.8650,6.8120,-113.540,-35.860,10.170,1288
69037.00,6.7250,3.2500,7.9630,-103.120,-31.590,18.640,1288
69047.00,6.8080,2.6840,6.9150,-113.750,-39.570,25.730,1288
69057.00,6.5750,2.0150,6.6160,-123.700,-38.330,26.870,1289
69067.00,6.5210,1.9400,6.7720,-127.480,-37.450,20.930,1289
69077.00,4.1260,2.2320,5.3280,-118.230,-41.000,16.790,1289
69087.00,7.5780,2.7000,7.9130,-110.020,-43.680,23.940,1289
69097.00,7.5760,0.6220,7.7340,-65.010,-63.790,22.810,1289
69107.00,7.1540,0.2110,4.4270,-32.690,-81.150,9.300,1290
69117.00,6.7530,1.0980,1.5070,-120.010,-64.370,7.110,1290
69127.00,8.8950,1.5310,4.3010,-194.720,-30.010,7.860,1290
69137.00,7.4720,0.7930,7.1090,-87.640,-17.730,25.710,1290
69147.00,7.6650,1.5180,4.3340,-132.520,-18.380,47.170,1290
69157.00,8.2180,-3.2390,7.7800,-141.940,-11.060,41.230,1291
69167.00,8.6720,-0.4540,6.0450,-119.000,-14.120,25.520,1291
69177.00,8.7550,-1.3970,7.3240,-113.690,-6.160,18.550,1291
69187.00,9.1470,-1.9010,7.1400,-94.620,1.130,7.930,1291
69197.00,9.1390,-1.8000,7.4630,-60.250,10.120,-5.270,1291
69207.00,8.9930,-0.5240,6.6160,-32.600,18.240,-13.550,1292
69217.00,8.3270,-1.9840,8.0530,-75.600,38.260,-7.490,1292
69227.00,7.9750,-0.4610,7.8470,-41.000,40.920,-10.840,1292
69237.00,7.6310,-0.4970,7.4460,-44.030,41.640,-5.730,1292
69247.00,7.3840,-0.3910,8.7360,-42.360,42.500,-0.070,1292
69257.00,7.3480,-0.2260,8.1140,-55.470,30.320,4.330,1293
69267.00,7.2710,-0.2710,4.9710,-71.360,22.340,11.540,1293
69277.00,6.7440,-0.9290,9.5160,-62.700,28.780,16.330,1293
69287.00,6.8480,-0.4550,6.4240,-82.120,4.080,14.690,1293
69297.00,6.9610,-0.3540,6.5000,-31.500,-5.550,14.200,1293
69307.00,7.2230,-0.6190,6.4290,-15.190,-8.230,16.160,1294
69317.00,7.2920,-0.2670,6.1610,-5.040,-11.220,15.750,1294
69327.00,7.4330,-0.0290,5.1850,3.000,-9.960,19.870,1294
69337.00,7.4500,0.0580,4.2710,7.410,4.010,30.450,1294
69347.00,7.4540,-0.7170,5.0330,11.820,30.950,42.350,1294
69357.00,7.3650,-1.1070,6.2060,-5.400,76.690,44.000,1295
69367.00,7.2520,-1.3000,6.9700,-10.250,82.290,37.930,1295
69377.00,7.3390,-1.0000,7.7180,-4.040,80.510,32.360,1295
69387.00,7.3130,-1.3630,8.5530,-0.770,73.790,30.380,1295
69397.00,7.3650,-1.5130,9.0810,-1.570,62.380,26.990,1295
69407.00,7.3540,-1.8280,9.3060,0.310,46.910,22.880,1296
69417.00,7.0980,-1.7520,9.0670,-2.380,31.280,16.380,1296
69427.00,6.9100,-1.5940,8.8270,-5.680,19.550,9.350,1296
69437.00,6.6890,-1.4640,8.5850,1.390,11.330,3.310,1296
69447.00,6.5810,-1.2340,8.6390,5.070,4.560,-2.330,1296
69457.00,6.6130,-0.9330,8.5480,5.160,-4.990,-5.360,1297
69467.00,6.7070,-0.6690,7.8530,4.930,-16.940,-5.030,1297
69477.00,6.7620,-0.8030,7.4050,0.170,-25.620,-1.300,1297
69487.00,7.1610,-0.7160,7.0360,-3.110,-32.180,1.250,1297
69497.00,6.6020,-1.4240,6.4270,4.910,-38.400,2.910,1297
