ts_ms,ax,ay,az,gx,gy,gz,seq
4981.00,-2.2560,6.4290,7.5050,11.300,12.320,-4.370,0
4991.00,-2.2340,6.8390,7.3280,9.600,10.300,-4.510,0
5001.00,-2.2210,7.1030,7.3650,7.940,8.690,-2.970,0
5011.00,-2.2880,7.0710,7.5000,7.420,5.490,0.310,0
5021.00,-2.3720,7.0550,7.1860,3.830,1.010,2.850,0
5032.00,-2.4290,6.5210,7.3200,1.640,0.310,7.730,1
5041.00,-2.4990,6.2380,7.4480,3.200,0.420,7.640,1
5051.00,-2.5050,6.3870,7.5490,4.630,0.030,5.320,1
5061.00,-2.4980,6.4210,7.3830,4.700,-1.450,4.760,1
5071.00,-2.4550,6.3290,7.2460,5.530,-1.120,5.180,1
5081.00,-2.3890,6.3540,7.4900,5.020,-1.040,5.000,2
5091.00,-2.3840,6.4300,7.2940,2.250,-3.460,5.090,2
5101.00,-2.3210,6.8070,7.1560,-1.310,-5.460,5.510,2
5111.00,-2.2700,6.6540,7.0750,-1.590,-5.880,8.990,2
5121.00,-2.2520,6.4070,7.3890,-0.560,-5.050,11.320,2
5131.00,-2.3000,5.9740,7.5740,1.040,-3.550,11.950,3
5142.00,-2.2320,5.9710,7.5970,1.270,-2.640,9.010,3
5152.00,-2.0690,6.2540,7.4710,2.220,-3.060,5.750,3
5162.00,-1.9750,6.1840,7.1340,5.140,-3.510,5.350,3
5172.00,-1.8800,6.5810,7.1210,2.480,-3.550,3.110,3
5182.00,-1.8540,6.8210,6.6290,0.490,-5.350,2.850,4
5192.00,-2.0250,6.5440,7.4710,7.120,-0.100,5.280,4
5202.00,-2.0510,6.7200,7.4220,6.300,-2.660,4.040,4
5212.00,-2.1090,7.2390,7.1530,3.230,-6.470,3.320,4
5222.00,-2.1460,7.1030,7.1170,1.100,-9.710,7.310,4
5232.00,-2.2430,6.8380,7.0210,2.220,-11.490,9.730,5
5242.00,-2.2890,7.1400,7.6890,3.220,-8.800,10.650,5
5252.00,-2.3590,6.7100,7.2460,-0.100,-15.610,14.420,5
5262.00,-2.4500,6.1510,7.0980,1.640,-12.470,15.800,5
5272.00,-2.3740,5.9410,7.2810,2.780,-6.860,12.890,5
5282.00,-2.3010,5.8710,7.5300,4.280,-2.530,9.180,6
5292.00,-2.2820,5.8990,7.5760,4.810,-1.380,5.950,6
5302.00,-2.2400,6.3490,7.2980,3.020,-2.850,2.520,6
5312.00,-2.2250,6.5430,6.9930,2.830,-2.760,2.660,6
5322.00,-2.2340,6.6380,7.2960,2.590,0.560,4.250,6
5332.00,-2.0600,6.7810,7.5170,-1.470,-1.030,6.090,7
5342.00,-2.1240,6.4460,7.3290,-0.380,-4.490,9.240,7
5352.00,-2.1240,6.2660,7.3100,2.430,-5.680,9.640,7
5362.00,-2.0130,6.2700,7.2950,4.600,-5.650,7.800,7
5372.00,-1.9700,6.4210,7.3890,6.870,-4.060,5.460,7
5382.00,-1.8460,6.4150,7.3920,9.250,-3.090,4.480,8
5392.00,-1.6590,6.3490,7.2040,12.490,-2.380,3.530,8
5402.00,-1.5290,6.0290,7.1780,19.250,-1.040,3.410,8
5412.00,-1.0090,5.2150,7.2050,32.350,0.840,5.280,8
5422.00,-0.9430,4.5590,7.8850,49.660,0.800,7.380,8
5432.00,-1.0560,3.8580,7.2520,47.880,-8.150,7.540,9
5442.00,-2.8120,5.7140,7.9950,59.780,-10.580,0.560,9
5452.00,-2.5690,11.3500,9.0070,55.090,-36.330,-44.950,9
5462.00,-3.2210,10.8400,3.8790,40.610,-61.400,-31.650,9
5472.00,-2.8920,10.1400,4.5360,17.060,-31.370,-6.230,9
5482.00,-1.7520,7.5180,6.7600,17.010,-7.030,12.610,10
5492.00,-2.5260,6.1710,7.1890,16.410,-1.220,11.910,10
5502.00,-1.8350,7.3780,6.7080,5.260,-8.050,-1.080,10
5512.00,-1.3120,7.6780,6.6470,5.810,-7.100,-2.940,10
5522.00,-2.5200,6.3620,7.2770,20.160,-9.040,5.210,10
5532.00,-2.1230,7.5500,5.4340,15.540,-15.270,-3.740,11
5542.00,-2.0750,7.8200,6.6470,24.970,-5.190,0.260,11
5552.00,-2.0070,7.3380,6.6240,32.700,-3.550,8.380,11
5562.00,-2.3410,7.5360,6.4780,25.930,-3.900,8.170,11
5572.00,-2.2030,8.6750,6.6400,7.260,-1.960,6.840,11
5582.00,-1.8750,7.7410,8.1240,-3.990,-7.310,21.470,12
5592.00,-1.9760,6.8240,7.3990,-9.310,-27.190,28.700,12
5602.00,-2.0060,6.7940,6.3190,-11.370,-36.220,26.370,12
5612.00,-1.9510,6.8380,6.2880,-5.140,-30.310,23.380,12
5622.00,-1.8870,7.3510,7.0500,-5.530,-23.690,19.870,12
5632.00,-1.6270,7.5920,7.1410,-13.680,-27.400,20.120,13
5642.00,-1.3670,8.2750,6.8730,-27.210,-33.650,21.730,13
5652.00,-1.4440,7.7320,6.4350,-62.330,-42.850,28.570,13
5662.00,-1.3220,6.7880,6.1440,-63.850,-35.890,31.990,13
5672.00,-1.3200,6.4960,6.9300,-56.100,-23.550,28.070,13
5682.00,-0.8120,6.8360,7.3050,-63.960,-21.100,21.660,14
5692.00,-1.1860,6.8360,7.5060,-64.400,-23.170,20.680,14
5702.00,-1.2470,6.5750,6.2450,-69.090,-27.260,18.370,14
5712.00,-1.3330,6.4120,6.7040,-63.910,-13.960,13.420,14
5722.00,-1.0360,5.1540,7.7100,-71.710,-4.000,12.980,14
5733.00,-1.2820,4.9340,8.7250,-77.430,-7.940,3.300,15
5742.00,-1.3710,6.0010,7.9460,-88.740,-20.910,-10.640,15
5752.00,-1.7100,6.4960,7.3980,-95.910,-24.650,-13.190,15
5762.00,-1.4170,6.1290,7.7430,-98.680,-19.140,-8.480,15
5772.00,-1.2220,5.7830,8.5920,-96.050,-14.920,-5.280,15
5782.00,-0.9990,5.7260,8.5720,-83.610,-20.820,-2.740,16
5792.00,-0.7940,5.6900,7.9200,-71.690,-24.220,0.750,16
5802.00,-1.2950,4.9950,7.3430,-54.700,-19.020,4.460,16
5812.00,-0.7150,5.2740,7.5000,-47.370,-4.830,-0.920,16
5822.00,-0.7780,5.6800,9.0790,-36.780,7.190,-4.650,16
5832.00,-0.9470,5.4470,8.6850,-41.030,0.120,-3.340,17
5842.00,-1.1120,4.8990,8.3290,-50.550,-2.010,-2.800,17
5852.00,-0.7710,5.9230,7.9660,-51.010,2.920,-8.590,17
5862.00,-0.8300,5.6020,8.3590,-43.120,7.120,-3.860,17
5872.00,-0.8760,5.6780,8.3910,-36.620,7.820,-3.360,17
5882.00,-1.0180,5.8180,8.5800,-25.970,6.590,-0.360,18
5892.00,-1.2080,5.0970,8.4720,-23.710,5.350,5.180,18
5902.00,-1.2090,5.0050,8.6100,-25.040,7.890,4.230,18
5913.00,-1.3600,5.1170,8.2140,-23.030,9.480,3.670,18
5922.00,-1.5580,4.7190,8.4820,-21.380,14.010,5.910,18
5932.00,-1.3080,4.9690,8.7780,-23.950,17.080,2.520,19
5942.00,-1.0610,5.2960,8.8770,-15.550,15.360,3.500,19
5952.00,-1.2880,4.3870,8.6520,-14.500,11.320,7.870,19
5962.00,-0.9970,5.3010,9.0840,-10.010,10.430,2.660,19
5972.00,-0.9590,5.0930,9.3600,-10.220,5.440,6.170,19
5982.00,-1.0490,4.8210,9.0260,-11.690,-3.670,8.550,20
5992.00,-1.1830,4.7590,8.3190,-10.650,-7.260,8.970,20
6002.00,-1.2370,4.5290,8.5420,-6.890,-2.990,7.800,20
6012.00,-1.3100,4.7850,8.7030,-4.620,-1.850,4.720,20
6022.00,-1.2810,4.8070,8.6820,-6.750,-2.060,3.640,20
6032.00,-1.2150,4.9040,8.7550,-7.520,-1.060,2.640,21
6042.00,-1.1800,4.7180,8.6360,-5.230,-0.540,2.940,21
6052.00,-1.2590,4.7520,8.4440,1.800,-1.730,1.800,21
6062.00,-1.2700,4.8090,8.7390,4.880,1.240,1.520,21
6072.00,-1.3450,4.5810,8.4960,6.680,1.750,2.220,21
6083.00,-1.3540,4.8860,8.6030,9.920,5.020,0.420,22
6093.00,-1.2550,4.9510,8.8110,12.140,6.520,0.630,22
6102.00,-1.3920,4.7380,8.6080,15.200,6.510,2.060,22
6112.00,-1.2870,5.1490,9.1360,14.500,7.140,1.040,22
6122.00,-1.2630,4.9020,8.7680,10.340,1.800,3.040,22
6132.00,-1.3960,4.8170,8.6520,10.760,0.910,2.900,23
6142.00,-1.2810,5.0840,8.6990,6.300,1.040,1.640,23
6152.00,-1.2720,4.8450,8.9390,6.370,-0.660,3.010,23
6162.00,-1.3410,4.7240,8.3650,7.290,-2.460,2.480,23
6173.00,-1.2250,5.0690,8.4900,11.060,1.430,0.450,23
6183.00,-1.3960,5.1150,8.9160,11.760,2.760,1.270,24
6193.00,-1.2870,5.1070,8.5440,6.860,-2.030,2.110,24
6203.00,-1.3440,4.9300,8.6320,6.070,-1.870,3.080,24
6213.00,-1.3010,4.9740,8.6580,5.470,-0.800,2.520,24
6223.00,-1.3590,4.7030,8.4950,8.340,0.140,2.670,24
6233.00,-1.4020,5.1330,8.6440,11.510,2.360,0.100,25
6243.00,-1.2740,5.4580,8.8740,6.870,1.500,0.290,25
6253.00,-1.4400,5.1310,8.4840,4.550,-1.550,2.380,25
6263.00,-1.3830,5.0640,8.5360,1.990,-1.450,2.800,25
6273.00,-1.3500,4.7740,8.5480,1.760,-0.910,3.290,25
6283.00,-1.3080,5.0890,8.6580,1.850,0.190,0.940,26
6293.00,-1.3730,5.0960,8.5450,1.850,-0.680,1.130,26
6303.00,-1.4210,5.0810,8.4820,3.410,-0.330,1.400,26
6313.00,-1.4290,5.0660,8.7010,4.770,0.870,1.500,26
6323.00,-1.4220,5.2070,8.7250,3.760,-0.800,1.450,26
6333.00,-1.4160,5.0710,8.5990,2.990,-2.640,2.520,27
6343.00,-1.3950,4.9050,8.6870,4.900,-1.920,2.800,27
6353.00,-1.3910,5.0440,8.6600,6.160,-2.200,1.590,27
6363.00,-1.3110,4.9660,8.4100,5.280,-2.520,1.730,27
6373.00,-1.3770,4.9570,8.5610,5.820,-0.100,1.120,27
6383.00,-1.3370,5.2740,8.7180,4.180,-0.350,0.080,28
6393.00,-1.2930,5.2450,8.4900,0.360,-3.160,1.820,28
6403.00,-1.3730,5.0780,8.5250,-0.800,-3.060,3.150,28
6413.00,-1.3410,5.1250,8.6950,-1.480,-2.590,3.080,28
6423.00,-1.4300,4.9670,8.7870,-1.400,-4.230,3.720,28
6433.00,-1.4900,5.0300,8.2260,-3.150,-5.770,2.940,29
6443.00,-1.3350,5.2600,8.8220,-3.550,-2.990,2.660,29
6453.00,-1.3650,4.9020,8.3780,-5.280,-8.450,2.900,29
6463.00,-1.4340,5.1780,8.6560,-4.810,-4.510,1.030,29
6473.00,-1.3800,5.3370,8.7070,-6.820,-5.250,1.640,29
6483.00,-1.3550,5.2710,8.6660,-7.770,-7.310,3.180,30
6493.00,-1.2310,5.2820,8.6930,-9.660,-9.640,3.990,30
6503.00,-1.1430,4.7560,8.6290,-9.010,-11.200,6.070,30
6513.00,-1.1220,4.5970,8.6100,-7.120,-9.780,4.760,30
6523.00,-1.2140,4.8150,8.6230,-6.100,-8.900,2.430,30
6533.00,-1.3350,5.0750,8.5430,-9.100,-9.660,1.520,31
6543.00,-1.3650,5.0640,8.5500,-12.630,-10.130,2.040,31
6553.00,-1.4640,5.0540,8.7910,-13.090,-7.770,2.130,31
6563.00,-1.4810,5.2900,8.8250,-12.250,-7.310,2.030,31
6573.00,-1.4460,4.8880,8.6260,-8.990,-7.220,4.560,31
6583.00,-1.3020,4.6310,8.8720,-3.780,-4.070,4.630,32
6593.00,-1.1910,4.5050,8.7930,0.890,-2.920,3.830,32
6603.00,-1.1590,4.4750,8.7510,6.440,0.490,2.990,32
6613.00,-1.0800,4.5040,8.7560,12.770,4.860,1.470,32
6623.00,-1.1340,4.1490,8.0250,18.110,8.830,0.420,32
6633.00,-1.1850,4.3930,7.9860,24.510,20.290,-3.780,33
6643.00,-1.4620,4.7220,8.7290,26.370,28.730,-5.810,33
6653.00,-1.2070,6.3560,8.8920,2.310,7.780,-3.290,33
6663.00,-1.4530,5.6820,8.5080,-0.590,-0.590,4.020,33
6673.00,-1.5150,5.3240,8.8250,-0.360,-0.100,5.650,33
6683.00,-1.3630,5.1850,9.4280,-4.440,-1.830,5.890,34
6693.00,-1.4020,4.8760,8.7870,-7.540,-9.670,6.380,34
6703.00,-1.3660,4.7670,8.1700,-5.950,-10.460,5.610,34
6713.00,-1.1280,4.9390,8.1420,-4.620,-6.020,4.230,34
6723.00,-1.1530,4.6990,8.3580,-1.170,-2.920,4.490,34
6733.00,-1.2770,4.5020,8.3850,2.200,-1.010,3.530,35
6743.00,-1.4270,4.6210,8.6040,5.230,1.330,0.780,35
6753.00,-1.5690,4.9390,8.0020,5.750,1.500,-1.340,35
6763.00,-1.6910,4.9260,8.2870,10.230,8.390,-1.430,35
6773.00,-1.8190,5.2790,9.1560,11.580,12.400,-2.430,35
6784.00,-1.5860,5.4340,8.8110,6.070,4.490,-0.290,36
6793.00,-1.5670,5.0280,8.6050,3.180,1.990,2.730,36
6803.00,-1.3660,4.9140,9.0350,3.360,2.760,2.670,36
6813.00,-1.3000,4.8780,8.9350,3.920,0.570,2.290,36
6823.00,-1.2350,4.9670,8.5930,2.740,-2.180,1.290,36
6833.00,-1.1980,5.1170,8.2800,-0.540,-3.320,0.990,37
6843.00,-1.2400,5.1360,8.3130,-0.500,-2.030,1.570,37
6853.00,-1.4400,4.9690,8.4150,4.790,0.210,0.420,37
6863.00,-1.5180,4.9790,8.4820,7.000,2.250,-0.100,37
6873.00,-1.5490,5.2920,8.6720,7.500,3.060,-1.270,37
6883.00,-1.5540,5.2390,8.6650,7.350,2.590,-0.560,38
6893.00,-1.5610,5.0640,8.9000,9.100,3.780,-0.100,38
6903.00,-1.4160,5.3770,8.8160,4.410,0.640,-0.780,38
6913.00,-1.3980,5.2530,8.3890,1.470,-3.110,1.080,38
6923.00,-1.4440,4.9600,8.4110,3.060,-2.090,2.060,38
6933.00,-1.3410,5.0440,8.4080,3.090,-1.010,0.980,39
6943.00,-1.4210,4.9440,8.4920,6.350,0.240,0.800,39
6953.00,-1.5060,5.0050,8.3420,10.290,1.970,-0.570,39
6964.00,-1.5370,4.9620,8.3730,14.940,6.370,-1.430,39
6973.00,-1.6150,4.9040,8.5130,19.280,10.650,-1.990,39
6983.00,-1.6570,4.9450,8.5260,21.100,12.630,-2.810,40
6993.00,-1.6160,4.9600,8.2090,23.180,12.090,-3.480,40
7003.00,-1.6220,4.8310,8.4740,27.490,15.500,-4.210,40
7013.00,-1.5580,5.2120,8.5070,26.490,14.890,-6.580,40
7023.00,-1.5060,5.5780,8.4030,22.470,10.300,-6.890,40
7033.00,-1.5860,6.1050,8.2750,15.680,4.900,-5.510,41
7043.00,-1.7810,5.9120,8.0760,15.050,3.510,-1.030,41
7053.00,-1.8250,5.4530,8.5200,16.570,-2.310,2.110,41
7063.00,-2.0230,5.2970,7.6350,11.070,-2.110,2.730,41
7073.00,-1.8170,5.2660,8.0940,10.160,5.840,2.670,41
7083.00,-1.7590,5.1790,8.7960,9.270,6.750,2.270,42
7093.00,-1.8240,5.1600,8.2090,8.030,1.940,1.450,42
7103.00,-1.7870,5.3040,8.2010,9.990,3.810,0.010,42
7113.00,-1.6760,5.5350,8.5750,9.740,5.180,-0.540,42
7123.00,-1.7280,5.7830,8.1910,5.230,0.800,0.310,42
7134.00,-1.7590,5.6780,7.9720,4.580,0.310,2.240,43
7143.00,-1.7670,5.5570,8.5240,6.350,2.170,2.970,43
7154.00,-1.7630,5.4260,8.2950,4.810,-0.850,3.230,43
7163.00,-1.7950,5.2720,8.1950,4.760,-0.850,2.730,43
7173.00,-1.7730,5.3880,8.3760,6.580,0.800,1.170,43
7184.00,-1.7880,5.5250,8.2130,7.310,-0.120,0.500,44
7194.00,-1.8070,5.6730,8.0410,5.180,-0.890,0.570,44
7204.00,-1.7570,5.8010,7.9510,1.690,-0.780,1.820,44
7214.00,-1.8060,5.4470,8.4620,3.580,1.010,3.950,44
7224.00,-1.8140,5.3880,8.4110,3.930,-0.520,3.220,44
7234.00,-1.8380,5.3870,8.4170,4.270,-1.330,2.380,45
7244.00,-1.8430,5.5560,8.0450,2.310,-2.760,1.610,45
7254.00,-1.7950,5.4960,8.2930,2.760,-0.490,2.310,45
7264.00,-1.8050,5.3930,8.2380,4.460,-1.040,2.270,45
7274.00,-1.8340,5.3560,8.3000,5.460,-0.590,1.640,45
7284.00,-1.7950,5.8700,8.1810,1.640,-2.130,0.560,46
7294.00,-1.8300,5.6610,7.9340,-0.770,-4.090,3.340,46
7304.00,-1.8550,5.6150,8.2870,-0.990,-3.080,4.160,46
7314.00,-1.8590,5.5200,8.2240,-2.450,-4.630,4.510,46
7324.00,-1.9410,5.3460,8.3330,-1.130,-4.130,4.530,46
7334.00,-1.9090,5.3940,8.2550,-1.850,-4.510,3.300,47
7344.00,-1.7880,5.7750,8.3380,-5.540,-5.120,2.800,47
7354.00,-1.8080,5.5800,8.1320,-5.960,-7.140,4.790,47
7364.00,-1.7250,5.1960,8.0420,-3.080,-5.210,5.190,47
7374.00,-1.6700,5.2530,8.3710,0.190,-1.400,2.850,47
7384.00,-1.6610,5.4670,8.3730,1.260,-1.820,1.190,48
7394.00,-1.6800,5.6240,8.0020,1.220,-3.530,0.710,48
7404.00,-1.7580,5.8100,7.9210,-0.590,-3.200,1.010,48
7414.00,-1.7500,5.6080,7.9990,-1.960,-1.990,2.870,48
7424.00,-1.7940,5.2770,8.5000,1.040,0.360,3.290,48
7434.00,-1.7750,5.4220,8.4390,1.940,-1.040,1.680,49
7444.00,-1.8620,5.3770,8.1720,4.460,-0.280,1.690,49
7454.00,-1.8290,5.4720,8.2070,6.720,1.240,1.330,49
7464.00,-1.8140,5.6020,8.4330,2.430,-1.570,1.470,49
7474.00,-1.8290,5.6880,7.9810,-1.760,-5.140,2.690,49
7484.00,-1.8280,5.4230,7.8800,-2.200,-4.390,4.090,50
7494.00,-1.7630,5.3200,8.4220,0.070,-0.800,3.300,50
7504.00,-1.7430,5.3860,8.4830,1.480,-1.760,1.760,50
7514.00,-1.7910,5.7160,8.1490,1.260,-3.650,0.330,50
7524.00,-1.7200,5.7270,8.1350,1.850,-2.570,1.240,50
7534.00,-1.7350,5.3680,8.3770,3.780,-1.240,2.760,51
7544.00,-1.7510,5.2310,8.3840,4.840,-1.960,2.010,51
7554.00,-1.7680,5.5310,7.9600,1.970,-3.880,0.780,51
7564.00,-1.7850,5.4650,7.9150,1.470,-2.380,1.730,51
7574.00,-1.7450,5.6190,8.1710,1.120,-0.400,1.480,51
7584.00,-1.8200,5.4540,8.4310,2.880,-0.260,2.010,52
7594.00,-1.8590,5.6050,8.3420,3.320,-1.480,0.990,52
7604.00,-1.8080,5.8080,8.2220,1.660,-2.640,1.150,52
7614.00,-1.8540,5.6230,8.1480,0.850,-3.390,2.850,52
7624.00,-1.8000,5.4500,8.1900,0.590,-2.690,3.550,52
7634.00,-1.7490,5.2210,8.3190,2.150,-1.760,3.500,53
7644.00,-1.7800,5.2630,8.3250,2.900,-1.800,1.870,53
7654.00,-1.8000,5.4740,8.0080,0.010,-3.180,0.490,53
7664.00,-1.7980,5.3520,8.4520,3.950,1.310,1.410,53
7674.00,-1.8460,5.5080,8.2370,4.670,-0.660,0.290,53
7684.00,-1.9080,5.4870,8.0980,6.100,-0.490,0.350,54
7694.00,-1.8340,5.8950,8.1000,3.160,-0.080,-0.430,54
7704.00,-1.8050,6.2260,8.1150,-3.830,-2.390,1.690,54
7714.00,-1.8110,5.5290,8.4870,-3.620,-2.780,6.190,54
7724.00,-1.7450,5.3200,8.4770,-3.080,-4.740,5.630,54
7734.00,-1.7570,5.0960,8.1640,-1.170,-5.610,4.560,55
7744.00,-1.7130,5.2160,8.0480,1.130,-3.850,2.110,55
7754.00,-1.6710,5.7670,7.7180,-0.610,-3.580,0.170,55
7764.00,-1.7830,5.7700,8.0690,0.640,-0.590,1.550,55
7774.00,-1.7340,5.8420,8.5630,-0.240,-0.070,2.530,55
7784.00,-1.8710,5.3860,8.4880,0.220,-3.250,4.300,56
7794.00,-1.8280,5.2300,8.3350,1.200,-3.710,3.320,56
7804.00,-1.7640,5.3820,8.1940,1.030,-3.670,1.870,56
7814.00,-1.7580,5.3190,8.0420,1.850,-3.010,1.750,56
7824.00,-1.7240,5.5500,8.3670,2.590,-1.570,0.940,56
7834.00,-1.7670,5.5530,8.0050,0.990,-3.860,1.430,57
7844.00,-1.8040,5.5130,7.8680,2.110,-1.340,1.680,57
7854.00,-1.7650,5.9520,8.4140,-0.150,0.100,1.080,57
7864.00,-1.7910,5.6800,8.4620,-2.570,-2.940,3.230,57
7874.00,-1.8180,5.5190,8.1090,-3.370,-5.650,4.140,57
7884.00,-1.7980,5.2970,8.1170,-1.830,-3.850,4.180,58
7894.00,-1.7240,5.2300,8.2570,0.560,-1.100,2.940,58
7904.00,-1.6920,5.3630,8.4230,2.200,-0.450,1.610,58
7914.00,-1.7220,5.5760,8.0680,2.010,-2.430,1.100,58
7924.00,-1.7430,5.4790,7.9270,2.460,-1.470,1.940,58
7934.00,-1.7620,5.5140,8.3910,2.360,0.420,1.800,59
7944.00,-1.7980,5.7120,8.3010,-1.410,-2.760,1.960,59
7954.00,-1.8660,5.5710,8.0610,-2.520,-4.230,3.300,59
7964.00,-1.8060,5.5620,8.3340,-2.150,-2.690,3.320,59
7974.00,-1.8040,5.5320,8.3920,-1.680,-3.930,3.250,59
7984.00,-1.7800,5.6030,8.2360,-2.500,-5.810,3.040,60
7994.00,-1.7550,5.5690,8.1490,-2.600,-6.300,3.360,60
8004.00,-1.7640,5.3830,8.1910,-1.520,-4.960,3.670,60
8015.00,-1.7910,5.5350,8.2560,-2.730,-4.390,2.970,60
8024.00,-1.7490,5.5020,8.2270,-4.070,-5.330,3.810,60
8034.00,-1.7440,5.1390,8.0150,-2.270,-4.810,4.480,61
8044.00,-1.7040,5.3550,8.4710,-0.910,-1.100,2.200,61
8054.00,-1.7460,5.5420,8.0910,-1.400,-3.200,1.570,61
8064.00,-1.7460,5.4230,8.1360,-0.030,-2.150,2.550,61
8074.00,-1.7610,5.4580,8.4430,0.750,-0.850,2.010,61
8084.00,-1.7470,5.6380,8.2660,-1.060,-3.040,2.030,62
8094.00,-1.7970,5.2950,8.2300,-0.140,-3.160,3.440,62
8104.00,-1.7490,5.5090,8.2620,-0.170,-2.460,2.080,62
8114.00,-1.7020,5.6260,8.2340,-0.910,-3.040,2.520,62
8124.00,-1.7490,5.5630,8.2690,-1.360,-3.850,3.720,62
8134.00,-1.6580,5.5020,8.1870,-3.430,-4.930,4.270,63
8144.00,-1.6950,5.3410,8.3130,-3.130,-5.000,4.410,63
8154.00,-1.5850,5.5320,8.5260,-4.140,-5.810,3.440,63
8164.00,-1.6510,5.5630,8.4070,-5.110,-8.900,3.920,63
8174.00,-1.7030,5.3770,8.1160,-5.720,-9.930,4.720,63
8185.00,-1.6370,5.0500,8.1430,-4.700,-6.630,4.860,64
8195.00,-1.6470,5.0320,8.2790,-2.090,-3.090,3.010,64
8205.00,-1.7040,5.2890,8.1940,-0.140,-1.830,0.870,64
8215.00,-1.7890,5.4740,8.2260,1.060,-0.820,0.570,64
8225.00,-1.7980,5.7290,8.3190,0.630,2.040,-1.850,64
8235.00,-1.8610,5.5870,8.3670,-1.150,0.770,0.200,65
8245.00,-1.8520,5.3690,8.6210,-1.710,0.070,1.240,65
8255.00,-1.8250,5.3530,8.4090,-3.690,-2.860,0.900,65
8265.00,-1.7620,5.6430,8.4700,-7.970,-5.380,0.680,65
8275.00,-1.6720,5.2880,8.3380,-9.990,-8.410,2.650,65
8285.00,-1.5990,5.2520,8.5510,-12.260,-7.610,2.290,66
8295.00,-1.5070,5.0630,8.7030,-11.790,-8.040,1.870,66
8305.00,-1.5730,4.9630,8.1780,-11.880,-9.290,1.110,66
8315.00,-1.3900,5.3710,8.1350,-13.820,-6.920,-0.700,66
8325.00,-1.3330,5.6200,8.4380,-13.920,-5.050,-0.380,66
8335.00,-1.3240,5.4120,8.6500,-15.150,-6.520,1.970,67
8345.00,-1.4880,5.2570,8.4050,-22.690,-10.350,3.510,67
8355.00,-1.5090,5.3460,8.5950,-25.530,-10.760,3.740,67
8365.00,-1.4960,5.2310,8.9390,-28.050,-10.770,5.170,67
8375.00,-1.5480,4.8880,8.6280,-32.820,-14.540,7.050,67
8385.00,-1.5730,4.8520,8.5280,-31.980,-14.270,6.030,68
8395.00,-1.4910,4.9850,8.7200,-29.620,-13.750,4.180,68
8405.00,-1.4350,5.0580,9.5000,-39.880,-15.760,2.810,68
8415.00,-1.4320,5.4850,8.6440,-53.350,-25.890,1.100,68
8425.00,-1.3450,5.2800,8.3440,-52.720,-26.070,4.250,68
8435.00,-1.3980,4.4540,9.0410,-59.110,-19.240,8.010,69
8445.00,-1.2460,4.6430,9.2510,-64.290,-22.390,4.260,69
8455.00,-1.4400,4.6370,9.3850,-73.350,-27.770,4.000,69
8465.00,-1.0140,3.9910,9.4250,-105.540,-40.750,-1.540,69
8475.00,-0.7870,4.1760,9.3080,-122.900,-42.520,-2.660,69
8485.00,-0.8630,3.8810,9.1400,-126.850,-44.150,-2.310,70
8495.00,-1.0060,3.0380,8.7380,-115.070,-44.530,-2.830,70
8505.00,-1.1110,3.2990,9.8600,-115.810,-36.740,-10.990,70
8515.00,-0.8730,3.9230,10.6070,-142.880,-39.070,-15.540,70
8525.00,-0.9170,3.3970,9.9560,-163.130,-49.850,-7.770,70
8535.00,-0.8720,2.6320,9.6520,-177.270,-50.480,-4.910,71
8545.00,-0.6190,2.8360,10.1120,-198.480,-46.230,-8.940,71
8555.00,-0.7560,2.3840,9.9900,-213.410,-48.330,-5.790,71
8565.00,-0.7660,1.1410,10.5730,-218.760,-49.010,-2.040,71
8575.00,0.6240,1.5120,8.3440,-223.850,-49.080,-8.830,71
8585.00,-0.1920,0.9870,8.2990,-136.910,-46.460,-5.960,72
8595.00,-0.1320,0.4160,9.2070,-104.140,-28.450,-3.900,72
8605.00,-0.1440,0.7890,9.5740,-82.440,-17.840,-8.030,72
8615.00,-0.1080,0.7280,8.8740,-52.280,-12.870,-5.880,72
8625.00,-0.1260,0.5460,9.1170,-23.530,1.890,-3.970,72
8635.00,-0.1310,0.4580,9.8700,-2.620,14.120,-4.510,73
8645.00,-0.2460,0.2910,10.0820,9.730,15.260,-6.590,73
8655.00,-0.1890,0.6720,10.1000,16.170,14.080,-9.850,73
8665.00,-0.2960,0.8670,10.6310,18.490,11.160,-7.640,73
8675.00,-0.3570,1.0540,10.5690,12.260,5.210,-6.630,73
8685.00,-0.3170,0.9090,10.4320,4.560,-0.540,-5.070,74
8695.00,-0.3300,0.6920,10.0250,3.060,-4.980,-3.880,74
8705.00,-0.2850,0.5520,10.0310,5.180,-4.530,-4.040,74
8715.00,-0.3000,0.8170,9.9640,7.100,-3.790,-4.880,74
8725.00,-0.2600,0.8350,10.2410,6.910,-2.410,-3.270,74
8735.00,-0.1620,0.6910,9.7230,5.280,-2.710,-2.100,75
8745.00,-0.1600,0.6060,9.7340,8.550,2.030,-2.550,75
8755.00,-0.1130,1.0120,10.3580,10.720,6.210,-4.270,75
8765.00,-0.1620,0.9830,10.2850,6.420,3.200,-3.150,75
8775.00,-0.2510,1.0010,10.1520,1.690,1.690,-2.030,75
8785.00,-0.2100,0.9140,10.3260,-1.030,1.130,-1.660,76
8795.00,-0.2230,0.7630,9.9910,-2.570,-1.520,-1.010,76
8805.00,-0.3000,0.7470,9.9430,-1.460,-0.450,-0.680,76
8815.00,-0.2820,0.7710,10.0800,0.080,1.430,-0.590,76
8825.00,-0.3240,0.8010,10.0050,1.010,2.080,-0.050,76
8835.00,-0.3250,0.7820,10.0470,2.310,3.440,0.640,77
8845.00,-0.3310,0.7650,9.9620,3.690,4.070,0.660,77
8855.00,-0.3270,0.6060,9.9150,7.140,5.750,0.820,77
8865.00,-0.3270,0.5380,10.1240,9.660,4.230,0.710,77
8875.00,-0.3310,0.8540,10.0000,11.250,3.440,-0.610,77
8885.00,-0.2590,0.9080,10.1580,13.050,3.880,-0.240,78
8895.00,-0.2390,0.7820,9.8530,14.280,3.320,1.290,78
8905.00,-0.2060,1.0200,9.9700,15.340,6.590,2.160,78
8915.00,-0.1920,1.1440,10.6140,12.960,7.980,2.710,78
8925.00,-0.2330,1.0920,10.0430,6.000,2.040,2.640,78
8935.00,-0.4180,0.7630,9.9930,4.300,2.530,3.300,79
8945.00,-0.3310,0.9540,10.0830,5.350,4.000,1.520,79
8955.00,-0.3510,0.9410,9.7440,7.700,4.180,1.740,79
8965.00,-0.3570,1.0000,9.8900,11.830,8.240,1.620,79
8975.00,-0.4240,0.9460,9.8260,15.710,11.090,2.230,79
8985.00,-0.3500,0.9400,10.1580,18.180,14.240,2.160,80
8995.00,-0.3120,1.0450,10.3580,16.670,13.380,1.530,80
9005.00,-0.3540,1.0100,9.8680,14.570,10.340,2.440,80
9015.00,-0.3970,1.0630,9.7780,15.780,12.960,2.970,80
9025.00,-0.5490,0.9300,10.1200,18.650,16.080,3.040,80
9035.00,-0.4710,0.9340,9.9000,21.540,15.100,2.180,81
9045.00,-0.5460,0.8960,10.1970,24.460,16.670,1.780,81
9055.00,-0.3940,1.1980,10.8840,20.140,14.050,-0.980,81
9065.00,-0.4940,1.2570,9.9090,15.690,7.400,-0.560,81
9075.00,-0.5690,1.4090,9.8580,16.640,9.500,-0.260,81
9085.00,-0.6490,1.2680,9.8720,17.620,11.950,0.750,82
9095.00,-0.7010,1.1240,9.7910,18.970,14.820,0.500,82
9105.00,-0.7840,1.2550,10.6740,18.040,17.200,-1.500,82
9115.00,-0.7110,1.2780,10.4790,11.420,9.780,-2.340,82
9125.00,-0.6860,1.2390,10.1410,7.850,4.090,-1.400,82
9135.00,-0.5530,1.3370,9.9960,8.060,2.150,-1.380,83
9145.00,-0.5570,1.3070,9.6750,11.700,1.690,-1.050,83
9155.00,-0.5220,1.7470,9.9000,15.680,4.390,-2.760,83
9165.00,-0.5910,1.7500,10.2980,13.560,4.630,-2.060,83
9175.00,-0.6200,1.2390,10.0480,6.280,1.260,-0.750,83
9186.00,-0.7230,1.3190,10.0540,1.430,0.920,-2.390,84
9196.00,-0.7140,1.3560,10.1060,-1.740,0.540,-3.160,84
9206.00,-0.7510,1.1760,9.7900,-1.460,-0.060,-2.660,84
9216.00,-0.6600,1.3170,10.1560,1.470,1.690,-3.530,84
9226.00,-0.6720,1.2830,9.8810,3.530,-0.260,-3.370,84
9236.00,-0.6410,1.4100,9.8840,6.960,0.780,-3.290,85
9246.00,-0.6680,1.6120,10.3080,7.960,1.820,-3.080,85
9256.00,-0.5920,1.2570,9.9660,5.320,-1.380,-1.960,85
9266.00,-0.5310,1.3850,9.9700,4.180,-0.800,-3.850,85
9276.00,-0.6240,1.4420,9.6920,3.090,0.080,-4.040,85
9286.00,-0.6650,1.3770,9.9330,6.580,2.800,-3.860,86
9296.00,-0.7030,1.3930,9.8280,9.340,3.480,-3.930,86
9306.00,-0.7220,1.2950,10.1640,11.670,4.340,-4.180,86
9316.00,-0.7360,1.5070,10.2710,9.640,1.960,-5.260,86
9326.00,-0.6610,1.5210,10.1220,5.720,-1.360,-4.690,86
9336.00,-0.6320,1.4730,10.0030,4.270,-2.360,-3.930,87
9346.00,-0.5930,1.4510,9.9090,4.860,-2.740,-3.950,87
9356.00,-0.6360,1.5200,9.8040,7.140,-2.320,-4.070,87
9366.00,-0.5940,1.5750,9.9330,9.480,-0.080,-4.130,87
9376.00,-0.6050,1.5420,9.9150,10.810,1.240,-3.390,87
9386.00,-0.5800,1.4600,9.9900,11.140,2.520,-2.710,88
9396.00,-0.5830,1.5170,9.9780,10.290,2.530,-2.390,88
9406.00,-0.6280,1.4420,9.7850,10.180,2.950,-1.520,88
9416.00,-0.6370,1.5750,9.7890,12.040,5.630,-0.960,88
9426.00,-0.6660,1.6460,9.8350,14.120,8.690,0.330,88
9436.00,-0.6950,1.7930,10.1610,13.800,10.670,1.010,89
9446.00,-0.7190,1.5960,10.0890,11.370,8.870,1.970,89
9456.00,-0.7570,1.5110,9.8700,10.010,7.910,1.850,89
9466.00,-0.7130,1.6580,10.0830,10.740,7.330,0.690,89
9476.00,-0.7380,1.6720,9.9120,8.680,5.650,1.100,89
9486.00,-0.7450,1.6350,10.0130,9.240,5.750,1.500,90
9496.00,-0.6620,1.7060,10.1130,7.710,4.370,1.060,90
9506.00,-0.7840,1.5360,9.7560,6.610,2.670,1.590,90
9516.00,-0.7680,1.6350,10.1700,6.580,4.690,0.990,90
9526.00,-0.7320,1.7160,10.0230,3.690,1.870,0.590,90
9536.00,-0.7740,1.6220,9.7130,2.870,0.920,0.470,91
9546.00,-0.7150,1.6910,9.9780,4.140,3.320,-0.240,91
9556.00,-0.7410,1.6010,9.9840,4.370,2.480,-0.590,91
9566.00,-0.7900,1.7460,9.8620,3.880,1.900,-1.400,91
9576.00,-0.7450,1.7350,10.0740,3.300,2.760,-1.170,91
9586.00,-0.8010,1.6400,9.9190,1.800,2.030,-0.990,92
9596.00,-0.8240,1.6250,10.0050,1.850,2.040,-1.270,92
9606.00,-0.7950,1.8220,10.1580,0.980,0.910,-2.110,92
9616.00,-0.8030,1.6780,9.8850,-0.660,-1.530,-1.360,92
9626.00,-0.7720,1.4240,9.8710,0.050,-1.450,-1.240,92
9636.00,-0.7320,1.5550,9.8840,2.570,-0.620,-2.410,93
9646.00,-0.7080,1.6250,9.9270,4.270,-0.060,-2.800,93
9656.00,-0.7720,1.4520,9.9500,4.860,0.070,-2.710,93
9666.00,-0.7480,1.7240,9.8570,4.650,-0.990,-4.720,93
9676.00,-0.7070,1.7200,9.9350,3.760,-5.420,-6.350,93
9686.00,-0.7260,1.7520,9.8090,4.900,-4.750,-6.280,94
9696.00,-0.7050,1.5930,9.6490,7.280,-2.790,-5.580,94
9706.00,-0.7630,1.5700,9.7230,11.320,1.120,-6.090,94
9716.00,-0.8180,1.6880,10.0900,13.610,3.650,-7.490,94
9726.00,-0.7680,1.7070,10.0650,12.390,1.130,-8.340,94
9736.00,-0.7150,1.7920,9.9110,10.550,-0.620,-8.200,95
9746.00,-0.7650,1.9900,10.0830,8.380,-0.330,-6.860,95
9756.00,-0.7150,1.9010,9.9490,6.160,-1.320,-4.270,95
9766.00,-0.6790,1.7030,9.7450,5.280,-0.760,-2.950,95
9776.00,-0.6800,1.6720,9.8640,6.930,1.750,-2.320,95
9786.00,-0.8370,1.4150,9.5220,12.420,2.520,-2.290,96
9796.00,-0.8670,1.8040,9.9140,20.400,6.160,-5.700,96
9806.00,-0.8650,2.0910,10.2240,23.360,5.540,-6.730,96
9816.00,-0.7800,1.9260,9.5470,23.060,3.040,-4.040,96
9826.00,-0.9750,1.7570,9.3230,27.540,8.100,-2.240,96
9836.00,-1.1540,2.3180,9.1440,34.540,16.310,-2.100,97
9846.00,-1.9890,3.1990,6.3500,23.760,27.960,2.290,97
9856.00,-1.4300,2.5280,11.3020,20.770,69.590,6.700,97
9866.00,-2.0940,3.1510,8.3760,16.430,63.640,11.390,97
9876.00,-1.9570,3.5730,8.6200,15.380,99.150,29.970,97
9886.00,-1.8360,2.6790,9.1090,12.000,118.490,41.700,98
9896.00,-1.8430,2.7570,9.2210,5.720,131.440,46.190,98
9906.00,-1.7340,2.3680,10.5420,-0.710,139.000,48.800,98
9916.00,-1.8590,2.0200,10.3390,1.920,128.950,46.860,98
9926.00,-1.8670,2.8580,8.1350,21.570,121.600,47.540,98
9936.00,-2.4450,1.4460,8.4500,46.270,133.360,56.890,99
9946.00,-2.3710,2.4820,8.3040,37.570,138.960,48.240,99
9956.00,-2.5390,1.6510,9.7890,43.640,147.100,44.270,99
9966.00,-1.7870,-0.5860,12.7220,25.530,115.580,29.150,99
9976.00,-3.1470,0.9020,9.1390,-53.770,-11.510,-8.080,99
9986.00,-0.2030,2.0470,10.3630,-56.820,-36.450,-30.180,100
9996.00,-3.4670,0.9390,8.3380,3.970,-56.330,-31.020,100
10006.00,-2.7070,2.1260,10.0430,-42.820,-69.750,-0.640,100
10016.00,-1.8140,1.9050,9.4310,16.240,-70.170,-8.100,100
10026.00,-2.0720,2.1630,9.2860,-1.130,-75.090,-8.750,100
10036.00,-1.4340,1.8910,9.2570,3.270,-93.200,-11.580,101
10046.00,-2.1530,2.2360,9.0060,-1.430,-117.240,-12.390,101
10056.00,-2.9280,2.7720,9.3880,-27.660,-139.030,-9.010,101
10066.00,-3.1630,3.2690,10.7480,-38.620,-136.090,-12.020,101
10076.00,-1.6920,1.5810,9.9960,-40.470,-26.590,-27.580,101
10086.00,-1.5390,1.7500,9.7790,-36.800,-18.120,-13.860,102
10096.00,-0.8790,1.8890,10.0730,-9.580,-19.720,-9.590,102
10106.00,-1.4970,1.7790,9.8930,3.360,-16.950,-4.410,102
10116.00,-1.6600,1.5150,10.0020,2.340,-11.950,-1.680,102
10126.00,-1.7860,1.5940,9.9480,2.240,-2.720,3.250,102
10136.00,-1.6530,1.9720,9.8500,3.020,4.210,7.780,103
10146.00,-2.3440,0.7510,9.7990,10.810,7.030,4.090,103
10156.00,-3.0440,1.2650,9.6380,12.020,13.240,-19.630,103
10166.00,-3.0620,3.1510,9.5110,21.420,12.160,-52.150,103
10176.00,-3.4600,4.1630,9.6350,34.720,8.330,-77.560,103
10186.00,-4.4240,4.5370,9.4540,45.780,11.160,-84.260,104
10196.00,-5.6980,4.7910,9.3960,51.340,14.100,-67.160,104
10207.00,-5.7770,5.1960,9.8640,32.110,22.730,-40.790,104
10217.00,-5.6510,4.4810,10.1920,24.480,44.710,-14.070,104
10227.00,-6.1300,3.8220,9.7200,18.860,77.360,-2.250,104
10237.00,-7.0340,5.0140,8.1120,3.040,99.820,-10.270,105
10247.00,-4.8220,4.7070,9.1360,-56.480,118.300,7.520,105
10257.00,-5.6620,3.6370,12.2640,-119.520,124.880,17.340,105
10267.00,-4.4570,6.0900,13.6150,-159.630,70.980,-32.000,105
10277.00,-3.9090,11.1360,15.7160,-138.370,27.590,-45.620,105
10287.00,-3.4160,9.6310,13.9470,-144.600,-62.800,19.260,106
10297.00,-3.4140,5.1730,8.8110,-129.740,-135.670,82.590,106
10307.00,-3.4630,1.8440,5.1840,-121.880,-133.170,106.660,106
10317.00,-3.2360,-0.2200,4.5580,-128.760,-89.860,102.110,106
10327.00,-2.6240,-0.9240,5.8860,-140.640,-44.340,82.160,106
10337.00,-1.9690,-0.9000,7.4770,-124.440,-24.350,60.470,107
10347.00,-1.3600,-0.7340,8.4770,-95.000,-21.890,44.970,107
10357.00,-1.2840,-0.2670,8.0660,-56.760,-30.020,29.940,107
10367.00,-1.4240,0.8190,6.0490,-20.260,-39.020,17.770,107
10377.00,-0.9730,1.7820,5.2880,4.910,-20.780,20.780,107
10387.00,-0.9120,1.0280,7.2470,31.250,10.080,39.490,108
10397.00,-1.5960,0.2330,9.4420,34.590,25.460,52.200,108
10407.00,-0.4360,0.5700,10.6980,30.520,26.860,54.820,108
10417.00,-0.0560,-0.1490,12.0390,29.190,28.730,73.760,108
10427.00,0.0580,-2.1870,11.8620,30.950,19.070,99.240,108
10437.00,0.0610,-3.7900,10.4690,37.760,5.960,110.680,109
10447.00,0.2410,-4.8750,9.8220,37.530,7.800,109.000,109
10457.00,-0.1960,-5.6060,9.5380,28.660,9.250,101.480,109
10467.00,-0.7310,-5.4990,6.5820,8.270,-5.790,88.790,109
10477.00,-0.9590,-6.1190,2.7390,27.660,30.030,75.560,109
10487.00,-0.8540,-6.6370,4.2250,63.080,74.040,59.370,110
10497.00,-0.9290,-4.2610,7.5370,106.400,116.070,25.680,110
10507.00,-1.0890,-0.5260,9.7290,145.530,130.810,-1.590,110
10517.00,-1.5820,1.0750,10.4570,137.670,126.870,2.130,110
10527.00,-2.7810,2.3090,10.3460,106.830,121.250,7.410,110
10537.00,-1.7260,3.2600,14.2880,120.260,158.530,5.310,111
10547.00,-2.3580,3.1380,24.2660,94.950,238.330,29.220,111
10557.00,-2.4040,2.8770,28.4850,-28.260,194.040,51.220,111
10567.00,-2.6280,1.8990,25.3290,-40.980,-7.480,67.090,111
10577.00,-3.4850,0.5590,13.1660,-42.710,-198.880,84.380,111
10587.00,-3.3420,0.5060,4.4880,-20.010,-246.010,79.230,112
10597.00,-2.4440,0.4880,1.7550,32.490,-171.090,65.320,112
10607.00,-5.1010,2.0300,4.1590,62.540,-72.850,46.160,112
10617.00,-1.4220,4.5260,8.1430,72.990,-24.980,28.190,112
10627.00,-0.6430,2.2000,13.9800,101.440,-21.080,44.760,112
10637.00,-1.1680,1.6860,14.7850,132.140,-97.100,31.880,113
10647.00,-1.9290,2.6110,5.5400,60.270,-162.030,29.640,113
10657.00,-1.6150,3.8360,2.5970,53.410,-115.580,33.630,113
10667.00,-1.6650,3.7220,5.9150,62.050,-18.330,49.830,113
10677.00,-1.8950,3.0590,6.7630,76.070,15.410,68.980,113
10687.00,-1.6490,3.2200,6.1900,94.720,32.110,71.940,114
10697.00,0.1630,6.0860,7.8910,125.120,61.230,75.020,114
10707.00,-1.5030,8.6160,9.0340,197.540,64.360,112.750,114
10717.00,-2.8600,6.3300,8.4710,234.950,52.220,185.200,114
10727.00,-4.8810,-0.0050,7.7250,204.010,52.830,230.310,114
10737.00,-4.2440,-3.5360,7.2820,132.310,61.630,184.480,115
10747.00,-3.0610,-2.1150,7.1330,47.810,72.870,85.870,115
10757.00,-2.2970,1.6330,7.8140,-25.180,87.780,24.480,115
10767.00,-2.3340,2.5490,9.3220,-52.060,102.390,25.090,115
10777.00,-2.7990,2.6560,11.7480,-35.960,114.480,33.870,115
10787.00,-3.0100,2.8410,13.9310,-57.360,103.300,28.830,116
10797.00,-2.6100,3.0610,11.6720,-111.540,54.840,22.040,116
10807.00,-2.7610,3.0490,6.9530,-107.230,21.050,21.890,116
10817.00,-2.3940,3.6520,6.3060,-45.300,53.580,28.360,116
10827.00,-3.5960,2.4740,4.2160,-73.760,101.320,61.030,116
10837.00,-1.6940,4.9850,4.1450,-121.370,65.900,117.140,117
10847.00,-1.9400,3.0050,9.0870,-21.870,-116.040,166.660,117
10857.00,-2.2550,3.8530,9.2070,2.690,-132.260,162.880,117
10867.00,-1.3310,4.0960,9.4000,10.810,-126.120,147.190,117
10877.00,-0.6960,4.1100,9.1660,3.010,-112.870,104.290,117
10887.00,-1.2490,3.8530,8.8550,37.640,-132.140,89.300,118
10897.00,-1.3550,3.8200,8.7930,75.560,-156.880,96.160,118
10907.00,-1.1790,3.8410,9.7260,91.420,-175.290,120.360,118
10917.00,1.3710,5.0040,10.6120,161.290,-163.930,118.010,118
10927.00,0.3050,4.8550,8.9710,185.250,-108.060,91.050,118
10937.00,0.8350,5.0830,8.7190,148.850,-80.180,80.420,119
10947.00,1.3930,5.8300,8.6810,124.770,-72.460,66.420,119
10957.00,2.7940,5.4660,9.2050,31.160,-38.790,51.370,119
10967.00,1.4150,5.2970,8.2630,9.220,-32.840,34.080,119
10977.00,1.5330,5.2650,8.4810,-17.390,-22.710,34.420,119
10987.00,1.8410,4.8630,8.8040,-44.130,-7.570,39.720,120
10997.00,3.0990,4.9540,8.4340,-46.490,-3.110,37.580,120
11007.00,1.0970,4.6920,8.6320,-68.380,6.490,32.470,120
11017.00,1.2620,4.5480,9.2810,-78.810,-4.330,17.860,120
11027.00,1.6330,4.4590,8.6120,-54.330,-6.170,4.210,120
11037.00,1.7510,4.6120,9.0850,-66.090,8.940,3.810,121
11047.00,0.0690,4.5060,8.7730,-71.850,9.500,11.670,121
11057.00,1.3950,4.7360,8.6790,-67.930,25.830,12.610,121
11067.00,3.5580,3.8150,9.3600,-49.920,44.640,9.410,121
11077.00,-0.2700,6.8480,8.5630,17.570,60.020,-37.570,121
11087.00,0.4600,12.3260,7.5740,-59.860,116.950,-54.650,122
11097.00,0.3900,13.1170,7.5190,-36.920,160.370,8.320,122
11107.00,-1.4170,6.9110,8.4800,-17.530,196.980,91.380,122
11117.00,-1.6300,6.4370,9.5900,6.870,196.990,71.530,122
11127.00,-1.4160,6.7290,9.1960,40.650,178.970,40.870,122
11137.00,-1.7320,3.3100,10.1390,65.410,155.030,41.990,123
11147.00,-0.8470,2.3540,14.5130,137.250,53.580,14.480,123
11157.00,-2.1870,5.4900,8.0270,7.700,-22.810,-12.810,123
11167.00,-0.9400,9.6430,8.9220,-13.150,-39.930,9.300,123
11177.00,-1.6490,5.8580,6.8290,-45.600,-44.510,87.350,123
11187.00,-3.4060,5.2510,-1.7410,-16.090,-1.920,130.840,124
11197.00,-1.8690,-1.8910,5.8810,-27.450,89.960,173.540,124
11207.00,-1.7500,-5.8930,10.7360,-34.940,72.730,135.600,124
11217.00,-1.3890,-0.4540,10.2180,-55.010,-30.990,51.790,124
11227.00,-1.7270,1.6300,5.6180,-80.880,-107.550,41.100,124
11238.00,-0.7890,2.2180,8.2790,-97.680,-153.910,66.700,125
11248.00,-1.0320,0.0460,6.8940,-86.510,-189.680,82.310,125
11258.00,0.5430,3.4850,5.9280,-63.220,-203.150,77.520,125
11268.00,4.1210,9.3700,9.3370,74.580,-21.830,42.800,125
11278.00,-0.0720,-2.6330,17.8680,165.000,81.160,90.570,125
11288.00,5.2940,7.3340,4.1590,169.660,-190.480,-3.060,126
11298.00,-0.1890,0.3440,11.9190,61.350,-28.150,79.290,126
11308.00,1.2170,0.6920,10.7480,112.450,-79.010,76.730,126
11318.00,1.0380,5.0460,8.9820,80.780,-87.900,42.190,126
11328.00,1.2050,3.5740,9.5040,106.970,-88.280,73.560,126
11338.00,3.9490,3.5270,8.0080,39.230,-112.920,92.080,127
11348.00,2.6770,3.3870,9.4310,92.200,-54.370,60.600,127
11358.00,2.5730,4.6480,8.6560,49.960,-82.890,67.580,127
11368.00,2.8760,2.9750,8.1210,87.360,-58.530,38.160,127
11378.00,2.9030,5.4020,8.6140,57.400,-18.330,34.220,127
11388.00,3.9930,3.3830,8.6810,42.840,-24.000,49.940,128
11398.00,2.2130,4.8890,8.0210,66.930,-7.870,16.500,128
11408.00,2.8470,4.8690,8.4710,45.990,2.780,17.090,128
11418.00,3.1250,4.7210,8.4460,38.650,3.510,21.430,128
11428.00,2.8120,5.1670,8.2390,43.590,-3.900,20.150,128
11438.00,2.7300,5.1610,8.0610,45.710,-4.370,19.440,129
11448.00,2.7880,5.0270,8.0760,37.830,0.630,13.290,129
11458.00,2.7090,5.0400,8.2030,30.660,3.200,4.140,129
11468.00,2.7060,5.0950,8.2070,24.920,4.440,-0.980,129
11478.00,2.7930,5.1330,8.0990,20.510,4.560,-8.680,129
11488.00,2.6880,5.2410,8.3640,9.150,-1.660,-14.780,130
11498.00,2.5410,5.5960,8.2000,17.580,-5.680,-8.100,130
11508.00,2.4490,5.4900,8.2010,27.590,-10.070,6.080,130
11518.00,2.5530,5.4970,8.0510,29.450,-13.030,16.270,130
11528.00,2.6360,5.3750,8.0820,29.570,-12.700,22.220,130
11538.00,2.6220,5.4060,7.9010,30.380,-11.880,20.000,131
11548.00,2.4990,5.5030,7.8460,25.040,-7.850,14.060,131
11558.00,2.6200,5.4690,7.9980,20.230,-4.090,9.580,131
11568.00,2.6380,5.5110,7.9880,20.280,-4.110,6.430,131
11578.00,2.8240,5.5110,8.0570,21.890,-6.140,6.190,131
11588.00,2.8710,5.5510,8.0660,28.100,-9.860,8.040,132
11598.00,2.8610,5.5380,8.1600,37.220,-15.850,13.000,132
11608.00,2.7850,5.6200,7.9100,52.340,-21.540,18.610,132
11618.00,2.8550,5.6440,7.7250,57.260,-23.180,20.800,132
11628.00,2.9500,5.6960,7.6850,52.300,-23.040,19.350,132
11638.00,3.1660,5.6990,7.5140,46.200,-22.060,18.390,133
11648.00,3.3820,5.6380,7.4480,35.070,-18.750,15.780,133
11658.00,3.3580,5.6910,7.4230,22.850,-14.610,9.480,133
11668.00,3.2970,5.7570,7.4830,12.390,-10.160,4.110,133
11678.00,3.2130,5.8030,7.6370,6.310,-8.340,1.530,133
11688.00,3.1830,5.8300,7.6280,12.070,-10.480,5.100,134
11698.00,3.2290,5.8140,7.4950,17.710,-11.390,7.150,134
11708.00,3.3080,5.8010,7.2150,18.790,-9.690,5.910,134
11718.00,3.2320,5.8950,7.4400,11.740,0.430,1.740,134
11728.00,3.2360,5.9300,7.4100,8.430,3.880,0.830,134
11738.00,3.2140,5.9220,7.4450,6.280,3.370,0.500,135
11748.00,3.2050,5.9030,7.5240,3.810,1.030,-0.290,135
11758.00,3.2000,5.9710,7.2930,4.160,-0.050,-0.660,135
11768.00,3.2020,5.9170,7.3960,-6.630,3.230,-0.220,135
11778.00,3.2250,5.8880,7.4150,-11.770,4.530,0.050,135
11788.00,3.3270,5.5830,7.8180,-13.630,4.970,-1.890,136
11798.00,3.7890,5.7080,7.5980,-6.400,3.620,-10.300,136
11808.00,3.4670,5.6480,7.2610,-1.520,-1.920,-10.830,136
11818.00,3.8500,5.4870,7.1850,-8.200,9.390,-14.780,136
11828.00,3.8410,5.5560,7.1090,-22.570,29.290,-22.820,136
11838.00,3.6590,5.4660,7.1400,-32.400,52.150,-27.230,137
11848.00,4.1200,5.1870,6.8750,-52.690,80.020,-37.970,137
11858.00,3.4200,4.1740,7.4410,-86.440,112.800,-68.390,137
11868.00,4.0490,4.0090,7.2700,-141.710,131.000,-130.530,137
11878.00,2.6960,5.3430,9.6460,-188.700,166.820,-200.530,137
11888.00,1.4900,7.4750,6.5200,-140.380,133.610,-327.680,138
11898.00,-0.4430,13.0560,-0.0090,-9.440,176.960,-327.680,138
11908.00,-1.2250,18.4630,5.4530,21.910,320.880,-327.680,138
11918.00,0.2180,20.2930,12.7290,-1.740,327.670,-327.680,138
11928.00,1.5580,17.7370,18.0530,6.240,297.510,-166.880,138
11938.00,1.3780,12.3180,19.7270,17.570,127.260,-15.830,139
11948.00,1.5390,7.0160,15.0160,7.330,-79.220,43.520,139
11958.00,0.6970,3.0000,7.9840,-23.340,-211.110,54.870,139
11968.00,0.8070,0.1780,3.8210,-45.440,-247.810,37.060,139
11978.00,0.1250,-0.2290,1.3080,-95.680,-223.350,-17.110,139
11988.00,-0.6470,0.0690,1.0670,-170.080,-185.580,-70.980,140
11998.00,-1.0600,-1.4180,-5.0870,-249.790,-173.650,-92.380,140
12008.00,-0.9790,-1.7450,-4.5020,-58.580,-125.770,-148.640,140
12018.00,-0.9930,-1.2030,-2.0860,10.250,-63.750,-197.340,140
12028.00,-1.5260,-1.4260,1.5600,21.500,-16.600,-217.610,140
12038.00,-0.1780,-1.9640,2.5740,23.850,3.790,-222.950,141
12048.00,-1.1410,-1.2510,3.0900,6.730,47.330,-218.890,141
12058.00,-1.5070,-1.6650,4.2710,-37.180,113.360,-192.200,141
12068.00,-1.7350,-2.4280,8.7510,-77.550,167.680,-175.780,141
12078.00,-2.3070,-1.9500,13.3660,-169.990,185.130,-179.000,141
12088.00,-3.4730,-0.7710,10.8490,-327.680,111.260,-174.210,142
12098.00,-5.6300,-1.0100,4.7310,-327.680,76.450,-162.100,142
12108.00,-6.9350,1.0690,2.4230,-327.680,109.810,-170.410,142
12118.00,-4.6000,2.1100,4.5330,-327.680,156.520,-163.110,142
12128.00,1.0140,3.2060,10.1370,-319.050,153.170,-122.990,142
12138.00,-7.1840,0.4330,11.6370,-327.680,83.300,-14.680,143
12148.00,-13.0030,-4.6930,0.5200,-327.680,-65.650,79.220,143
12158.00,-8.3580,-7.0860,-11.4680,-327.680,-58.090,143.930,143
12168.00,-11.7170,-12.7070,-9.0930,-209.380,202.840,160.640,143
12178.00,-13.1680,-13.8530,4.3160,-54.580,327.670,73.550,143
12188.00,-12.6220,-9.6400,14.9040,4.340,327.670,-43.920,144
12198.00,-11.8370,-4.7530,21.9180,20.800,327.670,-107.030,144
12208.00,-10.2750,-0.5380,22.0900,13.310,327.670,-102.390,144
12218.00,-9.6160,-0.4580,16.8920,16.170,243.120,-34.650,144
12228.00,-9.8640,-3.7100,12.8730,19.090,177.870,27.260,144
12238.00,-9.5410,-4.4990,11.1740,-23.970,169.450,30.360,145
12248.00,-8.9130,-2.0530,10.6540,-57.830,166.300,7.890,145
12259.00,-7.8310,-0.8530,10.9260,-63.260,155.080,18.540,145
12269.00,-8.7050,-4.8640,9.2910,-46.680,117.490,69.960,145
12279.00,-9.4580,-8.8760,3.3700,-28.400,76.120,100.790,145
12289.00,-9.7920,-8.7270,5.1560,11.720,122.460,31.840,146
12299.00,-8.4110,-5.6260,10.8440,10.930,166.140,-5.180,146
12309.00,-7.1040,-4.4920,14.8780,-3.740,149.710,-6.800,146
12319.00,-6.7480,-5.0390,14.9240,-15.410,79.080,3.020,146
12329.00,-6.7580,-4.9040,11.3060,-20.560,5.630,-2.900,146
12339.00,-7.5240,-4.0710,8.5930,-22.710,-31.090,-13.800,147
12349.00,-8.3290,-3.4830,6.1360,-29.780,-52.790,-15.620,147
12359.00,-9.1250,-3.8690,3.2670,-36.220,-68.190,-8.550,147
12369.00,-9.8390,-5.0960,0.6840,-32.040,-67.300,-1.500,147
12379.00,-10.0980,-5.2480,-1.1070,-17.320,-46.580,-13.330,147
12389.00,-9.2920,-3.6610,0.1240,-3.810,3.550,-32.720,148
12399.00,-8.9030,-2.9510,4.2480,3.780,47.910,-32.810,148
12409.00,-8.6760,-1.8670,6.2590,3.990,46.930,-33.180,148
12419.00,-8.4460,-0.3970,5.9090,-1.730,26.090,-32.740,148
12429.00,-8.6110,0.0930,5.2400,-9.460,12.720,-19.530,148
12439.00,-8.5380,-0.9320,4.8130,-20.050,7.910,0.170,149
12449.00,-9.0710,-2.4860,3.8080,-30.160,2.880,12.800,149
12459.00,-9.2390,-2.5540,2.6270,-34.080,3.320,9.080,149
12469.00,-8.9910,-1.8680,1.9340,-31.350,13.910,4.910,149
12479.00,-8.5510,-2.0780,2.9670,-22.410,35.000,10.250,149
12489.00,-7.9410,-2.0310,6.2970,-3.630,48.890,12.400,150
12499.00,-7.8460,-2.4370,6.9370,0.850,40.580,20.030,150
12509.00,-8.2630,-3.4240,7.5190,0.850,31.850,27.380,150
12519.00,-8.6280,-4.3290,7.3380,1.060,17.290,26.300,150
12529.00,-8.6200,-4.3090,6.7450,-3.210,3.920,17.650,150
12539.00,-8.5980,-3.5530,7.1290,-11.700,-0.330,9.720,151
12549.00,-9.2570,-3.3050,7.7330,-21.410,-8.900,8.100,151
12559.00,-9.1780,-2.9930,6.2690,-36.520,-28.520,6.470,151
12569.00,-8.3090,-2.4170,5.1600,-40.840,-36.500,6.630,151
12579.00,-8.2610,-3.7900,6.7640,-43.170,-21.900,17.420,151
12589.00,-7.9450,-3.8530,8.1760,-47.580,-22.340,10.880,152
12599.00,-7.8050,-2.8830,8.3670,-54.100,-37.780,1.340,152
12609.00,-8.6900,-3.0900,8.0760,-65.740,-52.980,4.190,152
12619.00,-8.3180,-2.8480,6.1440,-68.420,-72.640,5.370,152
12629.00,-8.1970,-3.6010,5.1620,-61.540,-74.390,13.350,152
12639.00,-8.3520,-4.3650,6.1490,-48.190,-65.080,17.690,153
12649.00,-8.3710,-4.1820,6.4120,-39.440,-67.980,12.020,153
12659.00,-8.1840,-3.7970,6.3010,-29.380,-77.410,6.070,153
12669.00,-8.3620,-3.9940,6.1750,-23.390,-81.250,5.720,153
12679.00,-8.2120,-3.7050,6.0040,-16.880,-85.990,2.550,153
12689.00,-8.0780,-3.2600,5.7220,-21.540,-86.720,12.100,154
12699.00,-8.0190,-3.6230,5.2590,-21.060,-89.510,17.070,154
12709.00,-7.5810,-4.1980,5.2040,-20.660,-88.120,18.770,154
12719.00,-7.6950,-4.9530,5.3460,-20.310,-84.500,18.910,154
12729.00,-7.7140,-4.4880,5.4490,-24.270,-81.090,9.600,154
12739.00,-7.6720,-3.7470,5.6800,-21.820,-78.870,3.110,155
12749.00,-7.6240,-3.6840,6.3920,-22.590,-74.230,3.860,155
12759.00,-7.5130,-3.7080,7.0450,-23.880,-73.320,3.340,155
12769.00,-7.5490,-3.5540,7.1230,-21.480,-79.360,1.010,155
12779.00,-7.2090,-3.1160,6.5800,-18.110,-84.360,-1.130,155
12789.00,-7.0930,-3.9370,7.0770,-11.350,-79.460,6.520,156
12799.00,-7.1060,-4.7660,7.9710,-2.500,-77.050,8.270,156
12809.00,-7.0020,-4.2620,8.0090,4.390,-84.850,0.480,156
12819.00,-6.9210,-4.1630,7.7150,10.250,-91.870,-0.840,156
12829.00,-6.8700,-4.6700,8.4550,14.310,-90.660,0.940,156
12839.00,-6.6220,-4.5590,9.4790,17.950,-91.800,-5.140,157
12849.00,-6.5950,-5.1210,9.5030,27.190,-102.930,-7.920,157
12859.00,-6.5030,-6.2040,10.6200,37.310,-105.990,-11.390,157
12869.00,-6.6600,-6.7090,12.3940,43.190,-109.320,-23.760,157
12879.00,-6.6870,-5.9600,12.6580,43.620,-131.490,-40.490,157
12889.00,-6.9750,-6.9790,12.0690,33.180,-174.010,-36.620,158
12899.00,-7.2810,-8.3180,11.2850,24.760,-194.800,-45.830,158
12909.00,-7.0020,-9.4330,9.5480,25.180,-211.990,-66.150,158
12919.00,-6.6670,-10.6030,9.8470,33.750,-207.820,-85.500,158
12929.00,-6.1220,-11.6840,11.9170,38.790,-197.320,-104.960,158
12939.00,-6.5390,-12.2780,14.1720,46.070,-199.160,-130.230,159
12949.00,-7.5330,-10.9120,15.9260,40.470,-222.240,-178.530,159
12959.00,-7.8780,-7.7580,14.8640,17.570,-270.510,-230.140,159
12969.00,-7.8040,-5.5700,11.0120,-5.300,-313.770,-253.830,159
12979.00,-7.0140,-4.6340,8.8370,-11.090,-315.430,-255.710,159
12989.00,-6.7350,-3.6630,8.9770,-25.210,-286.030,-251.380,160
12999.00,-6.0340,-0.7220,8.5310,-47.890,-261.650,-254.480,160
13009.00,-5.2280,2.8890,7.4820,-50.620,-245.100,-236.930,160
13019.00,-4.2110,3.9780,6.1670,-39.440,-237.150,-186.510,160
13029.00,-3.0280,3.3470,4.8750,-22.500,-232.590,-132.590,160
13039.00,-2.0070,0.8230,3.7110,-13.660,-225.530,-83.300,161
13049.00,-1.2860,-2.2130,2.5130,-5.910,-217.800,-49.520,161
13059.00,-0.7220,-2.7850,1.3070,-9.530,-201.510,-42.100,161
13069.00,-0.0930,-2.6970,0.9640,-15.410,-175.660,-42.260,161
13079.00,0.6120,-2.8780,1.0220,-11.120,-148.250,-41.680,161
13089.00,1.6060,-2.0410,3.1650,10.970,-98.290,-44.410,162
13099.00,1.7690,-1.2660,4.8740,5.610,-76.990,-40.670,162
13109.00,2.3960,-0.6420,6.9020,1.310,-62.000,-34.240,162
13119.00,2.6140,-1.4470,7.0580,2.570,-68.820,-17.430,162
13129.00,2.7490,-2.5540,5.6720,-0.660,-77.450,-5.070,162
13139.00,3.0240,-2.7610,5.3030,-6.980,-68.120,-3.460,163
13149.00,3.5300,-3.3950,5.0910,-10.580,-57.850,1.040,163
13159.00,3.5220,-4.5580,4.8620,-6.100,-47.560,6.350,163
13169.00,3.7240,-4.5880,5.3560,-0.690,-31.530,-0.290,163
13179.00,3.8590,-4.0890,5.5400,5.090,-20.430,-6.020,163
13189.00,3.8650,-4.0520,5.4100,13.750,-10.350,-4.460,164
13199.00,3.6940,-3.6050,6.1600,19.880,6.090,-6.980,164
13209.00,3.7910,-3.1230,6.9420,21.360,15.430,-8.920,164
13219.00,3.6630,-3.2870,7.3300,22.570,16.990,-6.660,164
13229.00,3.7380,-3.0160,8.1970,18.300,22.590,-9.220,164
13239.00,3.8090,-3.0770,9.1140,20.580,21.490,-9.010,165
13249.00,3.7730,-3.4260,9.0320,17.970,10.360,-7.420,165
13259.00,3.7590,-3.5550,7.7940,15.780,-1.460,-8.220,165
13269.00,3.6760,-3.7240,7.6970,8.780,0.850,-7.940,165
13279.00,3.8710,-4.2350,7.6470,8.830,2.240,-4.930,165
13290.00,3.8210,-5.4130,7.9050,13.450,9.620,-7.030,166
13300.00,3.7110,-3.7660,8.2690,16.180,11.860,-19.420,166
13310.00,3.7650,-2.7980,7.8230,19.440,8.800,-19.260,166
13320.00,3.7350,-3.3770,7.7640,20.470,10.900,-9.600,166
13330.00,3.7740,-3.4810,8.0380,17.180,16.010,-6.720,166
13340.00,3.6630,-3.4810,8.6840,14.680,18.670,-5.950,167
13350.00,3.5340,-3.1990,9.1400,3.710,17.290,-6.700,167
13360.00,3.7920,-3.7560,9.3580,-0.500,12.210,-2.730,167
13370.00,3.9030,-5.3740,9.2670,6.160,6.470,2.180,167
13380.00,3.8110,-5.1960,9.3770,4.970,5.610,-6.470,167
13390.00,3.8100,-4.0850,9.3640,4.650,3.500,-14.260,168
13400.00,3.8050,-4.0900,8.7430,5.910,-0.680,-12.040,168
13410.00,3.6810,-3.9930,8.7350,5.580,1.520,-11.140,168
13420.00,3.5960,-3.0420,8.8350,3.720,3.720,-13.590,168
13430.00,3.5760,-2.8310,8.4220,6.330,2.040,-8.890,168
13440.00,3.6090,-3.6370,8.3480,10.810,3.860,-1.850,169
13450.00,3.6350,-4.2500,8.7290,14.260,6.720,-0.470,169
13460.00,3.6150,-4.0600,9.0990,13.100,7.750,-4.160,169
13470.00,3.5060,-3.5880,8.9750,12.820,4.110,-7.150,169
13480.00,3.5680,-3.9740,8.5860,13.650,1.260,-4.720,169
13490.00,3.6010,-3.4630,8.6760,13.960,2.170,-7.940,170
13500.00,3.6550,-3.5500,8.7230,6.280,4.320,-5.330,170
13510.00,3.5880,-3.9170,8.5170,6.240,1.970,-2.970,170
13520.00,3.6070,-3.6350,8.3440,4.970,1.760,-4.620,170
13530.00,3.5680,-4.0950,8.8490,4.160,3.430,-3.090,170
13540.00,3.5720,-3.9610,9.3230,2.380,3.460,-5.980,171
13550.00,3.5460,-3.3530,8.7940,2.810,-0.990,-8.660,171
13560.00,3.3970,-3.2500,7.9380,7.700,-3.840,-6.650,171
13570.00,3.4330,-3.1160,7.9230,7.640,0.660,-5.070,171
13580.00,3.4910,-3.5270,8.2570,9.550,4.340,-1.680,171
13590.00,3.5360,-4.0130,8.6280,9.880,5.720,-0.610,172
13600.00,3.6350,-3.9130,8.6270,9.180,4.620,-2.780,172
13610.00,3.6340,-4.2460,8.8100,8.430,3.580,-2.830,172
13620.00,3.6810,-3.7610,9.1040,4.140,3.250,-6.210,172
13630.00,3.6450,-3.6100,8.8220,5.630,-1.530,-5.580,172
13640.00,3.7200,-4.1690,8.5860,7.910,-4.180,-2.310,173
13650.00,3.6670,-4.2290,8.8640,8.270,-3.280,-3.860,173
13660.00,3.5820,-3.3470,8.4650,5.440,-6.080,-7.660,173
13670.00,3.4730,-3.5640,7.5440,6.230,-8.900,-3.620,173
13680.00,3.4690,-4.0890,7.1880,7.850,-4.230,-1.330,173
13690.00,3.3610,-4.6640,6.3310,10.930,2.390,-2.460,174
13700.00,3.4180,-5.1560,6.5810,22.100,14.730,-4.760,174
13710.00,3.3530,-4.7150,7.4820,20.330,22.660,-11.490,174
13720.00,3.2360,-3.7740,7.4720,11.950,22.360,-17.900,174
13730.00,3.2380,-4.1410,6.8050,6.380,21.330,-14.630,174
13740.00,3.1160,-4.7840,6.5630,10.320,25.230,-11.130,175
13750.00,2.7970,-4.6980,6.5200,6.510,31.180,-13.380,175
13760.00,2.5260,-3.8450,5.7660,6.160,33.950,-14.400,175
13770.00,2.3540,-4.2890,3.9230,14.570,36.870,2.200,175
13780.00,1.8660,-6.7650,4.6450,35.240,50.220,18.180,175
13790.00,1.8310,-8.1820,3.0070,23.550,60.480,6.660,176
13800.00,1.4380,-9.0400,2.9250,63.500,81.390,-12.740,176
13810.00,1.3600,-9.0280,3.6560,105.780,105.920,-33.960,176
13820.00,0.6840,-7.6010,4.4600,94.150,138.750,-59.670,176
13830.00,0.1860,-5.8220,6.6470,116.440,163.550,-89.300,176
13840.00,0.0400,-4.7840,7.9750,135.170,168.120,-111.440,177
13850.00,0.1290,-4.5220,8.3250,159.300,156.290,-122.880,177
13860.00,-0.0460,-5.0580,8.3940,178.410,143.650,-128.620,177
13870.00,-0.0330,-3.2700,8.3700,153.260,147.050,-147.350,177
13880.00,-0.1620,-0.3070,9.9800,122.670,163.800,-164.150,177
13890.00,-1.0010,0.3860,11.0840,69.580,177.250,-162.190,178
13900.00,-0.9750,3.6200,11.0630,31.150,169.970,-197.170,178
13910.00,-0.9280,4.8500,11.0410,15.400,166.190,-180.440,178
13920.00,-0.7250,4.6490,11.6910,7.890,170.570,-150.200,178
13930.00,-0.3760,2.9000,12.8560,27.470,166.490,-119.000,178
13940.00,-0.8290,2.1810,12.7800,45.510,153.980,-105.800,179
13950.00,-1.0630,2.9690,11.3690,66.370,137.040,-106.610,179
13960.00,-1.1490,2.9330,11.0210,81.740,133.750,-92.340,179
13970.00,-1.8810,2.3350,13.3690,84.070,144.600,-71.620,179
13980.00,-1.5780,3.9380,15.6270,79.480,157.550,-76.470,179
13990.00,-1.0510,5.0400,17.3160,94.320,140.630,-81.970,180
14000.00,-2.1330,5.4280,15.0540,94.130,79.670,-55.510,180
14010.00,-2.2820,5.4320,11.4950,67.530,47.300,-21.980,180
14020.00,-2.5510,2.9010,12.8590,47.330,61.910,1.920,180
14030.00,-1.9570,1.7070,12.6580,50.710,50.270,5.980,180
14040.00,-2.3280,1.6230,11.4000,34.560,40.110,5.940,181
14050.00,-2.0310,2.8590,12.8880,22.190,44.500,-0.770,181
14060.00,-2.0230,4.2750,15.0180,1.750,38.200,0.200,181
14070.00,-1.5390,6.5270,14.6880,-18.050,8.330,3.280,181
14080.00,-2.0230,7.8670,15.0440,-34.210,-15.240,17.830,181
14090.00,-1.5520,8.8860,15.5130,-59.490,-42.940,35.310,182
14100.00,-3.2570,7.8430,14.2760,-124.650,-90.610,82.820,182
14110.00,-3.6100,8.5870,11.1670,-124.280,-125.890,86.670,182
14120.00,-4.5630,8.9100,8.1350,-115.490,-141.550,96.400,182
14130.00,-4.3110,9.9810,5.9950,-113.640,-134.550,107.710,182
14140.00,-3.1810,8.7700,7.1210,-117.350,-95.040,142.580,183
14150.00,-2.0720,4.7800,10.8110,-126.150,-65.440,185.840,183
14160.00,-1.4100,1.0390,10.4940,-204.570,-83.380,202.980,183
14170.00,-0.6040,0.2450,7.4270,-218.390,-126.610,186.250,183
14181.00,-1.4810,1.5960,6.1990,-271.160,-155.730,173.210,183
14190.00,-0.6830,3.6770,4.5900,-318.910,-204.220,182.480,184
14200.00,-1.9260,1.9950,-2.6810,-248.840,-243.160,226.080,184
14210.00,-3.0680,-1.0920,-8.4070,-166.190,-239.250,288.760,184
14220.00,-4.6440,-5.5800,-12.3550,-134.320,-174.820,320.940,184
14230.00,-4.7460,-8.0000,-14.4280,-126.960,-91.480,299.890,184
14240.00,-6.7720,-8.6900,-15.0420,-118.590,22.100,266.620,185
14250.00,-8.1210,-11.7890,-11.3430,-66.740,151.000,244.430,185
14260.00,-8.3100,-12.8510,-6.8820,-95.890,277.770,185.630,185
14270.00,-7.4560,-9.4850,0.1080,-13.630,327.670,97.920,185
14280.00,-8.2370,-6.9470,5.5080,65.920,327.670,54.330,185
14290.00,-8.2090,-3.1500,10.7550,92.870,327.670,28.940,186
14300.00,-8.4980,-5.2950,13.4230,49.190,327.670,150.930,186
14311.00,-9.9670,-11.1440,10.1300,47.160,305.110,188.070,186
14321.00,-10.9100,-13.9660,5.7450,50.730,257.540,159.310,186
14331.00,-12.0410,-14.6780,4.2080,66.620,275.040,105.430,186
14341.00,-12.4780,-13.3680,6.2780,78.680,316.850,44.410,187
14351.00,-11.9720,-10.4980,9.2630,101.300,327.670,-7.430,187
14361.00,-11.2230,-6.8910,11.7040,125.190,327.670,-45.160,187
14371.00,-10.5470,-3.6170,13.4290,122.230,327.670,-63.150,187
14381.00,-9.9300,-1.7610,14.5350,118.510,317.320,-57.750,187
14391.00,-9.8140,-1.2530,15.2790,137.810,284.620,-39.700,188
14401.00,-9.6650,-0.5450,14.4350,149.340,241.650,-28.070,188
14411.00,-9.0600,-0.6960,13.2900,140.570,209.660,-13.160,188
14421.00,-8.7750,-1.2400,12.5670,143.830,187.980,1.810,188
14431.00,-8.2980,-1.6540,11.8950,151.760,171.650,9.880,188
14441.00,-8.1660,-2.1910,12.4670,154.150,160.560,17.300,189
14451.00,-7.6840,-3.2180,13.2570,118.140,142.320,24.020,189
14461.00,-7.9200,-4.1810,11.5530,94.550,103.070,30.080,189
14471.00,-8.1400,-5.0600,9.7650,74.390,71.850,28.260,189
14481.00,-8.3400,-5.4360,9.2870,55.820,50.010,14.400,189
14491.00,-8.2390,-4.5300,8.3550,45.040,23.530,-8.450,190
14501.00,-8.4410,-1.5270,5.8830,37.450,-17.980,-39.480,190
14511.00,-8.8250,-0.4710,4.8280,32.650,-28.260,-42.050,190
14521.00,-9.0580,-0.0630,3.4950,31.580,-33.510,-37.900,190
14531.00,-9.5490,-0.2650,2.6960,42.590,-30.320,-29.820,190
14541.00,-9.5730,-0.1540,2.4310,49.780,-18.320,-25.970,191
14551.00,-9.4860,-0.0340,3.1050,57.340,-0.550,-19.750,191
14561.00,-9.5180,-0.5260,4.0480,62.700,13.560,-8.640,191
14571.00,-9.6670,-2.1390,4.4860,71.330,16.920,3.280,191
14581.00,-9.7430,-2.8550,5.2700,76.090,19.630,1.410,191
14591.00,-9.4490,-2.2750,6.6040,81.020,19.960,-7.220,192
14601.00,-9.2530,-1.7470,7.8400,79.660,13.800,-8.990,192
14611.00,-9.2590,-1.5820,8.9680,60.880,3.200,-7.800,192
14621.00,-9.4890,-1.3620,9.5120,38.060,-15.830,-8.960,192
14631.00,-9.7710,-1.0060,9.3120,22.290,-38.910,-10.670,192
14641.00,-10.1020,-0.2640,8.8360,7.000,-56.640,-12.890,193
14651.00,-10.2520,0.1690,8.4610,-1.410,-67.910,-11.860,193
14661.00,-10.4120,0.6800,9.0020,-7.060,-70.990,-10.010,193
14671.00,-10.0430,1.1360,10.7400,-17.020,-68.260,-5.750,193
14681.00,-10.1030,0.9520,13.3430,-30.670,-65.090,5.300,193
14691.00,-9.8960,0.9280,15.2380,-34.850,-82.140,11.720,194
14701.00,-8.3650,1.3120,18.1950,-30.250,-140.120,30.990,194
14711.00,-8.3170,-1.5020,20.1080,-1.030,-162.970,70.340,194
14721.00,-8.6760,-4.0070,23.8520,34.940,-180.030,84.640,194
14731.00,-10.0900,-3.2730,27.8080,42.400,-218.780,59.090,194
14741.00,-11.5400,-0.2630,29.7960,9.830,-302.030,28.900,195
14751.00,-13.7400,1.2330,27.7790,-40.000,-327.680,42.870,195
14761.00,-17.1170,-0.1800,22.3370,-70.050,-327.680,78.170,195
14771.00,-18.9030,-0.9160,18.1480,-86.880,-327.680,81.250,195
14781.00,-20.3980,-0.8790,14.3060,-74.810,-327.680,68.450,195
14791.00,-19.5560,-2.6340,8.6830,-40.870,-327.680,78.320,196
14801.00,-17.6510,-7.7000,4.2780,12.210,-327.680,112.290,196
14811.00,-15.6570,-12.0170,4.7490,49.150,-327.680,104.420,196
14821.00,-13.3870,-11.2950,8.2260,61.720,-327.680,36.740,196
14831.00,-11.4360,-6.8610,9.9020,63.290,-327.680,-24.880,196
14841.00,-11.4070,-4.9660,5.1780,61.740,-327.680,-40.470,197
14851.00,-9.7440,-3.1030,1.0940,64.480,-327.680,-49.140,197
14861.00,-8.0690,-0.4410,-2.8490,49.920,-327.680,-44.570,197
14871.00,-6.5060,1.1540,-4.5750,25.440,-327.680,-26.110,197
14881.00,-4.3710,1.7030,-3.5190,0.890,-299.820,-13.370,197
14891.00,-2.2360,0.4420,-0.6280,0.450,-239.250,-4.160,198
14901.00,0.6730,-0.7580,0.3130,44.410,-190.950,-2.670,198
14911.00,1.9410,-2.3520,2.4270,51.080,-157.350,6.220,198
14921.00,2.8460,-0.4580,4.5390,46.390,-133.150,-11.300,198
14931.00,2.9070,0.5890,4.1430,43.380,-132.710,-15.890,198
14941.00,2.9530,0.9760,2.7750,36.750,-131.310,-10.150,199
14951.00,3.5410,1.0420,3.2850,16.800,-109.670,-7.940,199
14961.00,4.2660,-0.1600,4.0510,10.810,-92.480,-2.430,199
14971.00,4.5690,-0.5250,4.9230,8.970,-78.360,-6.770,199
14981.00,4.9910,0.8300,5.5090,1.710,-69.420,-20.090,199
14991.00,5.8880,0.8650,6.1120,-1.920,-62.030,-19.980,200
15001.00,6.3810,-0.7690,7.4500,10.850,-54.870,-13.350,200
15011.00,6.4950,0.0860,6.7280,18.420,-58.040,-22.680,200
15021.00,6.9400,0.4940,5.9050,25.720,-58.180,-22.290,200
15031.00,6.9180,-0.0720,6.5440,29.380,-48.170,-11.830,200
15041.00,6.6290,0.1180,5.6050,36.430,-46.910,-11.840,201
15051.00,6.3850,0.3290,4.4980,48.090,-42.940,-11.350,201
15061.00,6.2050,0.7870,4.5360,60.630,-29.810,-11.900,201
15071.00,6.3780,1.3370,4.6370,80.440,-19.860,-13.440,201
15081.00,6.2020,1.0190,5.0990,97.370,-12.260,-10.900,201
15091.00,5.7050,1.5370,4.3090,98.780,-12.050,-16.870,202
15101.00,4.8450,2.2070,0.5180,84.940,-0.430,-20.450,202
15111.00,3.9360,0.4580,-0.6010,84.850,17.460,-13.450,202
15121.00,3.3090,0.3980,-2.1160,84.010,33.610,-27.680,202
15131.00,2.5740,0.9840,-3.4670,74.770,56.940,-44.080,202
15141.00,1.1530,1.3900,-5.2630,56.990,85.820,-53.060,203
15151.00,-0.2850,2.0740,-7.3870,46.860,121.360,-62.000,203
15161.00,-1.9740,2.2620,-9.1140,41.020,169.590,-65.880,203
15171.00,-3.9940,1.3750,-9.7260,34.310,233.030,-63.140,203
15181.00,-6.3330,0.9570,-9.8330,27.300,302.010,-62.230,203
15191.00,-7.3950,-0.4430,-7.1360,1.730,327.670,-55.960,204
15201.00,-9.3840,-2.3660,-2.7730,-11.370,327.670,-56.400,204
15211.00,-11.0220,-1.7260,-0.2230,-2.360,327.670,-86.780,204
15221.00,-12.2590,0.3200,1.9100,-7.660,327.670,-111.380,204
15231.00,-12.1140,1.2200,6.2730,-6.570,327.670,-107.170,204
15241.00,-12.0320,0.0470,12.4040,17.790,327.670,-87.510,205
15251.00,-12.0590,-0.6670,17.2920,24.160,327.670,-93.150,205
15261.00,-11.5400,0.3010,19.7640,20.420,327.670,-124.400,205
15271.00,-11.2680,1.5740,18.9880,10.480,327.670,-151.280,205
15281.00,-11.4900,2.5550,16.8050,-7.240,327.670,-161.420,205
15291.00,-11.3640,2.7090,15.2850,-16.850,327.670,-149.850,206
15301.00,-9.5000,-1.3660,21.4220,-8.740,327.670,-98.910,206
15311.00,-7.8500,-0.4960,24.4820,-1.390,327.670,-109.840,206
15321.00,-7.6240,2.4880,27.0740,-13.640,312.510,-131.040,206
15332.00,-7.5580,6.2970,27.0350,-74.630,246.340,-141.360,206
15342.00,-8.2450,9.4400,25.9160,-113.220,172.020,-124.470,207
15352.00,-8.7490,10.0420,21.3360,-135.460,83.380,-77.260,207
15362.00,-9.1470,6.8670,14.5590,-130.140,12.910,-19.350,207
15372.00,-9.0400,3.6990,10.5220,-116.320,-0.100,12.540,207
15382.00,-8.5680,1.2580,9.4610,-93.930,21.730,23.410,207
15392.00,-7.9520,-0.6910,9.7610,-68.280,42.700,25.860,208
15402.00,-7.3160,-2.5630,9.9260,-51.620,47.670,24.690,208
15412.00,-6.8690,-4.2000,9.4570,-42.820,42.490,18.980,208
15422.00,-6.4590,-5.0570,9.0550,-37.360,39.210,6.910,208
15432.00,-6.2670,-5.3640,8.7240,-32.740,38.550,-5.820,208
15442.00,-6.4160,-5.2270,9.3810,-24.840,39.560,-20.000,209
15452.00,-6.4700,-3.7900,9.4690,-10.020,32.620,-37.290,209
15462.00,-6.6790,-1.2410,10.4790,-1.310,31.300,-47.330,209
15472.00,-7.3840,0.9650,12.2620,-5.260,26.820,-43.680,209
15482.00,-8.0480,3.3690,13.1790,-20.640,6.560,-37.640,209
15492.00,-8.6990,5.1560,12.3480,-40.650,-25.600,-25.350,210
15502.00,-9.5090,4.6790,9.2610,-58.710,-52.410,8.110,210
15512.00,-9.2920,3.7670,10.3510,-45.760,-56.100,16.460,210
15522.00,-8.0880,4.2060,11.6630,-30.390,-57.130,17.230,210
15532.00,-6.8010,4.1820,14.5300,-19.540,-49.870,27.120,210
15542.00,-5.4970,4.0580,19.7590,-0.330,-33.980,43.250,211
15552.00,-4.7380,2.4820,27.3820,34.750,-23.830,76.450,211
15562.00,-6.4280,-0.2830,32.7670,68.540,-53.420,110.910,211
15572.00,-10.0110,-0.6650,32.7670,55.860,-168.550,104.140,211
15582.00,-15.2200,0.9270,32.7670,7.820,-327.680,79.710,211
15592.00,-20.3460,4.5640,31.7370,-17.210,-327.680,60.980,212
15602.00,-21.6220,6.8140,20.1950,-27.990,-327.680,79.550,212
15612.00,-21.7370,3.8390,14.1540,-12.440,-327.680,155.110,212
15622.00,-20.5900,-1.4320,13.2450,21.680,-327.680,225.940,212
15632.00,-19.5030,-5.9580,12.3230,19.650,-327.680,248.670,212
15642.00,-17.9040,-7.8220,8.1290,4.880,-327.680,217.340,213
15652.00,-14.9920,-7.3870,3.0220,10.460,-327.680,163.850,213
15662.00,-12.8660,-5.4220,-1.2630,9.970,-327.680,115.130,213
15672.00,-9.8830,-2.3560,-5.2150,2.530,-327.680,77.750,213
15682.00,-6.8150,0.3180,-7.6010,-0.130,-327.680,74.960,213
15692.00,-4.5170,-1.5700,-4.9530,-15.500,-327.680,100.950,214
15702.00,-0.9470,-1.9440,-0.1160,-26.720,-286.330,93.250,214
15712.00,-0.1800,-3.1520,-1.5670,-20.780,-245.170,67.160,214
15722.00,0.5190,-4.0410,-2.2880,6.980,-213.900,52.650,214
15732.00,1.8520,-4.7910,-2.2740,34.280,-174.150,29.200,214
15742.00,2.5560,-5.2660,-0.8320,45.320,-129.900,2.950,215
15752.00,3.0750,-2.0250,-0.2340,39.860,-97.910,-33.210,215
15762.00,3.7480,-0.4630,0.1860,29.480,-69.080,-42.050,215
15772.00,4.3150,-0.7540,3.0930,31.230,-35.750,-39.600,215
15782.00,5.0080,0.9480,5.7720,31.090,-17.370,-52.500,215
15792.00,5.3510,2.1970,6.8070,32.280,-20.680,-50.540,216
15802.00,5.8790,2.4090,7.0500,30.940,-25.120,-37.990,216
15812.00,5.9880,1.3450,7.0090,29.290,-26.030,-26.790,216
15822.00,6.1350,1.3260,6.2020,25.200,-30.710,-28.450,216
15832.00,6.1200,1.9700,6.0370,21.190,-28.480,-30.320,216
15842.00,6.1410,1.6850,5.3680,20.370,-27.590,-22.080,217
15852.00,6.3560,0.8570,6.0070,30.390,-21.050,-13.800,217
15862.00,6.3200,0.9940,5.8940,33.300,-16.090,-15.830,217
15872.00,6.4130,1.1820,5.7320,48.660,-12.160,-12.460,217
15882.00,6.2770,0.8620,6.6220,51.550,-1.340,-7.630,217
15892.00,6.3490,1.3590,7.4010,53.840,4.280,-11.420,218
15902.00,6.3490,2.0700,7.8610,62.090,2.110,-14.850,218
15912.00,6.3080,2.8650,7.3740,64.340,-12.230,-20.000,218
15922.00,6.2750,2.9350,6.3000,62.980,-19.980,-10.640,218
15932.00,5.8820,1.8720,5.1230,65.030,-19.120,2.930,218
15942.00,5.9530,1.3220,4.8390,66.430,-9.320,6.730,219
15952.00,6.4250,1.0580,6.7640,69.610,6.280,7.890,219
15962.00,6.3850,1.2010,7.5860,58.670,7.380,7.150,219
15972.00,6.2300,1.5020,6.2960,43.030,-2.900,5.330,219
15982.00,6.3690,1.3720,6.3370,35.840,5.210,6.310,219
15992.00,6.4520,0.9660,8.1540,40.600,17.740,4.490,220
16002.00,6.5860,1.2530,8.5900,39.860,12.610,-6.170,220
16012.00,6.7760,2.2210,8.2400,30.660,2.200,-15.100,220
16022.00,6.7560,2.7400,7.5870,15.780,-4.630,-13.030,220
16032.00,6.6440,2.4830,6.7560,2.290,-5.210,-3.710,220
16042.00,6.5180,1.8420,7.1960,-7.330,-0.710,6.400,221
16052.00,6.4600,1.2520,6.8070,-13.100,-1.730,10.950,221
16062.00,6.4960,1.2220,7.4400,-16.290,3.150,11.400,221
16072.00,6.3930,0.8500,7.9230,-18.860,4.280,12.370,221
16082.00,6.2210,0.4760,6.9960,-20.380,-4.560,8.810,221
16092.00,5.9530,0.3380,5.1900,-16.780,-7.450,2.620,222
16102.00,5.9940,0.4000,6.5830,-12.140,6.510,-3.480,222
16112.00,6.3780,0.8700,7.0130,-8.950,25.510,-12.540,222
16122.00,6.6840,1.1160,8.0110,-7.270,27.370,-12.250,222
16132.00,6.7270,2.0970,9.0770,-14.850,24.790,-13.580,222
16142.00,6.5000,2.8280,8.2250,-26.560,11.350,-8.830,223
16152.00,6.3920,2.3530,7.0940,-34.400,5.680,4.470,223
16162.00,6.3440,0.9200,7.4260,-36.740,9.660,14.540,223
16172.00,6.4670,0.1440,7.6240,-28.260,8.940,10.530,223
16182.00,6.6430,0.1970,8.0810,-16.850,7.500,-0.430,223
16192.00,6.9140,0.8750,8.1870,-15.150,4.340,-7.240,224
16202.00,6.9260,0.9840,8.3380,-11.610,2.550,-5.540,224
16212.00,7.2200,0.9850,9.3790,-9.640,2.040,-4.440,224
16222.00,7.2200,1.1920,9.7690,-22.380,-2.780,-3.670,224
16232.00,7.1340,1.5240,9.2930,-34.190,-12.630,-1.940,224
16242.00,6.9940,1.3500,8.8430,-35.990,-20.450,3.270,225
16252.00,7.0760,1.2650,8.4980,-31.900,-24.370,5.870,225
16262.00,7.0620,0.7230,8.3650,-25.890,-25.230,10.700,225
16272.00,6.8600,0.2770,7.7250,-21.570,-26.100,11.700,225
16282.00,6.9830,0.2810,7.0090,-15.340,-23.480,7.620,225
16292.00,7.0500,0.2630,7.4410,-10.420,-15.270,6.940,226
16302.00,7.1150,0.1280,8.5440,-12.090,-12.660,7.120,226
16312.00,7.0610,0.9630,8.5650,-21.780,-18.050,1.990,226
16322.00,6.9210,0.8430,8.1640,-22.520,-22.390,4.020,226
16332.00,6.8300,0.4190,7.2800,-20.840,-26.490,5.450,226
16342.00,6.9540,0.6260,7.4480,-17.830,-21.660,2.810,227
16352.00,6.8750,0.7270,8.1200,-13.010,-20.780,-0.080,227
16363.00,6.7570,0.4170,7.1830,-10.900,-30.250,-3.360,227
16373.00,7.0340,0.5180,6.4670,-9.250,-31.070,-6.840,227
16383.00,7.0280,0.2350,6.4730,-1.670,-23.920,-4.510,227
16393.00,7.1410,0.0780,6.5590,7.660,-16.090,-3.640,228
16403.00,7.2280,-0.0510,7.5050,13.070,-11.020,-3.970,228
16413.00,7.1890,-0.2820,7.1640,14.800,-16.620,-4.460,228
16423.00,7.1920,0.4850,6.9750,16.570,-14.500,-9.180,228
16433.00,6.9870,0.8020,7.3170,21.100,-13.210,-9.320,228
16443.00,6.6350,0.7710,5.5580,18.300,-15.290,-9.660,229
16453.00,6.9430,1.0750,6.6250,18.130,-2.720,-12.600,229
16463.00,6.8490,0.3390,7.2570,21.170,-3.550,-11.700,229
16473.00,6.3180,0.3800,6.0760,20.300,-11.000,-22.200,229
16483.00,6.4360,1.6430,5.5740,22.970,-12.820,-35.640,229
16493.00,6.3870,1.7560,6.0270,25.740,-12.370,-31.230,230
16503.00,5.9280,1.1540,5.0820,24.760,-20.290,-25.280,230
16513.00,5.4280,1.7380,2.1850,31.440,4.200,-15.330,230
16523.00,5.1130,0.8370,2.1000,36.970,21.770,-4.480,230
16533.00,4.5870,-0.0210,1.4600,41.330,33.350,-5.370,230
16543.00,3.9730,-0.1730,0.1250,40.250,42.640,-18.530,231
16553.00,3.2310,-0.3440,-1.6660,32.860,56.290,-34.300,231
16563.00,1.7450,-0.5940,-3.4090,20.400,73.690,-57.820,231
16573.00,0.4280,0.1810,-6.9750,8.330,90.380,-87.900,231
16583.00,-1.5780,2.3010,-11.3350,6.070,132.170,-96.840,231
16593.00,-2.1090,-0.3330,-10.7250,-34.780,230.560,-56.260,232
16603.00,-5.0240,-4.9070,-6.1810,-55.680,327.670,-32.900,232
16613.00,-7.6040,-4.9360,-3.9370,-57.870,327.670,-77.150,232
16623.00,-8.9810,-2.9950,-3.0260,-56.640,327.670,-125.050,232
16633.00,-10.7650,-3.9980,1.4780,-43.250,327.670,-141.100,232
16643.00,-11.9330,-3.5400,5.2820,-35.710,327.670,-162.620,233
16653.00,-13.0870,-2.9990,8.1210,-28.760,327.670,-175.570,233
16663.00,-13.7940,-2.4280,11.4550,-19.240,327.670,-184.010,233
16673.00,-12.1510,-1.6370,15.8590,9.810,327.670,-193.060,233
16683.00,-11.2670,-0.5100,22.2660,54.770,327.670,-211.480,233
16693.00,-10.2440,3.4800,24.6490,43.900,327.670,-259.420,234
16703.00,-9.0500,10.1690,25.7070,48.730,327.670,-300.680,234
16713.00,-4.9190,9.4910,29.6600,-26.100,327.670,-183.820,234
16723.00,-16.6740,8.2010,32.7670,-310.670,327.670,-167.310,234
16733.00,-15.5220,21.1800,32.7670,-37.290,327.670,-177.620,234
16743.00,-14.7910,17.2720,32.7670,-196.400,-202.560,-37.920,235
16753.00,-19.4620,7.8840,8.8680,-327.680,-327.680,88.810,235
16763.00,-15.9880,6.3120,-22.8800,-242.470,-327.680,142.690,235
16773.00,-10.0970,2.2700,-32.7680,-47.070,-327.680,196.850,235
16783.00,-8.7840,-7.5940,-21.9400,-60.680,77.290,185.390,235
16793.00,-7.4910,-6.7320,5.8850,15.590,327.670,35.120,236
16803.00,-4.5030,-1.9050,20.4270,80.760,327.670,-74.530,236
16813.00,-2.5470,1.1550,19.5900,68.810,241.950,-68.140,236
16823.00,-3.7810,-3.8110,8.0490,35.870,35.700,17.160,236
16833.00,-4.3990,-8.9320,4.0710,10.720,48.370,42.870,236
16843.00,-4.4060,-7.1950,11.6510,16.620,160.300,-13.470,237
16853.00,-4.1650,-2.1360,17.2120,17.530,178.270,-69.030,237
16863.00,-4.1030,1.3490,16.2520,-12.070,109.130,-76.370,237
16873.00,-4.7820,1.8780,11.4490,-42.310,39.720,-55.650,237
16883.00,-4.8890,2.2880,8.9130,-58.550,26.650,-46.530,237
16893.00,-4.7650,2.7990,10.4250,-61.300,41.490,-39.630,238
16903.00,-5.0180,2.4190,10.7920,-60.600,33.160,-28.380,238
16913.00,-4.8040,2.8530,10.6750,-38.350,20.800,-14.120,238
16923.00,-5.0600,1.7250,11.2090,-29.240,15.410,6.000,238
16933.00,-5.1030,1.6670,11.2720,-9.650,6.350,15.810,238
16943.00,-4.5750,3.2820,12.7100,5.070,13.580,17.880,239
16953.00,-3.5280,4.5160,16.7960,22.470,32.510,27.150,239
16963.00,-3.1010,6.4850,22.3840,24.110,51.250,32.160,239
16973.00,-2.9210,9.0430,28.5530,8.550,43.430,34.590,239
16983.00,-5.8420,11.6490,32.7670,-1.200,-22.390,46.930,239
16993.00,-8.4670,14.2260,32.7670,-36.080,-173.960,81.510,240
17003.00,-11.7820,8.0690,29.7720,-52.830,-327.680,193.860,240
17013.00,-14.4590,-2.1340,25.2200,-24.840,-327.680,285.960,240
17023.00,-16.3010,-8.5370,22.9260,33.320,-327.680,284.370,240
17033.00,-15.9910,-7.8120,20.6900,69.330,-327.680,217.970,240
17043.00,-15.3460,-3.9210,19.4660,86.730,-327.680,171.880,241
17053.00,-14.8360,-1.6830,18.3400,84.350,-327.680,177.720,241
17063.00,-12.9960,-2.5440,15.7310,83.520,-327.680,217.610,241
17073.00,-12.6070,-5.4690,14.0260,69.140,-327.680,247.740,241
17083.00,-11.2730,-5.5960,11.4500,16.670,-327.680,223.310,241
17093.00,-9.1250,-6.6550,8.6050,-26.400,-327.680,196.010,242
17103.00,-7.5970,-9.5980,4.4140,-53.680,-327.680,178.950,242
17113.00,-4.7660,-8.8050,-5.7850,-71.100,-327.680,64.800,242
17123.00,-3.0280,-3.7490,-9.0060,-60.490,-327.680,10.580,242
17133.00,-1.1980,-3.4400,-6.1080,-55.240,-313.930,2.040,242
17143.00,0.5530,-2.6570,-2.1670,-28.960,-227.060,-16.780,243
17153.00,1.8290,-1.2310,-1.2520,-2.090,-192.810,-37.780,243
17163.00,3.0230,-1.3930,-0.3020,23.040,-160.280,-41.520,243
17173.00,3.5330,-1.1590,1.3670,35.430,-129.860,-46.160,243
17183.00,3.7800,0.2480,1.2090,30.180,-123.470,-53.180,243
17193.00,3.8990,0.7950,0.1930,16.690,-116.530,-48.580,244
17203.00,3.7870,1.1830,-0.4740,9.320,-99.920,-44.900,244
17213.00,4.3570,2.0170,-0.1720,4.440,-74.720,-44.100,244
17223.00,4.9070,1.8060,1.3430,3.460,-49.570,-35.010,244
17233.00,5.2960,1.5480,2.0080,5.770,-38.020,-30.850,244
17243.00,5.7030,1.5660,1.9870,13.560,-30.950,-30.670,245
17253.00,6.0100,0.9550,2.5630,26.370,-22.950,-31.160,245
17263.00,6.3060,0.6530,1.8490,35.150,-20.850,-33.890,245
17273.00,6.4980,0.7070,1.6770,45.020,-7.430,-35.490,245
17283.00,6.8540,0.5930,3.0290,60.530,9.480,-33.820,245
17293.00,7.0210,0.8670,4.6750,73.570,17.830,-31.370,246
17303.00,6.7520,1.5310,4.9100,67.270,13.840,-30.850,246
17313.00,6.0820,1.8190,1.8810,56.680,16.030,-25.830,246
17323.00,6.8190,2.1770,4.3220,37.850,46.810,-28.500,246
17333.00,7.0030,2.4690,6.3440,43.340,56.290,-31.480,246
17343.00,7.2110,2.8970,6.3000,48.770,44.640,-36.120,247
17353.00,7.3670,2.9620,6.0530,50.680,32.440,-37.520,247
17363.00,7.4820,2.0310,3.9750,54.420,19.230,-33.390,247
17373.00,7.6680,1.8740,3.3160,68.930,30.990,-33.390,247
17384.00,7.8790,2.7270,5.6140,85.060,52.250,-35.100,247
17394.00,7.8560,3.2670,6.3980,77.750,51.900,-31.180,248
17404.00,7.7980,4.0850,6.2460,67.070,47.000,-26.230,248
17414.00,8.0920,5.1290,7.5320,55.940,57.060,-18.770,248
17424.00,8.0420,5.1610,9.8460,41.090,64.430,-5.300,248
17434.00,8.1420,5.0200,10.3870,24.950,43.760,3.530,248
17444.00,8.1880,2.9080,8.5670,17.620,7.170,15.520,249
17454.00,8.3560,1.5720,7.4020,15.130,-9.390,10.490,249
17464.00,8.6720,2.8770,7.2590,12.250,-10.160,-3.930,249
17474.00,8.7180,2.9260,6.8600,5.770,-8.040,3.300,249
17484.00,8.5410,1.8080,7.4600,-4.560,-3.300,15.040,249
17494.00,8.3300,1.1010,7.1720,-12.840,-8.170,15.110,250
17504.00,8.3850,1.1030,7.0970,-13.940,-8.870,10.370,250
17514.00,7.9150,0.9570,6.1730,-9.580,-5.940,6.700,250
17524.00,7.6850,0.4580,5.7260,2.990,-10.370,3.110,250
17534.00,7.7770,0.9580,5.6440,10.060,-5.030,-7.260,250
17544.00,7.8830,1.4710,6.5490,13.470,1.150,-12.050,251
17554.00,7.6650,1.5150,6.3510,10.410,-3.550,-11.950,251
17564.00,7.5080,2.1640,4.9730,4.410,-7.310,-13.310,251
17574.00,7.6820,2.1690,4.9260,0.070,2.920,-7.310,251
17584.00,7.2030,1.8810,6.1420,-8.320,13.580,2.160,251
17594.00,7.1800,1.7240,5.2680,-12.030,6.770,4.860,252
17604.00,7.5330,1.7450,5.0290,-10.280,12.160,3.880,252
17614.00,6.5250,0.9200,7.0130,-3.160,19.260,2.040,252
17624.00,7.0600,1.2290,4.5610,8.330,-2.510,-13.470,252
17634.00,7.1220,0.9670,4.9570,19.350,7.450,-19.810,252
17644.00,6.9650,-0.0330,5.5650,22.680,11.720,-21.890,253
17654.00,6.8250,0.1650,2.1120,17.860,-0.640,-30.130,253
17664.00,6.7390,0.3880,0.7810,49.800,19.680,-35.570,253
17674.00,6.1690,-0.5750,4.0530,36.550,68.650,-38.500,253
17684.00,5.9700,-0.4420,3.7140,17.270,59.650,-57.060,253
17694.00,5.0650,-0.6770,0.0320,-7.960,37.150,-69.770,254
17704.00,3.8900,-0.5090,-1.9270,-26.310,44.360,-83.730,254
17714.00,4.4410,-1.0550,4.7670,-33.030,83.650,-90.660,254
17724.00,3.9480,1.4400,9.7220,-14.570,177.150,-143.110,254
17734.00,4.0030,5.1250,8.6810,-14.780,127.750,-179.490,254
17744.00,3.9680,4.6200,3.9360,3.970,73.430,-171.780,255
17754.00,2.6080,1.3900,-0.8920,23.950,60.020,-156.830,255
17764.00,1.8910,1.5340,-4.5110,31.340,85.450,-175.800,255
17774.00,-0.1430,2.8580,-6.1930,20.590,145.670,-184.710,255
17784.00,-1.5810,1.9830,-5.6820,-10.810,212.450,-173.930,255
17794.00,-3.1350,-0.0320,-2.3330,-63.290,268.040,-163.390,256
17804.00,-2.8570,-0.9200,1.4810,-111.450,319.880,-161.920,256
17814.00,-3.0810,-0.7680,8.5990,-130.160,327.670,-170.810,256
17824.00,-3.0340,1.1000,13.5330,-124.520,327.670,-190.660,256
17834.00,-3.5220,4.5590,15.5880,-111.920,327.670,-210.660,256
17844.00,-4.0430,7.9230,10.5460,-100.970,268.290,-211.190,257
17854.00,-5.1960,8.1530,3.5280,-105.800,225.550,-180.820,257
17864.00,-6.7150,6.4580,0.7840,-109.980,260.060,-142.760,257
17874.00,-7.9820,3.0790,2.6620,-113.660,324.450,-110.650,257
17884.00,-9.2190,0.0070,5.2790,-123.120,327.670,-91.750,257
17894.00,-8.9740,-2.9650,7.6120,-137.140,327.670,-73.780,258
17904.00,-9.1100,-6.2850,13.1380,-105.200,327.670,-64.970,258
17914.00,-7.6130,-2.7670,21.1310,-78.460,327.670,-101.830,258
17924.00,-6.5890,2.1840,20.8270,-67.930,327.670,-195.680,258
17934.00,-6.7450,5.7520,20.9700,-55.920,324.110,-195.090,258
17944.00,-7.3790,7.6540,21.9110,-36.180,277.340,-167.540,259
17954.00,-9.1070,4.7030,29.1850,-202.750,327.670,-126.280,259
17964.00,-11.6450,8.0600,32.7670,-156.300,327.670,-125.820,259
17974.00,-11.1960,11.2460,32.7670,83.450,327.670,-54.750,259
17984.00,-14.1750,5.1940,31.2770,-88.440,-247.250,13.700,259
17994.00,-16.1850,6.8290,1.6720,-208.590,-327.680,-11.830,260
18004.00,-12.1910,8.3300,-20.4050,-175.030,-327.680,5.890,260
18014.00,-8.7490,3.0530,-28.6340,-129.900,-327.680,109.020,260
18024.00,-8.6780,-4.9050,-13.5730,-70.900,158.900,149.510,260
18034.00,-7.8930,-7.6960,9.2970,11.140,327.670,79.580,260
18044.00,-5.8340,-5.5090,19.9040,42.140,327.670,-17.220,261
18054.00,-4.4760,-1.6310,15.6380,34.440,184.290,-62.230,261
18064.00,-4.8370,-1.9800,7.4990,23.690,78.660,-42.750,261
18074.00,-4.7890,-2.5170,10.6440,31.020,132.380,-33.120,261
18084.00,-4.5000,-1.2870,18.4760,30.530,177.460,-45.130,261
18094.00,-4.5170,0.6540,20.1950,2.030,130.020,-62.240,262
18104.00,-5.0910,3.4340,17.7660,-10.770,46.810,-73.440,262
18114.00,-5.9130,5.2350,8.8030,-6.120,-23.920,-62.610,262
18124.00,-6.8960,2.9520,6.4420,3.060,-58.950,-1.050,262
18134.00,-7.0120,1.8480,5.3890,0.030,-45.790,13.290,262
18144.00,-7.0100,0.6230,4.7360,-6.280,-31.810,23.220,263
18154.00,-6.8880,-0.9120,4.7860,-13.630,-13.980,29.450,263
18164.00,-6.7950,-2.2300,5.8450,-16.200,5.000,27.960,263
18174.00,-6.5930,-3.0290,7.3800,-17.250,16.200,18.420,263
18184.00,-6.1860,-2.1830,8.3380,-21.890,16.150,0.660,263
18194.00,-5.8250,-0.6530,8.9690,-26.210,10.500,-12.210,264
18204.00,-5.6720,0.0860,9.0130,-30.880,3.360,-13.260,264
18214.00,-5.5130,0.5910,9.4100,-27.910,-1.170,-11.670,264
18224.00,-5.4050,1.1640,9.7350,-20.800,-7.780,-8.450,264
18234.00,-5.4110,0.9770,9.9790,-14.970,-16.830,-1.340,264
18244.00,-5.5190,0.5130,9.9020,-12.540,-27.400,4.160,265
18254.00,-5.6200,0.1430,9.3700,-11.440,-36.710,7.130,265
18264.00,-5.8440,0.0030,8.9120,-13.070,-42.660,9.650,265
18274.00,-6.0760,-0.3110,7.9600,-19.070,-47.940,12.960,265
18284.00,-6.0810,-0.5010,7.0920,-27.800,-46.650,14.970,265
18294.00,-6.0630,-0.7080,7.3500,-33.420,-38.390,15.530,266
18304.00,-6.0200,-0.2080,7.5860,-37.430,-34.290,13.420,266
18314.00,-5.9620,0.3750,8.4030,-40.310,-32.070,14.360,266
18324.00,-5.6360,0.5980,9.1900,-37.010,-22.660,24.810,266
18334.00,-4.9720,0.7280,10.9680,-21.590,-14.680,28.590,266
18344.00,-4.6990,1.6540,13.9390,-1.880,-5.350,28.450,267
18354.00,-4.6580,3.8030,16.4210,11.300,-6.290,21.120,267
18364.00,-4.7100,6.7930,18.9320,35.680,-18.930,21.450,267
18374.00,-5.0900,8.7170,21.2530,67.110,-50.480,50.250,267
18384.00,-5.8040,9.5660,23.1260,95.930,-97.840,95.230,267
18394.00,-6.6800,8.6680,23.9730,121.780,-155.170,146.330,268
18404.00,-8.2180,6.4420,25.2720,151.720,-201.800,187.400,268
18415.00,-10.3140,6.2030,27.6770,167.750,-227.300,195.660,268
18425.00,-12.1190,4.6850,30.2220,186.600,-266.760,222.400,268
18435.00,-14.7000,1.2320,31.1950,177.800,-327.680,268.220,268
18445.00,-16.3870,-1.4420,30.0030,141.990,-327.680,285.450,269
18455.00,-17.6200,-1.8730,25.2220,93.220,-327.680,273.640,269
18465.00,-16.9610,-0.5130,17.5130,69.350,-327.680,257.400,269
18475.00,-15.6680,-2.2240,9.8390,52.460,-327.680,268.950,269
18485.00,-13.4470,-4.6460,5.1340,46.000,-327.680,260.250,269
18495.00,-10.2410,-5.1200,0.0780,41.160,-327.680,223.980,270
18505.00,-7.0340,-5.1900,-4.1160,42.910,-327.680,194.400,270
18515.00,-3.9200,-5.7790,-7.0040,42.210,-327.680,170.460,270
18525.00,0.4170,-2.7240,1.5980,19.880,-240.510,110.630,270
18535.00,1.0100,-0.5310,5.2070,-9.920,-214.000,96.370,270
18545.00,1.0770,-0.6380,5.4900,-41.120,-229.800,93.880,271
18555.00,0.9950,-2.0080,2.5500,-52.560,-254.790,81.950,271
18565.00,1.2720,-2.1870,-1.2390,-39.750,-257.610,53.910,271
18575.00,1.9590,-1.8560,-4.3070,-31.630,-224.820,29.240,271
18585.00,2.8360,-2.5280,-4.4600,-16.550,-168.750,14.940,271
18595.00,3.6560,-2.3640,-2.7980,-1.780,-109.740,-3.150,272
18605.00,4.3900,-0.8910,-0.0460,14.540,-60.600,-21.610,272
18615.00,4.8100,1.3140,3.4160,26.930,-29.170,-32.980,272
18625.00,5.1200,2.3920,5.2700,28.220,-28.760,-34.540,272
18635.00,5.2980,2.7840,4.3680,24.860,-43.740,-32.830,272
18645.00,5.7240,3.1870,4.6580,24.040,-38.130,-29.900,273
18655.00,5.6990,2.8780,4.6700,25.700,-33.070,-24.430,273
18665.00,5.9030,2.4270,3.5680,23.850,-34.980,-22.920,273
18675.00,6.0860,2.1270,2.8780,24.780,-26.510,-24.020,273
18685.00,6.4400,2.2310,3.9090,26.530,-9.950,-24.990,273
18695.00,6.6590,1.9880,5.1810,26.580,-1.780,-23.220,274
18705.00,6.5970,1.7640,4.5120,22.660,-5.380,-25.300,274
18715.00,6.5210,1.9420,4.0180,25.630,0.330,-28.590,274
18725.00,7.0090,1.4910,7.3890,68.840,28.120,-31.860,274
18735.00,6.8970,2.7200,8.6630,74.060,23.060,-42.780,274
18745.00,6.8440,3.4980,6.3800,64.900,-2.080,-45.250,275
18755.00,6.9160,3.6520,5.4990,69.440,-3.720,-40.190,275
18765.00,7.0610,3.9700,6.8940,71.150,7.080,-36.570,275
18775.00,6.9200,4.2670,6.2930,63.330,0.330,-33.950,275
18785.00,7.0450,4.4720,5.2220,55.020,-2.930,-31.020,275
18795.00,7.1640,4.3130,6.4900,55.050,3.600,-23.390,276
18805.00,7.1220,4.2990,6.9100,49.910,1.780,-17.230,276
18815.00,6.9340,4.5030,6.7990,37.410,-2.600,-14.710,276
18825.00,6.8110,4.4390,5.7370,26.740,-9.060,-10.040,276
18835.00,6.6980,4.0110,5.6560,20.610,-8.030,-5.050,276
18845.00,6.7050,3.6010,5.0820,15.820,-5.440,-4.510,277
18855.00,6.8940,3.8950,6.3630,17.060,4.690,-7.140,277
18865.00,6.8170,4.2320,6.5340,16.320,3.160,-8.380,277
18875.00,6.7950,3.9170,5.9970,6.350,-7.690,-5.140,277
18885.00,6.6530,2.7010,3.3480,-3.950,-12.890,-0.710,277
18895.00,6.6590,2.9690,5.7480,1.710,7.640,-5.980,278
18905.00,6.5790,3.2870,5.7170,-1.430,-0.750,-13.720,278
18915.00,6.7570,3.4300,4.1690,-7.620,-6.980,-16.830,278
18925.00,6.9470,4.2590,7.6090,0.780,21.260,-10.020,278
18935.00,6.8680,3.1800,6.0190,-5.680,6.370,-3.860,278
18945.00,7.1070,3.4870,6.5820,-1.100,11.740,-8.150,279
18955.00,7.1640,4.6540,8.5340,4.300,14.070,-13.120,279
18965.00,6.9470,4.8500,6.1670,1.060,-6.770,-10.690,279
18975.00,7.2020,4.2340,5.5870,1.260,-4.810,-4.580,279
18985.00,7.2210,3.3650,6.7940,2.310,5.910,2.290,279
18995.00,7.0910,3.0310,6.6730,-5.700,-3.340,1.780,280
19005.00,6.9910,2.8100,4.7490,-13.750,-11.320,-0.710,280
19015.00,6.9850,3.0440,5.2790,-13.730,3.430,-3.110,280
19025.00,6.9510,3.1040,6.6900,-11.370,12.420,-3.620,280
19035.00,6.9830,3.1940,6.7500,-6.350,6.260,-7.260,280
19045.00,7.1680,3.5590,7.2390,-0.480,7.770,-10.230,281
19055.00,7.0490,3.6100,7.3810,2.600,6.630,-8.610,281
19065.00,7.1290,3.3640,5.8240,13.230,-0.890,-5.180,281
19075.00,6.9750,2.4230,7.3790,27.300,8.220,-6.350,281
19085.00,7.1740,3.9080,7.2710,15.100,-5.140,-16.290,281
19095.00,6.7930,3.5740,4.4420,-1.340,-15.010,-9.480,282
19105.00,6.9290,3.1630,6.1020,-0.760,1.190,-7.470,282
19115.00,6.9600,3.0950,6.1190,1.240,0.780,-9.780,282
19125.00,6.8130,3.8300,6.3550,4.860,2.310,-14.330,282
19135.00,6.7890,3.4240,5.7760,4.910,0.870,-11.600,282
19145.00,6.9040,3.5110,7.1840,6.050,3.530,-14.820,283
19155.00,6.8010,3.6920,6.1850,3.440,-7.430,-18.270,283
19165.00,6.6690,4.0890,4.6620,3.780,-9.650,-19.440,283
19175.00,6.7280,4.0790,5.7700,8.760,4.830,-16.150,283
19185.00,6.7400,3.9120,6.7590,6.300,3.500,-13.870,283
19195.00,6.7500,4.2790,5.7210,0.680,-5.820,-14.820,284
19205.00,6.5830,4.3250,5.6230,0.310,-3.530,-11.690,284
19215.00,6.6720,4.2010,5.5290,0.120,0.780,-7.170,284
19225.00,6.6260,3.9390,5.9250,4.060,5.790,-4.810,284
19235.00,6.6990,3.9570,6.0270,3.270,4.900,-4.460,284
19245.00,6.6900,3.4870,5.4010,1.030,4.910,-1.570,285
19255.00,6.7830,3.0950,6.9630,1.520,9.990,-1.540,285
19265.00,6.7220,3.1210,6.0210,-1.250,2.180,-7.280,285
19275.00,6.6590,3.3110,5.6870,1.060,3.570,-13.350,285
19285.00,6.6140,3.6560,5.8740,4.910,4.530,-16.180,285
19295.00,6.4150,3.3660,4.4140,4.830,3.650,-14.920,286
19305.00,6.4000,3.4190,4.6550,14.730,18.580,-16.320,286
19315.00,6.4270,3.7130,6.8760,15.080,27.380,-16.870,286
19325.00,6.0040,4.0170,4.8870,7.100,10.090,-19.190,286
19335.00,6.0560,4.7130,5.5100,6.230,22.200,-19.180,286
19345.00,6.0130,4.2970,6.7930,7.750,28.400,-12.530,287
19356.00,5.8520,3.4140,5.3560,4.410,17.340,-10.650,287
19365.00,5.7520,3.0720,4.6260,4.910,17.860,-17.180,287
19375.00,5.6930,2.8650,4.7230,8.870,26.040,-25.140,287
19385.00,5.6240,2.4570,4.4740,6.210,29.310,-31.440,287
19395.00,5.4910,2.0900,4.0860,4.550,32.370,-40.820,288
19405.00,5.4750,2.5080,4.4840,3.710,41.700,-52.670,288
19415.00,5.2090,2.7700,4.2240,0.570,47.280,-59.370,288
19425.00,4.7660,2.4700,3.1020,-5.070,50.430,-62.420,288
19436.00,4.3700,2.6400,2.3250,-15.640,61.300,-67.350,288
19446.00,3.8520,2.9970,1.3590,-27.780,78.360,-69.050,289
19456.00,3.0190,2.6960,0.0740,-40.770,98.570,-66.720,289
19466.00,2.0060,1.9070,-1.0570,-55.140,119.190,-70.210,289
19476.00,0.8260,1.5970,-2.2640,-58.790,140.940,-83.330,289
19486.00,-0.1790,1.1530,-3.7450,-69.070,169.660,-95.700,289
19496.00,-1.3890,0.1810,-3.7890,-71.150,214.550,-104.300,290
19506.00,-2.7420,-0.8130,-2.4710,-67.560,264.610,-118.330,290
19516.00,-4.0290,-1.5190,-0.4390,-73.460,306.840,-138.670,290
19526.00,-7.3130,-2.1180,2.4570,-79.860,327.670,-186.480,290
19536.00,-8.1150,-1.4230,4.6940,-86.250,327.670,-207.950,290
19546.00,-7.7430,-1.4950,9.4390,-67.630,327.670,-218.570,291
19556.00,-8.4760,0.1920,15.9720,-43.030,327.670,-244.630,291
19566.00,-9.1680,4.5150,15.7500,-83.730,327.670,-285.210,291
19576.00,-9.1250,10.5480,13.8190,-98.940,327.670,-307.940,291
19586.00,-8.9650,13.6210,13.0850,-101.490,327.670,-268.850,291
19596.00,-8.4230,12.0520,13.1130,-78.040,327.670,-182.430,292
19606.00,-8.4450,5.6660,13.1210,-60.930,321.160,-101.510,292
19616.00,-7.9140,1.0160,13.8100,-54.840,309.520,-79.690,292
19626.00,-7.1860,-0.6530,15.7540,-46.070,301.540,-94.180,292
19636.00,-6.8480,-0.9420,17.5880,-42.660,278.280,-114.880,292
19646.00,-6.9390,0.3970,16.8900,-52.490,233.130,-139.440,293
19656.00,-7.1940,1.1820,26.1590,-146.870,232.470,-172.390,293
19666.00,-17.5320,4.8000,27.1680,-327.680,327.670,-327.680,293
19676.00,-15.1100,13.6170,32.7670,-113.380,327.670,-327.680,293
19686.00,-11.5820,19.6790,32.7670,94.080,189.050,-152.250,293
19696.00,-16.4940,10.1920,25.3420,-35.240,-327.680,98.260,294
19706.00,-20.0430,2.1470,-8.7820,-133.640,-327.680,221.950,294
19716.00,-14.6060,-0.8660,-30.6050,-110.260,-327.680,228.540,294
19726.00,-8.6340,-10.8820,-11.6920,-41.710,-327.680,214.330,294
19736.00,-7.3850,-5.9470,14.7110,4.160,327.670,-60.300,294
19746.00,-4.8250,0.8030,30.2700,-24.230,327.670,-146.680,295
19756.00,-3.0250,6.3130,31.1070,-62.080,202.890,-124.930,295
19766.00,-4.2260,3.9880,15.6490,-88.440,-106.600,-26.420,295
19776.00,-5.2390,-0.6530,3.5010,-90.070,-196.190,30.060,295
19786.00,-5.1820,-1.3040,2.0020,-59.580,-97.540,8.780,295
19796.00,-4.3520,1.1670,10.0850,-24.840,17.570,-22.260,296
19806.00,-4.5180,1.7090,14.2140,-14.500,16.740,-14.210,296
19816.00,-5.3300,1.3290,10.0430,-29.340,-46.260,2.510,296
19826.00,-5.6850,0.5040,5.9180,-42.340,-64.040,12.770,296
19836.00,-5.6080,-0.6920,6.2990,-48.540,-34.100,18.980,296
19846.00,-5.0770,-1.4140,7.8660,-52.000,-13.350,16.920,297
19856.00,-4.8890,-1.6660,8.2560,-53.400,-11.890,10.620,297
19866.00,-4.5510,-1.4340,8.3420,-55.870,-9.710,3.910,297
19876.00,-4.1210,-0.7720,8.9760,-55.630,-3.230,0.920,297
19886.00,-4.1040,-0.8260,10.0740,-50.920,1.590,3.980,297
19896.00,-3.8440,-0.7190,10.8520,-47.840,-1.030,5.490,298
19906.00,-4.1500,-1.1240,10.7290,-42.060,-11.540,6.710,298
19916.00,-4.4330,-0.7530,9.6100,-37.090,-23.090,2.270,298
19926.00,-4.6280,-0.8080,9.1890,-38.490,-24.440,2.460,298
19936.00,-4.6800,-0.8360,8.5990,-39.090,-25.980,3.930,298
19946.00,-4.5210,-0.8430,8.5160,-38.980,-22.110,4.680,299
19956.00,-4.5280,-0.8920,8.7250,-35.750,-17.210,5.470,299
19966.00,-3.9260,-1.1790,9.0930,-34.840,-14.200,9.500,299
19976.00,-3.7450,-2.0440,10.2430,-28.620,-10.650,13.420,299
19986.00,-3.5920,-1.3230,10.5200,-23.760,-19.030,7.060,299
19996.00,-3.3330,-2.0820,10.5940,-22.730,-27.220,10.600,300
20006.00,-3.1860,-2.1520,11.4420,-16.600,-33.240,8.660,300
20016.00,-3.2270,-1.9360,11.5400,-12.790,-48.210,5.280,300
20026.00,-3.5460,-1.7970,10.9790,-4.110,-66.460,3.370,300
20036.00,-4.0340,-1.7150,9.7360,15.260,-83.420,2.360,300
20046.00,-4.7280,-1.2130,8.5480,44.690,-95.180,1.590,301
20056.00,-4.9320,-1.0030,6.8960,37.530,-96.610,4.000,301
20066.00,-4.9790,-1.3110,6.1470,38.510,-86.860,9.130,301
20076.00,-4.7000,-0.5270,6.6070,41.770,-65.460,9.580,301
20086.00,-4.1990,-0.4330,7.7980,48.770,-46.440,15.320,301
20096.00,-3.7010,-0.8500,8.6850,58.600,-34.870,19.030,302
20106.00,-3.3590,-0.1980,8.8860,70.150,-29.740,15.220,302
20116.00,-2.9820,0.0340,9.2370,80.180,-19.230,19.120,302
20126.00,-2.5230,-0.3700,9.9270,91.010,-8.150,23.920,302
20136.00,-2.3840,-0.2350,10.1060,100.220,2.340,21.500,302
20146.00,-2.3530,0.0010,10.1490,100.760,6.190,18.390,303
20156.00,-2.5020,0.0270,10.2190,101.440,6.560,17.200,303
20166.00,-2.6470,0.3310,10.3080,98.470,6.630,14.380,303
20176.00,-2.7120,1.1250,10.8410,90.610,8.570,11.700,303
20186.00,-3.1960,2.2540,11.3060,85.050,6.560,12.140,303
20196.00,-3.4860,2.8840,10.8230,81.860,0.030,17.950,304
20206.00,-3.3410,3.2230,12.3070,96.630,8.150,22.620,304
20216.00,-3.2790,5.0240,14.0940,125.540,17.300,21.220,304
20226.00,-3.8450,6.3390,14.4620,149.390,6.590,31.840,304
20236.00,-3.7930,6.9100,13.3010,163.570,-19.020,52.700,304
20246.00,-4.1610,6.7800,12.3090,163.940,-26.890,76.380,305
20256.00,-4.1100,6.6610,12.1020,155.170,-20.240,96.210,305
20266.00,-3.7010,4.5350,13.7450,162.800,-4.440,120.640,305
20276.00,-3.7300,4.0250,16.9740,180.600,9.600,124.940,305
20286.00,-3.9080,5.8560,19.2640,166.070,0.890,117.400,305
20296.00,-3.8500,5.1130,20.6170,142.810,-38.340,142.250,306
20306.00,-4.0680,1.8040,20.6730,110.560,-83.920,174.910,306
20316.00,-4.1830,-0.1960,19.9230,77.120,-123.650,178.760,306
20326.00,-4.4450,-0.4130,15.3640,44.360,-164.340,164.600,306
20336.00,-4.5830,-0.4490,12.9830,1.400,-210.710,161.960,306
20346.00,-4.8340,0.6440,10.9230,-31.900,-206.230,151.350,307
20356.00,-4.8690,0.9760,8.7320,-66.880,-206.230,131.610,307
20366.00,-3.4970,-0.1290,6.7100,-76.170,-220.070,96.310,307
20376.00,-3.2730,3.0930,4.6580,-89.190,-238.100,46.090,307
20386.00,-2.9970,3.8410,3.7100,-111.330,-266.430,43.480,307
20396.00,-2.6380,1.6000,-0.2460,-123.250,-300.840,72.710,308
20406.00,-2.5800,-0.0270,-2.1760,-113.940,-307.190,95.000,308
20416.00,0.1840,-1.6580,-4.0390,-182.340,-272.420,115.860,308
20426.00,0.3230,-3.9900,-2.2710,-162.340,-224.380,106.150,308
20437.00,0.4310,-2.7850,-0.3880,-166.260,-193.460,52.830,308
20447.00,0.5440,-0.0880,0.8170,-168.830,-170.270,-5.400,309
20457.00,1.4710,2.7310,2.6620,-133.660,-144.210,-35.120,309
20467.00,1.4380,3.6700,3.7810,-81.650,-131.520,-23.970,309
20477.00,1.3670,3.1740,2.9530,-48.560,-127.430,-3.150,309
20487.00,1.4230,2.7690,1.6960,-6.640,-116.740,5.030,309
20497.00,1.4590,1.9620,0.6540,-18.300,-89.490,10.510,310
20507.00,4.3140,1.0450,-2.7850,-51.440,-56.690,4.820,310
20517.00,10.7920,-0.7560,-0.6730,-12.190,53.580,-8.550,310
20527.00,12.0410,-5.7120,19.3890,131.600,261.200,-19.540,310
20537.00,5.2210,9.8440,32.7670,169.820,155.570,-164.650,310
20547.00,1.5750,12.6860,22.9160,75.160,-152.440,-101.810,311
20557.00,-0.4580,8.4770,4.8000,57.010,-322.900,6.170,311
20567.00,0.1800,4.3220,-3.7000,121.290,-313.680,86.270,311
20577.00,1.2040,-2.7290,-5.6930,130.280,-209.430,137.250,311
20587.00,1.7370,-5.4290,-2.9670,93.940,-86.780,102.810,311
20597.00,2.6850,-1.5990,1.1960,90.960,-2.710,24.040,312
20607.00,4.2230,1.2310,5.6010,112.680,46.460,-13.400,312
20617.00,5.3370,3.8720,11.1360,115.390,89.740,-26.790,312
20627.00,6.0550,5.4040,16.5320,103.960,98.630,-23.990,312
20637.00,5.7140,5.6070,19.1340,57.730,55.680,-11.280,312
20647.00,4.9190,6.4460,17.0470,2.450,-21.060,-8.290,313
20657.00,3.8330,7.3690,11.7990,-14.570,-90.100,-0.150,313
20667.00,2.9860,6.7230,6.5150,-4.350,-120.780,26.630,313
20677.00,3.4100,5.0560,3.9640,1.120,-112.480,61.560,313
20687.00,3.2850,2.2630,3.6170,-17.700,-87.140,86.200,313
20697.00,4.6120,0.9880,4.1180,-27.170,-62.680,79.180,314
20707.00,5.1510,2.4840,6.3540,-32.300,-39.110,58.880,314
20717.00,5.2640,0.9610,6.9630,-16.780,-28.680,65.180,314
20727.00,6.2690,-0.0870,8.4690,9.130,-9.500,57.660,314
20737.00,6.2790,2.7920,13.6770,22.310,0.290,21.120,314
20747.00,5.7370,3.3330,12.5860,-4.860,-38.900,15.310,315
20757.00,5.2890,3.1640,8.4140,-17.770,-78.900,15.200,315
20767.00,4.8580,2.1830,5.5340,-12.930,-84.470,19.240,315
20777.00,5.0880,1.9220,4.1270,3.150,-69.660,19.020,315
20787.00,5.2330,0.9090,3.8440,9.310,-46.680,20.070,315
20797.00,5.8330,1.2390,4.9660,19.110,-23.360,13.330,316
20807.00,6.1600,1.6430,6.6800,29.270,-6.140,9.650,316
20817.00,6.6120,2.6700,7.6460,48.840,-1.270,6.290,316
20827.00,6.8350,3.1540,9.7710,75.190,2.570,10.580,316
20837.00,6.8560,3.8990,12.1190,65.430,1.190,12.610,316
20847.00,6.7190,3.8780,12.3520,52.180,-25.110,16.950,317
20857.00,5.4540,2.5120,10.4480,29.170,-61.450,20.640,317
20867.00,5.2410,2.9260,8.1330,-20.220,-80.950,0.690,317
20877.00,5.4750,4.2040,5.7750,-31.880,-86.410,-13.210,317
20887.00,5.5920,3.9880,5.3190,1.080,-74.140,-2.600,317
20897.00,6.1200,2.8360,5.3160,25.700,-60.560,13.280,318
20907.00,6.6370,2.4160,5.3940,31.390,-43.380,19.630,318
20917.00,7.1560,2.7850,7.6740,39.280,-19.720,18.950,318
20927.00,7.6390,3.7630,11.0150,31.390,-9.670,14.870,318
20937.00,7.2650,6.4730,11.4970,2.310,-64.030,25.810,318
20947.00,7.1830,7.6060,9.9910,-8.380,-83.450,42.730,319
20957.00,7.1620,6.7480,8.7930,-2.370,-89.980,72.480,319
20967.00,7.6900,5.4610,8.1230,23.270,-84.340,97.170,319
20977.00,8.1660,3.4420,7.1660,52.040,-68.770,114.720,319
20987.00,8.6840,2.4760,9.7140,71.310,-44.200,117.370,319
20997.00,10.0900,1.9870,11.4290,55.450,-43.920,111.630,320
21007.00,10.3800,1.7320,10.9630,61.600,-60.950,110.940,320
21017.00,10.2980,0.8360,10.7560,65.500,-68.140,114.780,320
21027.00,10.6440,-0.7130,10.9710,57.550,-71.430,114.970,320
21037.00,11.1180,-1.6270,10.6700,39.900,-76.730,102.000,320
21047.00,10.9170,-1.3020,10.0330,38.830,-82.910,83.470,321
21057.00,10.5220,-1.0620,9.5590,31.220,-87.910,70.130,321
21067.00,9.8150,-1.4060,8.3820,34.720,-98.660,61.450,321
21077.00,9.3410,-2.5730,7.1820,23.660,-113.950,52.000,321
21087.00,8.7820,-2.7010,5.2730,0.220,-124.730,31.860,321
21097.00,8.7000,-1.5180,4.3360,-10.560,-119.240,5.890,322
21107.00,8.7080,-1.2280,4.9080,-6.080,-108.760,-7.640,322
21117.00,8.0560,-1.8430,4.1010,-9.830,-106.460,-16.740,322
21127.00,7.9420,-0.7290,4.3270,-6.150,-101.410,-37.870,322
21137.00,7.0300,1.5290,4.6920,-41.380,-101.300,-46.200,322
21147.00,6.7070,2.4980,3.4370,-63.940,-109.040,-46.650,323
21157.00,6.5240,2.6110,2.1760,-70.730,-110.260,-41.160,323
21167.00,6.2360,1.7560,1.3560,-60.820,-100.370,-33.190,323
21177.00,5.8360,1.0270,0.9260,-38.980,-83.610,-36.060,323
21187.00,5.2950,0.2110,1.0220,-9.670,-62.960,-50.220,323
21197.00,4.7740,0.0350,1.6120,-0.940,-41.990,-74.490,324
21207.00,8.3680,6.8960,-0.5270,-17.440,-28.340,-99.130,324
21217.00,4.8590,5.0100,0.4210,0.470,-12.660,-61.910,324
21227.00,5.7160,3.4300,0.8080,0.050,9.390,-24.920,324
21237.00,7.0580,4.1020,3.4830,-12.510,21.010,-23.270,324
21247.00,6.6800,4.4670,2.9400,-35.540,-4.880,-13.820,325
21257.00,6.5560,3.4550,0.6770,-19.540,-36.030,7.200,325
21267.00,6.4650,1.2440,-2.3530,-35.470,-37.480,17.000,325
21277.00,6.2730,-0.4480,-2.4780,-10.110,-3.250,3.980,325
21287.00,6.8680,0.1040,0.4030,11.720,48.030,-28.780,325
21297.00,7.2900,1.5000,3.5700,23.080,67.040,-50.060,326
21307.00,7.3780,1.9830,4.3260,0.260,53.200,-53.670,326
21317.00,7.4060,2.2190,3.6100,-28.200,36.660,-51.730,326
21327.00,7.2170,2.0290,3.4920,-39.210,35.280,-49.030,326
21337.00,7.5020,3.0830,4.2800,-34.960,35.210,-66.880,326
21347.00,6.9520,2.8010,3.8260,-48.590,29.870,-63.630,327
21357.00,7.5930,4.2560,3.9570,-49.360,33.680,-65.240,327
21367.00,7.9600,4.7500,4.1220,-42.450,28.870,-52.180,327
21377.00,7.5840,3.1500,3.3570,-43.570,19.260,-30.010,327
21387.00,7.1730,1.5980,4.0230,-57.410,26.960,-24.390,327
21397.00,7.2380,1.4720,5.3930,-57.870,33.280,-42.470,328
21407.00,7.5620,3.1890,5.2350,-48.310,26.140,-55.930,328
21417.00,6.9650,1.0480,5.1140,13.660,7.120,-42.820,328
21427.00,9.7010,4.5400,3.9080,-28.270,13.170,-53.900,328
21437.00,7.9660,3.3180,2.2860,31.570,22.330,-32.880,328
21447.00,7.3650,0.5410,1.4110,89.210,52.900,-14.430,329
21457.00,7.5290,0.5710,4.4110,123.200,101.180,-34.210,329
21467.00,8.1020,0.3080,8.8510,114.920,121.390,-48.890,329
21477.00,8.2460,0.6870,8.4410,94.670,79.550,-62.070,329
21488.00,8.0870,0.5690,5.8180,120.870,25.840,-74.280,329
21498.00,7.2890,1.7630,5.1290,153.820,5.950,-92.830,330
21508.00,6.9930,4.7280,5.3460,156.740,-3.770,-109.020,330
21518.00,6.6590,7.1280,6.0170,133.280,-20.170,-101.570,330
21528.00,6.0250,8.0480,5.3920,85.270,-45.340,-75.180,330
21538.00,5.9910,6.7650,1.9310,49.310,-71.010,-14.140,330
21548.00,6.2840,5.4520,2.1520,47.160,-57.170,1.040,331
21558.00,6.6480,4.2950,0.9510,46.340,-52.950,3.480,331
21568.00,6.8870,3.6740,-0.2170,47.190,-43.690,0.470,331
21578.00,6.9510,4.4700,-0.0660,41.790,-21.520,-7.150,331
21588.00,7.0070,5.4240,-0.1470,43.990,-9.360,-9.360,331
21598.00,6.8420,5.1550,-2.1160,37.920,-7.480,1.740,332
21608.00,6.7800,4.0370,-4.0660,27.400,4.790,16.690,332
21618.00,6.6440,3.0000,-3.4000,11.000,38.160,24.810,332
21628.00,6.4850,3.2210,-1.5500,-8.320,68.750,20.500,332
21638.00,6.3720,4.3600,-1.4340,-17.770,75.190,14.690,332
21648.00,6.7600,5.1520,-3.5330,-44.080,68.530,19.590,333
21658.00,5.4020,4.9060,-4.4080,-85.320,68.280,37.130,333
21668.00,2.9040,1.6680,-6.9360,-124.510,51.080,62.700,333
21678.00,1.1210,-1.0610,-11.4730,-121.950,46.390,73.490,333
21688.00,-1.5210,-2.7930,-17.1300,-108.690,115.150,63.240,333
21698.00,-3.1530,-2.9970,-17.1240,-68.000,276.080,30.830,334
21708.00,-5.0890,-4.7380,-6.3500,-67.630,327.670,-5.000,334
21718.00,-5.9730,-4.9000,0.5220,-84.060,327.670,-49.030,334
21728.00,-7.8870,-5.7050,2.4610,-125.190,327.670,-79.530,334
21738.00,-11.6840,-6.9570,8.8130,-141.870,327.670,-147.840,334
21748.00,-12.8150,-5.8060,15.2490,-141.100,327.670,-203.380,335
21758.00,-13.1120,-3.5680,21.5960,-126.330,327.670,-261.170,335
21768.00,-12.2870,-0.4040,26.2860,-138.120,327.670,-312.930,335
21778.00,-11.8750,5.1670,27.3540,-146.610,327.670,-327.680,335
21788.00,-10.9390,11.6250,26.1690,-168.260,327.670,-327.680,335
21798.00,-9.3230,15.8300,20.0690,-206.180,327.670,-310.740,336
21808.00,-7.1550,13.9940,16.6550,-149.510,283.480,-166.980,336
21818.00,-6.8410,2.1390,14.5490,-99.360,245.380,-14.220,336
21828.00,-6.9990,-5.8040,12.5010,-83.680,219.290,11.370,336
21838.00,-7.1030,-6.0520,10.7960,-70.540,211.640,-54.050,336
21848.00,-6.5430,-3.6500,9.6280,-52.460,217.430,-103.400,337
21858.00,-9.9820,-4.5730,8.7520,24.710,218.410,-106.430,337
21868.00,-7.5450,-8.8670,26.4570,-97.070,321.590,-135.520,337
21878.00,-16.3510,9.5410,32.7670,-327.680,327.670,-317.640,337
21888.00,-11.2610,26.5610,32.7670,-18.230,305.060,-248.530,337
21898.00,-16.0330,17.2340,29.3670,-126.050,-327.680,16.090,338
21908.00,-18.7680,2.7000,-7.7140,-146.800,-327.680,234.040,338
21918.00,-12.8970,-10.8690,-30.1750,-46.440,-327.680,317.670,338
21928.00,-10.7610,-18.1110,-23.6190,-31.110,-205.570,187.910,338
21938.00,-5.5460,7.6650,22.1560,-55.120,321.730,-94.920,338
21948.00,-2.0820,13.4650,25.1480,-18.260,214.000,-159.650,339
21958.00,-2.3840,7.7950,17.0620,-19.090,14.910,1.570,339
21968.00,-3.4690,1.5980,10.9360,-1.600,-37.920,70.080,339
21978.00,-3.3450,-0.2400,9.3260,18.650,-16.830,58.920,339
21988.00,-3.0750,-1.4810,9.3100,35.840,4.140,49.080,339
21998.00,-3.5070,-2.3460,8.7500,43.680,9.970,40.280,340
22008.00,-3.9930,-1.9090,6.6400,33.320,6.380,21.990,340
22018.00,-3.9850,-1.5010,4.9550,3.650,18.880,13.080,340
22028.00,-3.9940,-1.7270,6.5650,-15.290,51.010,8.080,340
22038.00,-3.6830,-0.7310,8.6470,-25.000,67.000,-4.300,340
22048.00,-3.4660,-0.0680,9.6840,-24.270,63.310,-9.780,341
22058.00,-3.4820,-0.0610,10.1750,-24.580,53.460,-10.250,341
22068.00,-3.7480,0.0130,10.3540,-24.860,41.790,-12.540,341
22078.00,-3.9400,0.3270,9.6930,-24.250,27.210,-14.840,341
22088.00,-4.3690,0.4570,8.4940,-27.010,19.610,-12.110,341
22098.00,-4.9860,-0.4900,7.1670,-20.310,19.750,-2.460,342
22108.00,-5.1490,-2.2950,6.8610,-3.580,31.620,5.230,342
22118.00,-5.1580,-2.0790,7.8420,1.820,54.160,-5.770,342
22128.00,-5.4290,-0.7320,8.5630,8.940,64.380,-19.840,342
22138.00,-5.4080,-0.2720,9.0640,24.160,63.240,-22.080,342
22148.00,-5.2250,-0.0620,9.9420,43.710,79.520,-19.630,343
22158.00,-5.4050,0.5090,10.9860,49.640,83.120,-19.470,343
22168.00,-5.5700,0.7700,12.3190,50.870,77.840,-17.710,343
22178.00,-5.3860,2.0330,11.6930,37.030,59.060,-18.980,343
22188.00,-5.3280,3.1480,10.3290,26.680,45.440,-12.110,343
22198.00,-5.8020,3.1760,8.4940,25.420,39.530,5.580,344
22208.00,-6.1290,1.6940,6.9060,37.360,40.510,26.540,344
22218.00,-6.2640,0.2020,5.9280,47.910,52.570,36.200,344
22228.00,-5.7930,0.5700,7.0610,51.740,73.990,29.740,344
22238.00,-5.1500,2.2990,9.5500,44.950,85.050,22.520,344
22248.00,-4.7060,3.2320,10.6040,34.440,74.440,28.030,345
22258.00,-4.3820,3.2500,11.6570,23.570,59.290,38.880,345
22268.00,-4.2660,3.0790,12.4040,11.530,40.680,48.910,345
22278.00,-5.3940,2.7680,11.7670,13.720,12.320,57.110,345
22288.00,-5.4780,3.2150,9.5090,17.460,-13.220,62.070,345
22298.00,-5.6480,2.7080,11.5320,13.450,-14.050,69.700,346
22308.00,-5.7630,1.3310,12.1170,17.790,-39.090,74.210,346
22318.00,-5.8150,0.6640,11.7360,17.370,-71.620,67.390,346
22328.00,-6.0630,0.0980,11.0500,11.840,-102.040,58.060,346
22338.00,-6.0400,0.3700,11.2330,13.910,-121.990,45.530,346
22348.00,-5.7480,4.8150,12.6300,21.570,-124.770,23.570,347
22358.00,-6.5870,6.2990,12.0070,11.770,-136.060,36.780,347
22368.00,-6.8820,6.9020,10.1670,8.570,-144.280,63.610,347
22378.00,-7.1970,6.0430,10.7180,-5.090,-123.600,96.610,347
22388.00,-7.4290,3.3390,12.5630,-18.120,-112.410,126.660,347
22398.00,-7.2490,1.0440,13.5080,-38.180,-121.290,135.600,348
22408.00,-6.9450,-0.7830,13.7980,-54.380,-138.940,131.820,348
22418.00,-7.5570,-2.1240,12.4210,-48.450,-168.400,126.340,348
22428.00,-7.6610,-2.5390,8.8310,-32.540,-192.550,119.590,348
22438.00,-7.1330,-3.1700,8.2830,-26.930,-174.000,112.310,348
22448.00,-6.1910,-4.0520,10.8310,-21.130,-145.790,98.480,349
22458.00,-5.2410,-4.8720,13.9360,-15.150,-135.090,75.090,349
22468.00,-4.3250,-3.0000,17.0700,-6.210,-134.640,35.220,349
22478.00,-3.9240,-1.0610,19.8040,9.170,-145.170,2.390,349
22488.00,-3.4450,0.1410,21.6890,23.730,-173.840,-17.860,349
22498.00,-3.7810,1.5540,22.5120,45.160,-223.780,-31.430,350
22509.00,-4.8780,2.2510,19.9650,58.040,-291.670,-29.920,350
22519.00,-4.3880,1.5800,15.4490,63.990,-327.680,-14.050,350
22529.00,-4.1590,0.8880,13.2550,71.150,-324.740,-1.480,350
22539.00,-2.7630,1.6270,15.1900,77.750,-293.560,6.140,350
22549.00,-1.6820,2.0250,17.2310,80.340,-229.300,35.780,351
22559.00,-1.9960,0.1230,15.3720,73.670,-258.800,44.860,351
22569.00,-1.7920,-2.0630,11.5030,84.490,-288.970,44.150,351
22579.00,-1.4170,-1.9520,9.1150,93.320,-284.250,21.520,351
22589.00,-0.6680,-0.4110,6.2540,104.050,-273.760,-0.030,351
22599.00,-0.1960,0.3630,4.0360,119.730,-259.200,-0.800,352
22609.00,0.2640,0.3310,2.4450,117.190,-235.400,3.300,352
22619.00,0.6750,1.4290,1.5760,105.770,-209.990,-2.870,352
22629.00,1.6130,2.6280,2.2380,78.960,-178.860,-6.930,352
22639.00,1.9220,2.8120,3.7140,62.300,-161.450,-3.160,352
22649.00,1.9710,2.3170,2.7990,52.440,-165.980,0.710,353
22659.00,2.2580,1.3500,2.3670,46.350,-162.880,1.690,353
22669.00,2.1790,0.6500,2.5720,33.560,-153.890,-9.380,353
22679.00,2.6230,1.2940,1.0220,15.270,-154.330,-29.340,353
22689.00,3.3660,1.3220,0.0220,16.060,-143.210,-40.540,353
22699.00,3.7570,1.6710,0.7140,38.010,-121.500,-48.450,354
22709.00,3.8000,2.6530,1.7730,62.820,-104.290,-52.550,354
22719.00,4.2040,3.4970,3.9700,78.100,-87.900,-49.710,354
22729.00,4.4050,4.1120,5.7530,74.490,-87.070,-46.740,354
22739.00,4.2680,5.2360,4.4920,55.330,-100.530,-43.470,354
22749.00,4.7820,3.0190,3.7750,37.270,-91.640,-14.380,355
22759.00,5.0760,1.8690,3.6260,34.210,-91.940,-20.020,355
22769.00,5.3220,2.3270,2.0690,35.800,-95.040,-36.780,355
22779.00,5.5590,2.6120,2.1100,39.700,-80.040,-41.160,355
22789.00,5.8940,2.4780,1.7690,26.860,-65.480,-41.140,355
22799.00,5.8600,3.8500,0.6260,22.500,-58.500,-49.470,356
22809.00,5.5390,4.7470,0.3120,32.480,-47.440,-49.640,356
22819.00,5.2730,3.1800,-0.4400,42.050,-41.080,-38.010,356
22829.00,5.1370,2.5050,-2.5130,39.300,-35.340,-39.130,356
22839.00,4.9610,1.5760,-4.3870,32.070,-18.820,-42.100,356
22849.00,4.2470,0.3730,-6.4470,31.780,1.620,-49.500,357
22859.00,3.5090,-0.2530,-8.8470,33.320,26.540,-69.350,357
22869.00,2.6990,-1.1240,-10.4470,29.430,66.010,-91.920,357
22879.00,1.6780,-0.7990,-11.7100,9.810,116.180,-111.930,357
22889.00,0.4030,-0.4180,-12.9210,-9.200,175.940,-110.880,357
22899.00,-0.8180,-1.4160,-11.9560,-23.880,258.720,-95.980,358
22909.00,-3.5500,-3.3610,-10.4870,-56.360,327.670,-100.100,358
22919.00,-6.3290,-4.9620,-8.1260,-76.150,327.670,-145.050,358
22929.00,-9.0690,-3.1390,-8.0920,-92.900,327.670,-228.180,358
22939.00,-12.0280,1.9860,-7.8260,-87.130,327.670,-308.700,358
22949.00,-17.4280,7.5030,-4.1400,-170.990,327.670,-314.350,359
22959.00,-19.2260,8.1600,0.1630,-90.630,327.670,-293.800,359
22969.00,-19.6600,8.4810,8.1220,7.170,327.670,-285.510,359
22979.00,-19.4470,11.0050,15.2700,-60.300,327.670,-300.300,359
22989.00,-18.8060,15.0650,25.8140,-169.450,327.670,-307.770,359
22999.00,-16.4300,19.6770,32.7670,-253.520,327.670,-267.680,360
23009.00,-10.7520,20.2420,32.7670,-306.260,327.670,-142.740,360
23019.00,-7.7490,9.7960,32.7670,-296.370,165.200,23.880,360
23029.00,-9.1210,-2.1870,20.2460,-305.280,-164.000,87.790,360
23039.00,-9.7810,-3.3870,3.6040,-309.590,-294.290,14.050,360
23049.00,-7.8640,2.2680,-8.1870,-269.790,-228.890,-54.560,361
23059.00,-9.7130,-3.1530,-5.5260,-247.020,-18.980,-11.560,361
23069.00,-9.6770,-6.8260,0.4970,-277.740,123.350,-12.050,361
23079.00,-9.6320,-7.6150,2.3060,-286.640,150.500,-45.090,361
23089.00,-10.3110,-8.6160,3.9500,-276.530,167.650,-59.780,361
23099.00,-9.6650,-6.6550,8.4750,-235.490,210.210,-76.940,362
23109.00,-10.0480,-3.0080,15.2550,-177.780,256.670,-84.980,362
23119.00,-10.4250,1.0480,21.0920,-150.950,254.220,-88.860,362
23129.00,-9.9870,5.5390,22.0780,-146.240,180.840,-83.730,362
23139.00,-9.8720,6.5590,17.9120,-155.010,83.680,-47.560,362
23149.00,-9.2610,1.2260,5.7200,-125.430,-8.390,62.590,363
23159.00,-9.9460,-6.0620,3.5910,-112.410,22.960,111.850,363
23169.00,-9.8330,-14.0860,7.5620,-109.300,79.710,111.630,363
23179.00,-8.4390,-17.1930,18.4760,-83.820,146.070,63.270,363
23189.00,-6.9540,-11.0320,29.0480,-50.380,152.090,-12.650,363
23199.00,-7.3510,-4.2000,29.3850,-33.380,23.900,-52.710,364
23209.00,-8.0010,-1.9510,13.8050,-57.430,-185.040,-54.720,364
23219.00,-7.2100,-0.9950,3.7000,-71.670,-244.540,-56.870,364
23229.00,-8.0750,-1.0860,3.2930,-10.860,-172.040,-50.170,364
23239.00,-8.0500,0.4950,6.6560,53.810,-115.530,-46.630,364
23249.00,-9.0580,0.4970,6.9930,64.610,-115.510,-25.980,365
23259.00,-10.4800,-0.4460,4.7600,43.620,-133.360,-7.710,365
23269.00,-10.8190,-1.4060,0.8750,22.620,-133.380,1.620,365
23279.00,-9.9370,-2.3050,3.3650,-12.370,-79.200,4.140,365
23289.00,-8.0030,-0.2910,7.0950,-139.170,-9.340,-8.800,365
23299.00,-7.4600,-0.9180,11.2770,-122.320,1.310,-4.530,366
23309.00,-6.2110,-0.4210,9.1860,-143.930,-20.780,-15.970,366
23319.00,-5.0830,0.2760,5.5260,-108.440,-24.390,-20.370,366
23329.00,-4.3510,-0.4300,10.2010,-23.580,29.150,-1.240,366
23339.00,-5.8360,-1.9280,15.4630,-37.220,58.550,10.880,366
23349.00,-7.9310,-2.4670,3.1660,-42.240,-69.590,10.270,367
23359.00,-6.7230,-2.1460,-0.4800,-73.950,-39.840,11.670,367
23369.00,-5.3000,-2.3050,4.8290,-74.790,45.430,9.920,367
23379.00,-6.2590,-2.9370,8.6840,-55.500,63.100,12.790,367
23389.00,-5.1610,-2.8720,7.8440,-60.320,39.370,10.630,367
23399.00,-6.3700,-2.1390,7.8680,-57.850,29.400,2.180,368
23409.00,-6.0200,-3.2750,5.6550,-52.160,20.720,6.450,368
23419.00,-6.0410,-2.7250,7.2810,-41.680,41.930,2.160,368
23429.00,-6.0590,-2.3530,8.7170,-28.120,44.410,1.100,368
23439.00,-6.1850,-1.9170,8.9850,-15.710,35.770,1.250,368
23449.00,-6.4070,-1.5490,8.6280,-9.270,25.390,2.970,369
23459.00,-6.5830,-1.3240,6.8870,-9.740,16.100,7.330,369
23469.00,-7.2530,-2.1390,5.7330,5.700,16.310,13.910,369
23479.00,-6.9910,-3.8900,7.7210,22.640,29.850,18.980,369
23489.00,-6.5260,-1.6390,8.3440,12.000,28.070,3.790,369
23499.00,-7.0830,-1.7100,7.1800,8.150,15.500,9.090,370
23510.00,-6.6460,-3.3260,7.3010,8.620,18.340,18.720,370
23520.00,-6.3980,-2.5450,8.0170,0.310,21.780,11.110,370
23529.00,-6.2360,-2.0910,7.3480,-8.620,14.680,8.660,370
23540.00,-6.3520,-2.1460,7.1920,-12.210,13.580,8.670,370
23550.00,-6.0780,-3.0160,8.5020,-8.450,3.080,4.140,371
23560.00,-7.1370,-0.8840,5.5220,-21.870,-12.280,-5.400,371
23570.00,-6.5650,-4.1980,5.4050,-13.940,-1.100,15.900,371
23580.00,-5.9740,-3.9740,8.3380,-13.070,19.750,7.990,371
23590.00,-6.9660,-2.1890,6.0550,-13.700,-0.890,-5.530,371
23600.00,-6.7210,-5.8500,6.4430,-4.810,5.020,9.440,372
23610.00,-6.1370,-4.1080,8.5980,-5.540,18.270,-10.690,372
23620.00,-6.2970,-2.9870,7.5970,-12.790,2.570,-17.320,372
23630.00,-6.4960,-2.5910,6.9900,-18.880,-1.460,-16.800,372
23640.00,-6.7010,-2.3300,6.8760,-16.530,-0.400,-16.710,372
23650.00,-6.6600,-2.6050,6.9240,-11.470,0.380,-14.630,373
23660.00,-6.2410,-1.0200,8.0070,-11.840,5.330,-18.930,373
23670.00,-7.1030,0.4190,7.8960,-14.690,-0.820,-16.480,373
23680.00,-6.6550,-4.8230,8.6330,-0.190,-7.170,16.760,373
23690.00,-6.5670,-4.0390,10.8320,8.820,-6.140,-1.940,373
23700.00,-6.6400,-1.8260,11.3560,19.650,-29.520,-18.970,374
23710.00,-7.0120,-0.8630,11.8950,19.120,-48.140,-15.450,374
23720.00,-7.3420,0.6480,12.8820,21.100,-59.420,-12.490,374
23730.00,-7.5230,1.9020,13.8540,30.710,-73.280,-3.080,374
23740.00,-7.5030,2.2710,15.3000,54.770,-89.750,15.150,374
23750.00,-10.1190,4.7850,16.6660,55.840,-127.200,51.920,375
23760.00,-9.8470,1.0880,15.7300,57.220,-180.020,96.100,375
23770.00,-9.5600,-2.7640,15.4890,62.770,-199.040,120.760,375
23780.00,-9.0280,-6.8290,17.6970,88.230,-194.330,129.630,375
23790.00,-8.5180,-10.2350,19.3350,118.680,-208.750,123.700,375
23800.00,-8.6630,-11.9130,19.5660,149.620,-247.950,102.700,376
23810.00,-8.8490,-12.4540,17.0100,167.050,-305.680,78.940,376
23820.00,-8.7790,-12.7380,12.8990,173.580,-327.680,61.630,376
23830.00,-7.4400,-12.4910,10.2440,179.970,-327.680,40.490,376
23840.00,-7.0490,-8.4930,14.0190,173.700,-313.730,4.750,376
23850.00,-7.0620,-4.0910,18.3150,151.600,-295.900,-13.590,377
23860.00,-7.0370,-3.1090,18.7820,149.390,-327.680,-3.830,377
23870.00,-8.1330,-3.2510,17.6970,147.280,-327.680,5.310,377
23880.00,-8.3600,-2.4160,15.4300,142.450,-327.680,-2.780,377
23890.00,-7.8830,-2.1470,12.8930,142.080,-327.680,-8.270,377
23900.00,-7.1410,-2.5010,10.1510,142.730,-327.680,-7.540,378
23910.00,-6.2970,-1.3170,7.5300,147.560,-327.680,-13.860,378
23920.00,-5.0720,2.5430,5.6380,160.120,-327.680,-15.920,378
23930.00,-3.8530,4.1380,8.0190,152.090,-312.960,18.300,378
23940.00,-3.0060,3.5960,10.9440,121.270,-272.680,63.120,378
23950.00,-1.9160,1.9840,6.9810,85.710,-277.300,119.200,379
23960.00,-1.1940,0.3980,4.7060,13.050,-290.340,143.760,379
23970.00,-0.5390,-1.1850,3.3850,-29.940,-281.340,152.070,379
23980.00,0.7530,-1.0810,3.2930,-64.010,-269.440,137.210,379
23990.00,1.2380,0.4640,4.3360,-83.190,-253.950,119.450,379
24000.00,1.6630,2.3700,3.3000,-84.080,-252.010,114.010,380
24010.00,2.1060,2.7540,1.9720,-67.580,-241.070,128.920,380
24020.00,2.6050,1.5980,1.1730,-63.400,-211.040,148.360,380
24030.00,3.6880,0.4680,0.9750,-65.510,-175.290,155.390,380
24040.00,4.9650,-2.0330,2.0080,-58.500,-135.150,152.940,380
24050.00,5.6180,-3.2750,2.7490,-58.480,-89.330,124.580,381
24060.00,6.2400,-2.4030,5.1080,-55.420,-40.580,79.390,381
24070.00,6.6660,-0.8380,7.2020,-68.730,-20.360,45.140,381
24080.00,6.5460,-0.3550,5.4830,-83.150,-43.110,31.350,381
24090.00,6.3500,-1.8670,2.0810,-64.410,-71.150,23.480,381
24100.00,6.6360,-2.3360,0.6220,-48.920,-76.150,-3.130,382
24110.00,7.3590,-1.0390,-0.1550,-66.620,-62.660,-29.010,382
24120.00,7.3750,-1.8220,-0.5210,-54.910,-53.090,-39.490,382
24130.00,7.8080,-1.6270,-1.2930,-35.590,-39.680,-64.270,382
24140.00,8.0210,0.2040,-0.3860,-10.480,-8.480,-91.630,382
24150.00,8.3350,1.9380,4.5300,13.890,17.200,-99.850,383
24160.00,8.3610,2.0510,6.1340,24.390,18.340,-79.380,383
24170.00,8.0200,1.9930,6.6780,22.570,7.680,-71.550,383
24180.00,8.1580,1.7880,6.7980,21.400,-2.150,-68.370,383
24190.00,7.6660,3.0240,6.4460,20.450,-8.080,-69.190,383
24200.00,8.1120,1.9690,5.1600,14.120,-12.770,-55.700,384
24210.00,8.2760,0.2020,4.7540,22.750,-8.450,-49.000,384
24220.00,8.1450,0.2080,4.4350,30.710,-1.340,-55.930,384
24230.00,8.1110,-0.1810,4.9070,31.850,10.460,-57.540,384
24240.00,8.0190,-0.3400,6.4450,35.290,20.930,-61.250,384
24250.00,7.8420,-0.0490,7.5070,33.510,21.520,-66.300,385
24260.00,7.7370,0.1360,7.4340,21.050,17.550,-71.100,385
24270.00,7.3260,1.3970,7.6610,26.980,16.390,-75.560,385
24280.00,7.3420,1.7280,8.0060,42.700,11.250,-70.500,385
24290.00,7.1190,1.6700,7.2630,46.040,2.800,-66.410,385
24300.00,7.5240,1.4750,6.0520,49.490,-2.920,-66.690,386
24310.00,6.2020,1.4180,6.6360,59.110,0.660,-70.470,386
24320.00,6.5610,2.6660,3.5550,49.360,-5.070,-72.880,386
24330.00,6.6460,1.7060,5.6910,47.370,13.380,-64.760,386
24340.00,6.8330,2.0010,5.5930,47.400,12.350,-65.590,386
24350.00,6.7460,2.0020,7.6220,57.660,13.280,-62.770,387
24360.00,6.8290,2.6660,7.8160,51.850,7.980,-59.270,387
24370.00,6.5390,3.0000,8.1530,51.430,-3.130,-53.200,387
24380.00,6.3660,3.4750,7.7850,41.630,-14.120,-47.930,387
24390.00,6.4010,3.1050,6.7960,30.640,-23.930,-39.980,387
24400.00,6.5240,2.6100,5.7150,23.620,-26.770,-33.960,388
24410.00,6.3520,2.1300,5.4590,22.610,-20.840,-30.270,388
24420.00,6.5980,1.7350,5.9340,20.470,-15.180,-29.620,388
24430.00,6.5510,1.5340,5.6720,19.190,-15.880,-31.740,388
24440.00,6.5590,1.5720,4.9320,16.600,-16.090,-34.350,388
24450.00,6.5620,1.3330,5.0670,16.110,-11.790,-35.680,389
24460.00,6.5040,1.5910,5.2510,14.240,-9.600,-39.670,389
24470.00,6.4600,2.2570,5.4190,14.910,-9.500,-44.200,389
24480.00,6.3940,2.7090,5.5400,18.880,-10.020,-44.830,389
24490.00,6.2010,3.1870,5.6850,18.340,-10.270,-44.870,389
24500.00,6.2290,3.5330,5.1920,17.440,-12.210,-44.640,390
24510.00,6.2600,3.9450,4.4990,24.880,-10.490,-44.880,390
24520.00,6.1720,4.2890,3.8300,38.760,-6.280,-43.030,390
24531.00,6.3080,3.8730,4.2870,41.300,3.200,-36.690,390
24540.00,6.5260,3.7220,5.0650,36.610,8.970,-33.600,390
24550.00,6.6850,3.9290,5.3940,31.040,8.240,-32.460,391
24561.00,6.8060,4.7860,5.6680,7.890,5.810,-27.170,391
24571.00,6.9240,4.7190,6.1340,0.280,4.300,-21.030,391
24581.00,6.9050,4.6810,6.8930,-5.370,3.710,-16.180,391
24591.00,7.1310,4.4630,7.3620,-12.000,-0.340,-13.520,391
24601.00,7.1470,5.3310,6.3810,-14.830,-5.510,-14.080,392
24611.00,7.1400,4.1690,6.0620,-0.660,-5.020,-4.910,392
24621.00,7.2860,3.7670,5.6070,12.950,-3.110,-5.960,392
24631.00,7.2130,3.7990,5.4550,18.250,2.170,-10.500,392
24641.00,7.2740,3.6390,5.4780,20.660,6.890,-13.170,392
24651.00,7.2500,3.8340,5.9620,21.360,11.860,-16.410,393
24661.00,7.0640,4.1950,6.0350,17.690,12.790,-18.000,393
24671.00,7.0500,4.5420,6.4010,10.110,15.480,-17.080,393
24681.00,6.8690,4.6770,6.9210,1.270,17.060,-14.350,393
24691.00,6.8930,4.5540,6.8090,-11.190,14.360,-12.140,393
24701.00,6.9630,4.1520,6.4530,-14.960,11.420,-11.350,394
24711.00,6.7950,4.0570,6.4210,-14.730,11.620,-13.420,394
24721.00,6.8410,4.3510,6.0010,-18.680,12.720,-15.190,394
24731.00,7.1910,4.0170,5.8480,-14.900,17.970,-14.660,394
24741.00,6.8120,4.0310,5.7000,0.100,24.620,-16.340,394
24751.00,6.8620,3.6670,6.2170,5.280,29.400,-16.800,395
24761.00,6.7150,3.2330,6.0530,1.240,32.280,-21.170,395
24771.00,7.1120,3.3550,6.1000,-6.000,31.850,-25.760,395
24781.00,6.1870,4.3510,6.7440,0.100,32.020,-31.020,395
24791.00,6.0990,4.5900,4.9590,-9.320,22.030,-27.510,395
24801.00,6.2770,4.3480,5.4580,-24.670,30.200,-23.710,396
24811.00,6.6110,3.6320,5.7990,-34.940,33.140,-23.590,396
24821.00,7.1530,3.1960,4.1350,-49.290,27.020,-26.540,396
24831.00,7.0310,3.5430,2.9570,-39.000,36.240,-26.510,396
24841.00,5.7780,3.2470,3.7080,-33.750,63.100,-23.170,396
24851.00,5.5880,3.0430,6.1240,-52.110,77.470,-31.480,397
24861.00,5.5520,3.0770,7.7030,-79.410,76.190,-44.900,397
24871.00,5.5400,2.8950,6.8960,-92.200,64.780,-52.110,397
24881.00,5.2950,2.7620,6.4850,-105.190,73.360,-59.160,397
24891.00,4.6810,3.7040,7.3040,-112.690,88.490,-72.040,397
24901.00,5.0710,4.9650,8.5120,-125.850,90.520,-78.590,398
24911.00,5.0570,5.0960,9.6630,-154.570,87.720,-66.410,398
24921.00,5.3080,4.1500,9.2050,-171.490,63.750,-50.100,398
24931.00,5.6390,2.5810,8.5480,-219.970,53.620,-37.030,398
24941.00,4.8230,1.5900,9.0590,-238.150,58.150,-37.800,398
24951.00,4.6710,1.8740,9.1830,-232.450,56.400,-48.560,399
24961.00,4.8370,3.0620,10.0600,-210.780,49.990,-58.480,399
24971.00,4.9010,2.9580,9.3210,-175.190,33.770,-47.160,399
24981.00,4.8080,1.1340,7.0670,-164.140,25.900,-25.460,399
24991.00,4.7640,0.2300,7.3380,-140.730,40.490,-21.780,399
25001.00,4.3800,0.3120,9.2680,-141.380,54.700,-29.760,400
25011.00,4.6140,0.1770,10.1090,-215.140,54.370,-37.780,400
25021.00,4.5890,0.1010,9.1640,-265.380,45.690,-43.120,400
25031.00,4.7410,0.5580,8.4690,-230.780,43.030,-40.540,400
25041.00,4.5760,-0.1360,8.9930,-192.490,51.250,-26.840,400
25051.00,4.3280,-0.4000,9.4190,-160.960,55.190,-23.240,401
25061.00,4.3830,-0.6010,9.7140,-134.900,51.520,-22.270,401
25071.00,4.2140,-1.4100,10.0410,-128.510,50.730,-19.040,401
25081.00,4.3660,-1.0870,9.1150,-102.090,43.170,-26.190,401
25091.00,4.2410,-1.0810,8.5430,-67.330,46.040,-25.130,401
25101.00,4.0460,-0.8470,9.5790,-27.190,60.950,-22.730,402
25111.00,3.7710,-0.0350,10.0680,-4.650,64.050,-19.950,402
25121.00,3.6500,-0.3490,10.1440,-5.610,62.980,-9.460,402
25131.00,3.5530,-1.3370,11.0820,-22.270,63.990,-2.780,402
25141.00,3.5350,-1.0640,11.5320,-35.340,55.680,-6.860,402
25151.00,3.5340,-1.1220,10.7780,-53.750,49.150,-5.050,403
25161.00,3.3490,-1.1500,10.5470,-71.570,40.560,-4.160,403
25171.00,3.3430,-1.1000,10.5270,-71.060,36.200,-2.730,403
25181.00,3.3360,-1.4050,9.6010,-71.850,32.460,1.880,403
25191.00,3.2660,-1.0260,9.1050,-27.780,32.790,2.500,403
25201.00,3.2870,-1.3170,9.4340,-3.110,39.770,8.640,404
25211.00,3.1280,-1.2720,9.6330,15.780,41.940,12.890,404
25221.00,3.1930,-0.9640,9.2970,32.130,40.880,15.780,404
25231.00,3.0410,-1.4350,9.3430,45.010,44.150,22.600,404
25241.00,2.9350,-1.5800,9.9980,55.910,48.490,23.780,404
25251.00,2.9330,-1.3620,10.1180,59.860,47.090,22.900,405
25261.00,2.7330,-1.3920,10.0340,61.510,43.830,23.550,405
25271.00,2.6870,-0.1910,9.9670,62.590,44.060,22.620,405
25281.00,2.4680,-0.5630,10.2420,65.620,42.800,28.340,405
25291.00,2.4770,-0.9640,10.0100,68.370,36.080,29.730,405
25301.00,2.3420,-1.1230,9.9270,69.090,31.410,27.540,406
25311.00,2.2300,-0.8820,10.0800,73.990,27.890,23.300,406
25321.00,2.0470,-0.8470,10.5850,82.110,24.620,21.100,406
25331.00,1.8500,-1.2770,10.9190,87.110,17.710,21.800,406
25341.00,1.7150,-1.5370,10.9960,87.020,9.870,21.340,406
25351.00,1.5070,-1.5420,10.9300,86.010,-0.010,18.180,407
25361.00,1.2840,-1.0240,8.9500,70.070,-28.240,8.340,407
25371.00,1.2690,-0.6540,7.2590,63.400,-47.160,1.990,407
25381.00,1.4030,-0.6770,4.7410,51.380,-66.140,-1.870,407
25391.00,1.7930,-0.6310,1.7910,48.720,-82.370,-6.930,407
25401.00,2.4070,-0.5190,-1.8050,54.420,-96.960,-12.700,408
25411.00,2.5650,0.6860,-5.5100,68.650,-108.060,-15.270,408
25421.00,2.4220,1.3430,-9.2860,34.750,-90.470,-2.410,408
25431.00,2.1490,1.0750,-12.4410,2.660,-45.910,6.170,408
25441.00,1.9380,0.5190,-11.6240,-6.080,11.600,7.970,408
25451.00,1.5480,-0.0800,-12.5060,-26.300,55.820,18.260,409
25461.00,0.9460,-1.9560,-11.7350,-6.360,120.640,35.050,409
25471.00,0.3640,-4.0490,-7.1960,25.460,200.650,36.660,409
25481.00,-0.3240,-4.7220,-2.7740,43.990,248.360,13.420,409
25491.00,-0.6460,-3.2930,-0.8810,49.590,252.100,-21.840,409
25501.00,-1.4890,-2.1610,-1.2720,37.760,243.190,-41.700,410
25511.00,-2.1240,-1.5460,-2.7600,35.730,246.100,-53.420,410
25521.00,-3.2970,-1.7570,-1.5910,53.040,273.560,-60.130,410
25531.00,-4.3990,-3.2530,0.3720,47.530,303.640,-63.400,410
25541.00,-4.8340,-4.5750,1.9230,88.690,327.670,-80.200,410
25551.00,-6.4600,-4.7560,6.7170,201.560,327.670,-114.940,411
25561.00,-8.8360,0.8590,14.2090,230.050,327.670,-209.720,411
25571.00,-9.7730,4.7420,16.8130,194.390,327.670,-233.360,411
25582.00,-10.6440,7.7790,18.3630,130.200,313.180,-228.700,411
25592.00,-10.8700,10.1330,16.6150,25.860,263.600,-202.470,411
25602.00,-11.4970,10.3360,19.9780,21.710,240.530,-158.910,412
25612.00,-10.5170,9.7600,21.7470,-39.460,205.170,-103.050,412
25622.00,-9.7900,6.3730,22.7000,-84.610,163.920,-32.560,412
25632.00,-10.6740,2.5480,24.8130,-59.790,129.760,7.500,412
25642.00,-10.8570,2.4890,24.5870,-25.880,69.310,-8.330,412
25652.00,-11.0280,4.4910,22.5490,1.410,1.970,-30.240,413
25662.00,-10.9250,6.6730,18.5740,10.790,-48.280,-31.270,413
25672.00,-10.7820,7.6340,15.3260,56.770,-72.710,-9.590,413
25682.00,-10.4440,7.0420,13.8110,80.920,-67.400,24.740,413
25692.00,-10.2320,6.0840,13.1270,94.200,-59.670,47.520,413
25702.00,-9.8140,5.2330,12.1660,95.160,-58.570,59.300,414
25712.00,-9.2730,4.3320,10.6860,105.920,-62.430,67.810,414
25722.00,-8.6170,3.6580,9.4220,109.740,-56.730,70.310,414
25732.00,-7.9630,3.9570,9.7420,104.610,-34.890,62.290,414
25742.00,-7.1270,5.5270,11.0970,94.010,-14.290,52.180,414
25752.00,-6.6640,6.5090,11.9590,77.210,-9.500,55.820,415
25762.00,-6.4860,6.1440,9.2430,52.290,-36.500,82.770,415
25772.00,-6.0490,5.3450,7.2580,48.440,-40.050,97.870,415
25782.00,-5.7570,4.1740,5.8450,51.010,-26.190,112.660,415
25792.00,-5.6080,2.6360,5.5940,61.790,-2.080,118.260,415
25802.00,-5.6240,1.6400,7.0060,75.560,23.620,104.540,416
25812.00,-5.8140,3.1470,9.7070,81.040,40.050,73.300,416
25822.00,-5.3750,6.3490,11.2700,79.710,33.890,51.390,416
25832.00,-5.2980,8.6500,11.9000,89.350,18.670,59.630,416
25842.00,-5.3930,8.2790,13.3260,75.820,9.220,87.620,416
25852.00,-5.3200,7.9980,13.9150,69.370,-12.540,104.960,417
25862.00,-5.1510,8.0840,14.4490,84.470,-39.880,115.390,417
25872.00,-5.0170,8.3490,14.2300,99.100,-66.900,125.240,417
25882.00,-4.8630,8.8840,13.7200,113.340,-92.200,135.600,417
25892.00,-4.6940,9.7110,12.9690,116.670,-115.250,147.640,417
25902.00,-4.7400,9.7260,12.9050,106.690,-130.330,166.370,418
25912.00,-4.6240,9.2900,12.3960,83.750,-147.480,181.000,418
25922.00,-4.2980,9.3640,11.2230,61.210,-165.770,186.740,418
25932.00,-3.8040,9.7680,10.8950,28.360,-167.870,189.470,418
25942.00,-3.1930,10.6920,11.6510,-5.540,-159.420,190.110,418
25952.00,-2.7200,12.3560,12.4180,-30.480,-154.730,193.560,419
25962.00,-2.0450,13.0630,12.5740,-58.180,-165.600,229.540,419
25972.00,-1.4330,11.2110,12.6620,-59.950,-173.420,256.650,419
25982.00,-1.0030,8.6030,12.1660,-68.980,-175.130,278.400,419
25992.00,-0.6500,7.8800,12.5860,-61.560,-170.460,279.240,419
26002.00,-0.1170,6.8290,13.0550,-69.360,-170.410,276.930,420
26012.00,1.1280,5.0360,13.3010,-86.760,-175.990,272.590,420
26022.00,1.7310,4.4820,12.4670,-80.340,-185.530,264.860,420
26032.00,1.4500,1.5080,11.2780,-116.720,-192.320,262.970,420
26042.00,3.1820,3.6260,7.3140,-127.530,-198.670,242.090,420
26052.00,2.5450,2.3170,8.2400,-69.120,-187.120,265.030,421
26062.00,3.2240,4.4030,7.2260,0.870,-205.110,283.810,421
26072.00,3.8500,7.0280,5.8850,44.550,-208.860,327.670,421
26082.00,4.1870,7.8420,3.2410,16.430,-190.780,327.670,421
26092.00,0.5850,0.4970,6.5970,33.440,-145.560,327.670,421
26102.00,1.7460,-5.7330,8.6580,86.430,-163.300,327.670,422
26112.00,2.5230,-7.6770,8.8900,123.740,-190.010,327.670,422
26122.00,3.1390,-6.7590,7.2440,149.480,-212.390,327.670,422
26132.00,3.9660,-2.8430,4.0100,128.780,-214.860,327.670,422
26142.00,3.9540,-2.2390,4.0210,151.900,-190.060,314.850,422
26152.00,4.1850,-2.4400,2.7580,124.280,-167.430,296.830,423
26162.00,4.9790,-3.4220,0.4650,131.040,-153.590,228.490,423
26172.00,5.9370,-4.6090,0.4190,124.530,-90.150,177.900,423
26182.00,6.6860,-3.8870,3.1930,86.430,-41.840,100.860,423
26192.00,7.1740,-0.0310,4.0430,76.170,-26.000,29.310,423
26202.00,7.1370,1.8310,4.3090,84.750,-27.050,15.320,424
26212.00,6.7320,0.8060,3.7080,76.860,-37.080,32.510,424
26222.00,6.2560,-0.6650,4.2900,77.680,-42.080,39.790,424
26232.00,6.1350,-0.8430,5.0410,60.370,-54.100,32.630,424
26242.00,6.3730,-0.3560,2.3300,40.490,-71.990,29.570,424
26252.00,4.5180,-2.2130,2.6220,106.330,-45.810,41.730,425
26262.00,3.4560,-0.7860,5.0220,140.450,-24.420,36.270,425
26272.00,7.7930,-2.5550,0.9880,64.240,-48.120,48.220,425
26282.00,6.5510,1.9210,3.2700,-58.290,38.040,23.430,425
26292.00,7.3730,3.9180,10.7070,-37.790,79.100,34.190,425
26302.00,7.2310,0.9430,6.2010,-37.780,-2.720,75.870,426
26312.00,6.2180,-0.5350,2.8680,-66.760,-16.880,83.260,426
26322.00,6.7010,-0.8590,3.4370,-79.620,8.080,83.960,426
26332.00,9.1920,-1.6900,5.0260,-106.690,31.500,85.220,426
26342.00,5.7630,-0.6690,4.8960,-114.090,38.580,59.460,426
26352.00,6.1890,-0.2780,3.6340,-100.340,20.700,68.770,427
26362.00,24.3980,2.7390,-2.7790,-156.020,42.470,107.250,427
26372.00,18.3310,5.4590,-8.1830,-327.680,153.400,281.040,427
26382.00,0.1050,-2.2370,-0.0510,-109.980,327.670,327.670,427
26392.00,3.6900,-2.4050,4.1820,-97.400,327.670,327.670,427
26402.00,5.1200,-1.9350,3.9750,-119.060,327.670,327.670,428
26412.00,2.9820,-2.5470,3.2540,-126.610,311.270,327.670,428
26422.00,1.4820,-3.1830,3.2990,-127.870,324.780,327.670,428
26432.00,-0.1890,-3.8350,4.2720,-131.800,327.670,327.670,428
26442.00,-1.4160,-4.1910,4.1710,-142.130,327.670,327.670,428
26452.00,-3.4160,-5.1170,4.4590,-140.120,327.670,327.670,429
26462.00,-5.4070,-5.4710,4.8220,-141.950,327.670,327.670,429
26472.00,-7.2830,-5.8120,4.9120,-96.470,327.670,327.670,429
26482.00,-9.0850,-6.3860,5.9910,-34.680,327.670,327.670,429
26492.00,-9.8420,-6.7600,6.7340,-44.670,327.670,327.670,429
26502.00,-9.9260,-7.0250,7.3260,-50.220,327.670,327.670,430
26512.00,-9.9570,-7.5340,8.4070,-51.060,327.670,327.670,430
26522.00,-9.4990,-7.8710,9.3000,-56.400,327.670,327.670,430
26532.00,-9.4360,-8.4040,9.7170,-47.170,327.670,327.670,430
26542.00,-4.5970,-7.6090,11.4540,-2.850,327.670,327.670,430
26552.00,-2.5680,-10.1030,13.7740,-21.710,302.150,327.670,431
26562.00,-10.6020,-6.6100,9.0080,-61.660,159.810,236.050,431
26572.00,-6.5830,-7.3860,9.9960,-99.040,20.420,139.700,431
26582.00,0.2810,-8.1790,11.8740,-91.850,-12.700,124.160,431
26592.00,0.8410,-8.2550,10.4940,-78.410,-113.310,94.580,431
26602.00,-1.9250,-6.8150,7.2280,-88.230,-209.010,51.340,432
26613.00,-3.0780,-6.1540,4.9250,-91.590,-260.030,27.170,432
26623.00,-2.0260,-6.0160,4.0090,-89.490,-281.810,13.190,432
26633.00,-0.3060,-5.8870,3.7340,-85.480,-296.160,-1.620,432
26643.00,0.6170,-5.6690,3.3760,-82.420,-323.550,-16.950,432
26653.00,0.2380,-5.3710,2.4090,-80.490,-327.680,-31.270,433
26663.00,-1.5240,-4.8250,0.9790,-70.050,-327.680,-49.640,433
26673.00,-3.8720,-3.9570,-0.8870,-53.090,-327.680,-70.280,433
26683.00,-5.1800,-3.2300,-2.5950,-40.730,-327.680,-79.800,433
26693.00,-4.4270,-2.8850,-3.5790,-30.690,-327.680,-73.600,433
26703.00,-2.4160,-2.8980,-3.3730,-18.050,-299.960,-59.080,434
26713.00,-0.4430,-3.0860,-3.0750,-2.110,-233.180,-46.510,434
26723.00,0.5740,-3.0810,-3.2200,15.660,-184.060,-42.800,434
26733.00,0.8060,-2.7900,-3.6530,25.340,-133.540,-45.200,434
26743.00,0.3730,-2.2870,-4.0240,32.480,-65.720,-46.840,434
26753.00,-1.5330,-1.5620,-4.2600,33.860,20.700,-43.820,435
26763.00,-4.8830,-0.5670,-4.2300,27.310,125.890,-30.730,435
26773.00,-15.0790,0.3780,-2.4960,-9.160,327.670,82.140,435
26783.00,-22.5160,0.7350,-1.4120,-0.680,327.670,156.270,435
26793.00,-29.8750,1.1050,-0.2590,10.290,327.670,241.350,435
26803.00,-32.7680,0.7480,0.9910,41.630,327.670,327.670,436
26813.00,-32.7680,-0.4900,1.9010,63.430,327.670,327.670,436
26823.00,-32.7680,-1.4110,2.4740,51.430,327.670,327.670,436
26833.00,-32.7680,-2.6040,3.6740,41.140,327.670,327.670,436
26843.00,-32.7680,-3.6000,4.5170,21.540,327.670,327.670,436
26853.00,-32.7680,-4.4980,6.0020,24.760,327.670,327.670,437
26863.00,-32.7680,-6.0510,7.9890,57.920,327.670,327.670,437
26873.00,-32.7680,-8.5950,11.4840,85.450,327.670,327.670,437
26883.00,-28.3680,-11.2360,15.8290,73.740,327.670,327.670,437
26893.00,-18.0490,-14.3430,19.2760,50.940,327.670,287.870,437
26903.00,-9.3370,-16.5910,21.3450,20.050,316.240,133.970,438
26913.00,-4.6580,-16.6930,22.2010,-4.020,54.110,-42.380,438
26923.00,-4.7900,-15.2700,18.9660,35.960,-267.200,-194.490,438
26933.00,-9.1560,-12.6180,12.7900,62.300,-327.680,-309.380,438
26943.00,-12.3490,-9.2530,8.7390,24.790,-327.680,-327.680,438
26953.00,-14.7570,-5.7900,5.9550,-34.150,-327.680,-327.680,439
26963.00,-16.2170,-2.8940,1.6180,-69.100,-327.680,-327.680,439
26973.00,-17.6060,-1.0320,0.4410,-32.680,-327.680,-327.680,439
26983.00,-16.1820,0.2180,-0.8990,-67.230,-327.680,-327.680,439
26993.00,-13.5740,0.0580,-1.2230,-51.620,-327.680,-327.680,439
27003.00,-10.4070,-0.3920,-1.3670,-44.920,-327.680,-327.680,440
27013.00,-7.2440,-0.3140,-1.0580,-52.530,-327.680,-327.680,440
27023.00,-5.0400,-0.3450,-1.1650,-38.420,-327.680,-327.680,440
27033.00,-4.2780,-0.1550,-1.4720,-28.120,-327.680,-327.680,440
27043.00,-5.3060,0.1440,-2.3580,-17.900,-327.680,-327.680,440
27053.00,-7.8960,1.1030,-3.9750,-19.700,-327.680,-327.680,441
27063.00,-9.9310,2.6340,-6.1590,-15.010,-327.680,-327.680,441
27073.00,-8.6460,3.8790,-7.5750,-19.420,-327.680,-327.680,441
27083.00,-3.6830,4.1870,-8.4760,-46.160,-327.680,-327.680,441
27093.00,2.0480,3.9320,-7.7380,-44.990,-327.680,-295.570,441
27103.00,5.6730,3.9550,-6.9830,-39.490,-216.680,-199.500,442
27113.00,6.8190,4.2790,-6.6420,-35.660,-73.350,-98.280,442
27123.00,6.1490,4.1750,-5.4890,-41.280,69.750,23.440,442
27133.00,3.8630,2.6660,-3.9870,-64.620,204.260,158.190,442
27143.00,-0.4780,1.8730,-2.7250,-76.870,327.670,278.370,442
27153.00,-5.5650,0.8620,-1.2770,-72.900,327.670,327.670,443
27163.00,-10.6950,-0.1260,-0.4850,-75.440,327.670,327.670,443
27173.00,-20.0010,-1.2950,0.9030,-33.590,327.670,327.670,443
27183.00,-25.6310,-1.9860,1.0100,-25.140,327.670,327.670,443
27193.00,-30.5770,-2.4960,1.6650,-12.790,327.670,327.670,443
27203.00,-32.7680,-3.1660,2.6720,-12.030,327.670,327.670,444
27213.00,-32.7680,-3.7830,4.1070,-22.080,327.670,327.670,444
27223.00,-32.7680,-4.0220,4.4470,-67.670,327.670,327.670,444
27233.00,-32.7680,-6.9230,4.7940,2.670,327.670,327.670,444
27243.00,-32.7680,-9.4610,5.5640,71.360,327.670,327.670,444
27253.00,-27.2960,-11.3330,7.6840,37.710,327.670,327.670,445
27263.00,-22.1500,-14.0630,9.5180,35.780,327.670,327.670,445
27273.00,-17.3100,-17.0840,11.2070,59.180,327.670,327.670,445
27283.00,-12.9270,-19.5850,11.9660,74.530,300.330,327.670,445
27293.00,-9.4610,-21.2140,12.6480,90.000,194.600,327.670,445
27303.00,-7.2140,-21.3630,12.4180,108.230,85.660,192.350,446
27313.00,-7.7770,-17.2430,10.5140,122.290,-12.700,-37.200,446
27323.00,-9.5620,-12.5080,8.5240,128.430,-82.610,-211.480,446
27333.00,-10.7120,-9.0690,6.6770,157.850,-155.730,-327.680,446
27343.00,-12.1050,-7.0540,4.9390,202.840,-230.330,-327.680,446
27353.00,-14.1460,-4.7190,3.8990,248.740,-310.500,-327.680,447
27363.00,-18.4360,-1.2190,1.3990,268.480,-327.680,-327.680,447
27373.00,-28.7010,4.9470,-2.1790,104.230,-327.680,-327.680,447
27383.00,-27.4600,5.3210,-2.9910,53.230,-279.170,-327.680,447
27393.00,-21.0070,3.5460,-0.6430,-3.140,-153.660,-327.680,447
27403.00,-13.2110,1.8470,1.1090,-48.170,-94.720,-327.680,448
27413.00,-8.5490,1.3120,1.3190,-61.960,-106.710,-327.680,448
27423.00,-0.2720,2.0510,2.4670,-77.710,-106.030,-320.700,448
27433.00,-4.2300,-0.7710,0.9410,20.770,-195.350,-222.610,448
27443.00,-4.7900,2.5470,-0.0960,-55.850,-185.160,-241.760,448
27453.00,-5.7570,2.5960,-0.4820,-85.710,-170.790,-167.420,449
27463.00,-8.6770,2.4220,-2.3840,-28.620,-209.240,-82.820,449
27473.00,-9.9780,2.8300,-3.0180,-8.730,-177.040,-11.280,449
27483.00,-9.7000,1.5270,-2.7520,-2.290,-118.560,91.780,449
27493.00,-10.0470,0.0750,-2.0210,1.200,-74.770,180.440,449
27503.00,-12.7960,-0.5800,-1.4270,90.230,-67.040,247.250,450
27513.00,-16.0460,-1.0210,0.5380,132.750,-45.510,303.720,450
27523.00,-16.4970,-2.6530,1.4870,17.300,13.240,327.670,450
27533.00,-14.4840,-4.6440,3.4080,-122.970,100.780,327.670,450
27543.00,-14.4330,-6.9110,5.5410,-160.220,91.220,327.670,450
27553.00,-14.5690,-8.1170,5.3310,-175.850,24.250,327.670,451
27563.00,-16.5570,-9.2090,5.5390,-126.380,-51.570,327.670,451
27573.00,-14.7000,-14.1650,6.4950,-70.920,-150.440,327.670,451
27583.00,-13.1420,-15.6490,6.3880,-110.280,-180.720,236.540,451
27593.00,-13.5790,-13.8800,5.6620,-119.550,-222.800,65.930,451
27603.00,-15.6530,-13.1480,4.4930,-68.700,-283.490,-28.640,452
27613.00,-14.5170,-12.4780,2.4950,-2.600,-327.680,-102.390,452
27623.00,-12.3210,-10.9360,1.3070,-42.540,-318.930,-189.990,452
27634.00,-14.0680,-8.4550,-0.3620,-73.280,-295.250,-279.230,452
27644.00,-16.5990,-6.5920,-1.7680,-76.070,-258.280,-327.680,452
27654.00,-15.0230,-5.7890,-1.5380,-92.340,-174.100,-327.680,453
27664.00,-12.5700,-5.5260,-0.9090,-124.380,-73.070,-327.680,453
27674.00,-10.3140,-4.6980,0.0560,-128.480,-1.030,-327.680,453
27684.00,-8.4860,-4.0270,-0.1530,-166.210,73.550,-327.680,453
27694.00,-4.4480,-3.0220,0.5790,-98.710,121.780,-327.680,453
27704.00,-5.4290,-3.8560,0.8630,82.960,107.130,-327.680,454
27714.00,-11.8070,-2.4400,1.2570,148.310,104.370,-327.680,454
27724.00,-11.4080,0.9160,0.4860,89.670,139.650,-327.680,454
27734.00,-8.7490,-0.3520,0.1830,110.400,183.680,-327.680,454
27744.00,-4.5890,-1.5150,1.8310,179.020,222.980,-327.680,454
27754.00,-3.9030,-2.4010,3.8280,136.290,268.550,-327.680,455
27764.00,-9.0470,-0.0410,3.9340,-40.730,327.670,-327.680,455
27774.00,-6.6620,0.4580,7.0400,-101.130,327.670,-284.700,455
27784.00,-7.9770,-0.1360,7.1640,-164.620,327.670,-211.690,455
27794.00,-2.3900,-1.3040,8.3710,-190.760,327.670,-128.200,455
27804.00,4.8950,-4.9560,12.6010,-125.100,327.670,-1.410,456
27814.00,2.6270,-3.6100,15.8790,-121.830,327.670,49.360,456
27824.00,-0.1300,-3.1510,16.9250,-50.310,327.670,144.020,456
27834.00,-4.0770,-6.1670,18.2990,-24.840,151.690,298.560,456
27844.00,-11.8760,-9.5850,13.3710,-63.520,-47.580,327.670,456
27854.00,-11.0710,-13.3350,13.1740,-78.240,-153.190,327.670,457
27864.00,-12.3010,-15.3040,11.7830,-121.670,-242.190,327.670,457
27874.00,-12.5950,-16.2790,11.8250,-130.600,-321.210,242.910,457
27884.00,-13.1300,-16.7340,10.1090,-108.160,-327.680,144.530,457
27894.00,-13.5290,-15.7160,7.5210,-77.780,-327.680,40.380,457
27904.00,-15.9880,-13.6720,5.9970,-19.840,-327.680,-43.610,458
27914.00,-17.8150,-11.4690,1.9080,-90.220,-327.680,-107.220,458
27924.00,-12.0880,-13.5720,2.3850,-140.780,-327.680,-133.800,458
27934.00,-8.8880,-13.7870,1.6130,-252.500,-327.680,-219.570,458
27944.00,-9.1780,-11.2090,-1.1490,-305.260,-327.680,-327.680,458
27954.00,-8.7480,-8.4520,-2.4500,-276.620,-327.680,-327.680,459
27964.00,-7.8480,-5.7050,-3.5730,-208.350,-327.680,-327.680,459
27974.00,-6.6490,-1.1650,-6.0830,15.480,-327.680,-327.680,459
27984.00,-5.4230,0.6910,-7.4160,153.190,-327.680,-327.680,459
27994.00,-4.4200,0.1710,-10.0050,236.740,-327.680,-327.680,459
28004.00,-0.5820,0.7590,-10.6150,285.810,-327.680,-327.680,460
28014.00,2.8050,0.7930,-11.5840,327.670,-327.680,-318.430,460
28024.00,9.2210,0.4100,-12.3960,268.850,-269.810,-234.900,460
28034.00,7.7930,0.7170,-9.8460,180.740,-71.290,-154.380,460
28044.00,4.5330,1.4640,-4.7050,75.000,102.040,-75.070,460
28054.00,4.1590,-0.7010,1.2390,-18.140,206.500,30.180,461
28064.00,3.9270,-4.2800,5.5130,-123.000,253.150,135.920,461
28074.00,5.1120,-9.0060,7.8290,-202.010,235.420,202.070,461
28084.00,5.8250,-12.4940,8.9850,-243.190,193.160,197.780,461
28094.00,6.8870,-12.2620,11.2670,-217.380,145.260,115.270,461
28104.00,7.7870,-10.4620,12.6350,-172.120,72.660,23.970,462
28114.00,11.1110,-9.6840,13.3350,-126.130,-1.520,-40.050,462
28124.00,12.3640,-6.7360,12.4000,-87.950,-67.460,-84.840,462
28134.00,-7.1490,-4.0170,8.5220,-106.170,-117.420,-78.430,462
28144.00,-1.9890,-3.7010,3.0730,-177.150,-154.570,-70.030,462
28154.00,8.1090,-5.1480,0.1770,-247.570,-133.120,-55.630,463
28164.00,7.4580,-8.3980,-6.3570,-302.870,-92.830,-7.350,463
28174.00,4.6220,-9.2090,-3.6260,-187.030,128.240,42.780,463
28184.00,6.6830,-10.4260,-3.1630,-86.550,199.600,76.850,463
28194.00,7.9200,-10.4370,-2.4230,-89.540,267.800,99.600,463
28204.00,5.2070,-8.1590,4.1100,-20.010,327.670,136.340,464
28214.00,-0.0050,-10.5000,9.5030,27.070,327.670,208.940,464
28224.00,1.7130,-12.4910,11.8910,-19.940,286.300,231.450,464
28234.00,3.5530,-13.8500,12.7580,-2.390,183.680,213.070,464
28244.00,5.2300,-15.5620,10.9280,60.790,37.660,189.410,464
28254.00,0.1330,-17.9550,6.6710,57.730,-90.990,160.560,465
28264.00,0.1050,-16.6660,2.3310,30.590,-143.690,83.170,465
28274.00,0.0550,-13.8750,-0.4660,66.650,-149.320,17.350,465
28284.00,-0.6380,-13.3000,-2.9190,154.700,-129.900,-2.310,465
28294.00,0.0310,-14.8300,-0.5700,244.440,-85.360,-4.060,465
28304.00,0.2900,-15.0260,0.8120,236.090,-44.340,-26.960,466
28314.00,2.4220,-12.0870,1.2230,254.010,-13.450,-69.750,466
28324.00,1.7000,-6.9550,3.3720,276.160,11.670,-101.370,466
28334.00,1.0930,-6.5710,5.1730,278.040,5.280,-56.120,466
28344.00,3.8870,-7.5660,4.9010,327.670,-4.370,-6.930,466
28354.00,0.8070,-7.6770,8.0820,327.670,-11.280,1.940,467
28364.00,-0.9170,-13.5130,10.7170,327.670,-42.450,54.820,467
28374.00,2.9770,-5.1700,7.7860,327.670,-70.990,-111.240,467
28384.00,2.3770,-2.1610,5.8440,327.670,-119.890,-89.040,467
28394.00,1.9200,-7.4660,6.8920,287.350,-72.040,-0.590,467
28404.00,5.7470,-3.1720,7.4380,82.400,-30.900,-3.690,468
28414.00,3.9600,0.5980,6.2930,118.840,-56.620,-39.560,468
28424.00,3.3480,-1.3330,3.6550,50.830,-34.850,21.610,468
28434.00,1.9520,-5.6050,6.1430,45.040,19.600,72.020,468
28444.00,2.0990,-6.8720,8.5110,69.610,31.950,62.590,468
28454.00,3.0180,-4.8820,9.4950,131.540,-2.850,29.590,469
28464.00,3.0100,-2.5110,5.6860,122.830,-31.180,13.750,469
28474.00,3.3050,-1.4770,5.3640,176.620,-32.670,22.360,469
28484.00,2.3740,-1.8970,5.3980,142.340,-13.850,39.740,469
28494.00,4.2100,-3.9330,7.8560,52.250,23.040,60.540,469
28504.00,3.0130,-0.9170,3.9460,64.640,-16.060,32.230,470
28514.00,2.8050,-0.8750,1.3570,143.090,-12.170,43.800,470
28524.00,1.8920,-2.1300,6.1870,237.420,41.440,60.510,470
28534.00,1.4320,-2.6350,8.8310,185.650,74.340,66.130,470
28544.00,1.5610,-3.1390,9.5150,132.400,50.190,58.720,470
28554.00,0.6910,-3.3510,5.5640,54.190,24.810,48.800,471
28564.00,0.4280,-3.6440,5.6630,28.730,51.940,38.970,471
28574.00,0.6040,-1.0680,8.2510,-12.960,77.560,20.190,471
28584.00,0.7900,-0.5190,7.9030,-72.880,83.590,8.430,471
28594.00,0.5460,-0.2260,6.4830,-101.690,80.430,14.120,471
28604.00,0.0370,-0.2910,6.2340,-141.940,97.750,25.160,472
28614.00,-1.1480,-0.8300,8.1770,-169.970,122.360,41.470,472
28624.00,-1.9450,-3.1210,11.1560,-154.940,123.510,65.780,472
28634.00,-1.4730,-5.4410,9.4390,-130.700,79.380,68.860,472
28644.00,-1.0010,-3.2200,5.7140,-109.740,51.760,25.820,472
28654.00,-0.7930,-0.1870,6.1840,-75.030,71.340,6.840,473
28665.00,-0.8300,-0.5850,9.2840,-28.730,85.800,32.260,473
28675.00,-1.3630,-2.7620,10.4840,-2.790,69.120,58.860,473
28685.00,-1.8480,-4.5410,9.2990,-3.410,47.860,66.510,473
28695.00,-2.5000,-5.8990,8.4140,-25.070,50.200,63.400,473
28705.00,-2.3420,-6.8920,9.8380,-49.470,71.680,51.830,474
28715.00,-1.9440,-6.8650,9.5270,-75.400,71.940,29.670,474
28725.00,-1.4830,-5.6810,8.1570,-99.040,72.810,6.940,474
28735.00,-1.7320,-5.0660,10.3360,-92.180,88.000,3.140,474
28745.00,-1.1610,-6.0020,11.6450,-77.660,66.270,18.890,474
28755.00,-0.4350,-5.8990,8.9760,-85.410,22.680,20.540,475
28765.00,-0.4490,-5.2820,7.5870,-96.630,17.020,20.470,475
28775.00,-1.0490,-8.3070,9.1050,-81.440,26.050,37.970,475
28785.00,-0.6300,-10.2560,9.3270,-82.000,26.740,55.710,475
28795.00,-0.9430,-11.0150,9.7800,-90.120,21.680,33.300,475
28805.00,-0.2300,-11.1110,8.0910,-79.080,5.040,5.590,476
28815.00,-1.7850,-11.6880,7.6220,-48.870,3.570,-18.740,476
28825.00,-0.8530,-12.2690,5.9700,-65.370,5.470,-49.840,476
28835.00,-1.5480,-10.7520,6.1930,-81.020,32.410,-97.000,476
28845.00,0.6370,-9.0000,7.6430,-55.290,46.720,-130.760,476
28855.00,-1.2620,-4.9660,7.1190,-36.270,42.000,-149.600,477
28865.00,0.0810,-5.9350,8.3530,-21.050,51.800,-115.550,477
28875.00,1.1590,-6.5120,9.9460,-44.090,32.600,-89.120,477
28885.00,1.3120,-5.5650,11.3500,-93.880,-0.340,-78.100,477
28895.00,2.3160,-4.6640,10.3380,-69.540,-62.920,-64.830,477
28905.00,2.3970,-8.9390,8.5660,-83.800,-112.470,-31.620,478
28915.00,-1.1440,-8.5360,5.6630,-107.600,-128.440,-57.610,478
28925.00,1.4780,-5.7410,4.9170,-120.690,-102.400,-87.340,478
28935.00,1.4340,-6.4470,3.5280,-130.210,-69.220,-75.350,478
28945.00,1.1350,-5.6130,4.2890,-129.280,-19.170,-70.750,478
28955.00,1.1730,-4.6770,6.2290,-140.050,16.970,-51.150,479
28965.00,0.7250,-5.9970,4.8140,-137.960,11.840,-17.010,479
28975.00,0.0230,-6.7720,3.0320,-109.230,7.540,6.710,479
28985.00,1.0550,-5.7660,5.4130,-17.140,22.760,43.920,479
28995.00,0.0770,-8.5600,6.3480,-19.720,19.260,81.490,479
29005.00,-0.6430,-8.3290,7.6820,-22.460,12.860,76.820,480
29015.00,0.8750,-9.0520,9.3630,-87.600,0.080,74.210,480
29025.00,1.5570,-13.2950,7.2700,-224.480,-14.750,67.820,480
29035.00,-1.0890,-9.7300,3.3340,-219.060,-16.270,9.900,480
29045.00,0.6750,-4.7730,7.0440,59.880,-25.600,11.530,480
29055.00,0.9670,-5.0820,4.4390,119.120,-35.680,53.350,481
29065.00,1.7650,-5.1460,4.2800,179.840,-17.320,74.560,481
29075.00,-1.0730,-4.8210,6.7320,123.250,31.090,64.340,481
29085.00,13.9070,-14.8720,-1.3980,23.670,-0.150,35.620,481
29095.00,-2.9410,-12.0310,-0.3210,80.920,1.010,-116.280,481
29105.00,-1.0560,-8.4720,-1.1910,-35.620,134.340,-168.570,482
29115.00,-2.7060,-7.2090,2.4470,28.350,180.720,-116.210,482
29125.00,0.4590,-12.2270,6.1600,-75.260,233.410,-59.720,482
29135.00,-0.5850,-5.8030,11.7270,-147.190,241.530,-94.250,482
29145.00,1.3560,-6.9290,11.6290,-187.440,197.710,-58.450,482
29155.00,0.6790,-12.1110,12.9890,-73.930,111.510,6.290,483
29165.00,-0.3910,-12.0310,6.0810,-118.170,17.110,-27.380,483
29175.00,0.4490,-9.8510,6.9150,-130.650,7.560,-80.080,483
29185.00,-0.2320,-9.2860,6.0210,-145.700,4.810,-102.340,483
29195.00,0.3340,-9.0590,7.5250,-48.430,5.160,-90.680,483
29205.00,2.1900,-5.8930,3.0710,27.260,-26.940,-113.130,484
29215.00,1.7670,-4.1370,-2.1280,8.290,-28.850,-100.360,484
29225.00,1.6300,-4.2590,-1.6600,44.710,30.270,-35.750,484
29235.00,-0.7820,-7.3180,3.0920,118.310,82.960,36.500,484
29245.00,-0.0940,-10.5080,3.2390,55.490,110.320,55.420,484
29255.00,-1.0550,-9.8950,4.1770,11.620,135.920,29.600,485
29265.00,-0.7010,-9.1010,4.7380,7.260,144.620,31.020,485
29275.00,-0.7780,-8.2890,8.9140,4.840,162.540,51.040,485
29285.00,-0.8570,-10.2470,10.9340,-17.910,152.630,79.550,485
29295.00,0.2780,-10.3210,8.6830,29.150,66.620,54.090,485
29305.00,-1.4520,-12.5690,8.4470,24.830,26.250,59.230,486
29315.00,-1.1670,-13.5420,8.5160,26.110,-7.060,50.830,486
29325.00,-0.3210,-7.2050,5.4640,24.570,-48.590,9.620,486
29335.00,0.1920,-5.3950,4.2020,-7.360,-54.580,37.530,486
29345.00,0.3180,-5.4670,3.9120,8.730,-49.400,90.310,486
29355.00,-0.0740,-7.2440,3.1150,24.790,-43.800,127.740,487
29365.00,-1.2400,-9.0610,1.4260,30.410,-28.470,138.210,487
29375.00,-2.1360,-9.9570,3.2420,74.950,9.200,127.740,487
29385.00,-3.2050,-9.6900,5.2960,184.250,24.600,127.780,487
29395.00,-3.6570,-10.4380,4.9250,239.750,27.630,125.490,487
29405.00,-3.8540,-12.2500,5.3990,262.500,38.620,87.690,488
29415.00,-3.1680,-11.2510,7.2560,240.830,50.060,21.260,488
29425.00,-3.3890,-10.1560,6.7560,152.460,44.810,-28.960,488
29435.00,-2.5960,-7.7150,8.4150,129.780,38.950,-72.710,488
29445.00,-2.5200,-5.6080,9.8950,113.240,18.390,-65.880,488
29455.00,-2.2020,-6.2640,9.7370,91.660,-19.840,-25.110,489
29465.00,-2.4460,-5.5530,9.8620,45.020,-34.640,2.020,489
29475.00,-2.5260,-6.4270,8.4350,43.200,-51.710,15.270,489
29485.00,-3.3690,-7.5110,4.9770,104.300,-66.910,18.960,489
29495.00,-3.6380,-9.0620,5.8100,153.590,-49.010,18.670,489
29505.00,-3.5070,-7.7750,8.0750,142.530,-24.460,2.300,490
29515.00,-3.0840,-6.4000,6.5270,178.180,-23.930,-13.700,490
29525.00,-3.0990,-6.0410,5.9900,239.030,-15.950,-15.870,490
29535.00,-2.1080,-3.6490,7.5960,269.790,-6.350,-22.730,490
29545.00,-2.2380,-2.5370,6.7620,321.870,-4.300,-24.500,490
29555.00,-2.5480,-4.0740,7.0610,327.670,2.380,-13.450,491
29565.00,-2.2300,-2.2740,7.0790,327.670,4.970,-27.540,491
29575.00,-1.7910,-0.2380,7.7260,327.670,7.560,-25.480,491
29585.00,-2.3950,-1.2890,8.2510,327.670,3.530,4.320,491
29595.00,-2.5950,-2.5170,8.3190,327.670,10.130,11.670,491
29605.00,-2.8110,-2.7720,10.7490,254.390,8.830,10.700,492
29615.00,-2.3520,-1.3300,8.9620,240.690,-33.210,-5.350,492
29625.00,-1.5170,1.2200,6.4430,226.200,-29.240,-5.350,492
29635.00,-1.9020,-1.8240,10.3330,142.660,19.350,22.730,492
29645.00,-2.2490,-2.1240,9.6570,95.980,0.330,12.000,492
29655.00,-2.0350,0.3660,9.7620,31.570,-10.440,1.030,493
29665.00,-1.6900,0.3580,9.6860,19.770,-12.240,5.260,493
29675.00,-1.1740,-0.2300,8.6810,25.980,-16.290,12.510,493
29686.00,-0.7090,0.8610,8.8300,5.210,-15.990,10.720,493
29696.00,-1.2160,-0.7480,8.8110,-7.480,-15.620,17.880,493
29706.00,-1.1050,-1.9950,8.3720,-19.380,-13.350,17.550,494
29716.00,-0.7680,-0.4610,8.8190,-38.230,-11.000,3.580,494
29726.00,-0.9050,-0.4600,9.6440,-36.800,-14.640,2.220,494
29736.00,-0.8430,0.5030,9.9190,-34.220,-21.340,4.260,494
29746.00,-0.5030,1.2210,11.1420,-27.980,-25.980,10.670,494
29756.00,-0.5690,0.8190,10.7700,-20.030,-38.140,21.080,495
29766.00,-0.2580,0.6740,10.3100,0.680,-45.700,26.240,495
29776.00,0.4530,1.2230,10.1870,30.390,-49.330,29.800,495
29786.00,0.4010,-1.8040,10.6660,107.500,-47.310,78.640,495
29796.00,-0.2400,-4.2650,9.9510,81.650,-63.970,91.260,495
29806.00,0.4050,-2.7080,9.5430,21.240,-66.720,52.900,496
29816.00,1.1230,-0.2510,11.2400,-38.350,-54.520,20.310,496
29826.00,1.6920,0.0740,10.0790,-67.210,-58.180,17.180,496
29836.00,1.5640,0.6890,9.0420,-35.050,-48.260,12.560,496
29846.00,2.4440,2.6020,11.5440,22.100,-5.170,18.090,496
29856.00,1.8190,-0.5710,11.0970,50.660,3.570,46.260,497
29866.00,1.4760,-1.0150,9.6200,44.880,-0.520,46.950,497
29876.00,1.2100,-0.1840,11.0100,31.600,13.910,33.960,497
29886.00,0.7770,-0.1800,12.5870,31.850,17.640,36.390,497
29896.00,0.3260,-1.4560,12.4300,33.540,7.630,41.870,497
29906.00,-0.2950,-1.8010,11.6010,18.110,-1.830,36.180,498
29916.00,0.1450,-2.6220,10.8820,6.730,-15.180,28.920,498
29926.00,0.1470,0.1120,10.8030,0.470,-12.280,13.070,498
29936.00,0.4860,0.2560,11.6310,12.070,-8.830,16.150,498
29946.00,0.4670,-0.4660,11.2470,23.870,-17.620,15.640,498
29956.00,0.4300,0.0810,10.5320,19.420,-24.720,7.130,499
29966.00,0.4880,0.4530,10.2680,14.420,-25.810,6.840,499
29976.00,0.4190,0.9030,10.5300,14.540,-25.770,14.120,499
29986.00,-0.1620,-0.6370,10.4630,46.930,-29.240,15.060,499
29996.00,-0.2170,-0.2390,9.9380,48.540,-30.410,0.830,499
30006.00,-0.2000,-0.3240,9.8090,53.760,-27.820,-9.010,500
30016.00,-0.2620,-0.4420,9.0300,49.660,-28.660,-19.770,500
30026.00,-0.1850,0.0800,9.0550,27.300,-24.460,-23.200,500
30036.00,0.1470,-0.7330,9.1960,-1.640,-22.870,-17.930,500
30046.00,0.5760,1.6410,7.9010,-17.840,-23.780,-36.240,500
30056.00,0.7400,2.0980,8.8360,-13.560,-13.380,-26.950,501
30066.00,0.3510,0.1010,8.7600,-8.690,-13.310,-5.750,501
30076.00,0.5150,0.9220,9.7660,-25.190,-8.390,-10.780,501
30086.00,0.5090,1.4790,9.5040,-22.200,-7.990,-10.300,501
30096.00,0.2940,1.0730,8.9940,12.860,-1.530,-4.350,501
30106.00,0.3480,0.9790,9.6770,56.920,8.340,0.200,502
30116.00,0.3270,0.5500,10.5060,56.050,12.230,9.950,502
30126.00,0.3120,0.9760,9.8580,40.110,8.960,10.420,502
30136.00,0.5160,0.7680,10.5950,32.020,14.350,15.170,502
30146.00,0.2590,-0.2090,10.3050,2.950,12.670,20.400,502
30156.00,0.2400,0.4490,10.1650,-17.410,12.320,12.730,503
30166.00,0.3320,0.6410,10.7720,-17.810,15.080,9.290,503
30176.00,0.3020,0.3780,11.1250,-22.570,12.460,7.620,503
30186.00,0.2720,1.1500,10.9980,-23.270,2.290,-2.240,503
30196.00,0.4180,0.7380,10.8940,2.080,1.610,4.250,503
30206.00,0.2880,-0.0860,10.2970,9.320,-0.830,7.310,504
30216.00,0.3820,-0.0260,9.8500,9.290,0.980,4.820,504
30226.00,0.5310,0.7630,10.0940,13.580,3.790,2.010,504
30236.00,0.5260,0.9350,10.2070,15.150,3.230,3.320,504
30246.00,0.1590,0.1250,10.5270,9.520,0.890,3.070,504
30256.00,0.1750,0.6870,10.5230,3.550,-4.510,-6.720,505
30266.00,0.3580,1.0790,10.5020,-5.580,-4.510,-6.310,505
30276.00,0.2820,0.8730,10.9770,-11.560,-1.870,-3.160,505
30286.00,0.2830,0.6540,10.6080,-14.380,-6.890,-5.250,505
30296.00,0.3060,0.3550,10.1520,-24.480,-9.530,-8.100,505
30306.00,0.4590,0.5760,9.8560,-28.310,-9.220,-12.600,506
30316.00,0.5100,0.5920,9.6590,-25.120,-7.220,-12.600,506
30326.00,0.5120,0.6120,9.0870,-22.570,-2.650,-9.130,506
30336.00,0.4660,0.1720,9.6470,-25.960,5.960,-4.970,506
30346.00,0.5270,0.9760,9.8240,-28.590,7.450,-8.340,506
30356.00,0.4210,0.8350,10.5750,-12.980,9.450,-3.920,507
30366.00,0.3330,0.5090,10.7180,2.730,5.190,3.070,507
30376.00,0.1680,0.2890,10.6750,15.610,-0.590,6.420,507
30386.00,0.0010,-1.0000,9.9430,24.690,-5.910,3.720,507
30396.00,0.2330,-0.3990,9.7900,2.340,-10.670,-5.820,507
30406.00,0.2690,-0.0530,9.7290,-9.220,-10.720,-10.390,508
30416.00,0.3070,0.4270,9.7840,-14.570,-9.690,-11.930,508
30426.00,0.2910,0.2500,9.5770,-11.470,-7.970,-7.050,508
30436.00,0.3480,-0.1490,9.3420,-7.990,-5.350,-3.010,508
30446.00,0.3980,-0.2710,9.1780,-13.610,-3.000,-5.680,508
30456.00,0.5640,0.4980,8.9120,-15.430,-0.730,-9.940,509
30466.00,0.5990,0.6240,9.5650,-2.690,3.460,-6.630,509
30476.00,0.4530,0.4220,9.8400,6.490,2.670,-2.800,509
30486.00,0.3140,0.0680,9.6380,14.660,0.310,-0.220,509
30496.00,0.2330,0.0890,9.8780,20.330,0.610,-0.570,509
30506.00,0.2350,0.1260,10.2660,24.090,0.490,-1.080,510
30516.00,0.2000,-0.0880,10.1610,20.680,-1.410,-0.980,510
30526.00,0.1410,0.0080,9.8910,10.650,-1.670,-2.660,510
30536.00,0.2320,-0.0140,10.1980,0.820,0.010,-3.510,510
30546.00,0.3810,0.3970,9.9720,-7.550,-0.340,-6.730,510
30556.00,0.4570,0.2750,9.7240,-11.050,0.260,-6.800,511
30566.00,0.6200,0.5440,9.7970,-10.530,1.190,-8.480,511
30576.00,0.6750,0.7070,9.5960,-7.780,0.820,-7.290,511
30586.00,0.4840,0.5580,10.6930,2.570,2.460,-4.560,511
30596.00,0.3300,0.0160,10.7010,14.360,0.770,0.520,511
30606.00,0.2300,-0.0430,10.2440,18.720,-2.230,-1.730,512
30616.00,0.3980,0.1360,10.4170,23.970,-1.450,-4.070,512
30626.00,0.4730,0.2330,9.8730,24.600,-2.970,-4.460,512
30636.00,0.6470,0.4090,9.8710,18.900,-1.080,-3.300,512
30646.00,0.6970,0.4910,9.7140,9.870,0.330,-2.220,512
30656.00,0.6670,0.5100,9.7960,5.070,2.620,0.060,513
30666.00,0.5580,0.3960,10.2220,2.600,4.720,2.010,513
30676.00,0.4830,0.4510,10.5120,2.920,4.140,2.250,513
30686.00,0.4040,0.2260,10.2950,10.790,1.760,2.710,513
30697.00,0.4010,0.2810,10.6640,17.340,0.840,1.080,513
30707.00,0.3540,0.3670,10.4930,18.250,-1.970,-1.060,514
30717.00,0.3780,0.5700,10.4930,22.290,-3.280,-2.180,514
30727.00,0.4040,0.4680,10.0910,29.570,-4.320,-2.340,514
30737.00,0.3970,0.3880,10.3410,25.020,-1.390,-1.520,514
30747.00,0.3840,0.5690,10.7920,17.990,-0.010,-2.110,514
30757.00,0.4450,0.4050,10.5770,14.540,-3.000,-1.240,515
30767.00,0.4920,0.3660,10.2160,5.950,-4.960,-0.870,515
30777.00,0.5680,0.4860,10.1570,-0.620,-4.350,-0.890,515
30787.00,0.5680,0.5210,9.7310,0.290,-4.820,-0.010,515
30797.00,0.4960,0.4900,10.0450,9.530,-2.180,0.540,515
30807.00,0.3960,-0.1540,10.2590,10.500,-3.440,-0.080,516
30817.00,0.4960,0.6220,9.4370,7.570,-6.660,-8.890,516
30827.00,0.5630,0.7140,9.5670,16.150,-3.000,-8.200,516
30837.00,0.5640,0.5430,9.5880,23.430,-0.540,-5.910,516
30847.00,0.5340,0.5040,9.4660,27.030,1.080,-6.820,516
30857.00,0.5800,0.3700,9.4910,30.430,3.860,-6.820,517
30867.00,0.6420,0.4190,9.3120,34.660,4.510,-9.740,517
30877.00,0.7560,0.8800,9.8340,28.450,7.560,-13.140,517
30887.00,0.7470,1.1700,10.0790,21.840,7.220,-11.210,517
30897.00,0.5730,0.7130,10.1270,24.740,4.270,-5.740,517
30907.00,0.4170,0.4470,10.4420,19.350,3.250,-3.020,518
30917.00,0.3930,0.6080,10.4970,9.290,1.500,-4.810,518
30927.00,0.4580,0.9270,10.5930,0.080,-0.830,-7.310,518
30937.00,0.5690,1.3020,10.4060,-5.730,-3.160,-7.660,518
30947.00,0.6280,1.0680,9.8970,-4.040,-3.740,-4.600,518
30957.00,0.7760,1.3380,9.6500,1.520,-2.670,-5.140,519
30967.00,0.8350,1.4540,9.7680,8.170,-0.260,-3.060,519
30977.00,0.7440,1.0540,9.7500,7.850,1.240,0.500,519
30987.00,0.6990,1.4400,10.3210,4.490,3.320,0.240,519
30997.00,0.6620,1.2990,10.4130,9.730,2.480,1.030,519
31007.00,0.5980,0.9320,10.0330,11.370,0.240,3.130,520
31017.00,0.6040,1.0010,10.0340,9.520,1.310,4.180,520
31027.00,0.5200,0.7520,10.0800,4.040,0.030,0.340,520
31037.00,0.4470,0.9870,10.3390,-4.160,0.610,-3.370,520
31047.00,0.4540,0.9880,10.3100,-2.270,0.660,-0.450,520
31057.00,0.5040,1.0270,9.8910,-3.740,-0.590,-0.330,521
31067.00,0.5190,0.8690,9.8680,-5.930,0.780,-0.210,521
31077.00,0.4490,0.7380,9.9300,-9.720,2.080,-1.500,521
31087.00,0.4430,0.8080,10.0730,-11.020,2.450,-2.710,521
31097.00,0.4410,0.8860,9.6410,-8.380,1.540,-2.410,521
31107.00,0.4610,0.7950,10.1020,-2.760,3.160,-2.060,522
31117.00,0.3480,0.6000,9.9490,-0.660,0.940,-1.430,522
31127.00,0.3630,0.6200,9.8360,4.420,-0.640,-1.270,522
31137.00,0.4030,0.9460,10.0510,6.680,-0.820,-1.550,522
31147.00,0.3250,0.8430,10.3140,9.320,-0.450,1.320,522
31157.00,0.2580,0.4230,10.3460,10.830,-1.170,2.990,523
31167.00,0.3780,0.6320,10.3250,7.150,-2.300,-0.660,523
31177.00,0.5080,0.9470,10.1440,2.150,-2.250,-1.380,523
31187.00,0.5270,0.5690,9.7710,1.010,-0.870,0.850,523
31197.00,0.6310,0.8960,10.0030,-1.710,3.080,-3.830,523
31207.00,0.7330,1.2750,10.2400,-0.830,3.430,-3.010,524
31217.00,0.6340,1.0030,9.9840,1.570,3.040,0.010,524
31227.00,0.5740,0.6440,10.2830,5.320,3.710,0.340,524
31237.00,0.6070,0.9940,10.0900,4.880,2.100,-2.110,524
31247.00,0.5490,0.7980,10.2070,8.400,2.150,-0.630,524
31257.00,0.4970,0.6380,10.3130,8.960,1.800,-0.140,525
31267.00,0.4570,0.7510,10.3270,5.790,0.730,-1.330,525
31277.00,0.4210,0.9230,10.2780,4.970,0.640,-0.080,525
31287.00,0.4090,0.3390,10.5220,4.600,1.060,2.340,525
31297.00,0.5350,1.2030,9.5600,0.710,-2.690,-5.820,525
31307.00,0.5680,0.8250,10.1640,-2.640,1.190,-3.200,526
31317.00,0.6660,1.2400,9.7890,-3.580,0.630,-3.790,526
31327.00,0.5990,1.2210,9.6340,-1.240,2.500,-1.780,526
31337.00,0.5140,0.8440,10.0820,4.480,4.790,0.690,526
31347.00,0.5280,1.0500,10.0040,4.480,3.180,-0.450,526
31357.00,0.3380,0.6320,9.9320,4.020,2.690,0.520,527
31367.00,0.3050,0.6680,10.2650,6.420,2.870,-0.710,527
31377.00,0.3090,0.7680,10.1650,7.730,0.770,-0.960,527
31387.00,0.3200,0.6490,10.0230,6.790,0.630,1.170,527
31397.00,0.4830,1.0040,9.6100,-0.870,0.150,-4.350,527
31407.00,0.5200,0.8940,9.9080,-2.320,2.740,-2.620,528
31417.00,0.5810,1.0880,9.5370,-0.660,2.240,-2.430,528
31427.00,0.5730,1.1910,9.6040,2.830,4.530,-1.780,528
31437.00,0.3640,0.7030,10.2670,8.060,6.350,0.310,528
31447.00,0.3640,0.8470,10.3680,9.100,3.130,-0.610,528
31457.00,0.3030,0.8930,10.2250,11.230,0.400,-0.280,529
31467.00,0.3660,0.8730,10.3960,13.540,0.330,0.500,529
31477.00,0.3980,0.6170,10.4090,10.850,-0.060,1.570,529
31487.00,0.4800,0.8430,10.0830,5.510,-2.430,-2.170,529
31497.00,0.6300,0.7580,9.9550,1.550,-1.900,-2.900,529
31507.00,0.7950,1.0300,9.4940,-0.500,-1.880,-3.850,530
31517.00,0.8410,1.1190,9.2570,-3.630,0.470,-2.530,530
31527.00,0.7740,1.1560,9.5160,-3.000,4.000,-1.710,530
31537.00,0.6470,1.0570,9.8660,1.260,5.680,-1.760,530
31547.00,0.4490,0.8800,10.0280,5.230,4.860,-0.840,530
31557.00,0.3900,0.8740,10.1950,8.730,3.290,-0.940,531
31567.00,0.3190,0.7900,9.8770,11.160,1.620,-0.990,531
31577.00,0.2930,0.7090,10.0880,11.930,2.800,-0.920,531
31587.00,0.3700,0.8870,9.7450,8.480,1.920,-2.950,531
31597.00,0.4460,1.1490,9.5670,9.920,6.490,-3.720,531
31607.00,0.4590,1.3680,9.9640,12.400,8.220,-4.210,532
31617.00,0.3790,1.5020,10.1450,10.760,8.990,-2.040,532
31627.00,0.1800,1.1710,10.1220,10.580,10.790,4.110,532
31637.00,0.0990,0.9730,10.4560,15.620,12.630,6.220,532
31647.00,0.0550,0.9420,10.6910,14.960,11.070,4.000,532
31657.00,0.0640,1.2810,10.7980,10.810,8.470,1.460,533
31667.00,0.0590,1.1660,10.8700,8.690,6.380,2.320,533
31677.00,0.0560,1.0640,10.8430,6.100,3.880,1.040,533
31687.00,0.1850,1.2900,10.5810,7.210,0.770,-0.920,533
31697.00,0.2670,1.2890,10.3200,6.980,-0.240,-0.770,533
31707.00,0.3580,1.4390,9.9230,8.200,0.490,-0.840,534
31717.00,0.3960,1.3900,10.4850,13.560,2.880,0.200,534
31727.00,0.2380,1.0990,9.9110,13.590,0.150,-0.310,534
31738.00,0.2270,0.8390,10.2860,8.550,3.600,-0.500,534
31748.00,0.3130,1.5130,10.4240,6.380,2.950,-2.870,534
31758.00,0.1850,1.2500,10.4500,5.490,1.290,-1.060,535
31768.00,0.1600,0.7760,10.5210,7.070,0.330,0.680,535
31778.00,0.3010,0.9820,10.3400,3.010,-2.390,-2.600,535
31788.00,0.4040,1.2920,10.0610,-2.160,-4.420,-5.120,535
31798.00,0.3630,1.2150,10.2340,-1.730,-2.920,-2.710,535
31808.00,0.2930,0.7520,9.9510,1.450,-3.560,-1.620,536
31818.00,0.3600,1.1050,9.7860,2.220,-3.210,-3.710,536
31828.00,0.3920,1.2020,10.0880,2.080,-1.130,-3.790,536
31838.00,0.3390,1.0550,9.6860,0.870,-1.080,-3.600,536
31848.00,0.3480,1.1830,9.8810,1.330,1.400,-4.930,536
31858.00,0.3250,1.3240,10.2400,0.490,2.640,-5.250,537
31868.00,0.2410,1.0450,10.0660,0.380,1.730,-4.060,537
31878.00,0.2340,0.8920,9.9140,-1.660,1.470,-4.910,537
31888.00,0.2780,1.1850,10.0760,-1.740,1.690,-6.560,537
31898.00,0.2170,0.9600,10.1120,-0.400,0.660,-4.830,537
31908.00,0.1560,0.8010,10.0420,-1.830,-0.150,-4.810,538
31918.00,0.2120,1.1270,10.2290,-4.820,0.490,-6.720,538
31928.00,0.2760,1.4520,10.3830,-2.440,-0.520,-8.500,538
31938.00,0.3210,1.3380,10.0780,0.350,-1.870,-7.350,538
31948.00,0.3370,1.1740,9.5940,1.690,-1.130,-5.680,538
31958.00,0.3980,1.3220,9.8120,1.590,1.500,-6.310,539
31968.00,0.2460,1.0920,10.2340,1.970,2.200,-5.890,539
31978.00,0.2300,0.8940,10.0760,2.800,-0.010,-4.760,539
31988.00,0.2470,1.0670,10.1090,3.480,-1.130,-5.880,539
31998.00,0.2650,0.9530,10.0970,5.250,-2.200,-4.350,539
32008.00,0.3090,0.8560,9.8290,3.620,-2.160,-4.950,540
32018.00,0.4210,1.1370,9.7770,0.700,-1.080,-7.030,540
32028.00,0.5260,1.7040,10.1190,-0.060,0.330,-7.280,540
32038.00,0.4680,1.3100,10.5090,2.030,-0.190,-3.410,540
32048.00,0.4420,0.9040,10.0660,0.380,-2.200,-2.590,540
32058.00,0.6610,0.8260,10.1670,-0.520,-3.130,-7.030,541
32068.00,0.8410,1.5720,10.2320,-5.280,-3.760,-10.950,541
32078.00,0.9780,1.4420,10.2800,-3.560,-3.280,-6.520,541
32088.00,1.1130,1.2530,10.7120,0.210,-3.110,-4.130,541
32098.00,1.1280,1.3710,10.4500,2.740,-5.800,-2.870,541
32108.00,1.1040,1.0820,10.7540,7.800,-4.890,0.010,542
32118.00,0.9890,1.1300,11.0420,8.030,-6.800,-0.610,542
32128.00,1.1280,1.8120,11.1350,7.800,-10.250,-3.370,542
32138.00,1.0890,1.5340,11.2820,9.270,-11.180,1.570,542
32148.00,1.2340,1.7320,10.8130,10.290,-13.770,3.040,542
32158.00,1.2890,1.5290,10.2740,6.540,-13.920,5.520,543
32168.00,1.2330,0.9790,10.1220,-0.080,-12.470,5.820,543
32178.00,1.2490,1.6630,10.1700,-10.950,-11.630,0.400,543
32188.00,1.1370,1.5210,10.4740,-17.690,-9.620,3.790,543
32198.00,0.7770,0.6560,10.2040,-24.740,-14.450,7.290,543
32208.00,0.6110,0.0720,10.1470,-25.890,-16.640,8.620,544
32218.00,0.5820,0.0500,9.9290,-28.220,-19.540,6.150,544
32228.00,0.6470,0.3030,9.2140,-27.070,-21.520,4.390,544
32238.00,0.6790,0.1080,9.2430,-18.320,-19.170,5.090,544
32248.00,0.6530,-0.0280,9.6100,-13.990,-18.320,6.220,544
32258.00,0.5040,-0.5390,9.2820,-10.830,-21.660,8.270,545
32268.00,0.4170,-1.3800,8.2750,-6.630,-26.170,9.040,545
32278.00,0.6720,-1.2030,7.7190,-8.570,-27.540,3.350,545
32288.00,0.8370,-0.4490,7.6950,-11.580,-26.800,-2.380,545
32298.00,0.7470,-1.2800,7.6700,-11.930,-28.890,2.580,545
32308.00,0.9200,-1.1180,6.5330,-16.720,-36.180,0.710,546
32318.00,0.9110,-1.8200,7.1250,-22.410,-33.720,2.740,546
32328.00,1.0820,-0.6530,7.6760,-30.390,-42.470,-6.590,546
32338.00,1.1150,-0.0190,6.9040,-32.350,-49.750,-9.250,546
32348.00,1.1340,-1.0190,6.7010,1.170,-46.580,-6.370,546
32358.00,1.2510,-1.0440,6.3940,19.670,-45.060,-12.050,547
32368.00,1.5020,-0.5310,5.0220,30.570,-46.600,-18.020,547
32378.00,1.5000,-0.9870,3.6570,47.280,-38.140,-20.510,547
32388.00,1.6100,-0.9110,2.7610,44.150,-21.500,-26.740,547
32398.00,1.7650,0.3620,3.2940,32.770,6.420,-34.160,547
32408.00,1.5990,0.9000,4.2720,27.590,10.230,-31.460,548
32418.00,1.9660,2.6840,6.3340,30.990,13.960,-29.290,548
32428.00,1.6410,2.1410,6.6140,33.840,12.140,-17.480,548
32438.00,1.4720,1.2960,6.3380,39.000,12.680,-8.540,548
32448.00,1.5790,0.8290,5.0350,32.490,16.670,-5.910,548
32458.00,1.6220,1.1330,3.1100,16.800,26.370,-7.680,549
32468.00,1.2900,1.5380,3.1030,17.780,44.590,-12.420,549
32478.00,0.8080,1.7080,4.9000,22.030,61.370,-17.720,549
32488.00,0.2840,1.7800,6.9390,26.490,68.350,-22.760,549
32498.00,0.1670,2.3010,8.5670,33.740,65.710,-28.500,549
32508.00,0.1250,2.8960,9.4320,41.280,61.110,-28.680,550
32518.00,0.1360,3.0690,10.2370,51.450,57.800,-26.490,550
32528.00,0.1370,2.8360,10.0070,55.870,54.260,-25.580,550
32538.00,0.2390,3.0810,8.6480,48.190,54.190,-24.720,550
32548.00,0.5060,3.8880,8.2810,42.570,61.980,-22.780,550
32558.00,0.6480,4.3080,8.8160,46.910,72.240,-18.830,551
32568.00,0.2720,4.5640,10.3070,46.350,81.320,-14.730,551
32578.00,0.0660,4.9720,13.2650,54.810,85.780,-10.340,551
32588.00,-0.3700,4.0820,14.1950,57.520,77.960,2.650,551
32598.00,-0.6480,3.2430,14.0860,52.570,69.940,0.920,551
32608.00,-0.4050,3.7830,13.4630,33.300,57.620,-1.590,552
32618.00,-0.3920,4.0030,12.8840,32.600,55.590,0.120,552
32628.00,-0.7830,2.9520,12.0580,31.270,54.630,5.030,552
32638.00,-1.0450,2.8960,12.6360,29.120,55.790,1.710,552
32648.00,-1.1290,3.2270,13.3590,25.510,51.880,-2.800,552
32658.00,-1.2230,2.8050,12.5630,20.440,43.800,0.410,553
32668.00,-1.1210,3.0180,12.3400,13.910,43.430,1.620,553
32678.00,-1.2040,4.3220,13.2750,12.440,47.860,10.510,553
32688.00,-1.5520,1.5660,12.7170,33.650,41.660,16.950,553
32698.00,-0.9960,4.4140,13.7270,51.600,41.750,-15.060,553
32708.00,-1.4420,3.1260,12.3970,48.070,31.930,-4.340,554
32718.00,-1.6600,2.7190,11.5450,35.050,30.240,1.800,554
32728.00,-1.9580,2.6440,11.5340,23.590,32.410,3.040,554
32738.00,-2.4500,1.8580,11.4610,13.890,30.200,3.770,554
32748.00,-2.4290,1.8580,11.0890,8.080,25.180,-0.330,554
32759.00,-2.3490,1.9250,10.8350,10.670,19.980,-4.480,555
32769.00,-1.9410,2.4450,10.4590,18.910,13.940,-7.750,555
32779.00,-1.8600,2.1990,9.3670,27.540,8.520,-6.420,555
32789.00,-1.7860,2.4670,9.0710,32.950,8.920,-7.710,555
32799.00,-1.5870,3.2620,9.5490,35.350,11.670,-9.310,555
32809.00,-1.5090,3.3840,10.1020,35.260,19.070,-8.030,556
32819.00,-1.5610,3.5120,10.6030,37.550,20.590,-8.260,556
32829.00,-1.6250,3.7300,11.4350,37.010,20.980,-8.100,556
32839.00,-1.9360,3.0200,11.0640,31.920,16.900,-5.650,556
32849.00,-2.0110,2.8580,10.9790,30.310,13.930,-7.520,556
32859.00,-2.0090,2.8960,10.8390,31.090,10.720,-11.270,557
32869.00,-2.0050,2.8830,10.7560,33.040,7.730,-13.000,557
32879.00,-2.1840,2.6790,10.0250,33.330,4.550,-13.510,557
32889.00,-1.9620,3.3770,10.4620,35.100,5.390,-17.900,557
32899.00,-1.8640,3.2960,9.9050,35.330,2.640,-16.730,557
32909.00,-1.7060,3.5160,9.6750,35.770,2.620,-17.440,558
32919.00,-1.5250,3.8540,9.7120,35.420,3.690,-18.600,558
32929.00,-1.3690,4.2220,9.8320,35.730,5.420,-18.840,558
32939.00,-1.3970,4.6420,10.4390,34.650,8.480,-18.110,558
32949.00,-1.3480,4.9360,11.1180,31.040,10.110,-16.150,558
32959.00,-1.3910,4.5580,10.6500,25.690,8.480,-11.280,559
32969.00,-1.4200,4.5260,10.4680,22.030,10.760,-10.090,559
32979.00,-1.4180,4.5510,10.8820,21.640,14.360,-9.900,559
32989.00,-1.5190,4.0540,10.6490,19.420,15.480,-7.010,559
32999.00,-2.1660,3.8500,11.8070,20.540,17.320,-6.870,559
33009.00,-2.4250,4.0310,12.3900,16.530,14.310,-9.220,560
33019.00,-2.3110,4.5970,12.9600,13.790,9.340,-11.950,560
33029.00,-2.1160,4.5900,12.3690,11.550,1.360,-9.940,560
33039.00,-1.8830,5.0670,12.9690,10.340,-1.590,-9.150,560
33049.00,-1.8650,4.9890,13.6450,12.950,-6.400,-6.170,560
33059.00,-1.8250,4.7920,13.4270,10.150,-13.010,-2.690,561
33069.00,-1.6900,4.8490,13.2560,10.270,-16.530,-1.590,561
33079.00,-1.5720,4.8960,13.5080,8.730,-18.040,-1.660,561
33089.00,-1.4820,5.0690,13.6650,4.950,-20.540,-1.380,561
33099.00,-1.5310,4.9770,13.8300,-1.520,-21.330,0.820,561
33109.00,-1.4930,5.3320,14.8530,-8.030,-21.480,0.800,562
33119.00,-1.5020,5.6840,15.3520,-17.670,-25.460,2.550,562
33129.00,-1.5850,5.1260,14.6390,-26.510,-32.580,8.110,562
33139.00,-1.6700,4.8020,14.2660,-31.670,-37.010,9.970,562
33149.00,-1.7370,4.8570,14.3620,-34.920,-42.130,10.760,562
33159.00,-1.9110,4.2670,13.5150,-38.790,-49.240,13.350,563
33169.00,-1.9580,4.1430,12.8000,-40.580,-53.000,11.790,563
33179.00,-1.8830,4.1090,12.7810,-43.080,-54.540,8.740,563
33189.00,-1.6770,4.3190,12.6910,-47.930,-56.920,6.260,563
33199.00,-1.7940,3.6290,11.9980,-50.450,-60.670,8.550,563
33209.00,-1.6850,3.5350,11.5900,-52.600,-64.900,7.100,564
33219.00,-1.4970,3.3630,10.5780,-54.650,-66.860,8.520,564
33229.00,-1.3020,3.5910,10.5840,-56.900,-63.620,6.990,564
33239.00,-1.3590,2.9910,10.5790,-53.980,-61.420,4.370,564
33249.00,-1.0240,3.6250,10.6950,-44.760,-60.950,-5.020,564
33259.00,-0.8070,3.2050,10.3050,-42.890,-61.140,-4.620,565
33269.00,-0.6160,2.8660,9.6710,-42.450,-58.300,-3.300,565
33279.00,-0.4710,2.8420,9.2780,-42.640,-53.600,-1.520,565
33289.00,-0.3870,2.6120,8.8740,-36.320,-49.830,-0.980,565
33299.00,-0.5120,2.7930,9.7130,-33.700,-44.300,-0.540,565
33309.00,-0.4210,2.8570,10.1520,-33.800,-42.640,0.900,566
33319.00,-0.3540,2.0630,8.4490,-36.200,-45.180,4.980,566
33329.00,-0.0530,1.9840,7.8180,-36.660,-39.300,4.440,566
33339.00,-0.2910,1.8900,7.7380,-31.980,-32.090,3.880,566
33349.00,-0.4410,2.9490,11.1070,-28.120,-23.440,-1.850,566
33359.00,-0.4610,2.9940,11.2280,-30.060,-33.440,-1.130,567
33369.00,-0.2830,1.9630,9.1400,-35.590,-45.910,3.790,567
33379.00,0.1610,1.5450,6.8590,-36.180,-48.940,2.460,567
33389.00,0.7600,1.4210,5.2970,-32.930,-41.710,0.710,567
33399.00,1.6820,1.3590,-0.8010,-23.760,-30.480,2.900,567
33409.00,0.7890,-0.3540,-1.8790,5.120,19.600,15.130,568
33419.00,-0.6320,6.4340,13.2040,37.740,73.440,-19.680,568
33429.00,-0.1610,11.0390,26.0740,36.660,57.200,-20.370,568
33439.00,-2.6660,-0.7190,14.8510,-19.790,-40.310,47.440,568
33449.00,-1.0280,-0.3740,7.5820,-44.060,-62.910,18.210,568
33459.00,0.4600,0.8920,6.9270,-48.630,-43.690,-7.570,569
33469.00,1.1310,2.1600,6.9060,-51.970,-35.640,-11.880,569
33479.00,1.3230,2.1370,6.9240,-43.670,-31.090,-9.800,569
33489.00,1.2290,1.0980,6.8140,-28.610,-26.650,-6.050,569
33499.00,1.1650,0.1040,5.8790,-13.630,-22.940,-3.670,569
33509.00,0.7630,1.6350,8.0560,-2.080,-11.810,-8.780,570
33519.00,0.6260,3.6190,13.0180,1.970,-7.940,-11.720,570
33529.00,0.2390,2.1090,12.2150,-5.350,-31.550,0.990,570
33539.00,0.3610,0.7830,9.7040,-14.970,-47.490,4.390,570
33549.00,0.9760,0.9830,8.4250,-22.710,-47.000,-0.990,570
33559.00,1.4540,1.5240,8.2220,-27.360,-42.820,-2.430,571
33569.00,1.3250,0.1240,7.5110,-24.790,-42.190,1.590,571
33579.00,1.5270,0.1790,6.9170,-14.540,-41.240,-3.550,571
33589.00,1.9050,1.0020,7.0130,-7.340,-34.220,-7.960,571
33599.00,2.1340,1.2830,7.4990,-4.260,-26.770,-5.490,571
33609.00,1.7210,1.0340,9.0380,-6.610,-21.660,-1.260,572
33619.00,1.9690,1.3920,9.3700,-10.020,-23.950,-4.580,572
33629.00,2.2020,1.6130,8.9090,-14.340,-26.960,-5.280,572
33639.00,2.3680,0.9150,7.7530,-17.860,-27.890,-1.480,572
33649.00,2.5300,1.1070,7.6290,-17.160,-23.010,-2.460,572
33659.00,2.6060,1.2030,8.0540,-14.540,-18.300,-1.850,573
33669.00,2.6220,0.8720,7.4330,-10.770,-18.320,0.590,573
33679.00,2.5540,0.7210,6.7630,-6.000,-13.150,0.340,573
33689.00,2.5180,1.5620,8.2660,-3.230,-2.990,-2.640,573
33699.00,2.4030,2.0000,9.3610,-5.000,-1.310,-1.660,573
33709.00,2.2490,1.6770,9.5400,-5.630,-3.840,1.590,574
33719.00,2.1100,1.5250,9.7680,-7.610,-6.330,2.720,574
33729.00,2.3030,1.7090,9.5590,-7.010,-9.370,1.250,574
33739.00,2.5160,1.7640,8.6760,-6.940,-12.160,2.550,574
33749.00,2.6710,1.6100,8.0610,-7.360,-10.180,4.530,574
33759.00,2.6100,1.4540,7.8800,-7.380,-5.280,5.750,575
33769.00,2.5370,1.3840,7.8730,-6.290,-0.130,6.380,575
33779.00,2.2080,0.5700,8.2500,-3.810,4.860,9.060,575
33790.00,1.9230,0.6720,8.7020,-2.320,8.260,8.240,575
33800.00,1.8490,1.6120,11.1450,0.400,11.180,4.740,575
33810.00,1.6220,-0.0200,9.3700,-2.650,-6.700,9.970,576
33820.00,1.8320,0.0590,9.4710,-4.490,-4.560,5.190,576
33830.00,1.8960,0.2950,9.4970,-4.930,-4.180,1.920,576
33840.00,2.0250,0.6160,9.5400,-3.390,-3.860,0.940,576
33850.00,2.1850,0.8120,9.5640,-0.940,-3.690,0.550,576
33860.00,2.1450,0.4860,8.8880,0.420,-3.770,1.670,577
33870.00,2.1470,0.4270,9.2870,0.630,0.870,1.200,577
33880.00,2.0650,0.6560,9.6620,-0.760,3.200,0.260,577
33890.00,2.0210,1.3250,11.0720,0.280,3.690,-1.570,577
33900.00,1.9660,1.0750,11.0560,2.390,-2.600,0.750,577
33910.00,1.7930,0.2600,10.1560,0.240,-8.270,4.020,578
33920.00,1.8920,0.4940,10.1040,-0.500,-8.710,0.380,578
33930.00,1.9930,0.6610,10.3500,-2.740,-8.590,-0.780,578
33940.00,2.0090,0.5240,9.9990,-4.930,-10.720,-0.500,578
33950.00,2.0730,0.5300,9.4540,-6.170,-10.650,-1.470,578
33960.00,2.2450,0.8140,9.5470,-6.310,-7.290,-3.270,579
33970.00,2.1930,0.7260,9.4370,-7.190,-6.890,-2.780,579
33980.00,2.1600,0.3620,9.2820,-6.610,-6.310,-1.680,579
33990.00,2.1490,0.6120,9.3900,-6.870,-5.280,-3.460,579
34000.00,2.2920,1.0930,10.0790,-5.020,-3.860,-4.840,579
34010.00,2.2490,0.8080,9.7490,-2.580,-8.710,-0.150,580
34020.00,2.2200,0.7770,9.5550,-0.330,-9.230,-0.980,580
34030.00,2.1970,0.5370,9.6440,2.250,-7.800,-2.390,580
34040.00,2.3040,0.7450,9.6740,0.400,-8.360,-3.640,580
34050.00,2.4170,1.0920,9.8330,0.570,-9.090,-3.710,580
34060.00,2.3770,0.7400,9.1890,1.400,-10.900,-1.330,581
34070.00,2.3380,0.2960,8.8000,-0.340,-9.370,-0.850,581
34080.00,2.4840,0.9350,9.0720,-0.870,-5.590,-4.270,581
34090.00,2.4640,0.9490,9.1090,-0.960,-3.350,-3.040,581
34100.00,2.4320,0.9970,9.4430,-0.590,-1.730,-1.920,581
34110.00,2.3010,0.9550,9.4990,-0.310,-1.450,-0.520,582
34120.00,2.2120,1.0690,10.3810,0.770,-0.380,-0.870,582
34130.00,2.1090,0.5080,9.8470,2.060,-5.370,0.080,582
34140.00,2.1820,0.2140,9.0830,0.220,-6.290,-0.800,582
34150.00,2.3610,0.7200,9.2630,-0.540,-3.480,-3.970,582
34160.00,2.3900,0.7400,9.4560,1.550,-2.580,-3.040,583
34170.00,2.3770,0.3630,9.2620,2.800,-2.500,-1.220,583
34180.00,2.3470,0.4540,8.8710,4.420,-2.990,-2.460,583
34190.00,2.3270,0.3840,9.1990,3.720,0.990,-3.480,583
34200.00,2.3590,0.6670,9.4320,2.730,2.430,-5.020,583
34210.00,2.4310,0.9160,9.3300,-0.150,3.710,-5.180,584
34220.00,2.3890,0.8930,9.6150,0.400,4.790,-4.130,584
34230.00,2.3480,0.9830,9.9000,0.100,4.490,-3.290,584
34240.00,2.2250,0.7580,10.1880,2.410,3.180,-2.110,584
34250.00,2.2020,0.1660,9.9960,4.770,0.210,-1.290,584
34260.00,2.2880,0.1860,9.4950,3.040,-1.130,-2.640,585
34270.00,2.5260,0.7700,9.6490,1.780,-0.190,-4.880,585
34280.00,2.5120,0.6980,9.3170,2.550,0.360,-4.070,585
34290.00,2.5920,0.9180,9.7740,2.830,3.900,-4.620,585
34300.00,2.4680,0.7480,9.5830,2.170,3.500,-3.740,585
34310.00,2.4390,0.6930,10.0130,2.290,5.390,-3.950,586
34320.00,2.3760,0.9720,10.0740,0.030,4.790,-4.560,586
34330.00,2.3920,1.1130,10.6730,0.100,4.340,-4.040,586
34340.00,2.3310,0.8260,10.4790,1.970,-0.030,-2.380,586
34350.00,2.4010,0.6170,9.9740,2.310,-3.040,-2.320,586
34360.00,2.5080,0.7040,9.5910,1.360,-2.990,-3.460,587
34370.00,2.5830,0.9170,9.5180,1.710,-1.520,-4.000,587
34380.00,2.5130,0.6120,9.4600,4.040,0.280,-2.810,587
34390.00,2.5330,0.7780,9.3900,4.950,2.080,-2.690,587
34400.00,2.4690,0.6600,9.3890,5.050,3.790,-1.870,587
34410.00,2.2490,0.7810,10.0300,1.470,6.090,-3.220,588
34420.00,2.3220,1.1230,10.4680,0.910,4.700,-4.410,588
34430.00,2.3230,0.9660,10.1810,0.430,1.900,-2.850,588
34440.00,2.3850,0.8630,10.1190,1.050,0.960,-2.150,588
34450.00,2.4080,0.8250,9.7810,1.410,-0.010,-1.400,588
34460.00,2.3300,0.3500,9.6510,-1.250,1.750,-0.280,589
34470.00,2.4030,0.8630,9.8870,-4.370,2.830,-3.110,589
34480.00,2.4650,1.1040,10.2100,-4.070,1.640,-3.110,589
34490.00,2.3840,0.7500,9.6330,-0.340,-1.100,-0.850,589
34500.00,2.3890,0.7710,9.5440,1.900,0.560,-1.430,589
34510.00,2.4400,0.9450,10.2070,2.850,3.900,-2.870,590
34520.00,2.3270,1.6360,10.7100,5.580,1.760,-6.300,590
34530.00,2.1410,0.5010,10.5700,8.820,-0.310,-1.970,590
34540.00,2.3240,0.6200,10.2590,11.620,-1.390,-1.660,590
34550.00,2.5540,1.1710,10.4240,8.570,-0.710,-2.710,590
34560.00,2.5430,0.6380,10.4430,4.860,-0.850,0.590,591
34570.00,2.5960,0.8250,10.3110,0.570,-3.270,-1.380,591
34580.00,2.6060,0.8060,10.2580,-2.710,-4.250,-0.630,591
34590.00,2.7510,0.9940,10.2790,-2.930,-4.820,-0.050,591
34600.00,2.7480,0.7040,9.7010,-2.200,-7.010,0.360,591
34610.00,2.8730,0.9640,9.4580,-0.800,-5.750,-2.530,592
34620.00,2.9690,0.6310,10.1640,2.450,-2.830,-1.080,592
34630.00,3.0420,0.9490,9.8870,2.810,-4.020,-2.590,592
34640.00,3.0780,0.8910,10.3640,1.900,-2.180,-1.680,592
34650.00,3.1070,0.9410,10.0700,2.590,-4.330,-0.910,592
34660.00,3.1010,0.8660,9.7510,2.340,-4.460,0.760,593
34670.00,3.0770,1.0420,9.8200,0.990,-2.160,1.270,593
34680.00,2.9500,0.9490,9.6700,-0.130,-2.180,2.550,593
34690.00,2.8540,0.8140,9.4730,-0.780,-2.510,3.200,593
34700.00,2.7620,0.8550,8.9470,-1.520,-3.860,2.710,593
34710.00,2.5430,0.4480,8.3660,-5.770,-3.720,4.370,594
34720.00,2.6330,1.0010,8.7800,-8.570,-1.380,3.440,594
34730.00,2.5490,0.9690,8.6790,-10.620,-3.180,5.000,594
34740.00,2.2010,0.8410,7.9570,-10.770,-4.750,5.960,594
34750.00,2.1110,0.0200,8.3460,-3.670,0.260,7.660,594
34760.00,2.0620,-0.2270,7.2760,-5.540,-2.930,7.270,595
34770.00,1.9020,-0.6480,6.5020,-9.270,-3.110,8.450,595
34780.00,1.9270,-0.5060,6.0280,-7.290,1.680,6.350,595
34790.00,1.7940,-1.0220,5.9970,-5.140,6.090,7.660,595
34800.00,1.7140,-1.0810,5.8860,-10.440,8.290,6.610,595
34811.00,1.5460,-1.6240,6.0470,-14.730,7.910,3.550,596
34821.00,1.7040,-0.9360,5.9520,-20.010,0.190,-6.750,596
34831.00,1.8950,-0.5370,5.8970,-23.710,-0.570,-8.330,596
34841.00,1.6760,-1.1530,5.0630,-28.170,-1.850,-5.350,596
34851.00,1.4730,-1.2040,4.7760,-33.370,0.070,-6.090,596
34861.00,1.6060,-1.2810,4.7720,-41.840,2.620,-3.500,597
34871.00,1.6190,-0.9420,4.3640,-49.590,4.350,-5.610,597
34881.00,1.7060,-0.5250,4.4800,-46.580,11.210,-5.260,597
34891.00,1.7990,-0.0030,5.3320,-35.820,20.800,-6.140,597
34901.00,1.7920,0.4430,5.1720,-15.110,27.260,-8.750,597
34911.00,1.8160,1.3720,6.0320,25.700,42.850,-8.520,598
34921.00,1.7080,0.7530,7.4750,66.360,55.540,-1.120,598
34931.00,1.4820,-0.2720,8.0880,70.490,57.260,-1.710,598
34941.00,1.3630,0.2630,8.3210,62.000,54.110,-10.720,598
34951.00,1.3220,0.4540,9.4240,64.220,59.150,-15.120,598
34961.00,1.4660,1.1530,10.5960,60.930,60.700,-20.750,599
34971.00,1.5620,1.6700,10.2840,60.690,55.230,-21.170,599
34981.00,1.5230,1.4170,9.7420,66.810,52.250,-13.490,599
34991.00,1.3830,1.1300,9.6000,68.930,51.710,-9.290,599
35001.00,1.3710,1.7080,10.8330,65.850,52.150,-9.110,599
35011.00,1.4240,3.1700,13.2690,62.980,46.670,-10.200,600
35021.00,1.2550,2.8650,13.6850,91.080,27.350,0.690,600
35031.00,0.9960,2.0430,12.9950,109.530,13.450,7.830,600
35041.00,0.9230,1.8110,11.4320,112.360,1.060,5.930,600
35051.00,1.0740,2.0570,9.8470,104.370,-2.570,2.110,600
35061.00,1.2070,2.3530,9.0580,98.470,3.570,1.110,601
35071.00,1.3280,2.6400,8.9630,89.120,12.420,-0.220,601
35081.00,1.4750,3.3120,9.5100,76.030,19.490,-4.040,601
35091.00,1.5430,3.6030,11.0300,64.310,24.740,-1.150,601
35101.00,1.5140,3.5120,12.0380,53.880,21.330,5.400,601
35111.00,1.5610,3.5840,13.5070,43.660,13.730,8.380,602
35121.00,1.4380,3.5480,14.9810,39.600,1.130,10.410,602
35131.00,0.9330,2.6040,15.7000,40.160,-16.970,15.150,602
35141.00,0.7340,1.8280,15.1230,39.350,-38.110,13.150,602
35151.00,0.8620,1.9040,14.1780,38.760,-55.330,6.050,602
35161.00,1.3300,2.6600,13.5780,39.980,-65.930,-0.640,603
35171.00,1.8590,2.8210,12.3940,46.270,-73.000,-0.520,603
35181.00,2.2070,2.6260,10.3640,48.380,-77.130,2.290,603
35191.00,2.3480,2.0240,7.5030,44.100,-73.620,5.860,603
35201.00,2.4460,1.2680,5.0280,38.230,-57.410,7.640,603
35211.00,3.0890,3.0740,4.5100,24.710,-30.180,3.060,604
35221.00,2.7880,3.7660,6.3850,15.450,24.480,0.850,604
35231.00,2.4500,2.1420,7.0250,25.200,35.820,9.580,604
35241.00,2.2520,2.3960,6.1960,8.660,40.840,5.090,604
35251.00,2.1430,1.8920,6.8550,18.840,46.790,2.690,604
35261.00,1.9420,2.1950,8.4380,49.420,55.940,-13.140,605
35271.00,1.7950,2.0970,8.9390,71.030,56.850,-24.110,605
35281.00,1.6130,2.7180,8.8210,77.190,52.900,-28.500,605
35291.00,1.2530,3.7110,10.5580,85.450,52.410,-30.480,605
35301.00,1.2010,5.8580,13.3160,89.120,46.110,-33.350,605
35311.00,0.5430,6.6770,14.0310,86.880,26.440,-25.460,606
35321.00,0.6480,6.8500,13.2350,87.990,7.170,-15.550,606
35331.00,1.2330,6.9940,11.6620,80.530,-1.990,-13.610,606
35341.00,1.7590,7.1270,8.8960,55.160,-5.490,-12.700,606
35351.00,2.1590,7.8660,8.3790,27.630,6.020,-18.020,606
35361.00,2.3920,9.5640,10.1730,3.360,21.170,-22.450,607
35371.00,1.7640,8.6290,10.6810,-7.540,22.780,-4.700,607
35381.00,1.0500,6.1660,10.1550,-14.920,22.820,13.080,607
35391.00,0.6600,4.7210,9.8810,-29.600,23.730,15.780,607
35401.00,0.2750,4.3400,9.8050,-34.380,23.950,10.970,607
35411.00,-0.0620,3.9970,12.0370,-21.760,24.780,8.130,608
35421.00,-0.6410,1.9740,10.7860,-9.230,-0.240,27.260,608
35431.00,-0.4940,1.4510,9.6870,-9.410,-7.430,18.540,608
35441.00,0.1530,2.9710,10.1210,-15.430,-5.050,2.180,608
35451.00,0.2830,2.6840,9.9680,-21.430,-7.850,3.620,608
35461.00,0.2290,2.5540,10.1120,-28.100,-10.860,-1.030,609
35471.00,0.0680,2.1110,10.3040,-16.480,-16.810,-4.090,609
35481.00,0.0700,1.5360,9.6170,-3.090,-24.210,-4.480,609
35491.00,0.4430,2.0560,9.1040,0.540,-28.030,-11.040,609
35501.00,0.7330,2.7450,9.2060,8.220,-28.660,-16.590,609
35511.00,0.8410,2.6340,8.9610,18.110,-29.410,-16.730,610
35521.00,1.0890,2.9810,8.4430,24.510,-27.520,-19.810,610
35531.00,1.4270,3.3220,8.2880,20.860,-21.410,-21.700,610
35541.00,1.8650,4.5270,8.1890,5.880,-14.820,-25.320,610
35551.00,1.8640,4.9840,8.7090,5.890,-8.550,-24.020,610
35561.00,1.4930,3.9200,9.1640,20.680,-5.720,-18.160,611
35571.00,1.1700,3.4730,9.3030,22.190,-4.600,-17.080,611
35581.00,1.2380,4.2490,9.9680,21.490,-3.230,-19.580,611
35591.00,1.2340,4.1940,10.0310,18.510,-4.720,-17.440,611
35601.00,1.3350,4.5210,9.5560,13.610,-5.820,-18.130,611
35611.00,1.4970,4.4240,8.9650,9.920,-2.920,-17.130,612
35621.00,1.7980,4.9110,8.7360,-12.400,9.530,-20.100,612
35631.00,1.8040,4.8930,8.8450,-15.250,18.020,-19.460,612
35641.00,1.8100,5.2180,9.4240,-14.130,25.650,-20.090,612
35651.00,1.6290,5.2860,10.0660,-11.250,29.450,-17.950,612
35661.00,1.4170,4.7590,10.1500,-3.790,28.940,-13.100,613
35671.00,1.2560,4.5770,10.4940,-1.740,28.490,-11.900,613
35681.00,1.2470,4.8090,10.9240,4.200,26.490,-12.370,613
35691.00,1.0160,4.1580,10.6670,11.580,21.800,-8.150,613
35701.00,0.8620,4.0170,10.7340,17.740,19.960,-7.680,613
35711.00,0.8390,4.1120,10.9650,24.090,18.480,-9.290,614
35721.00,0.8620,3.9930,10.5610,19.980,15.570,-9.640,614
35731.00,0.9450,4.0480,9.9300,8.220,14.700,-9.460,614
35741.00,1.0800,4.5030,9.5840,-3.060,17.110,-9.600,614
35751.00,1.1890,4.6940,9.4830,-10.230,20.980,-8.400,614
35761.00,1.0600,4.5470,9.3730,-16.460,24.790,-6.610,615
35771.00,0.9640,4.6750,9.9880,-19.800,29.100,-7.310,615
35781.00,0.8530,5.1150,11.0600,-20.680,31.110,-7.170,615
35791.00,0.6080,4.5820,11.4310,-16.220,27.700,-2.870,615
35801.00,0.4770,4.0520,11.0350,-9.020,21.570,-1.590,615
35811.00,0.4600,3.9070,10.3920,-8.550,18.110,-2.080,616
35821.00,0.7540,4.7500,10.7050,5.440,22.100,-5.930,616
35832.00,0.7470,4.2230,10.4750,4.040,19.470,-1.340,616
35842.00,0.7980,4.3740,9.9870,0.960,17.230,-2.970,616
35852.00,0.7980,4.1520,10.0590,-1.010,18.930,-2.170,616
35862.00,0.9020,4.8230,10.2870,-11.230,19.090,-5.630,617
35872.00,0.8360,5.1260,11.2340,-25.860,19.350,-4.510,617
35882.00,0.5640,4.6060,11.3450,-34.750,14.710,0.500,617
35892.00,0.4400,4.1160,11.1010,-35.100,9.410,1.240,617
35902.00,0.4030,3.9020,10.6940,-33.720,5.120,0.400,617
35912.00,0.3970,3.5340,10.1700,-37.010,2.830,1.970,618
35922.00,0.4180,3.7590,9.7620,-46.110,1.100,0.470,618
35932.00,0.4960,3.4240,9.5410,-54.720,-0.220,2.550,618
35942.00,0.5410,3.3690,8.8720,-62.890,-2.290,3.110,618
35952.00,0.5710,3.2130,8.4750,-64.640,-0.330,2.950,618
35962.00,0.5760,3.2360,8.5660,-53.790,4.280,1.290,619
35972.00,0.5000,3.0530,9.1980,-46.320,7.520,1.010,619
35982.00,0.3700,3.1540,9.4970,-40.260,6.070,1.320,619
35992.00,0.2950,2.7110,9.2980,-36.710,2.670,4.560,619
36002.00,0.2400,2.5300,9.2870,-45.460,1.120,5.590,619
36012.00,0.1930,2.4130,8.7050,-50.170,-0.480,4.910,620
36022.00,0.3630,2.6160,8.7070,-22.950,5.460,1.690,620
36032.00,0.4150,2.6600,8.9000,-11.180,7.380,0.430,620
36042.00,0.3200,2.5510,8.7980,-3.130,7.640,0.480,620
36052.00,0.2570,2.3400,9.1080,6.980,9.040,1.690,620
36062.00,0.1500,2.2860,9.4180,9.620,10.290,0.920,621
36072.00,0.1680,2.3710,9.6710,10.900,10.320,0.120,621
36082.00,0.1980,2.5670,9.7790,11.300,9.950,-1.050,621
36092.00,0.2670,2.7740,9.8700,14.700,9.660,-1.450,621
36102.00,0.2480,2.6280,9.3090,18.700,8.800,-0.800,621
36112.00,0.3760,2.7670,9.7240,23.270,11.320,-2.380,622
36122.00,0.2630,2.7580,9.7250,18.740,9.380,-1.030,622
36132.00,0.2790,2.6530,9.8380,15.450,8.310,1.060,622
36142.00,0.2590,2.7900,10.0890,12.560,8.120,0.330,622
36152.00,0.2030,2.7460,10.4070,9.170,7.500,-0.080,622
36162.00,0.1070,2.5810,10.3530,3.340,5.880,0.220,623
36172.00,0.1420,2.6590,9.9420,4.670,4.740,-0.960,623
36182.00,0.2380,2.6880,9.8480,9.550,5.470,-1.990,623
36192.00,0.2690,2.8510,9.9140,8.970,5.770,-3.290,623
36202.00,0.1620,2.5180,9.8660,8.380,5.630,-4.810,623
36212.00,0.2350,2.7740,9.9780,6.840,5.790,-8.610,624
36222.00,0.1690,2.3500,9.5370,5.160,3.720,-6.230,624
36232.00,0.1630,2.4260,9.6020,-0.590,3.930,-7.330,624
36242.00,0.1530,2.7190,10.0180,-4.600,4.060,-7.590,624
36252.00,0.0980,2.7060,10.4020,-2.570,1.780,-5.560,624
36262.00,0.0200,2.4250,9.9730,-0.060,-1.990,-5.180,625
36272.00,0.0830,2.3550,9.3490,-1.670,-3.230,-6.730,625
36282.00,0.1060,2.4500,9.0050,-5.170,-1.320,-9.240,625
36292.00,0.2510,2.6090,8.7020,0.170,1.750,-14.420,625
36302.00,0.2640,3.0040,9.0540,2.940,5.250,-19.740,625
36312.00,0.2700,3.1330,9.5230,5.610,6.210,-18.020,626
36322.00,0.0840,2.8720,9.7280,10.020,5.210,-14.820,626
36332.00,-0.0320,2.7330,9.7310,13.820,4.410,-15.130,626
36342.00,0.0940,3.0170,9.9290,16.800,4.070,-16.430,626
36352.00,-0.0350,2.8640,9.6470,14.640,2.740,-14.680,626
36362.00,-0.1070,2.8680,9.7480,9.390,2.970,-12.670,627
36372.00,-0.1680,2.9910,10.0510,6.470,3.180,-12.650,627
36382.00,-0.1060,2.9690,9.9760,7.310,1.960,-11.600,627
36392.00,-0.0840,2.9920,9.5680,7.170,1.010,-11.510,627
36402.00,-0.0090,3.2820,9.5960,12.420,1.750,-12.300,627
36412.00,0.0520,3.4270,9.6720,18.250,2.200,-12.840,628
36422.00,-0.0660,3.5550,10.3570,27.350,2.010,-7.640,628
36432.00,-0.1290,3.5360,10.7900,29.970,0.850,-6.870,628
36442.00,-0.2330,3.3530,10.7600,30.270,-0.730,-6.100,628
36452.00,-0.1230,3.7750,11.3500,27.090,-0.120,-6.870,628
36462.00,-0.0840,3.7260,11.4900,21.750,-2.060,-5.630,629
36472.00,-0.0780,3.6650,11.5400,14.560,-4.110,-4.480,629
36482.00,0.0330,3.9880,11.9910,9.880,-5.100,-4.180,629
36492.00,0.1100,4.1640,12.3270,7.820,-7.360,-3.010,629
36502.00,0.1670,4.1760,12.5070,6.510,-9.990,-1.360,629
36512.00,0.2060,4.2410,12.8190,2.740,-11.490,-0.470,630
36522.00,0.2410,4.2550,13.0660,-1.950,-13.030,0.680,630
36532.00,0.2960,4.1320,12.8810,-7.520,-15.550,2.290,630
36542.00,0.3370,4.2660,13.2370,-13.990,-16.640,2.180,630
36552.00,0.2510,4.1850,13.6770,-17.160,-19.720,3.070,630
36562.00,0.1130,3.8100,13.7640,-19.750,-24.830,5.190,631
36572.00,0.1510,3.9320,13.7240,-21.190,-29.430,4.750,631
36582.00,0.4300,4.2480,13.4420,-18.740,-34.990,2.020,631
36592.00,0.4740,4.0910,13.3200,-21.270,-36.940,6.360,631
36602.00,0.5710,4.1590,13.2410,-24.510,-38.790,9.230,631
36612.00,0.7870,4.2870,13.2680,-23.860,-41.210,9.920,632
36622.00,0.9520,3.8140,12.8500,-24.860,-45.110,12.840,632
36632.00,1.0480,3.7000,12.8470,-32.720,-46.180,12.190,632
36642.00,1.1780,3.6070,12.8540,-39.190,-47.350,12.070,632
36652.00,1.2660,3.2990,12.3690,-48.660,-48.730,13.960,632
36662.00,1.2770,2.6760,11.6490,-54.240,-48.870,14.610,633
36672.00,1.3790,2.2060,11.3120,-57.920,-45.320,10.760,633
36682.00,1.7280,2.9160,11.5230,-63.920,-40.730,3.370,633
36692.00,1.9350,3.3710,11.7870,-63.590,-39.210,3.270,633
36702.00,1.8160,2.7990,11.6060,-58.580,-39.560,9.130,633
36712.00,1.6980,2.3600,11.5800,-52.790,-39.000,14.220,634
36722.00,1.5630,1.9700,11.7100,-47.750,-39.350,17.840,634
36732.00,1.3180,1.5340,11.6560,-46.230,-40.090,19.030,634
36742.00,1.3200,1.9940,12.4280,-47.470,-39.670,16.110,634
36752.00,1.1940,1.3110,12.1140,-47.510,-44.460,15.940,634
36762.00,1.3600,1.0990,10.5600,-49.620,-47.420,11.440,635
36772.00,1.8710,1.8840,10.0170,-56.780,-42.940,5.820,635
36782.00,2.1760,2.5250,10.1130,-56.970,-39.720,6.290,635
36792.00,2.2670,2.2750,9.3120,-51.360,-39.510,11.720,635
36802.00,2.1290,1.8410,8.6360,-49.660,-37.500,18.740,635
36812.00,1.9760,1.2990,9.1660,-43.880,-32.740,21.660,636
36822.00,1.7440,0.7470,9.4080,-37.430,-32.000,17.410,636
36832.00,1.7650,0.8870,9.7610,-32.610,-29.180,14.400,636
36842.00,1.7260,0.3050,9.0560,-34.960,-32.420,14.360,636
36852.00,1.8490,0.2380,8.2300,-39.190,-31.650,10.340,636
36863.00,2.1660,0.8810,8.3480,-43.180,-27.450,5.140,637
36873.00,2.0330,0.2840,7.2890,-40.800,-26.370,5.450,637
36883.00,2.1760,0.3500,7.6580,-36.040,-21.130,3.460,637
36893.00,2.0690,0.6200,7.6630,-35.640,-18.980,2.850,637
36903.00,2.2560,1.2470,8.7880,-34.590,-15.640,3.230,637
36913.00,1.9040,0.1250,7.6630,-32.190,-17.860,5.770,638
36923.00,2.2100,0.9670,8.5040,-28.970,-15.080,3.440,638
36933.00,2.1180,0.6850,8.5200,-26.400,-17.900,5.860,638
36943.00,1.6960,-0.2880,7.9760,-25.070,-19.300,5.750,638
36953.00,2.0250,0.0920,7.8430,-21.340,-18.880,2.440,638
36963.00,2.3110,0.5410,8.0450,-22.830,-16.230,0.170,639
36973.00,2.0080,-0.0010,7.5610,-22.170,-15.390,-1.240,639
36983.00,2.5000,0.8150,7.6920,-19.610,-12.790,-4.200,639
36993.00,2.3410,0.4650,7.2870,-21.540,-11.980,-1.730,639
37003.00,2.0190,-0.0590,6.8900,-12.770,-11.090,-2.670,639
37013.00,2.3880,1.2330,8.2250,-7.680,-6.420,-6.540,640
37023.00,2.5800,1.0810,8.2010,-4.230,-9.290,-3.150,640
37033.00,1.6420,-1.3550,5.8160,-3.140,-15.100,5.860,640
37043.00,2.4610,0.8650,7.5140,-2.570,-3.230,-4.630,640
37053.00,2.5390,1.0040,7.5020,-3.200,-1.970,-3.440,640
37063.00,2.6220,1.1300,7.4350,0.750,-0.340,-2.940,641
37073.00,3.1200,2.5510,8.6680,-6.430,2.850,1.830,641
37083.00,1.9140,-0.7890,6.9900,-7.940,-1.660,9.780,641
37093.00,2.1260,0.4720,8.5910,-6.840,3.110,5.790,641
37103.00,2.0150,-0.4510,7.7710,-3.700,-0.750,8.390,641
37113.00,2.0080,-0.4050,8.2330,0.850,1.830,3.550,642
37123.00,2.1340,-0.2050,8.3840,1.080,0.520,2.510,642
37133.00,2.3890,0.5270,8.8630,-5.560,0.310,2.180,642
37143.00,1.5810,-1.4640,7.5970,-9.290,-3.060,2.920,642
37153.00,2.2980,0.5090,8.7740,-10.230,0.070,-2.870,642
37163.00,2.2310,-0.1250,7.7790,-9.600,-2.950,0.010,643
37173.00,2.4710,0.6770,8.9180,-5.100,-0.380,-3.390,643
37183.00,2.3170,0.0370,8.3380,1.340,-4.790,-0.420,643
37193.00,2.4870,0.2220,8.3670,8.080,-5.030,-1.120,643
37203.00,2.4930,-0.0990,7.7650,10.790,-5.580,0.220,643
37213.00,2.9750,0.7100,8.8150,9.970,-1.710,-0.080,644
37223.00,2.5790,0.4210,9.5240,2.130,-3.110,4.670,644
37233.00,2.2940,-0.6530,8.1870,-3.980,-3.000,2.650,644
37243.00,2.4450,0.0880,9.7710,-5.560,1.100,-1.920,644
37253.00,2.2790,-0.5740,9.7120,-3.140,-3.630,-0.610,644
37263.00,2.2920,-0.8930,8.9020,-0.010,-8.150,-2.550,645
37273.00,2.4720,-0.5940,8.5050,1.920,-8.240,-6.420,645
37283.00,2.6470,-0.1630,8.7700,1.660,-6.280,-7.210,645
37293.00,2.6050,-0.0170,8.9790,1.750,-6.000,-5.560,645
37303.00,2.5690,-0.1190,9.3170,3.760,-6.980,-3.930,645
37313.00,2.4840,-0.7080,8.8530,7.590,-10.300,-2.310,646
37323.00,2.5980,-0.8080,8.2850,6.470,-11.090,-3.500,646
37333.00,2.7630,-0.4160,8.2460,4.300,-8.450,-5.680,646
37343.00,2.8250,-0.4010,8.4000,4.210,-6.220,-6.070,646
37353.00,2.9490,-0.2440,8.4670,3.640,-4.650,-6.420,646
37363.00,2.8770,-0.3230,8.8450,2.130,-2.670,-5.210,647
37373.00,2.7980,-0.4280,8.9710,0.400,-2.110,-4.460,647
37383.00,2.8040,-0.5390,9.3120,3.410,-2.080,-4.650,647
37393.00,2.7610,-0.8590,8.9790,5.610,-3.460,-3.650,647
37403.00,2.6420,-1.0160,8.8030,6.930,-2.850,-4.320,647
37413.00,2.8110,-0.4120,9.7850,8.890,-0.190,-7.500,648
37423.00,2.7730,-0.3170,9.7140,10.090,-2.550,-7.310,648
37433.00,2.8570,-0.2040,9.5190,8.190,-4.110,-9.670,648
37443.00,2.9560,-0.0890,9.1290,3.480,-3.070,-10.580,648
37453.00,3.0310,0.2530,9.5890,-2.160,0.750,-12.090,648
37463.00,3.0580,0.3810,9.7550,-2.430,1.240,-12.210,649
37473.00,2.9940,-0.2960,9.1460,-4.000,-0.480,-10.060,649
37483.00,3.1400,0.1810,9.1210,-4.680,1.830,-11.550,649
37493.00,3.2760,0.1840,8.9130,0.430,2.940,-10.780,649
37503.00,2.9820,-0.5280,8.7380,0.840,4.650,-8.590,649
37513.00,2.8180,-0.7150,9.3040,-0.270,8.260,-10.230,650
37523.00,3.0930,0.3290,10.5810,-4.630,10.830,-11.900,650
37533.00,3.1630,0.4270,10.3940,-8.940,5.610,-6.300,650
37543.00,3.1450,0.3800,10.4120,-13.700,1.500,-0.640,650
37553.00,2.9220,0.3130,11.3280,-26.860,0.120,8.620,650
37563.00,2.9400,0.9050,11.9280,-38.950,-5.140,24.350,651
37573.00,2.7340,0.2830,12.1590,-47.300,-14.830,52.110,651
37583.00,2.6470,-0.9400,11.7690,-85.460,-26.420,81.600,651
37593.00,4.5850,1.6470,10.2680,-149.650,-42.540,95.790,651
37603.00,3.1500,-0.6950,9.3030,-327.680,-22.920,163.640,651
37613.00,3.3140,-1.5980,5.3950,-327.680,-28.010,156.090,652
37623.00,3.6880,-1.9100,9.2260,-296.460,-5.940,105.850,652
37633.00,2.9750,-3.9520,9.0680,-71.670,-3.090,40.510,652
37643.00,2.9890,-3.7590,9.0340,-20.730,-7.360,19.470,652
37653.00,3.1440,-3.4550,9.3660,2.270,-7.690,5.590,652
37663.00,3.3790,-2.7000,9.2730,21.770,-9.620,-2.500,653
37673.00,3.4370,-2.6790,8.5660,34.030,-10.690,-3.230,653
37683.00,3.4710,-2.3110,9.0440,36.780,-5.030,-4.060,653
37693.00,3.5010,-2.1990,9.0320,57.240,-3.390,-2.180,653
37703.00,3.3710,-2.3910,8.5980,67.770,-1.410,-0.500,653
37713.00,3.2420,-2.5610,8.8350,69.350,3.760,-2.880,654
37723.00,3.2570,-2.4100,8.8700,72.040,6.540,-6.440,654
37733.00,3.2960,-2.2540,8.6720,70.840,6.090,-8.060,654
37743.00,3.2540,-1.9780,8.8330,81.370,6.260,-12.110,654
37753.00,3.2660,-1.7820,8.9250,115.080,6.800,-17.090,654
37763.00,3.2430,-1.8220,8.6050,129.580,5.400,-20.260,655
37773.00,3.3170,-1.3220,9.0500,125.160,7.570,-22.470,655
37783.00,3.3360,-0.7420,9.0110,144.110,6.420,-23.500,655
37793.00,3.1280,-1.3570,8.4590,154.310,5.230,-20.980,655
37803.00,3.1280,-1.0370,8.7990,142.950,9.310,-22.360,655
37813.00,3.2030,-0.8150,8.6530,113.730,10.990,-22.170,656
37823.00,3.2840,-0.6160,8.6660,61.280,15.010,-20.700,656
37833.00,3.4520,0.5260,9.9880,-2.300,21.220,-15.620,656
37843.00,3.2730,-0.4450,9.9600,-0.520,16.320,-8.290,656
37853.00,2.9760,-1.6100,9.4120,-15.760,12.020,-2.180,656
37863.00,2.9640,-1.9270,9.3750,-46.160,10.440,-2.320,657
37873.00,3.1340,-1.5030,9.3210,-72.720,7.850,-5.250,657
37884.00,3.3260,-1.1800,9.1880,-80.000,5.050,-5.770,657
37894.00,3.2840,-1.5020,8.2250,-74.840,2.130,-1.620,657
37904.00,3.4610,-1.0570,8.1700,-53.180,6.940,-5.820,657
37914.00,3.5960,-0.4580,9.1150,-35.830,14.400,-8.050,658
37924.00,3.2980,-0.6300,9.3470,-27.360,15.330,-2.040,658
37934.00,2.8700,-1.2710,9.8840,-18.580,16.040,3.690,658
37944.00,2.4770,-1.8480,9.8140,-9.920,14.490,5.490,658
37954.00,2.4410,-1.8340,9.7120,-7.200,13.560,4.820,658
37964.00,2.5710,-1.4150,9.5600,-12.020,12.950,3.350,659
37974.00,2.5560,-1.3500,8.9880,-16.570,11.600,4.930,659
37984.00,2.5410,-1.3620,8.7420,-13.820,13.350,6.770,659
37994.00,2.4000,-1.2130,8.8460,-10.390,17.220,8.480,659
38004.00,2.1780,-1.2280,9.2150,-1.240,20.800,11.370,659
38014.00,1.9580,-1.5970,8.9790,4.880,21.940,13.380,660
38024.00,1.7940,-1.7250,8.8630,8.800,23.550,11.320,660
38034.00,1.6430,-1.9450,8.1180,6.170,26.190,8.530,660
38044.00,1.4230,-1.4500,7.6720,-2.290,30.570,3.480,660
38054.00,1.4960,-1.2710,7.9360,3.010,36.750,5.090,660
38064.00,1.5310,-0.8840,8.5950,8.220,40.580,7.960,661
38074.00,1.3410,-0.7220,8.9130,25.000,40.210,12.280,661
38084.00,0.9910,-1.2230,9.5240,55.730,38.880,19.330,661
38094.00,0.7780,-2.2240,9.2260,62.240,30.100,21.430,661
38104.00,0.8350,-1.0710,9.8030,48.140,26.090,13.000,661
38114.00,1.5600,-0.2750,10.9070,40.740,18.860,27.710,662
38124.00,2.1060,0.1480,11.1600,4.950,9.500,46.530,662
38134.00,2.4230,1.0510,11.0020,-35.270,5.280,57.100,662
38144.00,2.5980,0.5190,11.6410,-40.090,5.910,61.420,662
38154.00,2.2770,-0.9880,10.8310,-25.510,0.870,59.280,662
38164.00,1.9050,-2.8120,10.4370,-21.550,3.080,55.520,663
38174.00,1.8620,-3.8570,11.0090,-19.420,8.610,39.490,663
38184.00,2.1300,-3.3180,10.7230,-21.690,6.510,16.370,663
38194.00,2.7700,-2.1240,11.1230,-22.430,8.310,1.970,663
38204.00,3.0890,-2.2520,11.4070,-20.310,7.660,1.040,663
38214.00,3.2430,-2.1050,10.6180,-20.850,3.410,-1.610,664
38224.00,3.3240,-1.9720,10.2260,-11.720,3.430,-1.170,664
38234.00,2.9390,-2.0450,9.5710,12.770,5.840,3.480,664
38244.00,2.7210,-1.9560,10.0280,14.700,4.760,2.830,664
38254.00,2.5730,-1.9040,10.3390,16.460,2.690,2.690,664
38264.00,2.3370,-1.9160,10.2660,18.370,0.070,3.770,665
38274.00,2.3770,-1.7120,10.0400,22.800,-3.130,3.740,665
38284.00,2.4440,-1.3310,9.2490,21.330,-3.390,3.350,665
38294.00,2.4560,-1.2520,8.8960,13.960,0.910,4.720,665
38304.00,2.6600,-0.7940,8.6900,3.780,5.180,7.690,665
38314.00,2.9000,-0.2750,9.0260,-5.090,10.830,11.120,666
38324.00,2.9340,-0.2220,9.2320,-0.010,14.770,15.110,666
38334.00,2.6700,-0.7350,9.3970,7.070,18.350,19.680,666
38344.00,2.3710,-1.2680,10.1200,22.060,23.360,19.980,666
38354.00,1.9980,-2.0960,10.5640,33.880,24.220,19.330,666
38364.00,1.7220,-2.3610,10.4720,29.290,21.360,16.020,667
38374.00,1.8240,-2.3850,11.1840,24.320,19.330,10.790,667
38384.00,1.7800,-1.9010,11.1870,25.440,11.810,0.830,667
38394.00,1.7430,-2.1970,11.3060,32.440,5.950,-4.410,667
38404.00,1.6910,-1.3860,11.9850,51.730,4.060,-11.510,667
38414.00,1.6530,-1.4320,12.1480,69.140,0.500,-2.520,668
38424.00,1.7240,-1.8920,10.6000,67.000,-7.430,6.980,668
38434.00,1.6850,-1.0540,11.4920,53.140,9.340,8.290,668
38444.00,1.6700,-0.8070,11.8920,50.080,3.390,4.390,668
38454.00,1.7820,-0.1310,11.6960,49.360,-3.210,0.800,668
38464.00,1.7490,-0.4900,11.7960,80.480,-6.750,-2.130,669
38474.00,1.7030,0.0460,11.5090,123.320,-15.310,-12.110,669
38484.00,1.6070,-0.6540,10.4490,114.130,-23.130,-6.870,669
38494.00,1.5730,-0.3000,9.7180,84.780,-23.360,-6.190,669
38504.00,1.6170,0.0090,9.7540,68.040,-20.800,-6.160,669
38514.00,1.6480,0.6250,9.7930,63.080,-19.790,-7.140,670
38524.00,1.6170,0.5300,9.2960,43.240,-17.090,-1.780,670
38534.00,1.3530,0.3780,9.5280,21.000,-11.530,-0.220,670
38544.00,1.3960,-0.1540,8.6420,2.500,-15.360,1.220,670
38554.00,1.7610,0.8500,8.7130,-1.620,-9.640,-2.640,670
38564.00,1.9320,0.7520,8.3790,16.290,-5.560,0.900,671
38574.00,1.8790,0.2000,7.8410,23.660,2.320,2.340,671
38584.00,1.5240,-0.1810,8.8890,19.040,17.850,1.410,671
38594.00,1.4390,-0.7390,8.9590,20.260,16.920,1.590,671
38604.00,1.5150,-0.3250,9.1210,14.730,18.060,-3.570,671
38614.00,1.5070,-0.4220,9.5880,11.180,22.750,-3.220,672
38624.00,1.4140,-1.2000,9.8460,16.690,24.640,-4.000,672
38634.00,1.5120,-0.9200,10.2280,23.460,22.400,-17.290,672
38644.00,1.4260,-1.1420,10.1910,34.980,21.660,-19.040,672
38654.00,1.4600,-0.8800,10.5610,51.920,21.350,-25.770,672
38664.00,1.6950,-0.0440,11.2250,64.190,20.630,-32.970,673
38674.00,1.6680,-0.1600,11.2900,87.930,17.130,-34.160,673
38684.00,1.6640,-0.0450,11.2000,114.600,14.210,-41.510,673
38694.00,1.9050,-0.0080,10.8710,141.340,9.970,-50.260,673
38704.00,2.1460,0.8670,9.9090,136.390,10.060,-56.540,673
38714.00,2.1320,0.9660,9.9400,109.460,14.210,-50.620,674
38724.00,5.1510,5.4100,9.4010,111.590,2.640,-41.910,674
38734.00,5.2780,13.7430,8.0610,133.470,-12.280,42.200,674
38744.00,1.9280,1.0820,10.8670,157.080,8.310,156.360,674
38754.00,1.1590,0.8240,14.7930,100.030,24.600,121.620,674
38764.00,0.6370,-2.3660,15.9310,-17.740,-24.140,89.160,675
38774.00,0.1970,-2.0270,14.1270,-136.860,-94.790,25.910,675
38784.00,1.0490,0.8560,16.4530,-241.020,-134.950,-30.150,675
38794.00,-7.7890,-10.4810,18.0310,-327.680,-186.470,-6.120,675
38804.00,0.4890,-15.7560,-2.9470,-247.920,-327.680,-250.230,675
38814.00,4.7770,18.7890,-1.9470,-327.680,-172.090,-327.680,676
38824.00,7.4350,21.3340,4.8110,-205.130,-6.820,-242.280,676
38834.00,2.7700,-3.1800,10.7760,-4.960,14.640,59.020,676
38844.00,3.1960,0.7020,11.6070,-57.340,-10.420,20.470,676
38854.00,3.5720,1.8190,11.5210,-98.760,-34.140,31.160,676
38864.00,3.5410,1.1330,10.4190,-113.870,-51.860,47.720,677
38874.00,3.2590,-0.4520,9.1170,-103.860,-60.930,58.390,677
38885.00,3.7060,0.2630,9.7620,-83.990,-58.320,59.020,677
38895.00,4.4070,0.6830,10.7420,-94.350,-64.620,76.310,677
38904.00,3.6310,0.1570,9.8100,-122.970,-86.570,112.120,677
38915.00,2.7560,-2.9400,7.4820,-126.050,-95.260,128.130,678
38925.00,3.0140,-3.6940,7.0320,-96.800,-71.740,88.020,678
38935.00,3.6150,-1.9600,8.1450,-63.450,-38.550,43.740,678
38945.00,3.8580,-1.8370,8.9820,-54.560,-18.910,36.690,678
38955.00,3.8120,-1.9890,9.2960,-49.710,-11.280,37.200,678
38965.00,3.9340,-2.1060,9.8270,-56.050,-8.460,38.530,679
38975.00,3.6780,-2.8880,9.8030,-99.900,-10.690,42.830,679
38985.00,3.7610,-2.5900,9.6130,-109.000,-13.000,38.460,679
38995.00,3.7470,-3.4520,9.7480,-88.720,-12.610,34.310,679
39005.00,3.6210,-3.9360,9.1510,-82.440,-13.360,22.850,679
39015.00,3.9200,-3.3060,8.6930,-68.420,-13.330,9.150,680
39025.00,4.0830,-2.8570,7.8870,-55.560,-9.990,3.830,680
39035.00,4.3130,-2.9010,8.5750,-29.180,-2.990,3.630,680
39045.00,4.3900,-3.0290,8.8890,-9.130,3.900,4.140,680
39055.00,4.4200,-3.2480,8.9300,3.620,3.320,4.020,680
39065.00,4.4960,-3.1980,9.6320,11.200,4.350,3.300,681
39075.00,4.3010,-3.5590,9.6220,13.700,-1.760,7.150,681
39085.00,4.1100,-4.1790,9.4390,10.150,-6.780,11.610,681
39095.00,4.1650,-4.4260,10.6380,14.190,-9.650,11.470,681
39105.00,4.2560,-4.2000,10.0300,7.120,-22.080,8.690,681
39115.00,4.4170,-3.7690,9.5890,1.030,-26.820,5.210,682
39125.00,4.6220,-3.4040,9.8780,-1.760,-23.900,2.500,682
39135.00,4.6140,-3.2300,9.5010,-6.520,-21.760,1.590,682
39145.00,4.6560,-3.1170,9.0640,-10.020,-16.460,-0.080,682
39155.00,4.7710,-3.0610,9.8970,-10.510,-7.610,-2.600,682
39165.00,4.7090,-3.0660,10.5300,-8.180,-7.660,-1.450,683
39175.00,4.4000,-3.7230,9.7300,-3.350,-16.640,3.700,683
39185.00,4.3050,-3.7320,9.3990,-2.950,-17.900,3.300,683
39195.00,4.3320,-3.5900,9.9570,-4.370,-15.830,3.650,683
39205.00,4.3230,-3.8110,10.0550,-9.790,-19.870,6.850,683
39215.00,4.1940,-4.0190,9.8080,-16.480,-24.410,8.450,684
39225.00,4.0840,-4.1850,9.3430,-16.530,-29.310,7.990,684
39235.00,4.2830,-3.7620,8.9910,-16.780,-32.790,6.660,684
39245.00,4.3400,-3.4940,8.5830,-22.530,-38.970,9.620,684
39255.00,4.1350,-4.2620,7.7830,-33.380,-38.550,12.280,684
39265.00,4.3870,-4.1450,7.1240,-47.120,-29.220,3.560,685
39275.00,3.8090,-3.5410,7.8860,-62.000,-15.570,-0.520,685
39285.00,4.1950,-3.3160,9.0460,-46.720,-15.550,-0.280,685
39295.00,4.1800,-3.9740,8.3240,-32.650,-26.940,1.940,685
39305.00,4.0270,-3.9190,7.1040,-30.440,-33.660,1.200,685
39315.00,4.0880,-3.7770,6.5070,-26.260,-32.350,-0.750,686
39325.00,4.1530,-3.7220,6.5440,-24.390,-27.940,-1.480,686
39335.00,4.1630,-3.6170,6.5700,-25.160,-24.790,-1.540,686
39345.00,4.2840,-3.3220,6.6930,-24.490,-21.120,-2.710,686
39355.00,4.2530,-3.5960,6.9970,-25.180,-17.410,-1.330,686
39365.00,4.2680,-3.8660,6.7700,-24.130,-15.670,-1.380,687
39375.00,4.3100,-3.8200,6.6830,-22.730,-11.980,-3.410,687
39385.00,4.2960,-3.9620,6.4010,-21.520,-9.720,-3.110,687
39395.00,4.2690,-4.2160,6.0620,-22.880,-6.470,-2.250,687
39405.00,4.3350,-4.1340,6.8450,-22.450,-0.360,-3.530,687
39415.00,4.3010,-3.9360,6.6810,-21.470,-2.580,-3.620,688
39425.00,4.1200,-4.1390,6.0170,-17.530,-4.110,-3.570,688
39435.00,4.1520,-3.7250,5.4400,-12.450,-1.310,-5.650,688
39445.00,4.2950,-3.3040,5.2180,-6.070,3.690,-8.470,688
39455.00,4.4000,-3.1290,5.1130,1.170,8.240,-8.550,688
39465.00,4.5270,-3.0130,5.5310,4.130,14.660,-7.590,689
39475.00,4.5730,-2.9320,5.6530,4.000,17.440,-5.180,689
39485.00,4.5300,-3.2980,5.5830,1.820,19.750,-1.310,689
39495.00,4.3740,-3.6000,5.7150,-3.350,24.570,1.590,689
39505.00,4.3470,-3.9960,5.9180,-3.300,28.540,3.720,689
39515.00,4.3580,-4.3530,6.7810,-0.640,33.980,2.600,690
39525.00,4.3690,-4.4230,7.4360,2.900,34.170,-0.840,690
39535.00,4.2680,-4.4670,6.8530,4.160,28.210,-1.360,690
39545.00,4.2990,-4.2360,6.5860,6.160,28.030,-2.340,690
39555.00,4.4070,-4.2970,7.1890,10.640,30.530,-3.230,690
39565.00,4.4920,-4.2550,7.4630,14.850,28.730,-4.970,691
39575.00,4.4650,-4.0770,7.2810,18.300,25.280,-5.330,691
39585.00,4.4880,-3.9090,7.2400,17.740,25.060,-3.920,691
39595.00,4.4390,-3.9320,7.5730,17.510,27.910,-2.900,691
39605.00,4.4010,-4.0550,7.6840,16.550,29.260,-3.740,691
39615.00,4.3440,-4.1980,8.1160,16.030,31.970,-6.090,692
39625.00,4.4780,-3.9210,8.4260,12.580,32.830,-8.900,692
39635.00,4.5290,-4.1060,8.9580,10.370,31.160,-6.720,692
39645.00,4.4700,-4.3090,9.2870,11.740,27.230,-0.430,692
39655.00,4.3770,-4.4970,9.1320,10.710,21.870,1.830,692
39665.00,4.3380,-4.5210,8.9130,8.750,18.350,3.980,693
39675.00,4.1680,-4.7820,8.8580,7.770,16.970,4.530,693
39685.00,4.0280,-4.8020,8.6770,10.650,13.960,2.620,693
39695.00,3.9570,-4.6510,8.3190,12.260,10.430,0.870,693
39705.00,3.9250,-4.6100,8.3460,11.460,10.620,-0.010,693
39715.00,3.8730,-4.4010,8.0070,11.090,9.290,-1.120,694
39725.00,3.8700,-4.1910,7.7740,11.910,9.800,-2.480,694
39735.00,3.8660,-4.0610,8.3530,9.870,12.890,-3.160,694
39745.00,3.7730,-4.0230,7.8960,6.370,9.340,-2.780,694
39755.00,3.7980,-3.8650,7.4720,5.210,8.920,-4.200,694
39765.00,3.8930,-3.4660,7.6180,8.030,11.350,-6.820,695
39775.00,3.9300,-3.1740,7.4870,8.270,10.900,-6.700,695
39785.00,3.9670,-3.2490,7.3920,7.770,10.930,-5.040,695
39795.00,3.9920,-3.2190,7.4540,10.950,11.510,-5.040,695
39805.00,3.8710,-3.2760,6.8650,11.970,9.730,-4.000,695
39815.00,3.8280,-3.1190,6.7480,12.490,11.950,-3.410,696
39825.00,3.7950,-3.2200,7.2130,14.850,14.680,-2.240,696
39835.00,3.7470,-3.4120,6.5760,14.470,13.310,-0.920,696
39845.00,3.7600,-3.2080,6.8680,12.960,16.800,-1.960,696
39855.00,3.7970,-2.8410,6.0530,14.610,14.750,-2.270,696
39865.00,3.9680,-2.6660,6.8130,17.430,21.780,-1.550,697
39876.00,4.0300,-2.7390,7.3470,21.780,23.180,-0.560,697
39885.00,3.9460,-3.1090,7.2110,26.390,20.050,0.960,697
39895.00,3.7680,-3.3370,6.3510,28.170,18.210,2.130,697
39905.00,3.6190,-3.4130,6.3430,29.190,23.640,1.800,697
39916.00,3.7890,-3.2530,6.9540,28.920,28.660,0.060,698
39926.00,3.9030,-3.3890,7.5860,29.920,30.430,-0.010,698
39936.00,4.0600,-3.2990,7.7390,32.440,28.560,-0.430,698
39946.00,4.0330,-3.6090,7.1040,37.310,24.620,0.960,698
39956.00,3.7830,-4.1990,7.4390,40.230,25.550,1.710,698
39966.00,3.9630,-4.2560,7.1240,44.410,24.130,-5.910,699
39976.00,4.3280,-3.4600,8.1750,48.700,25.560,-11.620,699
39986.00,4.4390,-3.5700,7.8230,50.080,17.370,-8.010,699
39996.00,4.5900,-3.5100,7.6310,49.070,16.030,-8.400,699
40006.00,4.7290,-3.3540,8.5130,46.880,19.470,-10.090,699
40016.00,4.7770,-3.3910,8.8590,44.460,16.640,-9.900,700
40026.00,4.7120,-3.2900,8.7920,44.430,11.860,-9.970,700
40036.00,4.2230,-2.8510,8.3500,42.310,6.520,-10.650,700
40046.00,3.6550,-1.8310,6.4610,27.940,7.030,-8.190,700
40056.00,3.7230,-1.2510,7.3830,20.750,18.390,-7.210,700
40066.00,4.1870,-1.1770,9.3100,18.000,26.610,-4.770,701
40076.00,4.6680,-1.6430,11.3810,16.950,26.370,-2.530,701
40086.00,4.4560,-2.8090,11.7480,19.910,10.480,-0.990,701
40096.00,3.6520,-4.6830,10.0490,35.890,-12.020,-3.740,701
40106.00,3.1170,-4.1280,7.8060,43.990,-24.530,-17.250,701
40116.00,2.9030,-2.9910,5.6210,45.950,-27.400,-27.280,702
40126.00,3.1980,-1.7730,3.9190,49.920,-18.070,-35.590,702
40136.00,3.4000,-0.6490,4.4590,49.280,4.980,-36.060,702
40146.00,4.0100,0.7250,5.3350,43.920,21.920,-30.920,702
40156.00,4.3530,1.2100,7.0490,39.300,33.820,-19.880,702
40166.00,4.0090,0.9710,8.9570,35.080,36.290,-7.120,703
40176.00,3.7860,0.4570,9.8900,30.340,32.760,1.180,703
40186.00,3.3280,0.0510,8.8130,17.620,26.140,7.620,703
40196.00,3.2200,0.2120,7.8920,-0.900,29.360,11.400,703
40206.00,2.9690,-0.7480,10.0610,-0.960,44.780,14.920,703
40216.00,2.5600,-2.2360,10.9740,11.420,40.560,15.240,704
40226.00,1.8020,-3.3430,11.0540,23.710,27.980,11.630,704
40236.00,1.4730,-3.9570,10.1000,39.230,17.130,1.710,704
40246.00,1.2470,-2.5730,9.2750,47.260,5.160,-21.520,704
40256.00,1.3050,-0.9660,7.7040,40.540,1.550,-22.850,704
40266.00,1.3310,0.0500,7.4680,26.250,12.250,-19.350,705
40276.00,1.6770,0.8590,10.4870,22.970,32.840,-15.940,705
40286.00,1.7440,-0.3980,13.3310,9.940,38.370,-2.850,705
40296.00,1.4560,-1.1290,12.7620,-3.840,18.550,3.280,705
40306.00,1.0920,-3.2240,10.8740,11.480,-1.810,4.960,705
40316.00,1.0150,-2.7200,9.3320,13.440,-2.790,-7.380,706
40326.00,1.2710,-2.5870,9.1420,20.680,4.210,-15.310,706
40336.00,1.2760,-1.7860,8.7120,23.850,8.960,-21.350,706
40346.00,1.2470,-2.2510,7.7980,22.940,12.950,-18.700,706
40356.00,1.5960,-1.0480,6.8760,20.440,22.330,-20.630,706
40366.00,1.8140,-0.0330,9.7990,13.160,50.870,-19.560,707
40376.00,2.0670,-0.8250,13.7440,0.380,59.990,-12.510,707
40386.00,1.4600,-3.1740,12.4800,-6.980,35.590,-2.030,707
40396.00,0.9220,-4.6600,11.9730,9.010,22.640,-2.810,707
40406.00,0.8680,-5.2850,10.5520,14.910,14.150,-14.420,707
40416.00,1.1550,-4.2310,9.9700,30.180,20.370,-33.540,708
40426.00,1.2230,-2.9340,10.1370,49.450,30.060,-43.450,708
40436.00,1.9560,-1.4650,11.9560,62.380,17.020,-34.230,708
40446.00,1.9600,-0.8510,9.4320,21.100,33.230,-39.460,708
40456.00,2.3300,-1.0340,12.5570,6.700,51.900,-33.560,708
40466.00,2.3470,-1.6900,13.0740,2.780,41.800,-29.290,709
40476.00,2.2120,-1.5570,13.0380,-5.120,31.640,-25.860,709
40486.00,1.7800,-3.0410,11.4160,-13.750,20.560,-19.320,709
40496.00,2.0370,-2.5380,11.8940,-19.330,28.190,-26.090,709
40506.00,2.4290,-1.2780,13.6650,-36.130,38.480,-29.680,709
40516.00,2.1550,-1.8380,12.8780,-52.930,28.800,-22.940,710
40526.00,2.2500,-1.9520,11.4960,-64.430,23.690,-24.850,710
40536.00,2.3270,-1.4910,11.5320,-87.980,33.230,-27.770,710
40546.00,2.4380,-1.2500,11.6120,-107.690,36.330,-23.640,710
40556.00,2.1820,-1.9030,10.7580,-134.520,37.810,-17.690,710
40566.00,2.0150,-2.7900,11.2710,-126.960,45.900,-13.170,711
40576.00,2.0260,-3.0600,13.0190,-94.250,48.980,-13.370,711
40586.00,2.2320,-2.6700,13.2950,-76.640,35.800,-16.830,711
40596.00,2.1780,-3.7100,12.5030,-67.840,22.830,-17.290,711
40606.00,2.2610,-5.2960,13.5060,-60.930,33.230,-22.330,711
40616.00,2.0670,-5.1580,14.8670,-38.980,32.000,-33.750,712
40626.00,1.7680,-6.6430,11.4120,-36.870,9.110,-38.930,712
40636.00,3.1680,-2.3400,14.8100,-53.840,39.090,-58.660,712
40646.00,3.4810,-0.5560,13.6670,-57.550,-10.020,-25.510,712
40656.00,3.0180,-1.4590,9.5970,-45.210,-32.180,-11.480,712
40666.00,3.1270,-1.2310,10.1940,-30.130,-13.190,-6.960,713
40676.00,2.9200,-2.4050,11.5250,-14.150,-5.100,-1.270,713
40686.00,2.3880,-2.8780,10.5040,4.860,-17.370,-2.620,713
40696.00,1.9710,-4.4480,8.8610,21.870,-25.140,-3.290,713
40706.00,1.8970,-3.6800,8.7080,29.030,-19.170,-13.450,713
40716.00,1.9440,-3.4130,8.7370,32.200,-16.440,-17.130,714
40726.00,1.9620,-2.4000,8.4640,35.990,-16.810,-21.490,714
40736.00,1.9930,-2.2910,8.0450,30.940,-14.570,-18.860,714
40746.00,1.9630,-2.4490,8.1410,29.030,-8.290,-16.320,714
40756.00,1.8980,-2.5610,8.2260,26.670,-2.760,-14.910,714
40766.00,1.8100,-2.7820,8.2620,23.690,0.400,-12.320,715
40776.00,1.8720,-2.8360,8.7970,15.360,5.860,-12.910,715
40786.00,1.8600,-2.8040,9.3880,13.420,8.870,-15.200,715
40796.00,1.6530,-3.2980,8.9460,19.470,2.460,-13.910,715
40806.00,1.5080,-3.4010,7.8110,11.980,-3.270,-13.660,715
40816.00,1.4090,-3.0710,7.2020,2.310,2.780,-17.930,716
40826.00,1.5030,-3.1040,7.4330,-2.580,14.730,-23.460,716
40836.00,1.7820,-2.7960,8.7730,-4.330,26.230,-27.450,716
40846.00,1.6700,-3.3320,9.6980,-13.710,26.320,-26.750,716
40856.00,1.2870,-3.9400,8.8070,-13.050,22.550,-26.610,716
40867.00,1.5170,-4.5450,9.3360,-19.020,36.500,-30.380,717
40876.00,1.7060,-4.3090,12.5550,-26.190,61.790,-38.130,717
40886.00,1.5920,-5.5590,14.4400,-20.500,55.450,-38.930,717
40896.00,1.6550,-5.3430,14.1020,-25.260,27.890,-50.570,717
40906.00,1.8810,-3.3080,11.6090,-32.370,-1.030,-69.440,717
40916.00,2.5800,-1.6190,9.3060,-26.450,-8.430,-77.820,718
40927.00,3.1650,1.1780,9.3750,-11.810,2.030,-80.720,718
40936.00,3.0920,1.5340,9.3870,14.730,2.940,-58.920,718
40946.00,2.3650,-1.4540,8.8040,35.920,-7.520,-22.330,718
40957.00,1.6920,-3.9030,6.9790,40.180,-13.120,-11.550,718
40967.00,2.0110,-2.7680,7.9380,37.290,6.560,-27.090,719
40977.00,2.4010,-1.8860,10.1520,40.330,22.150,-33.580,719
40987.00,2.4450,-1.2530,10.5600,39.410,15.820,-31.570,719
40997.00,2.3770,-1.2690,9.4140,32.910,3.570,-23.130,719
41007.00,2.2190,-1.4750,8.8470,29.330,3.790,-15.830,719
41017.00,2.2920,-1.1300,9.3930,29.220,11.810,-15.050,720
41027.00,2.1050,-1.0010,8.6040,27.800,9.670,-10.430,720
41037.00,1.9830,-1.4910,8.5140,23.740,14.430,-3.370,720
41047.00,1.9320,-1.9050,9.0710,23.170,24.090,-2.100,720
41057.00,1.7520,-2.4160,9.3880,22.010,27.870,-1.130,720
41067.00,1.7260,-2.6020,10.1020,20.120,31.500,-3.250,721
41077.00,1.6840,-2.4010,11.0520,20.470,29.830,-6.470,721
41087.00,1.5720,-2.6690,10.6200,20.720,20.160,-5.890,721
41097.00,1.5310,-2.1110,10.0000,21.350,14.420,-9.570,721
41107.00,1.5600,-2.0450,9.8480,21.490,13.800,-8.850,721
41117.00,1.4150,-2.0050,9.8210,13.770,15.130,-7.030,722
41127.00,1.3890,-2.2910,10.1920,4.350,17.650,-4.670,722
41137.00,1.1270,-2.8410,10.0110,-2.040,13.980,-2.080,722
41147.00,0.9530,-2.9970,9.9680,-4.650,12.190,-3.500,722
41157.00,0.9830,-3.4600,9.7960,-7.640,11.000,-6.720,722
41167.00,0.8350,-3.2240,8.9240,-14.970,10.850,-14.310,723
41177.00,1.1790,-2.3460,9.4280,-14.330,14.920,-22.470,723
41187.00,1.4150,-1.7630,9.6150,-13.470,14.100,-23.870,723
41197.00,1.6520,-1.3740,10.0240,-14.970,13.140,-22.400,723
41207.00,1.8890,-1.1890,10.7850,-13.730,12.750,-16.730,723
41217.00,1.7940,-1.3850,10.3320,-10.700,4.510,-10.710,724
41227.00,1.8300,-1.4530,9.6140,-5.940,2.500,-7.560,724
41237.00,1.8170,-1.6390,10.0660,2.990,9.530,-6.520,724
41247.00,1.6120,-1.7340,9.6860,6.730,7.290,-6.490,724
41257.00,1.6150,-1.6410,10.4530,4.670,9.900,-4.600,724
41267.00,1.4720,-1.9170,10.8450,7.420,9.600,-2.620,725
41277.00,1.1350,-2.2500,10.0610,7.750,2.900,-2.920,725
41287.00,1.0600,-2.3860,8.7820,6.190,-3.020,-5.000,725
41297.00,1.3310,-1.5000,9.4280,6.070,5.790,-7.210,725
41307.00,1.1100,-2.4640,10.2830,10.510,11.130,-2.620,725
41317.00,1.2400,-2.0000,10.2870,11.280,6.300,-5.560,726
41327.00,1.1800,-2.4820,10.0360,8.270,1.830,-3.390,726
41337.00,1.2740,-2.2990,9.9000,5.490,0.400,-4.910,726
41347.00,1.3190,-2.0470,10.1580,6.260,2.800,-6.580,726
41357.00,1.3490,-2.2100,10.0530,7.750,1.130,-7.330,726
41367.00,1.3900,-1.5180,9.8580,4.090,0.680,-9.740,727
41377.00,1.4290,-2.2030,9.8160,4.370,1.400,-6.190,727
41387.00,1.4230,-2.1140,9.3670,-0.480,1.660,-7.450,727
41397.00,1.2020,-2.5290,9.3630,-1.730,5.350,-8.270,727
41407.00,1.3450,-2.4920,9.6560,-5.330,9.010,-13.230,727
41417.00,1.6300,-1.4290,9.8260,-7.750,9.430,-17.500,728
41427.00,1.3960,-2.1750,9.9900,-4.300,9.500,-12.510,728
41437.00,1.5440,-1.5230,10.1810,-7.010,9.010,-14.610,728
41447.00,1.3430,-2.0060,10.1820,-5.630,6.820,-10.650,728
41457.00,1.2960,-2.2710,9.9600,-1.460,3.250,-3.080,728
41467.00,1.1670,-2.3700,9.9700,1.610,1.570,-2.360,729
41477.00,1.2450,-2.1090,9.9610,4.980,-0.050,-3.220,729
41487.00,1.2230,-1.9950,10.1910,8.570,-0.640,-2.390,729
41497.00,1.2330,-1.9350,9.7660,9.730,-3.250,-1.550,729
41507.00,1.2810,-2.0500,10.0650,9.950,-1.830,-0.910,729
41517.00,1.3350,-2.2070,10.4960,10.200,-1.830,-1.340,730
41527.00,1.3930,-2.1780,10.5700,10.020,-4.330,-2.670,730
41537.00,1.4850,-2.3620,10.7830,7.820,-5.910,-2.730,730
41547.00,1.5810,-2.2330,10.8900,8.680,-9.320,-3.600,730
41557.00,1.5490,-2.5900,11.0950,12.000,-12.930,-4.090,730
41567.00,1.5510,-2.6890,10.9120,15.870,-16.740,-6.450,731
41577.00,1.7440,-2.3030,11.3920,20.370,-20.700,-7.280,731
41587.00,1.6170,-2.5290,9.6260,21.380,-30.480,-4.160,731
41597.00,1.9660,-1.8280,9.9510,25.000,-27.770,-3.990,731
41607.00,1.9940,-1.9230,9.9970,25.340,-27.980,2.110,731
41617.00,2.0240,-2.4920,10.5300,26.650,-26.960,7.430,732
41627.00,1.8580,-3.1840,11.4480,31.340,-26.890,8.320,732
41637.00,1.7500,-2.8980,9.2860,41.840,-35.680,2.920,732
41647.00,1.9950,-2.2400,10.0490,52.440,-28.690,-1.900,732
41657.00,1.9080,-2.2240,11.0650,57.190,-17.440,-1.750,732
41667.00,1.9110,-2.6450,11.4720,58.810,-17.880,-1.620,733
41677.00,2.0620,-0.8530,10.3840,59.620,-23.010,-4.300,733
41687.00,2.2150,-0.9750,10.4680,64.610,-18.110,1.240,733
41697.00,2.5390,-0.8350,11.3800,63.610,-12.300,7.900,733
41707.00,2.2500,-1.1230,10.7910,59.020,-19.260,17.490,733
41717.00,2.1460,-0.4530,10.5320,64.130,-17.510,19.030,734
41727.00,2.1220,-0.4240,11.5410,72.740,-10.350,17.740,734
41737.00,2.2090,-0.0840,11.2240,82.490,-13.590,15.410,734
41747.00,1.9590,-0.7160,11.1730,86.590,-17.020,17.550,734
41757.00,1.5360,-1.7250,10.0450,89.670,-21.890,14.100,734
41767.00,0.9160,-4.0600,8.9300,82.050,-16.880,3.440,735
41777.00,1.7730,-0.5510,11.8570,57.310,4.210,-18.340,735
41787.00,2.1660,0.0400,14.7020,37.130,7.770,-17.900,735
41797.00,2.1790,1.3900,11.5340,25.390,-16.710,-17.250,735
41807.00,1.7810,0.2690,9.8630,22.520,-12.470,-13.770,735
41817.00,1.8680,0.3020,10.3710,19.000,7.220,-20.020,736
41827.00,2.0990,0.6600,11.3760,16.410,20.510,-27.510,736
41837.00,2.0330,0.3820,10.9680,19.230,15.960,-28.080,736
41847.00,1.9170,-2.3640,12.4210,22.150,10.480,-25.980,736
41857.00,2.1480,1.4570,12.2530,17.390,-11.190,-24.810,736
41867.00,2.3480,2.2640,9.2980,29.710,-29.660,-27.070,737
41877.00,2.2920,0.8500,10.1950,41.980,-25.740,-10.970,737
41887.00,2.5050,1.0300,10.0170,46.020,-30.160,-11.040,737
41897.00,2.1300,-0.2360,9.2620,40.110,-32.180,-5.840,737
41907.00,2.3120,1.1030,9.8660,39.410,-26.120,-11.630,737
41917.00,2.6570,1.3860,10.5370,35.470,-22.640,-7.430,738
41927.00,2.7700,0.7160,10.2120,28.080,-25.580,-1.900,738
41937.00,2.6040,0.0410,10.0790,19.910,-25.610,-0.260,738
41947.00,2.3860,0.0780,11.5070,19.540,-21.100,-4.180,738
41957.00,2.5060,-0.2730,12.6520,21.500,-24.860,-5.650,738
41967.00,3.1320,2.5130,10.3520,35.750,-39.880,-15.270,739
41977.00,2.7440,2.1240,7.7560,44.550,-45.350,-7.260,739
41988.00,3.0740,1.3440,9.0980,39.530,-28.240,-0.910,739
41998.00,3.2430,1.6290,10.5370,31.130,-18.210,-1.410,739
42008.00,3.4090,2.4500,11.0690,25.200,-21.220,3.910,739
42018.00,3.1990,1.4230,10.4440,17.020,-27.470,13.500,740
42028.00,3.3410,1.4970,9.9090,11.230,-26.940,15.600,740
42038.00,3.2070,1.2800,10.4840,2.810,-20.520,17.910,740
42048.00,3.2390,0.7770,14.6630,-7.270,-17.250,21.550,740
42058.00,3.6700,3.4750,10.9350,-20.920,-36.080,-8.540,740
42068.00,2.6450,-0.1950,9.2240,-18.560,-39.580,12.930,741
42078.00,3.1600,0.0750,8.5290,-8.760,-31.630,1.780,741
42088.00,3.0870,0.3510,8.6570,-9.020,-20.920,-3.550,741
42098.00,3.9920,2.8150,11.8120,-2.860,-6.890,-8.850,741
42108.00,3.9300,0.6040,10.8720,-8.480,-21.680,5.280,741
42118.00,2.9790,0.5940,9.8470,-14.450,-29.990,7.970,742
42128.00,3.7020,1.3770,10.4310,-18.650,-24.300,6.220,742
42138.00,3.4980,0.4710,10.1440,-25.720,-27.540,8.710,742
42148.00,3.4240,-0.1630,10.5020,-32.090,-27.750,9.150,742
42158.00,3.5360,0.3200,10.2280,-32.740,-30.670,4.420,742
42168.00,3.4760,-0.5340,10.0540,-32.980,-33.470,5.420,743
42178.00,3.5470,-0.2520,9.1890,-34.750,-37.020,2.160,743
42188.00,3.7190,0.0980,9.5550,-31.900,-33.260,0.500,743
42198.00,3.7350,0.2640,9.5940,-22.780,-33.790,0.960,743
42208.00,3.7810,0.4410,9.5010,-14.940,-34.980,0.870,743
42218.00,3.8840,0.5470,9.0440,-8.430,-36.380,2.150,744
42228.00,3.8470,0.2220,9.1140,-9.080,-34.770,5.730,744
42238.00,3.7920,-0.1410,9.5330,-14.290,-34.080,7.310,744
42248.00,3.7710,-0.2720,9.8040,-20.610,-34.770,5.560,744
42258.00,4.2200,-0.0150,8.7790,-37.090,-38.440,-2.600,744
42268.00,3.8620,0.4860,9.7310,-40.910,-36.250,-0.780,745
42278.00,3.9230,-0.2400,8.7200,-39.720,-44.010,1.880,745
42288.00,3.9620,-0.3010,8.5960,-35.820,-43.390,0.000,745
42298.00,4.0720,-0.1500,8.9640,-31.760,-42.240,-0.840,745
42308.00,4.0000,-0.3880,8.5350,-27.680,-45.670,0.080,745
42318.00,4.0510,-0.3510,8.3040,-23.440,-45.770,-1.970,746
42328.00,4.0960,-0.3560,7.8050,-21.870,-45.550,-4.300,746
42338.00,4.1350,-0.3670,7.1880,-23.810,-43.690,-5.470,746
42348.00,4.3320,0.1690,8.3850,-23.640,-36.920,-7.280,746
42358.00,4.2890,-0.0090,8.2580,-23.320,-38.970,-5.230,746
42368.00,4.3420,0.1810,8.0970,-22.500,-39.750,-4.440,747
42378.00,4.3400,-0.1590,7.8970,-21.690,-39.950,-2.640,747
42388.00,4.3820,-0.0550,7.1150,-18.810,-39.280,-4.250,747
42398.00,4.6560,0.0860,7.7610,-15.240,-33.260,-5.280,747
42408.00,4.7030,0.1980,8.0780,-14.340,-35.710,-2.660,747
42418.00,4.3540,-1.1100,7.1710,-14.920,-41.850,2.160,748
42428.00,4.7430,0.8200,7.4460,-12.350,-38.070,-3.830,748
42438.00,4.6750,-0.9910,8.7030,-8.710,-34.610,1.740,748
42448.00,4.4600,-1.1440,6.4210,-10.340,-44.650,0.570,748
42458.00,4.8830,-0.3690,8.1160,-7.640,-28.830,-7.660,748
42468.00,5.0150,-0.0630,7.4730,-8.810,-32.120,-7.490,749
42478.00,5.1900,0.2730,7.7890,-9.950,-28.640,-5.580,749
42488.00,5.2250,0.2080,7.9150,-11.740,-28.120,-1.120,749
42498.00,5.3410,-0.1110,7.9700,-14.260,-28.010,3.410,749
42508.00,5.1610,-0.9490,7.9150,-18.740,-27.960,8.100,749
42518.00,5.1130,-1.4790,8.7880,-20.630,-25.400,8.010,750
42528.00,5.2480,-1.3410,8.8470,-18.860,-28.550,4.650,750
42538.00,5.3590,-1.2880,8.2120,-15.080,-33.140,2.810,750
42548.00,5.4140,-1.1650,8.4150,-9.720,-33.510,1.670,750
42558.00,5.3580,-1.2980,7.7460,-3.510,-36.380,1.290,750
42568.00,5.4190,-0.8130,7.4950,1.310,-34.850,-0.780,751
42578.00,5.4950,-0.4710,8.0430,4.130,-31.350,-0.210,751
42588.00,5.5020,-0.6380,7.5290,5.890,-32.750,1.940,751
42598.00,5.5460,-0.5530,7.3800,4.270,-30.530,3.510,751
42608.00,5.5630,-0.6730,7.3750,-0.240,-27.780,6.680,751
42618.00,5.5810,-0.8240,7.3780,-5.540,-25.140,10.040,752
42628.00,5.4860,-0.9830,8.0810,-10.740,-21.260,12.260,752
42638.00,5.4890,-1.3480,9.1480,-13.240,-21.030,13.870,752
42648.00,5.4400,-1.6840,8.7030,-13.770,-28.380,14.290,752
42658.00,5.1870,-1.9740,7.7870,0.030,-33.560,13.520,752
42668.00,6.0380,-0.7890,7.2630,14.400,-34.220,9.580,753
42678.00,5.1340,-3.5580,7.2990,12.840,-31.370,16.690,753
42688.00,5.6140,-0.5180,6.8920,9.480,-33.210,7.570,753
42698.00,5.2790,-1.6250,7.1090,11.320,-27.030,9.620,753
42708.00,5.7970,-1.0250,5.7400,14.560,-27.400,5.940,753
42718.00,5.2820,-2.6360,6.6930,8.960,-18.230,10.670,754
42728.00,5.5110,-1.1700,6.7150,4.740,-18.000,5.400,754
42738.00,5.6840,-1.7320,8.1750,8.150,-13.840,7.590,754
42748.00,5.5680,-1.8120,7.2780,9.900,-26.820,9.860,754
42758.00,6.1290,-0.1990,7.1350,11.270,-30.020,11.740,754
42768.00,5.6470,-1.4720,8.0730,7.590,-33.650,29.620,755
42778.00,6.1470,1.1910,7.3830,11.420,-47.630,36.950,755
42788.00,5.0660,-2.2440,5.7120,20.980,-61.120,60.070,755
42798.00,4.7530,-2.8860,2.2060,20.720,-65.570,54.140,755
42808.00,5.0270,-2.0820,3.9050,19.950,-33.770,37.410,755
42818.00,5.5210,-1.2040,5.3240,19.960,-19.090,23.880,756
42828.00,5.6210,-1.1890,3.8160,16.310,-21.850,17.770,756
42838.00,5.6470,-0.7010,3.8940,9.310,-12.470,15.760,756
42848.00,5.7260,-0.6540,3.8030,10.300,-6.120,13.800,756
42858.00,5.6570,-0.6240,4.3400,10.810,6.230,9.670,756
42868.00,5.3670,-1.0670,3.5460,15.590,5.670,7.220,757
42878.00,5.6170,-0.3750,2.9800,19.120,10.060,1.010,757
42888.00,5.6310,-0.6410,3.3520,19.770,15.990,2.480,757
42898.00,5.6960,0.0660,3.0670,21.500,15.920,2.060,757
42908.00,5.6180,0.0190,1.8690,28.560,13.650,4.680,757
42918.00,5.6650,0.4490,1.5360,32.000,20.540,7.150,758
42928.00,5.3640,0.2220,1.3370,31.920,29.080,13.210,758
42938.00,5.1720,0.3390,1.0910,33.750,38.480,12.380,758
42948.00,5.0580,0.9110,2.4950,35.850,55.190,9.220,758
42958.00,4.9140,0.5140,4.0660,36.220,63.070,13.070,758
42968.00,4.3880,-0.1780,3.8600,35.350,59.200,18.160,759
42978.00,4.1810,-0.2530,3.9050,37.640,61.890,15.450,759
42988.00,4.1090,-0.2210,4.7150,42.920,67.460,11.320,759
42998.00,3.8780,0.0160,4.3750,42.000,65.660,9.620,759
43009.00,3.6250,0.2470,3.6050,40.120,66.390,10.440,759
43019.00,3.4390,0.6500,3.6650,36.450,75.720,12.400,760
43029.00,3.2900,0.6800,4.1440,30.530,85.130,16.830,760
43039.00,3.1960,1.2780,4.8140,23.920,93.200,20.400,760
43049.00,3.0950,0.8570,5.7840,21.030,99.940,27.730,760
43059.00,3.0310,-1.5660,8.2490,30.710,103.680,30.640,760
43069.00,2.8860,-2.6410,8.1220,32.950,93.740,24.000,761
43079.00,2.9220,-2.6500,7.5790,38.320,84.640,10.460,761
43089.00,2.9530,-1.8170,6.9850,41.580,79.590,-2.620,761
43099.00,3.0200,-0.5450,6.2810,37.660,78.050,-10.250,761
43109.00,3.0370,-0.2240,6.8250,31.510,85.620,-10.510,761
43119.00,2.9770,0.0570,8.0780,26.370,93.180,-8.540,762
43129.00,2.8510,-0.2150,9.1820,23.810,95.840,-5.300,762
43139.00,2.7170,-0.8130,10.0210,21.290,94.990,-4.060,762
43149.00,2.6960,-1.8830,10.0460,15.710,89.790,-6.160,762
43159.00,2.7750,-2.0840,10.1790,14.850,85.640,-16.200,762
43169.00,3.0350,-0.8990,10.4590,14.210,80.720,-29.200,763
43179.00,3.2450,0.6910,10.3230,5.720,75.020,-34.260,763
43189.00,3.4760,1.5670,10.4720,14.170,67.550,-27.090,763
43199.00,3.2130,1.6630,10.7660,26.810,61.720,-15.570,763
43209.00,3.1310,1.0770,10.6310,24.950,63.080,-8.100,763
43219.00,2.9980,0.5990,11.0270,33.540,72.520,-5.680,764
43229.00,2.7080,-1.0670,12.0650,42.430,79.900,2.930,764
43239.00,2.3280,-2.9580,13.4260,44.170,69.720,5.660,764
43249.00,2.2540,-4.1030,12.8470,29.480,48.380,-1.850,764
43259.00,2.6840,-1.6390,15.1720,29.170,47.190,-48.190,764
43269.00,2.9010,-0.5350,13.8780,27.730,24.500,-52.200,765
43279.00,2.9520,0.0370,12.1960,30.690,12.470,-53.130,765
43289.00,3.2650,1.1380,12.9990,42.280,18.020,-55.210,765
43299.00,3.4500,1.2470,13.8890,61.280,17.460,-50.730,765
43309.00,3.7850,2.1590,15.2860,82.260,13.310,-45.430,765
43319.00,3.8450,1.4950,16.6370,105.380,2.320,-34.120,766
43329.00,4.0520,1.3330,17.4490,117.700,-14.310,-30.660,766
43339.00,4.0420,0.7640,16.9730,125.560,-37.200,-27.730,766
43349.00,4.0480,-0.4420,16.2500,127.620,-57.990,-24.410,766
43359.00,3.9600,-0.4510,13.3840,111.230,-81.700,-26.840,766
43369.00,4.3650,-0.0010,11.2110,86.240,-88.820,-33.510,767
43379.00,4.2500,0.5380,11.1560,36.680,-75.210,-42.920,767
43389.00,4.8030,2.5670,10.2610,-9.150,-72.620,-56.430,767
43399.00,5.3970,3.9480,9.8470,-44.110,-65.180,-60.210,767
43409.00,5.4490,5.1080,10.0670,-59.860,-53.420,-52.300,767
43419.00,5.3460,3.2970,10.2660,-63.760,-44.920,-37.040,768
43429.00,5.2120,3.2020,9.1150,-71.880,-34.640,-36.190,768
43439.00,4.7530,0.0930,9.7380,-94.510,15.400,-29.520,768
43449.00,8.1540,7.8300,24.4280,-170.510,144.530,-58.740,768
43459.00,7.6410,8.3060,32.3460,-208.680,186.490,66.460,768
43469.00,2.5440,-2.1750,6.3000,-99.240,-308.550,113.830,769
43479.00,2.6390,-3.7250,-7.4390,-101.090,-320.300,79.110,769
43489.00,1.1830,-1.6390,-8.5450,-118.800,-200.020,62.310,769
43499.00,2.6160,-0.9240,-3.7930,-69.240,-50.570,53.440,769
43509.00,3.2760,-2.8220,5.5140,-48.140,56.220,61.540,769
43519.00,2.5220,-4.5080,6.7580,-82.420,54.740,65.920,770
43529.00,1.9480,-3.7930,6.2790,-60.700,28.660,45.110,770
43539.00,3.1990,-3.7470,7.5570,-50.340,48.020,29.250,770
43549.00,3.9750,-4.2580,14.3410,-59.700,97.820,26.190,770
43559.00,4.1990,-4.3440,18.5160,-51.990,79.800,20.120,770
43569.00,4.2020,-2.2700,12.7930,-30.270,-10.250,1.450,771
43579.00,4.0170,-0.9450,6.8920,-13.050,-43.030,-5.540,771
43589.00,3.9690,-1.4300,7.0700,-7.970,-12.560,-1.360,771
43599.00,4.1640,-0.8810,7.7930,-4.330,3.720,-3.810,771
43609.00,4.6970,-1.4050,7.9140,-4.560,7.260,0.360,771
43619.00,4.1550,-2.1530,8.0350,-28.430,19.440,2.530,772
43629.00,3.7370,-0.7010,11.9520,-23.320,34.730,-8.850,772
43639.00,4.3290,-0.5610,11.9250,-9.580,8.940,-4.720,772
43649.00,4.0530,-1.8230,9.9320,-0.100,-13.170,2.040,772
43659.00,4.0100,-1.5180,9.8880,1.120,-10.300,-4.160,772
43669.00,4.0540,-1.0040,9.3320,-12.860,-10.670,-14.260,773
43679.00,4.0790,-0.6970,8.6700,-14.330,-11.700,-14.260,773
43689.00,4.0460,-0.7650,8.3950,-19.000,-8.100,-11.630,773
43699.00,4.1690,-0.5180,8.4840,-19.230,-4.580,-9.670,773
43709.00,4.4350,-0.6000,8.4500,-19.310,-2.810,-6.020,773
43719.00,4.5830,-0.8290,8.4950,-29.100,2.450,-0.780,774
43729.00,4.6860,-1.0160,9.9210,-32.540,8.680,1.940,774
43739.00,4.0470,-1.9710,10.7960,-34.560,6.910,3.980,774
43749.00,4.2050,-2.2970,11.2680,-31.620,-4.770,2.690,774
43759.00,3.9910,-2.1840,9.9200,-37.690,-20.640,0.080,774
43769.00,3.8140,-2.4610,9.3370,-41.120,-22.940,0.590,775
43779.00,3.9750,-3.0650,8.3770,-54.420,-22.780,2.500,775
43789.00,4.1390,-2.6630,8.3440,-70.900,-17.910,-1.960,775
43799.00,4.6030,-1.9030,8.2500,-84.970,-13.030,-2.110,775
43809.00,4.3560,-2.3060,9.3350,-76.120,-7.520,0.820,775
43819.00,4.3930,-2.7330,8.4810,-68.750,-14.290,-0.590,776
43829.00,4.6140,-3.0970,9.2370,-63.480,-13.120,-3.530,776
43839.00,4.1300,-2.0490,11.1800,-38.490,-17.910,-12.180,776
43849.00,4.4370,-0.8800,10.5480,-12.160,-45.000,-6.770,776
43859.00,5.4070,-3.7370,7.7940,-27.400,-64.710,16.530,776
43869.00,3.1150,-2.6380,10.2250,-12.070,-62.630,7.360,777
43879.00,5.5200,0.5320,5.8370,-27.560,-89.720,0.400,777
43889.00,5.3590,-5.8330,3.6500,-49.470,-54.190,35.690,777
43899.00,5.0330,-3.8870,7.9450,-25.790,-2.790,-8.610,777
43909.00,5.2760,-0.5020,8.5230,-55.990,8.640,-35.980,777
43919.00,5.2460,-2.6500,8.9850,-47.380,0.750,-16.390,778
43929.00,5.1290,-1.2050,8.2560,-52.070,-2.090,-19.320,778
43939.00,4.5810,-0.7310,8.5810,-55.940,-1.340,-9.150,778
43949.00,5.0730,-1.0760,8.2830,-65.600,-1.740,9.020,778
43959.00,5.2210,-2.2890,7.7560,-66.200,-3.390,23.290,778
43969.00,5.0010,-3.1460,7.6010,-72.060,2.180,26.190,779
43979.00,5.1930,-3.6520,8.7850,-94.880,13.720,24.130,779
43989.00,6.2320,-4.6140,8.8510,-115.550,15.170,20.000,779
43999.00,4.4230,-8.5860,8.8860,-69.030,-2.900,10.970,779
44009.00,5.4010,-4.7490,8.4580,-65.230,-12.580,-37.170,779
44019.00,4.1920,-4.8820,9.2020,-57.880,-20.140,-42.710,780
44029.00,5.0880,-3.9380,8.0180,-86.740,-31.530,-49.910,780
44040.00,4.9890,-5.3920,8.5920,-56.130,-39.720,-43.030,780
44050.00,4.7170,-5.0710,8.1240,-54.140,-43.010,-46.420,780
44060.00,5.5450,-5.5770,8.4570,-49.170,-41.290,-56.910,780
44070.00,4.0520,-6.2750,8.1420,-26.350,-61.890,-61.280,781
44080.00,4.6430,-5.3700,7.6190,-61.940,-60.980,-87.620,781
44090.00,4.5050,-3.1150,5.9130,-87.480,-53.840,-104.700,781
44100.00,4.3890,0.0530,6.5790,-54.580,-48.260,-104.210,781
44110.00,6.2100,1.4500,6.2810,-25.540,-43.600,-69.770,781
44120.00,6.1570,-1.4100,5.7760,4.460,-29.880,-3.760,782
44130.00,6.1690,-4.4610,5.8210,-1.850,-11.910,27.920,782
44140.00,5.8990,-6.9160,7.0490,22.640,1.690,26.860,782
44150.00,6.4000,-6.6320,7.6250,34.230,6.100,-1.080,782
44160.00,5.7640,-6.1340,7.3780,64.120,-7.360,-20.440,782
44170.00,5.9840,-6.1780,5.1430,77.500,-22.530,-31.620,783
44180.00,5.3150,-4.7610,4.0770,84.080,-13.420,-40.880,783
44190.00,5.9430,-7.0140,3.5050,26.910,19.740,-22.890,783
44200.00,5.0440,-5.7790,4.8940,-27.070,85.570,-31.920,783
44210.00,3.5230,-3.4930,4.8780,23.710,117.560,-68.560,783
44220.00,3.8470,-3.1140,6.7280,59.850,123.300,-81.690,784
44230.00,6.9970,-0.5500,7.7060,30.990,134.960,-91.290,784
44240.00,6.1200,-1.9150,10.3410,28.730,144.250,-79.800,784
44250.00,6.2100,-0.4250,11.5220,1.150,143.720,-101.430,784
44260.00,5.5140,2.5690,13.4720,24.110,146.720,-155.150,784
44270.00,3.7910,8.4490,11.6670,26.930,117.650,-188.230,785
44280.00,2.7030,9.2320,13.4350,3.060,85.960,-142.010,785
44290.00,3.4220,9.3300,13.5450,-74.960,47.880,-79.100,785
44300.00,4.5810,9.4060,13.6150,-127.730,11.900,-38.760,785
44310.00,7.6550,13.0270,13.5150,-150.340,-24.550,-34.370,785
44320.00,7.0610,13.9760,11.7530,-235.930,-66.300,46.840,786
44330.00,4.4790,6.8570,9.8110,-289.320,-113.620,241.970,786
44340.00,2.7250,-1.1420,6.8450,-270.180,-199.070,327.670,786
44350.00,0.5500,-7.8790,0.6120,-280.890,-291.330,327.670,786
44360.00,-3.0500,-13.7570,-6.2910,-229.770,-327.680,327.670,786
44370.00,-5.0720,-20.9640,-9.7320,-69.610,-327.680,327.670,787
44380.00,-7.7210,-28.6100,-11.8340,-16.810,-258.220,327.670,787
44390.00,-7.6490,-32.7680,-15.4940,-43.850,-116.470,327.670,787
44400.00,-7.9070,-32.7680,-12.1970,27.560,81.250,215.470,787
44410.00,-6.7040,-30.3550,-6.1180,7.120,285.960,-57.060,787
44420.00,-6.2330,-20.0270,2.8360,1.470,327.670,-283.690,788
44430.00,-6.0170,-10.5830,11.0440,-41.380,327.670,-327.680,788
44440.00,-7.2860,-2.3000,20.5180,-34.190,327.670,-327.680,788
44450.00,-5.3270,5.0260,29.5480,36.240,327.670,-327.680,788
44460.00,-2.6240,10.3600,32.7670,68.090,327.670,-327.680,788
44470.00,1.1120,14.9260,30.3180,7.420,58.850,-272.520,789
44480.00,-0.2840,12.8510,20.7930,-33.610,-234.020,-167.050,789
44490.00,0.2290,10.7270,12.0140,-69.210,-327.680,-96.250,789
44500.00,3.0980,8.4510,6.1290,-60.770,-327.680,5.720,789
44510.00,5.1130,5.3400,1.1900,-34.820,-327.680,162.760,789
44520.00,3.8520,-1.3200,-1.8520,-38.300,-327.680,327.670,790
44530.00,-0.0780,-9.3430,-8.1940,-128.480,-327.680,327.670,790
44540.00,-1.6350,-15.4500,-11.9290,-82.100,-327.680,327.670,790
44550.00,-4.7480,-19.7740,-16.2750,-44.390,-327.680,327.670,790
44560.00,-6.8000,-26.6750,-18.8790,20.700,-248.480,327.670,790
44570.00,-9.2410,-32.7680,-19.4140,88.060,-66.490,327.670,791
44580.00,-9.4660,-32.6300,-16.5360,99.590,169.890,97.820,791
44590.00,-9.2010,-24.9700,-8.7910,42.430,327.670,-140.710,791
44600.00,-9.6890,-17.6430,-2.1050,48.350,327.670,-305.000,791
44610.00,-10.9080,-10.9910,3.6050,100.940,327.670,-327.680,791
44620.00,-11.6490,-3.8900,8.6100,168.420,327.670,-327.680,792
44630.00,-14.9250,1.7530,11.2660,231.210,327.670,-327.680,792
44640.00,-15.2760,8.9970,22.0880,327.670,327.670,-327.680,792
44650.00,-15.1690,20.6880,27.2440,173.950,327.670,-327.680,792
44660.00,-7.3310,21.2960,26.9090,150.160,215.420,-327.680,792
44670.00,-5.4440,26.4380,26.6590,86.410,70.290,-198.970,793
44680.00,-7.0280,18.8610,26.4320,21.700,-60.700,188.450,793
44690.00,-10.3930,7.6780,24.9460,9.740,-193.960,327.670,793
44700.00,-12.9330,-0.5950,21.2970,-45.460,-323.170,327.670,793
44710.00,-12.7340,-5.5460,18.8380,-97.800,-327.680,327.670,793
44720.00,-12.8070,-8.6720,13.3560,-222.560,-327.680,327.670,794
44730.00,-11.1210,-10.8040,7.9870,-279.260,-327.680,327.670,794
44740.00,-8.4110,-11.8820,3.8280,-243.070,-327.680,327.670,794
44750.00,-7.5230,-13.6610,0.5120,-158.330,-327.680,327.670,794
44760.00,-7.2510,-16.4510,-2.4110,-98.200,-327.680,327.670,794
44770.00,-7.1680,-19.0150,-3.7320,-78.080,-327.680,327.670,795
44780.00,-8.7740,-20.1210,-9.7160,-119.750,-327.680,327.670,795
44790.00,-9.1760,-22.7380,-13.2750,-46.600,-327.680,327.670,795
44800.00,-10.0610,-23.9340,-18.0170,-24.320,-327.680,327.670,795
44810.00,-11.0340,-26.7460,-21.9430,31.530,-327.680,243.190,795
44820.00,-11.5940,-29.1200,-21.5160,143.990,-158.650,79.990,796
44830.00,-11.4320,-23.4520,-17.4640,127.680,89.330,-150.620,796
44840.00,-9.9790,-14.0900,-8.8880,84.560,327.670,-327.680,796
44850.00,-8.9710,-7.1110,-1.4900,30.940,327.670,-327.680,796
44860.00,-7.4040,-1.2620,6.8290,82.770,327.670,-327.680,796
44870.00,-6.9210,8.2820,28.3040,-37.640,327.670,-327.680,797
44880.00,-8.6440,11.2680,32.7670,-74.700,327.670,-327.680,797
44890.00,-8.0700,11.4010,32.7670,-73.340,327.670,-327.680,797
44900.00,-6.1340,9.4870,32.7670,-89.160,327.070,-327.680,797
44910.00,-6.2170,8.2480,32.7670,-83.540,-164.370,-294.840,797
44920.00,-6.0160,8.1720,27.7540,-56.800,-327.680,-211.200,798
44930.00,-7.0300,6.9410,16.0660,-29.600,-327.680,-102.060,798
44940.00,-6.6900,8.0380,2.8530,12.190,-327.680,15.950,798
44950.00,-7.1270,5.1980,-2.0820,158.740,-327.680,176.410,798
44960.00,-7.2980,1.8430,-8.8770,112.570,-327.680,301.220,798
44970.00,-8.3500,-1.1310,-12.8740,72.410,-327.680,327.670,799
44980.00,-10.2610,-3.5800,-18.2390,52.180,-327.680,327.670,799
44990.00,-11.7150,-7.1460,-22.2170,104.030,-327.680,327.670,799
45000.00,-16.5640,-11.8440,-26.4400,82.400,-327.680,327.670,799
45010.00,-20.0960,-18.9360,-27.9860,191.640,-327.680,327.670,799
45020.00,-16.1310,-20.7990,-30.8350,202.100,-118.100,309.520,800
45030.00,-7.8600,-18.4300,-26.0200,80.510,312.810,151.180,800
45040.00,-7.6770,-16.2100,-13.7180,41.310,327.670,119.010,800
45051.00,-10.4210,-15.7670,-0.8290,134.080,327.670,159.020,800
45061.00,-13.7440,-15.2840,7.9440,117.490,327.670,228.530,800
45071.00,-16.2160,-21.6670,25.6650,293.940,327.670,323.150,801
45081.00,-12.3920,-23.4770,32.2860,283.040,327.670,188.350,801
45091.00,-8.5730,-20.7840,32.7670,232.190,327.670,-22.190,801
45101.00,-6.1000,-14.1750,32.7670,173.020,171.340,-220.900,801
45111.00,-4.9190,-6.6420,27.9990,124.110,-65.290,-327.680,801
45121.00,-3.1090,-0.8760,22.5550,61.090,-192.000,-327.680,802
45131.00,-0.9950,3.5120,19.7390,1.760,-227.930,-327.680,802
45141.00,-0.2230,6.0580,17.6610,-19.240,-263.160,-327.680,802
45151.00,1.0970,6.3850,14.0920,-24.130,-327.680,-271.650,802
45161.00,1.4970,4.4620,9.7070,-4.980,-327.680,-127.050,802
45171.00,1.0870,0.6500,4.8270,12.330,-327.680,11.910,803
45181.00,-0.0390,-3.4310,-0.1000,28.140,-327.680,114.570,803
45191.00,-2.0920,-6.9030,-5.3570,57.780,-327.680,172.260,803
45201.00,-4.0110,-9.6380,-10.9170,90.190,-327.680,187.560,803
45211.00,-5.4920,-11.8800,-15.9910,103.930,-327.680,172.910,803
45221.00,-4.4450,-13.8740,-20.3620,89.810,-327.680,144.260,804
45231.00,-2.9880,-15.7730,-21.8730,57.240,-236.420,104.840,804
45241.00,-2.5350,-16.2710,-16.9620,3.060,78.050,43.100,804
45251.00,-2.3960,-14.2310,-8.0090,-28.310,327.670,-24.790,804
45261.00,-2.8230,-12.2290,0.9040,10.860,327.670,-72.940,804
45271.00,-0.8300,-10.2250,15.2410,72.660,327.670,-106.080,805
45281.00,-0.9830,-10.6000,19.3070,64.500,327.670,-95.250,805
45291.00,-1.3000,-10.8280,22.2410,87.360,327.670,-101.780,805
45301.00,-0.9510,-9.3340,22.1360,97.100,216.300,-142.110,805
45311.00,1.1700,-6.0190,18.7250,87.920,39.480,-187.390,805
45321.00,2.2150,-3.3940,13.4850,73.550,-92.170,-199.690,806
45331.00,2.6320,-2.4900,8.7640,48.700,-151.000,-176.220,806
45341.00,3.1960,-2.7660,6.4600,12.370,-134.380,-136.550,806
45351.00,3.4150,-3.7890,6.9700,-28.640,-73.760,-99.060,806
45361.00,3.7900,-5.3670,9.3090,-56.380,-20.770,-74.140,806
45371.00,4.0010,-6.1070,11.3060,-35.190,-20.470,-66.970,807
45381.00,4.9310,-5.4620,10.0430,-13.730,-69.000,-71.360,807
45391.00,3.8710,-5.0790,7.8520,-1.180,-117.870,-69.420,807
45401.00,2.6830,-4.9810,5.1610,-1.600,-143.690,-71.730,807
45411.00,4.2170,-4.9680,3.0410,16.760,-145.580,-84.520,807
45421.00,4.8720,-3.1930,1.9890,8.060,-123.630,-97.470,808
45431.00,5.4610,-2.9930,1.2530,5.510,-99.030,-76.090,808
45441.00,4.8050,-4.4450,2.1990,9.410,-64.290,-40.540,808
45451.00,2.6700,-5.0510,2.6160,-23.780,-33.300,-32.630,808
45461.00,3.6450,-4.1430,3.8580,-46.680,-4.160,-39.250,808
45471.00,3.9450,-4.7410,3.9670,-38.160,-23.110,-23.320,809
45481.00,3.4820,-4.4180,3.4040,-27.490,-33.660,-27.140,809
45491.00,6.6640,-4.2060,2.5260,-43.900,-33.720,-30.080,809
45501.00,10.0270,-5.2430,0.3240,-27.420,-48.560,-2.810,809
45511.00,7.0850,-5.3580,-0.1010,19.040,-24.630,33.280,809
45521.00,5.1620,-5.6960,1.3120,7.560,26.460,47.330,810
45531.00,4.6570,-5.5810,3.2480,-43.430,72.780,52.880,810
45541.00,4.5950,-5.4850,5.9640,-68.070,109.930,62.210,810
45551.00,4.0780,-6.6370,9.1270,-92.310,132.000,82.700,810
45561.00,6.2030,-7.9110,11.9480,-101.370,127.640,105.900,810
45571.00,4.9570,-9.3170,13.9880,-68.350,72.250,130.490,811
45581.00,3.9630,-11.7640,14.8780,-71.570,-0.800,139.680,811
45591.00,3.8470,-13.3380,14.2440,-100.010,-64.900,113.660,811
45601.00,4.5410,-12.7390,13.4420,-107.620,-117.520,66.880,811
45611.00,3.6430,-10.7940,10.9790,-113.430,-172.400,30.480,811
45621.00,3.0010,-9.2620,7.7350,-92.780,-231.190,18.210,812
45631.00,0.8920,-8.4440,5.7730,-53.400,-302.010,24.460,812
45641.00,-2.6260,-7.7240,2.2760,-50.410,-327.680,37.650,812
45651.00,-6.4770,-7.3420,-2.5540,-14.260,-327.680,70.470,812
45661.00,-8.2270,-8.7330,-10.0580,65.060,-327.680,143.420,812
45671.00,-14.9150,-19.0970,-22.8830,199.480,-327.680,263.490,813
45681.00,-18.1120,-27.8560,-31.0690,132.800,-327.680,327.670,813
45691.00,-21.1640,-32.7680,-30.5740,263.650,-103.860,327.670,813
45701.00,-24.0330,-32.7680,-19.7390,327.670,302.130,-7.570,813
45711.00,-28.1500,-27.4860,-8.1570,327.670,327.670,-327.680,813
45721.00,-28.4480,-8.4440,3.8410,327.670,327.670,-327.680,814
45731.00,-27.6690,4.2310,4.4970,269.020,327.670,-327.680,814
45741.00,-26.7000,12.2010,8.6710,327.670,327.670,-327.680,814
45751.00,-32.7680,20.3150,8.8840,321.020,327.670,-327.680,814
45761.00,-32.7680,32.7670,14.6970,242.620,327.670,-327.680,814
45771.00,-32.7680,32.7670,22.2600,86.450,327.670,-327.680,815
45781.00,-32.7680,32.7670,30.0590,-108.970,327.670,-327.680,815
45791.00,-32.7090,32.7670,32.7670,-245.330,327.670,-327.680,815
45801.00,-9.5330,32.7670,32.7670,-327.680,327.670,-327.680,815
45811.00,-12.2040,32.7670,32.7670,-313.650,-156.640,327.670,815
45821.00,-25.6100,18.4670,25.6820,-143.160,-327.680,327.670,816
45831.00,-30.0250,7.1100,16.2750,-327.680,-327.680,327.670,816
45841.00,-32.7680,-0.1570,10.8020,-327.680,-327.680,327.670,816
45851.00,-27.3210,-4.9660,10.0210,-327.680,-327.680,327.670,816
45862.00,-26.6270,-8.2690,3.9610,-327.680,-327.680,327.670,816
45871.00,-19.7440,-7.8470,-9.2210,-252.610,-327.680,327.670,817
45881.00,-25.2470,-10.5630,-17.0290,-12.960,-327.680,327.670,817
45891.00,-32.4860,-16.8310,-21.5350,88.530,-327.680,327.670,817
45901.00,-32.7680,-24.6900,-26.6340,76.520,-327.680,327.670,817
45911.00,-32.7680,-32.7680,-29.2790,155.750,-327.680,327.670,817
45921.00,-32.7640,-32.7680,-27.4720,241.300,-46.300,327.670,818
45931.00,-30.8810,-32.7680,-19.9470,273.730,327.670,327.670,818
45941.00,-27.9800,-32.4100,-10.4940,307.580,327.670,-97.120,818
45951.00,-25.5350,-21.2450,-3.6390,327.670,327.670,-327.680,818
45961.00,-23.5040,-11.3340,3.0590,327.670,327.670,-327.680,818
45971.00,-16.1970,-5.4020,7.0340,327.670,327.670,-327.680,819
45981.00,-22.9570,0.6910,8.8340,327.670,327.670,-327.680,819
45991.00,-28.7540,5.1960,11.7080,327.670,327.670,-327.680,819
46001.00,-32.7680,9.7790,15.3140,327.670,327.670,-327.680,819
46011.00,-32.7680,14.5160,19.2390,327.670,327.670,-327.680,819
46021.00,-32.7680,17.5480,19.8950,306.950,327.670,-327.680,820
46031.00,-32.7680,17.9600,23.1760,255.460,327.670,-327.680,820
46042.00,-29.6010,19.7440,27.6410,215.840,327.670,-327.680,820
46051.00,-22.2770,21.1570,32.7670,219.800,327.670,-327.680,820
46061.00,-12.8140,22.7710,32.7670,211.310,327.670,-327.680,820
46071.00,-7.5640,19.8720,26.3090,169.130,15.680,-198.600,821
46082.00,-6.2630,14.7320,20.3520,133.750,-327.680,324.780,821
46092.00,-5.4530,10.6540,14.5170,71.750,-327.680,327.670,821
46102.00,-5.3020,8.1850,10.2460,11.070,-327.680,327.670,821
46112.00,-10.0170,6.1870,3.8480,-54.000,-327.680,327.670,821
46122.00,-15.9540,4.1310,-1.2450,-19.300,-327.680,327.670,822
46132.00,-23.7940,0.5680,-4.0780,-0.100,-327.680,327.670,822
46142.00,-23.1550,-1.4460,-10.2370,-117.630,-327.680,327.670,822
46152.00,-19.3290,-3.5830,-14.1910,-99.920,-327.680,327.670,822
46162.00,-15.9620,-5.4590,-16.3020,48.630,-327.680,327.670,822
46172.00,-12.5350,-10.2580,-17.9580,144.060,-327.680,327.670,823
46182.00,-9.5290,-14.5660,-18.3540,205.620,-327.680,327.670,823
46192.00,-10.2220,-19.0080,-16.2370,273.000,25.070,327.670,823
46202.00,-9.8770,-21.5670,-11.6910,327.670,327.670,327.670,823
46212.00,-15.2250,-21.1840,-5.0780,327.670,327.670,327.670,823
46222.00,-27.9740,-19.2050,2.6830,324.530,327.670,327.670,824
46232.00,-32.7680,-17.3500,9.1760,215.540,327.670,327.670,824
46242.00,-32.7680,-16.6610,14.5390,210.780,327.670,327.670,824
46252.00,-32.7680,-18.1190,21.9380,288.430,327.670,278.590,824
46262.00,-32.7680,-20.8630,30.0860,327.670,327.670,134.870,824
46272.00,-28.8500,-22.2920,32.7670,327.670,327.670,-99.820,825
46282.00,-11.3250,-11.3730,32.7670,327.670,45.360,-327.680,825
46292.00,-9.8870,-3.8650,29.7780,327.670,-327.680,-327.680,825
46302.00,-10.2740,0.8730,20.8760,327.670,-327.680,-327.680,825
46312.00,-12.2460,2.5770,13.8780,327.670,-327.680,-327.680,825
46322.00,-18.7190,4.7120,6.1870,327.670,-327.680,-327.680,826
46332.00,-32.7680,4.9490,-0.4150,327.670,-327.680,-327.680,826
46342.00,-32.7680,4.0030,-7.7500,327.460,-327.680,-243.070,826
46352.00,-32.7680,1.6110,-13.7070,305.410,-327.680,-50.240,826
46362.00,-32.7680,-0.7750,-19.2700,231.780,-327.680,103.540,826
46372.00,-32.7680,-3.8650,-31.9150,74.830,-327.680,156.300,827
46382.00,-25.4240,-7.2620,-32.7680,105.380,-327.680,103.520,827
46392.00,-7.3540,-10.4510,-32.7680,122.850,-327.680,-20.930,827
46402.00,3.5180,-11.5940,-32.7680,153.470,-322.920,-208.600,827
46412.00,5.9090,-7.2530,-32.7680,173.810,287.360,-327.680,827
46422.00,4.0540,-1.3080,-29.8660,176.290,327.670,-327.680,828
46432.00,-6.8820,1.9090,-16.2710,168.980,327.670,-327.680,828
46442.00,-21.7510,3.3420,-5.3880,167.910,327.670,-327.680,828
46452.00,-32.7680,3.6230,3.4300,162.310,327.670,-185.810,828
46462.00,-32.7680,2.4830,9.2630,139.930,327.670,-3.020,828
46472.00,-32.7680,0.8800,13.5030,100.360,327.670,142.200,829
46482.00,-32.7680,-3.6340,21.8050,-73.370,327.670,326.260,829
46492.00,-32.7680,-7.1220,29.1420,-67.540,327.670,327.670,829
46502.00,-32.7680,-12.6120,32.7670,-27.660,327.670,327.670,829
46512.00,-32.7680,-19.5320,32.7670,60.700,327.670,255.580,829
46522.00,-24.6340,-23.8460,32.7670,140.050,327.670,8.310,830
46532.00,-20.8720,-19.5620,32.7670,135.640,-12.510,-313.560,830
46542.00,-28.5360,-10.6820,32.7670,100.150,-327.680,-327.680,830
46552.00,-32.7680,-3.3840,22.2190,67.300,-327.680,-327.680,830
46562.00,-32.7680,0.6960,10.8220,74.350,-327.680,-327.680,830
46572.00,-32.7680,3.5150,2.9730,61.090,-327.680,-327.680,831
46582.00,-32.7680,4.4500,-0.8050,97.400,-327.680,-327.680,831
46592.00,-32.7680,4.4750,-3.9680,118.260,-327.680,-327.680,831
46602.00,-32.7680,4.2280,-7.8840,132.770,-327.680,-327.680,831
46612.00,-32.7680,3.5790,-11.0150,180.820,-327.680,-242.060,831
46622.00,-32.7680,2.4530,-15.0050,186.250,-327.680,-115.320,832
46632.00,-32.7680,1.3000,-23.5020,94.460,-327.680,-21.070,832
46642.00,-32.7680,0.2780,-32.7680,57.750,-327.680,16.060,832
46652.00,-29.4840,-1.2690,-32.7680,53.910,-327.680,19.240,832
46662.00,-12.8070,-2.4780,-32.7680,83.860,-327.680,-34.680,832
46672.00,-6.6860,-2.0250,-32.7680,140.010,-198.440,-129.600,833
46682.00,-14.6790,3.3570,-30.2620,186.250,327.670,-267.060,833
46692.00,-21.9230,4.9800,-14.6300,179.790,327.670,-265.190,833
46702.00,-29.4640,6.1230,-3.1380,138.670,327.670,-207.230,833
46712.00,-32.7680,6.2670,3.5240,42.630,327.670,-56.710,833
46722.00,-32.7680,5.4040,8.8250,-60.040,327.670,181.420,834
46732.00,-32.7680,3.5150,12.6860,-122.600,327.670,327.670,834
46742.00,-32.7680,0.8360,14.9910,-112.820,327.670,327.670,834
46752.00,-32.7680,-2.6900,17.2390,-104.380,327.670,327.670,834
46762.00,-32.7680,-7.9050,21.4690,-81.840,327.670,327.670,834
46772.00,-32.7680,-15.2060,27.7350,-45.280,327.670,327.670,835
46782.00,-32.7680,-24.3700,32.7670,-4.020,327.670,327.670,835
46792.00,-32.7680,-32.7680,32.7670,21.330,327.670,327.670,835
46802.00,-32.7680,-32.7680,32.7670,46.060,327.670,257.580,835
46812.00,-32.7680,-29.3880,32.7670,62.680,-301.920,-278.810,835
46822.00,-32.7680,-18.1770,22.9890,30.180,-327.680,-327.680,836
46832.00,-32.7680,-8.6150,10.7010,-51.810,-327.680,-327.680,836
46842.00,-32.7680,-0.6930,2.0170,-132.280,-327.680,-327.680,836
46852.00,-32.7680,4.1500,-2.7430,-161.260,-327.680,-327.680,836
46862.00,-32.7680,6.7030,-4.2650,-124.330,-327.680,-327.680,836
46872.00,-32.7680,7.6740,-3.6900,-68.350,-327.680,-327.680,837
46882.00,-32.7680,9.9820,-6.9600,118.020,-327.680,-327.680,837
46892.00,-32.7680,9.2260,-7.3100,123.460,-327.680,-327.680,837
46902.00,-32.7680,9.9940,-8.8590,115.230,-327.680,-327.680,837
46912.00,-32.7680,11.2360,-12.2030,91.700,-327.680,-327.680,837
46922.00,-32.7680,11.7530,-15.7050,78.170,-327.680,-327.680,838
46932.00,-32.7680,12.6190,-19.4910,57.800,-327.680,-327.680,838
46942.00,-32.7680,13.1240,-24.9700,14.030,-327.680,-327.680,838
46952.00,-32.7680,13.9230,-30.3970,31.010,-327.680,-327.680,838
46962.00,-29.5220,14.1790,-32.7680,23.800,-327.680,-218.270,838
46972.00,-26.3350,13.7510,-32.7680,45.220,-327.680,-39.340,839
46982.00,-23.2470,12.2730,-32.7680,78.940,-111.420,134.810,839
46992.00,-24.1320,8.9370,-32.7680,62.520,327.670,283.390,839
47002.00,-31.3850,5.6230,-25.2640,100.410,327.670,327.670,839
47012.00,-32.7680,3.9660,-17.0870,128.780,327.670,327.670,839
47022.00,-32.7680,3.2020,-9.7840,144.950,327.670,327.670,840
47032.00,-32.7680,3.9360,-5.1600,154.010,327.670,283.770,840
47042.00,-32.7680,4.6000,-1.6490,89.460,327.670,274.590,840
47052.00,-32.7680,5.8340,1.3920,20.160,327.670,327.670,840
47062.00,-32.7680,5.0260,5.7930,-45.530,327.670,327.670,840
47072.00,-32.7680,4.3360,11.0950,-106.500,327.670,327.670,841
47082.00,-32.7680,3.3880,11.9770,-224.380,327.670,327.670,841
47092.00,-32.7680,1.6980,13.6210,-274.200,327.670,327.670,841
47102.00,-32.7680,-2.0450,16.1830,-327.680,327.670,327.670,841
47113.00,-32.7680,-10.1830,20.1350,-327.680,327.670,327.670,841
47123.00,-32.7680,-23.6440,28.4980,-284.190,327.670,327.670,842
47133.00,-32.7680,-32.7680,32.7670,-134.290,327.670,327.670,842
47143.00,-32.7680,-32.7680,28.4330,-34.980,-30.430,-116.140,842
47153.00,-32.7680,-20.4370,17.1270,-82.050,-305.250,-327.680,842
47163.00,-32.7680,-2.6150,6.4280,-183.170,-327.680,-327.680,842
47173.00,-32.7680,8.2140,-0.1850,-235.890,-327.680,-327.680,843
47183.00,-32.7680,9.6820,-0.2580,-96.210,-327.680,-327.680,843
47193.00,-32.7680,10.9780,-1.0040,-76.780,-327.680,-327.680,843
47203.00,-32.7680,12.1780,-2.3460,-20.420,-327.680,-327.680,843
47213.00,-32.7680,12.3630,-3.7970,47.020,-327.680,-327.680,843
47223.00,-32.7680,12.4650,-4.3390,77.140,-327.680,-327.680,844
47233.00,-32.7680,13.6540,-6.2590,98.700,-327.680,-327.680,844
47243.00,-32.7680,13.9620,-7.0690,134.550,-327.680,-327.680,844
47253.00,-32.7680,15.2660,-9.2800,165.060,-327.680,-327.680,844
47263.00,-32.7680,15.4670,-11.2640,212.150,-327.680,-327.680,844
47273.00,-32.7680,16.6010,-14.2570,187.190,-327.680,-327.680,845
47283.00,-32.7680,19.3620,-24.8050,179.140,-327.680,-327.680,845
47293.00,-25.5250,20.6400,-32.1020,132.090,-327.680,-327.680,845
47303.00,-14.6710,21.0530,-32.7680,159.630,-327.680,-148.120,845
47313.00,-7.7700,19.3900,-32.7680,192.760,-327.680,84.470,845
47323.00,-6.3030,15.5920,-32.7680,216.770,-93.300,287.080,846
47333.00,-6.2880,11.2210,-31.3450,284.060,259.170,327.670,846
47343.00,-5.6570,7.9840,-23.0690,327.670,327.670,327.670,846
47353.00,-7.9930,5.2980,-16.8010,327.670,327.670,327.670,846
47363.00,-10.3270,2.2950,-11.5760,327.670,327.670,327.670,846
47373.00,-9.2350,1.8750,-7.9880,327.670,327.670,327.670,847
47383.00,-11.6610,1.3310,-4.5060,327.670,327.670,327.670,847
47393.00,-18.1740,-0.5570,-1.8860,327.670,327.670,327.670,847
47403.00,-23.2000,-2.0620,1.1840,327.670,327.670,327.670,847
47413.00,-26.1890,-3.5120,3.5040,327.670,327.670,327.670,847
47423.00,-27.7000,-5.0200,5.4460,327.670,327.670,327.670,848
47433.00,-27.8770,-6.4830,7.4900,327.670,327.670,327.670,848
47443.00,-28.7210,-8.0630,9.5150,302.590,327.670,327.670,848
47453.00,-28.5210,-9.8710,11.2700,247.990,327.670,327.670,848
47463.00,-27.5800,-12.6000,12.4280,198.850,327.670,327.670,848
47473.00,-25.5810,-15.4750,14.4340,185.740,327.670,327.670,849
47483.00,-18.7340,-21.0310,19.0640,165.830,327.670,327.670,849
47493.00,-14.6320,-23.6490,20.2940,122.850,327.670,327.670,849
47503.00,-11.1020,-25.1270,20.6760,96.840,245.150,223.420,849
47513.00,-10.2690,-22.8880,19.0380,65.110,23.270,-4.490,849
47523.00,-11.0640,-18.4790,15.3760,37.450,-172.400,-198.970,850
47533.00,-9.5850,-14.7550,11.9380,6.000,-322.850,-327.680,850
47543.00,-5.0470,-12.6840,9.7930,-11.560,-327.680,-327.680,850
47553.00,-11.4540,-8.7750,5.3950,-26.980,-327.680,-327.680,850
47563.00,-13.0970,-6.0160,2.8630,-41.700,-327.680,-327.680,850
47573.00,-10.8490,-4.1640,1.6230,-62.800,-327.680,-327.680,851
47583.00,-7.3340,-3.5470,0.6260,-52.490,-327.680,-327.680,851
47593.00,-7.0140,-2.9930,-0.5620,-36.900,-327.680,-327.680,851
47603.00,-4.1630,-0.8430,-0.5580,-41.420,-327.680,-327.680,851
47613.00,-2.3800,0.3500,-1.3530,-30.510,-327.680,-327.680,851
47623.00,-0.5440,1.1640,-1.8670,9.880,-327.680,-298.900,852
47633.00,1.3930,1.3560,-3.0010,27.980,-327.680,-179.950,852
47643.00,3.2620,0.1450,-4.3010,46.980,-327.680,-32.740,852
47653.00,1.6110,-1.7020,-5.2340,61.460,-234.040,76.120,852
47663.00,1.5580,-2.5540,-3.9680,4.020,-78.060,100.620,852
47673.00,0.6890,-1.7340,-1.5640,-79.160,78.920,77.200,853
47683.00,-4.8640,-1.6510,2.9160,-130.700,180.050,110.280,853
47693.00,-4.6130,-4.4630,6.3840,-189.500,327.670,304.830,853
47703.00,-4.6630,-15.2940,10.1260,-115.300,260.480,327.670,853
47713.00,-5.8880,-19.2470,11.7240,-160.640,190.270,327.670,853
47723.00,-8.0430,-15.1480,15.0480,-303.580,172.000,255.840,854
47733.00,-10.0650,-13.6700,18.3270,-313.160,38.460,158.050,854
47743.00,-6.6500,-11.4360,16.8590,-321.630,-138.000,71.320,854
47753.00,-3.5920,-8.6700,14.2160,-300.010,-300.010,17.830,854
47763.00,-0.1570,-8.8350,9.0220,-221.510,-327.680,45.690,854
47773.00,2.8640,-11.0870,2.8680,-178.840,-327.680,113.660,855
47783.00,-5.3970,-10.3620,-1.5390,-195.910,-327.680,106.530,855
47793.00,-8.3460,-4.5850,-4.7360,-242.950,-327.680,20.630,855
47803.00,-5.7140,-3.3930,-6.5920,-174.730,-327.680,45.580,855
47813.00,-4.6210,-1.5720,-8.2250,-168.520,-327.680,84.330,855
47823.00,-5.2280,-2.0860,-7.3350,-169.500,-327.680,164.440,856
47833.00,-4.9960,-3.0790,-7.0040,-178.350,-275.990,228.440,856
47843.00,-6.2770,-4.1220,-5.4410,-186.350,-211.360,266.120,856
47853.00,-7.1190,-5.2350,-4.9190,-204.320,-178.340,291.790,856
47863.00,-6.2650,-6.8590,-4.6400,-156.640,-201.090,311.480,856
47873.00,-7.7690,-9.4560,-1.1420,-300.870,-97.660,327.670,857
47883.00,-6.0190,-10.2870,-4.3710,-254.220,-153.120,291.120,857
47893.00,-8.3980,-7.7220,-6.5490,-24.790,-280.030,123.300,857
47903.00,-8.8430,-7.0250,-7.8800,-14.570,-242.490,113.360,857
47913.00,-8.5160,-7.5550,-8.4110,-20.490,-171.910,118.030,857
47923.00,-7.2010,-7.7500,-8.1110,-5.860,-97.560,99.690,858
47933.00,-6.8320,-7.1220,-4.8170,-31.070,3.510,74.140,858
47943.00,-7.6850,-5.2010,-2.6750,-34.940,54.740,47.190,858
47953.00,-8.3060,-4.1250,-0.8140,-34.560,82.880,45.410,858
47963.00,-8.5500,-2.7550,-0.4910,-48.710,94.290,54.440,858
47973.00,-8.9670,-1.5450,-1.4530,-70.800,99.750,78.410,859
47983.00,-9.3700,-0.9040,-1.2370,-127.880,135.810,126.820,859
47993.00,-4.9100,-1.5560,0.9320,-207.120,199.200,189.960,859
48003.00,-10.4210,-2.7120,-3.3570,-150.650,105.380,220.350,859
48013.00,9.5370,-5.3510,-2.9710,-82.240,1.900,185.420,859
48023.00,-0.5530,-9.6960,-10.0730,-118.010,2.520,30.600,860
48033.00,-3.3930,-9.8290,-12.0230,-125.350,26.680,-73.930,860
48043.00,-10.2140,1.1380,-7.3310,-25.980,62.090,-124.810,860
48053.00,-10.8210,-1.9700,-2.3600,-47.650,179.280,-41.420,860
48063.00,-8.8780,-5.1690,-1.0880,-52.550,177.360,-11.770,860
48073.00,-7.0010,-5.9470,-1.3450,-40.630,150.990,6.170,861
48083.00,-6.5690,-6.3620,-0.0680,-37.390,121.310,20.770,861
48093.00,-5.7280,-7.6840,-4.2720,-37.040,59.690,48.120,861
48103.00,-5.2060,-8.3400,-3.5770,-7.760,49.890,24.620,861
48113.00,-10.8840,-4.1650,-0.7780,-6.030,42.890,-1.730,861
48123.00,-13.9400,-2.2330,-1.0480,46.110,-63.220,26.190,862
48134.00,-8.8630,-6.3260,-2.4990,44.040,-101.210,94.770,862
48144.00,-7.9260,-7.0540,-2.5550,17.480,-97.000,80.910,862
48154.00,-8.6990,-7.8610,-3.3550,20.000,-122.490,56.970,862
48164.00,-8.3900,-8.4110,-3.8060,4.860,-122.720,30.480,862
48174.00,-8.3880,-8.3760,-3.8910,-6.170,-119.050,-7.120,863
48184.00,-8.0980,-8.9260,-6.4530,41.790,-181.780,-44.060,863
48194.00,-7.2150,-8.5020,-7.1860,27.680,-157.900,-93.240,863
48204.00,-7.7940,-6.9720,-7.0140,15.730,-114.060,-156.620,863
48214.00,-9.4810,-4.8700,-7.4590,25.560,-99.320,-204.130,863
48224.00,-7.4910,-3.2930,-6.9330,-4.490,-30.760,-221.280,864
48234.00,-7.2530,-1.3980,-5.3880,-28.800,46.110,-222.420,864
48244.00,-6.6010,-0.5810,-4.2840,-44.250,97.280,-200.060,864
48254.00,-4.7210,0.0410,-3.3100,-54.310,130.910,-170.360,864
48264.00,-5.8030,1.3860,-1.7910,-63.380,145.320,-138.250,864
48274.00,-6.4800,-0.4400,-3.2190,-60.720,113.620,-57.620,865
48284.00,-5.1270,-1.4810,-2.3650,-77.620,134.450,0.240,865
48294.00,-5.0480,-2.8920,-1.3870,-33.520,103.460,132.280,865
48304.00,-7.0790,-3.5040,-0.4290,-72.570,130.110,176.550,865
48314.00,-7.5680,-4.6010,-0.9830,-12.510,87.220,194.370,865
48324.00,-5.0080,-5.1120,-1.3250,-7.970,82.680,200.600,866
48334.00,2.2260,-3.5460,-2.3480,-50.550,85.940,169.200,866
48344.00,0.7900,-10.5940,-1.0910,34.240,50.270,-28.140,866
48354.00,-6.6140,-7.2020,-3.6390,10.200,58.430,-122.790,866
48364.00,-8.3720,-4.2960,-1.8840,52.920,46.140,-209.420,866
48374.00,-7.5810,-5.1750,-2.1340,28.870,54.370,-251.490,867
48384.00,-6.5180,-7.3670,-0.8750,3.160,65.380,-248.670,867
48394.00,-4.2350,-7.9740,-1.8260,-17.930,44.030,-245.800,867
48404.00,-4.5180,-7.5900,-4.6130,-54.210,28.660,-225.940,867
48414.00,-2.3290,-7.8410,-6.6710,-52.210,26.350,-218.620,867
48424.00,-5.2390,-6.9450,-3.8060,31.270,11.410,-285.020,868
48434.00,-5.9280,-7.3310,-4.8510,45.410,18.070,-268.450,868
48444.00,-3.3970,-8.2560,-3.9270,63.350,6.660,-241.290,868
48454.00,-2.5540,-8.8110,-3.9940,58.130,-6.780,-208.120,868
48464.00,-0.5800,-9.6890,-4.2160,60.560,-4.530,-162.050,868
48474.00,-0.8780,-9.4440,-1.9570,59.500,12.750,-104.090,869
48484.00,-1.1600,-9.3170,-2.8780,6.790,7.490,-55.580,869
48494.00,-1.1470,-8.7900,-3.2970,-10.110,30.990,-13.000,869
48504.00,-0.4450,-8.8650,-3.2430,-25.910,51.110,-16.360,869
48514.00,-0.7070,-8.7380,-3.6400,-39.670,67.280,-25.060,869
48524.00,-0.6320,-8.9770,-2.6440,-49.410,82.210,-30.320,870
48534.00,-2.2320,-8.3940,-4.1740,-92.170,91.520,-22.050,870
48544.00,-2.1770,-8.0140,-5.8560,-80.250,79.200,-35.290,870
48554.00,-2.1260,-7.8860,-4.9050,-44.530,76.030,-53.770,870
48564.00,-1.1560,-7.9570,-2.9510,-39.400,81.670,-79.900,870
48574.00,-1.4330,-7.8810,-3.7410,-87.020,98.310,-107.570,871
48584.00,-1.4810,-7.6910,-4.8140,-109.040,128.670,-132.910,871
48594.00,1.3500,-8.2540,-5.6540,-111.500,146.160,-155.430,871
48604.00,0.3970,-8.3130,-2.2090,-102.530,154.750,-153.940,871
48614.00,0.3170,-10.1610,0.7360,-306.240,122.080,-128.640,871
48624.00,1.0430,-6.4520,-10.0730,-327.680,98.280,-127.500,872
48634.00,6.3570,-4.1680,-10.0300,-327.680,144.880,-69.800,872
48644.00,-0.6850,-10.3990,-9.8280,-189.590,73.600,61.310,872
48654.00,-1.2660,-9.6580,0.0660,-86.410,58.940,26.400,872
48664.00,0.5210,-7.7690,-6.3180,-327.680,3.580,-37.660,872
48674.00,0.8310,-5.1500,-8.1650,-327.680,-22.880,-73.600,873
48684.00,0.6890,-4.1150,-9.2570,-324.370,-14.800,-79.640,873
48694.00,1.0090,-1.9750,-8.5250,-67.770,21.870,-42.700,873
48704.00,0.2590,-4.8340,-8.3950,-25.470,16.670,-10.440,873
48714.00,0.4430,-7.4200,-6.3340,8.010,0.430,-17.830,873
48724.00,1.2640,-5.4130,-6.6590,-8.240,-29.730,-59.110,874
48734.00,1.4060,-5.2360,-8.6520,-1.940,-52.670,-73.780,874
48744.00,1.6590,-3.1810,-8.2760,22.750,-52.350,-81.250,874
48754.00,0.7190,-3.9500,-9.6750,13.580,-50.520,-65.010,874
48764.00,1.1130,-5.1820,-8.1400,22.920,-34.560,-53.420,874
48774.00,1.9860,-5.7760,-6.3640,15.520,-29.060,-54.000,875
48784.00,1.4710,-5.7240,-7.0400,3.690,-57.430,-71.290,875
48794.00,1.4470,-4.1270,-9.6030,6.450,-71.430,-91.490,875
48804.00,1.2980,-2.5490,-9.0620,34.650,-66.420,-91.700,875
48814.00,1.1280,-1.8580,-10.0890,22.710,-65.060,-77.430,875
48824.00,1.0240,-2.7320,-9.8030,4.530,-45.790,-45.640,876
48834.00,3.2320,7.9810,-5.5420,9.830,-30.720,-19.470,876
48844.00,-0.2820,-5.5750,-10.0970,-60.530,-70.850,154.310,876
48854.00,0.2850,-2.2740,-8.0600,-111.420,-63.890,200.260,876
48864.00,-0.3640,-3.2960,-8.6480,-116.490,-72.860,193.260,876
48874.00,-1.6550,-8.4400,-12.1920,-114.390,-80.130,186.680,877
48884.00,-0.5350,-5.2210,-8.7610,-204.150,-8.810,115.580,877
48894.00,-0.4530,-0.2140,-18.3210,-125.890,-1.080,27.680,877
48904.00,0.7530,-4.0280,-4.5260,137.720,44.080,44.410,877
48914.00,-0.1160,-8.5280,-3.1590,48.770,38.810,32.540,877
48924.00,1.0420,-5.2770,-9.0970,-22.450,-10.020,-19.910,878
48934.00,0.8080,-1.5320,-11.3460,-34.750,-39.420,-37.640,878
48944.00,0.8020,-6.0640,-10.5640,36.080,-4.180,-22.760,878
48954.00,-0.1330,-0.0380,-12.0940,161.470,14.850,-32.130,878
48964.00,0.6490,-4.1190,-8.5040,213.550,53.740,-6.510,878
48974.00,0.6670,-3.2330,-9.9930,220.020,54.930,6.960,879
48984.00,0.3720,-4.7430,-9.3170,229.860,47.720,20.290,879
48994.00,0.3440,-13.9410,-6.9140,296.900,10.760,-1.050,879
49004.00,0.6550,-7.0260,-7.4640,327.670,-67.840,-91.100,879
49014.00,0.8720,-3.6200,-6.3310,327.670,-81.280,-98.350,879
49024.00,0.8940,-5.1210,-6.4670,327.670,-68.510,-53.200,880
49034.00,0.6690,-9.5420,-4.5420,327.670,-69.330,-33.280,880
49044.00,0.2330,-6.4410,-5.2100,327.670,-89.790,-62.730,880
49054.00,-0.4600,-6.5580,-5.3710,327.670,-155.390,-68.960,880
49064.00,0.6250,-5.7260,-4.8640,327.670,-167.400,-51.390,880
49074.00,0.9820,-9.6030,-2.7910,327.670,-62.590,2.150,881
49084.00,0.3680,-9.2790,-1.2560,327.670,-31.200,-3.930,881
49094.00,0.2280,-9.5270,0.2060,268.340,38.300,1.590,881
49104.00,-0.8570,-9.5460,0.4060,298.760,44.410,-2.620,881
49114.00,-0.5550,-9.2670,0.5410,220.290,41.000,-11.460,881
49124.00,-0.9940,-10.3980,0.1200,179.840,18.530,-13.680,882
49134.00,0.1230,-9.8630,0.6540,102.410,4.340,-14.120,882
49145.00,-0.3900,-10.0390,0.8630,74.210,-10.130,-18.790,882
49154.00,-0.1480,-10.0610,0.1200,51.290,-25.840,-14.310,882
49165.00,0.0400,-10.0250,0.0810,53.180,-24.090,-10.110,882
49175.00,0.0160,-9.8810,0.2540,84.800,-18.330,-7.770,883
49185.00,0.1980,-9.9240,0.5310,132.260,-20.350,-4.620,883
49195.00,0.9850,-10.1850,0.4610,170.170,-23.760,-21.630,883
49205.00,-0.2590,-9.2140,1.1600,210.520,-18.770,-45.650,883
49215.00,0.6060,-9.1630,2.1290,240.450,-3.830,-27.030,883
49225.00,-0.5010,-12.0560,3.5440,251.020,-14.800,-24.760,884
49235.00,1.2830,-8.1750,1.9030,222.320,27.050,-176.870,884
49245.00,1.7560,-8.0410,2.7850,242.480,32.210,-161.490,884
49255.00,1.3780,-8.2140,3.8410,270.230,13.750,-70.840,884
49265.00,1.1600,-8.4280,3.7960,280.520,13.840,-32.460,884
49275.00,1.9600,-8.4140,2.1230,312.210,48.730,-25.070,885
49285.00,-0.5470,-8.4760,1.6050,327.670,87.690,-42.570,885
49295.00,0.5830,-6.0590,8.7420,327.670,75.820,-68.020,885
49305.00,1.7680,-5.4040,9.7910,327.670,38.670,-53.830,885
49315.00,2.0370,-5.4220,9.7450,327.670,17.880,-13.680,885
49325.00,2.3180,-5.1920,8.0800,264.670,15.290,26.910,886
49335.00,2.3420,-4.6550,7.9940,246.060,28.890,79.220,886
49345.00,0.8990,-5.0440,8.3150,249.480,27.120,128.920,886
49355.00,-0.2410,-5.1060,11.1700,248.990,19.950,155.830,886
49365.00,-2.5080,-6.6580,9.0400,182.850,1.570,79.390,886
49375.00,0.5550,-4.6490,9.6690,145.250,16.730,-18.340,887
49385.00,0.5500,-4.4330,10.0090,107.590,20.840,-12.230,887
49395.00,-0.9150,-5.7990,2.7920,70.820,6.140,-11.860,887
49405.00,1.5640,-2.6510,13.4620,223.520,54.160,-54.680,887
49415.00,1.1480,-3.6580,12.1810,153.030,30.740,-29.850,887
49425.00,0.6000,-4.0610,8.2330,26.020,10.860,-5.330,888
49435.00,0.6480,-3.7910,6.7810,58.360,19.700,-5.320,888
49445.00,0.6560,-4.0400,1.9100,192.250,49.940,-0.700,888
49455.00,-0.5190,-2.6810,4.6430,327.670,44.150,-19.680,888
49465.00,-2.2920,6.9600,14.9240,327.670,5.740,-59.720,888
49475.00,4.2530,-6.4130,9.8540,83.860,0.870,-23.080,889
49485.00,1.1050,4.7180,9.9260,2.220,-1.180,26.820,889
49495.00,-0.7750,0.0940,9.9910,3.430,-4.680,92.590,889
49505.00,-0.3520,-0.0920,9.8360,0.380,-1.940,114.860,889
49515.00,-0.0080,-0.2220,10.2640,2.270,-11.630,145.980,889
49525.00,-0.2300,-3.5740,9.9390,6.030,-28.340,166.910,890
49535.00,-0.1300,-6.7960,9.3470,5.600,-18.820,133.680,890
49545.00,-0.0750,-2.5890,9.8440,6.120,1.690,75.960,890
49555.00,0.0070,-5.2770,9.9260,6.370,4.760,48.680,890
49565.00,0.1610,-2.9310,10.0030,4.390,5.190,6.920,890
49575.00,0.3180,0.7010,9.8400,3.090,2.570,-13.650,891
49585.00,0.6310,1.9030,9.8620,4.550,5.350,9.790,891
49595.00,0.2640,-2.9520,10.0650,6.140,4.810,40.860,891
49605.00,0.8980,2.2680,9.8970,6.050,-2.440,40.910,891
49615.00,0.2340,-1.1300,9.9760,8.340,-1.900,90.590,891
49625.00,0.2220,-1.1890,9.8290,10.530,-0.920,106.940,892
49635.00,-0.0870,-2.3620,9.8870,10.900,-0.620,115.840,892
49645.00,-0.5350,-8.8000,10.0470,11.040,-0.060,98.990,892
49655.00,0.2950,-2.0810,9.7690,6.960,-1.150,10.770,892
49665.00,0.0010,-1.1490,10.0150,4.950,2.640,-15.900,892
49675.00,-0.7210,-3.7720,10.0800,4.070,2.250,-19.530,893
49685.00,-0.4720,-3.7050,9.7010,2.810,-1.390,-42.290,893
49695.00,0.5220,-0.9670,9.7550,0.960,-4.630,-66.480,893
49705.00,0.4400,-0.9970,9.9620,1.820,1.920,-68.190,893
49715.00,0.4910,-2.6240,9.8620,2.450,2.240,-44.110,893
49725.00,0.3860,-2.1390,10.0190,2.450,4.020,-32.270,894
49735.00,0.2570,-1.8500,9.8530,2.040,1.380,-35.120,894
49745.00,-0.1180,-2.5050,9.9170,1.410,2.290,-54.950,894
49755.00,-0.0040,-2.1170,9.9460,1.500,3.300,-53.900,894
49765.00,-0.2420,-1.7240,9.9390,1.780,2.830,-37.670,894
49775.00,-0.1370,-1.8060,9.8840,2.030,2.390,-27.190,895
49785.00,0.0030,-1.5900,9.9500,2.290,2.550,-20.750,895
49795.00,0.3700,-1.8020,9.9430,2.550,1.710,-3.430,895
49805.00,0.4450,-1.6700,9.9060,2.500,1.170,-1.170,895
49815.00,0.4910,-1.8120,9.9500,2.080,1.330,-0.770,895
49825.00,0.4490,-1.9820,9.9370,1.990,-0.240,-0.700,896
49835.00,0.2620,-1.8830,9.8960,2.060,-2.010,-0.820,896
49845.00,0.0170,-1.6910,9.8960,2.340,-0.220,-1.120,896
49855.00,-1.3970,-2.9160,9.9490,1.800,2.600,-9.730,896
49865.00,0.7460,-1.0550,9.8910,1.330,2.660,-37.480,896
49875.00,0.6900,-1.4220,9.9570,2.320,1.190,-21.290,897
49885.00,0.2790,-1.7670,9.9320,2.780,-0.890,-5.490,897
49895.00,0.4060,-1.9070,9.9450,2.780,-1.030,-2.060,897
49905.00,-0.1360,-2.5080,9.9210,2.590,-1.500,-10.550,897
49915.00,1.0740,-0.9760,9.9430,1.820,-2.600,-20.730,897
49925.00,0.3010,-1.6670,10.6260,-5.160,-3.060,-0.610,898
49935.00,0.5140,-1.6590,9.9720,-24.280,-9.430,5.610,898
49945.00,0.1840,-1.9160,9.5790,-23.790,-12.400,16.990,898
49955.00,0.3390,-1.6000,10.0830,-14.920,-10.840,16.950,898
49965.00,-0.0230,-2.0560,9.7510,-16.920,-13.430,20.420,898
49975.00,0.2230,-1.9570,9.8030,-15.690,-10.620,14.360,899
49985.00,0.3240,-2.3580,9.3650,-8.640,-6.010,10.090,899
49995.00,0.4450,-2.0290,9.7250,4.740,-0.310,5.440,899
50005.00,0.4360,-1.9720,9.8840,10.110,0.770,4.280,899
50015.00,0.4960,-1.6830,9.9630,10.480,0.560,4.470,899
50025.00,0.5070,-1.7410,9.9630,9.080,-2.290,7.890,900
50035.00,0.4210,-1.9170,9.8960,7.120,-4.400,11.820,900
50045.00,0.1750,-2.2400,9.8200,5.580,-3.550,12.940,900
50055.00,0.1040,-2.2400,9.8420,5.810,-0.540,8.110,900
50065.00,0.2210,-2.0180,9.9010,5.910,1.570,2.250,900
50075.00,0.2850,-2.0130,9.8950,5.280,1.750,0.760,901
50085.00,0.3630,-1.9840,9.8290,6.120,1.970,0.640,901
50095.00,0.4670,-1.9130,9.8240,8.830,2.270,1.250,901
50105.00,0.3060,-1.6280,9.7730,13.380,3.290,1.380,901
50115.00,0.5320,-1.9070,10.0160,16.220,3.790,-0.850,901
50125.00,0.3500,-1.9080,9.9420,13.350,4.420,1.030,902
50135.00,0.2810,-1.9320,9.9240,10.780,4.790,0.660,902
50145.00,0.2700,-1.9390,9.8630,10.930,5.050,0.750,902
50155.00,0.3080,-1.9350,9.8830,12.810,5.330,1.640,902
50165.00,0.3060,-1.7970,9.9480,13.230,5.750,2.040,902
50175.00,0.3090,-1.6720,10.0970,10.760,6.350,2.040,903
50186.00,0.3170,-1.6610,9.8730,3.930,7.050,2.860,903
50196.00,0.2960,-1.8160,9.9210,2.430,9.100,5.930,903
50206.00,0.2750,-1.8690,9.9000,2.320,9.850,6.100,903
50216.00,0.2630,-1.8850,9.9520,2.390,10.230,4.750,903
50226.00,0.2400,-1.8420,9.9560,2.530,9.220,2.710,904
50236.00,0.1800,-1.7630,9.8950,2.500,8.500,1.950,904
50246.00,0.2400,-1.8060,9.9540,2.390,9.340,2.500,904
50256.00,0.2240,-1.7520,9.9130,2.410,8.330,1.970,904
50266.00,0.2000,-1.7150,9.9260,2.390,8.100,2.600,904
50276.00,0.1830,-1.7460,9.9290,2.450,8.190,2.600,905
50286.00,0.1770,-1.8660,9.9500,2.430,8.130,2.740,905
50296.00,0.1560,-1.8920,9.9310,2.480,7.960,2.600,905
50306.00,0.1290,-1.7800,9.9400,2.780,7.290,1.060,905
50316.00,0.1220,-1.7070,9.9450,2.780,6.280,0.450,905
50326.00,0.0950,-1.7410,9.9310,2.730,5.400,0.060,906
50336.00,0.0570,-1.7920,9.9250,2.690,4.550,-0.420,906
50346.00,0.0320,-1.8410,9.9200,2.660,3.580,-0.770,906
50356.00,0.0380,-1.7990,9.9140,2.600,2.920,-0.960,906
50366.00,0.0880,-1.7180,9.9350,2.570,2.360,-0.990,906
50376.00,0.1630,-1.7280,9.9330,2.460,1.820,-0.920,907
50386.00,0.2350,-1.8460,9.9190,2.310,1.150,-0.800,907
50396.00,0.2100,-1.7980,9.9210,2.320,1.190,-0.850,907
50406.00,0.1220,-1.7030,9.8990,2.360,1.010,-0.960,907
50416.00,0.0810,-1.7370,9.9140,2.360,0.840,-0.920,907
50426.00,0.0900,-1.8130,9.9250,2.390,1.060,-1.010,908
50436.00,0.0620,-1.8600,9.9310,2.430,1.220,-1.220,908
50446.00,0.0100,-1.8070,9.9080,2.410,1.060,-1.550,908
50456.00,-0.0460,-1.8290,9.9910,2.390,1.030,-2.740,908
50466.00,0.1000,-2.0210,9.9050,2.360,0.990,-4.060,908
50476.00,0.1070,-1.9710,9.9250,2.390,0.850,-4.090,909
50486.00,0.0510,-1.6900,9.9550,2.360,0.770,-4.840,909
50496.00,0.0490,-1.6230,9.9250,2.250,0.850,-5.610,909
50506.00,0.1750,-1.8860,9.9030,2.310,1.290,-5.720,909
50516.00,0.1310,-1.8360,9.9230,2.520,1.590,-4.560,909
50526.00,0.1080,-1.7530,9.9330,2.550,1.480,-3.880,910
50536.00,0.1380,-1.7860,9.9150,2.530,1.200,-3.950,910
50546.00,0.1550,-1.8610,9.9190,2.550,1.150,-3.860,910
50556.00,0.1240,-1.8470,9.9140,2.530,1.080,-3.570,910
50566.00,0.0610,-1.7450,9.9200,2.570,1.520,-3.180,910
50576.00,0.0560,-1.7430,9.9110,2.600,1.540,-2.670,911
50586.00,0.0770,-1.8540,9.9290,2.530,1.190,-2.250,911
50596.00,0.0990,-1.8460,9.9090,2.530,1.150,-2.200,911
50606.00,0.0810,-1.7410,9.9050,2.550,1.340,-2.290,911
50616.00,0.0690,-1.7260,9.9130,2.520,1.590,-2.570,911
50626.00,0.1260,-1.7820,9.9090,2.430,1.570,-2.810,912
50636.00,0.1500,-1.8170,9.8990,2.520,1.680,-2.640,912
50646.00,0.1240,-1.7560,9.9210,2.530,1.960,-2.340,912
50656.00,0.0990,-1.7410,9.9240,2.550,2.080,-1.830,912
50666.00,0.1020,-1.8530,9.9230,2.550,2.040,-1.500,912
50676.00,0.1190,-1.9170,9.9260,2.530,2.100,-1.360,913
50686.00,0.0860,-1.8540,9.9270,2.640,1.960,-1.220,913
50696.00,0.0820,-1.7800,9.9130,2.620,1.680,-1.030,913
50706.00,0.1910,-1.8610,9.9240,2.570,1.470,-1.310,913
50716.00,0.1390,-1.7630,9.9140,2.530,1.270,-1.820,913
50726.00,0.0550,-1.6550,9.9090,2.530,1.360,-2.480,914
50736.00,0.0310,-1.7380,9.9200,2.500,1.450,-2.620,914
50746.00,0.0530,-1.8660,9.9180,2.500,1.330,-2.460,914
50756.00,0.0410,-1.8780,9.9130,2.620,1.520,-2.010,914
50766.00,0.0280,-1.8200,9.9290,2.620,1.620,-1.660,914
50776.00,0.0400,-1.8290,9.9290,2.660,1.710,-1.360,915
50786.00,0.0560,-1.8470,9.9240,2.670,1.500,-1.190,915
50796.00,-0.0660,-1.7200,9.9250,2.660,1.310,-0.990,915
50806.00,0.2970,-2.1550,9.8990,2.620,1.170,-0.730,915
50816.00,0.1230,-1.6860,9.9630,2.730,1.170,-1.050,915
50826.00,-0.0560,-1.3950,9.8960,2.670,1.100,-1.080,916
50836.00,0.1330,-1.9260,9.9230,2.590,1.120,-0.820,916
50846.00,0.2200,-2.1470,9.9250,2.600,1.080,-0.960,916
50856.00,0.1140,-1.9030,9.9170,2.710,1.130,-1.190,916
50866.00,0.0710,-1.6290,9.9140,2.710,1.080,-1.610,916
50876.00,0.1080,-1.7350,9.9140,2.690,1.130,-1.360,917
50886.00,0.1860,-1.8990,9.9210,2.640,1.190,-1.410,917
50896.00,0.1330,-1.8470,9.9270,2.730,1.150,-1.330,917
50906.00,0.0580,-1.7850,9.9020,2.670,1.240,-0.960,917
50916.00,0.0900,-1.8810,9.9090,2.640,1.260,-0.840,917
50926.00,0.0820,-1.8170,9.9180,2.640,1.290,-0.820,918
50936.00,0.0280,-1.6510,9.8940,2.660,1.240,-0.800,918
50946.00,0.0680,-1.7070,9.9030,2.660,1.190,-0.660,918
50956.00,0.0920,-1.8460,9.8950,2.530,1.120,-0.520,918
50966.00,0.0750,-1.8220,9.9190,2.550,1.150,-0.500,918
50976.00,0.0550,-1.7680,9.9170,2.570,1.170,-0.540,919
50986.00,0.0880,-1.7870,9.9190,2.530,1.170,-0.520,919
50996.00,0.1390,-1.8000,9.9020,2.450,1.240,-0.540,919
51006.00,0.1600,-1.8080,9.9180,2.480,1.270,-0.560,919
51016.00,0.1670,-1.7850,9.9180,2.460,1.260,-0.630,919
51026.00,0.1420,-1.7950,9.9090,2.450,1.240,-0.630,920
51036.00,0.0940,-1.7750,9.9130,2.410,1.220,-0.680,920
51046.00,0.0520,-1.8170,9.9120,2.340,1.310,-0.680,920
51056.00,-0.0210,-1.8100,9.9150,2.390,1.240,-0.680,920
51066.00,-0.0470,-1.8550,9.9140,2.430,1.200,-0.640,920
51076.00,-0.0190,-1.8790,9.9130,2.450,1.220,-0.590,921
51086.00,0.0320,-1.8460,9.9180,2.450,1.260,-0.540,921
51096.00,0.0760,-1.7590,9.9120,2.430,1.260,-0.500,921
51106.00,0.2080,-1.8780,9.9250,1.920,1.870,0.540,921
51116.00,0.1900,-1.9010,9.9090,2.040,1.820,1.080,921
51127.00,0.1550,-1.8850,9.9260,2.040,1.760,0.480,922
51136.00,0.1220,-1.8350,9.9260,2.130,1.730,0.000,922
51146.00,0.0380,-1.7920,9.9360,2.200,1.660,-0.240,922
51156.00,0.0390,-1.8500,9.8930,2.450,1.470,-0.420,922
51166.00,0.0280,-1.8380,9.9130,2.500,1.310,-0.560,922
51176.00,-0.0030,-1.7870,9.9080,2.550,1.240,-0.680,923
51186.00,-0.0050,-1.7770,9.9230,2.550,1.220,-0.680,923
51196.00,0.0440,-1.8340,9.9320,2.530,1.240,-0.680,923
51207.00,0.1050,-1.8830,9.9070,2.690,1.100,-0.710,923
51217.00,0.1100,-1.8110,9.9250,2.940,0.840,-0.750,923
51227.00,0.0460,-1.7430,9.9140,2.950,0.730,-0.710,924
51237.00,0.0750,-1.8550,9.8870,2.950,0.730,-0.640,924
51247.00,0.0940,-1.8970,9.9130,3.020,0.680,-0.640,924
51257.00,0.0930,-1.8080,9.9090,3.110,0.610,-0.660,924
51267.00,0.0680,-1.7320,9.8960,2.950,0.780,-0.710,924
51277.00,0.0810,-1.7460,9.9120,2.810,0.910,-0.680,925
51287.00,0.0840,-1.7910,9.9000,2.640,1.050,-0.700,925
51297.00,0.0740,-1.8050,9.9120,2.620,1.130,-0.770,925
51307.00,0.0610,-1.7910,9.9110,2.500,1.200,-0.660,925
51317.00,0.0520,-1.8230,9.9170,2.410,1.360,-0.630,925
51327.00,0.0560,-1.8710,9.9120,2.200,1.660,-0.470,926
51337.00,0.0920,-1.9130,9.9180,1.870,2.200,0.730,926
51347.00,0.0880,-1.7800,9.8990,1.550,2.740,3.490,926
51357.00,0.0820,-1.7880,9.9180,1.940,2.060,2.710,926
51367.00,0.1000,-1.8470,9.9090,2.450,1.450,2.080,926
51377.00,0.0780,-1.8600,9.9190,2.620,1.200,0.780,927
51387.00,0.0530,-1.7880,9.9140,2.660,1.260,1.110,927
51397.00,0.0350,-1.7800,9.9120,2.660,1.190,0.970,927
51407.00,0.0610,-1.8220,9.9020,2.710,1.170,0.800,927
51417.00,0.0450,-1.8380,9.9090,2.800,0.940,-0.170,927
51427.00,0.0110,-1.7890,9.9200,2.900,0.940,-0.610,928
51437.00,0.0110,-1.7790,9.9190,2.780,0.980,-0.700,928
51447.00,0.0560,-1.8160,9.9050,2.710,1.010,-0.730,928
51457.00,0.1060,-1.8620,9.8970,2.670,0.960,-0.700,928
51467.00,0.1260,-1.8370,9.9000,2.640,0.940,-0.700,928
51477.00,0.1230,-1.7750,9.9050,2.620,0.960,-0.710,929
51487.00,0.1060,-1.7680,9.9090,2.640,0.980,-0.660,929
51497.00,0.1020,-1.8110,9.9130,2.600,0.960,-0.680,929
51507.00,0.0370,-1.8500,9.9170,2.590,1.030,-0.640,929
51517.00,0.0280,-1.8320,9.9110,2.590,1.060,-0.640,929
51527.00,0.0310,-1.7990,9.9130,2.600,0.990,-0.680,930
51537.00,0.0550,-1.8070,9.9010,2.660,0.960,-0.610,930
51547.00,0.0500,-1.8010,9.9090,2.640,0.960,-0.590,930
51557.00,0.0440,-1.7870,9.9000,2.360,1.200,-0.840,930
51567.00,0.0680,-1.8320,9.8950,2.240,1.290,-1.080,930
51577.00,0.0990,-1.8770,9.9200,2.270,1.260,-1.050,931
51587.00,0.0890,-1.8560,9.9050,2.410,1.170,-1.130,931
51597.00,0.0940,-1.8310,9.9080,2.500,1.100,-1.100,931
51607.00,0.0870,-1.7990,9.9110,2.590,1.100,-1.050,931
51617.00,0.0890,-1.7990,9.9000,2.550,1.060,-0.990,931
51627.00,0.0530,-1.7710,9.9080,2.570,1.010,-0.990,932
51637.00,0.0020,-1.7200,9.9060,2.640,1.030,-0.920,932
51647.00,0.0350,-1.8460,9.9070,2.620,0.980,-0.940,932
51657.00,0.0490,-1.9090,9.9110,2.600,1.010,-0.960,932
51667.00,0.0450,-1.8580,9.9130,2.530,1.100,-1.170,932
51677.00,0.0310,-1.8040,9.9120,2.800,0.800,-1.260,933
51687.00,0.0550,-1.8140,9.9130,2.760,0.870,-1.130,933
51697.00,0.0890,-1.8520,9.9130,2.800,0.820,-0.850,933
51707.00,0.0720,-1.7930,9.9120,2.830,0.850,-0.610,933
51717.00,0.0690,-1.8070,9.9090,2.690,0.920,-0.560,933
51727.00,0.0520,-1.8300,9.9130,2.730,0.850,-0.540,934
51737.00,0.0440,-1.8300,9.9110,2.830,0.820,-0.520,934
51747.00,0.0270,-1.7670,9.9130,2.670,1.060,-0.120,934
51757.00,0.0010,-1.7640,9.9120,2.600,0.940,3.040,934
51767.00,-0.0190,-1.8520,9.9000,2.450,1.050,2.710,934
51777.00,0.0700,-1.8650,9.9130,2.480,1.150,-0.500,935
51787.00,0.1240,-1.8540,9.9110,2.500,1.100,-0.750,935
51797.00,0.1800,-1.8400,9.9150,2.550,1.030,-0.820,935
51807.00,0.1900,-1.8140,9.9050,2.550,1.080,-0.710,935
51817.00,0.1670,-1.7880,9.9130,2.460,1.130,-0.660,935
51827.00,0.1220,-1.7460,9.8940,2.570,1.050,-0.590,936
51837.00,0.1230,-1.7220,9.9180,2.590,1.130,-0.430,936
51847.00,0.1480,-1.8680,9.9000,2.500,1.150,-0.240,936
51857.00,0.1130,-1.9470,9.9120,2.480,1.170,-0.240,936
51867.00,0.0090,-1.8010,9.9290,2.520,1.150,-0.330,936
51877.00,-0.0410,-1.7070,9.9010,2.480,1.200,-0.330,937
51887.00,-0.0220,-1.7880,9.9130,2.430,1.220,-0.210,937
51897.00,0.0190,-1.8600,9.9130,2.380,1.200,0.000,937
51907.00,-0.2390,-1.9700,9.8930,2.410,1.080,6.560,937
51917.00,0.0400,-1.8170,9.9050,2.150,1.430,2.090,937
51927.00,0.0830,-1.8640,9.9060,2.270,1.270,0.360,938
51937.00,0.1060,-1.8420,9.9240,3.080,0.430,-0.770,938
51947.00,0.0930,-1.8260,9.9190,2.940,0.780,-0.820,938
51957.00,0.0940,-1.8540,9.9140,2.710,0.980,-0.780,938
51967.00,0.0940,-1.8440,9.9200,2.810,0.910,-0.750,938
51977.00,0.0700,-1.8170,9.9210,2.740,0.960,-0.800,939
51987.00,0.0470,-1.8200,9.9060,2.660,1.050,-0.820,939
51997.00,0.0140,-1.8580,9.9200,2.600,1.080,-0.820,939
52007.00,0.0090,-1.8720,9.9240,2.590,1.120,-0.780,939
52017.00,-0.0040,-1.8550,9.9200,2.550,1.200,-0.770,939
52027.00,0.0090,-1.8360,9.9230,2.590,1.150,-0.730,940
52037.00,0.0430,-1.8720,9.9240,2.660,1.120,-0.660,940
52047.00,0.1480,-1.9160,9.9070,2.740,0.990,-0.700,940
52057.00,0.1600,-1.7710,9.8830,2.830,0.940,-0.800,940
52067.00,0.1110,-1.5860,9.9420,2.880,0.840,-0.850,940
52077.00,0.1080,-1.7190,9.9090,2.810,0.840,-0.730,941
52087.00,0.1240,-1.9260,9.8900,2.850,0.850,-0.680,941
52097.00,0.0760,-1.9170,9.9140,2.900,0.870,-0.780,941
52107.00,0.0440,-1.7330,9.9180,2.950,0.850,-0.870,941
52117.00,0.1200,-1.8810,9.8950,2.760,0.940,-0.750,941
52127.00,0.0990,-1.8220,9.9190,2.730,0.960,-1.060,942
52137.00,0.0230,-1.6950,9.9080,2.850,0.730,-1.030,942
52147.00,0.0320,-1.7470,9.9230,2.970,0.540,-0.960,942
52157.00,0.0780,-1.8970,9.9130,2.640,0.910,-0.940,942
52167.00,0.0870,-1.8560,9.9330,2.950,0.570,-4.340,942
52177.00,0.0190,-1.7550,9.9060,2.920,0.710,-5.250,943
52187.00,0.0100,-1.7640,9.9270,2.640,0.940,-3.460,943
52197.00,0.0680,-1.8560,9.9130,2.530,0.990,-2.780,943
52207.00,0.0650,-1.8740,9.9290,2.500,1.150,-2.240,943
52217.00,0.0400,-1.8160,9.9300,2.570,1.130,-1.610,943
52227.00,0.0340,-1.8220,9.9330,2.800,0.890,-2.080,944
52238.00,0.0710,-1.8980,9.9290,2.780,0.960,-1.940,944
52248.00,0.1300,-1.9090,9.9500,2.740,1.030,-1.150,944
52258.00,0.1140,-1.7700,9.9150,2.660,1.060,-0.710,944
52268.00,0.0840,-1.7160,9.9270,2.570,1.170,-0.280,944
52278.00,0.0870,-1.7740,9.9060,2.570,1.060,-0.260,945
52288.00,0.0870,-1.8490,9.9200,2.670,0.920,-0.470,945
52298.00,0.0400,-1.8250,9.9230,2.740,0.960,-0.640,945
52308.00,0.0280,-1.8220,9.9060,2.760,0.980,-0.700,945
52318.00,0.0870,-1.8730,9.9150,2.730,1.060,-0.780,945
52328.00,0.0940,-1.8280,9.9130,2.690,1.050,-0.840,946
52338.00,0.0830,-1.7620,9.9190,2.730,1.010,-0.820,946
52348.00,0.0960,-1.7590,9.9200,2.660,1.010,-0.770,946
52358.00,0.0980,-1.8100,9.9070,2.600,0.990,-0.680,946
52368.00,0.0650,-1.8230,9.9290,2.570,0.990,-0.680,946
52378.00,0.0330,-1.7980,9.9090,2.550,1.050,-0.660,947
52388.00,0.0490,-1.8360,9.9290,2.550,1.060,-0.630,947
52398.00,0.0820,-1.8710,9.9390,2.570,1.060,-0.590,947
52408.00,0.1070,-1.8530,9.9260,2.600,1.060,-0.570,947
52418.00,0.0980,-1.8060,9.9270,2.640,1.060,-0.490,947
52428.00,0.1120,-1.7610,9.9140,2.660,1.030,-0.540,948
52438.00,0.1290,-1.8010,9.9190,2.590,1.080,-0.540,948
52448.00,0.1300,-1.7040,9.9520,3.370,0.920,-9.740,948
52458.00,0.0860,-1.6360,9.9140,3.950,-0.170,-4.880,948
52468.00,-0.0510,-1.6040,9.9170,3.740,0.120,-13.090,948
52478.00,0.0270,-1.5910,9.9180,3.690,0.700,-25.550,949
52488.00,-0.3780,-1.3000,9.9550,4.370,2.430,-30.780,949
52498.00,-1.0260,0.0510,9.8410,6.440,5.210,-62.400,949
52508.00,-0.4650,-1.0870,9.8720,-11.860,6.260,-90.020,949
52518.00,-0.1960,-0.5970,9.9050,0.800,1.960,-99.030,949
52528.00,0.1360,0.1010,10.2860,-7.340,-0.360,-107.850,950
52538.00,0.5670,-0.2960,9.7040,-19.520,-1.010,-78.150,950
52548.00,0.4760,-1.0630,9.8890,-10.580,-2.780,-46.280,950
52558.00,0.1530,-0.6990,9.8270,1.730,16.410,-29.380,950
52568.00,0.1010,-0.2450,11.0030,-7.750,16.640,-33.050,950
52578.00,-0.5670,1.0610,10.5790,4.840,5.560,-41.380,951
52588.00,-0.4590,0.7050,9.9240,2.500,-0.130,-31.320,951
52598.00,0.4070,-0.4920,10.1710,-3.970,8.050,-17.340,951
52608.00,0.1220,-0.3610,10.9200,-6.640,39.250,-11.840,951
52618.00,0.0270,-1.1610,12.4170,-18.160,53.760,-2.620,951
52628.00,-0.1930,-1.6000,12.8670,-46.670,49.290,2.010,952
52638.00,-0.2660,-2.0540,11.4040,-83.350,41.790,3.350,952
52648.00,-0.5650,-1.6040,9.6130,-91.690,35.990,-3.060,952
52658.00,-0.9320,-0.8170,8.4740,-63.680,28.010,-0.730,952
52668.00,-0.6040,-0.8660,7.9320,-16.060,14.000,12.120,952
52678.00,-0.5130,-1.2440,7.7640,-1.600,4.370,19.910,953
52688.00,-0.6910,-1.3380,7.2710,-6.400,-7.100,21.870,953
52698.00,-0.5510,-0.7080,6.6600,-7.970,-15.110,22.730,953
52708.00,-0.5320,-1.1940,6.6730,-8.870,-17.620,32.510,953
52718.00,-0.1370,-2.9980,6.8290,-6.310,-9.300,28.340,953
52728.00,-0.3140,-2.8600,6.3490,-19.790,5.740,19.490,954
52738.00,-0.2620,-3.0290,5.8210,-19.590,18.200,18.140,954
52748.00,-0.1990,-2.7730,4.8020,-14.780,21.800,16.690,954
52758.00,-0.5590,-2.7170,3.6870,14.070,20.630,27.220,954
52768.00,-0.1200,-3.2320,3.4250,75.740,15.480,39.530,954
52778.00,0.0110,-3.1420,4.4010,118.470,24.920,41.980,955
52788.00,-0.3310,-3.2250,5.8730,116.910,51.690,26.300,955
52798.00,-0.8670,-3.4330,7.1820,80.810,67.460,-0.190,955
52808.00,-1.3890,-3.7240,7.8620,57.540,60.340,-6.100,955
52818.00,-1.5960,-3.7410,8.7620,79.200,29.200,-1.170,955
52828.00,-1.2190,-3.7370,9.0610,85.080,0.400,1.030,956
52838.00,-0.6620,-3.7960,8.4140,66.830,-12.330,-0.100,956
52848.00,-0.8980,-3.7110,8.2950,53.250,-12.630,-1.060,956
52858.00,-0.5090,-3.5280,8.0720,51.990,-16.970,-5.180,956
52868.00,-0.7640,-2.5720,8.1780,42.640,-19.940,-16.520,956
52878.00,-0.6830,-2.6280,8.5860,31.880,-17.630,-21.310,957
52888.00,-0.7480,-2.4930,9.4880,30.830,-12.470,-26.400,957
52898.00,-0.5510,-2.6030,9.8730,22.030,-14.430,-30.270,957
52908.00,-0.5850,-2.2810,10.3880,12.720,-15.340,-34.420,957
52918.00,-0.7460,-1.8640,10.8900,14.840,-7.590,-22.710,957
52928.00,-0.2350,-1.7760,10.8710,32.160,-0.520,-8.750,958
52938.00,-0.3290,-1.8930,10.9260,45.580,7.870,-0.610,958
52948.00,-0.3920,-1.8240,11.3030,44.310,16.240,-0.870,958
52958.00,-0.5260,-1.8840,11.9710,40.390,18.280,-3.290,958
52968.00,-0.5370,-1.6980,11.8300,36.190,16.170,-8.970,958
52978.00,-0.5410,-1.5240,13.1540,51.570,15.990,-9.740,959
52988.00,-0.3730,-2.2920,13.8200,52.930,9.340,-5.650,959
52998.00,-0.2320,-1.9320,13.5510,44.430,5.960,-9.950,959
53008.00,-0.2940,-1.5320,13.5360,33.350,4.650,-12.020,959
53018.00,-0.0950,-1.2870,12.8320,18.860,-5.070,-11.350,959
53028.00,0.4210,-0.9510,11.7340,4.230,-12.260,-11.930,960
53038.00,-0.1800,-0.0820,11.1640,-2.830,-11.440,-12.370,960
53048.00,0.1780,-0.3080,10.5730,-2.930,-6.770,-8.010,960
53058.00,0.1390,0.1110,10.3680,0.470,-3.460,-9.250,960
53068.00,0.0100,0.3850,10.3750,11.040,-3.480,-6.190,960
53078.00,-0.1140,0.6350,10.8370,28.010,0.910,1.040,961
53088.00,-0.0680,-0.0020,11.2680,32.160,9.220,10.910,961
53098.00,-0.2700,-0.1740,12.1380,33.910,17.390,16.080,961
53108.00,-0.0960,-0.4040,12.5550,38.220,16.670,22.730,961
53118.00,-0.1800,-0.5910,11.9190,30.710,4.700,30.860,961
53128.00,-0.0340,-0.1020,10.9470,32.230,-1.920,29.710,962
53138.00,-0.4330,0.3660,10.2960,35.350,-8.270,25.250,962
53148.00,0.0090,0.7200,9.6940,39.810,-10.600,17.980,962
53158.00,-0.1830,1.2550,9.8960,41.310,-4.950,11.040,962
53168.00,-0.2100,1.1850,10.8670,36.890,0.400,9.230,962
53178.00,-0.1490,0.7150,11.3890,27.540,1.920,9.830,963
53188.00,-0.0020,0.2580,11.5720,19.510,6.470,11.190,963
53198.00,-0.2580,0.0320,12.2570,14.840,20.090,13.560,963
53208.00,-0.4510,-0.0370,12.4180,10.320,27.300,20.290,963
53218.00,-0.3760,-0.0440,11.8120,7.170,24.040,25.790,963
53228.00,-0.4430,0.1950,10.8930,4.180,18.510,24.280,964
53238.00,-0.3270,0.4710,10.1190,2.590,15.550,19.520,964
53248.00,-0.4570,0.8010,9.5330,8.100,15.500,13.100,964
53259.00,-0.5180,1.1180,9.4040,16.410,15.290,7.120,964
53269.00,-0.4300,0.7890,10.1280,25.200,11.110,5.930,964
53279.00,-0.5250,0.4980,10.7380,21.450,0.610,0.130,965
53289.00,-0.4860,0.4360,10.7580,17.640,-8.990,-6.000,965
53299.00,-0.3640,0.2090,10.4860,11.950,-8.620,-10.130,965
53309.00,-0.5680,0.4960,10.4600,11.580,-2.690,-12.890,965
53319.00,-0.5160,0.8250,9.7870,6.090,-1.600,-9.310,965
53329.00,-0.8810,1.1650,9.7250,7.890,-0.290,-4.230,966
53339.00,-0.8730,1.1780,9.5780,12.250,-0.920,2.300,966
53349.00,-0.7220,1.2260,9.6630,27.580,-2.130,10.530,966
53359.00,-1.1560,1.4320,10.3890,36.410,-4.980,16.130,966
53369.00,-0.6400,1.1430,10.6070,38.950,-14.190,24.000,966
53379.00,-0.6130,0.9400,10.6180,34.050,-18.330,27.380,967
53389.00,-0.3970,0.7350,10.6160,20.240,-16.150,23.570,967
53399.00,-0.9530,0.7290,10.9350,19.210,-7.660,19.470,967
53409.00,-0.3140,0.3550,10.8590,27.030,-1.460,20.730,967
53419.00,-0.3140,0.2580,10.6640,27.790,4.830,14.710,967
53429.00,-1.0210,0.9580,10.7160,19.400,10.290,4.580,968
53439.00,-0.5210,0.7890,10.5090,27.890,9.030,4.510,968
53449.00,-1.1230,1.2760,10.3250,15.590,0.470,-2.870,968
53459.00,-0.7810,1.0010,10.0590,13.210,-9.250,-3.720,968
53469.00,-0.8480,1.3550,9.9390,8.690,-12.870,-8.360,968
53479.00,-0.4300,1.1950,9.9210,4.620,-11.420,-7.570,969
53489.00,-0.7230,1.0870,10.2980,-4.490,-4.320,-9.130,969
53499.00,-0.6740,0.9950,10.6520,-12.170,1.330,-9.200,969
53509.00,-0.7280,0.7110,10.9260,-14.690,3.950,-4.700,969
53519.00,-0.5810,0.4710,10.7130,-19.310,-0.310,1.670,969
53529.00,-0.5240,0.6220,10.1200,-18.490,1.430,2.010,970
53539.00,-0.6740,0.8020,9.7780,-13.980,3.930,0.830,970
53549.00,-0.6120,0.6420,9.6140,-6.150,4.480,-0.030,970
53559.00,-0.5750,0.7530,9.6210,2.430,5.810,-2.850,970
53569.00,-0.6070,0.6910,9.5820,4.130,5.160,-5.420,970
53579.00,-0.5980,0.7140,9.5420,6.160,3.780,-6.980,971
53589.00,-0.5320,0.7690,9.6290,8.050,3.690,-5.860,971
53599.00,-0.5270,0.8290,9.7300,6.510,4.200,-2.810,971
53609.00,-0.5450,0.6420,9.8850,6.000,2.600,0.940,971
53619.00,-0.5210,0.4880,10.0400,7.290,-0.870,3.830,971
53629.00,-0.4660,0.3840,10.1450,6.590,-3.200,4.670,972
53639.00,-0.4510,0.3600,10.3220,5.390,-2.970,3.880,972
53649.00,-0.4060,0.2620,10.6130,6.470,-1.830,2.130,972
53659.00,-0.3130,0.3330,10.8460,7.360,0.400,-2.340,972
53669.00,-0.3570,0.5080,11.0850,7.050,4.740,-6.090,972
53679.00,-0.3320,0.3760,11.3870,6.820,8.850,-7.490,973
53689.00,-0.4470,0.6070,11.4530,4.130,11.410,-9.730,973
53699.00,-0.5790,0.6980,11.4980,3.510,12.530,-10.320,973
53709.00,-0.6470,0.9700,11.4310,3.880,12.070,-10.130,973
53719.00,-0.7190,1.1400,11.4110,-3.410,15.220,-8.240,973
53729.00,-0.6840,1.1500,11.4470,-3.790,22.430,-7.490,974
53739.00,-0.8760,1.2550,11.8810,-1.690,31.510,-7.050,974
53749.00,-0.9950,0.9950,12.2880,1.410,35.140,-5.070,974
53759.00,-1.0760,1.0310,12.6650,6.800,32.060,-3.080,974
53769.00,-1.1120,0.7900,12.6660,5.230,23.590,0.190,974
53779.00,-0.9580,0.8240,12.1320,-4.680,7.140,-2.080,975
53789.00,-0.8150,0.7570,11.5510,-20.890,-8.220,-9.150,975
53799.00,-0.9580,1.1980,11.1170,-32.910,-17.350,-18.840,975
53809.00,-0.9140,1.1940,10.8980,-37.020,-19.890,-24.040,975
53819.00,-0.9080,1.3730,10.9810,-36.250,-15.100,-23.240,975
53829.00,-0.9550,1.0120,11.0050,-39.350,-12.540,-18.140,976
53839.00,-0.7980,0.4740,10.9650,-42.920,-13.500,-14.400,976
53849.00,-0.6620,0.2440,10.9620,-45.810,-14.680,-14.610,976
53859.00,-0.8440,0.1680,10.8320,-44.390,-14.010,-14.050,976
53869.00,-0.8670,0.2240,10.4020,-34.590,-10.300,-9.920,976
53879.00,-0.6610,0.4420,10.0960,-25.210,-5.370,-4.280,977
53889.00,-0.7920,0.4570,9.9660,-18.930,0.330,2.970,977
53899.00,-0.6950,-0.0550,10.0360,-13.220,0.420,9.200,977
53909.00,-0.6340,-0.1680,10.1800,-14.800,-4.560,8.130,977
53919.00,-0.3080,-0.2810,9.7790,-20.960,-14.340,-3.670,977
53929.00,-0.2180,-0.2890,9.3940,-33.680,-22.030,-7.030,978
53939.00,-0.3050,-0.2520,9.3390,-33.870,-21.220,-5.820,978
53949.00,-0.2560,-0.4900,9.6250,-27.770,-15.940,-2.270,978
53959.00,-0.2180,-0.7460,9.9210,-23.640,-10.550,-0.280,978
53969.00,-0.2320,-0.7820,10.0540,-24.550,-5.720,-1.060,978
53979.00,-0.1590,-0.8250,9.9150,-30.370,-0.520,-3.850,979
53989.00,-0.2230,-0.5560,9.8460,-30.710,8.730,-5.210,979
53999.00,-0.3010,-0.7290,10.0550,-24.810,20.300,-0.680,979
54009.00,-0.5090,-0.5920,10.2280,-17.930,26.930,5.160,979
54019.00,-0.6970,-0.6420,10.3930,-11.020,25.980,13.850,979
54029.00,-0.6930,-0.7880,10.2890,-7.610,18.810,18.400,980
54039.00,-0.6170,-0.7110,9.8910,-9.160,10.150,19.170,980
54049.00,-0.6740,-0.8230,9.9140,-11.770,3.850,19.910,980
54059.00,-0.5740,-1.1030,9.8730,-12.650,2.480,18.950,980
54069.00,-0.6050,-1.1160,9.8030,-13.570,6.870,15.640,980
54079.00,-0.5520,-1.2280,9.6760,-13.280,14.450,13.850,981
54089.00,-0.6580,-1.0670,9.6800,-10.770,24.860,11.750,981
54099.00,-0.6930,-1.1600,9.6720,-6.940,31.930,10.760,981
54109.00,-0.7070,-0.9670,9.7710,-6.490,32.460,7.270,981
54119.00,-0.7770,-0.9050,9.8140,-8.060,29.690,7.220,981
54129.00,-0.7450,-0.8600,9.5130,-14.640,16.170,9.020,982
54139.00,-0.5850,-0.9870,9.2570,-23.880,3.110,3.910,982
54149.00,-0.7940,-0.9490,9.4980,-33.770,-6.450,-4.270,982
54159.00,-0.7620,-1.1640,9.9550,-38.180,-12.300,-9.040,982
54169.00,-0.7760,-1.4400,10.3210,-43.320,-13.310,-12.740,982
54179.00,-0.8880,-1.4560,10.3890,-44.480,-11.950,-14.150,983
54189.00,-0.7600,-1.6890,10.1680,-43.430,-8.620,-11.720,983
54199.00,-0.7770,-1.6030,9.9300,-45.320,-5.650,-11.420,983
54209.00,-0.7940,-1.7750,9.8080,-48.010,-1.600,-12.580,983
54219.00,-0.7860,-1.6880,9.5290,-50.270,3.710,-16.310,983
54229.00,-1.0130,-1.3770,9.4000,-51.370,7.590,-18.270,984
54239.00,-1.0060,-1.2930,9.0300,-47.660,8.130,-14.980,984
54249.00,-0.8970,-1.2070,8.6840,-45.040,7.890,-12.460,984
54259.00,-1.1160,-0.6500,6.8870,-40.630,9.250,-10.080,984
54269.00,-1.6570,2.1870,1.6590,99.730,31.690,2.900,984
54279.00,-0.8500,-0.4590,9.5110,223.560,81.020,35.060,985
54290.00,-1.0690,-0.9000,9.6460,161.910,80.360,32.140,985
54300.00,-0.9080,-0.7280,11.0220,133.750,70.000,21.400,985
54310.00,-1.6100,-0.9050,11.6330,70.450,47.790,15.430,985
54320.00,-1.6980,-0.1800,10.1440,30.410,29.710,11.820,985
54330.00,-1.6050,-0.3090,10.0050,-19.030,-26.020,-0.010,986
54340.00,-1.5580,-0.1850,10.4980,-30.640,-34.260,1.620,986
54350.00,-1.5050,-0.7070,10.6610,-53.250,-46.260,4.930,986
54360.00,-1.6300,-0.8180,10.4610,-70.150,-55.450,3.740,986
54370.00,-1.6460,-1.0940,10.4680,-69.940,-55.420,3.300,986
54380.00,-1.4150,-0.7210,9.3830,-64.810,-50.810,4.190,987
54390.00,-1.2070,-0.9820,9.0070,-49.030,-58.460,14.240,987
54400.00,-0.7690,-1.7680,10.5260,-48.770,-65.500,16.410,987
54410.00,-1.1120,-1.7270,9.2410,-62.100,-70.120,5.730,987
54420.00,-0.6800,-1.7210,10.1140,-24.630,-65.270,0.820,987
54430.00,-0.7450,-1.5560,9.7780,-31.340,-67.510,1.220,988
54440.00,-0.3380,-1.8280,10.4000,-23.720,-69.170,0.780,988
54450.00,-0.3320,-2.5230,10.7910,-34.630,-68.890,1.340,988
54460.00,-0.1470,-2.3490,10.3750,-41.420,-66.200,-8.030,988
54470.00,-0.1130,-2.2980,9.9990,-40.860,-60.040,-12.930,988
54480.00,0.1950,-2.3460,9.2840,-35.960,-51.970,-13.750,989
54490.00,0.0710,-2.0610,8.9950,-29.940,-35.330,-18.550,989
54500.00,0.1000,-2.0810,8.8780,-19.280,-17.880,-18.350,989
54510.00,0.1570,-1.9810,8.8350,-3.390,-2.550,-17.090,989
54520.00,0.0470,-2.0250,9.7100,3.360,15.080,-17.390,989
54530.00,0.1620,-2.2640,10.0180,2.900,33.930,-10.150,990
54540.00,0.0800,-2.2020,10.5460,3.080,35.430,-10.710,990
54550.00,-0.1620,-2.3360,10.8520,-8.460,36.690,-11.930,990
54560.00,-0.1040,-2.2910,10.7970,-19.770,33.700,-11.350,990
54570.00,-0.2650,-1.9110,9.8850,-23.090,32.910,-6.860,990
54580.00,-0.3370,-1.9450,9.7070,-3.110,32.930,4.250,991
54590.00,-0.4720,-2.8000,9.6610,12.370,29.130,12.470,991
54600.00,-0.0740,-1.4150,10.0360,32.270,29.400,14.010,991
54610.00,-0.3250,-3.0360,9.9600,6.660,26.910,21.990,991
54620.00,-0.4980,-1.9080,9.2810,14.170,23.170,18.370,991
54630.00,-0.3730,-2.0810,9.1770,25.060,21.210,20.750,992
54640.00,-0.3850,-2.0800,9.6310,25.350,17.950,17.110,992
54650.00,-0.3000,-2.6830,10.3570,6.730,15.690,11.110,992
54660.00,-0.3560,-2.6660,10.6940,-18.250,11.250,0.570,992
54670.00,-0.2940,-2.9210,10.7250,-34.470,4.810,-7.590,992
54680.00,-0.6290,-2.7730,10.6260,-44.650,-0.570,-14.770,993
54690.00,-0.3850,-2.4860,9.9300,-39.860,-9.440,-22.620,993
54700.00,-0.3780,-2.7960,9.8150,-45.560,-12.380,-28.010,993
54710.00,-0.4490,-2.4510,9.6580,-46.280,-14.060,-31.830,993
54720.00,-0.5690,-2.3330,9.0750,-49.050,-14.010,-30.460,993
54730.00,-0.4470,-2.2360,8.2640,-32.630,-15.500,-24.110,994
54740.00,-0.3310,-2.1700,8.3840,-25.140,-7.990,-18.720,994
54750.00,-0.4120,-2.3400,8.2160,-28.060,7.100,-15.200,994
54760.00,-0.3930,-1.9410,8.0440,-23.200,21.800,-12.930,994
54770.00,-0.4220,-2.0330,8.4590,-24.000,32.060,-9.340,994
54780.00,-0.7320,-1.3660,9.8570,-19.160,36.970,8.270,995
54790.00,-0.3190,-3.6710,10.0310,-24.320,33.120,27.280,995
54800.00,-0.4540,-3.7200,9.4150,-9.720,23.290,18.140,995
54810.00,-0.1280,-2.8960,9.7510,9.990,15.240,4.930,995
54820.00,-0.9470,-2.7660,9.7670,-6.560,14.640,2.930,995
54830.00,-0.6920,-2.5240,8.9350,-0.610,9.810,8.410,996
54840.00,-0.4950,-2.3830,8.4310,14.080,7.730,14.340,996
54850.00,-0.6840,-2.3400,8.3770,23.220,8.450,20.850,996
54860.00,-0.7440,-2.3910,8.1430,28.310,11.200,27.540,996
54870.00,-0.3260,-2.5470,8.1490,29.170,16.800,27.080,996
54880.00,-0.8310,-2.3890,8.2240,21.420,21.850,20.070,997
54890.00,-0.7460,-2.4280,8.9080,26.420,25.340,15.740,997
54900.00,-1.0270,-2.2710,9.5440,23.150,23.380,14.990,997
54910.00,-1.2870,-2.4490,10.2040,19.300,17.220,17.650,997
54920.00,-1.4890,-2.0490,11.6310,18.300,11.340,22.180,997
54930.00,-1.1670,-2.5280,9.9000,9.290,0.960,29.480,998
54940.00,-1.2770,-2.7200,9.7180,24.990,4.250,31.950,998
54950.00,-1.0560,-2.4950,9.6450,39.690,8.550,26.630,998
54960.00,-0.8240,-2.2430,9.4750,40.610,7.140,20.570,998
54970.00,-0.9360,-1.9100,9.5850,30.030,-1.800,21.710,998
54980.00,-1.1010,-1.4390,9.7200,16.340,-8.570,25.910,999
54990.00,-0.9460,-2.0870,9.8790,0.330,-5.840,31.900,999
55000.00,-1.1340,-2.3590,9.7830,-10.200,4.040,32.610,999
55010.00,-0.9990,-2.0690,9.7490,-14.990,10.780,30.180,999
55020.00,-0.9890,-1.8140,9.7290,-27.540,15.410,31.300,999
55030.00,-1.3900,-2.9630,10.3260,-38.600,4.340,31.830,1000
55040.00,-0.8610,-1.9210,9.6650,-13.360,-20.800,23.180,1000
55050.00,-0.7070,-2.0240,9.7770,-17.000,-28.100,21.100,1000
55060.00,-0.5950,-2.7050,9.7620,-20.750,-32.000,12.910,1000
55070.00,-0.8790,-2.3350,9.6700,-16.990,-35.290,-3.950,1000
55080.00,-0.8070,-2.1540,9.6490,-9.430,-37.530,-13.590,1001
55090.00,-0.8820,-2.2390,9.7010,-5.210,-39.650,-22.260,1001
55100.00,-0.7350,-1.9100,9.6440,1.690,-39.420,-24.230,1001
55110.00,-1.0450,-1.6480,9.7420,6.790,-41.490,-21.490,1001
55120.00,-0.6480,-2.0790,9.6950,12.740,-38.650,-15.260,1001
55130.00,-0.8240,-2.9020,9.7560,5.350,-40.120,4.400,1002
55140.00,-0.1470,-2.7520,9.7990,22.680,-28.780,-15.050,1002
55150.00,-0.0710,-2.0600,9.9010,30.320,-18.880,-24.640,1002
55160.00,-0.2230,-1.9470,9.8650,28.770,-13.890,-20.260,1002
55170.00,-0.1050,-1.8320,9.9480,19.880,-15.130,-12.070,1002
55180.00,-0.2510,-2.2360,9.7850,5.510,-20.890,-4.910,1003
55190.00,0.0900,-2.2910,10.0370,-3.700,-25.390,-3.440,1003
55200.00,-0.1050,-2.3540,9.7810,-4.680,-19.890,1.900,1003
55210.00,-0.1540,-2.2160,9.6590,0.190,-17.580,1.290,1003
55220.00,-0.0020,-2.2440,9.8290,11.840,-15.640,-0.360,1003
55230.00,-0.0530,-2.2860,9.9330,19.050,-10.790,-0.070,1004
55240.00,-0.0020,-2.2580,9.9350,14.800,-9.710,1.030,1004
55250.00,0.0760,-2.2750,9.9440,12.950,-5.540,1.360,1004
55260.00,0.0200,-2.2610,9.8930,11.970,0.150,2.080,1004
55270.00,0.0110,-2.2910,9.8660,8.470,0.450,2.130,1004
55280.00,0.0000,-2.2920,9.8690,6.380,0.520,2.640,1005
55290.00,-0.0460,-2.2610,9.8320,5.040,0.570,3.510,1005
55300.00,-0.1010,-2.2750,9.8280,5.350,0.610,4.370,1005
55311.00,-0.0500,-2.2770,9.8340,6.190,0.630,5.170,1005
55321.00,-0.0610,-2.2430,9.8510,6.800,0.610,5.370,1005
55331.00,-0.1420,-2.2570,9.8220,6.860,0.630,2.650,1006
55341.00,-0.0990,-2.2670,9.8590,7.940,0.630,0.970,1006
55351.00,-0.1100,-2.3090,9.8510,7.590,0.800,0.120,1006
55361.00,-0.0870,-2.3770,9.8180,7.770,0.840,-2.390,1006
55371.00,-0.0070,-2.2200,9.8500,9.080,0.780,-5.680,1006
55381.00,-0.0220,-2.2620,9.8410,8.890,0.850,-6.610,1007
55391.00,-0.0210,-2.1760,9.8270,9.360,0.990,-7.380,1007
55401.00,0.0210,-2.1060,9.8830,10.250,0.960,-7.660,1007
55411.00,-0.0750,-2.1460,9.8780,8.690,1.080,-4.090,1007
55421.00,-0.0450,-2.2160,9.8580,7.490,1.130,-4.140,1007
55431.00,-0.0580,-2.0720,9.8450,7.820,1.150,-4.530,1008
55441.00,-0.0710,-2.0440,9.9020,8.590,1.060,-2.620,1008
55451.00,-0.1100,-2.1320,9.8640,7.590,1.050,0.080,1008
55461.00,-0.1220,-2.1880,9.8520,8.380,1.120,1.550,1008
55471.00,-0.1710,-2.1080,9.8750,9.520,1.620,1.250,1008
55481.00,-0.1200,-2.7670,9.7740,10.460,2.200,-1.620,1009
55491.00,0.1850,-1.1230,9.9690,12.510,0.700,-6.490,1009
55501.00,0.0740,-2.1810,9.9700,8.660,0.500,3.690,1009
55511.00,-0.0130,-1.9260,9.8500,4.910,0.750,4.880,1009
55521.00,-0.0220,-1.9140,9.9070,5.880,0.780,3.460,1009
55531.00,0.0100,-2.0240,9.9010,5.110,1.080,3.210,1010
55541.00,-0.0070,-1.9720,9.8880,4.480,1.220,2.250,1010
55551.00,-0.0410,-1.9650,9.8850,4.420,1.170,1.040,1010
55561.00,-0.0450,-2.0190,9.8840,4.410,1.060,0.060,1010
55571.00,-0.0410,-2.0690,9.8760,4.460,1.080,-0.500,1010
55581.00,-0.0550,-2.0450,9.8850,5.050,1.050,-0.770,1011
55591.00,-0.0980,-1.9390,9.8780,5.180,1.030,-1.220,1011
55601.00,-0.0760,-2.0090,9.8900,5.580,0.940,-1.260,1011
55611.00,-0.0590,-2.0920,9.8690,5.840,0.920,-1.010,1011
55621.00,-0.0740,-2.0410,9.8960,6.310,0.800,-1.030,1011
55631.00,-0.0780,-1.9740,9.8950,6.370,0.840,-0.920,1012
55641.00,-0.0430,-2.0000,9.8990,6.120,0.870,-0.750,1012
55651.00,0.0010,-2.0320,9.9050,5.910,0.890,-0.780,1012
55661.00,-0.0070,-1.9830,9.9130,5.680,0.910,-0.800,1012
55671.00,-0.0220,-1.9460,9.9050,5.300,0.920,-0.780,1012
55681.00,-0.0260,-1.9510,9.9090,5.110,0.980,-0.710,1013
55691.00,-0.0270,-2.0140,9.8930,4.860,1.030,-0.710,1013
55701.00,-0.0500,-2.0080,9.8910,4.900,1.030,-0.770,1013
55711.00,-0.0800,-1.9560,9.9140,5.190,0.960,-0.680,1013
55721.00,-0.1060,-1.9070,9.8910,5.470,0.960,-0.840,1013
55731.00,-0.0450,-2.0080,9.8990,6.280,0.890,-0.840,1014
55741.00,-0.0700,-1.9440,9.8890,6.800,0.940,-0.910,1014
55751.00,-0.0610,-1.8720,9.9170,7.210,0.890,-0.890,1014
55761.00,-0.0380,-1.9130,9.9270,6.720,0.920,-1.050,1014
55771.00,-0.0110,-1.9720,9.9010,5.930,1.150,-1.830,1014
55781.00,-0.0260,-1.9160,9.9330,6.030,1.080,-1.920,1015
55791.00,-0.0200,-1.9010,9.9300,4.840,1.080,-1.200,1015
55801.00,-0.0710,-2.0650,9.9270,2.970,1.260,0.920,1015
55811.00,-0.2420,-2.2800,9.8480,2.480,1.450,1.940,1015
55821.00,-0.7800,-2.7970,9.5790,10.650,0.940,-15.940,1015
55831.00,0.2700,-1.4030,10.1000,19.540,0.940,-43.960,1016
55841.00,-0.5970,-2.3430,9.9820,10.440,0.680,-30.270,1016
55851.00,-0.1290,-1.3560,9.8170,9.570,0.920,-53.060,1016
55861.00,-0.0520,-1.8590,10.0330,10.230,0.240,-60.580,1016
55871.00,-0.0350,-1.6290,10.0100,6.030,0.700,-59.290,1016
55881.00,0.2230,-1.6160,9.9630,4.160,1.400,-58.250,1017
55891.00,0.4160,-1.5550,9.9320,1.830,1.340,-51.850,1017
55901.00,0.9810,-1.5760,9.9780,0.750,1.170,-33.040,1017
55911.00,0.0410,-2.0560,10.0830,-2.810,0.780,-1.570,1017
55921.00,0.2830,-1.5700,9.8210,-7.850,1.220,4.230,1017
55931.00,0.0930,-1.8350,9.8990,-3.130,1.290,2.340,1018
55941.00,0.0980,-1.7400,9.8630,-1.550,1.050,0.340,1018
55951.00,0.0390,-1.7830,9.8970,-0.120,1.640,-1.990,1018
55961.00,-0.0030,-1.8250,10.1270,-0.410,4.370,-3.510,1018
55971.00,-0.2960,-1.2960,10.6520,-3.550,7.290,-13.070,1018
55981.00,-0.0210,-1.7520,9.6650,-24.460,13.090,-23.670,1019
55991.00,0.0070,-2.1320,9.9020,-28.270,12.490,-23.380,1019
56001.00,0.0900,-1.7940,9.9270,-26.240,13.870,-25.420,1019
56011.00,-0.1660,-1.6460,9.9720,-28.890,13.140,-25.320,1019
56021.00,0.0090,-1.8750,9.8210,-29.590,16.010,-23.310,1019
56031.00,0.0560,-1.8430,9.6800,-25.540,18.280,-22.920,1020
56041.00,0.0050,-1.5720,9.5880,-15.290,18.620,-21.780,1020
56051.00,-0.0890,-1.0440,9.6200,1.170,17.900,-8.150,1020
56061.00,0.0170,-2.1900,9.7680,8.760,18.420,11.190,1020
56071.00,-0.0960,-2.0750,9.9380,13.800,20.490,10.670,1020
56081.00,-0.1660,-1.8930,9.9670,17.720,21.680,12.650,1021
56091.00,0.0260,-2.8390,9.7950,25.840,22.900,14.680,1021
56101.00,-0.3190,-1.6130,9.8940,28.990,24.790,4.630,1021
56111.00,-0.2970,-2.4710,9.8410,32.250,13.960,13.490,1021
56121.00,-0.1160,-2.7680,9.9050,44.570,6.280,10.070,1021
56131.00,-0.1590,-2.7670,10.0800,42.360,1.200,-0.490,1022
56141.00,-0.1080,-2.1610,9.6890,45.180,-6.010,-19.350,1022
56151.00,-0.1590,-2.2300,9.8210,31.410,-3.720,-24.850,1022
56161.00,-0.2080,-2.1080,9.8010,13.050,-2.990,-27.000,1022
56171.00,-0.3780,-1.9840,9.9690,-5.890,-2.250,-28.190,1022
56181.00,-0.3140,-1.8480,10.0340,-10.420,-1.010,-22.410,1023
56191.00,-0.3200,-1.8960,9.9020,-11.120,0.890,-11.740,1023
56201.00,-0.2450,-1.9200,9.8400,-19.090,3.150,-7.980,1023
56212.00,-0.2160,-1.9400,9.8990,-31.420,7.010,-5.670,1023
56221.00,-0.3340,-1.9830,10.0720,-38.480,10.130,-3.690,1023
56231.00,-0.3180,-1.9750,10.0270,-29.670,11.300,-1.130,1024
56241.00,-0.3910,-2.0350,9.9940,-18.610,10.570,2.090,1024
56251.00,-0.2630,-2.0860,9.9900,-8.270,6.940,5.520,1024
56261.00,-0.2390,-2.0600,9.8770,-3.880,4.160,5.680,1024
56272.00,-0.0940,-2.0860,9.9810,-10.740,6.020,1.970,1024
56281.00,-0.3760,-2.0840,9.9260,-19.140,10.930,-2.940,1025
56291.00,-0.3190,-2.1220,9.8850,-8.760,12.040,-2.110,1025
56302.00,0.2480,-3.2060,9.5470,-5.350,13.490,-3.500,1025
56312.00,-0.1980,-2.0130,10.0420,5.020,9.480,-12.980,1025
56322.00,-0.4880,-1.5600,9.8100,5.180,10.480,-10.340,1025
56332.00,-0.4060,-1.9530,9.7780,3.160,9.110,-3.220,1026
56342.00,-0.3790,-2.0360,9.8840,-2.570,-0.800,-0.470,1026
56352.00,-0.3810,-2.0410,9.8970,-5.160,-1.710,-1.640,1026
56362.00,-0.3000,-2.0920,9.8940,-0.940,2.740,-0.450,1026
56372.00,-0.5010,-2.1470,9.8570,1.710,5.960,4.400,1026
56382.00,-0.3150,-2.2300,9.8400,0.960,6.440,4.670,1027
56392.00,-0.5280,-2.1230,9.7800,2.710,5.600,5.450,1027
56402.00,-0.4460,-2.1480,9.8340,2.530,3.290,3.670,1027
56412.00,-0.6790,-2.0530,9.7480,0.840,0.330,0.260,1027
56422.00,-0.4270,-2.1360,9.7420,-2.510,-6.640,-5.960,1027
56432.00,-0.3630,-2.1940,9.8900,-4.890,-12.910,-8.430,1028
56442.00,-0.3520,-2.1970,9.8770,-5.820,-12.440,-8.920,1028
56452.00,-0.2650,-2.2460,9.8710,-5.560,-10.560,-8.640,1028
56462.00,-0.3740,-2.1830,9.8930,-6.540,-9.950,-7.150,1028
56472.00,-0.2620,-2.2560,9.8700,-12.000,-11.180,-6.750,1028
56482.00,-0.1980,-2.2390,10.0170,-14.520,-10.460,-6.610,1029
56492.00,-0.1230,-1.9640,9.8420,-12.350,-2.900,-1.170,1029
56502.00,-0.2170,-2.3100,9.8260,-11.210,-0.800,5.610,1029
56512.00,-0.2260,-2.5680,9.8960,-9.180,-0.570,7.640,1029
56522.00,-0.0560,-2.6180,9.7860,-8.530,-0.850,5.630,1029
56532.00,0.5700,-2.7880,9.6830,-7.450,0.450,2.710,1030
56542.00,0.2220,-3.0830,10.3050,-2.760,7.560,6.710,1030
56552.00,-2.2860,-1.2350,11.4810,-15.060,25.690,-9.570,1030
56562.00,-0.4490,-2.0620,8.7760,-32.320,9.870,-6.820,1030
56572.00,1.0750,-3.0790,8.8100,5.120,7.960,14.640,1030
56582.00,-1.8620,-2.3190,10.3780,37.810,15.590,24.090,1031
56592.00,-0.5550,-1.4720,9.4510,17.650,-6.840,2.920,1031
56602.00,-0.3200,-2.3280,9.6980,16.690,-5.590,10.000,1031
56612.00,0.0800,-2.7980,9.8360,26.020,-0.080,11.560,1031
56622.00,-0.3140,-2.5160,9.9810,21.980,1.640,9.250,1031
56632.00,-0.0490,-2.6410,9.7260,12.320,2.220,5.470,1032
56642.00,-0.2340,-2.4750,9.7370,7.680,3.550,3.180,1032
56652.00,-0.3640,-2.1690,9.7660,7.120,1.480,3.230,1032
56662.00,-0.3760,-2.2370,9.8810,10.180,-2.710,4.980,1032
56672.00,-0.3910,-2.2180,9.8820,9.850,-2.670,5.510,1032
56682.00,-0.3550,-2.2380,9.7610,4.950,-3.510,5.420,1033
56692.00,-0.3930,-2.2740,9.7320,3.440,-3.350,5.230,1033
56702.00,-0.4360,-2.1850,9.8260,5.400,-2.570,4.050,1033
56712.00,-0.4550,-2.2770,9.8520,5.160,-1.100,3.760,1033
56722.00,-0.4300,-2.2190,9.8460,3.650,0.100,1.240,1033
56732.00,-0.4010,-2.1390,9.9740,4.230,0.150,-1.130,1034
56742.00,-0.3110,-2.1080,9.8420,16.040,-2.320,0.870,1034
56752.00,-0.2180,-2.1960,9.8050,19.160,-1.240,-0.360,1034
56762.00,-0.2420,-2.1640,9.9870,22.760,0.590,-4.440,1034
56772.00,-0.2520,-2.2010,10.3590,26.860,-2.270,-6.050,1034
56782.00,-0.2580,-2.2400,10.2500,28.750,-10.970,-7.050,1035
56792.00,-0.3210,-2.4110,9.9760,26.390,-21.500,-9.690,1035
56802.00,-0.7440,-3.0970,3.2350,59.480,-23.740,-19.400,1035
56812.00,-0.2880,-5.3040,17.6070,224.050,-2.340,-71.450,1035
56822.00,0.0460,0.1770,12.2640,117.050,-61.730,-120.410,1035
56832.00,0.3870,2.6590,7.4470,102.440,-88.470,-88.090,1036
56842.00,0.2580,0.9960,7.2840,80.600,-42.290,-20.490,1036
56852.00,0.0110,-2.1830,10.3480,54.280,5.320,16.480,1036
56862.00,0.0840,-1.9440,11.1440,41.660,4.690,3.130,1036
56872.00,0.2850,-0.4190,9.9310,41.020,-10.550,-11.280,1036
56882.00,0.2540,-0.3980,9.5970,34.490,-8.900,-3.760,1037
56892.00,0.2200,-0.9280,10.2740,26.610,-1.220,4.040,1037
56902.00,0.3190,-0.5940,9.9940,22.340,-2.990,2.580,1037
56912.00,0.2530,-0.4670,9.7600,15.760,-2.160,5.280,1037
56922.00,0.1710,-0.9110,10.1200,8.660,2.220,8.660,1037
56932.00,0.1140,-0.9270,10.0630,3.460,1.360,5.440,1038
56942.00,0.1750,-0.8330,10.2670,-0.800,-0.710,0.640,1038
56952.00,0.2270,-0.8310,10.1530,-1.320,-2.930,-0.330,1038
56962.00,0.2030,-0.7650,10.0410,-2.510,-3.970,-0.570,1038
56972.00,0.2240,-0.7580,10.3100,0.240,-3.530,-1.120,1038
56982.00,0.2720,-0.7810,10.3020,6.520,-6.360,-1.480,1039
56992.00,0.3010,-0.7100,9.9490,10.950,-9.110,-1.080,1039
57002.00,0.3510,-0.5130,9.8080,11.690,-7.030,0.430,1039
57012.00,0.3140,-0.5990,10.0360,11.480,-2.250,3.440,1039
57022.00,0.3110,-0.5810,10.4480,14.700,-0.310,4.700,1039
57032.00,0.3720,-0.5550,10.6020,16.830,-1.620,6.010,1040
57042.00,1.1860,-0.2140,11.2610,15.920,-4.230,7.260,1040
57052.00,0.6500,0.5550,10.5600,18.700,-15.660,10.490,1040
57062.00,0.3090,-0.4650,10.9990,10.670,-10.370,21.730,1040
57072.00,0.2450,-0.9660,12.8030,2.290,-1.590,22.430,1040
57082.00,0.1870,-0.4570,12.3870,4.630,-16.460,17.180,1041
57092.00,0.0880,-0.6380,10.7170,10.230,-30.570,18.580,1041
57102.00,0.2100,-0.8630,9.4400,14.070,-29.410,17.410,1041
57112.00,-0.1060,-0.6230,10.6420,15.640,-11.770,16.200,1041
57122.00,-0.0830,-1.8740,12.3620,9.410,-4.330,19.750,1041
57132.00,-0.0440,-1.3990,11.4790,-1.320,-16.130,7.400,1042
57142.00,0.1930,-1.2800,10.6440,-14.330,-15.460,-0.780,1042
57152.00,0.4330,-0.9480,10.2980,-14.540,-16.390,-4.510,1042
57162.00,0.6180,-0.7080,9.8540,-12.540,-17.560,-5.120,1042
57172.00,0.6650,-0.6560,9.5650,-9.830,-16.360,-4.650,1042
57182.00,0.7110,-0.7470,9.5950,-8.570,-13.290,-3.900,1043
57192.00,0.7030,-0.8530,9.4480,-11.190,-11.070,-2.710,1043
57202.00,0.7310,-0.8680,9.5700,-13.380,-8.130,-2.130,1043
57212.00,0.7380,-0.8350,9.6820,-13.750,-6.570,-1.970,1043
57222.00,0.9120,-0.7840,9.4450,-13.080,-8.380,-1.270,1043
57232.00,0.9040,-0.6430,8.9260,-13.700,-9.500,-0.940,1044
57242.00,0.8030,-0.9460,9.1080,-12.750,-5.770,1.870,1044
57252.00,0.7450,-1.1160,9.1160,-13.030,-4.750,2.250,1044
57262.00,0.7830,-1.0330,9.0770,-17.180,-2.860,0.820,1044
57272.00,0.9370,-0.8840,9.1590,-18.370,-0.970,-0.380,1044
57282.00,1.0200,-0.7950,8.7490,-15.810,-2.580,-0.840,1045
57292.00,1.1310,-0.7470,8.3500,-11.390,-1.990,-1.430,1045
57302.00,1.1790,-0.5460,8.6520,-8.740,2.830,-1.760,1045
57312.00,1.1790,-0.4830,8.8550,-7.870,5.390,0.480,1045
57322.00,1.0560,-0.4920,9.2290,-6.010,8.060,3.210,1045
57333.00,0.8530,-0.7710,9.8820,-4.750,10.650,5.910,1046
57342.00,0.6230,-1.1970,9.8970,-7.570,6.650,4.600,1046
57352.00,0.7320,-0.9990,9.9390,-9.620,7.980,2.600,1046
57363.00,0.7780,-0.9930,10.2560,-10.600,9.030,2.410,1046
57373.00,0.7440,-1.1230,10.1000,-9.480,5.300,2.270,1046
57383.00,0.7510,-1.1660,9.9130,-7.730,3.020,1.290,1047
57393.00,0.8660,-0.8660,9.7980,-6.850,3.090,-0.330,1047
57403.00,1.0160,-0.7030,9.9000,-3.720,3.370,0.480,1047
57413.00,1.0490,-0.6340,10.2640,-0.890,4.060,2.200,1047
57423.00,0.8680,-0.8020,10.0840,-0.380,1.500,4.980,1047
57433.00,0.4920,-1.2400,10.1820,-6.540,3.360,7.960,1048
57443.00,0.3380,-1.5420,11.4840,-24.300,12.210,8.240,1048
57453.00,0.4520,-1.4320,11.3130,-49.130,12.670,5.310,1048
57463.00,0.6660,-1.4140,10.4130,-53.670,6.940,2.690,1048
57473.00,1.0700,-0.9320,9.6690,-43.150,2.480,-2.220,1048
57483.00,1.3890,-0.2300,8.7760,-29.520,-2.300,-4.600,1049
57493.00,1.3790,-0.7540,8.0260,-13.730,-6.640,-0.680,1049
57503.00,1.3280,-0.0510,7.8300,-22.830,1.760,1.500,1049
57513.00,1.5150,-0.0510,7.8780,-29.740,10.860,10.840,1049
57523.00,1.5920,0.2410,8.5920,-24.090,20.300,19.930,1049
57533.00,0.9730,0.0220,10.0070,-15.970,26.540,28.830,1050
57543.00,0.5070,-0.3920,10.1860,-10.620,8.690,30.740,1050
57553.00,0.6240,-0.5920,9.5590,-11.370,3.270,35.340,1050
57563.00,0.0930,-1.6980,9.2750,-10.370,1.220,40.030,1050
57573.00,-0.3680,-1.3490,8.7750,-11.260,1.200,35.730,1050
57583.00,0.6920,-1.2990,8.4610,-11.790,4.180,31.350,1051
57593.00,0.3940,-0.8190,8.8710,-16.500,12.810,30.270,1051
57603.00,0.2480,-0.7760,9.6400,-11.280,15.780,34.080,1051
57613.00,0.2820,-1.3480,9.6370,-4.120,11.490,37.150,1051
57623.00,0.3670,-1.1780,8.7260,2.150,5.250,35.260,1051
57633.00,-0.0030,-1.3710,8.2260,3.640,7.890,38.860,1052
57643.00,0.0890,-2.6160,7.9720,10.640,8.820,41.780,1052
57653.00,-0.1990,-2.0630,7.9470,8.640,12.980,35.480,1052
57663.00,-0.3840,-2.8180,7.3050,22.610,8.470,35.430,1052
57673.00,-0.3270,-2.9620,5.9950,44.940,3.850,29.240,1052
57683.00,-0.0410,-2.2430,5.1090,63.400,11.060,20.190,1053
57693.00,0.1780,-1.6660,4.7490,93.660,22.380,15.810,1053
57703.00,0.3660,-1.3180,5.2170,109.390,40.040,16.580,1053
57713.00,-0.0470,-1.5640,5.9480,98.780,59.010,21.590,1053
57723.00,-0.1570,-1.6970,6.0820,80.340,73.530,22.430,1053
57733.00,-0.1490,-1.0210,6.7330,65.340,91.330,19.140,1054
57743.00,-1.0370,-1.1760,10.4920,64.430,112.450,33.070,1054
57753.00,-1.9140,-2.3440,11.2980,74.270,101.180,41.570,1054
57763.00,-1.9630,-3.2690,11.0060,63.920,84.800,37.760,1054
57773.00,-2.1480,-2.2480,10.5520,50.500,80.360,21.990,1054
57783.00,-2.0800,-1.6420,10.5550,50.730,78.010,14.620,1055
57793.00,-1.8980,-1.7760,10.9480,47.250,75.300,13.360,1055
57803.00,-2.1110,-1.7350,10.6390,41.350,69.400,11.300,1055
57813.00,-1.9390,-1.0270,9.3220,25.180,68.230,10.180,1055
57823.00,-2.2610,-1.0200,10.4790,17.200,83.030,14.780,1055
57833.00,-2.4340,-1.3560,11.8930,19.820,84.750,17.230,1056
57843.00,-2.8470,-1.1860,11.9540,17.690,72.410,12.870,1056
57853.00,-2.2560,-1.3200,11.2300,20.470,55.050,8.220,1056
57863.00,-2.6220,-0.2700,11.0170,17.500,54.120,6.870,1056
57873.00,-2.7300,-1.2940,10.7330,22.220,48.910,15.250,1056
57883.00,-3.2480,-1.7260,9.7350,27.020,41.660,9.640,1057
57893.00,-2.7430,-1.3040,7.8790,26.300,39.840,-3.530,1057
57903.00,-2.5380,0.6740,8.0430,11.810,61.460,-10.410,1057
57913.00,-2.4590,-0.2080,9.1600,4.950,78.570,4.260,1057
57923.00,-2.7140,0.3050,10.0510,11.720,82.630,5.450,1057
57933.00,-2.5730,1.9840,10.7500,14.990,84.730,2.790,1058
57943.00,-3.1890,2.0350,10.3720,9.850,78.120,31.210,1058
57953.00,-3.2050,-0.3670,9.8100,25.550,65.100,47.680,1058
57963.00,-3.8890,0.3560,8.4350,41.330,59.600,38.420,1058
57973.00,-3.6950,0.5800,9.0580,40.400,70.290,32.040,1058
57983.00,-4.3990,1.1060,11.5070,23.460,91.700,32.320,1059
57993.00,-4.1970,-0.3330,12.4760,33.700,81.040,35.850,1059
58003.00,-4.8440,-0.2460,11.7950,47.930,56.990,26.260,1059
58013.00,-4.7640,0.3340,9.5310,48.190,40.930,16.670,1059
58023.00,-4.0770,0.8620,9.1650,40.860,46.420,10.020,1059
58033.00,-4.1200,1.4570,9.8660,52.950,53.950,7.220,1060
58043.00,-3.6940,1.8810,8.8400,68.750,48.590,8.900,1060
58053.00,-4.0450,1.9660,8.9970,73.620,49.870,7.730,1060
58063.00,-4.1390,2.0660,8.9550,82.300,50.010,1.360,1060
58073.00,-4.6070,2.6560,9.8970,80.950,64.270,-2.740,1060
58083.00,-5.0630,1.8020,11.6020,80.710,71.240,1.360,1061
58093.00,-5.4530,1.2610,12.6260,76.520,62.280,-2.900,1061
58103.00,-6.1850,1.1250,12.7800,65.570,47.460,-5.840,1061
58113.00,-6.1060,-0.6340,11.3440,58.620,23.380,-7.990,1061
58123.00,-6.3920,0.2020,10.1520,53.900,10.920,-30.520,1061
58133.00,-4.8650,1.5900,8.2680,37.110,10.230,-46.560,1062
58143.00,-4.5450,3.4240,8.8840,46.110,22.330,-53.630,1062
58153.00,-4.5400,3.8410,8.8050,25.090,23.590,-42.570,1062
58163.00,-4.7280,3.4000,8.8210,14.540,32.580,-20.230,1062
58173.00,-4.7110,1.8580,10.3520,25.910,32.980,-8.830,1062
58183.00,-5.3690,2.6640,9.4000,22.200,20.510,-10.720,1063
58193.00,-5.1720,2.1410,8.2510,21.310,13.330,-3.920,1063
58203.00,-5.0810,2.1610,9.4730,17.160,22.830,-3.920,1063
58213.00,-4.9630,2.7050,9.9550,22.850,19.560,-4.390,1063
58223.00,-5.0420,2.6590,9.0070,24.920,3.040,-0.940,1063
58233.00,-4.9220,2.3190,7.2260,22.570,-3.630,4.350,1064
58243.00,-4.7060,2.2630,7.7100,26.770,8.270,1.900,1064
58253.00,-4.6980,2.9010,7.9520,25.000,13.400,-4.550,1064
58263.00,-4.7340,3.0950,7.5850,18.900,14.520,-2.430,1064
58273.00,-4.6210,3.2010,8.8550,15.150,29.120,2.780,1064
58283.00,-4.7560,2.7980,10.6690,12.740,33.490,6.400,1065
58293.00,-5.1570,2.5920,10.1990,14.070,16.900,8.900,1065
58303.00,-5.4110,1.5500,9.1630,16.080,4.270,13.380,1065
58313.00,-5.6180,1.0730,8.4070,16.320,1.940,5.820,1065
58323.00,-5.4480,1.4990,8.6730,14.540,7.610,-6.580,1065
58333.00,-5.2670,2.2280,8.7430,13.700,8.710,-13.700,1066
58343.00,-4.9710,2.4780,9.4370,13.240,8.520,-12.840,1066
58353.00,-4.8340,2.8730,9.1900,12.250,2.970,-11.390,1066
58363.00,-4.9420,2.6760,9.1160,12.610,0.780,-6.230,1066
58373.00,-5.0590,2.0110,8.7510,12.750,-3.340,-1.270,1066
58384.00,-5.0470,1.6920,7.8000,16.730,-8.250,-2.710,1067
58394.00,-4.8920,1.9350,7.2960,13.860,-3.620,-7.850,1067
58404.00,-4.8810,2.3830,7.8590,9.320,6.860,-10.060,1067
58414.00,-4.8710,2.3370,8.1940,9.810,9.010,-6.770,1067
58424.00,-4.9990,2.1550,8.1550,12.650,8.290,-4.530,1067
58434.00,-5.1070,2.0290,8.4840,11.910,10.270,-4.350,1068
58444.00,-5.1490,2.0840,8.7080,12.420,9.660,-4.910,1068
58454.00,-5.0240,2.3840,8.8860,15.150,8.590,-5.070,1068
58464.00,-5.3750,2.4260,9.2920,13.610,7.240,-2.760,1068
58474.00,-5.4200,1.9080,9.2060,17.570,-0.410,-0.470,1068
58484.00,-5.5880,1.8310,9.5730,30.570,-6.350,-5.790,1069
58494.00,-5.3690,2.2060,9.7010,28.800,-10.970,-14.120,1069
58504.00,-5.2400,2.6210,9.3830,27.090,-14.940,-16.780,1069
58514.00,-5.5510,2.1020,8.8150,28.630,-17.910,-9.250,1069
58524.00,-5.4660,1.8980,9.0520,23.940,-12.310,-7.960,1069
58534.00,-5.2280,2.8960,9.8960,16.660,-5.030,-14.700,1070
58544.00,-5.2470,3.3120,10.6270,15.730,-6.850,-12.330,1070
58554.00,-5.3560,2.8640,10.4900,19.460,-23.810,-1.380,1070
58564.00,-5.3710,2.9410,11.0580,12.000,-22.710,-2.130,1070
58574.00,-5.4350,2.9710,11.8730,9.150,-24.270,-2.320,1070
58584.00,-5.4620,2.7450,11.7450,10.850,-36.200,-0.450,1071
58594.00,-5.4300,2.3440,11.0240,12.910,-48.050,0.380,1071
58604.00,-5.1120,2.4610,10.3340,12.670,-53.090,-4.140,1071
58614.00,-4.7620,2.9950,9.5380,12.960,-54.240,-9.030,1071
58624.00,-4.2810,3.5380,9.4150,27.540,-53.890,-8.290,1071
58634.00,-4.0240,3.3000,9.1720,20.000,-50.730,-4.160,1072
58644.00,-3.8200,3.4740,9.0980,12.050,-47.400,-3.930,1072
58654.00,-3.5940,3.7050,8.9820,12.040,-45.560,-1.310,1072
58664.00,-3.3260,3.8630,8.9300,10.500,-43.590,4.300,1072
58674.00,-3.3200,3.7100,8.8550,5.720,-41.080,11.260,1072
58684.00,-3.2650,3.5400,8.4430,6.230,-40.560,16.970,1073
58694.00,-3.1090,3.6020,8.1760,16.290,-39.300,21.120,1073
58704.00,-3.0100,3.7690,8.0210,30.200,-38.140,27.520,1073
58714.00,-3.1660,3.3660,7.5340,37.870,-37.080,38.140,1073
58724.00,-3.3840,2.2890,7.0500,36.550,-32.260,47.580,1073
58734.00,-3.3700,1.9390,6.7250,24.360,-23.710,44.790,1074
58744.00,-3.3470,2.4380,7.7640,6.860,-10.000,36.220,1074
58754.00,-3.4380,2.8940,8.6790,-2.010,7.980,35.170,1074
58764.00,-3.5370,3.1450,9.0670,-6.210,7.240,34.520,1074
58774.00,-3.7690,3.0660,9.7480,-9.200,7.870,35.540,1074
58784.00,-4.0360,2.7660,10.5110,-9.570,4.900,36.620,1075
58794.00,-4.2480,2.5810,10.4570,-10.060,-3.740,35.500,1075
58804.00,-4.3960,2.5290,10.4840,-9.570,-10.070,33.070,1075
58814.00,-4.5540,2.4720,10.7240,-8.100,-13.800,30.620,1075
58824.00,-4.6400,2.2280,10.9930,-8.900,-18.470,28.240,1075
58834.00,-4.6890,1.9460,10.5660,-12.610,-26.230,24.480,1076
58844.00,-4.6030,2.0560,10.1790,-13.470,-31.340,16.860,1076
58854.00,-4.6070,2.4320,10.1550,-12.930,-32.670,9.690,1076
58864.00,-4.2170,2.5070,10.3810,-18.890,-31.970,6.610,1076
58874.00,-4.0450,3.0200,10.1730,-28.170,-32.330,1.920,1076
58884.00,-3.9050,3.1690,10.3630,-31.910,-31.000,2.290,1077
58894.00,-4.0270,3.0850,10.9670,-35.610,-29.940,5.090,1077
58904.00,-4.0640,3.0200,11.8090,-44.790,-30.580,7.780,1077
58914.00,-4.0070,3.0530,12.0760,-54.860,-36.760,10.200,1077
58924.00,-3.8520,2.4390,11.8310,-65.720,-47.310,13.240,1077
58934.00,-3.8240,1.8250,10.5810,-98.690,-51.930,9.370,1078
58944.00,-3.5890,1.9830,11.0560,-116.790,-46.260,0.430,1078
58954.00,-3.1400,2.3960,10.2500,-133.310,-54.930,-4.410,1078
58964.00,-3.0520,2.0390,10.1710,-128.010,-54.380,-2.920,1078
58974.00,-3.0780,1.3770,9.2660,-123.250,-57.250,-3.640,1078
58984.00,-2.9530,0.8130,8.0250,-117.440,-55.470,-8.640,1079
58994.00,-2.5780,0.8140,8.5410,-112.540,-40.440,-17.320,1079
59004.00,-2.4250,1.2320,9.5660,-113.640,-29.710,-21.940,1079
59014.00,-2.4190,1.1710,9.7920,-122.650,-27.800,-14.920,1079
59024.00,-2.7170,0.3760,10.1550,-125.400,-27.240,-2.030,1079
59034.00,-2.7680,-0.5410,10.7340,-138.420,-26.380,3.900,1080
59044.00,-2.7740,-0.7760,10.7540,-160.330,-32.890,1.250,1080
59054.00,-2.5230,-0.6610,9.8340,-180.300,-42.330,-4.210,1080
59064.00,-1.9530,-0.1860,9.3400,-182.170,-46.090,-9.710,1080
59074.00,-1.6970,0.1950,9.1940,-175.150,-47.470,-7.960,1080
59084.00,-1.7020,-0.4960,8.7580,-168.410,-50.310,1.040,1081
59094.00,-1.8470,-1.2460,7.4780,-150.550,-51.270,4.880,1081
59104.00,-1.6840,-1.3110,6.9050,-112.680,-46.670,1.590,1081
59114.00,-1.4850,-1.2380,6.3620,-99.500,-33.770,-0.870,1081
59124.00,-1.4780,-1.6050,7.4230,-101.810,-9.010,0.330,1081
59134.00,-1.7410,-1.9420,9.2380,-95.930,7.730,0.800,1082
59144.00,-2.0000,-2.6870,9.9900,-81.250,4.230,1.570,1082
59154.00,-2.4280,-3.1130,9.3930,-59.600,-12.590,-7.960,1082
59164.00,-2.1460,-3.2090,9.7170,-53.510,-15.310,-11.480,1082
59174.00,-1.8890,-2.5990,9.4790,-45.760,-23.230,-18.600,1082
59184.00,-1.7890,-2.4860,9.8110,-38.040,-27.350,-19.350,1083
59194.00,-1.7500,-2.5370,9.2510,-29.990,-35.080,-18.320,1083
59204.00,-1.5750,-2.3420,8.1630,-21.060,-39.160,-18.580,1083
59214.00,-1.4450,-2.2980,8.0080,-19.790,-32.260,-17.150,1083
59224.00,-1.3630,-2.3770,8.1490,-19.450,-24.860,-15.400,1083
59234.00,-1.1760,-2.3460,8.5230,-24.980,-16.760,-14.590,1084
59244.00,-1.0680,-2.2660,8.7900,-26.870,-12.590,-14.170,1084
59254.00,-1.1620,-2.5740,8.8360,-27.360,-9.150,-12.250,1084
59264.00,-1.3380,-2.9310,8.9130,-31.090,-6.330,-11.140,1084
59274.00,-1.3620,-3.2320,8.6080,-30.290,-5.310,-12.110,1084
59284.00,-1.2020,-2.9950,9.3480,-27.840,-0.640,-15.380,1085
59294.00,-1.2230,-3.1410,9.4330,-23.060,-4.810,-15.340,1085
59304.00,-1.3070,-3.2990,9.1420,-17.140,-9.290,-16.360,1085
59314.00,-0.9990,-2.7450,9.3090,-15.100,-9.080,-19.460,1085
59324.00,-0.7480,-2.4510,9.3340,-13.540,-10.970,-17.720,1085
59334.00,-0.7280,-2.6600,9.1340,-10.280,-14.780,-13.700,1086
59344.00,-0.7770,-2.7300,9.3450,-10.200,-14.830,-12.280,1086
59354.00,-0.6470,-2.9220,8.5290,-9.110,-17.090,-10.500,1086
59364.00,-0.8290,-2.5190,9.2420,-12.300,-10.160,-11.340,1086
59374.00,-1.0710,-3.3840,7.6060,-8.740,-15.620,-6.070,1086
59384.00,-0.9670,-3.5730,8.7550,-10.770,-3.160,-7.980,1087
59394.00,-0.7780,-2.8060,8.9800,-14.360,-2.080,-12.670,1087
59404.00,-0.8500,-3.6130,8.5480,-12.370,-4.810,-7.910,1087
59415.00,-0.8210,-3.3390,9.5900,-12.720,-0.610,-11.910,1087
59425.00,-1.0370,-3.2680,8.7000,-8.520,-8.220,-12.390,1087
59435.00,-0.8670,-3.7060,9.3080,-6.680,-5.310,-11.300,1088
59445.00,-0.5410,-2.7330,9.1210,-7.190,-8.180,-16.040,1088
59455.00,-0.4170,-2.9450,8.9130,-4.600,-10.810,-11.270,1088
59465.00,-0.3800,-2.9750,9.3630,-1.460,-9.710,-9.780,1088
59475.00,-0.5940,-3.1710,8.7390,-1.030,-13.400,-8.130,1088
59485.00,-0.3740,-3.2120,9.2070,-1.520,-9.250,-7.960,1089
59495.00,-0.3170,-3.0520,9.5240,-2.920,-7.690,-7.350,1089
59505.00,-0.8850,-3.5300,8.6030,-1.570,-12.170,-3.620,1089
59515.00,-0.8630,-4.3070,8.5080,-2.220,-7.170,-3.670,1089
59525.00,-0.6650,-3.3690,9.2690,-7.200,0.470,-11.350,1089
59535.00,-0.6600,-3.8730,8.9750,-7.290,-3.530,-7.150,1090
59545.00,-0.5490,-3.8140,9.1380,-5.230,-3.770,-9.460,1090
59555.00,-0.2590,-3.3730,8.9940,-0.760,-7.960,-11.410,1090
59565.00,-0.0570,-2.7610,9.4430,-0.270,-6.350,-11.130,1090
59575.00,-0.3820,-3.2570,8.8670,5.210,-10.550,-5.630,1090
59585.00,-0.4420,-3.6010,9.1990,6.030,-6.960,-4.090,1091
59595.00,-0.2730,-3.0130,9.4260,2.710,-4.140,-6.470,1091
59605.00,-0.4600,-3.7540,9.8730,4.860,-4.600,-1.450,1091
59615.00,-0.2170,-3.8700,10.1070,3.810,-5.380,-4.110,1091
59625.00,-0.9960,-3.7730,9.5380,5.470,-10.580,-7.000,1091
59635.00,-0.7990,-4.7900,8.4990,10.180,-14.380,-7.380,1092
59645.00,-0.1470,-3.7080,9.3430,11.160,-6.360,-18.790,1092
59655.00,-0.5490,-3.5500,9.2680,14.590,-10.320,-17.060,1092
59665.00,-0.0770,-4.4350,8.3050,28.850,-16.880,-15.970,1092
59675.00,-0.3880,-3.6150,9.2820,35.990,-8.450,-27.960,1092
59685.00,-0.2470,-4.0050,9.6490,52.440,-10.770,-32.060,1093
59695.00,-0.3840,-3.7660,10.0540,75.790,-16.570,-40.280,1093
59705.00,0.2470,-2.4430,9.5970,101.920,-26.120,-46.810,1093
59715.00,0.2960,-1.8850,10.2290,129.290,-28.890,-39.790,1093
59725.00,0.1610,-2.1600,9.9110,145.420,-35.940,-27.520,1093
59735.00,-0.0860,-2.7330,10.0630,166.750,-43.360,-20.800,1094
59745.00,0.1740,-2.3710,8.7030,162.100,-46.390,-20.660,1094
59755.00,0.4450,-1.8590,9.1660,162.410,-31.280,-14.290,1094
59765.00,0.5940,-1.2870,9.7970,129.340,-23.810,-12.910,1094
59775.00,0.5590,-1.1280,9.7740,112.500,-20.710,-9.010,1094
59785.00,0.5810,-1.3240,9.9510,99.010,-20.430,-5.390,1095
59795.00,0.3600,-0.7750,10.3470,80.180,-15.780,-5.960,1095
59805.00,0.4110,-0.9810,10.8460,65.390,-14.570,-3.200,1095
59815.00,0.6930,-0.8410,10.2910,56.960,-19.030,-3.220,1095
59825.00,0.3000,-1.1560,10.5350,51.990,-17.560,-1.030,1095
59835.00,0.5120,-0.6040,10.5610,49.700,-17.460,-5.020,1096
59845.00,0.7010,-0.3920,10.9770,50.150,-18.670,-6.230,1096
59855.00,0.5640,0.2160,10.6970,50.890,-21.360,-2.030,1096
59865.00,0.5280,-1.1130,10.5400,53.530,-24.910,7.290,1096
59875.00,0.5700,-0.9950,9.6050,45.780,-28.200,2.410,1096
59885.00,0.8700,-0.3310,9.6320,35.190,-21.260,-4.720,1097
59895.00,1.0260,0.2380,10.4000,31.430,-13.640,-5.110,1097
59905.00,0.9550,0.1630,10.7540,36.940,-14.870,-0.100,1097
59915.00,0.7840,-0.3520,10.2800,46.000,-22.670,5.590,1097
59925.00,0.6400,-0.8370,9.8170,55.400,-26.490,5.860,1097
59935.00,0.6280,-1.0000,10.1150,61.280,-24.720,-0.400,1098
59945.00,0.7200,-0.3540,11.1110,65.130,-20.290,-11.180,1098
59955.00,0.7310,-0.5160,11.0810,84.330,-25.050,-13.610,1098
59965.00,0.2770,-1.0400,9.0040,92.310,-58.990,-16.430,1098
59975.00,0.2200,-2.1650,7.7130,76.930,-49.330,-21.400,1098
59985.00,0.4290,-2.5730,7.7330,58.060,-25.370,-42.120,1099
59995.00,0.7630,-1.3720,7.1850,52.570,-7.830,-71.480,1099
60005.00,0.9760,0.5740,6.0530,116.860,1.990,-90.450,1099
60015.00,2.3170,2.3220,6.0030,273.190,8.260,-88.480,1099
60025.00,1.2220,2.4230,6.2930,327.670,10.230,-71.640,1099
60035.00,-0.5990,1.8900,9.5270,327.670,37.360,-62.160,1100
60045.00,1.0320,3.0660,12.1420,252.450,82.110,-75.820,1100
60055.00,2.7910,6.7900,7.7370,327.670,29.970,-70.260,1100
60065.00,0.0650,4.6150,7.1780,327.670,-16.220,-27.230,1100
60075.00,0.4970,5.6080,9.2200,268.810,37.900,-24.270,1100
60085.00,1.4700,5.6110,9.4670,243.610,37.740,-10.290,1101
60095.00,-0.0620,3.9050,9.1340,235.210,0.780,17.350,1101
60105.00,0.4580,2.2080,9.3590,118.840,2.310,15.640,1101
60115.00,1.6610,3.7380,6.3810,86.920,-15.780,-14.770,1101
60125.00,1.0180,5.4140,4.9530,92.430,-24.830,-30.780,1101
60135.00,1.3040,7.2080,5.7360,62.660,5.580,-39.140,1102
60145.00,1.0550,7.1790,6.8600,85.620,19.460,-20.330,1102
60155.00,0.2510,5.6260,8.8450,75.440,24.150,7.850,1102
60165.00,1.0300,7.1430,8.3410,-15.530,32.550,-18.020,1102
60175.00,1.3080,9.1960,6.9210,-7.270,21.170,-17.930,1102
60185.00,1.7630,9.5940,5.9100,-4.090,21.120,13.700,1103
60195.00,0.8190,8.5500,5.7350,7.700,34.940,55.780,1103
60205.00,0.9090,6.1780,7.9520,7.780,52.080,86.530,1103
60215.00,0.9810,4.3570,9.6610,-6.120,40.750,87.250,1103
60225.00,0.5930,3.2370,9.2910,-15.250,4.060,65.570,1103
60235.00,0.0950,4.0030,8.2320,-26.520,-32.440,33.190,1104
60245.00,-1.6630,4.4060,6.8050,-2.550,-67.560,19.050,1104
60255.00,2.8310,3.3350,5.5340,13.330,-93.230,13.240,1104
60265.00,1.2320,3.7240,3.5530,-41.490,-68.750,-9.340,1104
60275.00,1.6740,2.7330,3.4970,12.350,-40.870,-7.940,1104
60285.00,1.9530,3.4750,4.1860,3.360,0.680,-22.820,1105
60295.00,1.7200,4.6180,3.6470,-27.190,32.110,-37.990,1105
60305.00,1.3590,6.3010,4.9280,-13.190,56.660,-39.420,1105
60315.00,0.9850,5.1170,5.3190,-0.590,66.480,-10.990,1105
60325.00,0.3750,2.8060,5.0270,3.880,69.190,3.840,1105
60335.00,0.0250,2.5380,5.8340,0.610,79.130,-13.840,1106
60345.00,0.2090,3.8660,6.3990,-13.910,84.260,-38.920,1106
60355.00,0.1010,5.6980,5.8080,-13.290,82.770,-50.660,1106
60365.00,-0.3310,4.0610,6.2110,4.550,95.980,-26.070,1106
60375.00,-0.8690,2.7150,5.7110,6.490,97.420,-24.920,1106
60385.00,-1.2630,2.1630,5.1490,1.060,105.050,-37.570,1107
60395.00,-1.5720,2.8050,5.4160,-7.690,120.870,-55.800,1107
60405.00,-1.8490,3.4730,5.9400,-26.890,134.450,-68.420,1107
60415.00,-2.1820,4.6150,6.4950,-35.480,146.310,-79.040,1107
60425.00,-2.6440,5.6270,7.6510,-46.070,160.330,-82.910,1107
60436.00,-3.0200,6.2720,8.8130,-50.710,169.170,-80.440,1108
60446.00,-3.4010,7.0450,10.3170,-39.090,170.130,-74.600,1108
60456.00,-3.8590,6.6280,11.0350,-39.790,158.760,-56.960,1108
60466.00,-3.9150,5.4850,10.7400,-49.710,140.100,-41.680,1108
60476.00,-4.3350,5.2360,10.5230,-49.400,128.080,-41.680,1108
60486.00,-4.7340,4.5650,9.9600,-57.240,119.280,-39.250,1109
60496.00,-4.9710,4.1400,9.6890,-62.330,113.890,-38.510,1109
60506.00,-4.7900,4.6710,9.8520,-78.390,113.970,-46.720,1109
60516.00,-4.5430,5.6070,10.2640,-97.610,114.100,-55.580,1109
60526.00,-1.7850,7.0250,10.9000,-97.710,117.580,-55.730,1109
60536.00,-4.2740,6.9970,15.6800,-47.000,138.890,-32.350,1110
60546.00,-4.6830,8.3040,14.6100,-36.310,90.910,-13.190,1110
60556.00,-5.0330,9.0050,10.7160,-5.190,23.040,5.120,1110
60566.00,-7.1270,5.6020,11.5250,-11.300,34.560,57.450,1110
60576.00,-5.9670,3.9880,10.8140,-30.580,35.540,51.920,1110
60586.00,-5.0050,2.6700,11.3850,-31.390,38.460,38.910,1111
60596.00,-5.1070,2.7680,11.3970,-39.090,31.060,12.700,1111
60606.00,-4.7490,3.1540,9.6800,-33.680,7.660,-8.760,1111
60616.00,-4.3810,3.5840,7.9330,-33.070,-3.720,-23.060,1111
60626.00,-4.0160,4.3810,7.0760,-41.640,2.870,-32.200,1111
60636.00,-3.8620,4.7920,7.2510,-52.770,18.510,-32.770,1112
60646.00,-3.6800,5.0910,8.2770,-53.370,31.530,-28.380,1112
60656.00,-3.6830,5.1700,8.9120,-56.920,35.170,-21.770,1112
60666.00,-3.9400,4.8560,9.1630,-55.520,32.600,-12.610,1112
60676.00,-4.2370,3.9480,9.1880,-45.270,26.390,-3.130,1112
60686.00,-4.3920,3.2990,9.1420,-34.700,19.980,-0.540,1113
60696.00,-4.5640,2.7200,8.4110,-30.830,12.860,-2.220,1113
60706.00,-4.5710,2.6890,8.2340,-30.300,13.910,-9.010,1113
60716.00,-4.5910,2.7420,8.4020,-30.620,15.870,-14.280,1113
60726.00,-4.1980,3.0600,8.3120,-27.170,12.070,-19.120,1113
60736.00,-4.2220,3.3080,7.9210,-31.490,10.220,-21.630,1114
60746.00,-4.0900,4.1200,6.7360,-29.900,6.790,-24.200,1114
60756.00,-4.0290,3.9000,7.6710,-33.240,20.030,-20.450,1114
60766.00,-4.2900,4.5600,9.3040,-38.720,35.850,-5.790,1114
60776.00,-4.6240,2.9320,9.8400,-30.080,28.430,9.250,1114
60786.00,-4.8160,2.3030,9.5530,-25.300,17.090,6.220,1115
60796.00,-4.8470,2.3500,9.1620,-26.720,10.710,-1.500,1115
60806.00,-4.8700,2.3030,8.9250,-23.580,6.910,-5.120,1115
60816.00,-4.7250,2.1850,8.8060,-16.040,2.310,-7.150,1115
60826.00,-4.7770,1.9660,8.0190,-13.590,-3.250,-13.470,1115
60836.00,-4.5520,2.7090,7.7680,-15.920,-5.960,-26.980,1116
60846.00,-4.2350,3.9870,7.7460,-32.840,-2.080,-34.070,1116
60856.00,-4.2370,4.5170,8.6090,-41.800,4.810,-27.720,1116
60866.00,-4.5780,4.5220,8.5870,-36.710,-0.240,-15.220,1116
60876.00,-4.8870,3.7650,8.6500,-20.660,-1.950,4.120,1116
60886.00,-5.0780,1.9640,8.5310,-8.800,-4.490,16.010,1117
60896.00,-5.1550,1.4690,8.3530,-5.490,-5.230,4.980,1117
60906.00,-5.0220,2.8180,8.2510,-6.490,-0.310,-10.250,1117
60916.00,-4.8650,3.1350,9.0100,0.120,5.390,-11.410,1117
60926.00,-4.7330,3.3140,9.4700,13.820,4.180,-9.690,1117
60936.00,-4.8860,3.6090,9.7170,18.930,-0.330,-9.900,1118
60946.00,-4.9790,3.6210,9.3940,12.610,-2.930,-6.650,1118
60956.00,-5.0420,3.4860,9.8770,10.720,0.490,-3.110,1118
60966.00,-4.9230,4.1310,11.0810,16.970,-1.620,-1.330,1118
60976.00,-4.8680,4.7490,11.1350,17.410,-8.360,-0.140,1118
60986.00,-4.9750,5.0160,11.6920,28.070,-11.790,7.010,1119
60996.00,-4.9850,5.2830,12.5740,47.490,-19.610,17.070,1119
61006.00,-3.7100,4.8470,12.4430,56.220,-36.780,31.460,1119
61016.00,-4.6200,2.3410,11.6440,49.840,-50.360,51.360,1119
61026.00,-5.4310,2.4510,12.0610,51.030,-55.870,37.230,1119
61036.00,-4.8280,3.4340,9.7170,18.810,-73.020,10.550,1120
61046.00,-3.7850,4.7240,9.2800,10.340,-68.330,-0.560,1120
61056.00,-3.9540,5.2360,9.4830,3.690,-52.320,4.630,1120
61066.00,-4.0970,5.9940,11.1010,1.100,-40.240,11.070,1120
61076.00,-4.0680,6.1070,11.4800,3.060,-49.920,26.470,1120
61086.00,-4.3880,5.5870,10.5080,13.560,-64.170,46.840,1121
61096.00,-3.7690,4.7780,10.3050,30.530,-64.900,61.610,1121
61106.00,-3.1200,3.3530,10.7150,29.990,-63.820,73.840,1121
61116.00,-4.8150,2.4890,11.0480,20.240,-64.180,70.970,1121
61126.00,-3.9620,3.8930,10.5410,-2.920,-67.280,42.380,1121
61136.00,-3.2900,5.2510,10.0350,-12.720,-67.300,33.400,1122
61146.00,-3.7420,5.2170,10.7100,-0.920,-60.490,48.070,1122
61156.00,-3.6400,4.3480,11.0180,8.380,-60.840,64.200,1122
61166.00,-3.3960,2.2280,11.0590,9.520,-63.050,70.150,1122
61176.00,-3.3690,2.4900,11.8460,-11.390,-57.710,49.730,1122
61186.00,-3.1350,3.5900,12.4770,-17.910,-63.290,32.670,1123
61196.00,-2.9550,4.1490,11.9980,-13.780,-81.180,32.610,1123
61206.00,-2.9200,3.4000,10.2260,-4.230,-100.620,41.050,1123
61216.00,-2.5100,2.9340,9.1990,0.430,-104.050,39.460,1123
61226.00,-2.3780,3.3640,8.9500,-7.690,-94.130,29.480,1123
61236.00,-2.1450,3.7890,9.3150,-9.600,-85.900,24.790,1124
61246.00,-1.9500,3.4570,9.6900,-12.930,-83.570,25.110,1124
61256.00,-1.9890,2.9610,10.1030,-24.130,-80.980,22.900,1124
61266.00,-1.8730,2.7980,10.6730,-37.130,-76.560,16.790,1124
61276.00,-1.6850,2.9920,10.8280,-46.540,-77.890,9.180,1124
61286.00,-1.4660,3.4040,10.2180,-45.320,-85.290,4.070,1125
61296.00,-1.0550,3.8210,9.9690,-42.540,-88.490,3.490,1125
61306.00,-0.7460,3.9250,9.5850,-40.510,-89.940,7.660,1125
61316.00,-1.1420,3.1880,8.9510,-37.640,-91.800,16.090,1125
61326.00,-0.9460,2.1050,8.8830,-46.140,-90.050,19.050,1125
61336.00,-0.5240,2.4810,8.2690,-63.850,-86.320,6.680,1126
61346.00,-0.3070,3.8690,8.5800,-54.680,-81.070,-0.240,1126
61356.00,-0.1970,3.4030,8.2060,-41.430,-81.370,14.920,1126
61366.00,-0.0620,2.2500,8.8110,-46.230,-68.590,18.950,1126
61376.00,-0.0780,2.4220,9.5600,-49.360,-65.990,13.080,1126
61387.00,0.0550,2.0210,9.3080,-52.440,-71.110,12.930,1127
61396.00,-0.0200,2.0120,8.7020,-45.440,-75.030,9.830,1127
61406.00,0.2870,2.1550,8.4350,-40.300,-71.870,6.030,1127
61416.00,0.3340,2.1600,8.9890,-35.710,-66.350,5.370,1127
61426.00,0.5520,2.0750,8.8050,-25.960,-68.230,7.120,1127
61436.00,0.4720,1.7020,8.1670,-17.830,-71.290,10.280,1128
61446.00,0.6100,1.3250,7.7590,-11.930,-69.520,11.790,1128
61457.00,0.8450,1.3660,7.6650,-6.050,-64.780,7.380,1128
61467.00,1.1310,1.5500,7.5010,-8.180,-59.440,1.850,1128
61477.00,1.6630,2.2680,8.3490,-20.700,-47.100,-4.860,1128
61487.00,1.4210,2.9400,9.1690,-33.160,-40.720,-5.560,1129
61497.00,1.3320,2.3850,8.7200,-29.360,-46.440,4.650,1129
61507.00,1.3910,1.4380,8.8070,-21.990,-46.580,10.700,1129
61517.00,1.5030,1.3690,8.8460,-21.640,-45.530,5.240,1129
61527.00,1.5660,1.5420,8.9590,-17.140,-46.930,0.010,1129
61537.00,1.7120,1.6680,8.8290,-10.200,-50.940,-0.840,1130
61547.00,1.8220,1.5850,8.4030,0.350,-55.700,1.480,1130
61557.00,1.6400,1.3440,8.0490,15.220,-59.270,5.160,1130
61567.00,2.1150,1.3240,6.8560,44.460,-65.600,8.290,1130
61577.00,2.3420,1.4660,6.2840,61.720,-66.300,12.310,1130
61587.00,2.4620,1.2200,5.6610,73.950,-65.150,18.560,1131
61597.00,2.4710,0.7230,4.9250,81.040,-59.630,22.430,1131
61607.00,2.6720,0.6350,4.5570,85.100,-46.840,18.950,1131
61617.00,2.6450,0.6750,4.3010,82.530,-29.970,13.730,1131
61627.00,2.5800,0.4580,3.9480,69.540,-9.930,9.090,1131
61637.00,2.4880,0.7870,4.6790,57.900,15.540,-0.350,1132
61647.00,2.3480,1.2840,6.0080,46.250,33.110,-7.420,1132
61657.00,2.2620,1.5000,6.3900,46.630,31.640,-7.420,1132
61667.00,2.2220,1.4640,5.6930,46.700,28.210,-7.400,1132
61677.00,1.9680,1.6970,6.0550,38.570,38.650,-11.860,1132
61687.00,1.7370,2.0320,7.6840,27.770,51.530,-17.160,1133
61697.00,1.8710,3.1810,9.6690,17.290,62.510,-28.770,1133
61707.00,1.6180,5.5770,12.7140,5.820,83.210,-50.660,1133
61717.00,0.7870,7.5780,17.1880,-1.940,112.170,-66.150,1133
61727.00,-0.4660,7.9110,21.2930,-22.710,124.750,-57.660,1133
61737.00,-0.8740,7.2820,24.2100,-39.840,95.090,-28.920,1134
61747.00,-0.9030,6.0870,24.7660,-37.250,4.110,7.190,1134
61757.00,-0.2660,4.0880,19.2290,-37.200,-120.690,39.180,1134
61767.00,-0.0640,2.3180,9.7690,-24.060,-194.870,42.500,1134
61777.00,0.5320,1.1980,11.3700,8.290,-171.300,31.790,1134
61787.00,1.7940,1.1420,11.9010,-29.410,-175.750,6.920,1135
61797.00,2.9030,2.3910,11.1880,-14.920,-202.490,-29.830,1135
61807.00,3.0610,3.2650,11.5380,31.040,-224.640,-51.100,1135
61817.00,3.0240,3.5610,10.2730,98.470,-262.340,-46.410,1135
61827.00,2.5690,2.4690,7.6940,152.740,-296.780,-14.540,1135
61837.00,3.0870,0.6580,5.6740,180.880,-308.640,22.100,1136
61847.00,4.1490,-0.3980,3.9640,182.840,-301.050,32.020,1136
61857.00,4.8320,-0.2730,2.7060,173.530,-279.050,18.370,1136
61867.00,5.1870,-0.2790,2.1490,175.190,-257.510,9.180,1136
61877.00,5.0540,-0.7990,1.6110,155.830,-237.260,11.790,1136
61887.00,5.8850,-1.2050,0.6620,111.470,-208.280,10.760,1137
61897.00,6.8120,-1.3550,0.2690,79.990,-179.020,-2.450,1137
61907.00,7.9140,0.8660,-0.4090,28.940,-145.140,-34.370,1137
61917.00,8.6330,5.1560,0.5450,4.550,-104.330,-67.300,1137
61927.00,8.4010,7.9130,2.6120,-10.140,-59.700,-61.670,1137
61937.00,7.9530,8.7080,5.4750,3.460,-28.550,-24.090,1138
61947.00,7.5820,7.0930,7.8990,19.000,-23.720,25.160,1138
61957.00,7.2690,4.1630,8.2610,30.390,-47.350,56.730,1138
61967.00,7.6890,2.2260,4.2220,45.640,-81.040,51.370,1138
61977.00,7.5290,3.6890,3.2560,76.890,-97.140,-1.520,1138
61987.00,7.9750,4.2830,3.2380,88.390,-82.840,-4.320,1139
61997.00,8.3420,4.7350,3.3940,82.680,-66.200,-4.550,1139
62007.00,8.3720,5.7300,4.1710,75.250,-50.240,-7.570,1139
62017.00,8.3180,5.6850,4.6740,78.470,-47.540,-1.730,1139
62027.00,7.9640,5.4400,4.4920,75.190,-48.190,4.090,1139
62037.00,7.8580,5.3700,4.2370,73.710,-45.580,7.940,1140
62047.00,7.5580,4.7790,3.4910,72.730,-44.250,14.610,1140
62057.00,7.0620,3.7660,2.6510,69.400,-38.700,19.630,1140
62067.00,6.9630,2.9680,2.4530,69.240,-25.960,15.950,1140
62077.00,7.0630,3.2910,2.3920,66.220,-11.950,1.880,1140
62087.00,6.9460,4.9930,1.9210,99.620,1.200,-9.180,1141
62097.00,7.2590,5.7360,3.0400,194.470,4.440,0.100,1141
62107.00,7.1480,4.8350,2.0060,217.490,0.750,15.550,1141
62117.00,7.0420,4.3410,1.0060,224.500,11.180,12.370,1141
62127.00,7.4700,5.5190,1.4000,227.950,34.140,-6.050,1141
62137.00,7.2210,6.9340,1.9740,206.760,54.560,-18.110,1142
62147.00,6.8700,7.8790,2.4990,190.470,70.420,-15.030,1142
62157.00,6.7940,8.0900,3.8460,174.750,83.330,-6.450,1142
62167.00,5.3260,7.1340,5.9170,148.500,86.660,1.010,1142
62177.00,4.1150,3.8830,6.7750,102.980,58.390,28.410,1142
62187.00,3.5110,1.5460,7.7120,37.600,35.490,9.440,1143
62197.00,4.2660,1.1980,7.8580,-18.860,-1.360,-39.070,1143
62207.00,5.7030,3.3660,5.3750,-49.500,-50.780,-92.590,1143
62217.00,6.8900,5.8190,2.5560,-56.690,-82.840,-123.420,1143
62227.00,8.4470,7.5080,-0.2570,-62.000,-92.100,-123.840,1143
62237.00,8.2980,9.0540,-1.5840,-41.960,-76.000,-108.860,1144
62247.00,7.7270,8.7130,-1.5260,-11.540,-40.770,-67.340,1144
62257.00,7.0740,5.5880,-0.0080,21.570,-2.510,-14.120,1144
62267.00,5.7970,2.5780,1.6430,34.520,24.810,9.060,1144
62277.00,5.4950,0.6750,2.5870,32.880,35.850,-2.200,1144
62287.00,6.0270,0.2670,2.2920,39.250,34.590,-38.510,1145
62297.00,8.2370,2.4020,6.1100,-9.200,44.950,-123.810,1145
62307.00,4.1500,12.5320,4.3250,-96.260,80.180,-231.420,1145
62317.00,6.9160,12.5800,5.9620,55.520,58.570,-145.720,1145
62327.00,6.7620,5.1930,8.9400,78.130,33.820,-47.070,1145
62337.00,8.7490,0.4010,10.4590,83.240,-27.750,-88.410,1146
62347.00,9.9440,7.3850,2.2020,135.550,-132.310,-244.050,1146
62357.00,5.1020,15.0200,0.2030,327.670,-164.760,-326.840,1146
62367.00,8.2910,15.4090,7.4350,245.170,-82.540,-264.890,1146
62377.00,10.4250,12.6240,11.4170,53.980,-14.940,-19.370,1146
62387.00,4.9890,9.7250,-2.8630,-33.590,-299.580,66.000,1147
62397.00,6.2380,8.8180,-5.4870,-26.260,-227.370,55.660,1147
62407.00,9.3610,7.4380,-3.0670,9.110,-52.880,69.820,1147
62417.00,7.5130,7.2620,-2.5490,-71.060,4.110,49.500,1147
62427.00,5.1880,7.0390,-0.5890,-69.980,46.200,41.380,1147
62437.00,4.7290,6.7640,-0.2210,-66.110,65.920,46.600,1148
62447.00,6.3320,6.7650,0.8130,-39.950,78.330,49.150,1148
62457.00,4.0340,6.5970,3.0130,10.150,79.380,53.820,1148
62467.00,2.0880,7.4750,3.8850,-45.370,82.650,56.710,1148
62477.00,0.5010,7.9630,5.6470,-67.230,55.650,76.780,1148
62488.00,1.5810,8.8330,6.9460,-105.900,8.330,97.360,1149
62498.00,2.8610,9.2410,8.5230,-129.860,-40.730,124.650,1149
62508.00,2.4590,9.2870,9.5180,-147.130,-114.510,155.130,1149
62518.00,2.9410,8.7780,9.9360,-149.430,-204.150,186.120,1149
62528.00,4.3480,8.2880,9.4380,-105.360,-293.430,208.420,1149
62538.00,3.9510,7.4150,7.6130,-33.440,-327.680,227.000,1150
62548.00,2.4440,6.2270,5.7270,47.700,-327.680,247.640,1150
62558.00,-0.1490,5.4680,4.1070,-3.860,-327.680,250.980,1150
62568.00,-0.7400,4.9610,1.0920,-60.330,-327.680,239.430,1150
62578.00,0.0780,3.7000,0.4450,-48.700,-327.680,224.130,1150
62588.00,1.1380,2.3340,-1.1280,-40.870,-327.680,225.760,1151
62598.00,2.2680,0.5000,-1.6970,-25.330,-327.680,200.230,1151
62608.00,1.6720,0.2390,-5.7650,-38.060,-327.680,104.710,1151
62618.00,-3.2270,2.0860,-6.8430,18.230,-327.680,-57.450,1151
62628.00,-9.0560,5.4590,-11.1150,53.600,-327.680,-203.000,1151
62638.00,-7.9570,8.8490,-13.2820,122.900,-327.680,-268.250,1152
62648.00,-4.3200,9.8990,-15.3000,138.110,-327.680,-205.950,1152
62658.00,-1.9330,9.0970,-16.9120,114.100,-327.680,-85.380,1152
62668.00,-1.1780,7.2700,-18.4130,84.100,-327.680,24.950,1152
62678.00,-0.9480,5.5110,-18.3360,52.580,-327.680,90.420,1152
62688.00,-1.1350,3.7310,-17.6190,31.720,-248.760,115.460,1153
62698.00,-1.6240,2.1990,-16.5770,26.110,-132.570,103.050,1153
62708.00,-1.8960,1.6850,-14.8710,36.330,-45.280,53.980,1153
62718.00,-1.6770,2.6840,-13.0310,49.210,8.380,-7.190,1153
62728.00,-1.2400,4.6580,-11.5380,55.940,31.920,-48.610,1153
62738.00,-0.3140,6.1100,-10.9620,48.160,42.260,-51.950,1154
62748.00,0.3560,6.6140,-10.0800,35.990,54.140,-25.300,1154
62758.00,0.7660,5.8710,-9.1080,23.180,64.340,15.460,1154
62768.00,0.9880,4.5880,-8.1870,20.420,69.980,48.520,1154
62778.00,1.0060,2.5100,-7.1170,25.270,51.320,66.980,1154
62788.00,1.0380,2.0850,-6.9020,27.170,32.980,54.700,1155
62798.00,1.1680,2.0120,-6.9240,25.830,10.580,37.360,1155
62808.00,1.0750,2.2620,-7.7820,22.200,-13.680,21.190,1155
62818.00,0.8650,2.8360,-9.1480,21.470,-31.140,10.060,1155
62828.00,0.7690,3.1900,-10.3350,17.600,-36.940,6.850,1155
62838.00,0.5470,3.3600,-11.1520,11.440,-30.550,8.870,1156
62848.00,0.5930,3.1960,-11.4500,5.210,-14.890,14.450,1156
62858.00,0.6020,2.7550,-10.6680,1.540,4.910,17.600,1156
62868.00,0.6440,2.3000,-9.6440,-1.430,17.670,16.850,1156
62878.00,0.6310,2.1420,-8.9710,-2.300,20.540,10.320,1156
62888.00,0.7400,2.3070,-8.6590,-2.900,16.870,0.610,1157
62898.00,0.7440,2.7440,-8.6600,-3.440,11.020,-9.310,1157
62908.00,0.7420,3.3470,-8.9000,-2.410,5.420,-16.360,1157
62918.00,0.7130,3.8790,-9.3900,-1.340,2.640,-18.550,1157
62928.00,0.7880,4.0860,-9.5780,-1.080,7.770,-15.010,1157
62938.00,0.8960,4.0400,-9.3020,-3.370,16.690,-9.150,1158
62948.00,1.0010,3.8850,-8.7110,-3.840,24.440,-5.280,1158
62958.00,1.1400,3.8280,-8.0330,-2.130,28.310,-5.740,1158
62968.00,1.2500,3.9140,-7.5940,-0.060,24.920,-8.620,1158
62978.00,1.1530,4.2750,-8.0210,-0.850,3.950,-9.800,1158
62988.00,1.1290,4.2860,-8.7170,-0.120,-3.040,-6.720,1159
62998.00,1.0890,4.1270,-9.1320,1.680,-2.790,-3.150,1159
63008.00,1.0570,3.9180,-9.2020,4.180,0.500,-0.570,1159
63018.00,1.0870,3.5770,-9.3880,3.230,2.950,3.460,1159
63028.00,1.0800,3.2800,-9.4460,3.670,6.840,5.230,1159
63038.00,1.1050,3.1100,-9.3020,3.360,13.090,4.140,1160
63048.00,0.9400,3.0540,-8.8490,3.180,18.530,1.590,1160
63058.00,1.0710,3.0920,-8.3890,4.200,20.520,-2.200,1160
63068.00,1.2110,3.3480,-7.9450,4.670,18.930,-8.030,1160
63078.00,1.2090,3.9180,-7.8160,7.630,13.050,-14.360,1160
63088.00,1.3140,4.4270,-8.0070,10.410,5.530,-16.500,1161
63098.00,1.3480,4.5910,-8.3530,12.040,-1.250,-13.680,1161
63108.00,1.2520,4.2470,-8.8350,14.960,-5.420,-8.120,1161
63118.00,1.1900,3.7840,-9.1960,16.480,-4.750,-4.390,1161
63128.00,0.8650,3.3290,-9.2470,15.450,-0.200,-2.270,1161
63138.00,1.0610,2.9310,-9.2330,14.210,5.540,-0.150,1162
63148.00,1.2160,2.8480,-9.0470,12.650,11.790,-2.030,1162
63158.00,1.2640,2.9330,-8.6630,10.530,15.220,-5.230,1162
63168.00,1.3550,3.0660,-8.4930,9.500,14.700,-7.700,1162
63178.00,1.4620,3.5110,-8.2020,11.090,12.210,-12.250,1162
63188.00,1.4080,3.5410,-8.3530,7.770,10.290,-11.830,1163
63198.00,1.4330,3.6410,-8.1330,8.570,8.730,-13.310,1163
63208.00,1.3960,3.6160,-8.2810,7.660,3.220,-14.120,1163
63218.00,1.3410,3.5040,-8.5990,8.380,-0.550,-15.610,1163
63228.00,1.1540,3.2880,-9.2260,8.750,-3.230,-17.270,1163
63238.00,1.2140,3.2730,-9.3660,14.050,-0.800,-20.120,1164
63248.00,1.1670,3.3300,-9.4820,14.280,3.220,-20.630,1164
63258.00,1.1640,3.5370,-9.3570,10.600,9.500,-17.510,1164
63268.00,1.3660,3.7810,-8.7170,6.590,15.470,-12.490,1164
63278.00,1.2250,3.7860,-8.7310,7.150,14.360,-6.610,1164
63288.00,1.2110,3.8180,-8.6480,7.840,13.680,-1.470,1165
63298.00,1.1950,4.0220,-8.4410,14.100,11.110,2.060,1165
63308.00,1.1790,4.1810,-8.9770,17.290,2.150,6.870,1165
63318.00,1.1130,3.7620,-9.5780,13.930,-1.310,14.270,1165
63328.00,0.9910,3.4490,-9.3050,21.910,2.380,16.010,1165
63338.00,0.8860,3.2800,-9.6200,21.420,-0.380,15.530,1166
63348.00,1.0630,3.5000,-9.8280,13.300,4.930,15.390,1166
63358.00,1.2880,2.9810,-9.9670,15.520,13.660,19.370,1166
63368.00,1.8520,2.6690,-9.6320,5.210,22.710,21.820,1166
63378.00,1.2620,1.5260,-10.4430,17.410,86.200,9.500,1166
63388.00,1.4700,2.3480,-8.7020,19.190,113.890,-1.120,1167
63398.00,2.2660,3.2300,-7.4870,7.840,111.020,1.830,1167
63408.00,1.8750,2.5300,-10.4320,-24.160,86.970,19.960,1167
63418.00,2.2980,2.9260,-8.8950,-3.950,94.570,14.520,1167
63428.00,2.6970,3.1040,-8.6180,-2.020,88.370,11.350,1167
63438.00,4.4730,2.4950,-10.2350,-13.380,64.030,12.840,1168
63448.00,4.1850,1.1470,-11.6730,-23.150,56.430,13.290,1168
63458.00,2.5790,0.6120,-10.2950,-12.170,84.630,-9.810,1168
63468.00,2.7260,0.4220,-9.6110,-9.530,101.900,-37.410,1168
63478.00,3.4150,0.6460,-8.8370,-11.720,102.250,-63.100,1168
63488.00,3.3240,1.3200,-8.7500,-19.650,96.320,-84.260,1169
63498.00,2.0410,1.9950,-9.3210,-18.040,93.360,-96.740,1169
63509.00,2.6090,2.6930,-9.9800,-20.560,105.470,-108.390,1169
63519.00,2.1720,4.1530,-8.8060,-21.240,128.450,-119.960,1169
63529.00,3.7620,5.3520,-7.7950,-37.650,147.070,-114.080,1169
63539.00,3.7560,5.9160,-6.2600,-35.900,146.240,-96.930,1170
63549.00,5.0290,6.8140,-5.4220,-36.550,123.980,-78.270,1170
63559.00,5.5330,7.2880,-5.0230,-38.980,90.440,-46.720,1170
63569.00,5.1800,6.8080,-5.6720,-41.260,49.170,-4.480,1170
63579.00,5.5320,6.9340,-10.0040,-13.000,0.380,39.330,1170
63589.00,5.2480,5.9340,-10.1950,54.000,22.380,67.740,1171
63599.00,5.6850,4.3590,-9.7440,12.120,56.750,99.170,1171
63609.00,5.7780,2.1490,-7.6540,-40.490,84.190,114.130,1171
63619.00,5.6430,1.3040,-6.3070,-70.990,81.630,93.780,1171
63629.00,6.1790,1.1760,-6.4010,-86.950,66.810,58.930,1171
63639.00,5.8980,1.8800,-6.9880,-85.830,45.670,21.940,1172
63649.00,6.2280,3.2560,-9.1720,-105.190,32.560,-1.220,1172
63659.00,5.9250,4.5550,-9.6960,-117.370,48.860,-19.720,1172
63669.00,5.9170,6.2910,-8.6900,-120.130,79.920,-45.710,1172
63679.00,5.7850,7.4650,-6.9170,-120.810,107.040,-66.110,1172
63689.00,6.1860,8.8390,-5.4690,-137.560,108.200,-86.570,1173
63699.00,5.8500,10.4920,-6.2590,-181.050,88.630,-100.360,1173
63709.00,5.3410,12.0780,-6.6190,-194.840,81.280,-110.610,1173
63719.00,4.6660,13.7080,-6.5710,-197.250,87.320,-123.250,1173
63729.00,3.8750,15.3320,-6.2960,-187.020,95.060,-138.050,1173
63739.00,3.9600,17.2000,-4.9970,-173.470,89.510,-156.570,1174
63749.00,5.2040,19.5500,-7.5750,-160.730,57.130,-164.880,1174
63759.00,5.0840,20.8460,-6.5380,110.980,38.080,-155.430,1174
63769.00,1.8130,22.0490,-8.5630,116.930,-12.030,-95.860,1174
63779.00,2.2320,20.1540,-14.7600,86.500,-47.980,117.750,1174
63789.00,-0.7330,16.7560,-12.9060,125.090,17.250,219.850,1175
63799.00,-1.7670,13.6580,-13.0040,65.740,67.900,298.420,1175
63809.00,0.0170,10.3500,-14.2020,29.610,123.130,327.670,1175
63819.00,-1.1480,6.5190,-11.2760,55.840,173.510,327.670,1175
63829.00,-2.3620,4.4140,-7.6340,55.090,195.890,327.670,1175
63839.00,-1.2230,3.3480,-9.7260,-21.940,190.730,327.670,1176
63849.00,-1.0980,2.1320,-10.3020,6.960,209.350,327.670,1176
63859.00,-2.8610,1.0500,-5.8760,92.190,262.080,327.670,1176
63869.00,-2.4700,-0.1470,-5.7830,60.480,300.890,327.670,1176
63879.00,-2.5980,-1.6970,-3.5550,89.120,327.670,327.670,1176
63889.00,-3.6010,-3.4610,-1.8380,121.920,327.670,327.670,1177
63899.00,-4.3460,-5.1360,0.4860,154.450,327.670,327.670,1177
63909.00,-5.0620,-6.4720,3.3360,182.560,327.670,327.670,1177
63919.00,-4.3810,-7.9190,6.9600,183.200,327.670,327.670,1177
63929.00,-3.3590,-8.6460,9.6800,137.720,327.670,327.670,1177
63939.00,-1.9840,-9.7160,11.6480,87.060,327.670,292.820,1178
63949.00,0.0130,-10.5300,12.7540,61.890,327.670,236.400,1178
63959.00,0.8900,-10.5810,15.0750,102.200,295.480,153.050,1178
63969.00,2.0700,-9.6650,14.8340,75.610,175.170,59.480,1178
63979.00,3.8870,-4.5550,11.7600,79.730,51.870,-26.120,1178
63989.00,5.4710,-2.1830,8.3830,53.350,-136.350,-116.370,1179
63999.00,6.5750,-0.2850,6.6650,74.270,-185.160,-126.080,1179
64009.00,7.1860,0.9360,4.6740,82.720,-219.300,-110.910,1179
64019.00,5.8990,1.7080,1.6530,103.930,-245.710,-78.960,1179
64029.00,9.6220,1.1660,3.3580,235.440,-281.200,-35.540,1179
64039.00,9.4880,-0.7570,-1.2270,76.730,-289.300,29.150,1180
64049.00,9.5400,-2.8400,-2.2600,13.940,-276.110,75.520,1180
64059.00,8.9590,-4.6830,-3.9750,25.230,-293.260,100.690,1180
64069.00,8.7690,-5.8360,-4.7730,39.830,-302.530,98.050,1180
64079.00,8.2570,-6.4970,-6.4760,26.510,-302.290,78.830,1180
64089.00,7.9050,-6.5790,-8.1100,25.460,-283.740,43.310,1181
64099.00,7.9900,-5.9590,-8.6820,47.160,-248.140,-3.300,1181
64109.00,8.4160,-4.7400,-9.0800,40.160,-203.570,-44.500,1181
64119.00,8.5230,-2.9370,-9.3670,4.280,-141.100,-72.730,1181
64129.00,8.7940,-1.1280,-8.5220,8.220,-77.940,-83.930,1181
64139.00,8.5980,0.1650,-7.2650,28.360,-23.320,-75.650,1182
64149.00,8.7520,0.3960,-4.8280,86.550,8.940,-54.910,1182
64159.00,9.3700,0.3190,-3.4690,81.110,21.000,-25.930,1182
64169.00,8.9300,-0.6660,-2.6140,44.240,28.170,9.080,1182
64179.00,8.7970,-3.4370,-2.2520,44.220,15.940,33.790,1182
64189.00,9.0990,-4.3050,-2.2730,43.260,-4.250,42.890,1183
64199.00,8.8970,-4.8410,-2.2030,37.830,-6.640,32.930,1183
64209.00,8.9300,-4.9160,-1.9450,42.080,-12.980,15.150,1183
64219.00,8.9980,-4.5080,-2.2690,49.920,-24.420,-3.860,1183
64229.00,9.4200,-3.9320,-2.7030,65.690,-37.510,-19.540,1183
64239.00,9.1360,-3.3710,-3.4810,53.700,-38.760,-26.820,1184
64249.00,9.5160,-2.9740,-3.5970,65.850,-40.860,-32.600,1184
64259.00,9.2260,-2.7630,-3.9960,53.130,-35.590,-32.280,1184
64269.00,9.4460,-2.8700,-3.7390,59.990,-33.100,-31.990,1184
64279.00,9.5500,-2.7760,-3.9850,60.510,-32.530,-32.250,1184
64289.00,9.5650,-2.3090,-3.6160,72.060,-35.060,-34.280,1185
64299.00,9.5760,-2.3540,-4.0490,58.270,-32.580,-28.640,1185
64309.00,9.4480,-2.5470,-4.0360,47.020,-24.830,-20.770,1185
64319.00,9.2910,-2.5990,-3.1990,44.800,-17.280,-17.920,1185
64329.00,8.6680,-2.4190,-3.0250,33.090,-12.870,-20.540,1185
64339.00,9.5420,-1.3330,-2.4700,38.860,-15.670,-31.220,1186
64349.00,9.4420,-0.8290,-2.3650,16.380,-10.980,-26.250,1186
64359.00,9.0930,-0.4190,-1.7190,3.290,-10.840,-18.790,1186
64369.00,8.7780,-0.6260,-0.1960,-24.460,-1.660,-7.560,1186
64379.00,8.2500,-0.3310,3.6700,-41.490,-2.460,-9.360,1186
64439.00,7.5800,-1.0210,-11.3350,-20.590,-289.570,20.780,1188
64450.00,7.2340,-0.9830,-11.8040,14.850,-228.530,15.520,1188
64459.00,7.5900,-0.5400,-12.6430,44.690,-160.490,3.840,1188
64469.00,8.0030,0.6920,-11.7850,85.960,-96.190,-10.920,1188
64479.00,6.7210,1.0880,-10.8190,140.100,-48.780,-11.410,1188
64489.00,7.0930,1.6890,-9.1750,184.380,-17.350,-2.660,1189
64499.00,7.9460,1.0540,-10.3340,114.250,3.040,18.890,1189
64509.00,8.4880,0.2620,-10.1410,86.150,35.630,31.060,1189
64519.00,7.9830,0.0840,-8.4470,83.350,73.500,35.920,1189
64529.00,8.0020,-0.7460,-7.5230,72.660,81.350,53.810,1189
