ts_ms,ax,ay,az,gx,gy,gz,seq
11301.00,-4.7620,7.9050,2.0650,-13.840,-1.680,-5.860,0
11311.00,-4.8650,7.8180,1.7250,-12.040,-2.800,-6.300,0
11321.00,-5.2880,7.8930,1.5030,-9.620,-4.280,-6.840,0
11331.00,-5.2630,8.4230,1.9860,-9.430,-10.850,-8.360,0
11341.00,-5.2310,8.6090,2.1090,-11.670,-12.140,-13.190,0
11351.00,-5.4650,8.6260,1.6090,-15.120,-12.320,-21.240,1
11361.00,-5.1850,8.4830,2.3910,-17.200,-15.450,-28.960,1
11371.00,-4.7850,8.3060,1.8950,-18.320,-14.170,-33.120,1
11381.00,-4.6950,8.1510,2.0540,-18.020,-12.530,-33.890,1
11391.00,-4.5570,7.7680,2.1870,-17.550,-11.830,-31.780,1
11401.00,-4.3740,7.5480,2.5120,-17.320,-9.730,-27.700,2
11411.00,-4.6140,7.4600,2.0240,-17.110,-4.900,-23.810,2
11421.00,-4.8350,7.5270,1.9230,-13.020,-4.350,-21.630,2
11431.00,-5.0950,7.7620,1.9900,-10.920,-4.760,-20.170,2
11441.00,-5.8670,8.2730,1.9900,-10.320,-4.740,-23.520,2
11451.00,-5.7220,8.8980,2.3330,-8.150,-12.530,-27.650,3
11461.00,-5.5470,8.8210,2.9150,-9.690,-12.930,-37.360,3
11471.00,-5.1700,7.5660,2.9100,-9.730,-7.100,-46.110,3
11481.00,-5.4410,7.3040,2.0050,-10.530,-3.850,-45.760,3
11491.00,-4.8890,6.7780,2.3560,-2.170,-5.110,-40.670,3
11501.00,-4.7210,6.7260,2.8600,2.500,-2.660,-31.250,4
11511.00,-5.0140,6.5410,2.3330,2.340,4.300,-22.470,4
11521.00,-5.2840,6.9280,2.4760,1.730,7.000,-12.470,4
11531.00,-5.6230,7.5340,2.1830,-0.120,8.200,-5.560,4
11541.00,-5.9980,7.7370,2.0700,-0.980,7.030,-3.650,4
11551.00,-6.1470,8.2660,2.3780,-1.100,5.770,-6.680,5
11561.00,-6.1360,7.9350,2.2240,-1.820,4.130,-14.560,5
11571.00,-5.9330,7.6780,2.1060,-1.010,1.240,-19.740,5
11581.00,-5.2730,7.5450,2.5510,-0.030,-2.570,-22.130,5
11591.00,-5.2650,7.3730,2.4950,-2.250,2.410,-22.470,5
11601.00,-5.4520,7.0510,2.1960,-2.740,6.210,-18.340,6
11611.00,-5.7370,7.2310,2.1780,-2.990,6.770,-10.790,6
11621.00,-6.1610,7.2390,1.8610,-3.090,6.170,-5.330,6
11631.00,-6.2470,7.4330,2.0960,-2.250,3.300,-2.570,6
11641.00,-6.1660,7.7980,2.0320,-1.820,0.870,-1.660,6
11651.00,-5.9950,8.0420,1.9260,-2.240,-0.940,-3.810,7
11661.00,-5.8680,7.8800,2.5720,-1.620,1.470,-6.840,7
11671.00,-5.8160,7.6850,2.1490,-1.990,-0.330,-9.810,7
11681.00,-5.7930,7.5990,2.0860,-0.140,-0.660,-10.440,7
11691.00,-5.6980,7.6190,2.1330,0.770,-1.310,-8.620,7
11701.00,-5.6350,7.3480,2.1330,0.990,-0.990,-6.140,8
11711.00,-5.6820,7.2350,2.2220,1.190,-0.350,-2.880,8
11721.00,-5.8220,7.2000,2.1910,2.240,0.610,-0.420,8
11731.00,-5.8920,7.2260,1.9780,4.040,-0.750,0.870,8
11741.00,-5.8180,7.3260,2.1330,4.280,-2.620,0.990,8
11751.00,-5.8570,7.4200,2.0650,4.510,-3.600,0.700,9
11761.00,-5.8870,7.5760,2.1460,5.210,-4.600,-0.500,9
11771.00,-5.8500,7.5080,2.1940,4.950,-4.880,-1.820,9
11781.00,-5.7580,7.3550,2.1610,4.230,-4.960,-0.820,9
11791.00,-5.7120,7.2090,2.3250,3.950,-4.370,1.590,9
11801.00,-5.8260,7.5070,2.2330,3.550,-2.450,3.900,10
11811.00,-5.9100,7.6600,2.4280,2.850,-0.840,4.270,10
11821.00,-5.9340,7.5190,2.2950,1.410,1.730,1.030,10
11831.00,-5.9470,7.4930,2.1430,-0.080,2.830,-1.830,10
11841.00,-5.9480,7.4830,1.9900,0.770,2.640,-3.500,10
11851.00,-5.9610,7.3720,1.9900,1.940,1.100,-5.110,11
11861.00,-5.7400,7.4570,2.4410,2.480,0.360,-5.140,11
11871.00,-5.6670,7.3390,2.0930,2.180,4.020,-2.320,11
11881.00,-5.7580,7.4660,2.0680,2.520,3.920,0.070,11
11891.00,-5.8510,7.5550,2.0930,2.410,3.530,0.490,11
11901.00,-6.0380,7.5610,2.0550,1.470,3.040,-0.770,12
11911.00,-6.0510,7.4100,2.0870,0.780,2.240,-2.250,12
11921.00,-6.1060,7.4460,1.8800,0.920,1.750,-3.650,12
11931.00,-5.9400,7.4420,1.9380,1.900,0.010,-5.540,12
11941.00,-6.0000,7.6700,2.0920,2.200,-1.330,-7.570,12
11951.00,-6.0230,7.7650,2.1780,0.360,-2.040,-10.160,13
11961.00,-5.9970,7.4450,2.2220,-1.520,-2.080,-12.670,13
11971.00,-5.8460,7.2150,2.3230,-2.130,-1.750,-12.860,13
11982.00,-5.7490,6.9770,2.2690,-1.690,-0.820,-10.430,13
11992.00,-5.8390,7.1520,2.2070,-0.050,0.560,-6.350,13
12002.00,-5.9580,7.4080,2.2660,1.100,1.570,-3.640,14
12012.00,-6.1850,7.6920,2.2120,0.210,3.950,-1.100,14
12022.00,-6.2400,7.6880,2.0230,0.260,3.930,-0.870,14
12032.00,-6.1810,7.4950,1.9810,1.260,2.430,-0.570,14
12042.00,-6.0640,7.4890,2.0470,2.660,0.520,0.500,14
12052.00,-6.0960,7.6530,2.0430,3.480,-0.960,0.920,15
12062.00,-6.1600,7.6360,2.0760,3.110,-3.090,-0.290,15
12072.00,-6.1200,7.5630,2.1480,2.500,-4.650,-2.660,15
12082.00,-6.0610,7.5860,2.2810,0.770,-5.470,-5.320,15
12092.00,-5.9910,7.4530,2.1200,0.590,-4.550,-7.140,15
12102.00,-6.0010,7.3840,2.3340,-0.500,-3.090,-6.700,16
12112.00,-5.9740,7.4840,1.9040,-3.430,-0.280,-5.420,16
12122.00,-6.0800,7.5610,2.2690,-3.780,0.220,-2.360,16
12132.00,-6.0570,7.6000,2.2490,-5.510,1.760,1.130,16
12142.00,-6.1050,7.7160,2.5120,-9.760,4.950,5.630,16
12152.00,-7.2100,9.1450,3.3610,-24.760,24.860,17.130,17
12162.00,-6.2420,11.5080,2.9150,-38.930,39.370,13.070,17
12172.00,-6.0280,14.2600,2.2920,-63.190,55.940,-10.480,17
12182.00,-5.7930,8.5490,-6.6600,-70.150,64.470,-30.250,17
12192.00,-6.2090,11.5250,6.6430,-53.860,24.080,-12.700,17
12202.00,-5.5250,9.1710,1.4910,-74.210,66.850,-14.400,18
12212.00,-6.2480,9.3120,0.9640,-86.320,82.770,3.550,18
12222.00,-6.5240,10.1740,0.9050,-91.210,92.290,26.390,18
12232.00,-6.8210,9.9270,1.2130,-101.040,101.390,45.270,18
12242.00,-6.3840,10.8280,1.3870,-120.010,112.380,69.700,18
12252.00,-6.4060,10.0220,0.9320,-130.890,125.420,89.820,19
12262.00,-6.4610,8.1180,5.8570,-141.430,135.900,111.820,19
12272.00,-3.9000,9.9070,3.6390,-115.130,215.420,147.360,19
12282.00,-2.5630,9.9730,3.0980,-115.020,247.130,147.660,19
12292.00,-3.1800,9.4370,-1.9990,-96.890,269.340,110.490,19
12302.00,-3.5000,8.6270,-2.2670,-59.410,260.320,84.220,20
12312.00,-3.7900,7.7670,-1.5980,-39.580,235.910,64.450,20
12322.00,-4.0410,7.7640,-0.8260,-42.820,212.100,63.080,20
12332.00,-4.1400,8.0130,-0.0030,-66.010,188.300,75.230,20
12342.00,-3.9430,8.2360,0.8210,-100.800,163.940,94.530,20
12352.00,-3.9870,8.4590,0.8600,-156.760,141.870,108.370,21
12362.00,-3.7740,7.5960,2.0510,-217.920,118.070,108.370,21
12372.00,-2.8230,7.5730,3.7590,-225.130,121.130,120.120,21
12382.00,-2.7070,6.9580,4.9130,-197.120,155.710,120.470,21
12392.00,-3.7220,8.0690,4.5610,-135.310,196.680,124.230,21
12402.00,-4.2550,7.4400,2.7070,-131.630,222.720,94.530,22
12412.00,-4.5510,7.6010,1.2810,-101.880,228.910,52.690,22
12422.00,-4.4690,8.2130,0.2200,-50.430,227.550,-3.480,22
12432.00,-5.2860,6.9050,-2.0260,-7.260,223.520,-72.110,22
12442.00,-5.1630,5.1920,-1.9800,-97.170,115.160,-23.660,22
12452.00,-4.5830,4.7610,0.3360,-153.750,52.080,20.490,23
12462.00,-5.2850,5.9910,4.2960,-155.760,19.790,22.290,23
12472.00,-5.3950,5.9800,6.5400,-182.260,25.390,5.230,23
12482.00,-4.5950,5.7780,5.1730,-197.900,63.660,-3.950,23
12492.00,-4.5450,5.8160,3.3720,-199.020,101.900,-1.130,23
12502.00,-5.1000,6.3510,1.8540,-199.860,121.060,-2.200,24
12512.00,-6.1410,6.2080,0.9730,-209.580,122.080,2.640,24
12522.00,-6.6680,6.1770,0.3920,-215.000,111.820,35.990,24
12532.00,-6.7640,6.4120,0.6060,-195.050,98.330,73.220,24
12542.00,-7.3430,7.5760,1.0680,-151.550,80.440,97.890,24
12552.00,-7.2620,9.2320,1.9210,-128.800,64.310,119.190,25
12562.00,-6.6180,10.3460,2.5450,-134.390,56.050,122.860,25
12572.00,-5.7390,11.1810,2.4210,-146.780,52.860,101.410,25
12583.00,-5.3970,10.0760,2.1590,-170.240,46.490,4.830,25
12592.00,-5.6190,7.8440,2.2600,-192.300,41.730,3.790,25
12602.00,-5.7750,6.7580,2.3540,-183.620,26.680,16.530,26
12612.00,-5.2420,6.2890,2.5350,-163.340,13.240,11.420,26
12622.00,-4.9100,5.1010,2.7480,-143.650,19.040,-8.360,26
12632.00,-4.9480,4.7730,2.9560,-112.960,29.660,-7.890,26
12642.00,-5.2630,4.3630,3.8570,-88.670,33.280,5.530,26
12652.00,-5.4200,4.5420,4.2560,-78.920,38.130,16.900,27
12662.00,-5.2910,4.6850,4.4090,-70.980,33.110,14.520,27
12672.00,-5.0650,4.4480,5.1790,-60.160,30.600,7.990,27
12682.00,-5.5460,4.2840,4.4490,-62.400,48.770,11.980,27
12692.00,-6.1040,4.4310,3.7320,-70.820,51.170,23.390,27
12702.00,-6.2760,4.8770,4.0030,-79.240,37.360,38.390,28
12712.00,-6.0200,5.4680,4.2010,-81.390,25.410,48.660,28
12722.00,-5.9160,6.4590,4.4500,-65.100,7.030,59.040,28
12732.00,-5.9340,6.1730,5.0060,-59.060,-10.900,59.670,28
12742.00,-5.7350,5.7370,5.7910,-63.400,-22.870,56.100,28
12752.00,-5.5820,5.7160,6.1530,-73.390,-20.160,55.730,29
12762.00,-5.4500,6.0950,6.4250,-82.300,-6.170,55.560,29
12772.00,-5.6450,6.1380,6.2700,-84.940,13.300,51.200,29
12782.00,-5.9240,6.3750,5.8770,-78.150,31.530,46.720,29
12792.00,-6.1490,6.9060,5.6730,-70.890,39.580,42.570,29
12802.00,-6.5120,7.3470,5.7370,-60.860,34.450,38.900,30
12812.00,-7.0510,7.1730,5.9340,-49.380,26.390,30.740,30
12822.00,-7.0990,6.7400,5.8280,-41.590,26.260,19.420,30
12832.00,-7.0540,6.1970,5.6370,-31.220,34.560,8.970,30
12842.00,-6.7380,5.3710,5.0510,-20.160,44.530,3.010,30
12852.00,-6.4270,4.3040,4.2770,-8.410,48.680,1.970,31
12862.00,-6.3920,3.2540,4.2060,-7.120,25.210,2.090,31
12872.00,-5.9340,2.8170,4.6520,-17.760,12.020,1.830,31
12882.00,-5.6050,2.7340,5.2150,-22.690,9.590,3.920,31
12892.00,-5.4350,3.3400,5.6700,-20.720,12.440,3.860,31
12902.00,-5.6070,4.3310,6.4540,-19.670,8.030,2.670,32
12912.00,-5.3970,5.5520,7.1710,-19.330,6.560,0.030,32
12922.00,-5.4790,7.4220,7.6030,-5.510,13.660,2.740,32
12933.00,-6.1470,9.4400,7.9890,18.670,22.450,3.720,32
12942.00,-6.1590,10.5040,8.1240,21.920,27.050,-8.270,32
12952.00,-6.1680,11.0690,8.1790,19.070,30.450,-19.610,33
12962.00,-6.3910,10.6480,7.8480,20.840,33.020,-27.050,33
12972.00,-6.0280,10.5100,7.1900,21.710,28.080,-29.540,33
12983.00,-5.4870,10.0880,6.0580,14.470,16.990,-36.400,33
12992.00,-4.8880,9.1780,5.4590,4.370,0.280,-47.000,33
13002.00,-4.2280,7.4330,5.8810,-23.850,-28.570,-43.830,34
13013.00,-4.3620,6.9450,6.0280,-38.460,-33.930,-30.100,34
13023.00,-4.4740,6.0500,6.3130,-53.410,-42.490,-20.580,34
13033.00,-4.4480,5.0400,6.5240,-78.220,-53.900,-14.520,34
13043.00,-3.9520,3.9980,6.3690,-102.810,-64.360,-9.570,34
13053.00,-3.3820,3.3720,6.4530,-105.260,-69.260,-3.360,35
13063.00,-3.3900,3.1510,6.7460,-90.140,-70.190,2.880,35
13073.00,-3.6090,3.0660,7.0540,-71.940,-67.670,7.910,35
13083.00,-3.9390,3.3320,7.1620,-58.410,-58.220,10.460,35
13093.00,-4.1380,3.8440,7.2830,-52.950,-45.500,7.070,35
13103.00,-4.2500,4.4840,7.2280,-57.050,-35.710,-1.200,36
13113.00,-4.2900,5.0050,7.2860,-63.500,-31.950,-10.860,36
13123.00,-4.2360,5.4710,7.4160,-65.240,-30.800,-19.330,36
13133.00,-4.1920,5.7330,7.8850,-61.420,-27.940,-26.840,36
13143.00,-3.6140,4.9290,8.7460,-55.700,-9.900,-34.190,36
13153.00,-3.1800,4.3290,8.9890,-55.160,2.010,-30.480,37
13163.00,-2.8490,3.6400,8.8540,-51.740,16.450,-25.300,37
13173.00,-2.6780,3.0480,8.4390,-47.540,27.350,-21.820,37
13183.00,-2.9460,2.6180,7.6070,-47.560,33.110,-19.750,37
13193.00,-3.0550,2.0300,6.6950,-54.600,35.080,-19.110,37
13203.00,-2.8350,1.4140,5.9400,-68.390,34.240,-14.630,38
13213.00,-2.6390,0.8910,5.4650,-88.200,33.580,-4.480,38
13223.00,-2.8160,0.7540,5.2830,-112.520,32.200,8.150,38
13233.00,-2.7370,1.6010,5.4680,-140.960,28.590,22.190,38
13243.00,-3.2850,3.0400,6.0350,-156.810,22.710,40.770,38
13253.00,-4.7300,3.1360,6.8420,-150.620,8.620,61.260,39
13263.00,-4.9990,4.6030,8.5490,-110.280,-19.860,86.900,39
13273.00,-4.2490,6.1730,10.5490,-58.970,-43.780,102.270,39
13283.00,-2.6600,8.8600,12.4740,-10.670,-37.730,87.060,39
13293.00,-2.7690,9.1210,11.2830,-22.940,-13.930,59.600,39
13303.00,-4.6010,5.8560,8.8410,-33.670,-0.010,35.870,40
13313.00,-4.0150,5.7210,8.5320,-12.720,-14.310,33.890,40
13323.00,-3.5530,4.7670,8.0070,-3.410,-27.090,33.590,40
13333.00,-3.0310,4.1630,7.6090,-11.560,-37.520,36.610,40
13343.00,-2.5770,3.6590,7.5480,-31.780,-50.130,39.320,40
13353.00,-2.0690,2.7560,8.1160,-54.560,-65.110,42.360,41
13363.00,-1.6370,1.7650,8.1350,-72.100,-76.700,52.040,41
13373.00,-1.4300,1.0630,7.7940,-73.990,-82.680,65.010,41
13383.00,-1.3250,0.6340,7.3450,-61.630,-84.770,76.540,41
13393.00,-1.3980,0.4480,7.0080,-38.780,-85.270,87.220,41
13403.00,-1.6790,0.3370,6.9470,-10.830,-83.510,98.420,42
13413.00,-1.9130,0.2650,6.9000,15.750,-74.480,112.500,42
13423.00,-2.6830,1.3920,7.0550,20.370,-68.280,122.810,42
13433.00,-3.0960,2.1520,7.2880,0.680,-57.620,108.020,42
13443.00,-3.4460,3.0220,7.2570,-5.110,-50.820,96.790,42
13453.00,-3.8040,3.8530,7.1040,6.230,-44.710,90.420,43
13463.00,-3.9340,4.4990,7.3280,25.670,-40.670,84.380,43
13473.00,-3.7980,4.7090,7.5430,39.750,-38.530,74.210,43
13483.00,-3.4240,4.9390,8.0980,49.220,-38.360,62.090,43
13493.00,-2.8000,5.3850,9.1220,50.710,-37.240,48.770,43
13503.00,-2.6480,5.1520,10.0730,44.200,-28.920,32.620,44
13513.00,-2.7480,5.0540,10.7710,37.810,-12.260,22.400,44
13523.00,-3.3640,4.7900,10.6630,35.890,7.140,21.910,44
13533.00,-3.9080,5.7400,10.4410,37.600,20.450,29.640,44
13543.00,-4.7050,6.9870,9.9330,27.520,25.390,31.180,44
13553.00,-4.8820,8.4740,10.1190,0.260,22.270,21.570,45
13563.00,-5.1190,8.5990,10.2160,-36.780,14.890,1.940,45
13573.00,-5.4580,6.5060,10.3680,-90.680,-15.870,-30.270,45
13583.00,-5.4660,4.8140,10.5280,-96.070,-33.180,-27.230,45
13593.00,-4.1930,4.2040,10.6580,-95.580,-51.130,-1.430,45
13603.00,-2.8190,3.2810,10.2060,-104.800,-62.240,22.060,46
13613.00,-2.3400,1.8420,8.8510,-108.740,-61.420,30.200,46
13623.00,-1.9110,1.0420,7.4530,-103.740,-63.940,31.640,46
13634.00,-1.5390,0.7260,7.0040,-100.270,-74.720,30.800,46
13643.00,-1.1670,0.3700,7.4460,-109.810,-88.490,35.170,46
13653.00,-0.6920,0.6260,8.1080,-122.950,-96.720,46.440,47
13663.00,-0.4950,1.6300,9.7550,-128.220,-95.370,54.880,47
13673.00,-0.7680,2.7020,11.7400,-126.210,-84.630,53.840,47
13683.00,-0.7860,3.4450,13.0620,-121.100,-71.150,45.650,47
13693.00,-0.8510,4.0060,13.2960,-109.210,-57.610,33.750,47
13703.00,-1.2160,4.4430,13.8640,-83.370,-45.200,18.300,48
13713.00,-0.5250,2.8370,11.9480,-9.110,-4.410,3.510,48
13723.00,-0.4730,2.2740,10.6160,7.120,7.280,6.100,48
13733.00,-0.5390,1.9200,9.1750,11.140,15.330,9.970,48
13743.00,-0.5390,1.6310,8.3050,5.700,11.060,11.460,48
13753.00,-0.2690,1.4580,7.9050,-7.840,-0.450,9.310,49
13763.00,0.0750,1.3160,8.1280,-22.940,-12.120,5.630,49
13773.00,0.1390,1.4030,8.5000,-34.890,-19.980,2.320,49
13783.00,0.0370,1.5310,8.9280,-47.260,-24.990,0.730,49
13793.00,0.1860,1.6800,9.2030,-61.400,-28.770,2.670,49
13803.00,-0.0530,1.8830,9.4370,-70.490,-30.530,4.650,50
13813.00,-0.0820,1.8690,10.0250,-75.960,-30.100,2.310,50
13823.00,0.2410,1.6000,9.7650,-78.590,-27.450,-2.380,50
13833.00,0.2380,1.4950,9.5520,-65.730,-27.210,-8.470,50
13843.00,-0.0230,1.4890,9.6460,-54.490,-30.290,-15.470,50
13853.00,0.4240,0.7150,9.3760,-68.370,-32.840,-22.220,51
13863.00,0.3640,0.4820,9.0360,-58.360,-31.110,-19.860,51
13873.00,0.2330,0.5770,9.3100,-49.870,-32.600,-16.430,51
13883.00,0.1000,0.6690,10.0120,-54.420,-33.740,-13.870,51
13893.00,0.3130,0.5190,10.4290,-59.880,-29.010,-12.190,51
13903.00,0.5610,0.4050,10.4390,-51.170,-20.940,-11.320,52
13913.00,0.9360,0.1680,10.3700,-35.490,-16.520,-10.440,52
13923.00,1.3000,-0.1280,10.2920,-18.670,-15.820,-8.380,52
13933.00,1.4630,-0.2650,10.6090,-3.880,-16.200,-6.210,52
13943.00,1.6970,-0.5450,11.0450,1.360,-15.430,-3.460,52
13953.00,1.5560,-0.5250,11.2800,2.340,-12.390,1.890,53
13963.00,1.2570,-0.2350,10.9930,-0.730,-6.870,4.810,53
13973.00,0.8590,0.0450,10.4010,-1.730,-1.540,5.680,53
13984.00,0.2320,0.6860,9.3150,2.530,-0.980,6.870,53
13994.00,0.1230,0.6730,9.0550,1.480,-3.850,4.740,53
14003.00,0.1240,0.5680,9.1530,2.010,-8.170,3.370,54
14014.00,0.1350,0.4240,9.4600,2.030,-11.490,3.200,54
14024.00,0.2200,0.2640,9.8660,2.710,-11.480,2.500,54
14034.00,0.3290,0.1720,9.9330,7.450,-8.850,1.520,54
14044.00,0.3360,0.1330,10.0240,16.850,-6.750,1.540,54
14054.00,0.3390,0.0260,10.3640,22.690,-5.280,4.090,55
14064.00,0.2840,-0.0270,10.6680,21.820,-2.670,10.010,55
14074.00,0.1310,0.2670,10.9250,13.090,-0.150,15.820,55
14084.00,0.1170,0.2910,11.0090,0.100,1.450,16.270,55
14094.00,0.0960,0.3380,10.8950,-12.460,-1.310,14.240,55
14104.00,0.0690,0.4010,11.1400,-22.870,-5.840,11.370,56
14114.00,0.1010,0.5320,11.3850,-26.370,-1.010,11.390,56
14124.00,0.3090,0.4710,12.1060,-26.330,4.690,12.160,56
14134.00,0.1360,0.8720,13.1880,-17.600,12.670,16.480,56
14144.00,-0.0830,1.1060,12.7760,-12.600,23.410,12.860,56
14154.00,-0.1360,1.1530,12.1220,-13.380,29.870,5.880,57
14164.00,-0.0070,1.1190,11.5810,-13.820,30.080,1.360,57
14174.00,0.0330,0.8140,11.3470,-11.670,23.670,2.760,57
14184.00,0.2850,0.3900,11.1840,-19.870,18.490,1.970,57
14194.00,0.5950,0.0570,10.9250,-26.680,18.630,3.180,57
14204.00,0.8620,-0.1620,10.2840,-32.370,18.880,7.500,58
14214.00,0.7500,-0.2220,10.0450,-35.210,13.420,13.400,58
14224.00,0.5160,-0.2180,9.9070,-37.780,9.180,16.730,58
14234.00,0.3700,-0.1810,9.7450,-39.110,9.730,16.850,58
14244.00,0.2210,-0.2320,9.3480,-37.410,13.090,16.310,58
14254.00,0.1060,-0.2820,8.6540,-29.820,16.010,15.050,59
14264.00,-0.0260,-0.3760,8.2670,-18.620,15.900,11.180,59
14274.00,0.4000,-1.1190,8.6090,-11.300,12.630,7.450,59
14284.00,0.6170,-1.5120,8.6900,-10.530,13.420,12.250,59
14294.00,0.6320,-1.6120,8.4950,-5.330,14.820,17.710,59
14304.00,0.4890,-1.4820,8.2040,-1.340,14.380,21.210,60
14314.00,0.2090,-1.1590,8.0860,-7.140,10.140,23.620,60
14324.00,0.1560,-1.0890,7.8970,-25.630,3.080,26.000,60
14334.00,0.2100,-0.9650,7.7370,-40.190,-4.320,27.940,60
14344.00,0.1830,-0.9510,8.1930,-42.700,-10.370,26.890,60
14354.00,0.2870,-1.1360,8.6400,-39.830,-15.120,26.120,61
14364.00,0.3660,-1.2260,9.0230,-34.980,-18.630,27.520,61
14374.00,0.5270,-1.3360,9.3140,-32.750,-20.260,28.400,61
14384.00,0.6730,-1.3830,9.6050,-30.940,-21.500,28.190,61
14394.00,0.7400,-1.2990,10.1060,-27.720,-23.850,27.870,61
14404.00,0.7890,-1.1370,10.6250,-22.050,-26.070,28.170,62
14414.00,0.9480,-0.7260,11.1490,-14.800,-26.770,28.570,62
14424.00,1.0020,-0.6720,11.7900,-4.790,-26.000,28.960,62
14434.00,1.0360,-0.7230,12.6890,4.340,-21.940,30.180,62
14444.00,0.8560,-0.6890,13.0240,17.230,-13.100,31.430,62
14454.00,0.5280,-0.4300,12.3270,29.990,-3.780,30.170,63
14464.00,0.3720,-0.2380,11.2770,39.070,1.150,25.630,63
14474.00,0.4210,-0.4630,10.4930,47.820,1.480,21.710,63
14484.00,0.5040,-0.7380,10.2050,58.950,-0.960,22.380,63
14494.00,0.3190,-0.7810,10.2550,65.530,-2.990,26.350,63
14504.00,0.2640,-0.7290,10.2180,62.260,-2.520,29.920,64
14514.00,0.3600,-0.6520,9.9680,54.260,-1.060,32.930,64
14524.00,0.5870,-0.6160,9.9880,50.820,-0.330,34.680,64
14534.00,0.3550,-0.2640,10.6660,51.940,1.540,33.720,64
14544.00,0.0270,-0.0390,10.9490,81.340,-4.240,12.610,64
14554.00,-0.0530,0.1780,9.3410,67.640,1.270,5.230,65
14564.00,0.0190,0.2960,8.5800,86.550,8.830,-14.850,65
14574.00,-0.2760,0.2770,8.3220,114.640,11.920,-23.010,65
14584.00,-0.6830,0.3130,8.6140,130.810,13.030,-23.670,65
14594.00,-0.7770,0.4960,8.6630,126.660,13.550,-18.230,65
14604.00,-0.9290,0.7750,8.7060,113.990,13.850,-14.120,66
14614.00,-1.1970,0.9570,8.6460,100.220,13.800,-13.380,66
14624.00,-1.3730,1.1410,8.4980,84.190,9.530,-12.950,66
14634.00,-1.4090,1.4390,8.4640,64.050,-1.730,-10.640,66
14644.00,-1.3170,1.6040,8.7580,42.650,-15.820,-7.630,66
14654.00,-1.2640,1.8230,9.7500,31.150,-25.040,-5.560,67
14664.00,-0.7470,1.7070,10.4860,32.500,-25.180,-6.000,67
14674.00,-0.1790,1.6600,10.7150,47.300,-23.140,-3.390,67
14684.00,0.3080,1.5110,11.0230,57.080,-24.380,-1.120,67
14694.00,0.6750,1.5840,11.5340,60.850,-28.210,5.870,67
14704.00,0.2900,1.9500,12.7560,69.110,-26.460,15.100,68
14714.00,0.2170,1.9390,12.5570,70.960,-19.340,11.980,68
14724.00,0.2410,1.7340,11.6240,74.830,-10.290,7.660,68
14734.00,-0.0350,1.7220,10.4980,78.080,-5.780,5.610,68
14744.00,-0.3300,1.7090,9.9560,72.190,-8.800,5.020,68
14754.00,-0.3250,1.5430,9.7160,57.070,-14.280,5.720,69
14764.00,-0.1450,1.5620,9.7360,39.650,-19.010,8.250,69
14774.00,0.0210,1.7060,10.0570,27.560,-22.330,7.360,69
14784.00,0.1290,1.8960,10.5890,20.090,-24.200,2.040,69
14794.00,0.4760,1.7880,10.9610,13.910,-22.380,-4.270,69
14804.00,0.8810,1.3540,11.0500,17.590,-16.280,-7.120,70
14814.00,1.0430,0.8010,11.0590,32.690,-9.120,-4.460,70
14824.00,1.0080,0.1490,10.6320,47.530,-2.220,3.250,70
14834.00,0.9870,-0.4180,9.7870,53.640,3.590,11.860,70
14844.00,0.4740,-0.6730,8.6580,39.900,9.190,14.820,70
14854.00,0.1410,-0.2670,8.4860,19.490,10.070,10.840,71
14864.00,-0.0830,0.1800,8.2360,2.380,9.490,8.250,71
14874.00,-0.3120,0.6080,8.1100,0.940,5.710,10.770,71
14884.00,-0.5410,0.8190,8.3940,10.110,2.120,14.010,71
14894.00,-0.3600,0.5620,8.7200,16.190,-1.100,14.340,71
14904.00,-0.1930,0.4010,9.1710,23.170,-3.660,14.050,72
14914.00,-0.4910,0.5470,9.4180,32.860,0.920,14.240,72
14924.00,-0.5560,0.6190,9.0830,38.340,8.270,15.200,72
14934.00,-0.5510,0.9480,8.6730,42.870,11.840,18.470,72
14944.00,-0.7900,1.1280,8.7400,45.130,10.820,19.350,72
14954.00,-0.7250,1.0300,9.1140,40.740,5.690,18.420,73
14964.00,-0.8410,1.0010,9.5280,39.580,2.440,18.510,73
14974.00,-1.1470,1.1360,9.5470,40.480,2.210,17.280,73
14984.00,-1.2000,1.3070,9.5550,33.900,-2.170,9.430,73
14994.00,-1.3020,1.4650,9.3870,36.750,-2.380,7.570,73
15004.00,-1.2490,1.5550,9.4420,39.790,-6.020,6.030,74
15014.00,-1.0890,1.4280,9.9400,42.610,-10.620,4.580,74
15024.00,-0.9640,1.2510,10.6420,43.770,-12.440,4.300,74
15035.00,-0.9590,0.8610,10.9310,40.090,-12.080,3.880,74
15045.00,-0.9600,0.5440,10.7550,39.600,-7.630,7.990,74
15055.00,-1.1780,0.4800,9.9380,48.350,1.550,18.330,75
15065.00,-1.4030,0.4410,9.4130,52.150,3.330,25.250,75
15075.00,-1.3870,0.3860,9.3370,50.630,-1.940,27.000,75
15085.00,-1.2770,0.1970,9.2570,51.450,-6.090,27.710,75
15095.00,-1.1790,0.1970,9.2750,50.940,-8.580,30.430,75
15105.00,-1.1840,0.2790,9.3630,42.930,-12.040,31.620,76
15115.00,-1.1610,0.2340,9.4560,33.110,-14.880,30.650,76
15125.00,-1.2530,0.4090,9.6940,31.060,-13.200,32.260,76
15135.00,-1.4340,0.5500,9.9930,35.120,-11.950,32.790,76
15145.00,-1.4720,0.5620,10.1940,40.420,-8.930,32.160,76
15155.00,-1.6920,0.5630,10.0820,47.860,-3.050,31.180,77
15165.00,-1.7520,0.7320,9.5650,53.390,1.110,29.940,77
15175.00,-2.1000,0.9730,9.0790,54.040,1.140,28.900,77
15185.00,-2.1940,1.2080,9.0010,45.880,-4.430,27.960,77
15195.00,-2.1730,1.6490,9.3000,41.390,-7.770,29.310,77
15205.00,-2.3010,2.2120,9.4740,48.050,-5.320,30.410,78
15215.00,-2.4410,2.4440,9.7320,49.800,-8.420,25.230,78
15225.00,-2.3660,2.4090,9.9910,50.940,-13.690,18.860,78
15235.00,-2.2680,2.3220,10.0830,50.330,-15.020,12.730,78
15245.00,-2.1260,2.2450,10.0240,49.120,-14.370,8.520,78
15255.00,-2.1990,2.2370,10.2040,51.760,-14.190,7.480,79
15265.00,-1.9940,1.8460,10.4140,48.810,-16.360,2.180,79
15275.00,-1.9210,1.6880,10.3420,46.160,-14.350,0.330,79
15285.00,-1.9020,1.6800,10.3200,46.010,-13.130,-0.280,79
15295.00,-1.9600,1.9890,10.4290,46.200,-11.010,-3.500,79
15305.00,-2.1400,2.1260,10.1550,48.880,-7.890,-10.150,80
15315.00,-2.2180,2.2060,9.8040,54.620,-6.900,-15.260,80
15325.00,-2.4100,2.1950,9.3690,62.700,-6.690,-18.910,80
15335.00,-2.4440,1.8560,8.9300,65.850,-10.500,-20.420,80
15345.00,-2.2700,1.5970,8.8060,63.650,-17.500,-16.940,80
15355.00,-2.2490,1.5170,9.0610,59.530,-23.850,-11.560,81
15365.00,-2.1050,1.4890,9.5110,54.600,-28.300,-8.780,81
15375.00,-1.9380,1.4900,9.8630,53.180,-29.700,-9.040,81
15385.00,-2.0420,1.5080,10.3230,53.830,-28.000,-11.210,81
15395.00,-1.8730,1.5560,10.4080,46.690,-27.370,-17.250,81
15405.00,-1.5440,1.6710,10.9970,49.680,-24.130,-23.810,82
15415.00,-1.4510,1.8540,11.1520,59.730,-14.180,-29.870,82
15425.00,-1.4020,2.0110,11.1090,64.420,-8.980,-32.200,82
15435.00,-1.1180,1.4770,10.7760,61.900,-8.260,-39.690,82
15445.00,-0.5750,1.1400,10.8570,62.050,-11.620,-40.880,82
15455.00,-0.3600,1.0380,11.4910,56.590,-16.540,-36.150,83
15465.00,-0.5060,1.3680,12.1310,42.330,-19.600,-28.420,83
15475.00,-0.6140,1.4350,11.8980,20.670,-19.430,-22.900,83
15485.00,-0.4680,1.1480,11.2160,-0.920,-23.050,-20.540,83
15495.00,-0.5180,1.4160,11.0520,-9.980,-30.240,-14.820,83
15505.00,-0.9420,2.2360,11.6090,-14.380,-35.110,-9.060,84
15515.00,-1.2100,2.7970,11.6080,-21.920,-33.650,-13.680,84
15525.00,-0.9000,2.6600,11.5870,-22.480,-32.970,-28.290,84
15535.00,-0.5080,2.2060,11.8740,-9.280,-32.460,-40.110,84
15545.00,-0.0280,1.3720,12.4250,1.750,-33.430,-47.190,84
15555.00,0.2180,0.4160,12.0750,8.190,-28.490,-51.660,85
15565.00,-0.3920,1.0730,11.8340,28.590,-17.360,-42.140,85
15575.00,-0.9520,1.2320,10.9800,41.580,-7.250,-37.060,85
15585.00,-0.8090,0.8380,10.2370,31.340,-12.040,-36.990,85
15595.00,-0.1990,0.7800,9.7120,16.130,-21.810,-31.720,85
15605.00,-0.2510,1.0560,9.0650,34.910,-17.450,-20.090,86
15615.00,-0.8090,1.4470,9.5880,87.670,-1.350,-8.900,86
15625.00,-0.9530,1.3470,11.2590,93.330,-8.540,-7.770,86
15635.00,-0.4160,0.6400,12.3730,45.270,-32.410,-12.860,86
15645.00,0.3630,-0.2340,11.8240,-5.000,-34.970,-16.950,86
15655.00,0.5460,-0.5070,10.8840,-19.330,-19.860,-16.310,87
15665.00,0.2230,-0.2840,10.9740,-13.990,-9.640,-14.290,87
15675.00,-0.3330,-0.1450,10.8980,-17.350,-7.810,-12.840,87
15685.00,-0.5520,-0.4150,10.0180,-23.040,-6.390,-9.950,87
15695.00,-0.8480,-0.2480,8.2560,-7.520,-1.400,-7.560,87
15705.00,-1.2390,0.2220,8.1720,-0.410,-1.730,-16.250,88
15715.00,-1.4790,0.8700,8.4430,5.270,-3.920,-26.670,88
15725.00,-1.4620,1.6290,8.5910,10.110,-6.090,-36.120,88
15735.00,-1.1910,2.2150,9.0600,17.900,-8.090,-43.360,88
15745.00,-0.6960,2.6060,9.9290,31.690,-7.860,-48.400,88
15755.00,-0.4060,2.9830,10.6910,59.940,2.330,-49.310,89
15765.00,-0.2200,1.8050,10.5430,69.960,6.880,-56.750,89
15775.00,0.0750,0.8840,10.1760,74.860,7.970,-62.650,89
15785.00,-0.0370,0.2730,8.9510,84.630,17.490,-59.990,89
15795.00,-0.3750,-0.0190,7.5760,88.480,20.810,-51.590,89
15805.00,-0.8880,0.1380,6.8620,87.900,16.860,-40.160,90
15815.00,-1.3260,0.4310,6.8900,84.210,11.850,-31.740,90
15825.00,-1.8680,0.8200,7.2880,81.550,9.610,-28.540,90
15835.00,-2.1640,1.5330,7.1440,63.100,12.820,-32.440,90
15845.00,-1.9830,1.2620,7.1940,43.450,-1.140,-40.230,90
15855.00,-1.7710,0.7930,7.7970,31.530,-16.700,-49.450,91
15865.00,-1.3730,0.1980,8.4630,31.250,-22.790,-55.660,91
15875.00,-0.8930,-0.9180,8.2250,38.250,-19.110,-54.720,91
15885.00,-0.8450,-1.6460,8.1390,45.710,-15.510,-47.190,91
15896.00,-0.8310,-1.4880,8.5300,45.530,-11.900,-40.540,91
15905.00,-0.8090,-0.9060,8.9820,39.020,-7.680,-35.960,92
15915.00,-0.9140,-0.2670,9.1440,23.660,-6.230,-31.220,92
15925.00,-0.8490,0.0810,9.3670,-1.480,-7.740,-26.820,92
15935.00,-0.7010,-0.0210,9.0600,-12.850,-4.640,-22.590,92
15945.00,-0.9220,0.1490,8.2150,4.090,2.860,-15.990,92
15955.00,-1.3840,0.4980,7.6710,29.420,4.770,-10.720,93
15965.00,-1.7820,0.5120,7.5490,48.020,-0.560,-7.640,93
15975.00,-1.6900,-0.3240,8.1640,73.780,-10.760,-1.060,93
15985.00,-1.6210,-0.6590,8.5540,86.450,-12.010,0.430,93
15995.00,-1.7190,-0.9630,8.9270,94.150,-11.950,-2.250,93
16005.00,-2.0050,-1.0920,9.0690,92.290,-11.250,-6.120,94
16015.00,-1.9150,-1.5680,8.9440,81.790,-10.060,-10.040,94
16025.00,-2.0110,-2.1330,8.6990,72.360,-9.430,-10.810,94
16035.00,-2.1270,-2.2640,8.6280,66.250,-9.910,-11.440,94
16045.00,-2.3860,-2.1830,8.9340,59.600,-10.570,-14.870,94
16055.00,-2.4710,-1.8340,9.3320,50.990,-10.750,-19.050,95
16066.00,-2.2910,-1.4390,9.7230,43.800,-9.850,-24.990,95
16075.00,-1.8240,-1.6250,10.1260,42.610,-7.280,-30.950,95
16086.00,-1.5310,-1.2630,10.9000,46.060,-5.460,-32.180,95
16096.00,-1.4750,-0.6790,11.8710,37.480,-8.260,-36.010,95
16106.00,-1.1720,-0.4010,11.7540,27.250,-0.720,-43.400,96
16116.00,-1.8550,-0.0760,9.9150,29.470,20.550,-56.050,96
16126.00,-1.7390,-0.1650,9.2510,3.500,10.230,-57.220,96
16136.00,-1.5110,-0.1570,9.0500,-32.230,-3.520,-54.490,96
16146.00,-1.5580,-0.1480,8.5230,-64.950,-13.130,-53.650,96
16156.00,-1.4440,0.1380,7.7090,-87.420,-22.770,-55.750,97
16166.00,-1.2980,0.2390,7.6680,-95.720,-38.010,-61.400,97
16176.00,-1.0320,0.2690,8.2140,-84.690,-52.660,-67.440,97
16186.00,-0.9260,-0.0030,8.5060,-60.770,-60.690,-74.040,97
16196.00,-0.8300,-0.6750,8.7360,-33.710,-66.890,-79.920,97
16206.00,-0.4470,-1.1540,8.5440,-18.910,-70.250,-85.410,98
16216.00,-0.2100,-1.7880,8.7930,-7.460,-72.490,-86.150,98
16226.00,-0.4240,-1.8800,9.1080,13.300,-69.480,-74.060,98
16236.00,-0.6060,-1.9620,8.8120,26.480,-57.420,-58.500,98
16246.00,-0.6910,-1.8290,8.4610,27.090,-46.450,-43.190,98
16256.00,-1.0950,-0.3480,9.3330,18.160,-42.440,-11.700,99
16266.00,-1.0160,0.7070,9.8510,-15.530,-47.480,-5.700,99
16276.00,-1.0100,1.4160,10.9840,-12.150,-51.540,-8.970,99
16286.00,-1.0210,1.8170,12.2780,2.100,-53.180,-13.370,99
16296.00,-0.8170,2.2820,13.5020,15.920,-47.950,-20.260,99
16306.00,0.0400,2.5430,14.5110,30.640,-31.410,-30.200,100
16316.00,0.7320,2.1430,15.7600,51.920,-15.310,-35.430,100
16326.00,1.0980,1.5260,15.9540,71.640,-0.230,-35.470,100
16336.00,0.9900,1.1610,15.2570,83.180,13.500,-31.670,100
16346.00,0.8180,1.2450,14.1530,90.190,20.220,-24.850,100
16356.00,0.7070,1.5330,13.2830,98.020,19.870,-18.340,101
16366.00,0.4470,2.1590,13.2350,97.610,11.560,-12.740,101
16376.00,0.0140,3.4870,14.0800,81.550,3.240,-10.390,101
16386.00,-0.3800,4.3560,15.2600,58.990,0.060,-14.450,101
16396.00,0.4540,3.2920,15.1510,49.370,-1.120,-22.610,101
16406.00,0.3510,2.5810,15.3410,79.710,-7.740,-37.380,102
16416.00,0.5770,2.1230,15.2140,93.540,-6.560,-46.720,102
16426.00,0.8560,1.4030,14.9360,114.080,-1.910,-57.200,102
16436.00,0.7410,0.9840,14.3340,143.270,4.310,-63.080,102
16446.00,0.3050,0.9910,13.3870,170.890,13.570,-66.130,102
16456.00,-0.2390,1.3660,12.4230,190.870,18.360,-69.100,103
16466.00,-1.2370,1.9350,11.9980,197.290,14.920,-71.050,103
16476.00,-1.9640,2.7310,11.2940,187.530,10.680,-77.990,103
16486.00,-1.5260,2.7400,11.0290,171.480,-1.350,-89.230,103
16496.00,-0.3440,2.3850,13.2920,155.800,-27.020,-98.330,103
16506.00,0.8680,2.2680,15.5680,145.070,-40.230,-105.330,104
16516.00,1.1900,1.6580,15.8600,132.000,-47.790,-115.180,104
16526.00,2.1470,0.4900,16.0820,130.510,-58.560,-124.530,104
16536.00,2.1820,-0.7720,14.6460,141.450,-54.130,-117.020,104
16546.00,1.1500,0.2940,14.8420,141.170,-18.290,-89.070,104
16556.00,0.9100,0.8450,13.6980,118.860,0.790,-91.260,105
16566.00,0.3120,1.5400,11.9090,96.880,11.080,-102.970,105
16576.00,-0.9080,2.1850,10.1260,68.720,4.540,-108.970,105
16586.00,-1.0620,1.8530,8.6870,41.540,-9.730,-103.320,105
16596.00,-0.7590,0.8670,8.2100,50.560,-24.970,-110.580,105
16606.00,-0.9480,0.1590,8.6360,71.000,-39.250,-123.720,106
16616.00,-0.9470,0.5930,8.4760,83.810,-38.850,-133.150,106
16626.00,-0.6580,0.6690,7.5260,83.880,-44.400,-145.320,106
16636.00,0.7030,0.5350,9.6100,78.730,-68.990,-142.730,106
16646.00,1.9510,0.0350,12.7210,63.770,-82.230,-123.210,106
16656.00,2.6890,-0.0150,14.3780,47.320,-74.100,-102.160,107
16666.00,2.0320,0.2790,12.8860,39.080,-53.030,-90.020,107
16676.00,-1.0340,2.3520,10.4390,52.010,-39.480,-88.860,107
16686.00,-1.9350,2.3010,7.2650,68.000,-23.910,-82.160,107
16696.00,-2.6640,2.4320,6.4270,58.260,-51.000,-69.980,107
16706.00,-2.7130,2.5250,6.1630,37.060,-90.350,-69.020,108
16716.00,-2.4400,2.6180,6.4340,20.050,-123.380,-70.240,108
16726.00,-1.6410,2.1710,7.8300,13.860,-142.030,-69.860,108
16736.00,-0.5270,0.8140,9.6050,15.120,-152.180,-55.190,108
16746.00,0.3440,-0.2110,10.7540,27.670,-159.060,-26.980,108
16756.00,1.7210,0.5850,11.3690,45.150,-153.760,-1.590,109
16766.00,3.3020,5.3980,13.8480,86.620,-126.790,-14.220,109
16776.00,0.0460,3.4400,16.3500,94.710,-43.310,-105.310,109
16786.00,-1.1840,1.2720,12.7110,94.830,55.670,-166.980,109
16796.00,-1.3140,2.2580,7.0770,65.640,87.020,-149.970,109
16806.00,-1.4560,0.9170,5.9820,74.290,54.900,-143.900,110
16816.00,-2.1280,0.0720,6.2180,94.170,22.560,-137.200,110
16826.00,-2.3980,0.8800,8.2260,48.140,-14.840,-119.290,110
16836.00,-2.9820,2.6100,9.4040,19.210,-24.450,-128.500,110
16846.00,-0.4330,2.0250,11.9600,-2.900,-39.340,-140.710,110
16856.00,-0.0870,1.0070,11.3800,2.330,-24.850,-118.800,111
16866.00,-1.4230,1.3110,10.9000,19.140,-2.080,-81.830,111
16876.00,-0.0330,0.1530,9.3930,36.750,21.580,-67.340,111
16886.00,-2.0150,-1.6130,10.0900,49.770,-0.300,-41.940,111
16896.00,-1.5200,-3.4360,11.9590,41.390,-8.050,29.740,111
16906.00,-1.4170,2.1550,12.3550,34.460,12.340,93.550,112
16916.00,-2.0370,1.1110,10.3680,21.050,6.570,37.220,112
16926.00,-2.8670,-0.1100,10.5770,9.970,-23.540,-12.720,112
16936.00,-3.4460,0.2660,10.2840,1.420,-38.240,-38.830,112
16946.00,-2.1200,0.7530,10.7490,-15.900,-46.970,-49.470,112
16956.00,-1.8910,2.3650,11.4400,-49.460,-51.730,-47.750,113
16966.00,-2.7550,3.0520,11.3130,-114.600,-88.950,-34.160,113
16976.00,-2.9470,1.6770,10.1690,-105.430,-112.790,-30.990,113
16986.00,-1.3060,-1.1660,9.4490,-99.320,-161.740,-38.150,113
16996.00,-3.8410,-2.3340,7.4280,-108.600,-282.990,-69.020,113
17006.00,-3.0000,-2.3210,5.5320,6.810,-318.820,-73.950,114
17016.00,0.9900,-0.9650,6.8960,136.310,-225.000,-50.050,114
17026.00,2.1210,-0.6060,6.5760,130.080,-117.650,-29.590,114
17036.00,1.8930,-0.1380,6.2620,88.650,-39.850,-30.100,114
17046.00,1.6970,1.4580,7.7880,51.100,-7.890,-26.370,114
17056.00,0.0900,2.1160,7.5500,15.640,4.360,-23.600,115
17066.00,-0.0500,1.7090,7.0860,-5.170,7.290,-28.700,115
17076.00,0.5750,0.7050,6.8330,-7.660,5.870,-35.260,115
17087.00,1.0070,0.2760,6.5870,-7.480,5.410,-33.540,115
17097.00,0.8260,0.2880,6.3230,-11.730,4.140,-31.650,115
17107.00,0.7640,0.0870,6.3750,5.020,-5.500,-33.390,116
17117.00,0.8180,0.3270,6.0290,34.320,-10.640,-32.200,116
17127.00,1.0260,1.0360,6.2470,57.330,-19.270,-32.700,116
17137.00,1.1950,1.4500,6.2330,67.580,-19.390,-39.340,116
17147.00,1.3440,2.0750,6.3760,63.310,-15.770,-45.900,116
17157.00,1.3810,2.8720,7.0760,44.190,-12.580,-53.210,117
17167.00,1.3310,3.0130,7.3220,21.400,-3.990,-61.540,117
17177.00,1.3420,3.3050,7.4140,7.400,3.380,-64.410,117
17187.00,1.3890,3.5400,8.1300,4.510,5.800,-63.280,117
17197.00,1.3110,3.1750,8.4220,8.000,6.590,-57.690,117
17207.00,1.1280,2.6350,8.4390,18.530,1.830,-49.780,118
17217.00,1.2620,2.0410,8.4470,34.880,-9.220,-42.540,118
17227.00,0.9670,1.4120,7.9630,48.810,-21.320,-36.260,118
17237.00,0.9820,1.0680,7.5630,58.380,-26.790,-32.530,118
17247.00,0.7930,1.8530,8.0970,59.590,-26.110,-32.910,118
17257.00,0.7930,3.1890,9.1340,65.760,-16.980,-35.080,119
17267.00,1.2010,4.0390,10.0130,59.310,-7.950,-32.230,119
17277.00,1.1560,3.8660,10.6000,45.390,-1.700,-29.850,119
17287.00,1.0320,3.4130,10.7800,29.430,0.860,-23.250,119
17297.00,1.0940,2.6790,10.5470,18.320,-0.820,-17.930,119
17307.00,0.9720,1.8840,9.8590,16.050,-7.490,-12.930,120
17317.00,0.8780,1.5990,9.7560,26.580,-18.380,-4.840,120
17327.00,1.0250,1.4520,9.7080,43.170,-24.570,1.920,120
17337.00,1.1490,1.1180,9.8700,51.380,-26.230,5.330,120
17347.00,1.0920,0.8690,10.0640,47.700,-26.860,10.670,120
17357.00,0.8630,1.0120,10.8050,38.040,-26.180,14.940,121
17367.00,1.1190,1.2620,10.3930,14.230,-24.120,7.430,121
17377.00,1.2020,1.1030,10.5550,-7.550,-28.140,-6.590,121
17387.00,1.3960,1.9650,11.3210,-15.250,-23.170,-9.380,121
17397.00,1.3660,2.5670,11.3270,-2.180,-17.620,-9.040,121
17407.00,1.7990,2.5010,11.3250,12.910,-25.380,-13.050,122
17417.00,1.9690,2.3840,10.8650,26.630,-30.890,-8.890,122
17427.00,2.2420,2.3770,10.3650,39.690,-34.370,-1.920,122
17437.00,2.4830,2.3050,10.2970,51.850,-34.950,2.580,122
17447.00,2.1210,2.1050,10.8090,54.350,-32.340,6.170,122
17457.00,1.5910,1.7990,11.6470,36.520,-28.320,5.490,123
17467.00,1.2660,1.5840,11.5590,9.130,-27.740,-1.990,123
17477.00,1.5120,1.4380,11.1480,-2.700,-30.610,-12.470,123
17487.00,2.1930,1.9590,11.0160,1.140,-28.630,-15.940,123
17497.00,2.7880,2.4810,10.5590,8.380,-19.640,-13.240,123
17507.00,3.2070,2.5980,10.2010,18.250,-9.750,-7.710,124
17517.00,3.4820,2.3360,10.0250,29.280,-1.750,3.510,124
17527.00,3.4950,1.8790,9.3820,34.390,2.190,19.730,124
17537.00,2.8660,0.9660,9.3700,31.310,-10.340,37.290,124
17547.00,2.3600,0.9570,10.1030,25.710,-5.850,42.970,124
17557.00,1.9080,0.7150,10.8020,15.010,1.760,41.730,125
17567.00,1.8420,0.6480,11.1670,-3.470,5.690,38.490,125
17577.00,1.9580,0.7290,10.9070,-20.970,7.430,37.370,125
17587.00,2.1370,1.2050,10.5110,-27.220,6.640,38.140,125
17597.00,2.6160,1.3530,10.2100,-23.600,5.550,42.270,125
17607.00,2.8880,0.9220,9.5500,-17.210,7.510,52.910,126
17617.00,3.2410,2.2420,6.9760,-7.130,3.930,66.550,126
17627.00,3.2500,2.6810,6.5260,65.200,-29.330,68.330,126
17637.00,2.9710,2.2210,8.2330,148.640,-45.940,75.190,126
17647.00,2.4860,1.8360,10.5360,170.570,-19.710,87.950,126
17657.00,1.6510,0.5610,11.3130,113.540,14.440,92.800,127
17667.00,1.0850,-0.8780,10.1670,44.030,15.320,92.690,127
17677.00,0.8670,-0.7140,8.9380,20.040,-45.520,102.460,127
17687.00,1.0250,-0.7630,8.5280,28.450,-50.400,100.710,127
17697.00,1.1550,-0.6810,8.8310,31.870,-40.920,93.430,127
17707.00,0.9590,-0.5740,9.2060,18.880,-33.860,79.780,128
17717.00,1.0310,-0.6530,9.5160,-3.420,-31.360,63.620,128
17727.00,1.4500,2.7510,8.6350,-5.100,-27.490,49.760,128
17737.00,3.7610,2.4940,9.5360,57.290,-30.350,37.300,128
17747.00,2.4220,1.9810,10.4110,57.470,-24.100,58.440,128
17757.00,2.0510,1.2860,8.8050,28.230,-2.070,50.220,129
17767.00,2.1900,0.9390,9.3270,19.060,-5.460,38.550,129
17777.00,1.6580,0.5510,9.2120,8.430,-1.310,37.880,129
17787.00,0.3480,-1.5690,10.8340,-21.240,19.330,28.850,129
17797.00,-0.1790,-3.0480,7.9170,-59.680,55.030,5.590,129
17807.00,0.1790,-4.8740,7.2320,-62.450,56.130,-21.450,130
17817.00,-0.8620,-3.8660,9.2690,-66.880,63.110,-77.820,130
17827.00,-1.5580,-3.7180,10.9590,-90.890,77.270,-109.930,130
17837.00,-2.0380,-4.1370,11.7090,-119.940,83.520,-127.330,130
17847.00,-3.0380,-5.0700,12.5140,-150.650,75.410,-131.050,130
17857.00,-3.6620,-5.8660,11.4930,-161.100,62.480,-132.610,131
17867.00,-3.5780,-6.9450,10.6760,-126.880,34.740,-127.170,131
17877.00,-3.1960,-7.0180,9.4200,-79.390,-2.840,-119.940,131
17887.00,-3.2180,-6.7170,9.9290,-33.330,-30.150,-120.290,131
17897.00,-2.0590,-5.7050,9.0680,-11.630,-22.650,-119.240,131
17907.00,-0.8820,-5.2120,8.6300,0.930,-15.140,-119.170,132
17917.00,-0.7130,-5.3470,8.3960,13.050,-21.350,-118.980,132
17927.00,-0.9300,-5.3040,9.3880,28.170,-32.100,-108.930,132
17937.00,-1.1360,-5.3730,9.4730,36.290,-36.700,-93.250,132
17947.00,-1.1420,-5.2280,9.2070,40.620,-40.880,-85.080,132
17957.00,0.2280,-4.3070,8.6440,21.300,-54.830,-82.700,133
17967.00,0.3810,-3.9640,8.5430,4.690,-61.250,-81.060,133
17977.00,0.4960,-4.2830,7.7510,-10.000,-62.230,-78.920,133
17987.00,0.4360,-4.2870,6.8850,-1.850,-61.180,-77.070,133
17997.00,0.1500,-3.9370,7.3410,21.100,-52.050,-79.620,133
18007.00,1.4100,-2.9210,7.0100,32.340,-15.230,-81.720,134
18017.00,2.2320,-2.4580,7.4960,45.970,0.900,-72.870,134
18027.00,1.3140,-2.6360,8.2440,54.620,-8.580,-60.250,134
18037.00,0.6080,-2.7620,9.1860,66.800,-12.430,-49.220,134
18047.00,0.1420,-3.1980,9.9020,88.690,-12.130,-33.090,134
18057.00,-0.2890,-3.5720,9.4790,104.000,-9.980,-23.250,135
18067.00,-0.2720,-4.1030,9.3940,106.290,-13.060,-26.810,135
18077.00,0.2150,-4.2970,9.1360,98.800,-14.190,-31.810,135
18087.00,0.3070,-3.9010,8.8190,76.700,-13.130,-39.180,135
18097.00,1.2510,-2.5900,8.6660,52.780,-9.290,-55.050,135
18108.00,1.7890,-1.6610,8.6720,39.500,-11.010,-50.710,136
18118.00,1.9030,-1.0260,9.0660,26.070,-9.330,-41.120,136
18128.00,1.5910,-1.6220,9.2370,14.210,3.020,-32.230,136
18138.00,1.0370,-2.5530,8.8210,14.370,16.210,-24.550,136
18148.00,0.5610,-3.4060,8.7200,28.420,21.290,-22.130,136
18158.00,0.0260,-3.9030,8.4930,41.210,25.170,-24.930,137
18168.00,-3.1820,-3.6200,12.8980,72.970,50.210,-15.060,137
18178.00,0.1770,0.5670,9.2530,127.560,103.710,5.260,137
18188.00,-2.0390,-8.5190,12.9810,82.390,38.120,-56.330,137
18198.00,-1.0800,-5.9230,11.6600,22.190,-20.880,-46.270,137
18208.00,0.5870,-0.9410,8.6210,-12.400,-45.550,-17.670,138
18218.00,0.9100,-3.5860,8.1360,-54.150,-14.350,-33.460,138
18228.00,1.0850,-3.6030,8.1120,-68.050,60.610,-25.630,138
18238.00,1.5850,-3.9970,6.5090,-90.010,121.670,-13.020,138
18248.00,-0.0840,-4.0330,5.8920,-123.280,161.550,-2.660,138
18258.00,-2.3900,-4.4840,4.8350,-126.600,101.170,33.190,139
18268.00,-0.9790,-4.4500,6.4040,-166.940,-13.840,71.990,139
18278.00,-1.7620,-3.3770,6.4170,-201.080,-115.240,54.630,139
18288.00,-0.3300,-4.3420,8.9260,-230.310,-204.280,19.610,139
18298.00,0.4210,-4.3920,11.6610,-225.460,-211.820,17.280,139
18308.00,0.7520,-5.1960,10.8250,-205.060,-155.660,14.970,140
18318.00,0.3320,-5.8500,8.8240,-160.450,-96.690,-13.520,140
18328.00,0.9110,-7.4990,5.5460,-105.220,-66.540,-48.380,140
18338.00,2.0550,-7.2980,7.1910,-68.360,-68.860,-47.390,140
18348.00,1.3750,-5.7090,8.3050,-29.040,-70.580,-59.460,140
18358.00,3.5110,-7.5200,9.8560,-10.890,-95.290,-114.850,141
18368.00,6.2850,-10.2140,12.1420,-8.010,-81.800,-116.880,141
18378.00,5.0480,-9.6960,11.5940,-18.580,16.820,-63.330,141
18388.00,1.5660,-5.3400,7.3910,-46.910,103.780,-8.340,141
18398.00,-0.9510,-4.0710,3.2590,40.200,65.190,-41.580,141
18408.00,-0.4420,-6.2470,3.8350,141.260,2.880,-107.390,142
18418.00,2.7780,-7.1840,12.6930,183.700,-18.990,-131.750,142
18428.00,1.9780,-6.7770,12.2660,125.790,24.330,-101.180,142
18438.00,0.2870,-6.1000,8.0060,85.700,60.470,-78.960,142
18448.00,-0.0040,-5.3370,6.8060,93.640,59.420,-76.650,142
18458.00,0.1770,-3.5350,9.1200,100.940,48.040,-74.650,143
18468.00,0.6230,-3.8340,9.1500,90.440,55.290,-78.380,143
18478.00,0.5580,-4.8980,9.5380,78.210,56.580,-80.130,143
18488.00,0.9370,-3.1780,8.9040,60.640,56.180,-73.080,143
18498.00,0.6800,-4.3050,8.4820,39.620,51.000,-71.850,143
18508.00,-0.5250,-2.7750,7.4810,30.830,44.090,-70.240,144
18518.00,0.7130,-5.7480,9.2410,62.820,34.570,-90.630,144
18528.00,0.3700,-5.2860,7.8680,22.190,41.640,-54.930,144
18538.00,0.3900,-5.2780,7.7010,35.930,37.020,-54.110,144
18548.00,0.7250,-4.6520,8.1240,34.160,36.580,-51.450,144
18558.00,0.2900,-4.4410,8.4430,33.000,36.410,-55.050,145
18568.00,0.3020,-4.4660,8.7390,29.870,39.050,-62.160,145
18578.00,0.2380,-4.9160,9.0040,22.990,45.190,-66.180,145
18588.00,0.5530,-5.5880,8.6810,12.970,48.240,-64.940,145
18598.00,0.4430,-6.2590,8.2930,3.180,40.990,-58.410,145
18608.00,0.3700,-6.2330,8.0380,1.190,29.410,-51.710,146
18618.00,0.0720,-5.7480,8.0430,9.430,22.200,-46.720,146
18628.00,-0.0390,-5.9270,7.7390,23.480,21.900,-45.060,146
18638.00,0.1240,-5.3870,8.0510,30.800,23.720,-43.330,146
18648.00,0.3060,-5.8600,7.7140,33.900,24.700,-45.690,146
18658.00,0.2510,-6.1420,7.6800,29.260,20.290,-43.050,147
18668.00,0.7450,-5.3310,9.5620,10.480,12.100,-33.770,147
18678.00,0.8230,-5.5780,10.0060,16.680,9.580,-36.680,147
18688.00,0.5740,-5.8990,9.0170,19.110,9.750,-39.650,147
18698.00,0.5830,-5.8910,8.4200,25.760,13.250,-44.200,147
18708.00,0.7140,-6.1260,8.0750,37.520,20.010,-49.700,148
18718.00,0.9960,-6.3630,7.7680,46.270,25.140,-50.450,148
18728.00,0.8620,-6.8780,7.1220,50.660,27.040,-45.780,148
18738.00,0.8570,-6.3820,7.0310,46.720,24.370,-36.220,148
18748.00,0.8940,-7.0740,6.8870,46.440,20.690,-32.070,148
18758.00,0.6920,-7.9810,7.1440,44.660,6.880,-21.260,149
18768.00,0.2650,-6.4230,8.0930,59.550,-17.890,-10.720,149
18778.00,1.7510,-7.3320,11.7120,87.570,-36.070,-12.040,149
18788.00,2.0780,-8.0490,13.6480,152.090,-125.910,-2.340,149
18798.00,-0.5510,-7.8690,9.1740,161.380,-170.610,12.160,149
18808.00,0.7040,-7.1210,8.0080,121.270,-152.720,5.120,150
18818.00,-0.4470,-9.4380,14.1580,44.800,-103.460,24.060,150
18828.00,0.1870,-9.8460,10.1700,-41.190,10.560,43.180,150
18838.00,1.0610,-5.9400,9.7130,-51.040,7.500,23.970,150
18848.00,1.7120,-4.1520,9.1150,-17.230,-19.930,1.180,150
18858.00,0.6100,-7.8980,7.7330,25.830,-44.640,-11.770,151
18868.00,1.1050,-8.4570,8.4990,48.810,-58.940,-23.850,151
18878.00,1.9630,-5.9360,7.0970,51.120,-61.740,-21.630,151
18888.00,1.6150,-5.3400,5.9090,62.420,-74.390,-18.340,151
18898.00,1.4720,-5.7540,4.9130,74.130,-74.320,-21.100,151
18908.00,1.4500,-5.3760,4.3760,76.720,-64.980,-21.450,152
18918.00,1.7920,-4.0240,4.1090,75.340,-50.210,-24.410,152
18928.00,2.5980,-3.6630,4.9660,78.800,-33.160,-29.710,152
18938.00,3.4450,-4.9010,6.9930,72.150,-24.190,-31.340,152
18948.00,2.5990,-5.8460,6.2820,54.320,-26.710,-39.530,152
18958.00,3.0440,-6.2390,5.3920,53.010,-19.580,-53.900,153
18968.00,3.0810,-6.2950,4.9570,50.220,-16.310,-62.650,153
18978.00,2.9120,-6.2390,4.6480,51.190,-10.340,-69.930,153
18988.00,2.7780,-6.4950,3.9960,53.650,-1.380,-77.170,153
18998.00,3.3960,-6.6750,3.6230,44.290,7.690,-74.200,153
19008.00,3.2130,-4.7900,3.8000,31.780,18.990,-54.890,154
19018.00,3.7280,-4.0310,4.5590,23.450,30.580,-42.430,154
19028.00,4.3340,-2.7430,6.5310,26.720,37.890,-35.120,154
19038.00,5.0400,-2.1410,8.2790,37.800,37.070,-36.780,154
19048.00,5.2410,-3.1530,9.2300,55.840,28.440,-42.140,154
19058.00,4.6550,-3.8910,9.4970,66.880,14.480,-40.960,155
19068.00,3.7480,-4.4930,8.6820,75.270,3.470,-39.210,155
19078.00,2.8840,-5.4140,8.3350,79.850,-1.720,-36.850,155
19088.00,1.8240,-6.9020,9.1750,73.830,9.250,-31.860,155
19098.00,2.1410,-6.0560,9.9700,51.750,13.360,-31.250,155
19108.00,2.4460,-5.2410,10.7040,48.700,11.700,-34.660,156
19118.00,2.3970,-5.2830,10.9970,41.700,6.900,-35.700,156
19128.00,1.6890,-5.5210,11.2790,21.700,3.300,-28.660,156
19139.00,1.5080,-5.5830,11.1500,9.120,3.120,-29.130,156
19149.00,1.1590,-6.0930,10.5870,2.780,2.000,-35.310,156
19159.00,0.1870,-6.8720,10.0040,-10.470,5.010,-41.800,157
19169.00,0.0150,-6.6740,9.6780,-18.440,11.960,-56.780,157
19179.00,0.8240,-6.2100,8.9250,-20.190,16.610,-72.150,157
19189.00,1.9620,-3.7920,7.8130,-23.210,17.350,-70.220,157
19199.00,1.7810,-2.9530,6.2080,-24.070,18.890,-62.000,157
19209.00,0.8570,-4.2710,4.9840,-27.190,27.500,-59.690,158
19219.00,0.6720,-4.8610,3.6960,-15.930,39.660,-64.620,158
19229.00,0.7130,-2.6830,3.2240,5.480,47.080,-68.110,158
19239.00,1.6310,-1.5320,3.9970,73.940,68.050,-73.570,158
19249.00,1.2000,-1.4380,5.0200,97.740,76.040,-68.140,158
19259.00,0.8010,-2.0270,5.9400,106.400,90.690,-62.750,159
19269.00,0.4120,-4.4290,7.6180,91.380,107.540,-59.410,159
19279.00,-0.1250,-6.6730,11.2970,36.840,119.160,-48.140,159
19289.00,0.8630,-7.0220,14.3900,0.520,115.860,-41.380,159
19299.00,0.9840,-6.2020,15.5120,-5.500,84.160,-44.220,159
19309.00,0.6770,-5.2950,13.8750,6.950,48.880,-57.080,160
19319.00,0.0190,-5.3950,10.7840,24.500,28.290,-71.990,160
19329.00,-0.3370,-4.4870,8.5510,34.530,28.220,-75.770,160
19339.00,0.1560,-4.0300,7.3540,40.000,44.650,-76.860,160
19349.00,0.5020,-4.0940,6.8670,44.540,57.970,-72.940,160
19359.00,0.5060,-4.1240,6.3680,63.910,61.470,-66.990,161
19369.00,0.2710,-4.6680,7.9920,83.670,59.100,-63.240,161
19379.00,0.7160,-6.1340,11.2170,117.410,53.500,-82.960,161
19389.00,0.9140,-9.0340,12.3390,92.680,53.990,-89.820,161
19399.00,0.5610,-8.5420,12.0440,62.280,38.050,-76.020,161
19409.00,0.3680,-7.8300,12.0160,49.980,18.610,-70.730,162
19419.00,0.8800,-6.9420,11.0350,45.810,2.700,-70.030,162
19429.00,1.2290,-5.6260,8.8370,44.710,-9.100,-58.990,162
19439.00,0.5690,-4.6520,6.6430,43.280,-9.990,-41.750,162
19449.00,0.1050,-4.0030,5.2580,65.450,-0.950,-32.630,162
19459.00,0.1980,-4.5930,4.4490,103.630,8.720,-35.170,163
19469.00,0.2840,-4.8500,5.4320,127.470,10.890,-32.840,163
19479.00,0.0270,-4.6800,6.6060,145.090,11.710,-29.710,163
19489.00,0.2760,-4.7700,7.4710,157.800,13.740,-35.260,163
19499.00,0.3810,-4.5650,8.0540,153.350,16.390,-36.620,163
19509.00,0.2500,-3.3950,7.9600,143.180,18.310,-33.210,164
19519.00,-0.8840,-2.7000,8.7450,161.350,25.080,-55.860,164
19529.00,-0.1110,-1.9770,10.5370,158.430,29.910,-67.230,164
19539.00,-0.0010,-0.6790,12.3550,142.990,30.320,-69.120,164
19549.00,0.6980,-0.7830,12.8870,143.200,25.560,-73.550,164
19559.00,0.8570,-0.5220,13.5580,140.720,10.730,-61.840,165
19569.00,0.5930,-0.5910,13.9090,130.570,-4.850,-42.120,165
19579.00,-0.0620,-0.7640,14.9940,112.450,-19.150,-26.320,165
19589.00,-0.1480,-2.5670,13.5900,111.860,-27.490,-26.950,165
19599.00,-0.2330,-2.7030,12.0410,109.370,-40.620,-22.220,165
19609.00,-1.2870,-2.6750,8.3580,89.560,-38.380,-12.350,166
19619.00,-1.0600,-1.8850,6.2060,62.790,-18.670,0.150,166
19629.00,-0.3450,0.0010,8.4610,56.210,-2.590,8.530,166
19639.00,0.2950,-1.8100,10.0020,56.870,10.230,2.650,166
19649.00,-0.5930,-2.9390,11.6250,35.190,15.180,9.650,166
19659.00,-0.2060,-3.7770,10.7770,38.830,4.240,-2.360,167
19669.00,-0.7040,-3.8890,10.5490,25.370,-0.070,-5.020,167
19679.00,-0.6640,-4.2100,10.1980,19.770,1.690,-13.790,167
19689.00,-0.9950,-5.0340,9.9700,14.370,1.910,-24.390,167
19699.00,-1.3660,-5.8190,9.1040,-2.630,9.460,-30.110,167
19709.00,-1.7560,-5.8150,8.9940,-23.620,19.150,-31.320,168
19719.00,-0.3910,-4.8920,9.8110,-32.770,21.790,-34.770,168
19729.00,-0.1260,-3.5830,10.4590,-24.420,9.350,-33.260,168
19739.00,-0.5310,-3.8230,10.2530,-5.330,-7.680,-38.220,168
19749.00,-0.2030,-3.5240,10.6930,6.460,-22.450,-42.190,168
19759.00,-0.7510,-3.8820,10.1700,11.010,-35.510,-45.250,169
19769.00,-1.5720,-4.3500,8.9430,14.170,-41.420,-50.240,169
19779.00,-1.7390,-3.7380,7.0310,27.280,-38.050,-56.500,169
19789.00,-1.2590,-2.3280,6.4100,35.930,-26.360,-58.870,169
19799.00,-0.0220,-3.5710,9.3490,33.280,-6.830,-63.940,169
19809.00,-0.2970,-4.6790,10.1380,30.590,-13.110,-61.140,170
19819.00,-0.4840,-4.7580,10.7840,21.650,-24.270,-60.770,170
19829.00,-0.2170,-4.1100,10.4550,9.430,-34.340,-63.960,170
19839.00,0.0030,-2.8820,10.2040,8.680,-44.210,-63.980,170
19849.00,-0.4050,-1.7770,9.3210,22.780,-51.750,-64.220,170
19859.00,-0.0690,-2.2140,8.3290,43.450,-47.480,-74.340,171
19869.00,0.6860,-3.6810,8.3590,52.410,-42.980,-82.040,171
19879.00,0.2480,-3.3340,8.4520,44.970,-38.660,-74.350,171
19889.00,0.6610,-3.0410,9.5130,38.640,-37.840,-73.950,171
19899.00,0.7200,-3.9550,10.1350,39.570,-37.350,-75.560,171
19909.00,0.0190,-3.8050,9.9460,37.660,-41.670,-79.250,172
19919.00,0.1280,-4.0100,9.9430,36.000,-45.690,-91.770,172
19929.00,0.2940,-4.2930,10.3660,26.410,-47.460,-94.480,172
19939.00,0.7820,-2.2160,10.2920,25.270,-62.670,-93.730,172
19949.00,0.7450,-1.5270,9.6190,31.270,-72.290,-100.200,172
19959.00,1.1460,-3.0800,8.9870,50.470,-82.530,-103.820,173
19969.00,1.2080,-1.7730,8.5160,50.330,-79.010,-90.940,173
19979.00,1.2070,0.1900,7.4400,38.320,-66.590,-86.940,173
19989.00,2.4500,-2.0740,8.4810,45.310,-62.550,-95.700,173
19999.00,1.9580,-4.7430,9.1500,33.770,-49.740,-70.660,173
20009.00,1.6830,-2.4000,9.7720,-11.580,-34.840,-44.710,174
20019.00,1.9690,-3.6520,10.6260,-26.640,-39.530,-53.860,174
20029.00,1.4630,-2.3960,11.6570,-31.470,-34.600,-56.500,174
20039.00,2.9740,-5.2940,13.2920,-40.640,-27.900,-54.330,174
20049.00,1.1310,-1.1890,9.0710,-31.530,-41.840,-38.110,174
20059.00,1.4820,-1.8530,8.2600,12.390,-78.050,-74.810,175
20069.00,2.5780,-2.9800,6.6710,33.740,-63.180,-85.120,175
20079.00,2.6280,-4.7010,7.8460,29.430,-47.920,-52.710,175
20089.00,2.6450,-5.0440,8.7250,4.340,-25.010,-42.660,175
20099.00,2.6360,-4.6300,8.4760,-7.880,-27.200,-43.730,175
20109.00,2.4760,-3.9660,7.7260,0.140,-32.870,-53.000,176
20119.00,2.8900,-3.7950,7.2810,13.770,-30.360,-56.430,176
20129.00,2.6220,-4.5360,7.0320,26.970,-26.620,-50.850,176
20139.00,2.5250,-4.5590,7.0200,42.090,-23.100,-50.260,176
20149.00,3.0100,-4.4380,7.7630,54.740,-18.810,-52.130,176
20160.00,3.3430,-5.6550,8.2620,50.890,-11.180,-42.780,177
20170.00,3.3710,-6.9430,9.2500,20.140,-1.140,-16.380,177
20180.00,1.9760,-2.8880,9.2370,-17.120,8.860,11.810,177
20190.00,2.4650,-1.9380,9.7070,1.140,1.550,-19.320,177
20200.00,3.0580,-3.6150,10.0150,52.150,-6.550,-46.140,177
20210.00,2.7860,-4.2490,9.6140,61.230,-14.050,-41.960,178
20220.00,1.8050,-2.5680,8.3910,47.280,-22.580,-35.290,178
20230.00,2.7520,-3.3490,8.6380,61.740,-28.000,-63.490,178
20240.00,2.4310,-2.7340,8.1110,56.000,-26.230,-54.950,178
20250.00,2.9000,-6.4670,10.2990,48.510,-26.710,-49.120,178
20260.00,0.8720,-5.5710,9.3390,14.380,-5.860,-14.190,179
20270.00,1.0950,-3.6700,9.3600,4.580,-11.200,-36.470,179
20280.00,2.5300,-4.0970,9.3120,14.910,-28.400,-67.300,179
20290.00,2.3250,-3.6670,8.6680,1.590,-26.950,-55.300,179
20300.00,2.3210,-3.0400,8.4220,-13.410,-25.150,-46.630,179
20310.00,1.3730,-0.1980,9.4370,-12.310,-19.640,-52.970,180
20320.00,3.9060,-2.1570,9.0110,7.720,-19.550,-79.800,180
20330.00,3.9610,-2.7310,8.8330,38.620,-51.290,-64.920,180
20340.00,2.7390,-3.9870,8.4940,45.250,-69.440,-34.800,180
20350.00,1.8440,-4.2610,8.3520,19.840,-60.410,-24.130,180
20360.00,2.9580,-5.0170,9.2910,5.740,-45.920,-33.610,181
20370.00,3.0300,-3.6560,8.6910,-27.570,-45.310,-29.200,181
20380.00,3.2050,-3.2200,7.7940,-25.930,-54.600,-34.120,181
20390.00,3.5730,-3.3120,7.5630,-17.470,-64.330,-36.690,181
20400.00,4.0240,-2.9620,7.9530,-24.090,-66.330,-24.370,181
20410.00,3.7360,-3.1830,8.1730,-31.680,-64.140,-6.490,182
20420.00,3.7840,-3.8690,7.9030,-28.920,-60.870,4.540,182
20430.00,3.2440,-5.1600,7.5720,-24.600,-64.140,11.600,182
20440.00,2.4130,-5.3710,7.3990,-12.140,-65.990,2.340,182
20450.00,2.6340,-6.4400,7.1660,15.470,-64.800,-28.140,182
20460.00,3.2290,-7.0710,7.3970,26.070,-62.580,-48.030,183
20470.00,4.2950,-5.8810,8.0440,6.980,-61.010,-49.430,183
20480.00,5.0140,-4.9010,7.8930,-16.200,-62.950,-38.320,183
20490.00,5.1090,-4.9530,7.6210,-33.920,-68.230,-20.400,183
20500.00,5.4920,-4.8320,7.5930,-48.590,-68.740,0.450,183
20510.00,3.7490,-4.7300,6.0950,-74.700,-58.570,13.960,184
20520.00,3.9850,-4.2140,6.5860,-54.150,-45.900,-11.230,184
20530.00,5.0220,-3.8580,6.8430,-16.670,-26.480,-42.640,184
20540.00,6.3800,-4.9890,7.5520,24.320,-17.990,-61.960,184
20550.00,7.3070,-7.1940,7.8550,60.480,-35.930,-54.350,184
20560.00,6.6130,-6.6780,9.1620,70.910,-58.030,-23.550,185
20570.00,6.2380,-5.6440,7.8780,53.230,-59.520,-6.450,185
20580.00,6.1180,-5.0840,6.9850,54.490,-68.320,-10.010,185
20590.00,5.9040,-4.7160,5.2230,61.130,-69.200,-22.120,185
20600.00,6.1280,-5.5710,4.1700,60.290,-57.770,-31.860,185
20610.00,5.9030,-6.5800,3.8500,57.450,-32.600,-25.720,186
20620.00,5.5660,-6.3800,4.5510,53.990,-3.200,-10.830,186
20630.00,5.8700,-5.0730,7.3710,43.490,15.600,-2.550,186
20640.00,5.9610,-5.5940,9.5830,40.090,20.500,-0.150,186
20650.00,4.5590,-6.6050,9.0960,90.250,-15.000,-11.110,186
20660.00,4.2350,-6.7640,7.5880,118.390,-46.040,-45.950,187
20670.00,4.9910,-6.8560,6.5280,140.870,-56.350,-64.010,187
20680.00,4.6200,-5.5030,6.1620,128.990,-48.810,-53.070,187
20690.00,5.0660,-4.9480,6.1130,106.540,-35.840,-44.690,187
20700.00,4.9830,-4.8080,6.7920,95.060,-23.350,-31.500,187
20710.00,4.7430,-3.8870,8.4680,79.550,-16.400,-23.270,188
20720.00,4.6210,-4.7040,9.3180,70.310,-13.720,-26.750,188
20730.00,4.4240,-6.7210,9.7390,66.250,-13.000,-27.310,188
20740.00,4.2120,-6.3400,9.0010,53.250,-17.570,-29.450,188
20750.00,4.7040,-7.2980,9.0560,43.890,-27.810,-39.320,188
20760.00,4.7790,-5.8460,8.6900,25.060,-26.880,-32.830,189
20770.00,4.6910,-4.7070,6.7090,12.510,-38.820,-35.940,189
20780.00,5.1030,-6.2210,7.0950,39.850,-70.390,-52.340,189
20790.00,4.9100,-6.6480,9.3160,18.110,-66.240,-49.960,189
20800.00,4.7000,-6.3740,9.2490,-9.280,-70.040,-37.810,189
20810.00,4.5600,-5.1960,7.7930,-35.250,-84.910,-41.230,190
20820.00,4.6240,-2.2360,6.6220,-55.890,-93.190,-55.330,190
20830.00,5.9910,-1.1580,5.3000,-62.080,-86.800,-74.320,190
20840.00,7.0040,-0.3780,5.1760,-53.720,-82.920,-76.630,190
20850.00,7.5360,-1.3300,4.6670,-28.990,-84.720,-67.040,190
20860.00,7.7610,-3.7370,4.8150,-21.130,-85.210,-43.270,191
20870.00,7.0500,-2.6530,5.4710,-58.250,-73.870,1.060,191
20880.00,6.7460,-4.0180,4.9080,-99.760,-53.180,11.110,191
20890.00,6.2540,-4.7410,6.3630,-113.970,-48.110,3.690,191
20900.00,7.4380,-6.0670,5.8880,-112.520,-52.550,-7.150,191
20910.00,7.4590,-5.0150,4.7440,-121.460,-65.290,6.990,192
20920.00,7.2860,-2.9350,4.3140,-134.390,-72.610,20.920,192
20930.00,6.8660,-4.0590,3.5940,-101.540,-47.580,36.920,192
20940.00,6.3140,-5.7520,5.0950,-76.030,-30.990,34.330,192
20950.00,6.3080,-8.5840,6.0610,-51.830,-22.860,29.500,192
20960.00,5.0500,-9.4280,7.2760,-34.010,-29.980,27.070,193
20970.00,4.8750,-9.1580,6.8510,-32.240,-32.740,8.550,193
20980.00,5.3990,-9.4340,5.8320,-40.000,-47.500,-11.410,193
20990.00,5.5280,-9.3390,5.0560,-25.520,-61.930,-21.850,193
21000.00,5.5780,-8.7380,4.0250,-13.260,-62.060,-20.070,193
21010.00,5.3980,-9.1380,3.4200,-22.620,-53.640,-14.570,194
21020.00,4.5760,-7.9030,2.5360,-22.670,-41.580,-14.100,194
21030.00,5.0140,-7.9160,1.6360,-3.260,-29.280,-29.360,194
21040.00,5.0330,-7.1800,2.1390,15.000,-20.480,-37.590,194
21050.00,5.4860,-7.6190,3.8820,28.230,-11.530,-50.970,194
21060.00,6.1730,-8.1430,3.9270,45.250,-11.500,-65.390,195
21070.00,6.2760,-4.2750,3.3720,41.670,-33.740,-52.790,195
21080.00,5.5250,-4.7520,1.6190,45.660,-22.160,-59.230,195
21090.00,6.8140,-4.1490,2.8000,47.300,-17.760,-59.480,195
21100.00,7.0060,-3.7060,3.7310,42.380,-9.470,-45.040,195
21110.00,6.1220,-4.8760,3.4560,37.290,-6.250,-33.720,196
21120.00,5.6210,-5.7200,3.6490,41.250,-3.450,-32.950,196
21130.00,6.5000,-5.7670,3.9300,40.930,-2.010,-35.100,196
21140.00,6.3400,-5.4690,4.0780,32.340,-4.380,-26.070,196
21150.00,6.2100,-5.2710,3.6750,33.340,-2.910,-20.230,196
21161.00,6.3340,-5.8540,3.8780,37.260,-2.000,-19.460,197
21170.00,6.2670,-6.3750,3.8270,32.410,1.200,-15.080,197
21180.00,6.1140,-6.5490,3.8340,15.660,5.310,-9.480,197
21191.00,6.1630,-6.5040,4.1150,9.200,9.740,-10.830,197
21201.00,6.2760,-7.3900,3.7570,25.950,6.270,-23.180,197
21211.00,6.8050,-7.6120,4.6760,32.690,-1.860,-28.640,198
21221.00,6.3030,-7.8380,3.7390,35.890,-0.860,-34.580,198
21231.00,7.5610,-6.8490,3.7750,29.330,-3.380,-34.960,198
21241.00,7.0610,-5.3330,2.9770,24.180,-1.590,-20.930,198
21251.00,6.4270,-5.5190,2.3430,23.890,0.760,-15.960,198
21261.00,6.1950,-5.9710,2.0840,24.640,7.720,-13.730,199
21271.00,5.9600,-5.7480,2.3010,21.650,11.540,-6.030,199
21281.00,5.4750,-5.2880,2.5590,15.660,14.200,1.360,199
21291.00,5.0440,-5.0520,3.0680,16.680,13.270,4.260,199
21301.00,4.7760,-5.6000,3.0830,24.780,9.750,0.960,199
21311.00,4.7330,-5.5640,2.7420,26.320,6.390,-1.240,200
21321.00,4.7880,-5.0260,2.1960,26.320,9.210,-1.080,200
21331.00,4.5650,-5.5090,1.8040,34.110,15.180,-3.640,200
21341.00,4.5960,-6.4170,2.3120,44.120,24.750,-6.870,200
21351.00,4.4150,-6.6050,3.9540,54.110,34.710,-5.510,200
21361.00,3.4670,-8.2520,5.2450,68.180,46.610,-16.730,201
21371.00,3.9870,-7.0460,8.0970,61.790,43.790,-20.490,201
21381.00,4.4110,-7.1680,10.4130,59.760,29.700,-24.370,201
21391.00,3.9180,-8.0540,10.4860,66.640,4.710,-27.260,201
21401.00,3.1950,-9.0230,9.7750,51.540,-14.460,-28.030,201
21411.00,3.5400,-9.4490,8.5710,9.640,-22.960,-26.320,202
21421.00,4.6210,-8.6720,7.0220,-54.980,-18.690,-8.520,202
21431.00,7.6070,-8.5440,7.7130,-114.440,-18.620,40.210,202
21441.00,7.1430,-6.5370,5.3800,-182.480,-32.970,123.120,202
21451.00,5.0290,-3.6310,3.0950,-220.280,-64.050,171.060,202
21461.00,2.7490,-0.2290,2.2500,-197.640,-65.640,156.580,203
21471.00,2.2690,-1.2810,0.6970,-136.580,-18.460,99.250,203
21481.00,1.6530,-1.2140,0.2030,-57.060,57.810,36.810,203
21491.00,2.6830,-0.2240,-1.8230,26.490,125.530,-27.070,203
21501.00,9.1870,-5.1330,1.4830,166.340,119.530,-155.380,203
21511.00,9.7480,-6.5150,2.0880,166.370,118.220,-107.710,204
21521.00,7.8400,-5.6530,2.5380,125.770,106.830,-42.080,204
21531.00,7.5230,-5.0260,3.6520,94.480,89.890,-9.110,204
21541.00,7.2980,-5.0270,4.5610,87.360,79.350,5.100,204
21551.00,6.8990,-5.7160,4.8310,88.320,74.400,9.650,204
21561.00,6.5550,-7.1230,4.5730,84.140,69.970,6.840,205
21571.00,6.1240,-8.5710,4.3500,72.870,68.590,2.250,205
21581.00,5.9150,-9.3280,4.7580,53.530,66.610,-0.610,205
21591.00,6.8170,-9.2990,5.6440,36.080,62.180,-2.710,205
21601.00,7.8980,-8.2710,6.6870,21.170,49.370,6.700,205
21611.00,8.2660,-6.7560,7.1940,11.740,29.900,27.360,206
21621.00,7.6520,-6.3370,6.3930,12.860,10.540,45.090,206
21631.00,6.2820,-7.2260,4.8990,21.420,-2.330,55.680,206
21641.00,3.5180,-10.2660,2.6700,26.060,11.590,50.250,206
21651.00,3.1160,-11.6320,2.2070,22.520,28.550,34.070,206
21661.00,3.3260,-11.3030,2.6830,17.990,37.460,24.510,207
21671.00,3.5560,-10.2960,2.8290,24.830,38.890,18.860,207
21681.00,3.7080,-10.1570,2.7490,38.600,37.790,14.550,207
21691.00,2.4100,-9.7110,1.1820,48.600,29.250,7.760,207
21701.00,5.0930,-16.7780,6.1190,108.870,-72.500,-51.500,207
21711.00,4.0550,-18.2690,8.6280,72.500,-127.560,-27.790,208
21721.00,3.6550,-13.2290,5.9400,-38.180,-81.080,43.800,208
21731.00,2.8410,-7.9450,4.1010,-75.700,-19.760,74.140,208
21741.00,0.9990,-6.9720,3.2570,-57.740,64.280,51.620,208
21751.00,8.0240,-7.9170,6.5550,-100.720,195.130,24.600,208
21761.00,3.8660,-3.1770,-6.0010,-183.510,297.100,56.750,209
21771.00,6.8240,-9.9090,14.0960,142.970,-162.800,-32.760,209
21781.00,3.6620,-9.2430,5.7140,114.120,-49.740,-15.030,209
21791.00,3.6590,-7.9900,4.9970,117.440,-28.740,-12.890,209
21801.00,3.7810,-7.3050,5.6360,114.310,-21.930,-14.490,209
21811.00,3.9130,-7.3710,6.0760,101.430,-16.170,-18.760,210
21821.00,3.8060,-7.6730,5.5020,86.010,-11.340,-20.520,210
21831.00,3.5420,-8.1720,5.1180,73.340,-10.240,-22.400,210
21841.00,3.1520,-8.2820,5.0320,59.270,-9.000,-24.370,210
21851.00,2.7080,-8.7700,5.1340,41.860,-6.370,-27.770,210
21861.00,1.7400,-8.4110,5.2610,26.740,2.140,-32.070,211
21871.00,2.5170,-8.2600,4.8470,5.950,19.340,-46.210,211
21881.00,2.5610,-8.0300,4.9970,-5.750,22.300,-52.500,211
21891.00,3.5980,-7.5880,5.5810,-7.870,14.440,-47.810,211
21901.00,2.4430,-7.9660,4.5460,-12.050,21.720,-33.950,211
21911.00,2.5190,-7.5300,4.4970,-8.130,11.610,-25.880,212
21921.00,3.2200,-7.9660,6.4220,-17.050,-11.970,-23.390,212
21931.00,-0.7800,-5.1700,4.8200,-12.280,0.500,-36.620,212
21941.00,3.0500,-7.0280,9.9500,-12.120,18.560,-78.330,212
21951.00,3.6890,-6.5330,5.9310,-90.190,36.040,-69.790,212
21961.00,4.2370,-6.2540,3.7560,-143.630,20.920,-60.070,213
21971.00,5.9830,-10.3840,1.4270,-118.640,10.190,-60.210,213
21981.00,5.6050,-10.1550,-0.1610,-68.030,-4.410,-42.380,213
21991.00,4.7250,-9.2810,0.8060,-27.260,-23.350,-33.390,213
22001.00,4.4790,-9.6640,1.4810,17.850,-19.970,-40.320,213
22011.00,4.3320,-8.9880,3.7950,43.000,-12.830,-42.770,214
22021.00,3.7240,-8.7610,3.6810,50.850,-2.140,-41.070,214
22031.00,3.4680,-7.9540,4.1560,46.160,-5.860,-34.300,214
22041.00,3.4670,-7.9600,4.1270,39.160,-10.400,-33.090,214
22051.00,3.3050,-6.5880,3.8410,34.370,-11.870,-38.510,214
22061.00,3.3590,-6.3730,3.2230,33.790,-9.170,-92.550,215
22071.00,3.1360,-4.1800,3.1440,44.760,-4.180,-123.650,215
22081.00,2.8940,-0.9490,1.7820,60.130,-6.580,-182.420,215
22091.00,1.3430,5.8690,-3.3270,100.800,-19.290,-291.550,215
22101.00,10.7270,-20.9270,12.5010,173.420,-79.380,-327.680,215
22111.00,11.4470,-22.0760,7.8830,40.810,-21.020,-210.240,216
22121.00,6.3450,-6.9840,0.8660,2.590,5.680,-12.260,216
22131.00,5.6910,-7.0550,2.2130,9.550,-35.420,-16.760,216
22141.00,6.3050,-7.6950,3.3050,44.270,-14.210,-20.820,216
22151.00,5.8300,-7.3950,3.7440,51.450,-8.720,-21.220,216
22161.00,5.1210,-6.9080,4.1490,50.210,-7.720,-20.490,217
22171.00,5.3350,-6.9230,4.2960,43.980,-8.350,-22.550,217
22181.00,5.4910,-7.2490,3.8510,37.330,-11.110,-22.680,217
22191.00,3.9030,-7.7880,2.7680,35.910,-15.770,-21.990,217
22201.00,3.6990,-7.6060,6.0160,44.080,-19.510,-24.570,217
22212.00,9.2390,-5.4300,5.5560,49.930,17.940,-59.990,218
22222.00,7.7010,-5.8600,3.4690,21.890,-6.740,-46.900,218
22232.00,4.9120,-7.4340,2.5970,31.990,-31.340,-32.760,218
22242.00,3.2560,-8.4560,2.0800,59.390,-27.700,-37.800,218
22252.00,10.1850,-6.0090,6.2420,87.880,-8.560,-53.180,218
22262.00,14.5230,-3.3410,7.3430,62.110,12.660,-52.290,219
22272.00,9.2480,-4.1020,5.9290,3.110,-11.660,-20.440,219
22282.00,7.1400,-5.5770,5.0300,-8.220,-19.930,-6.190,219
22292.00,4.8140,-6.9410,3.9340,0.170,-14.510,-2.920,219
22302.00,3.1620,-7.6120,3.9870,10.810,-8.070,-6.930,219
22312.00,3.6890,-7.0400,3.6560,7.540,-2.150,-16.220,220
22322.00,5.8250,-6.4430,4.0290,-0.410,1.280,-26.890,220
22332.00,7.2870,-6.0250,4.5180,2.830,5.450,-31.440,220
22342.00,7.0740,-5.9820,4.3190,2.620,7.290,-28.770,220
22352.00,6.5870,-6.4660,3.4250,0.440,2.540,-22.690,220
22362.00,6.7330,-6.3640,3.4870,1.610,4.780,-22.610,221
22372.00,6.7830,-6.2790,3.2780,2.400,12.050,-23.850,221
22382.00,6.6960,-6.3780,3.2360,6.750,16.400,-23.520,221
22392.00,6.4760,-6.6870,3.4340,11.970,16.860,-21.770,221
22402.00,6.2440,-6.8180,3.5520,13.810,16.320,-19.330,221
22412.00,6.1020,-6.8620,3.6090,12.490,17.120,-18.200,222
22422.00,4.4260,-6.8190,4.1760,11.500,15.970,-21.770,222
22432.00,5.0960,-7.0560,5.0240,-16.480,13.780,-43.060,222
22442.00,6.1550,-7.7100,2.7790,-44.490,43.620,-48.280,222
22452.00,5.7890,-6.9660,3.3150,-14.340,42.130,-44.950,222
22462.00,5.9950,-6.2270,5.1010,-14.780,16.260,-43.620,223
22472.00,6.7210,-6.6980,3.9170,-37.620,17.450,-50.220,223
22482.00,6.7230,-8.7640,0.5200,-21.990,47.270,-48.370,223
22492.00,6.5950,-4.2380,6.3230,33.550,33.010,-25.070,223
22502.00,5.0570,-5.3470,5.5640,-14.010,4.700,-10.650,223
22512.00,5.9160,-6.9660,2.7060,-31.600,9.880,-13.370,224
22522.00,6.3370,-8.0490,2.1260,-19.380,11.920,-16.970,224
22532.00,6.3840,-8.0740,2.0930,-4.140,20.060,-17.740,224
22542.00,6.0920,-8.1110,1.4960,6.330,25.920,-16.590,224
22552.00,6.0310,-7.9570,2.5970,22.490,24.890,-13.210,224
22562.00,5.7780,-7.6960,3.2120,28.910,26.820,-12.890,225
22572.00,5.5630,-7.4730,3.0610,25.790,24.510,-11.580,225
22582.00,5.7140,-7.5500,2.9940,22.150,19.220,-11.560,225
22592.00,6.6250,-7.2990,3.2730,21.370,21.160,-12.260,225
22602.00,6.6100,-7.1980,2.9500,26.250,21.200,-9.780,225
22612.00,5.9110,-7.4540,3.1950,37.130,10.450,-4.970,226
22622.00,5.1870,-7.7150,3.6390,41.820,0.200,-3.900,226
22632.00,5.2160,-7.8490,3.5370,12.510,-0.650,-15.060,226
22642.00,5.3940,-7.9330,2.6200,0.910,1.950,-18.340,226
22652.00,5.3670,-8.2270,2.6360,4.430,4.890,-20.020,226
22662.00,5.3710,-8.1510,2.6720,13.040,8.370,-23.360,227
22672.00,5.7690,-7.5880,2.7520,18.410,6.780,-24.670,227
22682.00,6.3000,-7.3950,2.8880,26.090,-0.320,-20.370,227
22692.00,5.8320,-7.6130,3.0420,33.650,-10.240,-16.710,227
22702.00,5.8090,-7.3570,3.1160,34.180,-11.310,-18.300,227
22712.00,5.5800,-7.7570,2.7000,29.120,1.410,-24.270,228
22722.00,5.3430,-7.9620,2.8950,34.820,9.280,-25.980,228
22732.00,5.2160,-7.8350,2.9060,36.140,13.520,-25.490,228
22742.00,5.3580,-7.6360,2.9880,36.260,14.740,-24.390,228
22752.00,5.6070,-7.4680,3.0430,35.750,14.780,-24.110,228
22762.00,5.7580,-7.2050,3.0600,38.520,15.000,-23.620,229
22772.00,5.7420,-7.0370,3.3790,48.540,14.250,-21.820,229
22782.00,5.5760,-7.1090,3.4930,50.540,12.960,-22.030,229
22792.00,5.4010,-7.1580,3.6090,51.400,10.730,-22.450,229
22802.00,5.3380,-7.1980,3.6720,50.050,9.040,-22.680,229
22812.00,5.4560,-7.2570,3.7560,48.120,7.720,-22.480,230
22822.00,5.6650,-7.2870,3.7810,46.550,6.340,-22.680,230
22832.00,5.8370,-7.4240,3.7740,46.510,5.850,-23.030,230
22842.00,5.9970,-7.5490,3.9210,48.350,5.690,-22.940,230
22852.00,6.1300,-7.5550,4.0210,48.490,6.040,-22.900,230
22862.00,6.2720,-7.4260,4.0350,48.050,6.380,-23.130,231
22872.00,6.1770,-7.2670,4.0730,48.750,6.270,-23.740,231
22882.00,5.9820,-7.2520,4.0370,49.090,6.550,-24.370,231
22892.00,5.8740,-7.2200,3.8750,47.770,6.640,-24.950,231
22902.00,5.8970,-7.0860,3.6950,45.810,6.290,-25.910,231
22912.00,4.8520,-7.1610,3.5500,45.660,9.930,-27.680,232
22922.00,4.6480,-7.0000,3.9910,46.570,11.840,-26.670,232
22932.00,4.4110,-6.9240,4.2680,40.970,11.450,-26.320,232
22942.00,4.4300,-7.2860,4.0830,31.810,11.820,-27.420,232
22952.00,4.8200,-7.4830,3.6990,26.950,11.640,-29.190,232
22962.00,5.5320,-7.6680,3.2470,25.460,10.210,-30.080,233
22972.00,6.1450,-7.6630,2.9700,31.730,7.920,-27.980,233
22982.00,6.3870,-7.5510,2.9770,42.980,8.910,-26.180,233
22992.00,5.8220,-7.4600,3.4200,55.050,14.300,-23.810,233
23002.00,5.1750,-7.2470,4.1530,59.900,17.720,-21.470,233
23012.00,4.8090,-6.9990,4.6120,53.720,17.580,-21.560,234
23022.00,4.8520,-7.0790,4.5590,42.940,17.120,-23.060,234
23032.00,4.8650,-7.1600,4.4970,36.590,16.280,-24.480,234
23042.00,4.9510,-7.3200,4.4330,32.690,15.670,-26.420,234
23052.00,5.1930,-7.3600,4.2580,30.130,15.090,-27.090,234
23062.00,5.1850,-7.3780,4.2620,28.510,15.390,-26.420,235
23072.00,5.1420,-7.4460,4.2680,28.400,15.090,-25.420,235
23082.00,5.0230,-7.3500,4.3570,28.420,14.620,-24.340,235
23092.00,4.8090,-7.2130,4.4960,26.550,14.180,-24.370,235
23102.00,4.8380,-7.3660,4.3510,21.940,13.880,-25.270,235
23112.00,4.9070,-7.5170,4.0370,17.730,12.900,-25.090,236
23122.00,4.7480,-7.5390,3.9910,17.180,13.760,-25.300,236
23132.00,4.7650,-7.6090,3.9810,18.320,14.720,-25.810,236
23142.00,4.7190,-7.6360,4.0050,19.270,13.480,-25.040,236
23152.00,4.8040,-7.5620,4.0310,18.970,12.080,-23.920,236
23162.00,4.9180,-7.4680,4.0350,18.580,10.350,-22.550,237
23172.00,4.7530,-7.6940,3.8720,19.600,8.000,-21.240,237
23182.00,5.0700,-8.0250,3.6900,20.890,5.450,-20.350,237
23192.00,5.2430,-8.0860,3.9230,23.030,5.290,-21.640,237
23202.00,4.2650,-7.3010,4.3440,28.090,10.450,-25.280,237
23212.00,4.4650,-7.6670,4.1010,22.780,7.410,-24.620,238
23222.00,4.0610,-7.6250,4.1500,20.560,3.820,-22.400,238
23233.00,4.1790,-7.8530,4.2060,18.780,5.130,-23.670,238
23243.00,4.8200,-8.0600,3.7660,16.570,3.540,-22.680,238
23253.00,5.0690,-8.1260,3.6190,20.820,0.550,-20.870,238
23263.00,3.9940,-7.7500,4.2170,27.880,2.190,-19.740,239
23273.00,4.9320,-8.0610,4.1430,26.090,3.650,-19.560,239
23283.00,4.5730,-8.0170,3.8990,27.650,1.410,-19.490,239
23293.00,4.1790,-7.9570,4.4760,32.180,2.350,-19.000,239
23303.00,4.2300,-7.9840,4.5940,30.290,2.440,-19.560,239
23313.00,4.3840,-8.1260,4.3460,27.600,-0.140,-20.190,240
23323.00,4.3920,-8.1820,4.2130,27.000,-2.220,-20.520,240
23333.00,4.2920,-8.0880,4.1990,27.330,-3.970,-20.790,240
23343.00,4.2550,-7.9820,4.0770,26.980,-9.050,-21.910,240
23353.00,4.2670,-8.0420,3.9800,26.790,-11.500,-21.990,240
23363.00,4.2220,-8.0690,3.9110,25.880,-13.000,-22.240,241
23373.00,4.3780,-8.0750,3.7600,23.310,-14.680,-22.290,241
23383.00,4.6090,-8.1450,3.5170,22.470,-15.790,-21.910,241
23393.00,4.6210,-8.1040,3.5050,24.340,-15.980,-21.030,241
23403.00,4.5260,-8.0960,3.5300,26.210,-14.670,-20.650,241
23413.00,4.3780,-8.1880,3.5620,26.600,-12.810,-20.050,242
23423.00,4.7470,-8.1890,3.5000,26.020,-12.160,-18.270,242
23433.00,5.0200,-8.2810,3.4560,27.420,-13.690,-14.750,242
23443.00,4.7060,-7.9480,3.6430,30.620,-15.330,-11.210,242
23453.00,4.2990,-8.0020,3.8650,33.210,-12.690,-13.330,242
23463.00,4.0430,-8.0760,3.7690,31.830,-10.640,-15.940,243
23473.00,4.4080,-8.1660,3.8330,29.560,-10.830,-16.320,243
23483.00,4.4360,-8.1590,3.4490,31.380,-12.550,-15.710,243
23493.00,4.4760,-8.1550,3.4640,34.530,-12.220,-16.100,243
23503.00,4.4200,-8.1910,3.3970,36.240,-12.530,-16.870,243
23513.00,4.3660,-8.2400,3.3540,37.400,-14.020,-16.110,244
23523.00,4.3930,-8.1340,3.2900,37.080,-15.610,-15.310,244
23533.00,4.4650,-8.1630,3.2080,37.470,-16.520,-15.310,244
23543.00,4.3500,-8.0920,3.2530,38.760,-17.480,-15.410,244
23553.00,4.5460,-8.0750,3.3450,38.990,-18.010,-16.430,244
23563.00,4.5840,-8.1700,3.3510,38.880,-18.940,-17.080,245
23573.00,4.4910,-8.2690,3.3670,38.950,-19.830,-17.640,245
23583.00,4.4690,-8.3150,3.3630,38.310,-19.650,-19.020,245
23593.00,4.4430,-8.3190,3.3600,37.200,-19.440,-20.230,245
23603.00,4.3810,-8.3820,3.3230,36.520,-20.200,-20.790,245
23613.00,4.3400,-8.3610,3.2840,35.980,-21.530,-20.870,246
23623.00,4.5840,-8.4080,3.1860,36.400,-22.300,-21.450,246
23633.00,4.7010,-8.4810,3.1330,37.660,-21.960,-21.730,246
23643.00,4.7210,-8.4770,3.1330,39.570,-20.880,-22.060,246
23653.00,4.7010,-8.3880,3.1940,41.260,-19.510,-22.610,246
23663.00,4.5390,-8.2870,3.2980,42.730,-17.920,-23.360,247
23673.00,4.5230,-8.1720,3.4040,42.870,-16.610,-24.010,247
23683.00,4.3950,-8.1330,3.5250,42.510,-15.540,-24.580,247
23693.00,4.4780,-8.2080,3.5780,41.720,-14.880,-25.300,247
23703.00,4.5670,-8.2560,3.5010,40.000,-15.330,-25.650,247
23713.00,4.8140,-8.2660,3.4340,39.320,-16.170,-25.790,248
23723.00,4.9100,-8.3330,3.4730,40.720,-16.680,-25.600,248
23733.00,5.1150,-8.5480,3.5250,43.820,-15.580,-25.280,248
23743.00,5.3430,-8.5900,3.4860,46.690,-14.420,-25.420,248
23753.00,5.3630,-8.4380,3.6220,49.700,-14.740,-25.490,248
23763.00,5.0930,-7.8520,4.0590,51.190,-15.370,-25.620,249
23773.00,5.0500,-7.6940,4.0630,48.040,-16.310,-26.700,249
23783.00,5.0520,-7.6310,3.8900,43.150,-18.150,-27.610,249
23793.00,5.1510,-7.5440,3.5640,38.010,-20.720,-28.380,249
23803.00,5.2970,-7.5810,3.5850,35.300,-22.980,-28.750,249
23813.00,5.1300,-7.4150,3.4030,34.770,-24.050,-28.710,250
23823.00,5.1060,-7.2170,3.3540,34.120,-24.470,-29.190,250
23833.00,5.1000,-7.1460,3.2660,33.560,-24.620,-29.620,250
23843.00,5.4170,-7.1830,3.2990,33.280,-24.590,-29.310,250
23853.00,5.3550,-7.2250,3.1140,33.160,-24.330,-27.790,250
23863.00,5.3620,-7.2690,2.9850,34.000,-23.360,-26.370,251
23873.00,5.5110,-7.3680,2.9870,36.520,-20.650,-26.320,251
23883.00,5.6500,-7.3970,3.0310,39.320,-18.010,-26.020,251
23893.00,5.6410,-7.4150,3.1110,41.530,-15.980,-25.230,251
23903.00,5.7890,-7.5580,3.3270,43.450,-13.620,-22.380,251
23913.00,5.5510,-7.4520,3.5170,48.890,-14.090,-20.840,252
23923.00,5.4890,-7.3390,3.7380,48.790,-15.330,-19.950,252
23933.00,5.5440,-7.3670,3.7550,46.440,-16.420,-19.630,252
23943.00,5.5440,-7.4640,3.6800,44.120,-17.220,-19.210,252
23953.00,5.7020,-7.5600,3.6390,42.800,-17.240,-19.090,252
23963.00,5.7020,-7.5510,3.5880,42.490,-17.690,-18.900,253
23973.00,5.8700,-7.4530,3.6980,43.140,-18.110,-18.790,253
23983.00,5.8370,-7.3110,3.6920,43.170,-18.640,-18.560,253
23993.00,5.7350,-7.2170,3.7120,43.350,-19.390,-18.440,253
24003.00,5.6960,-7.1060,3.8150,43.980,-19.670,-18.760,253
24013.00,5.5520,-7.0270,3.8620,43.940,-20.040,-18.930,254
24023.00,5.6290,-6.8210,4.0340,42.140,-21.560,-18.900,254
24033.00,4.9970,-6.6870,3.7840,38.970,-24.640,-19.530,254
24043.00,5.7780,-6.9320,3.5060,36.210,-26.160,-22.260,254
24053.00,6.2060,-6.9200,3.5250,40.250,-25.200,-24.710,254
24063.00,6.4720,-6.7510,3.6350,43.010,-22.890,-24.650,255
24073.00,6.3480,-6.9000,3.4700,46.710,-22.800,-24.510,255
24083.00,6.0740,-6.9050,3.7410,51.260,-22.190,-23.900,255
24093.00,5.8860,-6.8680,3.8770,53.130,-20.210,-24.250,255
24103.00,5.5990,-6.7190,4.0820,54.250,-19.790,-24.290,255
24113.00,5.6700,-6.5710,4.4880,53.740,-19.410,-25.160,256
24123.00,6.1200,-6.3070,4.8760,49.190,-17.410,-26.810,256
24133.00,6.1870,-6.2870,4.7300,42.260,-15.610,-28.100,256
24143.00,6.4410,-6.3810,4.7380,38.530,-14.680,-28.780,256
24153.00,6.6230,-6.4370,4.5530,34.120,-13.340,-28.960,256
24163.00,6.2300,-6.5510,4.1240,29.490,-13.440,-27.650,257
24173.00,6.3310,-6.7130,4.0370,29.240,-10.760,-27.890,257
24183.00,7.6090,-5.5210,2.7870,24.390,-0.840,-23.100,257
24193.00,6.2870,-9.1760,1.5760,8.360,94.870,0.430,257
24203.00,4.6360,-6.5620,4.1190,42.840,38.440,-8.620,257
24213.00,3.3360,-5.1630,5.2190,48.530,2.600,-23.590,258
24223.00,4.5700,-6.2020,4.6380,40.880,-24.260,-33.610,258
24233.00,5.7700,-6.9790,4.2690,45.520,-34.770,-36.260,258
24243.00,6.1350,-7.0520,4.1140,47.160,-24.640,-34.420,258
24253.00,6.2350,-7.2860,3.7290,42.770,-15.890,-28.520,258
24264.00,6.1290,-6.9780,4.1160,48.160,-22.700,-24.640,259
24274.00,6.4030,-7.1290,3.8820,48.790,-24.060,-23.220,259
24284.00,6.5570,-7.3080,3.8300,52.150,-19.360,-20.420,259
24294.00,6.1810,-6.9880,4.0280,57.000,-17.060,-17.300,259
24304.00,5.8770,-6.7680,4.2370,58.640,-19.480,-15.430,259
24314.00,5.8480,-6.7750,4.2200,57.800,-21.650,-15.360,260
24324.00,6.0010,-6.9300,3.9290,56.820,-20.880,-14.980,260
24334.00,6.2020,-6.7800,4.0650,62.020,-17.890,-11.760,260
24344.00,6.0690,-6.6650,4.1460,60.970,-17.470,-10.020,260
24354.00,5.9550,-6.5830,4.3720,59.030,-16.840,-10.160,260
24364.00,5.5900,-6.5610,4.3380,55.260,-18.240,-11.420,261
24374.00,5.5030,-6.6710,4.3350,52.310,-21.460,-12.890,261
24384.00,5.3030,-6.6800,4.2180,49.350,-23.540,-13.790,261
24394.00,5.2980,-6.8330,4.1880,45.900,-25.250,-14.430,261
24404.00,5.3380,-6.9950,4.0880,43.990,-28.260,-15.080,261
24414.00,5.4650,-7.2000,4.0830,44.750,-29.300,-16.030,262
24424.00,5.3890,-7.0790,4.3600,46.250,-29.380,-17.580,262
24434.00,5.4230,-6.8350,4.5170,46.040,-32.460,-20.350,262
24444.00,5.6680,-6.7470,4.3780,42.940,-35.490,-22.030,262
24454.00,5.9030,-6.8410,4.1080,39.740,-34.880,-22.760,262
24464.00,5.8080,-6.7460,3.9170,38.690,-34.480,-22.830,263
24474.00,6.2300,-7.0260,3.7260,34.560,-27.670,-24.410,263
24484.00,6.4160,-7.1850,3.6400,34.930,-24.050,-24.550,263
24494.00,6.5800,-7.6160,3.4740,36.400,-17.480,-24.130,263
24504.00,6.4920,-7.7270,3.4220,40.040,-13.670,-24.320,263
24514.00,6.3300,-7.6410,3.4870,43.120,-13.580,-24.850,264
24524.00,5.9010,-7.2800,3.7220,43.610,-16.400,-24.950,264
24534.00,5.8940,-7.2280,3.5230,41.260,-19.080,-24.360,264
24544.00,5.6660,-7.1780,3.5680,40.140,-20.370,-23.250,264
24554.00,6.0190,-7.3260,3.4020,38.110,-19.300,-22.710,264
24564.00,6.1980,-7.4220,3.1920,39.150,-19.900,-21.210,265
24574.00,6.2830,-7.3950,3.1310,43.850,-22.190,-19.250,265
24584.00,6.4720,-7.0210,3.2910,48.190,-21.020,-16.430,265
24594.00,7.9940,-5.9110,3.3370,40.300,0.900,-4.060,265
24604.00,5.6730,-9.1210,2.0910,34.230,52.160,9.060,265
24614.00,4.4110,-5.9270,5.1270,53.370,2.390,-9.130,266
24624.00,4.6910,-6.5510,4.0600,39.150,-8.930,-13.170,266
24634.00,5.2480,-6.8490,3.6520,39.500,-21.040,-13.100,266
24644.00,5.5480,-6.8810,3.6650,44.870,-25.530,-13.930,266
24654.00,5.7750,-6.8980,3.7350,47.140,-27.970,-14.500,266
24664.00,6.0260,-7.0730,3.5670,47.060,-30.700,-13.680,267
24674.00,6.0980,-7.2080,3.5150,51.410,-29.560,-12.960,267
24684.00,5.8490,-6.8800,3.9300,59.690,-28.930,-12.910,267
24694.00,5.7670,-6.5890,4.5450,64.080,-30.940,-13.450,267
24704.00,5.7940,-6.5930,4.4850,62.330,-35.260,-14.380,267
24714.00,5.9800,-6.6280,4.5820,61.950,-36.540,-16.240,268
24724.00,6.2180,-6.6550,4.5690,60.390,-34.340,-17.710,268
24734.00,6.3870,-6.7340,4.4200,58.820,-31.330,-17.650,268
24744.00,6.3900,-6.4790,4.6400,59.270,-30.140,-16.990,268
24754.00,6.4110,-6.5470,4.4870,52.480,-29.520,-18.770,268
24764.00,6.5010,-6.6710,4.4360,52.220,-30.610,-20.470,269
24774.00,6.4940,-6.6440,4.4560,51.450,-30.870,-21.520,269
24784.00,6.4780,-6.5990,4.3940,47.760,-29.940,-21.910,269
24794.00,6.3610,-6.6790,4.1770,43.080,-27.980,-21.630,269
24804.00,6.2470,-6.7690,4.1590,42.240,-27.580,-22.940,269
24814.00,6.4110,-6.5130,4.2260,39.740,-29.700,-24.550,270
24824.00,6.6750,-6.6810,3.9430,33.280,-25.640,-25.040,270
24834.00,7.1530,-6.5270,3.7560,30.800,-23.840,-25.950,270
24844.00,6.7760,-6.3860,3.6230,31.150,-23.960,-26.540,270
24854.00,6.4920,-6.0250,4.0860,31.830,-22.750,-28.010,270
24864.00,7.0690,-6.1470,3.7240,26.510,-21.260,-30.380,271
24874.00,7.2640,-6.3290,3.4160,27.050,-19.200,-30.460,271
24884.00,7.2450,-6.2050,3.5790,33.160,-17.080,-29.380,271
24894.00,6.9410,-5.8730,3.9720,35.750,-12.530,-27.510,271
24904.00,7.2350,-5.6230,4.1070,33.480,-8.470,-26.740,271
24914.00,8.0530,-5.6150,3.3350,23.220,11.770,-17.480,272
24924.00,6.7930,-7.3440,3.6160,30.820,33.890,-12.810,272
24934.00,6.0630,-5.2450,4.7460,44.060,10.440,-20.440,272
24944.00,6.1950,-5.4580,4.9620,31.390,0.000,-25.580,272
24954.00,6.4510,-5.6840,4.3100,23.990,-3.170,-27.790,272
24964.00,6.5020,-5.7170,4.0120,22.560,-7.930,-27.650,273
24974.00,6.7770,-5.9900,3.6830,23.100,-4.550,-28.350,273
24984.00,7.0440,-5.9380,3.6650,26.180,-0.050,-27.910,273
24994.00,7.1820,-5.9880,3.4070,27.390,3.580,-26.490,273
25004.00,6.9770,-5.8630,3.6410,32.580,7.080,-24.860,273
25014.00,6.5680,-5.6170,3.6900,35.910,8.020,-23.710,274
25024.00,6.2590,-5.3210,4.0100,38.320,5.360,-24.320,274
25034.00,6.5640,-5.4380,4.2480,37.620,3.170,-26.490,274
25044.00,6.7870,-5.8700,4.0910,30.850,2.740,-29.590,274
25054.00,6.9870,-6.0140,4.1510,33.460,0.850,-29.800,274
25064.00,7.0600,-5.9190,4.2850,35.440,-0.600,-28.730,275
25074.00,6.9990,-5.7660,4.3480,35.630,-0.750,-27.630,275
25084.00,7.0740,-5.8220,4.3740,35.660,-0.230,-27.400,275
25094.00,7.0870,-6.2010,4.1670,35.190,1.350,-27.380,275
25104.00,7.3800,-6.2410,4.1510,34.230,1.070,-28.120,275
25114.00,7.5120,-6.7750,3.6280,31.010,6.670,-25.690,276
25124.00,7.3250,-7.0030,3.5850,35.420,11.030,-22.870,276
25134.00,7.0600,-6.9290,3.7480,40.230,9.610,-22.400,276
25144.00,6.9090,-6.9570,3.5970,41.630,6.760,-22.190,276
25154.00,6.3010,-6.8320,3.7390,43.330,6.030,-20.630,276
25164.00,6.3240,-6.5390,4.3310,40.760,5.430,-19.140,277
25174.00,6.4330,-7.0910,3.0850,29.150,4.770,-17.360,277
25184.00,6.6990,-8.0210,3.0740,34.460,-2.590,-12.350,277
25194.00,6.2580,-7.6040,3.1450,40.790,-9.170,-9.460,277
25204.00,6.3070,-7.2130,3.5120,44.780,-11.150,-4.930,277
25214.00,5.1510,-7.3200,2.9510,45.800,-13.720,-1.050,278
25224.00,5.8440,-7.1560,3.4810,47.690,-16.850,0.400,278
25234.00,5.2550,-7.4770,2.8070,45.380,-16.910,1.990,278
25244.00,5.4810,-7.4060,2.9700,49.940,-18.640,3.880,278
25254.00,5.4650,-7.3900,3.0990,51.690,-17.010,5.840,278
25264.00,5.5720,-7.4810,3.1570,51.290,-12.880,8.640,279
25274.00,5.2700,-7.2690,3.4550,52.570,-12.900,11.140,279
25285.00,5.0870,-7.2800,3.6310,53.550,-15.790,12.100,279
25295.00,4.9680,-7.5600,3.6720,54.980,-19.370,12.120,279
25305.00,4.5350,-7.6570,3.6680,58.240,-22.750,11.890,279
25315.00,4.4610,-7.6830,3.7310,61.140,-26.670,10.580,280
25325.00,5.2130,-7.7200,3.9310,58.850,-24.450,10.180,280
25335.00,4.6560,-7.9530,3.5580,55.630,-18.080,10.620,280
25345.00,4.8740,-8.2200,3.6330,56.800,-15.890,10.180,280
25355.00,4.7780,-8.3950,3.4970,57.010,-12.810,10.250,280
25365.00,4.5630,-8.3850,3.5940,59.240,-10.610,11.020,281
25375.00,4.1160,-8.2690,3.9670,61.440,-12.790,11.750,281
25385.00,3.9180,-8.4380,3.9300,59.760,-16.820,11.390,281
25395.00,3.9110,-8.8800,3.9010,60.830,-17.940,10.840,281
25405.00,4.0450,-8.9460,4.0250,67.580,-15.450,9.370,281
25415.00,3.6950,-8.5040,4.5530,75.270,-14.540,8.080,282
25425.00,3.5420,-8.3190,4.6970,77.660,-15.890,6.730,282
25435.00,3.2290,-8.2630,4.5930,79.920,-20.910,5.210,282
25445.00,2.9930,-7.9990,4.9170,82.510,-27.670,2.760,282
25455.00,3.0180,-7.9330,5.0170,79.430,-32.970,1.450,282
25465.00,3.6290,-8.1320,4.7650,77.100,-39.500,-0.210,283
25475.00,3.6510,-8.0140,4.6930,78.780,-42.700,-0.660,283
25485.00,3.5470,-7.8900,4.7310,80.660,-46.600,-0.400,283
25495.00,3.3470,-7.9380,4.6910,81.180,-48.550,-1.380,283
25505.00,3.5070,-7.9270,4.7680,81.900,-50.310,-2.950,283
25515.00,3.6990,-7.9080,4.7850,81.530,-51.680,-4.230,284
25525.00,3.7930,-7.9520,4.7760,81.900,-52.920,-5.070,284
25535.00,3.8940,-7.9220,4.9850,83.400,-53.950,-5.540,284
25545.00,3.7560,-7.7650,5.1820,83.960,-54.430,-5.890,284
25555.00,3.6500,-7.5450,5.2570,83.530,-55.130,-6.400,284
25565.00,3.5160,-7.4390,5.3320,80.110,-56.810,-6.860,285
25575.00,3.4870,-7.5230,5.4220,76.020,-58.030,-7.730,285
25585.00,3.3140,-7.6760,5.3950,70.650,-57.540,-9.830,285
25595.00,3.8470,-7.5520,4.7730,65.890,-56.470,-12.090,285
25605.00,3.8950,-7.2920,5.1200,73.800,-60.270,-9.500,285
25615.00,3.9300,-7.1460,5.1330,71.220,-59.450,-10.180,286
25625.00,4.1800,-7.0940,4.9830,69.580,-59.290,-10.130,286
25635.00,4.1350,-7.0810,5.2530,70.490,-60.740,-9.310,286
25645.00,4.0940,-7.1480,5.0010,66.740,-58.680,-10.480,286
25655.00,4.3170,-7.0760,5.0210,63.630,-58.500,-10.360,286
25665.00,4.3580,-7.2680,4.6100,60.950,-58.310,-10.180,287
25675.00,4.1870,-7.2880,4.6920,62.460,-58.630,-8.890,287
25685.00,4.3800,-7.1340,4.7760,62.960,-56.020,-9.150,287
25695.00,4.5170,-7.0570,4.6520,61.070,-55.230,-8.340,287
25705.00,4.4490,-7.0890,4.6850,60.640,-55.810,-6.400,287
25715.00,4.3960,-7.2090,4.5710,58.780,-53.940,-6.000,288
25725.00,4.5410,-7.4100,4.4610,57.140,-51.470,-5.530,288
25735.00,4.7720,-7.5570,4.1980,57.630,-50.030,-4.180,288
25745.00,5.2720,-7.2960,4.2930,61.140,-48.580,0.450,288
25755.00,5.2180,-7.2130,4.3390,62.790,-47.370,2.620,288
25765.00,5.2450,-7.2020,4.4920,63.910,-44.870,4.050,289
25775.00,5.2230,-7.2760,4.6060,63.820,-41.250,5.100,289
25785.00,5.7540,-7.7370,4.6480,62.190,-39.500,6.260,289
25795.00,6.9590,-8.5080,4.9390,63.310,-36.860,8.170,289
25805.00,8.5360,-9.8960,4.2400,67.920,-31.130,10.250,289
25815.00,8.0030,-10.1160,4.7420,79.260,-28.210,12.420,290
25825.00,8.3460,-9.0900,5.4360,79.290,-17.940,6.640,290
25835.00,8.4100,-6.8940,6.1900,67.880,-18.600,3.930,290
25845.00,6.6140,-5.7390,6.3380,55.630,-23.850,4.880,290
25855.00,6.0100,-5.5210,6.0450,42.190,-29.820,3.200,290
25865.00,5.9170,-5.7790,4.7620,26.700,-33.930,-2.880,291
25875.00,6.2940,-5.9560,4.0060,20.740,-36.140,-9.390,291
25885.00,6.9760,-5.8740,3.1710,22.010,-34.620,-11.370,291
25895.00,7.2110,-5.7820,3.2010,38.430,-33.020,-9.150,291
25905.00,6.9730,-5.8770,3.1700,47.390,-31.100,-6.470,291
25915.00,6.8050,-5.7790,3.5380,53.810,-30.850,-4.070,292
25925.00,6.8910,-5.6410,3.8850,57.350,-29.440,-2.480,292
25935.00,6.8850,-5.6430,4.1850,58.330,-29.910,0.340,292
25945.00,7.3010,-5.7770,4.4850,56.720,-31.410,2.810,292
25955.00,6.8250,-6.1590,3.8710,52.900,-33.250,5.540,292
25965.00,6.2900,-6.4410,3.7530,54.650,-34.930,7.200,293
25975.00,6.1740,-6.3500,4.0780,56.930,-34.930,6.870,293
25985.00,6.0830,-6.2570,4.2730,56.100,-35.740,5.840,293
25995.00,6.2620,-6.3490,4.3420,55.250,-38.640,4.440,293
26005.00,6.5190,-6.4580,4.2500,55.560,-41.280,2.930,293
26015.00,6.6870,-6.4700,4.2140,55.370,-42.700,1.920,294
26025.00,6.6140,-6.2280,4.2340,54.790,-42.540,1.080,294
26035.00,6.5000,-5.9970,4.1490,52.110,-38.970,-1.120,294
26045.00,6.3790,-5.7200,4.0270,49.280,-37.210,-2.570,294
26055.00,6.2460,-5.7330,3.8220,45.570,-36.260,-3.710,294
26065.00,6.1170,-5.8940,3.7000,43.080,-36.020,-4.600,295
26075.00,6.0460,-6.0560,3.5290,41.610,-35.950,-5.600,295
26085.00,6.0630,-6.0590,3.4440,41.650,-35.370,-6.560,295
26095.00,6.0460,-6.0860,3.4220,42.650,-34.480,-7.280,295
26105.00,6.0430,-6.0430,3.4330,44.080,-34.340,-7.570,295
26115.00,6.0930,-6.1310,3.5370,45.270,-34.250,-8.060,296
26125.00,6.3000,-6.3090,3.4750,45.800,-33.430,-8.410,296
26135.00,6.5570,-6.6650,3.3540,47.070,-32.180,-8.850,296
26145.00,6.5680,-6.9020,3.3170,49.660,-31.620,-8.960,296
26155.00,6.4090,-7.0940,3.2980,50.980,-31.920,-8.520,296
26165.00,6.3320,-7.2510,3.5120,52.570,-32.600,-7.820,297
26175.00,6.5770,-7.4390,3.5920,54.900,-32.660,-7.640,297
26185.00,6.7290,-7.5510,3.6470,56.380,-31.960,-7.770,297
26195.00,6.7140,-7.6110,3.6640,58.480,-31.570,-7.680,297
26205.00,6.5560,-7.6340,3.7110,59.920,-31.480,-7.350,297
26215.00,6.4370,-7.7240,3.8660,60.460,-31.780,-6.820,298
26225.00,6.6770,-8.1370,3.8700,61.650,-30.590,-6.190,298
26235.00,6.8970,-8.4330,3.6090,62.400,-29.820,-5.600,298
26246.00,6.6220,-8.2820,3.4300,63.310,-30.890,-5.020,298
26255.00,5.8680,-7.6360,3.3790,62.260,-34.480,-4.320,298
26265.00,5.2060,-7.0200,3.4390,57.820,-39.380,-3.720,299
26275.00,5.0580,-6.7050,3.2420,50.120,-43.820,-3.430,299
26285.00,5.2240,-6.7570,2.7570,43.330,-46.550,-3.180,299
26295.00,5.4660,-6.8180,2.3170,41.630,-47.530,-2.670,299
26305.00,5.6380,-6.8850,2.0980,45.180,-46.290,-2.310,299
26316.00,5.8260,-6.9100,2.1290,60.480,-39.520,-1.680,300
26326.00,5.8750,-6.8300,2.4460,70.470,-36.610,-0.660,300
26336.00,5.8490,-6.7100,2.9000,78.920,-33.930,0.360,300
26346.00,5.8980,-6.6790,3.4380,84.400,-32.360,1.010,300
26356.00,6.0040,-6.7110,3.8790,86.820,-31.690,0.970,300
26366.00,6.1550,-6.7630,4.1470,85.780,-31.120,0.010,301
26376.00,6.3070,-6.7820,4.2980,81.670,-30.590,-1.960,301
26386.00,6.4780,-6.8250,4.3720,75.110,-30.050,-4.280,301
26396.00,6.4880,-6.8740,4.2690,68.740,-28.260,-6.860,301
26406.00,6.5120,-6.9490,4.1790,64.070,-25.690,-9.460,301
26416.00,6.5730,-6.9940,4.0650,60.010,-23.430,-11.560,302
26426.00,6.5140,-7.0060,3.8900,56.940,-21.050,-13.210,302
26436.00,6.3450,-7.0070,3.7950,56.000,-18.410,-14.560,302
26446.00,6.1140,-7.0000,3.7180,56.160,-16.030,-15.360,302
26456.00,5.9660,-6.9880,3.5420,56.070,-11.870,-15.940,302
26466.00,5.9500,-6.9890,3.5090,56.420,-9.590,-15.640,303
26476.00,5.8640,-6.9320,3.5190,57.030,-7.700,-15.010,303
26486.00,5.7570,-6.8360,3.6200,57.380,-6.180,-14.400,303
26496.00,5.7460,-6.8140,3.7200,57.490,-5.010,-14.490,303
26506.00,5.7720,-6.9060,3.7800,58.100,-3.830,-14.800,303
26516.00,5.7900,-7.0140,3.8060,58.130,-2.290,-14.780,304
26526.00,5.7900,-7.0520,3.7970,56.890,-0.700,-14.700,304
26536.00,5.8000,-7.0430,3.7500,56.490,1.620,-14.660,304
26546.00,5.7360,-6.9220,3.8820,56.960,3.700,-15.100,304
26556.00,5.6760,-6.7220,3.9860,56.240,4.850,-16.040,304
26566.00,5.6670,-6.7070,3.9480,54.390,6.080,-16.800,305
26576.00,5.6820,-6.7450,3.9130,53.230,7.250,-17.230,305
26586.00,5.6570,-6.7600,3.9000,53.160,8.070,-17.200,305
26596.00,5.4260,-6.5380,3.9630,55.050,10.160,-16.060,305
26606.00,5.2410,-6.4040,4.0470,56.050,10.800,-15.570,305
26616.00,5.1240,-6.3340,4.0340,56.160,11.450,-15.520,306
26626.00,5.0880,-6.3400,3.9320,55.540,12.200,-16.030,306
26636.00,5.0580,-6.3550,3.8060,54.910,12.470,-16.430,306
26646.00,4.9980,-6.2500,3.6310,55.210,12.470,-16.060,306
26656.00,4.8470,-6.0610,3.5500,56.210,12.550,-15.310,306
26666.00,4.6810,-5.8480,3.5310,57.330,12.710,-14.700,307
26676.00,4.4560,-5.5330,3.5410,57.660,12.590,-14.400,307
26686.00,4.1910,-5.2070,3.5110,57.030,12.260,-14.120,307
26696.00,3.9360,-4.8630,3.4630,55.720,11.450,-13.890,307
26706.00,3.6590,-4.5630,3.3890,54.070,10.490,-13.610,307
26716.00,3.3640,-4.2250,3.2200,53.080,10.330,-13.400,308
26726.00,3.0670,-3.8650,2.9570,52.850,10.310,-12.880,308
26736.00,2.2940,-3.0380,2.7180,53.990,9.510,-11.740,308
26746.00,1.9190,-2.4920,2.5800,53.780,8.480,-11.250,308
26756.00,1.6400,-2.1160,2.3590,52.740,6.810,-11.020,308
26766.00,1.3960,-1.8790,2.1850,52.380,5.430,-11.490,309
26776.00,1.2150,-1.7970,2.0750,52.170,3.540,-12.880,309
26786.00,1.1500,-1.6590,2.1290,51.380,2.050,-14.010,309
26796.00,1.4450,-1.8160,2.3770,45.480,0.000,-14.450,309
26806.00,1.7270,-2.2570,2.5550,39.020,-3.730,-13.840,309
26816.00,1.9780,-2.4190,3.0070,38.220,-6.070,-12.000,310
26826.00,2.0540,-2.4450,3.4760,40.560,-4.410,-11.110,310
26836.00,1.1440,-2.0910,3.3810,41.650,-3.680,-8.400,310
26846.00,0.6670,-1.2780,3.4030,40.410,-6.910,-6.790,310
26856.00,0.9340,-1.0880,3.3450,37.470,-7.610,-8.990,310
26866.00,2.0290,-1.3830,3.5100,34.040,-6.530,-10.830,311
26876.00,3.6470,-3.5220,2.8460,31.180,-5.090,-7.450,311
26886.00,3.0800,-4.8020,2.6730,30.540,-15.790,-1.480,311
26896.00,2.8210,-5.3040,2.9060,29.870,-21.110,1.250,311
26906.00,2.8790,-5.3270,3.2910,30.150,-23.280,1.800,311
26916.00,3.0680,-5.0890,4.0160,37.150,-23.430,2.920,312
26926.00,2.9730,-5.0330,4.8780,45.660,-19.900,1.500,312
26936.00,2.6040,-5.0780,5.4830,47.070,-16.890,-1.360,312
26946.00,2.4630,-5.1880,5.5700,40.550,-20.760,-3.620,312
26956.00,2.7660,-5.4990,5.0440,30.480,-26.620,-6.820,312
26966.00,3.3950,-5.9980,4.3450,23.270,-27.630,-11.770,313
26976.00,4.2530,-6.6100,3.9120,22.540,-25.480,-14.470,313
26986.00,5.0720,-7.2350,3.8970,27.070,-21.140,-12.930,313
26996.00,5.3450,-7.5390,4.4350,33.830,-18.530,-8.660,313
27006.00,5.2290,-7.5720,5.4240,39.060,-19.970,-3.990,313
27016.00,4.9550,-7.7990,6.5340,39.710,-22.030,-1.620,314
27026.00,4.7270,-7.7800,6.8670,33.720,-22.730,-4.000,314
27036.00,4.5910,-7.9440,6.4390,26.560,-24.360,-6.120,314
27046.00,4.7880,-8.2710,5.6980,23.520,-26.500,-8.590,314
27056.00,5.1120,-8.5120,5.1180,25.970,-28.210,-10.480,314
27066.00,5.4420,-8.7180,4.8680,31.550,-27.740,-11.510,315
27076.00,5.6390,-8.7930,5.1190,38.010,-27.270,-10.760,315
27086.00,5.7480,-8.9800,5.6570,44.170,-26.160,-8.330,315
27096.00,5.7520,-9.3110,6.4760,49.860,-23.990,-5.210,315
27106.00,5.3450,-9.2120,7.4330,51.590,-23.000,-1.780,315
27116.00,4.9980,-8.9380,8.1700,44.940,-24.570,0.200,316
27126.00,5.0950,-9.0140,8.2430,34.820,-24.540,-1.500,316
27136.00,5.6310,-9.4160,7.9500,28.680,-19.760,-7.100,316
27146.00,6.1440,-9.6320,7.8280,28.280,-15.800,-10.920,316
27156.00,6.0400,-9.5760,7.5800,29.990,-15.330,-11.480,316
27166.00,5.2190,-9.5530,6.9240,31.830,-15.310,-13.230,317
27176.00,5.3390,-9.6620,6.5280,35.400,-11.620,-15.760,317
27186.00,5.3460,-9.5170,6.5490,40.130,-8.610,-17.320,317
27196.00,5.1880,-9.0400,6.7030,41.190,-8.890,-17.150,317
27206.00,5.0420,-8.8910,6.6970,38.430,-10.100,-17.090,317
27216.00,5.0750,-8.9870,6.6530,36.330,-11.620,-16.670,318
27226.00,5.3200,-8.9250,6.5580,37.030,-11.430,-16.520,318
27236.00,5.4040,-8.6900,6.5890,37.890,-11.200,-17.130,318
27246.00,5.2680,-8.2750,7.0340,36.980,-11.110,-17.780,318
27256.00,5.2170,-8.0530,7.0970,32.550,-12.650,-18.910,318
27266.00,5.4970,-8.1820,6.7770,27.860,-12.500,-21.150,319
27276.00,5.6380,-8.1890,6.6520,26.720,-11.620,-22.080,319
27286.00,5.6490,-8.2510,6.5560,28.790,-11.110,-21.170,319
27296.00,5.4640,-8.2820,6.6900,32.410,-9.520,-19.230,319
27306.00,5.1510,-8.2460,6.8620,35.820,-6.910,-16.450,319
27316.00,5.0410,-8.3550,7.0710,35.190,-5.440,-16.060,320
27326.00,5.0470,-8.5080,6.9840,32.880,-3.620,-16.320,320
27337.00,5.0690,-8.5600,7.0140,33.180,-2.560,-16.390,320
27347.00,4.9690,-8.4750,7.1480,34.390,-3.360,-16.150,320
27357.00,4.9770,-8.3240,7.1820,35.720,-5.150,-16.880,320
27367.00,5.2390,-8.0260,7.1820,37.240,-6.440,-18.760,321
27377.00,5.3610,-7.9710,6.9350,36.820,-9.680,-19.700,321
27387.00,5.4640,-8.1580,6.7920,36.680,-10.800,-21.080,321
27397.00,5.7820,-8.6030,6.9110,39.270,-11.080,-20.580,321
27407.00,5.7960,-9.1420,6.9000,44.710,-11.730,-17.900,321
27417.00,5.4490,-9.2820,7.3040,48.770,-13.830,-14.920,322
27427.00,5.2040,-9.2370,7.7140,48.720,-15.580,-13.940,322
27437.00,5.2400,-9.2440,7.8840,45.870,-17.150,-14.940,322
27447.00,6.0290,-9.8160,7.5910,41.020,-18.990,-19.260,322
27457.00,6.5610,-10.0510,7.6250,41.600,-18.780,-19.740,322
27467.00,6.8170,-10.3260,7.7740,42.000,-19.390,-18.560,323
27477.00,6.8780,-10.6450,7.9660,43.170,-19.740,-17.270,323
27487.00,6.8510,-10.9000,8.1600,43.260,-21.820,-15.550,323
27497.00,6.9340,-11.4220,8.0990,41.680,-24.100,-14.540,323
27507.00,6.9710,-11.8580,8.1030,40.860,-25.080,-13.980,323
27517.00,6.9790,-12.2020,8.0920,40.370,-26.200,-13.300,324
27527.00,6.8230,-12.2950,8.2210,39.430,-27.020,-13.240,324
27537.00,6.8380,-12.3720,8.2810,36.570,-27.880,-14.360,324
27547.00,6.8740,-12.4610,8.1940,33.460,-28.650,-16.030,324
27557.00,6.9510,-12.5370,8.0450,30.190,-28.040,-18.370,324
27567.00,7.0970,-12.4780,8.0150,27.670,-27.410,-20.700,325
27577.00,7.1970,-12.4480,7.9250,25.720,-27.350,-22.520,325
27587.00,7.2800,-12.2160,7.7060,23.800,-28.490,-25.200,325
27597.00,7.4240,-12.0150,7.7860,24.040,-29.470,-25.930,325
27607.00,7.4780,-11.9820,7.7700,24.660,-32.390,-25.020,325
27617.00,7.4750,-11.9580,7.7940,25.920,-32.310,-25.300,326
27627.00,7.3110,-11.6840,8.0240,27.250,-31.820,-25.480,326
27637.00,7.0420,-11.4620,8.1240,26.320,-32.730,-25.530,326
27647.00,6.8910,-11.1750,8.1970,22.780,-34.040,-26.300,326
27657.00,6.8270,-11.0700,8.0540,17.990,-34.900,-27.700,326
27667.00,6.8820,-10.9020,7.7970,14.160,-34.970,-29.520,327
27677.00,6.9810,-10.7000,7.6210,11.480,-35.210,-31.040,327
27687.00,7.1150,-10.6320,7.3390,10.530,-35.820,-31.690,327
27697.00,7.0020,-10.4780,7.2370,10.950,-36.510,-31.690,327
27707.00,6.8180,-10.4530,7.0700,10.970,-37.150,-31.130,327
27717.00,6.7320,-10.4270,6.8480,11.900,-37.780,-30.660,328
27727.00,6.3660,-9.9200,7.1100,16.850,-38.270,-29.690,328
27737.00,5.8450,-9.4740,7.2710,12.580,-40.340,-30.410,328
27747.00,5.8690,-9.2660,6.8240,3.480,-40.340,-33.720,328
27757.00,6.3150,-9.5370,6.1040,-0.830,-40.690,-35.140,328
27767.00,6.6180,-9.6040,5.7670,1.290,-39.920,-34.470,329
27777.00,6.6970,-9.3420,5.7490,4.640,-39.380,-33.110,329
27787.00,6.8020,-9.1440,5.7820,7.030,-38.450,-32.510,329
27797.00,6.8170,-9.1010,5.6900,10.030,-36.170,-32.210,329
27807.00,6.7930,-9.1690,5.5640,13.600,-33.090,-31.640,329
27817.00,6.5930,-9.1580,5.4320,17.940,-29.310,-30.850,330
27827.00,6.3370,-8.7810,5.2630,22.120,-25.900,-30.290,330
27837.00,5.9070,-8.2690,5.1840,24.250,-23.840,-30.690,330
27847.00,5.5540,-7.9700,5.0230,25.020,-22.100,-32.180,330
27857.00,5.3740,-7.7130,4.8250,25.650,-21.120,-35.170,330
27867.00,5.3250,-7.3720,3.7950,20.510,-24.680,-37.480,331
27877.00,5.6850,-7.6700,3.0680,12.510,-33.410,-39.700,331
27887.00,6.1540,-7.9400,2.7080,17.660,-35.530,-37.900,331
27897.00,6.3580,-8.0820,2.4040,22.080,-36.650,-34.790,331
27907.00,6.5400,-7.8890,2.3900,27.090,-36.240,-31.480,331
27917.00,6.4970,-7.6030,2.2640,29.420,-34.200,-29.360,332
27927.00,6.2060,-7.2550,2.1510,29.870,-32.380,-27.330,332
27937.00,5.8580,-6.7530,2.1540,26.910,-32.270,-25.970,332
27947.00,5.5830,-6.4900,2.2080,20.050,-30.680,-25.650,332
27957.00,5.1070,-6.3940,2.2260,14.860,-28.420,-26.280,332
27967.00,4.9300,-6.3800,2.0380,8.520,-29.590,-28.350,333
27977.00,5.1070,-6.5260,1.3570,-1.430,-35.230,-29.610,333
27987.00,5.3520,-6.5380,0.8080,-10.910,-43.440,-29.200,333
27997.00,5.4970,-6.6340,0.4170,-21.430,-51.220,-29.310,333
28007.00,5.2250,-6.2970,-0.1720,-23.740,-51.350,-28.750,333
28017.00,5.6320,-7.1220,-0.3230,-9.630,-40.360,-30.590,334
28027.00,5.4460,-7.0060,-0.4210,-2.340,-38.410,-30.940,334
28037.00,5.2640,-6.2300,-0.4230,6.930,-37.120,-30.830,334
28047.00,4.9170,-5.7630,0.2260,14.170,-36.890,-30.670,334
28057.00,4.5970,-5.4410,0.9470,20.810,-34.740,-30.500,334
28067.00,4.3520,-5.2360,1.1770,17.760,-34.370,-31.160,335
28077.00,4.2110,-5.0160,1.1270,8.750,-36.980,-31.370,335
28087.00,4.2710,-4.9140,0.9720,-1.040,-40.220,-31.250,335
28097.00,4.3110,-4.7850,0.8250,-8.690,-42.280,-29.450,335
28107.00,4.2290,-4.6370,0.5080,-14.310,-40.650,-26.950,335
28117.00,4.0010,-4.7130,0.0200,-15.040,-37.940,-25.350,336
28127.00,3.8530,-4.6610,-0.2470,-8.410,-37.940,-24.010,336
28137.00,3.7500,-4.5210,-0.3010,-2.270,-37.500,-22.680,336
28147.00,3.6550,-4.3570,-0.3920,0.860,-36.260,-22.080,336
28157.00,3.6570,-4.1870,-0.5890,12.300,-32.690,-21.280,336
28167.00,3.7340,-4.1920,-0.5560,19.320,-30.750,-20.650,337
28177.00,3.8890,-4.3640,-0.6690,24.950,-27.980,-20.680,337
28187.00,4.0120,-4.5170,-0.5680,31.130,-26.060,-20.350,337
28197.00,3.8670,-4.1930,-0.0050,39.130,-24.400,-18.910,337
28207.00,3.3950,-3.6520,0.4190,46.500,-21.670,-18.180,337
28217.00,2.9390,-3.1350,0.6130,49.140,-19.900,-17.010,338
28227.00,2.8980,-2.9070,0.6960,48.140,-19.040,-16.810,338
28237.00,3.2050,-3.1110,0.5700,43.800,-20.000,-17.160,338
28247.00,3.5530,-3.4990,0.5090,39.550,-22.300,-17.780,338
28257.00,3.7610,-3.8540,0.4370,37.830,-22.840,-18.560,338
28267.00,3.8950,-4.0590,0.4250,39.300,-20.860,-18.930,339
28277.00,3.8970,-4.1630,0.4630,42.210,-18.270,-18.880,339
28287.00,3.8960,-4.1820,0.6310,45.920,-16.240,-18.210,339
28297.00,3.6620,-4.0410,0.9750,49.750,-14.180,-17.690,339
28307.00,3.8170,-4.1700,1.0140,47.810,-14.950,-16.690,339
28317.00,3.9660,-4.4300,0.9110,45.010,-15.930,-16.100,340
28327.00,4.1460,-4.8040,0.7870,42.170,-16.700,-16.410,340
28337.00,4.5110,-5.3100,0.6140,40.160,-17.270,-16.730,340
28347.00,4.8990,-5.8850,0.3800,40.390,-17.640,-16.320,340
28358.00,5.2270,-6.3910,0.1680,43.280,-16.430,-15.900,340
28368.00,5.6210,-6.8350,0.1040,47.350,-14.260,-15.690,341
28378.00,6.0520,-7.1550,0.2040,52.600,-11.530,-15.450,341
28388.00,6.2900,-7.2610,0.3940,59.590,-7.950,-15.540,341
28398.00,6.3960,-7.2560,0.7650,66.170,-4.450,-15.850,341
28408.00,6.3840,-7.2800,1.3550,71.240,-1.520,-15.900,341
28418.00,6.3480,-7.3140,1.8490,72.100,-0.700,-15.920,342
28428.00,6.3170,-7.3170,2.1700,66.970,-2.890,-15.830,342
28438.00,6.3640,-7.4530,2.1790,51.570,-11.810,-13.300,342
28448.00,6.1720,-7.5610,2.0850,45.780,-12.690,-14.940,342
28458.00,6.3840,-7.6550,1.7950,40.760,-12.850,-15.960,342
28468.00,6.2840,-7.6310,1.5990,39.690,-14.840,-15.170,343
28478.00,6.1080,-7.5940,1.4890,40.670,-14.950,-14.450,343
28488.00,6.0440,-7.5580,1.4590,41.390,-13.880,-14.170,343
28498.00,6.0030,-7.4660,1.4300,41.890,-12.830,-14.000,343
28508.00,6.0680,-7.3690,1.3430,42.720,-11.590,-13.840,343
28518.00,6.1430,-7.3160,1.3050,44.550,-10.220,-13.650,344
28528.00,6.1850,-7.2940,1.3720,47.130,-8.720,-13.630,344
28538.00,6.1910,-7.2770,1.4960,48.600,-7.180,-13.700,344
28548.00,6.1610,-7.2920,1.5850,48.670,-5.390,-14.050,344
28558.00,6.1570,-7.3190,1.7090,48.320,-3.960,-14.520,344
28568.00,6.1060,-7.3910,1.8190,47.830,-2.820,-15.080,345
28578.00,6.0590,-7.5490,1.9480,46.410,-2.590,-15.550,345
28588.00,6.0430,-7.5990,1.9600,45.990,-3.340,-15.620,345
28598.00,6.0110,-7.5990,1.9650,45.850,-4.390,-15.620,345
28608.00,5.9350,-7.5730,1.9760,45.520,-5.620,-15.680,345
28618.00,5.8790,-7.5400,1.9760,44.820,-6.900,-15.830,346
28628.00,5.9050,-7.5360,1.9640,44.080,-7.950,-15.940,346
28638.00,5.9470,-7.5490,1.9200,43.680,-8.650,-16.170,346
28648.00,5.9960,-7.5730,1.8600,43.770,-9.220,-16.600,346
28658.00,6.0320,-7.5740,1.8350,44.590,-9.560,-17.040,346
28668.00,6.0330,-7.5690,1.8580,45.710,-9.570,-17.150,347
28678.00,6.0050,-7.5500,1.9100,46.830,-9.590,-16.940,347
28688.00,5.9830,-7.5190,1.9360,46.930,-9.710,-16.800,347
28698.00,6.0320,-7.4830,1.9390,46.370,-10.050,-16.640,347
28708.00,6.1350,-7.4830,1.9150,45.810,-10.590,-16.530,347
28718.00,5.9490,-7.7590,1.7560,45.990,-10.970,-15.800,348
28728.00,5.7550,-7.7990,1.7730,49.230,-10.540,-16.130,348
28738.00,5.6360,-7.6830,1.8460,49.840,-9.960,-17.020,348
28748.00,5.6870,-7.5780,1.9250,49.910,-9.960,-17.810,348
28758.00,5.8300,-7.5430,2.0510,49.450,-10.340,-18.410,348
28768.00,6.0290,-7.5670,2.0510,48.330,-10.780,-18.980,349
28778.00,6.1900,-7.5990,2.0110,47.840,-11.150,-19.790,349
28788.00,6.2570,-7.5560,2.0850,48.580,-11.710,-20.520,349
28798.00,6.2060,-7.5070,2.1850,48.700,-11.990,-20.560,349
28808.00,6.0440,-7.4780,2.2140,47.720,-12.390,-20.100,349
28818.00,5.9720,-7.4570,2.2060,46.640,-12.950,-19.770,350
28828.00,6.0000,-7.4170,2.2100,46.430,-13.210,-19.950,350
28838.00,6.0230,-7.3370,2.2380,46.760,-13.370,-20.190,350
28848.00,5.9410,-7.2760,2.2510,46.690,-14.050,-20.400,350
28858.00,5.9470,-7.2840,2.1450,45.830,-15.050,-20.700,350
28868.00,6.0290,-7.3990,1.9990,43.940,-16.360,-21.190,351
28878.00,6.0640,-7.4940,1.9070,44.340,-16.380,-21.290,351
28888.00,6.0670,-7.5360,1.8650,45.500,-15.890,-21.350,351
28898.00,6.0230,-7.5840,1.8490,46.600,-15.580,-21.080,351
28908.00,6.0590,-7.5730,1.9070,47.860,-15.930,-20.700,351
28918.00,6.0900,-7.5420,1.9600,49.350,-16.380,-20.510,352
28928.00,6.1490,-7.5360,2.0350,50.940,-16.920,-20.370,352
28938.00,6.2030,-7.5380,2.1180,52.460,-17.380,-20.370,352
28948.00,6.1980,-7.4880,2.1830,53.530,-17.620,-20.440,352
28958.00,6.1500,-7.3660,2.2640,53.320,-18.150,-20.770,352
28968.00,6.1350,-7.3050,2.2810,51.820,-18.660,-20.910,353
28978.00,6.1310,-7.2580,2.2820,49.930,-19.150,-20.930,353
28988.00,6.1570,-7.2400,2.2310,47.670,-19.850,-21.010,353
28998.00,6.2320,-7.2700,2.0680,46.430,-20.040,-21.210,353
29008.00,6.2440,-7.3490,2.0070,46.690,-20.020,-20.940,353
29018.00,6.2360,-7.3960,2.0060,47.490,-18.970,-20.660,354
29028.00,6.2420,-7.3920,2.0140,47.950,-18.110,-20.470,354
29038.00,6.2700,-7.3930,2.0380,48.560,-17.620,-20.370,354
29048.00,6.3150,-7.3670,2.0910,49.510,-17.060,-20.510,354
29058.00,6.3010,-7.3120,2.1200,50.310,-16.540,-20.730,354
29068.00,6.2470,-7.2670,2.1430,50.540,-16.450,-21.080,355
29078.00,6.2540,-7.2740,2.1890,50.470,-16.570,-21.610,355
29088.00,6.2870,-7.2840,2.2090,50.120,-16.590,-21.840,355
29098.00,6.3580,-7.3170,2.2130,49.590,-16.310,-21.750,355
29108.00,6.4280,-7.3170,2.2320,49.680,-15.720,-21.780,355
29118.00,6.4390,-7.2630,2.2680,50.190,-15.190,-21.800,356
29128.00,6.4030,-7.1910,2.3620,50.800,-15.070,-21.640,356
29138.00,6.3940,-7.1280,2.4380,50.680,-15.260,-21.330,356
29148.00,6.3870,-7.0570,2.4150,48.320,-15.930,-20.510,356
29158.00,6.4480,-7.0760,2.3650,47.550,-16.240,-20.070,356
29168.00,6.4970,-7.0990,2.2970,47.090,-16.260,-19.670,357
29178.00,6.5240,-7.1120,2.2870,47.140,-16.190,-19.210,357
29188.00,6.5280,-7.1010,2.3300,47.480,-15.840,-18.860,357
29198.00,6.4770,-7.0630,2.3790,47.580,-15.490,-18.550,357
29208.00,6.4630,-7.0610,2.3910,47.140,-15.240,-18.140,357
29218.00,6.4630,-7.0660,2.3980,46.990,-15.310,-17.670,358
29228.00,6.4650,-7.0920,2.4040,46.970,-15.260,-17.440,358
29238.00,6.4480,-7.0690,2.4100,46.650,-15.170,-17.250,358
29248.00,6.4400,-7.0670,2.3950,46.220,-14.930,-17.230,358
29258.00,6.4120,-7.1030,2.3770,46.160,-14.740,-17.180,358
29268.00,6.3800,-7.1010,2.3780,46.320,-14.680,-17.090,359
29278.00,6.3660,-7.0770,2.3560,46.020,-14.770,-17.020,359
29288.00,6.5020,-7.1090,2.4010,46.410,-13.580,-16.320,359
29298.00,6.5270,-7.0730,2.4280,46.740,-12.500,-16.450,359
29308.00,6.5630,-7.0740,2.4470,47.020,-11.480,-16.880,359
29318.00,6.5680,-7.0910,2.5060,47.130,-11.110,-17.340,360
29328.00,6.5250,-7.0930,2.5430,46.670,-11.150,-17.270,360
29338.00,6.4770,-7.0770,2.6040,45.240,-11.340,-16.780,360
29348.00,6.4770,-7.0680,2.5960,43.350,-11.320,-16.740,360
29358.00,6.5240,-7.0580,2.5430,42.100,-10.990,-17.150,360
29368.00,6.5350,-7.0750,2.4920,42.050,-10.590,-17.250,361
29378.00,6.4830,-7.0660,2.4940,42.230,-10.380,-17.020,361
29389.00,6.4130,-7.0600,2.5050,42.100,-10.080,-16.810,361
29399.00,6.3620,-7.0450,2.4960,41.950,-9.520,-16.850,361
29409.00,6.3560,-7.0390,2.4740,42.140,-9.070,-16.970,361
29419.00,6.3480,-7.0510,2.4940,42.540,-9.000,-16.880,362
29429.00,6.3640,-7.0600,2.4950,42.510,-8.630,-16.570,362
29439.00,6.3580,-7.0680,2.5200,42.280,-8.070,-16.460,362
29449.00,6.3720,-7.0690,2.5590,42.090,-7.470,-16.340,362
29459.00,6.3970,-7.0890,2.5970,41.740,-7.260,-16.340,362
29469.00,6.3960,-7.1070,2.6030,41.390,-7.420,-16.620,363
29479.00,6.3850,-7.1380,2.6210,41.110,-7.700,-16.850,363
29489.00,6.3440,-7.1270,2.6210,40.580,-7.960,-16.900,363
29499.00,6.3300,-7.1700,2.5860,39.640,-8.070,-17.020,363
29509.00,6.3680,-7.2010,2.5380,39.160,-7.820,-17.130,363
29519.00,6.4070,-7.1960,2.4940,38.870,-7.880,-17.200,364
29529.00,6.4400,-7.1880,2.4620,39.440,-7.930,-17.370,364
29539.00,6.4300,-7.1580,2.4550,40.350,-7.980,-17.390,364
29549.00,6.3760,-7.1420,2.4670,41.120,-7.820,-17.270,364
29559.00,6.3140,-7.1520,2.4610,41.560,-7.510,-17.160,364
29569.00,6.3250,-7.1210,2.5040,42.190,-7.230,-17.130,365
29579.00,6.3600,-7.1130,2.5240,42.650,-6.700,-17.230,365
29589.00,6.3570,-7.1240,2.5650,43.430,-6.230,-17.250,365
29599.00,6.2780,-7.1170,2.5900,44.190,-6.130,-16.880,365
29609.00,6.2090,-7.0830,2.6360,44.220,-6.700,-16.460,365
29619.00,6.2050,-7.0460,2.6450,43.540,-7.610,-16.110,366
29629.00,6.2400,-7.0730,2.6260,43.080,-8.370,-16.010,366
29639.00,6.2750,-7.1180,2.5480,43.400,-8.910,-16.010,366
29649.00,6.3180,-7.1070,2.5190,44.360,-9.430,-15.750,366
29659.00,6.3380,-7.0620,2.5020,45.460,-9.750,-15.260,366
29669.00,6.3390,-7.0120,2.5120,46.990,-9.850,-14.870,367
29679.00,6.3840,-7.0020,2.5330,48.470,-9.980,-14.630,367
29689.00,6.4460,-7.0100,2.5470,49.720,-9.980,-14.450,367
29699.00,6.4900,-7.0250,2.5730,51.150,-9.770,-13.940,367
29709.00,6.5370,-7.0020,2.7130,52.780,-8.910,-12.750,367
29719.00,6.5380,-6.9520,2.7990,55.470,-8.490,-12.510,368
29729.00,6.5060,-6.9430,2.8640,56.190,-8.380,-12.300,368
29739.00,6.4740,-6.9370,2.8940,56.400,-8.680,-11.830,368
29749.00,6.4550,-6.9720,2.8920,55.810,-9.050,-11.560,368
29759.00,6.4350,-6.9670,2.8570,54.980,-9.630,-11.460,368
29769.00,6.4090,-6.9700,2.8130,54.060,-10.310,-11.420,369
29779.00,6.3860,-6.9970,2.7400,53.370,-10.710,-11.270,369
29789.00,6.3940,-7.0440,2.7010,53.250,-11.080,-11.200,369
29799.00,6.4070,-7.0850,2.6590,53.650,-11.710,-11.160,369
29809.00,6.3920,-7.1190,2.6640,54.390,-12.430,-10.790,369
29819.00,6.4060,-7.0930,2.6410,55.260,-13.160,-10.600,370
29829.00,6.5100,-7.0740,2.6140,56.330,-13.230,-10.830,370
29839.00,6.6550,-7.1010,2.7030,57.840,-12.580,-11.140,370
29849.00,6.8260,-7.1160,2.8740,59.600,-11.320,-11.280,370
29859.00,6.8250,-7.1170,3.1250,64.890,-9.070,-11.160,370
29869.00,6.7220,-7.0820,3.3140,65.690,-8.770,-10.500,371
29879.00,6.6220,-7.0430,3.4200,63.400,-8.980,-9.780,371
29889.00,6.5850,-6.9960,3.4380,60.160,-9.630,-9.430,371
29899.00,6.5890,-6.9060,3.4200,57.330,-10.800,-9.480,371
29909.00,6.5520,-6.8290,3.3420,54.420,-12.200,-9.380,371
29919.00,6.5070,-6.8290,3.2110,51.710,-13.210,-8.870,372
29929.00,6.4630,-6.8690,3.0600,49.350,-13.720,-8.330,372
29939.00,6.4280,-6.9290,2.8740,47.630,-13.910,-7.910,372
29949.00,6.3800,-7.0140,2.7370,47.140,-13.950,-7.660,372
29959.00,6.3330,-7.0490,2.6460,47.980,-13.580,-7.500,372
29969.00,6.3090,-7.0600,2.6280,49.650,-12.760,-7.640,373
29979.00,6.3020,-6.9960,2.6540,51.520,-11.660,-7.570,373
29989.00,6.2940,-6.9340,2.8070,53.080,-10.610,-7.570,373
29999.00,6.3740,-6.8650,2.8490,54.480,-8.560,-7.660,373
30009.00,6.3170,-6.8730,2.9300,55.460,-8.210,-7.290,373
30019.00,6.2440,-6.8360,3.0300,55.820,-7.420,-7.240,374
30029.00,6.2300,-6.8070,3.0800,55.070,-6.970,-7.610,374
30039.00,6.1870,-6.7880,3.0730,53.720,-6.830,-7.570,374
30049.00,6.1600,-6.8120,3.0420,52.290,-6.830,-7.800,374
30059.00,6.2210,-6.8680,2.9920,51.270,-6.840,-8.150,374
30069.00,6.2890,-6.8720,2.9410,50.780,-6.630,-8.360,375
30079.00,6.3500,-6.8880,2.9040,50.870,-6.130,-8.520,375
30089.00,6.3130,-6.8670,2.8710,51.380,-5.200,-8.410,375
30099.00,6.2460,-6.8010,2.8700,51.620,-3.900,-8.480,375
30109.00,6.3600,-6.8200,2.8730,51.330,-2.470,-8.780,375
30119.00,6.3970,-6.7770,2.8960,51.690,-1.470,-8.570,376
30129.00,6.4460,-6.7800,2.9200,51.960,-0.750,-8.500,376
30139.00,6.4130,-6.8720,2.9690,50.570,1.340,-8.640,376
30149.00,6.3840,-6.9300,3.0050,49.910,3.210,-8.870,376
30159.00,6.3480,-6.9690,3.0590,49.790,5.170,-8.800,376
30169.00,6.2900,-7.0060,3.1040,49.680,6.530,-8.730,377
30179.00,6.2470,-7.0000,3.0970,49.050,6.990,-8.610,377
30189.00,6.2100,-6.9750,3.0310,48.400,7.150,-8.540,377
30199.00,6.1390,-6.9530,2.9670,48.300,7.640,-8.540,377
30209.00,6.0530,-6.9260,2.9310,48.750,8.490,-8.750,377
30219.00,6.0050,-6.9120,2.8950,49.370,9.490,-9.130,378
30229.00,5.9740,-6.8730,2.8860,50.120,10.440,-9.380,378
30239.00,5.9880,-6.8540,2.8600,51.100,11.420,-9.460,378
30249.00,6.0000,-6.8670,2.8770,52.130,12.590,-9.390,378
30259.00,6.0210,-6.8840,2.9810,52.970,13.670,-9.030,378
30269.00,6.0190,-6.9290,3.1320,53.080,14.760,-8.730,379
30279.00,5.9330,-6.9410,3.4010,53.180,17.170,-8.570,379
30289.00,5.8790,-6.8860,3.5300,53.740,17.890,-8.410,379
30299.00,5.7940,-6.8550,3.6170,53.710,18.330,-8.200,379
30309.00,5.7290,-6.8920,3.6430,52.570,18.400,-8.060,379
30319.00,5.6610,-6.9710,3.6670,50.840,18.490,-7.980,380
30329.00,5.5840,-6.9750,3.7100,48.910,18.500,-7.940,380
30339.00,5.5090,-6.8800,3.8640,48.090,17.800,-7.910,380
30349.00,5.4020,-6.7820,4.1000,47.580,17.330,-7.890,380
30359.00,5.2890,-6.7270,4.2140,46.300,17.350,-7.890,380
30369.00,5.2800,-6.7920,4.2640,44.470,17.090,-7.850,381
30379.00,5.3940,-7.0920,4.4670,42.510,16.160,-7.960,381
30389.00,5.6760,-7.3690,4.8080,41.000,15.550,-8.480,381
30399.00,5.8640,-7.5140,5.0280,40.770,16.980,-9.320,381
30410.00,5.8810,-7.4760,5.2800,42.070,18.990,-10.570,381
30470.00,4.8250,-7.7790,5.3740,30.900,12.010,-8.550,383
30480.00,4.3740,-7.5460,5.3930,29.840,13.040,-7.400,383
30490.00,4.2180,-7.4790,5.2310,26.370,12.920,-6.050,383
30500.00,4.2710,-7.5360,4.9890,22.420,12.540,-4.770,383
30510.00,4.3570,-7.6860,4.8020,20.110,13.310,-3.970,383
30520.00,4.3840,-7.8830,4.8150,19.830,16.230,-3.410,384
30530.00,4.2480,-8.0090,4.8530,21.330,21.200,-2.780,384
30540.00,4.0630,-8.0590,4.8950,23.640,26.730,-2.290,384
30550.00,3.9230,-8.0550,4.9550,25.600,31.140,-2.640,384
30560.00,3.6220,-8.0320,4.9390,26.580,36.020,-5.530,384
30570.00,3.4420,-7.9950,4.8630,28.580,36.830,-7.330,385
30580.00,3.1920,-7.9510,4.7890,32.930,36.790,-9.900,385
30590.00,3.2060,-7.8800,5.3000,36.420,37.000,-13.440,385
30600.00,3.1440,-7.9280,5.4470,34.930,38.400,-16.660,385
30610.00,3.0740,-7.7470,5.4560,33.910,38.120,-19.070,385
30620.00,2.9950,-7.4950,5.5690,33.760,37.560,-20.890,386
30630.00,2.8130,-7.3490,5.5570,32.360,38.100,-22.870,386
30640.00,2.7150,-7.4320,5.4680,28.940,37.880,-25.090,386
30650.00,2.7330,-7.5970,5.3580,24.670,37.000,-26.720,386
30660.00,2.8100,-7.7200,5.3160,21.940,37.700,-28.070,386
30670.00,2.8000,-7.8420,5.2940,21.210,40.220,-29.480,387
30680.00,2.6940,-7.8660,5.3640,22.220,42.430,-30.570,387
30690.00,2.5180,-7.8130,5.4130,23.380,42.670,-31.500,387
30700.00,2.2830,-7.8400,5.5340,24.310,40.270,-34.420,387
30710.00,2.2620,-7.9560,5.6120,25.020,31.750,-36.570,387
30720.00,2.3030,-8.0320,5.7240,25.720,28.180,-37.970,388
30730.00,2.4330,-8.0740,5.8100,26.180,25.220,-38.460,388
30740.00,2.5650,-8.0360,5.8870,26.830,23.510,-38.370,388
30750.00,2.6000,-7.9560,5.9240,27.250,23.350,-38.300,388
30760.00,2.6400,-7.8200,5.8790,27.670,23.190,-38.340,388
30770.00,2.7370,-7.7140,5.8670,27.860,22.790,-38.430,389
30780.00,2.8300,-7.6120,5.8690,26.950,21.480,-38.600,389
30790.00,2.9130,-7.5010,5.7940,25.090,19.990,-38.930,389
30800.00,3.0080,-7.4470,5.7400,23.430,18.520,-39.650,389
30810.00,3.0870,-7.4210,5.7140,22.030,17.630,-40.350,389
30820.00,3.1350,-7.4290,5.7060,21.090,17.510,-40.680,390
30830.00,3.0980,-7.4290,5.7230,20.810,17.860,-40.580,390
30840.00,3.0160,-7.4010,5.7370,20.700,18.420,-40.460,390
30850.00,2.9270,-7.4720,5.7270,19.200,16.680,-40.320,390
30860.00,2.9140,-7.5540,5.6810,17.220,14.460,-40.440,390
30870.00,2.8740,-7.6510,5.6070,16.380,11.780,-41.260,391
30880.00,2.9680,-7.6700,5.4730,16.080,9.540,-42.470,391
30890.00,3.1220,-7.6950,5.3580,17.060,8.210,-43.540,391
30900.00,3.2270,-7.7470,5.3690,19.000,7.510,-44.520,391
30910.00,3.2590,-7.8430,5.4520,20.960,7.500,-45.300,391
30920.00,3.2440,-7.7880,5.5510,22.840,7.850,-45.290,392
30930.00,3.3270,-7.6830,5.5810,23.730,7.760,-44.940,392
30940.00,3.4220,-7.5910,5.6970,24.220,6.810,-44.410,392
30950.00,3.4890,-7.4700,5.7260,24.060,6.550,-44.250,392
30960.00,3.5120,-7.4320,5.6670,22.590,6.710,-44.520,392
30970.00,3.5120,-7.4680,5.5700,21.280,5.760,-44.170,393
30980.00,3.4620,-7.5990,5.3550,19.980,4.890,-43.100,393
30990.00,3.4500,-7.7860,5.3380,19.140,3.890,-41.120,393
31000.00,3.5410,-7.7940,5.3810,21.300,3.870,-40.390,393
31010.00,3.6010,-7.7790,5.4660,23.410,3.660,-39.840,393
31020.00,3.6620,-7.6960,5.5210,24.940,2.750,-39.630,394
31030.00,3.6430,-7.5080,5.5780,25.760,1.600,-39.230,394
31040.00,3.6170,-7.3720,5.5920,25.150,0.650,-38.880,394
31050.00,3.6670,-7.3410,5.5830,24.040,-0.720,-38.430,394
31060.00,3.6960,-7.4090,5.5720,23.750,-2.030,-37.080,394
31070.00,3.6900,-7.4810,5.5890,24.600,-2.890,-35.570,395
31080.00,3.6500,-7.4660,5.6240,25.600,-3.960,-34.260,395
31090.00,3.5680,-7.4450,5.6360,26.020,-5.650,-33.350,395
31100.00,3.6280,-7.5190,5.5520,25.690,-8.450,-32.340,395
31110.00,3.5470,-7.5450,5.5660,26.060,-11.250,-31.130,395
31120.00,3.6630,-7.6670,5.4140,25.550,-12.920,-30.480,396
31130.00,3.7300,-7.6240,5.0480,27.810,-15.420,-27.450,396
31140.00,3.7870,-7.5870,5.0510,30.100,-16.980,-26.630,396
31150.00,3.8850,-7.5580,5.0950,32.320,-18.030,-26.140,396
31160.00,3.9990,-7.5330,5.1420,33.790,-18.830,-26.000,396
31170.00,4.0940,-7.5020,5.1740,34.650,-19.570,-25.370,397
31180.00,4.0650,-7.5460,5.0700,34.980,-19.810,-24.250,397
31190.00,4.0550,-7.6680,5.0530,34.960,-19.690,-23.430,397
31200.00,4.1220,-7.7800,5.1290,35.770,-18.850,-23.200,397
31210.00,4.0730,-7.7070,5.2010,37.130,-17.620,-22.730,397
31220.00,3.9020,-7.5570,5.2250,37.130,-16.840,-22.260,398
31230.00,3.8400,-7.4930,5.1870,35.680,-17.410,-22.010,398
31240.00,3.9010,-7.5020,5.2070,34.350,-18.990,-21.730,398
31250.00,4.0130,-7.5560,5.1880,34.180,-20.560,-21.470,398
31260.00,3.9870,-7.5730,5.1850,35.160,-21.630,-21.150,398
31270.00,3.9400,-7.5750,5.2710,36.420,-22.630,-20.960,399
31280.00,3.8290,-7.5060,5.2820,36.540,-23.240,-20.610,399
31290.00,3.8060,-7.4520,5.2710,36.050,-24.170,-20.440,399
31300.00,3.8710,-7.4040,5.2120,35.330,-25.460,-20.070,399
31310.00,4.0310,-7.4100,5.0710,34.860,-26.950,-19.680,399
31320.00,4.1640,-7.4630,5.0020,35.400,-28.420,-19.260,400
31330.00,4.2000,-7.4530,4.9570,36.660,-29.210,-18.970,400
31340.00,4.1690,-7.4620,4.7590,37.680,-29.730,-18.690,400
31350.00,4.1260,-7.5150,4.7040,39.180,-31.260,-17.860,400
31360.00,4.0520,-7.5670,4.4800,39.580,-32.480,-17.180,400
31370.00,3.7310,-7.6480,4.1450,41.350,-34.770,-15.800,401
31380.00,3.5470,-7.7190,4.2780,43.910,-38.050,-14.700,401
31390.00,3.4070,-7.8170,4.2810,45.940,-40.130,-14.310,401
31400.00,3.6450,-7.7770,4.4990,48.950,-42.440,-14.010,401
31410.00,3.6310,-7.6220,4.2240,53.360,-44.940,-16.310,401
31420.00,3.2910,-7.7280,3.8230,54.860,-49.960,-17.270,402
31430.00,3.6740,-7.8250,4.0400,54.790,-53.150,-18.770,402
31441.00,4.7480,-7.6350,4.8390,54.110,-50.020,-21.680,402
31451.00,5.4890,-7.2220,5.3280,50.190,-43.330,-24.830,402
31460.00,5.7890,-6.9730,5.1510,41.910,-35.630,-25.110,402
31471.00,5.6920,-7.0220,5.1720,37.330,-28.540,-24.010,403
31481.00,5.2760,-7.1670,5.3250,36.490,-22.330,-23.390,403
31491.00,4.9750,-7.1190,5.4130,32.900,-17.590,-23.670,403
31501.00,5.0840,-6.9450,5.1740,26.180,-14.740,-25.160,403
31511.00,5.2970,-6.9730,4.7560,21.030,-13.600,-27.050,403
31521.00,5.4560,-7.3410,4.4740,21.420,-14.280,-27.820,404
31531.00,5.5140,-7.8480,4.4900,23.500,-14.790,-27.800,404
31541.00,5.3810,-7.9710,4.4000,26.560,-13.340,-26.890,404
31551.00,5.0120,-7.8020,4.7160,33.460,-11.940,-25.000,404
31561.00,4.7780,-7.7240,4.7560,35.190,-13.110,-24.620,404
31571.00,4.6460,-7.6840,4.8030,34.950,-13.880,-25.270,405
31581.00,4.6160,-7.6110,4.6620,32.290,-14.390,-26.260,405
31591.00,4.7780,-7.5510,4.5790,30.130,-16.240,-27.190,405
31601.00,4.9490,-7.5110,4.4230,29.070,-17.960,-27.660,405
31611.00,4.7520,-7.5090,4.0790,28.470,-20.830,-27.440,405
31621.00,4.7600,-7.5340,4.0970,29.820,-24.430,-27.050,406
31631.00,4.7300,-7.5540,4.0280,31.740,-26.950,-26.820,406
31641.00,4.5290,-7.5570,3.8590,33.930,-30.360,-26.260,406
31651.00,4.6030,-7.5310,3.8360,36.190,-34.620,-26.020,406
31661.00,4.7300,-7.5130,3.5620,37.080,-39.040,-25.490,406
31671.00,4.9410,-7.5310,3.4060,39.180,-43.700,-24.130,407
31681.00,5.1840,-7.5850,3.3020,42.490,-45.960,-22.220,407
31691.00,5.4530,-7.5390,3.5270,46.600,-46.480,-20.580,407
31701.00,5.4350,-7.4700,3.6330,54.020,-44.680,-18.420,407
31711.00,5.3620,-7.4650,3.7130,56.230,-44.640,-17.290,407
31721.00,5.1820,-7.5110,3.7430,57.630,-44.380,-16.380,408
31731.00,5.1150,-7.4530,3.7810,58.190,-44.150,-15.820,408
31741.00,5.1200,-7.3890,3.7710,57.710,-45.430,-14.980,408
31751.00,5.2400,-7.4100,3.6800,57.910,-47.360,-13.860,408
31761.00,5.4160,-7.5250,3.5440,58.480,-49.070,-12.880,408
31771.00,5.5350,-7.5930,3.4660,61.040,-49.740,-12.050,409
31781.00,5.5570,-7.6250,3.4810,63.030,-50.400,-11.490,409
31791.00,5.5020,-7.5550,3.5400,65.190,-50.860,-11.160,409
31801.00,5.4800,-7.4380,3.6500,66.620,-51.770,-11.110,409
31811.00,5.4870,-7.2490,3.7190,66.600,-52.610,-11.090,409
31821.00,5.6050,-7.2550,3.6860,64.750,-53.250,-11.300,410
31831.00,5.7280,-7.3910,3.4330,61.740,-54.600,-11.020,410
31841.00,5.7370,-7.5310,3.3710,59.620,-55.630,-9.430,410
31851.00,5.7320,-7.5920,3.3870,60.900,-55.060,-8.550,410
31861.00,5.7030,-7.5640,3.4970,62.580,-54.080,-7.780,410
31871.00,5.6140,-7.5840,3.6250,64.100,-53.240,-7.310,411
31881.00,5.4550,-7.5820,3.7080,64.960,-52.970,-6.910,411
31891.00,5.4460,-7.5190,3.7870,64.890,-53.220,-6.910,411
31901.00,5.2490,-7.5560,3.6010,64.380,-54.200,-6.940,411
31911.00,5.1080,-7.2900,3.8450,66.430,-56.250,-8.690,411
31921.00,6.0950,-7.4270,3.9420,65.080,-51.030,-12.090,412
31931.00,4.7120,-7.6290,3.3030,61.250,-56.530,-7.730,412
31941.00,4.8620,-7.5720,4.0580,65.380,-57.350,-8.190,412
31951.00,5.5720,-7.0240,4.4650,62.330,-50.100,-11.760,412
31961.00,5.8660,-6.6420,4.4810,54.490,-47.040,-11.630,412
31971.00,5.5020,-6.7820,4.1560,48.040,-50.800,-9.170,413
31981.00,5.1610,-7.3610,3.8840,45.940,-48.620,-10.710,413
31991.00,5.8560,-7.1220,3.6210,46.530,-45.100,-12.770,413
32001.00,6.3920,-7.1490,3.0400,51.850,-44.520,-16.030,413
32011.00,5.6980,-6.7750,3.5270,71.050,-53.360,-11.320,413
32021.00,4.5700,-7.3420,4.6390,80.570,-59.260,-4.480,414
32031.00,3.9460,-9.1680,4.0550,55.390,-46.920,-16.380,414
32041.00,5.3740,-8.7190,2.6940,37.850,-32.320,-28.780,414
32051.00,5.2980,-9.3330,2.7250,43.870,-30.080,-29.550,414
32061.00,6.4010,-7.2370,3.2020,51.150,-31.620,-27.490,414
32071.00,6.0010,-7.4200,3.6930,62.260,-37.140,-28.140,415
32081.00,5.9940,-6.5990,3.8970,60.880,-38.900,-20.930,415
32091.00,5.7840,-7.0000,4.0640,59.690,-43.490,-14.800,415
32101.00,5.8770,-6.9940,3.8770,57.260,-48.980,-15.520,415
32111.00,6.1170,-6.9610,3.4070,49.910,-48.840,-18.160,415
32121.00,6.3700,-7.3860,2.9140,49.140,-40.480,-15.940,416
32131.00,6.9750,-7.2510,3.0900,44.310,-33.640,-16.040,416
32141.00,5.9310,-8.3250,2.2000,33.530,-27.510,-14.210,416
32151.00,5.6370,-8.2490,2.1090,40.140,-22.750,-12.370,416
32161.00,5.5620,-7.3830,2.8800,55.140,-22.700,-11.620,416
32171.00,5.7020,-7.0540,3.4680,62.790,-25.130,-11.620,417
32181.00,5.9590,-7.0550,3.5610,63.090,-27.270,-12.180,417
32191.00,5.3220,-8.0320,3.5610,63.960,-29.750,-12.840,417
32201.00,3.4910,-7.4100,4.2010,64.470,-36.650,-6.470,417
32211.00,6.7450,-5.4440,3.9340,43.450,-39.340,-14.150,417
32221.00,7.3010,-6.5120,2.6520,40.550,-35.370,-21.640,418
32231.00,8.6060,-6.3620,2.7960,49.510,-32.990,-19.050,418
32241.00,7.7970,-7.2990,1.9290,65.680,-23.220,-9.410,418
32251.00,6.4790,-8.2330,3.0220,85.540,-10.610,-3.580,418
32261.00,4.7900,-6.7600,4.6880,82.210,-9.350,-0.560,418
32271.00,4.4870,-6.5350,4.8680,69.460,-14.180,-1.620,419
32281.00,5.0290,-6.4420,4.7640,54.300,-18.880,-3.410,419
32291.00,6.0700,-6.6490,4.0340,40.420,-22.750,-3.600,419
32301.00,6.1930,-7.4100,3.3990,39.860,-21.680,-2.600,419
32311.00,5.3040,-7.9820,3.6630,47.420,-18.550,-3.430,419
32321.00,5.3440,-7.5190,3.9540,45.800,-15.890,-5.950,420
32331.00,5.8710,-7.5490,4.3100,45.010,-12.480,-7.000,420
32341.00,6.1720,-7.4950,4.6390,45.100,-11.240,-6.680,420
32351.00,5.6490,-7.6550,4.3500,43.100,-18.060,-2.590,420
32361.00,6.0710,-7.7410,4.1010,44.990,-20.230,-1.060,420
32371.00,6.1620,-7.5150,4.0790,48.040,-22.170,-0.120,421
32381.00,5.8320,-7.4390,4.1710,50.850,-24.050,1.100,421
32391.00,5.5410,-7.2890,4.2990,49.260,-25.180,-0.630,421
32401.00,5.5130,-7.3190,3.6020,41.600,-30.240,-0.470,421
32411.00,5.7280,-7.2090,3.2860,40.550,-29.330,-1.780,421
32421.00,5.6700,-7.1410,3.0750,44.170,-28.320,-1.290,422
32431.00,5.2390,-7.2190,3.0980,50.890,-25.380,-2.220,422
32441.00,5.6270,-7.0540,2.9040,51.570,-21.820,-2.830,422
32451.00,5.3080,-7.3830,2.6870,56.580,-18.690,-2.200,422
32462.00,5.2610,-7.1790,3.0650,64.870,-17.960,-2.390,422
32472.00,5.1630,-6.9340,3.4800,68.280,-16.910,-2.500,423
32482.00,5.2610,-6.9730,3.6230,67.460,-17.480,-2.660,423
32492.00,5.4420,-6.8330,4.0940,66.500,-18.410,-2.310,423
32502.00,5.1330,-6.7190,4.3720,58.540,-21.250,-2.340,423
32512.00,5.1000,-6.7310,4.4290,47.110,-24.130,-3.480,423
32522.00,5.1780,-7.0420,4.2790,35.700,-26.950,-4.200,424
32532.00,5.4470,-7.2450,3.8730,26.690,-29.510,-4.090,424
32542.00,5.3340,-7.8230,3.2940,27.490,-29.350,-3.150,424
32552.00,5.1270,-7.8680,3.3770,33.560,-29.420,-2.100,424
32562.00,5.0900,-7.7120,3.4930,38.730,-30.420,-1.730,424
32572.00,5.2710,-7.7890,3.3350,41.880,-31.620,-1.820,425
32582.00,5.4710,-7.8480,3.1620,48.740,-32.040,-2.430,425
32592.00,5.2730,-7.9020,3.2360,58.940,-32.220,-2.780,425
32602.00,5.3700,-7.6850,3.5940,66.080,-32.320,-2.900,425
32612.00,5.2310,-7.4900,3.9190,66.130,-33.460,-2.270,425
32622.00,5.0560,-7.3990,3.9320,59.380,-35.400,-2.100,426
32632.00,5.1810,-7.5120,3.5840,52.800,-36.840,-2.640,426
32642.00,5.5560,-7.6110,3.4850,53.290,-36.650,-3.300,426
32652.00,5.4250,-7.7650,3.3170,56.420,-34.370,-3.860,426
32662.00,5.2180,-7.5920,3.7660,59.970,-32.590,-4.630,426
32672.00,5.0730,-7.5440,3.8710,57.070,-32.480,-5.490,427
32682.00,5.1930,-7.6570,3.7790,52.850,-34.460,-6.580,427
32692.00,5.1270,-7.5430,3.8570,49.540,-35.260,-7.610,427
32702.00,5.1180,-7.5340,3.8220,46.690,-35.950,-8.470,427
32712.00,5.1790,-7.5600,3.6840,44.260,-36.910,-8.940,427
32722.00,5.1340,-7.6160,3.6530,44.920,-37.420,-9.520,428
32732.00,5.2090,-7.5760,3.6080,44.940,-37.800,-10.160,428
32742.00,5.2980,-7.9360,3.5860,44.220,-36.860,-10.390,428
32752.00,5.1060,-8.1000,3.2630,40.180,-34.700,-10.250,428
32762.00,5.1620,-7.5580,3.3290,45.780,-32.310,-12.750,428
32772.00,4.9420,-7.6860,4.0530,52.850,-39.380,-12.680,429
32782.00,4.9990,-7.6250,3.5350,43.190,-38.450,-12.490,429
32792.00,5.0850,-7.6040,3.6640,45.170,-40.790,-14.010,429
32802.00,5.0600,-7.8240,3.5950,44.080,-41.090,-16.150,429
32812.00,5.0750,-7.8180,3.4150,41.880,-40.080,-17.570,429
32822.00,5.4500,-7.6800,3.2360,40.480,-37.360,-19.820,430
32832.00,5.4620,-7.9800,3.1860,43.920,-33.640,-22.620,430
32842.00,5.3100,-7.8520,3.2800,48.230,-31.800,-22.710,430
32852.00,5.2300,-7.5540,3.5400,51.430,-25.940,-27.210,430
32862.00,5.5960,-7.2130,3.4800,48.320,-22.960,-29.710,430
32872.00,5.6360,-7.1530,3.5220,50.540,-27.630,-26.390,431
32882.00,5.2760,-7.3060,3.7860,55.770,-31.100,-23.830,431
32892.00,5.1540,-7.4140,3.8270,54.720,-30.560,-24.500,431
32902.00,5.3350,-7.2340,3.7490,51.520,-30.590,-25.490,431
32912.00,5.6570,-7.2340,3.5850,48.600,-30.640,-25.550,431
32922.00,5.6980,-7.3650,3.4430,47.550,-29.470,-25.860,432
32932.00,5.7400,-7.3990,3.3120,46.880,-25.800,-27.170,432
32942.00,5.8680,-7.2570,3.2370,47.280,-21.890,-28.570,432
32952.00,5.9430,-7.0910,3.3020,49.820,-19.720,-28.850,432
32962.00,5.9340,-6.7770,3.4150,53.340,-19.690,-27.840,432
32972.00,5.5930,-6.7320,3.8320,56.520,-24.690,-23.340,433
32982.00,5.6190,-6.7140,3.8060,53.550,-26.230,-22.730,433
32992.00,5.8030,-6.9530,3.6950,50.050,-28.230,-22.240,433
33002.00,5.9660,-7.0760,3.4540,48.120,-28.750,-22.080,433
33012.00,6.0890,-7.1270,3.4000,49.140,-27.910,-21.870,433
33022.00,6.0950,-7.0480,3.4910,51.410,-26.690,-21.470,434
33032.00,5.9860,-7.0820,3.5760,52.250,-25.940,-21.030,434
33042.00,5.9620,-6.9280,3.6690,51.360,-25.100,-20.960,434
33052.00,6.0280,-6.9290,3.6520,49.310,-24.620,-21.190,434
33062.00,6.1200,-7.0090,3.5370,47.720,-24.940,-21.070,434
33072.00,6.1650,-7.0560,3.4620,47.060,-24.610,-20.870,435
33082.00,6.1160,-7.0660,3.4160,46.580,-23.710,-20.860,435
33092.00,6.1000,-7.0440,3.3110,46.130,-22.860,-20.540,435
33102.00,6.1410,-6.9930,3.3330,46.290,-21.750,-20.590,435
33112.00,6.1790,-6.8870,3.3910,45.920,-19.790,-21.210,435
33122.00,6.1670,-6.9280,3.3890,46.150,-18.920,-21.420,436
33132.00,6.1910,-6.9710,3.4100,46.460,-18.480,-20.980,436
33142.00,6.2450,-7.0200,3.4440,46.570,-17.960,-20.470,436
33152.00,6.2530,-6.9990,3.4640,46.130,-17.080,-19.980,436
33162.00,6.2810,-6.9600,3.4750,45.920,-16.310,-19.560,436
33172.00,6.1690,-6.9100,3.4810,45.950,-15.470,-19.260,437
33182.00,6.1550,-6.9110,3.6080,45.390,-14.330,-19.420,437
33192.00,6.1170,-6.9160,3.5530,43.640,-13.830,-19.510,437
33202.00,6.1480,-6.9410,3.5530,42.470,-13.970,-19.530,437
33212.00,6.2020,-7.0300,3.4560,40.650,-14.260,-19.530,437
33222.00,6.2720,-7.0810,3.3430,39.880,-14.470,-19.090,438
33232.00,6.1510,-7.1460,3.2380,41.490,-14.580,-18.250,438
33242.00,6.1240,-7.1830,3.3430,44.480,-13.460,-18.000,438
33252.00,6.1780,-7.0140,3.5680,46.880,-10.540,-17.850,438
33262.00,6.1240,-7.0010,3.5680,46.480,-10.480,-17.620,438
33272.00,5.8480,-7.1790,3.4220,45.570,-10.800,-17.640,439
33282.00,5.7020,-7.2760,3.3670,46.550,-10.500,-18.350,439
33292.00,5.7120,-7.5360,3.5110,48.280,-10.870,-19.440,439
33302.00,7.1470,-6.7200,4.3080,47.910,-8.260,-19.820,439
33312.00,6.1780,-6.4240,3.5360,41.490,-8.350,-19.390,439
33322.00,5.4530,-6.7980,3.5070,42.260,-11.480,-19.400,440
33332.00,5.0810,-7.2670,3.2790,40.630,-12.710,-21.330,440
33342.00,5.3400,-7.4420,3.2070,40.180,-14.700,-22.190,440
33352.00,5.8010,-7.2580,3.1160,41.960,-16.940,-22.050,440
33362.00,5.9500,-7.2860,2.9790,44.920,-19.900,-21.780,440
33372.00,6.1690,-7.2030,3.1080,49.590,-23.070,-20.960,441
33382.00,6.0410,-7.2720,2.9100,52.870,-26.270,-19.890,441
33392.00,6.2460,-7.3610,2.9530,60.990,-33.340,-18.070,441
33402.00,6.3900,-7.2020,2.9710,63.310,-34.790,-17.230,441
33412.00,6.4940,-7.0030,3.2030,66.590,-34.270,-16.730,441
33422.00,6.6380,-6.6890,3.4420,66.970,-32.130,-16.740,442
33432.00,6.6290,-6.4060,3.5710,64.070,-31.060,-15.750,442
33442.00,6.5490,-6.3440,3.5620,60.480,-30.870,-14.640,442
33452.00,6.5030,-6.3880,3.4740,58.120,-30.570,-13.860,442
33462.00,6.5570,-6.6020,3.3520,56.700,-29.720,-13.310,442
33472.00,6.4450,-6.7950,3.2350,56.870,-29.000,-12.490,443
33483.00,6.4530,-6.8870,3.3730,58.620,-27.410,-12.110,443
33493.00,6.4470,-6.8800,3.4360,59.270,-25.320,-12.020,443
33503.00,6.3900,-6.8440,3.5580,59.590,-23.990,-11.650,443
33513.00,6.3800,-6.8750,3.6880,59.710,-22.280,-11.490,443
33523.00,6.3180,-6.8800,3.7540,58.920,-21.000,-11.480,444
33533.00,6.3170,-6.7570,3.7710,57.140,-19.990,-11.700,444
33543.00,6.2530,-6.7010,3.7100,51.960,-19.720,-12.040,444
33553.00,6.3500,-6.6140,3.7100,49.210,-19.010,-12.840,444
33563.00,6.3570,-6.5310,3.6390,46.720,-17.750,-13.510,444
33573.00,6.3540,-6.4800,3.6400,45.270,-16.000,-14.220,445
33583.00,6.5390,-6.3800,3.6940,44.890,-13.620,-15.290,445
33593.00,6.4460,-6.3200,3.6800,44.680,-11.530,-15.820,445
33603.00,6.3820,-6.3050,3.7630,44.430,-9.420,-16.600,445
33613.00,6.4180,-6.2260,3.7770,43.140,-7.300,-17.430,445
33623.00,6.4450,-6.1840,3.7530,42.330,-5.530,-17.970,446
33633.00,6.5030,-6.0720,3.8670,42.310,-4.100,-18.880,446
33643.00,6.5430,-6.0030,3.9030,41.610,-3.010,-19.980,446
33653.00,6.6460,-6.0450,3.9790,41.390,-2.210,-21.030,446
33663.00,6.7250,-6.1860,4.0350,40.790,-1.170,-21.850,446
33673.00,6.7900,-6.3960,4.1350,39.970,-0.070,-22.480,447
33683.00,6.7570,-6.3360,4.1920,36.870,2.740,-23.800,447
33693.00,6.6800,-6.3320,4.1200,34.460,3.310,-23.900,447
33703.00,6.4670,-6.3520,4.0880,32.620,3.510,-24.200,447
33713.00,6.4680,-6.3760,4.0710,30.120,3.940,-25.140,447
33723.00,6.5810,-6.3660,4.0240,26.650,4.170,-25.900,448
33733.00,6.5620,-6.3600,3.8850,24.270,4.080,-26.210,448
33743.00,6.5220,-6.4150,3.7970,23.800,4.050,-26.400,448
33753.00,6.4970,-6.4680,3.7420,24.040,4.210,-26.530,448
33763.00,6.4510,-6.5610,3.7180,24.570,4.630,-26.370,448
33773.00,6.3910,-6.6370,3.6680,25.340,5.010,-26.110,449
33783.00,6.3260,-6.6640,3.7070,26.690,4.660,-25.840,449
33793.00,6.2630,-6.6100,3.7860,28.020,3.650,-25.490,449
33803.00,6.1730,-6.6250,3.8480,28.890,2.300,-25.040,449
33813.00,6.1440,-6.7090,3.9170,29.960,0.860,-24.530,449
33823.00,6.1910,-6.8550,3.8810,30.330,-3.100,-23.870,450
33833.00,6.2560,-7.0130,3.8420,30.920,-4.950,-23.640,450
33843.00,6.3250,-7.0660,3.8720,32.440,-6.110,-23.080,450
33853.00,6.2630,-7.1440,3.9070,33.630,-6.840,-22.590,450
33863.00,6.3420,-7.3080,3.9370,34.420,-7.180,-21.660,450
33873.00,6.3460,-7.3160,3.9260,35.560,-7.820,-20.820,451
33883.00,6.2790,-7.2760,4.0410,36.890,-9.240,-20.190,451
33893.00,6.2300,-7.2580,4.2220,37.470,-10.640,-19.540,451
33903.00,6.2730,-7.3190,4.2800,37.540,-11.670,-18.970,451
33913.00,6.3120,-7.3570,4.1450,36.450,-13.230,-18.320,451
33923.00,6.1800,-7.2780,4.0350,35.630,-15.450,-17.460,452
33933.00,5.9370,-7.0890,4.0290,34.810,-18.100,-16.390,452
33943.00,5.7390,-6.9290,3.9580,33.090,-20.840,-15.260,452
33953.00,5.6610,-6.8490,3.7750,31.150,-22.930,-14.190,452
33963.00,5.6120,-6.8150,3.4030,30.410,-25.530,-11.670,452
33973.00,5.6410,-6.7940,3.2980,32.130,-25.270,-10.340,453
33983.00,5.6670,-6.7960,3.2320,34.950,-24.150,-9.430,453
33993.00,5.6540,-6.7890,3.2300,37.800,-23.420,-8.570,453
34003.00,5.6420,-6.7620,3.2300,40.230,-22.860,-7.680,453
34013.00,5.6730,-6.8090,3.3170,42.160,-22.000,-7.010,453
34023.00,5.7300,-6.8430,3.4430,43.920,-21.650,-6.870,454
34033.00,5.7960,-6.9050,3.5130,44.750,-21.820,-7.050,454
34043.00,5.9210,-7.0510,3.6010,45.530,-21.720,-7.210,454
34053.00,5.9660,-7.1420,3.7610,47.460,-21.000,-7.430,454
34063.00,5.9410,-7.1350,3.9460,49.160,-19.930,-7.840,454
34073.00,5.8790,-7.0730,4.1280,49.580,-19.460,-8.360,455
34083.00,5.8500,-7.0150,4.2340,48.210,-19.720,-8.890,455
34093.00,5.8180,-6.9790,4.1830,45.550,-20.230,-9.450,455
34103.00,5.8630,-7.0820,4.0050,40.580,-21.960,-10.810,455
34113.00,5.8520,-7.1610,3.8910,39.090,-21.950,-11.530,455
34123.00,5.8420,-7.1520,3.7590,37.680,-21.740,-12.120,456
34133.00,5.8510,-7.1150,3.6770,37.450,-20.690,-12.510,456
34143.00,5.8690,-7.0240,3.7500,38.570,-19.360,-13.070,456
34153.00,5.8300,-6.9590,3.7550,38.850,-18.520,-13.890,456
34163.00,5.8370,-6.9900,3.7260,39.010,-17.890,-14.500,456
34173.00,5.8000,-7.0160,3.7470,39.390,-17.470,-14.820,457
34183.00,5.7490,-7.0330,3.7440,39.220,-16.920,-14.840,457
34193.00,5.7300,-7.0260,3.7680,38.880,-16.140,-14.920,457
34203.00,5.6930,-6.9640,3.7650,38.430,-15.490,-15.260,457
34213.00,5.6990,-6.9140,3.7710,37.870,-15.210,-15.610,457
34223.00,5.7200,-6.9330,3.7500,37.060,-15.210,-15.820,458
34233.00,5.7650,-6.9530,3.7500,36.330,-15.310,-15.940,458
34243.00,5.8510,-6.9970,3.6840,35.090,-15.090,-15.970,458
34253.00,5.8550,-7.0140,3.7320,35.350,-14.390,-16.310,458
34263.00,5.8500,-7.0040,3.8170,35.540,-13.880,-16.590,458
34273.00,5.8500,-7.0010,3.7990,34.740,-13.910,-16.800,459
34283.00,5.8500,-7.0550,3.7870,33.950,-13.740,-16.940,459
34293.00,5.8710,-7.1110,3.7970,33.840,-13.860,-17.290,459
34303.00,5.8750,-7.0850,3.7240,33.000,-14.230,-17.300,459
34313.00,5.8820,-7.1010,3.6670,32.110,-14.630,-17.340,459
34323.00,5.8730,-7.1060,3.5970,31.800,-15.020,-17.300,460
34333.00,5.8740,-7.0990,3.5880,31.710,-15.540,-17.160,460
34343.00,5.9330,-7.1220,3.5270,31.360,-15.930,-17.080,460
34353.00,5.9900,-7.1420,3.5360,31.730,-16.170,-16.780,460
34363.00,5.9410,-7.1300,3.5180,32.430,-16.220,-16.450,460
34373.00,5.9070,-7.0980,3.5430,32.650,-16.010,-16.130,461
34383.00,5.8080,-7.1400,3.5380,32.900,-16.260,-15.690,461
34393.00,5.8430,-7.1100,3.4970,32.370,-16.750,-15.850,461
34403.00,5.8490,-7.1070,3.3780,31.460,-17.190,-15.760,461
34413.00,5.8570,-7.1560,3.3400,31.310,-17.640,-15.570,461
34423.00,5.8730,-7.2470,3.2910,31.320,-17.990,-15.100,462
34433.00,5.8980,-7.3060,3.2550,31.970,-18.080,-14.840,462
34443.00,5.9300,-7.3020,3.2500,32.860,-18.080,-14.750,462
34453.00,5.9270,-7.2860,3.2750,33.950,-17.990,-14.400,462
34463.00,5.8880,-7.2590,3.3280,35.020,-17.960,-14.050,462
34473.00,5.8510,-7.2350,3.3760,35.700,-18.030,-13.870,463
34483.00,5.8310,-7.2330,3.3780,35.490,-18.430,-13.770,463
34493.00,5.8330,-7.2760,3.3850,35.210,-18.690,-13.730,463
34503.00,5.8220,-7.2760,3.3940,35.140,-18.940,-13.730,463
34514.00,5.7820,-7.2800,3.3420,34.280,-19.360,-13.860,463
34524.00,5.7960,-7.3480,3.2260,32.950,-20.250,-14.210,464
34534.00,5.8330,-7.4160,3.1780,32.550,-20.550,-14.210,464
34544.00,5.8870,-7.4820,3.1630,33.600,-20.530,-13.980,464
34554.00,5.8920,-7.4870,3.1860,34.930,-20.130,-13.660,464
34564.00,5.8700,-7.4350,3.2330,36.050,-19.780,-13.510,464
34574.00,5.8700,-7.3370,3.2840,36.310,-19.570,-13.540,465
34584.00,5.7850,-7.3100,3.2450,35.930,-19.880,-13.490,465
34594.00,5.7890,-7.2440,3.2320,35.350,-20.140,-13.520,465
34604.00,5.6940,-7.3560,3.1250,34.530,-20.580,-13.800,465
34614.00,5.7350,-7.4940,3.1750,35.120,-21.050,-14.120,465
34624.00,5.7510,-7.5000,3.1150,35.300,-20.970,-14.260,466
34634.00,5.7780,-7.4470,3.0920,34.750,-21.180,-14.070,466
34644.00,5.7970,-7.3900,3.0980,34.580,-21.210,-13.910,466
34654.00,5.8430,-7.3620,3.1290,35.070,-20.830,-14.080,466
34664.00,5.8680,-7.4690,3.1310,35.300,-21.050,-14.660,466
34674.00,5.8000,-7.5110,3.1470,37.080,-21.000,-15.310,467
34684.00,5.7750,-7.4840,3.2120,37.640,-20.910,-15.450,467
34694.00,5.7770,-7.4620,3.1960,36.920,-21.040,-15.680,467
34704.00,5.7890,-7.4330,3.1440,36.280,-21.330,-15.970,467
34714.00,5.7700,-7.4510,3.0990,35.890,-21.650,-16.250,467
34724.00,5.7730,-7.4230,3.0720,35.560,-21.930,-16.390,468
34734.00,5.8210,-7.3980,3.0110,35.030,-22.070,-16.340,468
34744.00,5.8450,-7.3860,2.9930,35.000,-22.140,-16.270,468
34754.00,5.8370,-7.3850,2.9790,35.190,-22.100,-16.270,468
34764.00,5.8020,-7.3480,3.0380,35.230,-22.490,-16.250,468
34774.00,5.8220,-7.3360,2.9820,34.580,-23.000,-16.320,469
34784.00,5.8690,-7.3890,2.9370,34.510,-23.120,-16.520,469
34794.00,5.8860,-7.3750,2.9940,34.670,-22.940,-16.590,469
34804.00,5.9500,-7.4510,2.8490,34.250,-22.370,-16.390,469
34814.00,5.9210,-7.4060,2.9010,37.120,-20.280,-16.170,469
34824.00,5.9030,-7.3660,2.9160,37.430,-19.740,-16.390,470
34834.00,5.9700,-7.3590,2.8920,37.550,-19.640,-16.590,470
34844.00,6.0050,-7.3890,2.8900,38.360,-19.320,-16.670,470
34854.00,6.0020,-7.4170,2.9140,39.500,-19.040,-16.430,470
34864.00,5.9600,-7.4320,2.9300,40.210,-18.620,-16.380,470
34874.00,5.9180,-7.4200,2.9330,40.280,-18.270,-16.530,471
34884.00,5.9290,-7.3900,2.9700,40.210,-17.940,-16.880,471
34894.00,5.9490,-7.3680,2.9670,40.040,-17.660,-17.080,471
34904.00,5.9530,-7.3240,2.9620,39.780,-17.800,-17.010,471
34914.00,5.9670,-7.3440,2.9320,39.410,-17.940,-17.220,471
34924.00,5.9420,-7.3550,2.8820,39.160,-17.590,-17.440,472
34934.00,5.9240,-7.3190,2.8860,39.430,-17.330,-17.640,472
34944.00,5.9070,-7.3120,2.8540,39.640,-17.410,-17.600,472
34954.00,5.9310,-7.3690,2.7720,39.930,-17.450,-17.430,472
34964.00,5.9600,-7.3810,2.7570,40.270,-17.220,-17.290,472
34974.00,5.9790,-7.4050,2.7480,40.810,-17.150,-17.200,473
34984.00,5.9850,-7.4270,2.7550,41.120,-16.980,-17.110,473
34994.00,6.0010,-7.4520,2.7670,41.490,-16.840,-17.090,473
35004.00,6.0100,-7.4590,2.7730,41.860,-16.590,-16.880,473
35014.00,6.0170,-7.4650,2.7780,42.140,-16.240,-16.640,473
35024.00,5.9800,-7.4400,2.7860,42.720,-16.120,-16.310,474
35034.00,5.9340,-7.4120,2.8150,43.030,-16.310,-16.150,474
35044.00,5.9100,-7.3980,2.8530,42.860,-16.630,-15.990,474
35054.00,5.9170,-7.4210,2.8710,42.610,-16.850,-15.820,474
35064.00,5.9330,-7.4330,2.8640,42.520,-16.750,-15.640,474
35074.00,5.8980,-7.3970,2.8530,42.380,-16.850,-15.540,475
35084.00,5.8640,-7.3910,2.8490,42.120,-16.890,-15.540,475
35094.00,5.8740,-7.4170,2.7780,42.170,-16.400,-16.180,475
35104.00,5.9330,-7.4450,2.7680,43.010,-16.700,-16.250,475
35114.00,5.9000,-7.5180,2.7510,43.910,-16.820,-16.010,475
35124.00,5.9070,-7.5070,2.7060,43.640,-16.820,-15.900,476
35134.00,5.9440,-7.4650,2.6500,43.050,-16.330,-15.710,476
35144.00,5.9590,-7.4470,2.6650,43.560,-15.160,-15.850,476
35154.00,5.9640,-7.4530,2.7480,44.540,-14.470,-16.670,476
35164.00,5.9900,-7.5200,2.8170,45.740,-14.510,-17.320,476
35174.00,5.9830,-7.5580,2.8490,47.070,-14.510,-17.200,477
35184.00,5.8690,-7.5030,2.9370,48.180,-14.600,-16.730,477
35194.00,5.7480,-7.4150,3.0040,47.370,-15.070,-16.990,477
35204.00,5.7170,-7.3720,2.9560,44.970,-15.930,-17.570,477
35214.00,5.7710,-7.3670,2.8840,42.940,-16.960,-17.920,477
35224.00,5.8480,-7.3800,2.7900,41.680,-18.130,-17.790,478
35234.00,5.9670,-7.5000,2.6760,41.950,-18.220,-17.410,478
35244.00,5.9660,-7.4810,2.7000,42.910,-17.450,-17.550,478
35254.00,5.9090,-7.4350,2.7560,43.640,-16.850,-17.780,478
35264.00,5.8260,-7.3740,2.7980,43.710,-16.840,-17.950,478
35274.00,5.8550,-7.3870,2.7670,43.360,-16.990,-17.880,479
35284.00,5.9050,-7.4330,2.7760,44.080,-16.560,-17.850,479
35294.00,5.9230,-7.4820,2.8530,45.180,-15.870,-18.020,479
35304.00,5.9360,-7.5210,2.8130,45.340,-15.350,-18.210,479
35314.00,5.9770,-7.3800,2.7980,44.800,-14.670,-19.000,479
35324.00,5.9620,-7.0730,2.9910,44.900,-13.770,-19.930,480
35334.00,5.3620,-6.5760,3.6860,38.590,-12.090,-21.630,480
35344.00,5.6480,-7.0610,2.7730,28.170,-16.770,-20.450,480
35354.00,5.6510,-7.0070,3.3120,30.310,-17.780,-21.120,480
35364.00,6.0140,-7.4260,2.6050,23.190,-17.360,-24.080,480
35374.00,6.1750,-7.5810,2.9550,31.710,-20.830,-21.030,481
35384.00,5.9760,-7.1720,2.8850,28.450,-16.560,-24.650,481
35394.00,5.7530,-6.9200,3.1470,26.420,-13.720,-28.590,481
35404.00,6.2180,-7.5450,2.4820,21.400,-13.410,-30.170,481
35414.00,6.8550,-7.9400,1.9150,25.290,-20.670,-22.760,481
35424.00,6.8090,-7.8340,1.9140,38.010,-24.640,-15.240,482
35434.00,6.1840,-7.3600,2.4920,49.660,-21.680,-13.470,482
35444.00,6.1070,-7.2580,2.6640,50.890,-19.090,-14.430,482
35454.00,6.0870,-7.3840,2.3910,49.840,-20.000,-13.660,482
35464.00,5.9680,-7.8870,2.1110,53.720,-15.420,-16.380,482
35474.00,6.2880,-7.3780,2.7850,61.510,-8.070,-20.800,483
35484.00,5.0640,-7.2580,3.3900,52.520,-3.430,-25.720,483
35494.00,6.8660,-7.7510,1.3840,41.790,-0.890,-30.710,483
35504.00,6.4780,-7.5260,2.4750,65.120,-8.350,-20.350,483
35514.00,5.5090,-6.9610,3.0660,65.240,7.440,-33.460,483
35524.00,5.8890,-6.9540,2.6810,38.690,-3.330,-27.030,484
35535.00,6.2150,-7.1730,2.8350,46.040,-4.040,-23.950,484
35545.00,6.4530,-7.1010,3.1810,46.830,-7.250,-22.960,484
35555.00,6.2060,-7.0620,2.8820,41.810,-10.100,-20.100,484
35565.00,6.1370,-6.8560,2.9510,42.310,-15.860,-17.830,484
35575.00,5.3940,-6.6850,3.3080,42.590,-19.620,-18.090,485
35585.00,5.6740,-7.1310,3.0290,37.200,-19.390,-22.030,485
35595.00,6.0390,-7.5300,2.4270,33.910,-13.840,-27.020,485
35605.00,6.7030,-7.5840,2.4810,37.730,-7.540,-28.960,485
35615.00,7.0030,-7.1040,2.3060,39.580,0.020,-26.540,485
35625.00,6.6220,-6.9640,2.2890,48.250,5.450,-22.640,486
35635.00,6.2080,-6.6290,2.9990,58.520,4.330,-18.910,486
35645.00,6.0780,-6.8030,3.3570,53.880,-3.310,-21.940,486
35655.00,5.7650,-6.9720,3.2670,48.180,-12.530,-24.720,486
35665.00,6.0620,-7.1890,3.1070,42.750,-19.850,-19.180,486
35675.00,5.6860,-7.2370,3.0540,40.070,-17.480,-20.910,487
35685.00,6.0270,-7.6240,2.8370,42.510,-16.490,-23.130,487
35695.00,5.9700,-7.2610,3.0680,44.780,-14.600,-26.750,487
35705.00,6.1300,-7.1530,3.2980,43.240,-11.010,-29.870,487
35715.00,6.4970,-7.0100,3.2910,37.170,-8.120,-31.550,487
35725.00,6.6920,-6.9220,3.1950,34.650,-6.130,-30.110,488
35735.00,6.5520,-7.0830,3.4320,35.020,-6.490,-26.320,488
35745.00,6.2350,-7.4230,3.2030,33.090,-9.150,-23.500,488
35755.00,6.3860,-7.0440,2.6060,32.250,-10.470,-22.780,488
35765.00,6.2640,-6.6280,2.4340,38.830,-5.950,-24.880,488
35775.00,6.2260,-7.2040,2.9450,44.990,-0.680,-26.140,489
35785.00,6.3200,-7.1760,3.0220,46.300,5.200,-23.480,489
35795.00,6.3330,-6.7710,3.4090,44.060,8.320,-19.600,489
35805.00,5.9460,-7.2330,3.7370,39.510,14.620,-20.510,489
35815.00,6.5760,-7.1150,3.7080,36.610,16.700,-21.000,489
35825.00,6.8430,-6.6500,3.3870,38.450,16.860,-16.010,490
35835.00,6.9320,-6.5610,3.0990,45.130,15.980,-12.840,490
35845.00,6.3910,-6.7410,3.0490,50.680,15.130,-7.450,490
35855.00,5.7600,-6.1040,2.6420,54.770,15.580,-7.630,490
35865.00,5.8450,-6.4580,2.9140,59.240,14.290,-13.050,490
35875.00,6.1280,-7.0490,3.6900,60.410,14.040,-16.660,491
35885.00,6.9330,-8.0540,4.8310,57.610,15.230,-16.110,491
35895.00,7.8320,-9.0410,6.0110,44.200,20.040,-4.830,491
35905.00,8.0700,-10.3600,7.3490,15.940,31.400,23.270,491
35915.00,9.2250,-9.8480,7.7240,-19.890,44.880,61.160,491
35925.00,8.1600,-9.9080,7.4640,-31.630,53.850,92.270,492
35935.00,8.1890,-8.8250,6.8080,-12.400,56.880,103.070,492
35945.00,11.0910,-9.3400,7.4970,39.930,-19.810,15.530,492
35955.00,4.9280,-7.8740,5.1120,4.860,-48.880,-19.740,492
35965.00,4.6490,-4.5990,1.4620,-15.020,-35.860,4.000,492
35975.00,4.4870,-2.6330,-0.0980,-3.050,-28.790,1.740,493
35985.00,3.5410,-4.3920,0.7070,22.520,-33.740,-25.510,493
35995.00,3.1900,-8.7480,2.8060,35.890,-30.280,-39.830,493
36005.00,4.0710,-8.1470,2.6730,37.150,-13.740,-35.540,493
36015.00,4.0110,-6.1470,1.9360,41.070,8.620,-22.800,493
36025.00,3.9310,-8.1590,3.0180,47.340,25.420,-12.180,494
36035.00,4.6120,-8.7730,3.8120,47.460,34.430,-5.890,494
36045.00,5.1720,-8.2130,3.5940,42.580,33.590,-8.080,494
36055.00,5.5150,-7.7700,3.5160,38.800,27.030,-13.490,494
36065.00,5.3000,-7.0830,3.0770,40.040,18.490,-19.930,494
36075.00,4.9010,-6.5460,2.8240,46.270,9.390,-28.050,495
36085.00,4.7170,-6.5770,2.6590,66.340,-4.460,-39.580,495
36095.00,4.5110,-6.8010,2.7000,74.370,-6.420,-38.740,495
36105.00,4.7340,-6.8330,2.7810,82.070,-10.410,-41.630,495
36115.00,4.7520,-7.6070,3.0780,87.180,-14.610,-47.930,495
36125.00,4.4010,-9.1650,3.5280,88.160,-14.090,-49.010,496
36135.00,4.7940,-10.0940,4.0070,83.750,-13.510,-47.460,496
36145.00,5.1090,-10.5110,4.3260,75.980,-16.150,-45.740,496
36155.00,4.5600,-10.4440,3.9210,65.820,-17.960,-41.630,496
36165.00,4.4330,-9.9500,3.3590,56.820,-18.240,-37.590,496
36175.00,4.1800,-9.1350,2.5560,51.200,-16.640,-35.360,497
36185.00,3.5270,-8.4940,1.7190,48.300,-13.320,-34.230,497
36195.00,3.3590,-7.5610,1.0490,49.590,-7.950,-34.630,497
36205.00,2.9310,-7.1730,0.6020,54.880,-0.050,-34.820,497
36215.00,2.6540,-6.5810,0.2710,61.110,10.940,-28.840,497
36225.00,3.3090,-6.6950,1.1800,81.530,27.170,-40.440,498
36235.00,3.8460,-7.8440,2.2520,90.440,28.710,-54.580,498
36245.00,4.9780,-8.3980,3.3220,94.690,29.460,-62.330,498
36255.00,5.4520,-8.0110,3.8830,94.110,30.070,-63.680,498
36265.00,5.5110,-6.9750,3.9640,91.450,28.620,-62.450,498
36275.00,5.4650,-5.7510,3.9290,94.450,28.080,-65.080,499
36285.00,5.2910,-4.9120,3.7440,102.250,28.460,-68.630,499
36295.00,5.2450,-4.4870,4.1470,109.550,29.370,-71.380,499
36305.00,5.4520,-4.1610,4.5600,115.920,32.010,-73.080,499
36315.00,6.2160,-3.6530,5.0080,121.030,34.920,-72.180,499
36325.00,7.1850,-3.5340,5.6150,124.770,36.390,-68.530,500
36335.00,7.7330,-3.9790,6.0750,124.950,35.670,-61.600,500
36345.00,8.2830,-4.1690,6.4630,119.910,31.610,-56.430,500
36355.00,8.9530,-3.9250,6.7150,112.310,25.240,-54.860,500
36365.00,9.6140,-3.1030,6.5910,91.510,14.950,-44.320,500
36375.00,9.2350,-2.3830,6.1240,86.220,11.800,-31.290,501
36385.00,9.1690,-1.6210,6.0570,83.460,6.690,-24.340,501
36395.00,9.3210,-0.3930,5.4860,74.010,-13.670,-21.680,501
36405.00,7.8050,-0.1540,4.4130,85.640,-19.740,-32.880,501
36415.00,5.9860,-0.6040,3.8110,88.200,1.830,-14.240,501
36425.00,5.4290,-1.4180,4.4380,101.040,21.320,6.490,502
36435.00,6.6680,-2.6580,5.5480,108.340,23.090,5.590,502
36445.00,7.3320,-3.3760,6.3390,103.250,23.230,4.470,502
36455.00,7.3810,-3.7140,6.6440,96.270,22.970,11.400,502
36465.00,7.3720,-4.3330,6.9210,89.280,16.230,21.410,502
36475.00,7.0370,-4.6500,7.0440,77.840,6.520,31.830,503
36485.00,6.0860,-4.2410,6.7760,65.590,-2.350,40.440,503
36495.00,5.0530,-3.9010,6.6260,55.910,-7.190,44.990,503
36506.00,3.3690,-4.3220,6.4830,42.700,-3.550,54.230,503
36515.00,3.2350,-4.8410,6.5310,38.060,-0.120,57.620,503
36525.00,3.7020,-5.3200,6.7890,31.810,1.980,57.110,504
36535.00,4.0130,-5.6360,6.9790,24.150,2.750,56.820,504
36545.00,4.2460,-5.7520,7.0200,17.250,-0.250,58.180,504
36555.00,4.2320,-5.7660,6.8170,11.780,-5.430,59.950,504
36566.00,4.1980,-5.8770,6.6490,8.220,-12.370,57.970,504
36576.00,4.2770,-5.8870,6.6060,6.420,-20.480,53.400,505
36586.00,4.1270,-5.7270,6.5910,6.820,-28.880,48.870,505
36596.00,3.6670,-6.1220,6.4110,8.490,-36.490,43.460,505
36606.00,3.2140,-6.4280,6.3690,8.310,-41.910,38.900,505
36616.00,2.8680,-6.4180,6.1920,7.030,-43.380,37.550,505
36626.00,2.5870,-6.5390,6.0520,6.190,-42.120,37.480,506
36636.00,2.4150,-6.7590,5.9890,5.700,-40.430,34.770,506
36646.00,2.6790,-7.5500,5.9650,5.460,-38.550,31.340,506
36656.00,2.6890,-7.9520,5.9010,3.110,-34.530,29.760,506
36666.00,2.9510,-8.1570,5.8660,1.070,-34.560,27.750,506
36676.00,3.3570,-8.2430,5.9330,-0.870,-36.070,23.830,507
36686.00,3.5130,-8.2260,5.9380,-2.740,-37.360,20.380,507
36696.00,3.1960,-7.9780,5.9010,-3.820,-38.010,18.070,507
36706.00,2.9700,-7.5510,5.8220,-4.120,-39.590,15.760,507
36716.00,2.7790,-7.4090,5.7870,-1.370,-39.320,12.580,507
36726.00,2.6180,-7.5260,5.8520,3.390,-36.910,8.310,508
36736.00,2.7400,-7.9340,5.9290,8.360,-33.810,2.720,508
36746.00,3.2150,-8.4170,6.1200,11.780,-30.100,-1.940,508
36756.00,3.9540,-8.6620,6.5890,10.920,-26.370,-0.290,508
36766.00,3.6550,-9.4010,5.8640,-1.530,-24.710,8.380,508
36776.00,3.7950,-8.8510,6.0370,2.730,-22.050,9.830,509
36786.00,4.3320,-8.7370,5.7040,0.590,-25.550,7.100,509
36796.00,4.2190,-7.4280,5.4290,-2.060,-30.150,-2.530,509
36806.00,4.1260,-7.2960,5.3630,2.850,-31.430,-9.310,509
36816.00,3.9050,-7.3690,5.3100,7.510,-32.600,-12.820,509
36826.00,3.5370,-7.4700,5.1020,10.920,-34.180,-13.170,510
36836.00,3.5380,-7.8010,4.9040,14.840,-34.810,-14.120,510
36846.00,3.7040,-8.2480,4.8870,18.600,-33.220,-14.730,510
36856.00,3.8110,-8.6390,4.8430,19.950,-31.310,-16.270,510
36866.00,4.0420,-8.8100,4.9280,19.350,-29.790,-18.830,510
36876.00,4.2140,-8.8300,4.9300,17.970,-27.670,-18.300,511
36886.00,4.1730,-8.8310,4.8050,16.050,-25.130,-16.220,511
36896.00,3.8830,-8.5340,4.5900,13.580,-22.520,-15.330,511
36906.00,3.5150,-8.0510,4.2910,12.980,-20.390,-16.200,511
36916.00,3.2330,-7.7190,4.1440,16.690,-19.080,-20.070,511
36926.00,3.0710,-7.7340,3.9260,23.920,-18.800,-26.020,512
36936.00,3.8830,-8.1570,4.2550,41.770,-18.340,-34.680,512
36946.00,4.0010,-8.6390,4.3440,47.860,-17.660,-33.980,512
36956.00,4.0730,-9.2490,4.5060,51.710,-17.570,-31.990,512
36966.00,4.3440,-9.4830,4.6570,51.310,-16.910,-32.040,512
36976.00,4.0470,-9.6380,4.6950,45.800,-16.680,-33.560,513
36986.00,4.1630,-9.3820,4.5950,42.590,-18.640,-35.210,513
36996.00,4.1620,-9.2870,4.4920,39.990,-20.230,-37.920,513
37006.00,3.9800,-8.8920,4.3400,37.610,-21.180,-40.650,513
37016.00,3.5540,-8.8030,4.1470,38.410,-23.150,-45.020,513
37026.00,3.5310,-9.0060,4.1370,40.970,-25.970,-51.310,514
37036.00,3.7850,-9.2590,4.6090,40.910,-28.090,-55.650,514
37046.00,3.6930,-9.7420,3.9020,36.910,-28.960,-56.590,514
37056.00,4.0390,-10.1870,4.4480,47.370,-28.280,-65.600,514
37066.00,4.0880,-11.1630,4.5610,39.510,-28.050,-65.970,514
37076.00,3.4610,-11.2100,4.2990,23.030,-21.930,-64.570,515
37086.00,3.1750,-10.9870,4.0640,13.370,-19.930,-65.740,515
37096.00,3.2090,-10.6150,3.9800,8.140,-18.590,-71.380,515
37106.00,3.3710,-10.3540,3.9660,3.250,-15.790,-75.160,515
37116.00,3.5800,-10.0190,3.9630,-1.530,-10.450,-74.200,515
37126.00,3.9790,-9.2570,3.7660,-7.240,-4.110,-72.620,516
37136.00,4.6330,-8.6820,3.7780,-11.700,2.160,-70.220,516
37146.00,5.2050,-8.0940,3.7560,-16.230,8.510,-64.470,516
37156.00,5.3980,-7.4930,3.4910,-18.300,12.830,-60.140,516
37166.00,5.2660,-7.6730,3.2510,-16.600,11.890,-62.000,516
37176.00,4.8050,-8.0910,3.1660,-14.010,7.220,-67.160,517
37186.00,4.5330,-8.1960,3.0050,-12.000,1.060,-76.310,517
37196.00,4.7620,-8.2380,3.1100,-10.840,-5.020,-88.650,517
37206.00,5.0140,-7.9920,3.0860,-11.930,-8.370,-94.810,517
37216.00,4.7270,-7.4590,2.8450,-15.060,-8.210,-96.070,517
37226.00,4.8340,-7.0920,2.6400,-17.610,-5.440,-94.360,518
37236.00,5.0360,-7.0020,2.5430,-20.360,-0.810,-89.330,518
37246.00,4.9180,-7.1740,2.2820,-23.770,4.890,-78.940,518
37256.00,4.6930,-6.9210,2.0630,-28.040,10.960,-68.930,518
37266.00,4.7880,-5.9840,1.6330,-30.980,16.960,-65.360,518
37276.00,5.3090,-5.3140,1.2520,-28.730,20.340,-71.450,519
37286.00,5.7490,-5.2550,1.2250,-22.430,21.110,-79.480,519
37296.00,5.8640,-5.1110,1.0580,-15.220,22.790,-82.470,519
37306.00,6.0030,-5.2920,1.0640,-7.410,24.120,-83.000,519
37316.00,6.3010,-5.6670,1.2260,-1.950,24.400,-82.510,519
37326.00,6.5340,-5.6060,1.3420,-0.640,25.500,-78.780,520
37336.00,6.5210,-4.6740,1.0990,-0.180,28.360,-73.440,520
37346.00,6.1720,-3.6430,0.6360,6.960,31.090,-73.180,520
37356.00,6.8270,-3.6530,0.9640,35.630,31.170,-96.810,520
37366.00,7.2500,-4.2120,1.4780,48.680,30.670,-107.620,520
37376.00,7.7200,-4.4750,1.6840,57.050,31.440,-108.950,521
37386.00,8.2510,-4.6930,2.0810,59.990,33.220,-102.970,521
37396.00,8.3840,-4.2670,2.1660,59.850,36.580,-95.090,521
37406.00,8.3360,-3.7730,2.1370,59.970,39.640,-90.770,521
37416.00,8.6350,-3.1980,2.1300,62.810,41.990,-87.340,521
37426.00,8.9410,-2.7780,2.1600,67.990,43.930,-82.910,522
37436.00,9.0740,-2.0920,1.9320,74.950,44.930,-79.170,522
37446.00,9.0170,-2.1510,2.0170,83.070,42.970,-80.230,522
37456.00,8.7860,-2.9240,2.3470,90.490,40.200,-81.000,522
37466.00,8.5010,-3.7810,2.5590,92.310,38.800,-77.770,522
37476.00,8.2400,-4.1100,2.9120,86.080,38.280,-70.980,523
37486.00,7.6940,-3.1270,2.6120,76.390,40.130,-59.640,523
37496.00,6.8740,-0.6960,1.8140,74.740,41.640,-42.770,523
37506.00,6.3570,0.1190,1.8310,104.750,39.360,-41.490,523
37516.00,5.7510,0.9470,1.9260,129.500,35.900,-52.150,523
37526.00,4.7290,-0.0920,2.6280,157.990,33.060,-73.360,524
37536.00,4.3110,-1.5520,3.7350,178.760,32.770,-93.170,524
37546.00,4.5210,-3.1310,5.1370,185.970,36.930,-104.170,524
37556.00,4.9710,-4.3170,6.2420,182.100,46.000,-101.410,524
37566.00,6.3630,-3.7350,7.2630,172.650,55.010,-88.040,524
37576.00,7.3920,-2.0030,7.7620,171.730,55.640,-65.880,525
37587.00,8.0010,-1.7330,8.3190,180.130,43.070,-68.440,525
37597.00,7.3590,-2.1390,8.7330,180.770,31.580,-95.420,525
37607.00,6.3630,-2.3010,9.0300,177.570,27.660,-108.990,525
37617.00,6.4130,-2.8030,9.7850,172.600,27.810,-109.130,525
37627.00,5.8090,-2.8680,9.8150,160.720,34.940,-103.190,526
37637.00,2.9030,-2.8070,8.8160,146.740,46.920,-100.660,526
37647.00,3.0140,-2.4160,8.9750,134.430,79.630,-88.970,526
37657.00,4.1550,-0.1830,9.0580,134.280,90.320,-79.570,526
37667.00,7.0220,-2.3270,11.0120,143.100,87.450,-88.510,526
37677.00,8.0190,-7.4300,13.3310,125.440,95.490,-92.010,527
37687.00,6.4220,-6.1340,12.2330,66.550,116.310,-50.780,527
37697.00,6.9720,-4.4810,11.6680,27.250,120.460,-9.450,527
37707.00,6.6200,-4.7540,11.2120,1.990,117.270,-3.720,527
37717.00,4.6330,-3.4280,9.6670,-26.850,118.110,-7.500,527
37727.00,3.8710,-1.9100,8.3530,-41.780,120.040,-4.110,528
37737.00,4.8750,0.0490,7.3540,-43.930,119.930,-1.940,528
37747.00,6.2470,2.0030,6.6460,-31.750,113.180,-3.710,528
37757.00,7.1720,3.2490,6.3110,-3.470,97.030,-12.230,528
37767.00,7.1660,2.2310,6.8310,32.430,76.270,-23.670,528
37777.00,6.7700,0.2480,7.8650,59.830,57.230,-30.390,529
37787.00,4.6630,-1.9190,9.3410,70.870,37.980,-23.240,529
37797.00,3.6680,-2.8000,9.7930,63.170,37.700,-12.930,529
37807.00,3.3110,-3.4920,10.2080,48.180,42.950,-0.660,529
37817.00,3.4180,-3.3220,10.2600,28.680,53.430,18.040,529
37827.00,4.4050,-4.5240,9.5710,8.260,66.440,40.170,530
37837.00,2.1350,-0.9050,9.7280,-4.170,84.390,69.890,530
37847.00,3.7230,-0.0960,7.6830,-5.540,77.150,62.000,530
37857.00,7.2350,4.0460,6.7990,66.550,83.530,54.490,530
37867.00,9.1390,15.5520,-16.6930,289.480,72.190,44.740,530
37877.00,-3.2380,-6.3010,7.1890,327.670,18.380,24.510,531
37887.00,7.8260,-4.8930,14.4280,41.470,-11.410,-20.840,531
37897.00,5.3730,-1.2550,13.1230,25.370,6.940,-12.540,531
37907.00,3.7380,-0.4830,11.2150,-3.260,24.680,3.200,531
37917.00,2.4770,-0.4580,11.0350,-14.240,38.090,19.660,531
37927.00,3.2250,-0.4790,10.2740,-28.740,38.090,25.860,532
37937.00,2.9830,-0.3980,9.7540,-33.570,41.710,35.550,532
37947.00,3.0540,-1.1540,9.4850,-26.700,41.590,35.010,532
37957.00,3.1980,-0.5890,9.1020,-13.240,37.810,32.390,532
37967.00,3.5250,-0.2510,8.9080,-5.170,31.790,31.550,532
37977.00,3.9570,-0.1500,9.0340,-1.250,26.400,35.940,533
37987.00,3.5950,-0.2830,9.5380,-7.990,24.730,40.070,533
37997.00,2.6210,-1.4950,9.1820,-3.700,20.450,27.680,533
38007.00,3.7220,-1.2110,10.5810,4.250,15.210,21.050,533
38017.00,3.9400,-1.3260,11.1390,14.960,9.300,20.100,533
38027.00,3.3830,-1.1720,10.5840,32.360,4.050,20.310,534
38037.00,2.7750,-1.1090,9.7540,37.550,6.390,28.360,534
38047.00,2.0900,-1.0400,8.9310,29.260,13.220,33.750,534
38057.00,1.3970,-0.8990,8.1590,14.450,17.450,36.270,534
38067.00,1.6290,-0.6730,7.5490,6.950,11.560,24.690,534
38077.00,2.4260,-0.8630,7.7580,14.730,1.930,8.250,535
38087.00,3.7780,-0.6410,7.6920,14.280,-8.190,-5.400,535
38097.00,3.8820,-1.0380,8.6990,7.630,-18.590,-18.550,535
38107.00,3.1780,-0.8050,7.4050,11.880,-20.560,-19.420,535
38117.00,3.0740,0.1860,8.0390,-7.040,-35.770,-28.630,535
38127.00,1.6110,-1.2830,8.1580,-13.780,-47.160,-42.800,536
38137.00,1.8040,-1.3060,8.4110,5.370,-54.830,-36.680,536
38147.00,3.0190,-2.0200,8.9180,2.800,-64.030,-39.070,536
38157.00,2.9490,-3.6400,9.2240,-11.540,-64.660,-38.640,536
38167.00,2.7970,-2.7900,9.2190,1.770,-58.000,-22.380,536
38177.00,2.0420,-2.9760,8.4560,-5.100,-48.040,-8.540,537
38187.00,0.5440,-2.6390,7.9360,-0.150,-37.170,1.180,537
38197.00,-8.8890,-8.7070,7.0810,68.900,-19.390,35.990,537
38207.00,5.8930,-1.3960,9.5120,63.590,28.550,126.290,537
38217.00,6.6000,-1.2560,9.8380,35.400,33.570,122.490,537
38227.00,4.9600,-1.1070,8.8490,13.280,24.210,101.350,538
38237.00,5.0750,-1.0240,9.0890,5.550,8.140,68.470,538
38247.00,3.5010,-3.5120,10.0760,7.860,-3.170,36.800,538
38257.00,2.9060,-3.9240,10.0720,25.200,-4.240,24.980,538
38267.00,2.7870,-4.5590,10.5930,20.750,-1.960,21.640,538
38277.00,2.7080,-5.2400,10.7540,7.630,5.890,26.630,539
38287.00,0.5370,-2.8470,7.9520,18.290,13.690,30.550,539
38297.00,2.5970,-3.9400,9.0080,58.220,13.320,21.960,539
38307.00,3.2250,-4.6700,10.1080,58.990,30.330,35.800,539
38317.00,3.0850,-3.0470,9.3540,63.100,48.730,45.650,539
38327.00,2.5950,-0.4220,9.4610,77.350,56.080,28.400,540
38337.00,1.4090,-1.1060,8.9740,67.270,53.800,-13.260,540
38347.00,2.1660,-1.6650,8.1110,69.090,-54.010,-69.960,540
38357.00,2.4000,-2.8410,8.3580,91.590,-61.850,-88.440,540
38367.00,2.4960,-4.0300,9.4070,114.750,-50.100,-87.250,540
38377.00,1.9010,-4.9660,11.4470,110.810,-32.520,-56.150,541
38387.00,1.9560,-5.0340,11.8190,85.570,10.750,-21.240,541
38397.00,1.4750,-4.6490,10.2440,50.450,52.230,16.990,541
38407.00,1.7460,-4.5540,8.7600,23.890,58.350,51.480,541
38417.00,1.9640,-3.2320,9.5370,4.480,52.000,68.420,541
38427.00,0.9750,-3.6680,8.6530,-13.550,72.910,69.980,542
38437.00,3.1650,-1.8710,9.7110,-10.580,67.210,65.250,542
38447.00,2.8700,-3.3390,11.0030,-1.760,38.980,40.700,542
38457.00,2.7560,-3.8600,10.8940,-1.080,22.880,31.340,542
38467.00,2.8820,-4.0290,9.7970,15.960,19.170,21.970,542
38477.00,2.9080,-4.4630,9.8480,29.960,17.860,9.600,543
38487.00,1.7080,-3.8350,9.1090,31.640,18.490,0.080,543
38497.00,0.7560,-4.0660,9.6290,50.050,29.480,5.000,543
38507.00,0.7740,-4.0180,9.5300,55.910,33.780,-1.260,543
38517.00,1.1830,-2.8390,8.7910,51.820,34.310,-7.750,543
38527.00,1.9020,-2.4590,8.2340,41.020,22.910,-21.870,544
38537.00,1.8290,-2.8940,8.7060,42.380,6.870,-39.300,544
38547.00,1.4630,-3.9810,9.5540,47.970,-5.810,-51.100,544
38557.00,1.7520,-4.7840,10.5060,49.860,-8.190,-56.800,544
38567.00,1.9710,-4.9780,11.0230,45.060,-4.900,-52.880,544
38577.00,2.4620,-5.2180,11.3750,32.850,1.490,-43.750,545
38587.00,2.5230,-5.4580,10.9790,24.640,12.430,-33.490,545
38597.00,2.2400,-4.7860,10.0350,18.810,22.770,-22.480,545
38608.00,2.1610,-4.0600,9.5460,12.000,28.580,-17.830,545
38618.00,1.9870,-3.0460,9.8050,9.990,28.340,-22.680,545
38628.00,1.7940,-3.2780,9.9250,12.980,22.130,-33.720,546
38638.00,3.0670,-4.0730,10.2790,11.320,19.360,-41.630,546
38648.00,3.5960,-3.9930,10.0570,3.620,26.330,-26.950,546
38658.00,4.6560,-3.4730,9.4460,-11.840,25.700,-15.750,546
38668.00,5.5400,-2.3010,8.2630,-29.230,17.610,-7.560,546
38678.00,6.0560,-0.1310,8.0180,-47.000,3.450,-3.720,547
38688.00,5.3320,-0.3290,7.7550,-45.650,-10.190,-6.370,547
38698.00,4.4810,-1.9050,8.7310,-53.030,-15.910,3.180,547
38708.00,3.3080,-2.4390,9.2720,-69.660,-10.920,30.620,547
38718.00,3.4730,-2.6790,9.2240,-80.300,-0.700,64.270,547
38728.00,3.0380,-2.8720,8.8050,-101.350,9.330,93.930,548
38738.00,2.3610,-2.6330,7.9580,-114.830,14.010,116.820,548
38748.00,1.7310,-2.1210,6.8940,-117.260,6.080,125.890,548
38758.00,0.2290,-2.7680,5.7090,-91.620,-15.260,118.220,548
38768.00,-1.1100,-2.2330,6.1300,-105.080,-24.220,121.740,548
38778.00,-2.4710,-1.4140,5.0990,-53.890,-44.820,105.240,549
38788.00,-3.0500,-2.1530,5.3130,-25.420,-51.700,83.730,549
38798.00,-5.1850,-2.7210,5.7290,-18.260,-39.880,74.460,549
38808.00,-4.9140,-3.4130,7.4180,-7.100,-25.690,79.060,549
38818.00,-5.1760,-4.0950,8.4430,-5.520,-13.600,84.730,549
38828.00,-4.6870,-4.5200,9.3150,1.030,-0.320,88.700,550
38838.00,-4.3250,-4.8260,10.1120,4.230,12.780,93.340,550
38848.00,-4.4210,-4.5960,10.5480,5.860,25.080,102.090,550
38858.00,-4.6570,-4.6950,9.6100,17.870,33.550,103.300,550
38868.00,-4.8170,-4.4510,9.1040,25.130,37.260,99.220,550
38878.00,-4.6180,-3.8710,8.8630,26.670,38.820,94.070,551
38888.00,-4.3190,-4.5340,7.9840,23.850,37.330,91.400,551
38898.00,-3.3950,-4.0900,8.3130,49.820,30.720,67.930,551
38908.00,-3.2240,-4.9440,8.9140,48.390,17.260,48.730,551
38918.00,-2.8510,-6.4960,10.2540,39.500,10.020,34.750,551
38928.00,-3.1070,-6.6040,10.2410,28.540,14.810,39.980,552
38938.00,-3.1980,-6.2950,9.9150,18.850,18.420,45.600,552
38948.00,-3.2650,-5.4540,9.2960,14.300,19.260,53.820,552
38958.00,-3.2820,-4.8500,8.4950,18.970,18.330,61.380,552
38968.00,-2.7380,-4.6880,7.8710,26.650,14.580,59.740,552
38978.00,-2.6410,-4.2640,7.0970,37.590,14.690,51.370,553
38988.00,-3.4100,-4.2230,6.5210,61.060,22.760,38.480,553
38998.00,-4.6360,-3.3210,6.1100,95.060,43.630,37.580,553
39008.00,-7.6160,-4.4440,7.0320,52.640,36.060,52.790,553
39018.00,-6.0010,-7.1460,7.7210,7.490,10.280,42.610,553
39028.00,-4.6430,-6.8360,10.2710,22.630,29.230,42.480,554
39038.00,-4.2730,-7.3190,11.0470,5.860,52.700,91.690,554
39048.00,-4.6210,-8.7300,11.1760,11.900,72.400,137.770,554
39058.00,-5.0390,-7.0830,8.9650,-23.700,82.050,172.720,554
39068.00,-6.4540,-5.9100,7.2380,-29.850,78.280,175.400,554
39078.00,-7.0570,-5.1750,6.5500,-21.170,61.870,159.440,555
39088.00,-7.7930,-4.5430,5.7350,-8.360,41.200,134.640,555
39098.00,-9.0710,-4.5600,5.2150,9.900,21.230,101.770,555
39108.00,-9.9570,-4.8920,5.1180,28.700,2.400,63.610,555
39118.00,-9.9060,-4.7050,4.7950,47.530,-12.340,31.530,555
39128.00,-10.0220,-4.1950,4.9920,67.110,-31.540,-2.710,556
39138.00,-7.5870,-4.6890,4.6930,76.300,-65.500,-46.580,556
39148.00,-5.5350,-3.3230,4.1330,90.560,-93.850,-97.940,556
39158.00,-5.4840,-2.5570,3.9460,113.850,-124.430,-141.050,556
39168.00,-4.3920,-3.0160,4.6940,143.430,-161.720,-180.720,556
39178.00,-4.1920,-4.2770,5.9100,164.640,-192.220,-209.860,557
39188.00,-3.3420,-5.0990,6.9960,172.650,-211.520,-229.600,557
39198.00,-1.9980,-7.5780,9.1460,164.760,-212.010,-262.930,557
39208.00,-1.6800,-7.8900,9.5210,148.330,-200.450,-258.940,557
39218.00,-0.8560,-7.4170,9.3750,133.890,-187.930,-241.270,557
39228.00,-0.1860,-5.8210,9.1260,126.260,-178.940,-216.020,558
39238.00,-0.0410,-6.2140,8.7820,166.140,-196.840,-228.970,558
39248.00,-0.9180,-5.5070,9.0320,172.150,-208.690,-232.830,558
39258.00,-1.9280,-5.0670,8.3520,136.220,-195.720,-193.560,558
39268.00,-1.5170,-5.1000,8.3270,117.440,-176.030,-156.340,558
39278.00,-0.2850,-5.2460,8.4680,105.890,-157.120,-137.340,559
39288.00,0.9890,-4.9380,9.0930,103.020,-136.330,-127.890,559
39298.00,1.4530,-4.8950,9.5290,90.420,-116.590,-112.870,559
39308.00,1.2710,-5.0270,9.7610,74.550,-100.640,-97.980,559
39318.00,0.1500,-4.9900,10.0000,61.720,-82.360,-88.630,559
39328.00,-0.4580,-5.2180,10.5370,49.870,-61.060,-74.860,560
39338.00,-1.4420,-4.6420,11.1660,38.800,-15.240,-35.030,560
39348.00,-0.8790,-4.1040,11.3410,30.830,-15.870,-27.370,560
39358.00,0.1000,-3.5580,11.1840,37.170,-23.350,-28.610,560
39368.00,-0.8990,-4.1340,10.8210,39.220,-31.970,-33.250,560
39378.00,-3.6590,-5.7200,9.8510,39.530,-35.440,-32.270,561
39388.00,-3.2990,-4.1610,9.3280,40.200,-15.910,-9.570,561
39398.00,-1.2340,-3.8440,8.7800,67.010,-7.070,0.130,561
39408.00,-0.9990,-3.5500,8.4610,51.730,-6.460,4.090,561
39418.00,-0.7630,-3.7300,9.3900,54.760,0.410,0.850,561
39428.00,-0.0520,-4.4490,10.8280,67.810,-0.820,-0.050,562
39438.00,-2.8470,-8.0010,12.8560,64.290,-14.250,-6.330,562
39448.00,-0.9870,-10.1380,16.0250,127.470,-51.540,-24.930,562
39458.00,1.1740,-6.7760,11.9530,94.290,-69.440,-6.660,562
39468.00,-0.5220,-4.0010,9.1470,47.880,-60.430,19.190,562
39478.00,-1.6550,-4.7400,9.4990,45.780,-57.790,19.370,563
39488.00,-2.2560,-4.5180,9.9660,24.150,-53.530,29.450,563
39498.00,-1.5670,-4.1930,9.8160,9.710,-55.550,46.420,563
39508.00,-0.2320,-4.7290,10.3450,-2.060,-49.110,62.240,563
39518.00,-0.0270,-4.5220,10.8140,-2.410,-34.090,76.940,563
39528.00,0.6290,-3.2880,9.9450,-13.410,-29.650,96.870,564
39538.00,1.5430,-2.5310,8.9970,-14.320,-34.410,106.740,564
39548.00,1.6700,-2.2890,9.1760,-4.380,-38.890,104.050,564
39558.00,1.9020,-2.7180,8.3880,2.260,-44.070,86.060,564
39568.00,2.2750,-2.8220,8.5310,24.990,-48.300,45.000,564
39578.00,1.9560,-3.6200,9.7290,36.360,-49.140,15.600,565
39588.00,2.0980,-4.5210,10.6940,29.770,-45.290,7.590,565
39598.00,1.2720,-4.4090,10.5580,25.160,-30.960,6.430,565
39608.00,0.7570,-3.9980,10.0370,21.440,-19.130,9.830,565
39618.00,1.1150,-3.4600,9.5820,15.940,-10.760,15.460,565
39628.00,1.1500,-3.1500,9.5660,16.830,-8.370,5.240,566
39639.00,1.5540,-1.9990,9.3590,24.800,-8.170,-9.410,566
39649.00,0.7340,-1.9470,8.6270,29.420,-6.270,-27.440,566
39659.00,0.3490,-1.5430,8.8670,30.960,-3.430,-40.770,566
39669.00,-0.3390,-2.3310,8.0090,39.720,-8.170,-55.860,566
39679.00,-0.7360,-2.5230,7.9620,29.280,-24.800,-67.950,567
39689.00,-2.0740,-2.8490,6.0310,32.780,-47.990,-86.870,567
39699.00,-2.4670,-1.8470,4.8900,36.190,-91.260,-116.020,567
39709.00,-2.6520,-1.7870,5.7820,28.680,-130.220,-155.470,567
39719.00,-2.9340,-3.2010,6.6060,30.340,-149.170,-188.720,567
39729.00,-1.6330,-4.1620,7.1780,32.830,-162.510,-204.400,568
39739.00,0.2520,-3.8280,8.1840,38.760,-166.790,-214.280,568
39749.00,1.7240,-4.1920,8.4160,57.380,-170.220,-222.910,568
39759.00,4.0900,-4.6210,9.5170,74.320,-181.140,-230.650,568
39769.00,5.0420,-6.3800,10.3290,87.600,-116.010,-192.920,568
39779.00,5.2190,-6.1170,10.6520,73.800,-83.130,-155.190,569
39789.00,8.1970,-11.6180,14.1970,74.430,-54.230,-107.250,569
39799.00,4.2580,-5.4920,10.1300,112.240,3.870,-63.400,569
39809.00,4.9190,-3.8640,9.2930,42.700,-33.370,-45.130,569
39819.00,4.2590,-3.2540,8.0330,20.700,-49.300,-29.240,569
39829.00,3.1860,-3.2880,7.4120,34.120,-47.230,-25.740,570
39839.00,3.2270,-3.4950,6.9970,74.900,-29.720,-28.890,570
39849.00,3.4460,-3.1330,6.7410,129.710,-8.240,-33.750,570
39859.00,4.4780,-3.0910,7.5020,183.630,8.230,-46.690,570
39869.00,5.1790,-3.3760,8.2310,206.690,18.430,-51.970,570
39879.00,5.0970,-2.5180,8.4630,202.840,18.310,-49.000,571
39889.00,5.0620,-1.6830,8.5290,198.900,15.860,-46.180,571
39899.00,4.9450,-1.7620,8.2700,206.200,12.190,-46.280,571
39909.00,6.2870,-3.7950,10.1890,192.170,13.800,-45.090,571
39919.00,3.0140,-2.8520,9.5310,59.990,18.960,4.350,571
39929.00,3.5800,-2.3130,9.0640,47.550,-3.590,13.940,572
39939.00,3.7810,-1.4630,8.7480,47.040,-4.550,16.090,572
39949.00,3.7610,-1.5610,8.9280,48.250,12.340,24.580,572
39959.00,3.7200,-1.9260,8.9580,48.050,24.100,33.450,572
39969.00,3.6900,-1.8540,8.8190,47.280,30.560,36.250,572
39979.00,3.8590,-0.2670,8.6240,45.390,42.530,31.620,573
39989.00,3.9580,0.9230,9.9820,41.510,57.020,20.540,573
39999.00,2.5550,-0.7330,9.5040,38.670,82.590,11.510,573
40009.00,2.7790,-3.9500,9.5190,34.890,92.550,15.450,573
40019.00,1.7640,-5.3460,9.7670,36.540,66.890,11.230,573
40029.00,0.8180,-3.9670,9.7250,41.070,26.200,5.280,574
40039.00,0.9780,-3.5280,9.8880,37.200,-3.920,-9.870,574
40049.00,2.6600,-5.8260,8.1510,36.870,12.830,-10.650,574
40059.00,1.8810,-3.3420,9.6160,39.600,10.420,17.300,574
40069.00,3.2560,-2.3000,9.3970,42.820,-0.420,25.720,574
40079.00,4.3210,-1.3070,9.1800,41.280,-4.460,39.680,575
40089.00,4.7650,-2.1400,9.1080,43.000,4.430,58.090,575
40099.00,5.3700,-1.0480,9.1310,42.330,14.320,78.570,575
40109.00,4.9570,-1.0240,9.9970,42.560,14.990,78.500,575
40119.00,4.2170,-0.9530,10.1100,40.140,4.590,67.370,575
40129.00,3.8500,-1.0380,9.9130,42.400,-6.810,54.520,576
40139.00,4.3340,-0.8420,9.9780,41.330,-16.520,43.180,576
40149.00,4.9670,-0.7150,9.9030,42.330,-27.370,33.610,576
40159.00,4.6250,-0.2660,10.0760,43.310,-40.390,27.290,576
40169.00,2.7450,-1.0550,9.7850,44.660,-49.250,31.900,576
40179.00,2.8170,-1.4440,9.4930,46.180,-44.360,46.040,577
40189.00,2.8710,-1.6700,11.1940,24.970,-35.950,39.700,577
40199.00,2.6320,-2.2570,10.1320,-17.530,-37.800,37.950,577
40209.00,2.3670,-2.4830,8.9160,-29.460,-39.380,32.890,577
40219.00,2.0590,-2.4330,8.9910,-16.950,-39.970,24.630,577
40229.00,1.0520,-2.2200,8.8700,-0.290,-40.160,15.340,578
40239.00,0.4730,-1.9050,9.6570,16.430,-35.110,3.560,578
40249.00,1.0010,-1.4170,9.1470,20.460,-27.110,-0.170,578
40259.00,1.3070,-0.8480,9.2300,36.850,-28.980,-3.010,578
40269.00,1.3470,-0.6050,9.4940,57.280,-31.170,1.450,578
40279.00,1.1600,-0.4640,9.8210,71.470,-26.010,12.960,579
40289.00,0.3270,-0.7190,10.7130,72.990,-16.590,17.880,579
40299.00,1.4210,-1.0690,10.8980,61.250,-14.740,13.450,579
40309.00,2.5070,-1.3670,10.6200,39.690,-22.240,3.560,579
40319.00,3.2270,-2.0680,9.4860,18.390,-32.180,-7.050,579
40329.00,3.9450,-3.0680,8.7980,19.830,-37.260,-13.940,580
40339.00,4.1220,-3.5640,8.5170,34.230,-31.750,-9.170,580
40349.00,4.2520,-3.8710,8.4150,43.330,-28.770,-5.180,580
40359.00,3.3590,-3.5070,8.6270,51.360,-31.190,-5.320,580
40369.00,2.4250,-3.3890,9.0110,60.500,-32.150,-4.720,580
40379.00,1.4900,-3.2490,9.5900,66.310,-32.220,-6.470,581
40389.00,1.7850,-2.7360,9.2300,62.840,-35.650,-10.920,581
40399.00,2.8860,-2.1350,10.7380,78.380,-59.900,-18.620,581
40409.00,3.9640,-1.4180,8.0540,57.010,-58.700,-18.770,581
40419.00,3.6250,-1.5270,9.5470,61.970,-37.540,-3.600,581
40429.00,3.0140,-1.7410,9.4890,50.680,-18.390,11.120,582
40439.00,4.0940,-1.6150,9.4080,49.240,-17.940,21.200,582
40449.00,4.9240,-1.4360,9.4190,46.830,-19.900,32.120,582
40459.00,5.3400,-1.4570,9.3600,42.510,-21.320,44.550,582
40469.00,2.5730,-2.4700,9.1320,41.350,-23.170,54.330,582
40479.00,0.9350,-2.6820,9.5060,57.210,-29.050,56.450,583
40489.00,-0.2000,-3.2700,9.1540,61.370,-32.080,55.080,583
40499.00,0.2090,-3.5710,9.5120,75.950,-42.230,47.800,583
40509.00,1.5440,-2.7240,9.9680,80.040,-52.430,40.930,583
40519.00,2.9510,-2.9870,9.8820,72.120,-62.980,38.340,583
40529.00,4.5360,-3.7550,9.7290,62.740,-79.940,38.550,584
40539.00,4.6140,-3.2960,9.1350,48.750,-104.880,51.150,584
40549.00,3.8580,-2.9800,8.7060,55.720,-126.860,61.660,584
40559.00,3.0070,-2.7330,8.5500,70.520,-133.810,60.880,584
40569.00,1.8260,-2.1840,8.4510,75.270,-115.380,54.280,584
40579.00,1.0120,-2.0290,8.6790,77.940,-79.890,44.180,585
40589.00,1.2930,-2.1460,9.4300,77.450,-43.770,35.820,585
40599.00,1.7440,-2.1180,9.4690,66.670,-18.920,24.900,585
40609.00,2.4720,-1.6590,9.8680,57.010,-7.650,11.910,585
40619.00,3.8540,-2.5200,9.1600,37.060,-18.570,12.660,585
40629.00,2.6710,-3.2050,9.2070,44.900,-34.200,11.160,586
40639.00,3.7750,-2.6780,9.1010,49.720,-45.520,9.370,586
40649.00,5.2530,-2.2090,8.6900,49.560,-48.970,13.080,586
40660.00,7.0800,-1.7570,8.3120,47.970,-46.460,15.620,586
40670.00,8.0900,-1.1720,7.9840,44.220,-36.350,12.350,586
40680.00,6.3340,-1.8230,8.0440,42.980,-19.670,6.220,587
40690.00,3.9620,-2.1910,8.4170,44.750,-2.520,9.900,587
40700.00,3.5070,-2.1610,9.0320,55.540,3.580,25.230,587
40710.00,3.5860,-2.5780,8.8210,61.760,-0.320,35.830,587
40720.00,3.7380,-2.4800,9.4340,72.200,-4.410,33.940,587
40730.00,3.4000,-1.7260,8.9760,61.480,1.160,38.620,588
40740.00,2.8820,-3.9790,9.0350,50.330,11.290,31.630,588
40750.00,2.2340,-4.0410,9.3370,44.130,9.880,5.960,588
40760.00,3.2680,-3.3510,8.9940,42.750,-14.790,-4.650,588
40770.00,4.1130,-3.2290,8.7450,43.120,-17.820,-4.370,588
40780.00,4.4410,-3.1690,8.7300,42.890,-15.980,-5.750,589
40790.00,4.0130,-2.9820,8.8980,42.860,-14.880,-6.330,589
40800.00,3.8080,-2.6760,8.9950,43.640,-15.160,-2.270,589
40810.00,3.3520,-2.6100,9.1110,44.260,-15.470,1.900,589
40820.00,2.9820,-2.6540,9.1810,44.330,-15.520,2.340,589
40830.00,3.1650,-2.6700,9.1560,44.240,-16.360,0.540,590
40840.00,3.5490,-2.6240,9.0840,43.610,-17.410,-0.920,590
40850.00,3.8750,-2.6540,9.0160,43.150,-17.190,-3.620,590
40860.00,4.6890,-2.6410,8.8400,43.380,-17.550,-4.650,590
40870.00,4.9200,-2.5740,8.7320,45.390,-19.340,2.640,590
40880.00,4.5670,-2.3230,8.9440,47.060,-18.380,10.300,591
40890.00,4.1810,-2.2030,9.0850,46.880,-18.220,12.720,591
40900.00,4.1350,-1.8960,9.0720,46.150,-17.870,10.140,591
40910.00,4.3030,-1.8910,9.0260,45.880,-16.220,9.440,591
40920.00,4.0060,-2.0270,9.0190,44.920,-14.880,6.700,591
40930.00,3.5170,-2.3070,9.0970,44.060,-12.640,2.200,592
40940.00,2.9160,-2.2950,9.3850,44.340,-12.360,-0.070,592
40950.00,2.8790,-2.4500,9.1010,44.660,-14.910,-1.200,592
40960.00,3.1740,-2.4760,9.1980,45.460,-14.610,-1.190,592
40970.00,2.6830,-2.6030,8.8980,44.480,-13.980,2.180,592
40980.00,1.2040,-2.7910,8.4700,44.970,-0.580,20.920,593
40990.00,0.5240,-2.6840,8.6720,49.870,30.770,56.870,593
41000.00,1.6710,-3.2430,9.0050,46.510,64.650,74.330,593
41010.00,2.3290,-3.0990,9.7680,42.190,75.900,67.280,593
41020.00,2.5160,-3.2530,9.7930,39.480,60.260,41.450,593
41030.00,2.5220,-2.7990,9.8690,38.480,37.180,19.370,594
41040.00,3.4090,-2.7720,9.4200,39.060,1.790,-5.890,594
41050.00,3.0900,-2.6710,9.2270,40.970,-5.830,-2.830,594
41060.00,2.6110,-2.6540,9.1200,40.840,-3.800,0.400,594
41070.00,2.4530,-2.4000,9.3840,40.650,3.070,3.970,594
41080.00,2.0240,-2.7810,9.6190,40.580,4.190,1.110,595
41090.00,1.6530,-3.0830,9.6570,40.670,-3.060,-8.270,595
41100.00,1.8790,-2.9790,9.6290,41.040,-13.130,-19.890,595
41110.00,2.6050,-2.7250,9.3540,40.880,-20.810,-31.150,595
41120.00,3.1960,-2.4840,9.2920,39.930,-21.530,-36.920,595
41130.00,2.8880,-2.5440,9.2210,38.460,-19.200,-37.110,596
41140.00,2.8180,-3.1870,9.4180,37.520,-18.250,-37.740,596
41150.00,2.7620,-2.8430,9.0870,37.500,-18.040,-43.570,596
41160.00,2.7340,-2.3400,8.9120,38.430,-10.730,-45.620,596
41170.00,2.6700,-2.4980,9.4390,40.460,3.790,-35.070,596
41180.00,1.9690,-3.6090,8.1320,35.260,0.090,-60.700,597
41190.00,2.6210,-3.2610,7.8540,30.660,44.210,-67.110,597
41200.00,2.3330,-2.0430,8.0610,27.820,94.190,-44.760,597
41210.00,3.0870,-5.7940,2.8350,30.190,138.760,-26.050,597
41220.00,0.5180,0.7350,4.7800,135.990,101.890,-35.820,597
41230.00,-0.8360,-1.6710,8.6750,24.270,12.120,-46.490,598
41240.00,1.1770,-2.8290,9.4000,-56.430,-68.390,-45.500,598
41250.00,2.4380,-3.4130,10.4200,-16.390,-46.180,-32.060,598
41260.00,2.0820,-2.3220,9.2860,56.860,2.890,-44.040,598
41270.00,2.2330,-2.7910,9.1900,27.890,-10.500,-60.320,598
41280.00,2.0700,-2.1470,9.9200,34.210,-4.880,-65.060,599
41290.00,1.5540,-1.4050,9.6980,43.220,5.330,-80.600,599
41300.00,2.5810,0.3310,10.3660,37.710,7.360,-101.640,599
41310.00,3.8340,-2.4140,9.4540,45.710,18.290,-123.000,599
41320.00,1.0010,-3.4450,9.1530,56.890,19.430,-103.090,599
41330.00,-0.0170,-3.0380,9.3530,51.850,11.570,-86.110,600
41340.00,0.1530,-2.7930,9.3360,33.510,-5.010,-68.260,600
41350.00,0.7100,-3.1340,9.4430,17.920,-20.040,-50.270,600
41360.00,0.9880,-3.6860,9.3320,15.310,-25.410,-36.200,600
41370.00,0.8080,-4.3070,9.6100,30.680,-20.210,-21.120,600
41380.00,0.2100,-4.4820,10.5470,55.320,-8.580,4.230,601
41390.00,0.6950,-4.4010,11.6940,53.640,0.000,44.550,601
41400.00,1.1830,-4.3510,11.6880,30.150,4.070,81.440,601
41410.00,1.4390,-4.1120,11.2680,17.320,0.710,102.910,601
41420.00,1.6160,-3.6710,10.8590,14.560,-7.230,113.100,601
41430.00,1.7690,-3.2470,10.3260,12.790,-14.880,117.840,602
41440.00,1.4730,-3.0670,9.6150,14.510,-16.990,122.160,602
41450.00,0.9910,-2.8520,9.1500,15.780,-16.640,127.730,602
41460.00,1.0500,-3.2670,9.5790,15.220,-18.620,129.900,602
41470.00,1.3390,-3.4390,9.6410,39.250,-32.620,122.690,602
41480.00,1.8810,-3.5460,8.9870,68.000,-29.660,122.840,603
41490.00,2.1780,-3.1310,8.5960,108.590,-23.470,121.150,603
41500.00,2.3110,-2.9160,8.3380,130.180,-12.600,114.460,603
41510.00,2.5480,-3.1050,8.4340,136.220,1.490,107.320,603
41520.00,2.2200,-3.0560,8.5970,134.450,18.920,96.930,603
41530.00,1.6370,-3.0070,9.1800,116.650,33.010,72.180,604
41540.00,1.0510,-2.6890,8.9520,69.400,28.900,39.250,604
41550.00,0.7380,-3.0670,8.6380,26.930,11.800,8.100,604
41560.00,0.2240,-2.5920,8.7820,38.360,-0.980,-14.470,604
41570.00,0.3080,-2.5620,9.1990,51.030,-11.110,-31.650,604
41580.00,0.4820,-3.0010,9.1570,53.790,-13.770,-47.190,605
41590.00,0.2160,-2.8900,9.2410,64.170,-7.330,-52.850,605
41600.00,0.2420,-2.7790,9.4740,66.730,2.650,-48.100,605
41610.00,0.9360,-3.0950,9.8830,68.440,17.870,-50.060,605
41620.00,0.8130,-3.1140,10.2790,64.980,29.900,-57.990,605
41630.00,0.6580,-2.5970,10.3530,55.750,38.940,-67.020,606
41640.00,0.4330,-2.3760,10.0700,48.700,39.260,-76.820,606
41650.00,0.1560,-2.6520,10.4090,46.130,24.800,-89.490,606
41660.00,0.5730,-2.5320,10.4820,35.860,-0.020,-98.280,606
41670.00,0.3600,-1.5080,9.8200,-0.030,-24.960,-94.790,606
41681.00,0.4760,-2.4860,8.8980,-75.610,-52.800,-80.900,607
41691.00,0.9110,-4.1710,9.3930,-91.410,-60.990,-71.260,607
41701.00,0.8660,-4.6920,10.3340,-29.130,-44.890,-58.220,607
41711.00,0.5490,-4.4820,10.5650,36.240,-21.180,-41.260,607
41721.00,0.2950,-4.0210,10.2120,56.470,-3.830,-28.470,607
41731.00,0.4730,-3.9270,10.5910,41.680,1.440,-25.340,608
41741.00,1.0280,-3.8910,11.4200,30.260,1.180,-24.060,608
41751.00,1.3050,-3.8780,11.1700,34.250,14.990,-25.000,608
41761.00,0.8860,-3.0930,10.7180,42.090,18.570,-19.680,608
41771.00,1.0990,-3.4140,10.2650,24.570,15.320,-4.670,608
41781.00,0.8240,-4.3480,9.9180,11.090,22.370,12.380,609
41791.00,0.1970,-4.4180,9.3510,16.500,36.130,31.950,609
41801.00,0.3740,-4.0400,8.6950,18.510,44.820,53.460,609
41811.00,0.9480,-3.7960,7.9510,17.600,49.790,72.900,609
41821.00,1.8070,-3.1390,7.9510,16.940,53.350,87.180,609
41831.00,1.7850,-3.4210,8.1830,19.670,53.260,91.640,610
41841.00,1.0750,-3.6490,8.8570,27.630,47.850,92.130,610
41851.00,-0.2520,-3.7850,9.9570,36.360,41.740,90.640,610
41861.00,-1.3170,-3.7040,10.7820,47.230,38.790,100.110,610
41871.00,-1.8810,-3.3770,10.6090,32.200,33.730,124.350,610
41881.00,-2.0440,-3.5840,9.5920,16.640,20.850,141.200,611
41891.00,-0.4960,-4.2360,7.4510,-1.710,5.550,135.710,611
41901.00,0.4330,-4.0670,6.3140,7.090,22.560,115.040,611
41911.00,0.6870,-3.8350,5.1660,36.850,50.580,81.400,611
41921.00,0.5330,-3.5130,4.7710,58.450,62.760,45.720,611
41931.00,0.0530,-2.7670,4.9980,77.310,55.880,17.280,612
41941.00,-0.4790,-2.4940,5.9760,98.960,34.240,-3.200,612
41951.00,-0.9260,-2.5480,7.2460,110.790,8.480,-19.390,612
41961.00,-1.0000,-2.4250,8.4580,114.150,-12.880,-30.080,612
41971.00,-1.6540,-1.8900,7.5030,124.880,-16.360,-31.080,612
41981.00,-1.6890,-0.6380,7.5940,161.590,3.750,-25.600,613
41991.00,0.2700,-1.9740,10.6060,88.570,-10.450,-21.240,613
42001.00,0.9780,-2.5230,11.7140,50.010,-23.540,-21.540,613
42011.00,0.3720,-1.3530,11.9410,75.510,-16.310,-13.890,613
42021.00,-0.4180,-1.3810,12.1250,71.430,-19.650,-6.190,613
42031.00,-1.1590,-1.7810,11.4980,60.150,-35.950,-6.730,614
42041.00,-0.9490,-1.9080,11.1260,49.300,-47.950,-17.530,614
42051.00,-0.4670,-1.9150,10.8270,21.860,-59.130,-27.280,614
42061.00,-1.0490,-2.5160,10.0110,-17.190,-59.690,-36.120,614
42071.00,-1.6760,-3.1510,9.4040,-42.970,-54.110,-50.570,614
42081.00,-1.8350,-3.2260,8.8910,-48.820,-51.590,-69.630,615
42091.00,-1.5370,-3.6310,8.2210,-43.320,-54.970,-88.480,615
42101.00,-0.2050,-3.1510,7.4540,-46.260,-63.440,-104.070,615
42111.00,0.8130,-3.5760,6.3190,-41.710,-59.120,-125.510,615
42121.00,0.6140,-1.8280,8.3070,8.700,-40.460,-166.840,615
42131.00,-0.0110,-2.9770,6.9570,70.470,-26.790,-211.120,616
42141.00,-1.8910,0.0560,9.6590,169.140,-13.880,-233.310,616
42151.00,-2.2190,-0.4360,11.1490,144.640,-31.570,-219.600,616
42161.00,-2.0170,-1.4780,11.5650,125.420,-46.690,-180.510,616
42171.00,-0.5160,-2.9180,11.5870,114.680,-73.290,-123.140,616
42181.00,0.3880,-3.6560,11.8760,105.930,-82.430,-118.680,617
42191.00,1.0850,-3.8600,12.4240,94.920,-80.990,-115.690,617
42201.00,0.9150,-3.9050,11.8190,78.840,-67.390,-102.250,617
42211.00,0.4350,-3.4510,10.5390,61.760,-53.080,-80.710,617
42221.00,0.2340,-2.8070,9.2350,51.060,-46.550,-61.180,617
42231.00,0.4160,-2.4000,8.2940,49.860,-46.870,-48.070,618
42241.00,0.5620,-2.6870,7.8710,45.640,-46.870,-44.990,618
42251.00,0.8940,-3.1640,8.1640,35.310,-45.710,-53.350,618
42261.00,1.1330,-2.8180,8.2440,38.920,-40.080,-55.840,618
42271.00,1.3140,-2.1260,8.4560,46.410,-35.460,-45.250,618
42281.00,1.6090,-1.8130,8.6870,43.310,-39.710,-28.800,619
42291.00,1.8720,-1.8540,8.7680,40.790,-48.830,-15.080,619
42301.00,1.7920,-1.9160,8.5340,44.900,-59.290,-9.710,619
42311.00,1.6520,-2.1490,9.1940,49.730,-77.750,-27.420,619
42321.00,1.3010,-2.0730,9.6030,60.880,-77.050,-35.500,619
42331.00,0.9720,-2.2690,10.0170,62.770,-67.800,-32.200,620
42341.00,0.9360,-2.5310,10.7330,60.860,-53.590,-18.740,620
42351.00,0.9150,-2.5990,11.0260,56.790,-43.300,-5.110,620
42361.00,1.0210,-2.6660,11.1660,49.630,-40.900,-1.100,620
42371.00,1.2390,-2.6040,11.3940,46.620,-41.720,-1.120,620
42381.00,1.3720,-2.5790,11.4430,39.220,-43.260,0.150,621
42391.00,1.4170,-2.3640,10.8190,29.120,-40.720,4.820,621
42401.00,1.1130,-1.9400,11.8540,7.840,-45.500,9.600,621
42411.00,2.1480,-2.7400,10.6850,-17.190,-61.300,17.320,621
42421.00,2.6170,-1.7880,9.6560,12.040,-58.150,26.170,621
42431.00,2.5280,-1.3990,9.1480,17.010,-58.710,23.410,622
42441.00,2.2370,-1.3410,9.1110,11.790,-62.690,19.820,622
42451.00,0.6070,-1.5130,9.5820,-17.470,-54.440,25.770,622
42461.00,0.3330,-4.4840,8.8000,-54.640,-36.870,67.260,622
42471.00,2.1890,-2.6140,10.0240,18.650,-41.830,74.000,622
42481.00,1.7740,-1.9460,9.4060,27.140,-45.260,77.170,623
42491.00,1.5430,-2.5910,9.3890,8.540,-57.260,72.370,623
42501.00,1.6650,-3.3450,9.5560,0.120,-62.110,68.680,623
42511.00,1.5180,-3.5530,10.7820,24.460,-50.680,81.880,623
42521.00,-1.3280,-2.4840,9.9630,170.940,36.020,106.620,623
42531.00,1.3800,0.5350,8.7660,143.660,24.190,77.730,624
42541.00,1.5940,-0.8990,9.8010,20.230,-34.770,31.530,624
42551.00,1.3890,-2.8770,9.7240,31.710,-35.350,55.290,624
42561.00,2.3290,-3.3820,9.6310,53.920,-24.520,61.870,624
42571.00,1.2100,-2.3940,9.1040,59.290,-17.830,45.300,624
42581.00,3.3330,-2.9970,9.4120,30.890,-25.290,9.760,625
42591.00,2.7610,-3.6250,9.6760,23.800,-24.270,-12.020,625
42601.00,1.2770,-3.1010,9.2720,33.880,-17.410,-17.790,625
42611.00,1.3240,-3.4770,9.2850,23.710,-22.790,-18.980,625
42621.00,1.2380,-3.5030,9.4690,16.680,-26.580,-19.880,625
42631.00,1.1790,-2.9870,9.3050,21.630,-25.080,-19.000,626
42641.00,1.1640,-2.8240,9.3840,16.450,-29.300,-18.630,626
42651.00,0.5990,-3.0260,9.4910,11.710,-34.460,-10.510,626
42661.00,-0.2300,-2.6060,9.6580,17.800,-32.200,-4.040,626
42671.00,1.0120,-2.1690,9.4890,21.940,-28.580,-8.590,626
42681.00,2.4560,-2.3580,9.5780,12.210,-32.780,-17.430,627
42691.00,2.5660,-3.1750,9.9250,25.410,-23.050,-21.520,627
42701.00,2.9270,-3.3290,9.5720,62.460,0.570,-21.980,627
42712.00,2.5440,-3.3960,9.3630,79.270,12.080,-21.890,627
42722.00,2.2770,-3.2140,9.2200,91.470,18.890,-16.670,627
42732.00,1.9500,-2.6810,8.6690,69.540,5.850,-21.430,628
42742.00,3.6250,-4.9390,9.2900,10.130,-27.840,-38.900,628
42752.00,3.5160,-3.5880,9.2590,39.640,-10.010,-34.020,628
42762.00,1.7620,-2.3910,9.6040,43.710,-5.620,-42.150,628
42772.00,-1.0100,-3.0190,9.4740,48.460,0.090,-52.990,628
42782.00,1.7130,-1.9600,9.5040,45.240,-5.690,-38.300,629
42792.00,2.3960,-3.4430,9.3630,33.670,-13.840,-34.490,629
42802.00,2.1430,-4.3750,9.1760,36.120,-15.330,-22.260,629
42812.00,1.7880,-3.1390,9.2590,41.510,-14.050,-13.700,629
42822.00,2.0360,-2.5320,9.4940,35.980,-20.460,-2.520,629
42832.00,2.2280,-1.4040,9.7280,33.200,-33.230,39.610,630
42842.00,3.1070,-1.8670,9.7390,30.990,-50.870,100.640,630
42852.00,3.2860,-3.6190,9.6510,46.550,-64.860,190.830,630
42862.00,2.4560,-3.6960,9.2940,70.230,-76.880,292.520,630
42872.00,4.3260,-5.6910,9.2920,93.120,-82.480,327.670,630
42882.00,7.8460,-3.8690,8.8190,74.550,-117.670,327.670,631
42892.00,5.7990,-3.4730,8.9130,48.330,-137.500,327.670,631
42902.00,1.3810,-4.1920,9.8400,34.880,-149.150,327.670,631
42912.00,-4.1160,-1.1560,9.8400,53.830,-138.880,327.670,631
42922.00,-6.0440,2.4620,10.5180,53.950,-126.420,327.670,631
42932.00,-4.6130,0.9300,10.5280,53.300,-104.550,327.670,632
42942.00,-3.2820,-1.5670,10.1760,70.960,-82.760,327.670,632
42952.00,-1.4780,-4.5650,9.2070,54.760,-87.730,319.140,632
42962.00,-0.5800,-6.1650,9.2500,53.160,-83.690,306.240,632
42972.00,-0.4050,-5.9270,8.6590,52.500,-80.430,289.920,632
42982.00,-0.4860,-4.7330,9.1960,51.340,-72.700,255.320,633
42992.00,0.1130,-4.2420,8.8940,53.880,-54.440,184.860,633
43002.00,0.4350,-3.3750,9.5420,47.950,-35.090,89.610,633
43012.00,0.2970,-3.6690,9.3210,48.370,-15.120,3.560,633
43022.00,0.1840,-3.9900,8.9680,33.490,-4.920,-80.920,633
43032.00,1.6920,-4.5030,9.4250,27.070,-3.730,-82.770,634
43042.00,0.8740,-2.6270,9.4890,38.040,-4.110,-63.630,634
43052.00,-0.6460,-2.9770,9.4920,39.290,-4.310,-61.000,634
43062.00,-0.1710,-3.8720,9.2810,39.040,-7.180,-50.050,634
43072.00,0.6740,-4.9070,9.1220,38.640,-12.500,-28.730,634
43082.00,-0.8390,-2.8520,9.3850,42.700,-14.000,-12.180,635
43092.00,0.2750,-3.9210,9.3290,37.970,-17.550,-8.100,635
43102.00,0.2080,-5.0540,9.1090,40.440,-15.510,-10.550,635
43112.00,-0.6780,-3.2930,9.4690,41.910,-19.880,12.160,635
43122.00,-0.7440,-2.4960,9.5640,41.950,-20.460,13.780,635
43132.00,-0.4360,-4.4530,9.1720,41.040,-21.720,16.570,636
43142.00,0.1850,-3.1260,9.5620,42.590,-28.930,51.200,636
43152.00,1.4350,-1.9320,9.5620,45.690,-35.610,85.270,636
43162.00,2.5010,1.3990,10.6710,49.210,-35.070,84.850,636
43172.00,0.5790,-1.2320,11.4230,61.060,-20.300,24.630,636
43182.00,-1.0510,-4.5950,11.7230,64.820,0.090,-4.420,637
43192.00,-1.1700,-5.8430,11.9850,86.870,17.790,2.850,637
43202.00,-0.6360,-5.1140,12.0340,120.470,28.410,25.580,637
43212.00,-0.3510,-4.1010,11.7780,138.700,37.820,52.040,637
43222.00,-0.5120,-3.4460,11.3980,130.360,34.320,78.100,637
43232.00,-0.7410,-2.7670,10.7380,110.900,21.580,98.640,638
43242.00,-0.7030,-2.4350,9.6490,97.070,14.920,105.360,638
43252.00,-0.7360,-2.0680,9.3670,94.520,7.670,106.340,638
43262.00,-1.0880,-1.9950,9.7510,88.220,0.180,108.410,638
43272.00,-1.3620,-2.7170,9.8240,77.160,-2.380,112.080,638
43282.00,-1.8800,-3.9910,10.0710,70.050,-5.270,114.640,639
43292.00,-2.4040,-4.4560,10.9000,71.330,-8.560,110.820,639
43302.00,-2.1450,-4.0680,10.7040,67.130,-3.960,78.380,639
43312.00,-1.9390,-4.2590,9.9780,37.960,16.320,63.150,639
43322.00,-1.4480,-4.5170,9.5620,34.650,18.990,58.360,639
43332.00,-1.4400,-2.6690,9.9860,33.390,13.690,61.890,640
43342.00,-1.9960,-0.5340,9.9300,8.210,13.200,46.370,640
43352.00,-2.6390,0.6240,9.1900,-30.910,13.100,12.730,640
43362.00,-2.9980,0.8120,8.6520,-55.240,9.510,-18.950,640
43372.00,-3.2660,-0.2630,8.3600,-50.850,11.980,-35.770,640
43382.00,-3.1830,-2.9430,7.5800,7.280,21.200,-20.090,641
43392.00,-2.3280,0.6190,8.5680,157.010,44.370,85.340,641
43402.00,-2.9670,-1.2840,7.4200,125.090,29.650,80.000,641
43412.00,-2.4410,-4.5170,7.7650,74.740,16.650,6.850,641
43422.00,-2.0240,-2.9340,8.1750,87.710,24.700,-14.980,641
43432.00,-2.4320,-2.5060,8.6030,70.660,21.600,-26.460,642
43442.00,-2.8290,-4.1070,9.7780,53.580,16.070,-36.030,642
43452.00,-2.8390,-4.4740,10.5260,70.870,11.520,-15.240,642
43462.00,-3.0250,-4.0920,10.3810,87.830,16.180,14.100,642
43472.00,-3.2030,-3.4680,9.6700,105.260,20.200,36.640,642
43482.00,-3.1440,-2.5510,8.5610,124.830,11.850,44.270,643
43492.00,-2.7730,-1.6060,6.9890,142.270,-12.500,41.430,643
43502.00,-3.1810,-0.5310,5.3250,155.080,-61.130,31.900,643
43512.00,-1.7370,-1.1680,4.3420,158.740,-137.800,12.890,643
43522.00,-2.9640,0.5090,5.5510,160.600,-218.280,-1.500,643
43532.00,-4.0150,1.8990,8.1970,160.040,-269.480,-43.940,644
43542.00,-3.6380,0.6170,10.1880,121.100,-296.010,-107.880,644
43552.00,-2.2690,-1.5610,10.4990,106.050,-299.410,-158.600,644
43562.00,-1.2950,-1.7740,11.2180,128.710,-307.130,-179.720,644
43572.00,0.2080,-0.9260,11.5500,162.150,-312.950,-178.300,644
43582.00,1.3130,-0.0340,10.6630,200.860,-318.120,-162.170,645
43592.00,1.2820,3.5070,12.3260,240.920,-296.840,-142.130,645
43602.00,2.3010,2.2250,12.2020,180.420,-220.290,-168.560,645
43612.00,3.9540,1.1670,12.7090,111.090,-134.140,-180.020,645
43622.00,4.4940,1.2140,13.8320,77.940,-57.890,-165.180,645
43632.00,4.9420,0.9040,14.1570,49.840,4.430,-148.190,646
43642.00,4.7830,1.1910,13.2150,53.880,51.350,-126.700,646
43652.00,4.1280,1.8350,12.6680,71.330,65.050,-113.870,646
43662.00,3.6520,2.3600,12.7090,79.870,68.310,-110.910,646
43672.00,3.4160,2.2600,12.3800,84.330,84.040,-111.820,646
43682.00,3.2550,2.1870,11.4140,92.050,106.760,-119.150,647
43692.00,3.2270,2.2560,10.2430,109.620,124.200,-132.890,647
43702.00,3.4070,2.0870,8.7060,142.270,129.540,-143.600,647
43712.00,2.9830,1.6900,6.9630,173.110,118.500,-136.670,647
43722.00,2.3540,1.5230,6.8030,186.920,100.250,-123.650,647
43733.00,1.6710,1.4700,6.8790,153.540,80.240,-122.500,648
43743.00,1.2580,1.3960,6.9510,119.730,71.550,-117.180,648
43753.00,0.9890,0.9660,7.2890,105.650,67.350,-112.260,648
43763.00,0.8190,0.6960,7.8960,122.740,70.040,-114.850,648
43773.00,0.7900,0.6440,7.7470,162.490,81.000,-119.870,648
43783.00,0.4900,1.3720,7.9680,226.960,99.110,-120.010,649
43793.00,-0.4510,2.3680,7.9150,284.270,122.650,-120.470,649
43803.00,-1.6910,3.3930,7.4570,303.470,140.780,-134.310,649
43813.00,-2.1260,1.5330,7.4900,281.120,142.680,-171.810,649
43823.00,0.1230,-3.1940,6.9050,151.500,113.460,-221.090,649
43833.00,4.3760,-2.9750,6.5620,58.450,106.490,-221.740,650
43843.00,0.6020,2.6870,5.3630,239.330,208.690,-118.840,650
43853.00,-2.7560,1.9770,2.7750,301.400,235.450,-42.210,650
43863.00,-2.1890,3.8270,4.2870,294.720,217.880,-26.180,650
43873.00,-4.0670,8.3410,5.8150,268.640,141.110,-33.740,650
43883.00,-3.4370,7.9630,6.6690,189.700,91.080,-28.350,651
43893.00,-3.5230,7.6730,6.3800,137.270,66.100,-21.240,651
43903.00,-3.6350,7.8770,5.7930,123.690,53.560,-23.170,651
43913.00,-3.7410,7.7200,5.5190,118.720,42.250,-27.380,651
43923.00,-3.8580,7.2370,6.0100,117.180,33.960,-29.850,651
43933.00,-4.0650,7.4890,6.6610,117.300,33.520,-35.380,652
43943.00,-4.3140,7.6180,7.2110,101.240,31.930,-41.160,652
43953.00,-4.0550,7.0220,7.7100,70.300,25.280,-44.270,652
43963.00,-4.8030,8.2300,8.1770,37.850,14.990,-36.480,652
43973.00,-9.3870,15.4020,15.2720,-28.450,-18.880,-24.740,652
43983.00,-8.9260,15.3520,16.0390,-166.770,-43.540,-32.530,653
43993.00,-5.7280,9.8570,13.2390,-264.140,-58.640,-23.800,653
44003.00,-3.8480,5.1840,10.8780,-238.180,-52.570,-9.830,653
44013.00,-0.8610,1.1070,7.7750,-86.420,31.440,-56.330,653
44023.00,-1.9860,1.8230,8.8910,41.250,49.580,-69.940,653
44033.00,-3.8080,4.0830,8.9200,105.820,63.510,-74.860,654
44043.00,-4.4310,5.3910,6.2210,106.770,81.000,-73.320,654
44053.00,-4.9600,5.8310,2.6840,103.510,65.670,-62.030,654
44063.00,-5.4540,6.0310,-0.3620,143.990,19.750,-48.960,654
44073.00,-5.7530,4.9790,-0.0130,210.140,-41.700,-39.460,654
44083.00,-5.1390,4.8130,2.8220,229.690,-74.710,-16.360,655
44093.00,-5.3240,5.1560,4.6190,167.260,-45.960,20.030,655
44103.00,-7.7980,6.9430,1.1250,89.200,10.120,30.580,655
44113.00,-7.9990,8.1530,-1.0200,74.880,-2.000,-10.370,655
44123.00,-6.4060,7.5960,1.3500,79.960,-50.230,-41.050,655
44133.00,-6.0520,7.6680,3.1650,62.770,-74.730,-43.750,656
44143.00,-5.1340,7.1970,4.1590,43.280,-91.050,-54.400,656
44153.00,-4.3080,6.0530,5.9740,26.980,-116.180,-55.160,656
44163.00,-4.3390,5.1610,6.8420,26.160,-121.570,-54.190,656
44173.00,-4.2500,4.3260,7.7870,44.890,-121.770,-51.800,656
44183.00,-3.9420,3.1770,8.8360,58.730,-118.340,-47.740,657
44193.00,-3.8690,2.1910,9.5090,68.950,-105.280,-47.600,657
44203.00,-3.7240,1.5020,9.6280,79.750,-85.300,-50.190,657
44213.00,-3.9720,2.1890,9.5120,89.160,-69.950,-47.350,657
44223.00,-4.3360,3.3020,9.9780,84.190,-61.080,-34.650,657
44233.00,-4.7360,4.4300,10.1370,69.820,-46.410,-17.930,658
44243.00,-5.7280,6.3790,9.1760,58.820,-32.870,-7.010,658
44253.00,-6.3750,8.4100,8.2150,49.770,-35.120,-4.530,658
44263.00,-6.7440,9.9640,8.1510,50.520,-49.440,-8.120,658
44273.00,-6.7560,10.5780,8.5550,48.020,-65.800,-18.200,658
44283.00,-6.4470,10.2430,8.7930,42.960,-76.340,-31.390,659
44293.00,-5.5290,7.8080,9.7110,47.180,-78.890,-49.280,659
44303.00,-4.7830,6.2150,9.5820,34.670,-40.810,-75.190,659
44313.00,-4.7500,5.3800,9.2090,29.990,-3.380,-75.890,659
44323.00,-4.8830,5.6680,8.6150,33.020,38.930,-79.990,659
44333.00,-4.2520,4.6490,6.0000,36.800,59.170,-87.670,660
44343.00,-4.2910,4.3540,4.8330,57.520,46.770,-74.910,660
44353.00,-4.1130,5.2920,4.6440,82.560,19.240,-55.470,660
44363.00,-3.0310,7.0340,3.9900,107.330,-23.540,-47.630,660
44373.00,-2.4170,6.5010,4.7300,130.160,-70.050,-66.360,660
44383.00,-2.7320,4.5720,7.7390,130.320,-103.860,-98.210,661
44393.00,-0.0890,4.2620,8.4100,63.160,-116.810,-132.860,661
44403.00,0.5060,4.2920,8.3210,38.730,-101.830,-156.200,661
44413.00,-0.2890,2.7010,7.1640,59.710,-81.570,-172.620,661
44423.00,-1.6530,1.9270,5.4250,105.160,-68.040,-178.970,661
44433.00,-2.3610,3.0890,4.5320,111.070,-74.030,-167.000,662
44443.00,-4.4300,3.4380,5.9500,22.290,-119.330,-121.600,662
44453.00,-5.6350,1.7730,7.5340,3.220,-124.010,-105.730,662
44463.00,-6.8060,-0.2760,8.8190,3.810,-112.910,-90.470,662
44473.00,-7.6410,-0.7320,9.8420,13.880,-90.280,-54.440,662
44483.00,-7.9560,0.7340,10.1580,31.150,-55.620,0.660,663
44493.00,-7.6220,3.1540,10.0390,57.710,-3.730,44.640,663
44503.00,-6.5520,6.3660,6.5280,69.330,45.520,56.430,663
44513.00,-4.0890,9.5830,4.6400,66.030,47.310,29.740,663
44523.00,-3.0400,11.4970,2.6440,44.920,41.060,-29.240,663
44533.00,-3.3280,11.0730,1.9150,19.070,12.780,-111.470,664
44543.00,-3.9140,9.5920,2.5990,-0.500,-37.940,-195.750,664
44553.00,-4.0710,6.0000,5.1780,3.800,-109.340,-258.380,664
44563.00,-5.1700,2.5040,10.1670,45.250,-166.060,-265.560,664
44573.00,-6.0310,0.3360,14.2440,67.920,-142.770,-203.800,664
44583.00,-3.0870,3.0130,11.6970,77.510,12.970,-77.730,665
44593.00,-3.6530,4.5160,7.3730,88.780,59.380,-56.960,665
44603.00,-5.1970,5.6590,4.4730,83.190,67.870,-50.120,665
44613.00,-6.1070,6.5490,3.9870,101.810,42.780,-59.900,665
44623.00,-6.7570,6.7870,4.7700,123.160,13.530,-81.350,665
44633.00,-7.0330,5.1330,5.4920,121.190,-9.190,-96.120,666
44643.00,-6.5620,3.8110,5.9490,113.500,-25.340,-90.380,666
44653.00,-6.4310,3.2570,5.8910,104.370,-36.870,-72.880,666
44663.00,-6.5730,3.5940,5.2360,96.300,-41.740,-54.560,666
44673.00,-6.3660,3.6410,5.2740,92.470,-49.540,-51.670,666
44683.00,-6.2630,2.9930,5.1120,99.780,-57.840,-55.540,667
44693.00,-6.0450,1.4940,5.7770,106.710,-68.300,-50.450,667
44703.00,-5.8490,0.4300,6.5680,100.200,-77.840,-21.780,667
44713.00,-5.4240,2.2520,7.0440,78.170,-86.030,24.760,667
44723.00,-4.1750,5.3690,8.2190,44.820,-84.160,57.170,667
44733.00,-3.4360,5.2770,10.5030,27.680,-62.580,54.260,668
44743.00,-3.7370,4.6430,8.7240,9.830,-18.570,46.250,668
44753.00,-4.5390,4.1370,6.3990,7.120,3.100,36.390,668
44764.00,-5.3340,3.1160,5.6430,14.680,-9.350,32.770,668
44774.00,-5.6700,2.2730,3.6020,26.480,-36.400,34.630,668
44784.00,-5.5880,2.2300,6.9820,43.780,-85.170,43.180,669
44794.00,-4.5140,3.4550,10.7840,44.680,-96.390,52.600,669
44804.00,-3.6430,4.5340,10.4750,34.400,-64.370,49.680,669
44814.00,-2.7370,5.6740,10.2490,30.920,-28.160,42.690,669
44824.00,-3.2070,6.6410,10.0980,30.620,6.760,42.080,669
44834.00,-3.7190,8.0690,10.2710,22.500,26.060,49.010,670
44844.00,-3.8240,8.5060,9.9150,1.220,41.800,53.610,670
44854.00,-4.1200,7.1440,9.1010,-24.670,60.190,54.260,670
44864.00,-4.0740,5.2030,9.3700,-47.290,60.260,79.670,670
44874.00,-3.9910,8.7130,8.0740,-66.790,78.490,101.760,670
44884.00,-5.1820,11.5320,4.9100,-36.460,79.860,64.200,671
44894.00,-5.7530,7.8240,5.2030,1.730,54.640,-3.480,671
44904.00,-6.1200,7.0320,4.8880,27.580,31.310,-35.380,671
44914.00,-7.3480,7.5690,3.0600,58.640,19.820,-45.720,671
44924.00,-6.7720,6.4650,1.5600,93.940,-9.520,-84.010,671
44934.00,-4.2730,5.5520,3.5970,133.790,-48.630,-142.880,672
44944.00,-3.7600,4.8630,7.2710,153.470,-59.270,-131.560,672
44954.00,-3.6710,4.0130,7.6920,100.920,-54.710,-70.940,672
44964.00,-4.0460,3.7830,5.7540,42.660,-60.410,-37.810,672
44974.00,-4.0430,4.6570,4.0960,28.660,-54.810,-27.860,672
44984.00,-3.7180,4.6980,4.4840,48.860,-55.700,-39.280,673
44994.00,-3.3320,4.3210,5.4300,66.480,-67.940,-58.040,673
45004.00,-3.8400,2.9530,5.4230,67.720,-65.920,-58.310,673
45014.00,-4.3310,3.6090,4.4880,67.250,-69.280,-44.850,673
45024.00,-4.6250,4.3270,4.0530,81.760,-83.770,-39.700,673
45034.00,-4.6610,4.7480,4.5340,107.150,-103.640,-48.980,674
45044.00,-3.9910,5.4580,5.3610,125.750,-123.310,-64.830,674
45054.00,-3.5590,4.5590,6.7170,126.520,-143.450,-81.700,674
45064.00,-3.9440,3.8330,7.8790,116.410,-144.970,-67.090,674
45074.00,-3.7260,3.9440,8.0810,96.620,-136.220,-42.710,674
45084.00,-2.7800,4.7770,8.1990,85.540,-121.150,-22.870,675
45094.00,-3.3020,6.3320,8.2180,78.010,-103.130,-20.170,675
45104.00,-1.5340,4.9860,8.9520,72.150,-87.640,-36.260,675
45114.00,-1.9090,5.9940,9.1720,80.250,-45.680,-18.210,675
45124.00,-3.3060,6.9600,8.5110,73.460,-5.950,-7.560,675
45134.00,-5.2740,7.9150,7.0640,71.500,12.060,-13.840,676
45144.00,-5.6910,8.8450,7.0450,89.090,1.530,-57.590,676
45154.00,-5.7110,8.1640,7.6210,107.130,-3.310,-72.130,676
45164.00,-6.0310,7.8360,6.8690,100.120,-5.080,-76.240,676
45174.00,-6.6580,7.6530,6.4280,91.210,-12.010,-81.230,676
45184.00,-6.0470,5.0010,6.7030,79.710,-16.540,-89.000,677
45194.00,-5.0810,3.5860,8.4470,64.630,-30.990,-53.130,677
45204.00,-2.9040,4.9440,9.8050,49.930,-28.210,2.790,677
45214.00,-3.3540,5.0010,8.4470,49.230,3.210,27.730,677
45224.00,-4.9540,5.2940,5.5420,40.930,10.610,52.910,677
45234.00,-2.7690,5.5340,5.5680,34.750,-6.840,81.740,678
45244.00,-3.6290,6.0760,6.0590,55.230,1.700,115.550,678
45254.00,-4.7480,6.6580,5.9030,52.380,-1.750,126.940,678
45264.00,-3.9250,5.9540,5.9490,29.070,-14.320,116.530,678
45274.00,-4.4240,5.6960,6.3780,24.450,-24.100,114.250,678
45284.00,-3.6100,4.4300,3.2060,25.640,-29.120,98.850,679
45294.00,-1.9110,1.9170,6.5970,24.480,-105.670,81.400,679
45304.00,-0.5070,2.0660,10.3260,21.980,-112.490,115.160,679
45314.00,0.0930,3.9260,10.7230,5.390,-85.960,151.160,679
45324.00,-0.4220,5.1620,8.5120,-1.110,-52.760,171.200,679
45334.00,-0.8960,5.7610,6.5690,13.280,-41.020,168.520,680
45344.00,-0.3940,6.9640,6.8820,39.410,-41.410,157.950,680
45354.00,0.1040,8.4510,6.7250,36.640,-44.310,146.360,680
45364.00,-0.1120,8.9300,7.7790,38.850,-55.250,120.410,680
45374.00,-1.0510,9.3420,7.8220,38.100,-55.200,84.970,680
45384.00,-0.9890,8.5040,7.3010,43.050,-57.770,43.740,681
45394.00,-0.4290,6.7560,6.1710,30.730,-74.530,19.650,681
45404.00,-0.0560,6.0650,5.2390,-2.810,-122.410,21.010,681
45414.00,0.3360,5.0240,5.1670,4.390,-165.460,29.920,681
45424.00,2.1750,3.7450,16.9430,51.050,-183.840,40.100,681
45434.00,4.1510,2.3730,16.7330,66.740,-93.520,116.950,682
45444.00,4.5780,4.2750,13.5390,90.560,-19.880,163.740,682
45454.00,2.6500,7.3170,10.0530,129.450,37.750,193.610,682
45464.00,1.1150,8.9120,8.7050,164.100,72.600,186.880,682
45474.00,1.6780,10.4320,9.0470,155.190,90.760,151.530,682
45484.00,1.1720,11.6370,8.7210,90.490,69.940,111.010,683
45494.00,0.1040,9.7740,7.0250,6.880,46.400,67.840,683
45504.00,-0.0260,7.7620,6.2360,-76.120,32.210,48.910,683
45514.00,-0.5810,6.2930,6.2260,-170.600,-5.460,63.970,683
45524.00,-1.3000,5.3950,6.6050,-260.780,-53.240,92.410,683
45534.00,-1.2810,4.4560,5.9800,-327.680,-85.680,114.360,684
45544.00,-1.9280,1.2020,4.9370,-327.680,-115.060,138.120,684
45554.00,-1.8460,-5.0150,8.5970,-327.680,-144.430,196.340,684
45564.00,2.8680,2.4610,10.6220,-327.680,-151.250,257.140,684
45574.00,1.1100,1.6240,7.1120,-327.680,-131.570,214.400,684
45584.00,1.8640,1.0420,6.4520,-327.680,-84.040,136.420,685
45594.00,2.3760,-0.6750,7.1640,-327.680,-2.540,42.340,685
45604.00,1.8130,-1.4910,5.8270,-327.680,68.540,-28.000,685
45614.00,2.6270,-1.2330,4.0600,-323.720,51.300,-42.770,685
45624.00,4.2320,-0.2790,1.8370,-324.810,-66.330,-3.810,685
45634.00,5.7820,-0.6620,1.7650,-239.040,-201.250,20.910,686
45644.00,5.8830,-3.2110,5.5560,-135.930,-300.630,25.180,686
45654.00,5.0360,-3.1520,8.4390,-96.260,-321.900,40.720,686
45664.00,4.5080,-1.1070,6.3670,-26.520,-279.300,52.950,686
45674.00,4.7010,-2.6730,6.1070,38.240,-256.690,41.870,686
45684.00,6.2330,-3.8760,5.8330,33.910,-268.540,19.980,687
45694.00,7.7980,-4.9850,6.6580,4.650,-278.740,12.400,687
45704.00,8.2680,-4.3260,7.9270,-27.690,-269.150,34.420,687
45714.00,6.1300,1.3020,10.3320,4.290,-186.730,32.890,687
45724.00,6.1120,1.9080,10.3460,61.580,-144.590,2.270,687
45734.00,6.9610,1.0450,10.4590,99.610,-109.940,-21.610,688
45744.00,7.4010,0.1840,10.4960,115.060,-72.870,-21.420,688
45754.00,8.0540,-0.9040,9.3970,117.630,-44.220,-19.280,688
45764.00,8.2660,-1.3500,9.3940,111.770,-18.390,-28.850,688
45774.00,7.6090,-0.8230,9.6340,92.590,4.840,-43.660,688
45785.00,8.1150,-0.7770,8.9400,64.210,15.970,-66.010,689
45795.00,8.2970,-1.0710,9.0420,44.220,11.170,-82.070,689
45805.00,8.3840,-1.5240,8.8220,17.600,5.550,-77.840,689
45815.00,8.4460,-2.2260,7.8310,-6.400,1.280,-52.900,689
45825.00,8.3620,-2.9070,7.1270,-20.970,0.990,-19.540,689
45835.00,7.5210,-2.7720,6.9220,-30.970,9.840,8.390,690
45845.00,6.5400,-0.8760,7.1330,-30.070,37.000,29.200,690
45855.00,5.7460,-0.1890,5.5640,19.140,78.720,64.100,690
45865.00,5.3310,-0.6470,4.8210,73.780,88.780,56.360,690
45875.00,4.0210,-1.5860,5.7780,134.360,103.430,18.630,690
45885.00,4.3270,-1.5110,6.8300,130.110,103.970,-63.380,691
45895.00,4.4620,-11.9770,8.6870,3.760,86.530,-88.280,691
45905.00,9.3770,-1.3490,6.3210,-119.500,224.500,88.350,691
45915.00,8.5070,-3.8210,7.4390,-104.830,260.000,148.800,691
45925.00,6.3430,-2.1600,8.1460,13.670,295.410,152.820,691
45935.00,5.1150,-1.9470,7.7460,80.130,309.280,159.610,692
45945.00,5.2410,-2.8300,7.9080,142.570,327.670,182.290,692
45955.00,3.9450,-2.1720,7.3490,233.990,327.670,204.870,692
45965.00,1.7010,0.3940,8.2120,282.310,327.670,207.930,692
45975.00,-3.6740,2.3780,12.4700,216.980,327.670,193.810,692
45985.00,-2.8630,-0.6050,8.1700,4.710,103.500,55.140,693
45995.00,-1.0460,-5.1290,7.0120,-23.840,17.450,-65.170,693
46005.00,0.2470,-4.1750,9.7240,13.610,-6.950,-75.020,693
46015.00,0.6610,-4.3320,9.0010,39.500,-4.590,-51.740,693
46025.00,0.4910,-4.5880,9.1130,39.900,-7.600,-45.990,693
46035.00,0.2120,-4.6940,9.3930,38.030,-10.290,-39.060,694
46045.00,0.0100,-4.6880,8.8710,45.730,-8.650,-27.860,694
46055.00,0.4270,-3.8760,9.3460,40.670,-13.840,-17.650,694
46065.00,0.4900,-3.8570,9.3200,38.100,-15.310,-17.500,694
46075.00,0.3850,-3.6370,9.2080,41.470,-13.510,-17.080,694
46085.00,0.4860,-3.9880,9.4490,39.580,-14.560,-17.300,695
46095.00,0.3700,-3.7450,9.2110,40.760,-13.860,-17.080,695
46105.00,0.3720,-3.7530,9.2590,40.270,-14.140,-17.180,695
46115.00,0.4010,-3.8820,9.3290,39.740,-14.390,-17.250,695
46125.00,0.4490,-3.8890,9.2840,39.950,-14.260,-17.220,695
46135.00,0.4600,-3.8660,9.3280,40.320,-14.120,-17.220,696
46145.00,0.4720,-3.8220,9.2600,40.110,-14.180,-17.180,696
46155.00,0.3660,-3.6550,9.2970,38.970,-14.950,-17.340,696
46165.00,0.2360,-3.4570,9.2880,34.120,-17.920,-17.790,696
46175.00,0.1590,-3.3690,9.2380,24.480,-23.890,-18.830,696
46185.00,0.1650,-3.4210,9.2480,12.270,-31.470,-20.100,697
46195.00,0.2150,-3.4890,9.2470,-0.500,-39.310,-21.450,697
46205.00,1.2990,-4.6890,9.9800,0.030,-38.850,-20.960,697
46215.00,0.3760,-3.8170,8.7880,50.050,-7.580,-18.980,697
46225.00,0.9520,-4.5480,9.2360,29.640,-18.480,-25.860,697
46235.00,0.5980,-4.5290,9.0610,41.090,-11.730,-24.230,698
46245.00,0.6870,-4.4260,9.0360,39.780,-13.000,-22.610,698
46255.00,0.7010,-4.3200,9.1350,40.270,-13.420,-20.030,698
46265.00,0.6160,-4.0310,9.2300,40.650,-13.830,-17.620,698
46275.00,0.6020,-4.0360,9.2150,40.550,-14.000,-17.160,698
46285.00,0.5770,-4.0600,9.1960,40.510,-13.980,-17.160,699
46295.00,0.5570,-4.0640,9.1980,40.560,-13.970,-17.180,699
46305.00,0.5390,-4.0730,9.1880,40.510,-14.020,-17.160,699
46315.00,0.5120,-4.0550,9.1780,40.600,-13.970,-17.180,699
46325.00,0.5190,-4.0410,9.2110,40.620,-13.980,-17.150,699
46335.00,0.5300,-4.0170,9.1990,40.620,-14.000,-17.150,700
46345.00,0.5400,-4.0150,9.2000,40.580,-13.950,-17.160,700
46355.00,0.5690,-4.0090,9.2270,40.580,-13.970,-17.150,700
46365.00,0.5820,-4.0040,9.1940,40.580,-13.930,-17.180,700
46375.00,0.6130,-4.0030,9.2290,40.550,-13.950,-17.160,700
46385.00,0.6290,-4.0030,9.2050,40.530,-14.000,-17.160,701
46395.00,0.6170,-4.0190,9.2140,40.480,-14.000,-17.150,701
46405.00,0.6010,-4.0520,9.2130,40.510,-14.020,-17.110,701
46415.00,0.5890,-4.0290,9.1900,40.550,-14.040,-17.160,701
46425.00,0.5180,-4.0490,9.1900,40.580,-14.000,-17.130,701
46435.00,0.4970,-4.0430,9.2030,40.510,-14.000,-17.150,702
46445.00,0.4920,-4.0310,9.2030,40.530,-13.970,-17.130,702
46455.00,0.5030,-4.0340,9.2070,40.580,-13.980,-17.130,702
46465.00,0.5570,-4.0800,9.1800,40.510,-13.970,-17.130,702
46475.00,0.5910,-4.0910,9.1940,40.560,-13.930,-17.180,702
46485.00,0.6410,-4.0540,9.1800,40.600,-13.930,-17.200,703
46495.00,0.6590,-4.0250,9.2120,40.620,-13.980,-17.160,703
46505.00,0.6500,-4.0050,9.1990,40.630,-13.970,-17.130,703
46515.00,0.6290,-3.9910,9.2000,40.600,-13.980,-17.130,703
46525.00,0.5950,-4.0270,9.2150,40.580,-13.980,-17.150,703
46535.00,0.5410,-4.0400,9.1780,40.580,-13.970,-17.200,704
46545.00,0.5220,-4.0890,9.2030,40.600,-13.950,-17.180,704
46555.00,0.4970,-4.0770,9.2080,40.670,-13.980,-17.150,704
46565.00,0.5380,-4.0460,9.2360,40.600,-13.980,-17.180,704
46575.00,0.5650,-4.0350,9.2130,40.650,-13.930,-17.200,704
46585.00,0.5860,-3.9900,9.1840,40.630,-13.950,-17.180,705
46595.00,0.6220,-4.0160,9.2000,40.600,-13.980,-17.200,705
46605.00,0.6260,-4.0490,9.2180,40.620,-14.000,-17.180,705
46615.00,0.6220,-4.0310,9.1830,40.600,-13.950,-17.130,705
46625.00,0.6250,-4.0590,9.2070,40.600,-14.000,-17.160,705
46635.00,0.6010,-4.0410,9.2090,40.630,-13.970,-17.150,706
46645.00,0.5850,-4.0230,9.1890,40.620,-13.970,-17.150,706
46655.00,0.5690,-4.0190,9.2090,40.620,-13.970,-17.150,706
46665.00,0.5580,-4.0300,9.2310,40.620,-13.970,-17.220,706
46675.00,0.5490,-4.0250,9.1900,40.600,-13.970,-17.200,706
46685.00,0.5570,-4.0550,9.2140,40.650,-14.000,-17.180,707
46695.00,0.5280,-4.0390,9.1930,40.600,-13.930,-17.160,707
46705.00,0.5450,-4.0390,9.2180,40.580,-13.930,-17.200,707
46715.00,0.5670,-4.0050,9.2150,40.630,-13.910,-17.180,707
46725.00,0.5730,-4.0010,9.2230,40.560,-13.950,-17.180,707
46735.00,0.5950,-4.0210,9.2230,40.550,-13.910,-17.160,708
46745.00,0.5830,-4.0270,9.1950,40.530,-14.020,-17.150,708
46755.00,0.5830,-4.0450,9.1950,40.550,-14.000,-17.200,708
46765.00,0.5950,-4.0530,9.1710,40.480,-14.020,-17.160,708
46775.00,0.6360,-4.1090,9.2210,40.530,-14.050,-17.160,708
46785.00,0.5880,-4.0040,9.1580,40.560,-13.970,-17.090,709
46795.00,0.6220,-3.9760,9.2850,40.690,-14.040,-17.150,709
46805.00,0.4800,-3.9980,9.1530,40.550,-13.950,-17.130,709
46816.00,0.6200,-4.0940,9.2570,40.510,-14.000,-17.180,709
46826.00,0.5000,-4.0310,9.1480,40.600,-13.970,-17.150,709
46836.00,0.5740,-4.0590,9.2420,40.630,-14.000,-17.200,710
46846.00,0.5800,-4.0490,9.2670,40.550,-13.950,-17.150,710
46856.00,0.5490,-4.0030,9.1800,40.510,-13.980,-17.150,710
46866.00,0.5990,-4.0250,9.2010,40.490,-13.980,-17.160,710
46876.00,0.5990,-4.0470,9.2150,40.510,-13.970,-17.160,710
46886.00,0.6190,-4.0540,9.1880,40.550,-13.950,-17.180,711
46896.00,0.6350,-4.0790,9.1690,40.550,-13.930,-17.220,711
46906.00,0.5980,-4.0330,9.2210,40.650,-13.950,-17.230,711
46916.00,0.5630,-4.0340,9.1830,40.630,-13.950,-17.150,711
46926.00,0.5280,-4.0770,9.2090,40.630,-14.000,-17.110,711
46936.00,0.5250,-4.0710,9.1980,40.630,-13.980,-17.130,712
46946.00,0.5370,-4.0520,9.2000,40.630,-13.970,-17.200,712
46956.00,0.5520,-4.0100,9.2090,40.620,-13.900,-17.220,712
46966.00,0.5690,-4.0220,9.2330,40.560,-13.980,-17.160,712
46976.00,0.5910,-4.0680,9.1840,40.560,-14.000,-17.130,712
46986.00,0.6110,-4.0110,9.2260,40.650,-13.950,-17.180,713
46996.00,0.5980,-4.0160,9.2170,40.580,-13.930,-17.200,713
47006.00,0.5790,-4.0190,9.1930,40.580,-14.000,-17.160,713
47016.00,0.5630,-4.0310,9.2250,40.620,-14.000,-17.160,713
47026.00,0.5490,-4.0180,9.1900,40.560,-14.020,-17.150,713
47036.00,0.5550,-4.0430,9.2080,40.600,-13.980,-17.150,714
47046.00,0.5350,-4.0650,9.2130,40.600,-13.970,-17.180,714
47056.00,0.5430,-4.0590,9.1770,40.560,-13.970,-17.180,714
47066.00,0.5550,-4.0570,9.2020,40.560,-14.020,-17.160,714
47076.00,0.5570,-4.0370,9.2070,40.600,-14.000,-17.160,714
47086.00,0.5650,-4.0190,9.1900,40.650,-13.970,-17.180,715
47096.00,0.5710,-4.0310,9.2070,40.600,-13.970,-17.200,715
47106.00,0.5610,-4.0160,9.2190,40.620,-13.980,-17.150,715
47116.00,0.5650,-4.0370,9.1940,40.600,-14.000,-17.110,715
47126.00,0.5450,-4.0470,9.1990,40.530,-13.950,-17.130,715
47136.00,0.5580,-4.0460,9.1880,40.550,-13.910,-17.180,716
47146.00,0.5530,-4.0570,9.2150,40.600,-13.980,-17.200,716
47156.00,0.5280,-4.0390,9.1980,40.620,-13.980,-17.130,716
47166.00,0.4900,-4.0680,9.1800,40.620,-14.000,-17.110,716
47176.00,0.4680,-4.0700,9.1770,40.560,-13.950,-17.130,716
47186.00,0.4660,-4.0700,9.2050,40.530,-13.970,-17.130,717
47196.00,0.4820,-4.0790,9.1950,40.580,-13.980,-17.150,717
47206.00,0.5380,-4.0890,9.1920,40.600,-13.970,-17.180,717
47216.00,0.6260,-4.1090,9.1710,40.630,-13.900,-17.180,717
47226.00,0.7250,-4.1080,9.1660,40.740,-13.900,-17.230,717
47236.00,0.8850,-3.9690,9.2110,40.880,-13.860,-17.290,718
47246.00,0.9300,-3.8910,9.2760,40.880,-13.860,-17.270,718
47256.00,0.9090,-3.8350,9.2420,40.830,-13.880,-17.220,718
47266.00,0.6600,-3.9600,9.2360,40.740,-13.980,-17.160,718
47276.00,0.4280,-4.0710,9.2020,40.580,-14.000,-17.130,718
47286.00,0.2820,-4.1530,9.1890,40.620,-14.020,-17.090,719
47296.00,0.2030,-4.1940,9.1690,40.620,-14.050,-17.130,719
47306.00,0.2270,-4.1670,9.1400,40.620,-13.950,-17.160,719
47316.00,0.3520,-4.1070,9.1900,40.670,-13.970,-17.220,719
47326.00,0.5200,-4.0250,9.2090,40.700,-13.930,-17.220,719
47336.00,0.6810,-3.9300,9.2290,40.650,-13.980,-17.180,720
47346.00,0.8200,-3.8850,9.2530,40.620,-13.970,-17.200,720
47356.00,0.8850,-3.8830,9.2410,40.530,-13.980,-17.160,720
47366.00,0.8720,-3.9330,9.2350,40.420,-13.970,-17.130,720
47376.00,0.7630,-3.9970,9.2070,40.410,-14.020,-17.060,720
47386.00,0.6400,-4.0640,9.1880,40.460,-14.050,-17.040,721
47396.00,0.4790,-4.0730,9.1830,40.440,-14.020,-17.080,721
47406.00,0.3480,-4.0430,9.2240,40.480,-13.950,-17.090,721
47416.00,0.2930,-4.0040,9.2370,40.350,-14.000,-17.090,721
47426.00,0.3700,-4.0190,9.2140,40.320,-14.020,-17.160,721
47436.00,0.4630,-4.0430,9.1980,40.270,-14.020,-17.150,722
47446.00,0.6130,-4.0470,9.2010,40.270,-14.040,-17.150,722
47456.00,0.7020,-4.0630,9.1980,40.340,-14.020,-17.150,722
47466.00,0.7710,-4.0720,9.1860,40.420,-14.020,-17.150,722
47476.00,0.7880,-4.0680,9.1810,40.440,-14.040,-17.090,722
47486.00,0.7500,-4.0680,9.1720,40.510,-14.000,-17.080,723
47496.00,0.6670,-4.0450,9.2190,40.550,-14.020,-17.090,723
47506.00,0.5790,-4.0280,9.2110,40.550,-14.020,-17.080,723
47516.00,0.4850,-4.0180,9.2020,40.530,-14.050,-17.040,723
47526.00,0.4420,-4.0300,9.2260,40.490,-14.020,-17.110,723
47536.00,0.4360,-4.0700,9.2010,40.480,-14.000,-17.160,724
47546.00,0.4450,-4.1090,9.1770,40.490,-13.980,-17.160,724
47556.00,0.5890,-4.0680,9.1540,40.530,-14.000,-17.160,724
47566.00,0.6490,-4.0530,9.2070,40.580,-14.000,-17.150,724
47576.00,0.6780,-4.0350,9.2150,40.630,-14.000,-17.130,724
47586.00,0.6720,-4.0120,9.1700,40.670,-13.950,-17.150,725
47596.00,0.6460,-4.0490,9.2320,40.630,-13.980,-17.200,725
47606.00,0.6070,-4.0430,9.1820,40.620,-13.950,-17.180,725
47616.00,0.5620,-4.0580,9.2010,40.650,-13.950,-17.180,725
47626.00,0.5280,-4.0650,9.1980,40.700,-13.970,-17.150,725
47636.00,0.5030,-4.0370,9.1750,40.740,-13.930,-17.180,726
47646.00,0.5000,-4.0190,9.2240,40.690,-13.950,-17.160,726
47656.00,0.4970,-4.0340,9.2430,40.630,-13.970,-17.150,726
47666.00,0.5180,-4.0310,9.1830,40.600,-13.970,-17.200,726
47676.00,0.5270,-4.0510,9.2150,40.630,-13.950,-17.220,726
47686.00,0.5530,-4.0580,9.1940,40.620,-13.980,-17.180,727
47696.00,0.5730,-4.0050,9.2230,40.630,-13.980,-17.130,727
47706.00,0.6310,-3.9700,9.2030,40.600,-13.980,-17.160,727
47716.00,0.6070,-3.9640,9.2250,40.560,-13.910,-17.090,727
47726.00,0.6200,-3.9960,9.2000,40.560,-14.000,-17.130,727
47736.00,0.6060,-4.0510,9.1960,40.480,-14.000,-17.130,728
47746.00,0.6000,-4.0530,9.1960,40.530,-13.980,-17.150,728
47756.00,0.5740,-4.0460,9.2240,40.530,-14.020,-17.160,728
47766.00,0.5730,-4.0360,9.2010,40.600,-14.020,-17.110,728
47776.00,0.5610,-4.0150,9.1950,40.580,-14.000,-17.110,728
47786.00,0.5520,-4.0150,9.2290,40.600,-13.980,-17.130,729
47796.00,0.5450,-4.0230,9.2240,40.510,-14.000,-17.150,729
47806.00,0.5520,-4.0470,9.1840,40.490,-14.000,-17.160,729
47816.00,0.5560,-4.0660,9.2170,40.530,-13.970,-17.160,729
47826.00,0.5730,-4.0900,9.1830,40.580,-14.000,-17.150,729
47837.00,0.5800,-4.0570,9.1740,40.630,-13.980,-17.090,730
47847.00,0.6290,-4.0170,9.1980,40.650,-13.930,-17.110,730
47857.00,0.5990,-4.0180,9.2490,40.600,-13.950,-17.080,730
47867.00,0.6020,-4.0170,9.1980,40.600,-14.000,-17.090,730
47877.00,0.6080,-4.0040,9.1940,40.600,-14.020,-17.080,730
47887.00,0.6020,-4.0220,9.2230,40.580,-14.040,-17.080,731
47897.00,0.5630,-4.0420,9.2030,40.550,-14.020,-17.080,731
47907.00,0.5550,-4.0760,9.2010,40.630,-14.000,-17.090,731
47917.00,0.5320,-4.0970,9.1780,40.700,-14.020,-17.080,731
47927.00,0.5030,-4.0940,9.1740,40.720,-13.970,-17.080,731
47937.00,0.4660,-4.0890,9.1930,40.720,-13.970,-17.080,732
47947.00,0.4800,-4.0340,9.1980,40.700,-13.970,-17.130,732
47957.00,0.4790,-4.0010,9.2120,40.720,-13.970,-17.130,732
47967.00,0.4920,-3.9980,9.2360,40.670,-13.980,-17.130,732
47977.00,0.5750,-4.0520,9.2310,40.630,-13.950,-17.150,732
47987.00,0.6000,-4.0550,9.1880,40.600,-13.970,-17.150,733
47997.00,0.6430,-4.0310,9.1800,40.630,-13.980,-17.180,733
48007.00,0.6620,-4.0220,9.2440,40.600,-13.930,-17.180,733
48017.00,0.6670,-3.9500,9.2020,40.580,-13.910,-17.160,733
48027.00,0.6600,-3.9270,9.2330,40.600,-13.930,-17.200,733
48037.00,0.6250,-3.9340,9.2490,40.550,-13.980,-17.220,734
48047.00,0.6100,-3.9640,9.2150,40.440,-14.020,-17.180,734
48057.00,0.5800,-4.0210,9.2150,40.420,-14.050,-17.150,734
48067.00,0.5460,-4.0650,9.2030,40.420,-14.020,-17.130,734
48077.00,0.5220,-4.0980,9.1760,40.440,-13.980,-17.160,734
48087.00,0.5330,-4.0950,9.1870,40.490,-13.970,-17.220,735
48097.00,0.5260,-4.0740,9.2060,40.530,-13.970,-17.160,735
48107.00,0.5630,-4.0530,9.2030,40.530,-13.980,-17.160,735
48117.00,0.6020,-4.0370,9.1990,40.550,-13.970,-17.220,735
48127.00,0.6190,-4.0510,9.1890,40.550,-14.000,-17.200,735
48137.00,0.6190,-4.0550,9.2010,40.510,-13.980,-17.200,736
48147.00,0.5730,-4.0430,9.1810,40.550,-14.020,-17.160,736
48157.00,0.5830,-4.0350,9.2320,40.580,-13.950,-17.180,736
48167.00,0.5160,-4.0330,9.1780,40.620,-13.950,-17.150,736
48177.00,0.5270,-4.0410,9.2120,40.620,-14.000,-17.130,736
48187.00,0.4940,-4.0580,9.2170,40.600,-13.950,-17.160,737
48197.00,0.5030,-4.0410,9.1950,40.560,-13.910,-17.160,737
48207.00,0.5210,-4.0240,9.2240,40.560,-13.980,-17.180,737
48217.00,0.5030,-4.0290,9.1990,40.600,-13.980,-17.160,737
48227.00,0.5180,-4.0720,9.2230,40.510,-13.950,-17.130,737
48237.00,0.5760,-3.9900,9.2030,40.580,-13.930,-17.160,738
48247.00,0.6310,-3.9820,9.2500,40.560,-13.980,-17.200,738
48257.00,0.6660,-4.0470,9.1880,40.510,-13.980,-17.220,738
48267.00,0.6610,-4.1030,9.1830,40.510,-13.980,-17.160,738
48277.00,0.6300,-4.0920,9.1620,40.560,-13.970,-17.130,738
48287.00,0.5690,-4.0550,9.1840,40.600,-14.020,-17.130,739
48297.00,0.5300,-4.0710,9.1500,40.650,-14.000,-17.150,739
48307.00,0.4800,-3.9740,9.1980,40.670,-13.950,-17.180,739
48317.00,0.5690,-4.0470,9.3080,40.560,-14.020,-17.180,739
48327.00,0.4510,-3.9600,9.1720,40.650,-13.930,-17.220,739
48337.00,0.4760,-4.0240,9.2800,40.550,-13.970,-17.230,740
48347.00,0.5590,-4.0850,9.2130,40.440,-13.950,-17.230,740
48357.00,0.7280,-4.1040,9.1340,40.530,-13.970,-17.180,740
48367.00,0.8600,-4.1150,9.2270,40.600,-13.930,-17.220,740
48377.00,0.8900,-4.0490,9.1500,40.670,-13.910,-17.230,740
48387.00,0.8060,-4.0270,9.2030,40.760,-13.950,-17.150,741
48397.00,0.6600,-3.9990,9.1950,40.770,-13.970,-17.150,741
48407.00,0.3270,-4.0190,9.2190,40.670,-14.000,-17.130,741
48417.00,0.2780,-4.0510,9.2140,40.600,-13.970,-17.160,741
48427.00,0.3140,-4.0610,9.1680,40.550,-13.970,-17.180,741
48437.00,0.4730,-4.0980,9.2010,40.510,-13.930,-17.220,742
48447.00,0.6240,-4.0670,9.2030,40.580,-13.950,-17.200,742
48457.00,0.7320,-4.0150,9.1950,40.670,-13.910,-17.220,742
48467.00,0.8260,-3.9500,9.2650,40.620,-13.910,-17.180,742
48477.00,0.7930,-3.9140,9.2320,40.620,-13.970,-17.200,742
48487.00,0.7110,-3.9910,9.2110,40.620,-13.970,-17.150,743
48497.00,0.6010,-4.0660,9.2150,40.650,-13.930,-17.150,743
48507.00,0.5030,-4.0920,9.1860,40.620,-13.950,-17.110,743
48517.00,0.4480,-4.1180,9.1760,40.620,-13.980,-17.180,743
48527.00,0.2570,-4.1090,9.1740,40.690,-13.970,-17.220,743
48537.00,-0.5190,-4.3420,9.1740,40.810,-13.980,-16.990,744
48547.00,0.4300,-3.9720,9.1450,40.490,-13.900,-17.300,744
48557.00,1.0890,-3.8080,9.3390,40.510,-13.830,-17.620,744
48567.00,1.2550,-3.9820,9.1700,40.440,-13.900,-17.460,744
48577.00,1.3440,-3.9760,9.1620,40.490,-14.040,-16.950,744
48587.00,1.2820,-4.1320,9.1680,40.580,-14.120,-16.920,745
48597.00,0.9910,-4.0190,9.1830,40.740,-13.950,-17.130,745
48607.00,0.4580,-3.9600,9.2550,40.880,-13.900,-17.220,745
48617.00,0.0450,-3.9960,9.1980,40.740,-14.020,-17.040,745
48627.00,-0.1320,-4.0720,9.2490,40.700,-14.050,-16.970,745
48637.00,-0.0530,-4.0880,9.2290,40.530,-13.970,-17.130,746
48647.00,0.2080,-4.0370,9.1880,40.530,-13.950,-17.270,746
48657.00,0.5650,-4.0960,9.1640,40.440,-13.980,-17.300,746
48667.00,0.8750,-4.1220,9.1990,40.460,-13.980,-17.220,746
48677.00,1.0580,-4.0600,9.1410,40.580,-13.980,-17.150,746
48687.00,0.7840,-3.8640,9.2910,40.790,-13.880,-17.180,747
48697.00,0.2700,-3.8930,9.2310,40.700,-13.930,-17.110,747
48707.00,0.0870,-4.0360,9.2610,40.530,-14.090,-17.060,747
48717.00,0.0720,-4.0940,9.2000,40.480,-14.050,-17.160,747
48727.00,0.2230,-4.1070,9.2130,40.420,-13.950,-17.230,747
48737.00,0.5160,-4.0630,9.1590,40.370,-13.930,-17.270,748
48747.00,0.7800,-4.0120,9.1900,40.390,-13.980,-17.180,748
48757.00,0.9570,-4.0150,9.2320,40.390,-14.040,-17.080,748
48767.00,1.0560,-3.9730,9.1980,40.480,-14.000,-17.160,748
48777.00,1.0040,-3.9690,9.1940,40.490,-14.000,-17.200,748
48787.00,0.9100,-3.9520,9.1770,40.490,-14.000,-17.180,749
48797.00,0.7320,-3.9740,9.2850,40.620,-14.000,-17.150,749
48807.00,0.4890,-4.0030,9.1760,40.410,-14.020,-17.130,749
48817.00,0.3460,-4.1160,9.2020,40.530,-13.980,-17.220,749
48827.00,0.1850,-4.1950,9.1330,40.530,-14.040,-17.080,749
48837.00,0.2640,-4.1490,9.2140,40.530,-14.000,-17.160,750
48847.00,0.4890,-4.0300,9.1950,40.580,-13.930,-17.290,750
48858.00,0.6560,-3.9870,9.1760,40.600,-13.910,-17.300,750
48868.00,0.7820,-4.0220,9.2320,40.620,-13.980,-17.220,750
48878.00,0.8320,-4.0100,9.1950,40.630,-14.000,-17.130,750
48888.00,0.8190,-3.9900,9.2050,40.650,-13.950,-17.160,751
48898.00,0.7320,-3.9630,9.2260,40.690,-13.970,-17.150,751
48908.00,0.6380,-3.9800,9.2270,40.620,-14.020,-17.130,751
48918.00,0.5250,-3.9910,9.2110,40.600,-13.970,-17.060,751
48928.00,0.4470,-4.0610,9.1990,40.530,-14.020,-17.110,751
48938.00,0.3630,-4.0890,9.1990,40.530,-14.020,-17.200,752
48948.00,0.3180,-4.0970,9.1940,40.510,-13.970,-17.250,752
48958.00,0.3290,-4.0900,9.1780,40.530,-13.900,-17.270,752
48968.00,0.5150,-4.0120,9.2230,40.550,-13.900,-17.220,752
48978.00,0.6580,-3.9500,9.2380,40.510,-13.950,-17.220,752
48988.00,0.7870,-3.9370,9.2630,40.440,-13.980,-17.200,753
48998.00,0.8600,-3.9620,9.1980,40.410,-14.000,-17.130,753
49008.00,0.8370,-4.0590,9.2020,40.420,-14.000,-17.110,753
49018.00,0.7690,-4.1040,9.1520,40.440,-14.020,-17.110,753
49028.00,0.6520,-4.1270,9.1770,40.480,-13.970,-17.110,753
49038.00,0.5380,-4.1210,9.1920,40.560,-13.980,-17.090,754
49048.00,0.4410,-4.0370,9.2000,40.620,-14.000,-17.090,754
49058.00,0.4250,-3.9850,9.2420,40.630,-13.970,-17.150,754
49068.00,0.4050,-3.9560,9.2270,40.580,-14.000,-17.150,754
49078.00,0.4170,-3.9920,9.2390,40.530,-13.980,-17.150,754
49088.00,0.5060,-4.0600,9.2020,40.510,-14.000,-17.180,755
49098.00,0.5340,-4.1150,9.1480,40.530,-14.000,-17.180,755
