ts_ms,ax_ms2,ay_ms2,az_ms2,gx_dps,gy_dps,gz_dps,seq,load_kg
34140.00,2.9340,-0.9030,9.9070,1.190,-2.690,3.900,0,100.0
34150.00,2.8180,-1.1240,9.5090,-0.400,-4.810,4.600,0,100.0
34160.00,2.7680,-1.3490,9.5010,-0.080,-4.690,3.900,0,100.0
34170.00,2.8120,-1.2370,9.6620,1.940,-4.510,1.870,0,100.0
34180.00,2.8460,-1.1720,9.7630,3.860,-5.210,0.590,0,100.0
34190.00,2.8350,-1.0550,9.6270,4.900,-5.910,-0.240,1,100.0
34200.00,2.8680,-1.1400,9.6490,5.910,-5.020,-0.660,1,100.0
34210.00,2.9030,-0.9430,9.4090,4.560,-3.920,-1.120,1,100.0
34220.00,2.8270,-1.2550,9.5500,5.050,-2.200,-0.540,1,100.0
34230.00,2.8590,-1.0560,9.7480,4.830,0.330,-2.310,1,100.0
34240.00,2.9350,-0.7280,9.4550,3.990,-0.240,-2.920,2,100.0
34250.00,2.8970,-0.9780,9.6340,5.000,-0.490,-1.780,2,100.0
34260.00,2.9320,-0.7760,9.4990,5.180,-0.490,-2.130,2,100.0
34270.00,2.9910,-0.8140,9.7060,5.110,0.450,-1.660,2,100.0
34280.00,2.9700,-0.7780,9.9490,4.300,0.630,-1.380,2,100.0
34290.00,3.0300,-0.7690,9.7450,3.150,-0.820,-1.030,3,100.0
34300.00,3.0200,-0.8370,9.6770,2.780,-1.780,-0.610,3,100.0
34310.00,3.0260,-0.7700,9.4940,3.110,-2.240,-0.120,3,100.0
34320.00,3.0200,-0.8320,9.5900,3.200,-1.120,0.660,3,100.0
34330.00,2.9950,-0.9230,9.6670,4.410,-0.310,0.980,3,100.0
34340.00,2.9770,-0.8070,9.7730,6.000,0.150,0.490,4,100.0
34350.00,2.9770,-0.7750,9.6450,5.650,-0.380,0.910,4,100.0
34360.00,2.8820,-1.0150,9.6470,6.490,-0.870,1.380,4,100.0
34370.00,2.8960,-0.8930,9.4660,8.360,-1.240,0.260,4,100.0
34380.00,2.9970,-0.6970,9.5920,9.530,-0.610,-0.220,4,100.0
34390.00,3.0440,-0.5310,9.5640,9.450,-0.640,0.330,5,100.0
34400.00,3.1050,-0.5130,9.4690,8.590,-0.520,1.520,5,100.0
34410.00,3.0720,-0.4950,9.4910,7.360,0.030,3.130,5,100.0
34420.00,2.9860,-0.8260,9.6680,8.180,0.820,4.770,5,100.0
34430.00,2.8550,-0.9550,9.5760,5.370,-0.520,5.280,5,100.0
34440.00,2.8400,-0.9630,9.7320,4.880,-0.170,4.420,6,100.0
34450.00,2.8660,-0.8700,9.8770,4.000,-0.290,3.550,6,100.0
34460.00,2.7850,-0.9410,9.7360,4.910,-1.920,3.200,6,100.0
34471.00,2.7680,-1.0060,9.6900,6.860,-2.660,2.410,6,100.0
34481.00,2.7560,-0.9430,9.5380,8.270,-2.950,1.360,6,100.0
34491.00,2.7880,-0.9300,9.6610,9.080,-2.760,0.680,7,100.0
34501.00,2.8760,-0.6770,9.5520,9.200,-2.590,0.070,7,100.0
34511.00,2.9100,-0.7200,9.6550,8.600,-1.270,0.470,7,100.0
34521.00,2.9240,-0.5000,9.8640,8.410,-0.070,0.170,7,100.0
34531.00,2.9390,-0.4800,9.8260,4.700,-0.640,1.100,7,100.0
34541.00,2.8150,-0.6670,9.8030,2.550,-1.540,2.380,8,100.0
34551.00,2.7840,-0.7110,9.6800,1.850,-2.010,2.040,8,100.0
34561.00,2.7480,-0.6020,9.6510,1.610,-1.970,1.610,8,100.0
34571.00,2.7250,-0.8260,9.7250,0.990,-2.060,1.690,8,100.0
34581.00,2.7680,-0.7150,9.5310,1.030,-2.570,0.610,8,100.0
34591.00,2.7900,-0.7040,9.6110,2.380,-1.870,-0.050,9,100.0
34601.00,2.8880,-0.5980,9.7710,2.970,-1.200,-0.750,9,100.0
34611.00,2.8670,-0.6610,9.7290,2.920,-2.090,-0.660,9,100.0
34621.00,2.8430,-0.8190,9.8360,3.510,-2.060,-0.730,9,100.0
34631.00,2.9510,-0.6160,9.6470,1.690,-2.180,-1.660,9,100.0
34641.00,3.0370,-0.3030,9.5360,0.770,-1.750,-1.520,10,100.0
34651.00,3.0280,-0.3030,9.5960,0.610,-1.540,0.330,10,100.0
34661.00,3.0000,-0.4340,9.9090,1.290,-1.750,2.060,10,100.0
34671.00,2.9000,-0.6040,9.7900,1.100,-3.640,3.020,10,100.0
34681.00,2.8330,-0.8720,9.7110,1.040,-4.650,3.340,10,100.0
34691.00,2.8700,-0.8430,9.6760,2.220,-5.040,2.310,11,100.0
34701.00,3.0010,-0.5550,9.5270,2.740,-4.630,1.540,11,100.0
34711.00,3.0810,-0.4470,9.5530,1.590,-3.600,2.390,11,100.0
34721.00,3.0800,-0.5350,9.5940,0.660,-3.340,3.500,11,100.0
34731.00,3.0130,-0.6040,9.6400,1.680,-3.080,3.830,11,100.0
34741.00,3.0060,-0.5880,9.9550,2.970,-2.670,3.430,12,100.0
34751.00,2.9860,-0.4530,9.7230,1.920,-3.930,3.090,12,100.0
34761.00,2.9410,-0.6050,9.6650,0.960,-4.190,3.900,12,100.0
34771.00,2.9380,-0.6140,9.6500,0.990,-4.230,3.860,12,100.0
34781.00,2.9020,-0.5710,9.6470,2.090,-4.760,3.830,12,100.0
34791.00,2.8830,-0.6730,9.5920,2.240,-5.350,4.340,13,100.0
34801.00,2.9080,-0.6910,9.6190,1.820,-5.670,4.230,13,100.0
34811.00,2.9200,-0.8210,9.5660,1.900,-5.880,4.230,13,100.0
34821.00,2.9740,-0.7480,9.5270,2.060,-5.160,3.570,13,100.0
34831.00,3.0360,-0.6680,9.8660,-0.780,-4.910,4.480,13,100.0
34841.00,3.0640,-0.5100,9.6650,-1.820,-4.950,4.420,14,100.0
34851.00,3.0550,-0.5810,9.9310,-0.840,-3.920,4.650,14,100.0
34861.00,2.9750,-0.4420,9.7340,0.540,-4.770,4.270,14,100.0
34871.00,2.9030,-0.5510,9.6800,0.310,-5.160,4.910,14,100.0
34881.00,2.8480,-0.6620,9.5360,-0.220,-5.610,5.250,14,100.0
34891.00,2.8280,-0.6840,9.6270,0.120,-5.330,4.980,15,100.0
34901.00,2.8450,-0.6680,9.7890,0.590,-5.580,4.490,15,100.0
34911.00,3.0110,-0.4780,10.1410,0.590,-6.160,4.040,15,100.0
34921.00,3.1020,-0.2120,10.0540,-0.560,-8.430,4.390,15,100.0
34931.00,3.0500,-0.5450,9.8700,-0.700,-10.220,5.720,15,100.0
34941.00,3.1410,-0.2710,9.8040,-1.640,-10.710,5.390,16,100.0
34951.00,3.1250,-0.4130,10.0530,-2.530,-11.180,6.800,16,100.0
34961.00,3.0900,-0.5610,9.6770,-3.300,-13.100,7.400,16,100.0
34971.00,3.0550,-0.8320,9.4210,-3.290,-13.350,7.450,16,100.0
34981.00,3.0400,-0.9090,9.3810,-2.670,-12.330,6.070,16,100.0
34991.00,2.9710,-1.0770,9.2320,-0.290,-12.040,5.300,17,100.0
35001.00,3.0370,-0.9750,9.4430,1.310,-11.370,3.950,17,100.0
35011.00,3.0160,-0.9490,9.5460,1.920,-11.740,3.460,17,100.0
35021.00,2.9990,-1.1060,9.4510,2.340,-11.970,2.900,17,100.0
35031.00,3.0470,-0.8780,9.5500,3.340,-11.230,0.260,17,100.0
35041.00,3.0650,-0.9910,9.6490,4.770,-11.410,-0.450,18,100.0
35051.00,3.1080,-0.6480,9.4950,6.750,-12.420,-1.870,18,100.0
35061.00,3.1520,-0.7140,9.6140,7.730,-12.090,-1.640,18,100.0
35071.00,3.2410,-0.5980,9.5410,8.620,-12.350,-2.410,18,100.0
35081.00,3.2740,-0.5870,9.5890,10.600,-12.600,-2.900,18,100.0
35091.00,3.4190,-0.2240,9.5430,11.440,-12.460,-3.340,19,100.0
35101.00,3.4510,-0.3600,9.5960,11.320,-12.320,-1.750,19,100.0
35111.00,3.3940,-0.4670,9.3650,11.980,-12.370,-0.730,19,100.0
35121.00,3.4120,-0.3560,9.4060,12.350,-10.430,-0.360,19,100.0
35131.00,3.3350,-0.5190,9.3750,11.580,-8.690,1.040,19,100.0
35141.00,3.3260,-0.6440,9.4730,11.810,-6.940,1.520,20,100.0
35151.00,3.2620,-0.6930,9.5340,12.960,-5.930,0.750,20,100.0
35161.00,3.3170,-0.6660,9.3490,14.400,-5.420,0.080,20,100.0
35171.00,3.3390,-0.4660,9.3710,14.920,-3.920,-0.100,20,100.0
35181.00,3.3240,-0.3310,9.3710,13.870,-3.080,0.710,20,100.0
35191.00,3.3150,-0.4940,9.3690,10.900,-2.220,2.180,21,100.0
35201.00,3.3410,-0.4490,9.4850,8.780,-1.340,2.220,21,100.0
35211.00,3.4140,-0.3860,9.6690,7.150,-1.120,2.290,21,100.0
35221.00,3.4090,-0.3700,9.9400,6.140,-1.690,2.660,21,100.0
35231.00,3.2850,-0.4890,9.7500,6.790,-3.580,2.920,21,100.0
35241.00,3.2200,-0.5690,9.6820,6.650,-5.510,2.130,22,100.0
35251.00,3.1650,-0.6500,9.4850,5.840,-5.960,1.260,22,100.0
35261.00,3.1500,-0.6180,9.3940,4.840,-5.400,0.330,22,100.0
35271.00,3.1350,-0.7230,9.5480,4.040,-4.630,-0.560,22,100.0
35281.00,3.1710,-0.7390,9.5900,5.390,-5.470,-2.340,22,100.0
35291.00,3.1890,-0.6480,9.5600,9.010,-6.800,-4.760,23,100.0
35301.00,3.1540,-0.5850,9.4140,12.680,-7.560,-6.650,23,100.0
35311.00,3.3120,-0.1790,9.7070,15.100,-7.100,-8.520,23,100.0
35321.00,3.3590,-0.3540,9.4690,16.200,-7.990,-8.390,23,100.0
35331.00,3.4600,-0.0500,9.4340,17.320,-7.120,-9.170,23,100.0
35341.00,3.5370,0.1450,9.3950,15.750,-5.960,-8.390,24,100.0
35351.00,3.4910,-0.1550,9.4240,14.310,-4.770,-6.490,24,100.0
35361.00,3.5210,-0.0820,9.5070,15.260,-3.090,-6.650,24,100.0
35371.00,3.5790,-0.0460,9.5830,18.840,-2.010,-7.120,24,100.0
35381.00,3.5480,-0.2640,9.5770,26.250,-1.920,-7.960,24,100.0
35391.00,3.4940,-0.2850,9.0930,36.570,-1.590,-10.900,25,100.0
35401.00,3.4800,-0.0940,9.0790,50.520,1.900,-14.770,25,100.0
35411.00,3.4240,0.0070,9.3400,68.650,6.090,-17.640,25,100.0
35421.00,3.5500,1.0870,9.2190,77.400,8.410,-19.460,25,100.0
35431.00,3.3900,0.9510,9.6010,70.010,9.710,-15.080,25,100.0
35441.00,3.4150,1.0770,9.1990,62.190,5.580,-8.800,26,100.0
35451.00,3.4310,1.0890,9.4670,60.580,7.430,-7.170,26,100.0
35461.00,3.4430,1.4340,9.7750,56.850,8.690,-6.510,26,100.0
35471.00,3.5830,1.7320,9.5050,42.910,7.120,-3.510,26,100.0
35481.00,3.3080,1.2780,9.6620,35.430,5.580,1.080,26,100.0
35492.00,3.2960,1.0610,9.2570,29.050,3.970,1.800,27,100.0
35502.00,3.3170,1.3260,9.5490,30.520,4.280,1.400,27,100.0
35512.00,3.2550,1.0540,9.5230,30.730,2.740,2.660,27,100.0
35522.00,3.2780,1.0150,9.6190,30.530,2.010,2.250,27,100.0
35532.00,3.3260,0.9850,9.7850,35.920,0.520,2.150,27,100.0
35542.00,3.3990,1.0680,9.4640,37.810,-1.680,2.340,28,100.0
35552.00,3.6150,1.2470,9.3170,35.630,-1.610,3.130,28,100.0
35562.00,3.6290,1.3500,9.0110,28.140,-0.610,5.350,28,100.0
35572.00,3.4940,0.8940,8.6020,21.630,3.160,8.050,28,100.0
35582.00,3.5100,0.7750,10.3710,42.100,9.170,7.640,28,100.0
35592.00,3.5780,1.9130,9.4210,12.880,5.280,3.320,29,100.0
35602.00,3.2900,1.0680,10.3390,0.870,5.700,7.630,29,100.0
35612.00,3.2880,1.2030,9.6840,-2.430,1.330,6.510,29,100.0
35622.00,3.2750,1.4440,9.5010,-3.300,-0.310,5.880,29,100.0
35632.00,3.0370,1.0220,9.4820,-4.280,-1.240,6.890,29,100.0
35642.00,3.0120,1.4650,8.7500,-9.690,0.430,5.140,30,100.0
35652.00,2.9520,1.2560,9.4770,-13.300,3.200,6.100,30,100.0
35662.00,2.9470,1.4120,9.6650,-13.580,1.920,5.020,30,100.0
35672.00,2.8820,1.6070,9.4500,-15.430,-0.890,4.690,30,100.0
35682.00,2.9040,1.3690,9.7590,-16.790,-1.830,5.180,30,100.0
35692.00,3.0160,1.4720,9.7550,-18.020,-3.020,4.250,31,100.0
35702.00,3.0810,1.9270,9.6630,-25.410,-3.880,4.530,31,100.0
35712.00,3.0560,1.3490,9.6490,-32.630,-4.900,7.840,31,100.0
35722.00,3.0740,1.1710,9.6820,-33.230,-5.140,7.470,31,100.0
35732.00,3.1660,1.2410,9.6880,-31.990,-5.260,6.030,31,100.0
35742.00,3.1770,1.2830,9.6130,-31.480,-6.300,5.910,32,100.0
35752.00,3.1680,0.8410,9.4190,-31.010,-7.770,6.960,32,100.0
35762.00,3.1960,0.8290,9.7890,-27.210,-7.260,5.370,32,100.0
35772.00,3.3110,0.8680,9.4930,-25.830,-8.800,3.500,32,100.0
35782.00,3.4760,1.0860,9.8220,-22.920,-8.780,3.090,32,100.0
35792.00,3.5820,1.3360,9.5700,-24.160,-10.950,4.830,33,100.0
35802.00,3.5170,0.8810,9.4490,-26.670,-11.510,8.450,33,100.0
35812.00,3.5000,0.7960,9.4700,-26.470,-10.830,8.750,33,100.0
35822.00,3.4990,0.7360,9.2700,-25.980,-10.040,8.920,33,100.0
35832.00,3.4030,0.6120,9.5060,-23.640,-8.430,9.380,33,100.0
35842.00,3.4550,0.4910,9.3630,-22.870,-7.210,8.660,34,100.0
35852.00,3.5300,0.5890,9.2790,-20.820,-6.170,7.520,34,100.0
35862.00,3.5310,0.4570,9.6390,-17.160,-5.000,7.590,34,100.0
35872.00,3.5660,0.6050,9.4660,-13.750,-5.930,6.910,34,100.0
35882.00,3.5650,0.6200,9.5800,-12.390,-6.160,6.980,34,100.0
35892.00,3.5560,0.5450,9.4490,-12.370,-6.170,8.010,35,100.0
35902.00,3.4220,0.5430,9.4980,-13.070,-5.510,8.960,35,100.0
35912.00,3.3750,0.3190,9.4260,-17.530,-5.460,9.930,35,100.0
35922.00,3.4000,0.2480,9.6960,-19.390,-5.090,9.970,35,100.0
35932.00,3.4380,0.1540,9.6170,-18.910,-6.590,9.730,35,100.0
35942.00,3.4010,0.4510,9.4540,-17.900,-8.060,9.030,36,100.0
35952.00,3.3960,-0.0830,9.2560,-20.450,-8.120,10.510,36,100.0
35962.00,3.3900,-0.0720,9.4210,-19.090,-6.000,9.220,36,100.0
35972.00,3.4300,-0.0090,9.5480,-17.690,-4.560,7.960,36,100.0
35982.00,3.3240,-0.0960,9.6490,-17.550,-4.350,8.080,36,100.0
35992.00,3.3160,-0.3170,9.7300,-17.500,-5.370,7.610,37,100.0
36002.00,3.3390,-0.1230,9.4850,-18.110,-6.820,6.470,37,100.0
36012.00,3.2850,-0.5320,9.7500,-16.870,-6.750,6.540,37,100.0
36022.00,3.3570,-0.1900,9.4520,-15.780,-7.490,4.000,37,100.0
36032.00,3.3840,-0.1750,9.6010,-14.640,-6.910,3.230,37,100.0
36042.00,3.4190,0.2280,9.3870,-18.980,-7.560,3.320,38,100.0
36052.00,3.3670,-0.1680,9.6670,-21.570,-6.820,4.860,38,100.0
36062.00,3.3880,-0.0930,9.6020,-22.570,-7.660,3.710,38,100.0
36072.00,3.4220,-0.1040,9.7220,-22.200,-8.100,3.180,38,100.0
36082.00,3.4600,0.0020,9.6260,-21.120,-9.010,2.600,38,100.0
36092.00,3.4920,-0.0880,9.4190,-20.120,-9.900,2.620,39,100.0
36102.00,3.5740,0.0380,9.2960,-19.890,-9.880,2.450,39,100.0
36112.00,3.5060,-0.3860,9.3490,-17.830,-9.410,3.090,39,100.0
36122.00,3.5440,-0.1610,9.5680,-15.750,-8.570,1.330,39,100.0
36132.00,3.6150,-0.4860,9.6550,-14.940,-9.810,1.360,39,100.0
36142.00,3.5780,-0.2540,9.7550,-11.070,-12.420,0.280,40,100.0
36152.00,3.6130,-0.1960,9.7670,-12.440,-15.970,0.700,40,100.0
36162.00,3.6860,-0.3940,10.0970,-13.890,-21.570,1.380,40,100.0
36172.00,3.7040,-0.5550,9.9210,-13.750,-30.810,0.840,40,100.0
36182.00,3.7800,-0.4790,9.6500,-12.070,-38.230,0.070,40,100.0
36192.00,3.8840,-0.5860,9.6170,-10.370,-42.050,-0.290,41,100.0
36202.00,3.8890,-0.5500,9.3600,-8.060,-47.260,-2.180,41,100.0
36212.00,3.9250,-0.6410,8.7390,-6.370,-48.720,-2.310,41,100.0
36222.00,4.1610,-0.3110,8.7390,-5.810,-42.490,-2.530,41,100.0
36232.00,4.2830,-0.2770,8.9160,-5.250,-35.080,-1.640,41,100.0
36242.00,4.3330,-0.1720,8.9410,-3.900,-25.860,0.290,42,100.0
36252.00,4.2650,-0.4970,9.0790,-3.550,-22.010,2.660,42,100.0
36262.00,4.2230,-0.4060,8.9580,-3.530,-19.330,3.250,42,100.0
36272.00,4.2620,-0.4460,9.1620,-3.720,-16.340,3.790,42,100.0
36282.00,4.2950,-0.3780,9.3930,-4.700,-15.850,4.180,42,100.0
36292.00,4.2040,-0.7800,8.9030,-4.300,-18.300,4.840,43,100.0
36302.00,4.2220,-0.7140,8.9590,-3.790,-17.040,3.180,43,100.0
36312.00,4.2010,-1.0970,8.9990,-1.800,-17.150,1.850,43,100.0
36322.00,4.3290,-0.6360,9.1220,1.190,-16.320,-0.920,43,100.0
36332.00,4.3650,-0.4520,8.9990,0.070,-15.360,-0.770,43,100.0
36342.00,4.3990,-0.7820,8.9460,-0.190,-12.950,0.840,44,100.0
36352.00,4.4170,-0.4950,9.0530,1.150,-9.880,-0.350,44,100.0
36362.00,4.4510,-0.4650,8.9240,1.470,-7.710,0.240,44,100.0
36372.00,4.4270,-0.4150,9.1510,1.430,-4.650,1.590,44,100.0
36382.00,4.3320,-0.7940,9.2900,1.480,-3.990,2.900,44,100.0
36392.00,4.2590,-0.6540,9.0560,3.340,-5.580,1.850,45,100.0
36402.00,4.2010,-0.8110,9.0710,4.160,-5.630,1.200,45,100.0
36412.00,4.2430,-0.6310,8.8070,3.530,-4.930,-0.170,45,100.0
36422.00,4.3050,-0.6840,9.1890,3.570,-3.060,-1.040,45,100.0
36432.00,4.3760,-0.4490,9.1230,3.860,-3.580,-2.450,45,100.0
36442.00,4.3420,-0.2930,8.9210,0.220,-3.640,-0.910,46,100.0
36452.00,4.3080,-0.3700,9.0680,-2.240,-1.890,0.420,46,100.0
36462.00,4.3200,-0.4630,9.1100,-4.190,-0.420,1.310,46,100.0
36472.00,4.2970,-0.5210,9.2260,-4.180,-0.150,0.990,46,100.0
36482.00,4.3100,-0.4680,9.1360,-3.340,-1.100,0.310,46,100.0
36492.00,4.3190,-0.5810,9.1420,-2.920,-0.940,0.170,47,100.0
36502.00,4.3880,-0.4860,9.0960,-2.520,-0.170,-0.420,47,100.0
36513.00,4.4140,-0.3960,9.2810,-2.250,0.710,-0.730,47,100.0
36523.00,4.4330,-0.5590,9.1600,-2.430,0.080,-0.150,47,100.0
36533.00,4.4430,-0.4980,9.0590,-0.310,-0.050,-0.490,47,100.0
36543.00,4.4530,-0.4370,9.1830,0.470,0.330,-0.590,48,100.0
36553.00,4.4190,-0.5030,9.0110,0.260,-0.700,0.190,48,100.0
36563.00,4.4540,-0.4070,8.8790,-0.990,-0.590,1.010,48,100.0
36573.00,4.4920,-0.5190,9.0750,-1.940,0.000,2.240,48,100.0
36583.00,4.5030,-0.6230,8.9860,-1.200,-0.310,2.760,48,100.0
36593.00,4.5760,-0.3550,9.2010,-0.170,0.290,2.380,49,100.0
36603.00,4.5270,-0.5740,9.0410,-0.400,0.120,3.810,49,100.0
36613.00,4.5020,-0.4780,9.0410,-0.360,0.570,4.230,49,100.0
36623.00,4.4260,-0.6130,8.8040,-0.080,0.080,4.630,49,100.0
36633.00,4.3870,-0.6490,8.9470,0.080,1.500,4.480,49,100.0
36643.00,4.4560,-0.4770,9.0930,0.010,2.390,4.130,50,100.0
36653.00,4.4310,-0.4860,9.0690,0.070,2.290,4.670,50,100.0
36663.00,4.4010,-0.5450,9.0770,0.540,2.080,5.180,50,100.0
36673.00,4.3950,-0.4830,9.0520,-0.850,2.530,5.740,50,100.0
36683.00,4.3530,-0.6920,9.2940,-1.540,3.290,6.470,50,100.0
36693.00,4.3080,-0.7450,9.3110,-0.890,2.760,5.740,51,100.0
36703.00,4.3190,-0.5090,9.3110,-0.640,1.570,4.830,51,100.0
36713.00,4.2290,-0.8080,9.1400,-1.450,0.030,5.420,51,100.0
36723.00,4.2010,-0.7220,8.8300,-1.100,-0.450,4.910,51,100.0
36733.00,4.1860,-0.8490,8.9450,-0.490,1.120,4.740,51,100.0
36743.00,4.2430,-0.7110,9.0660,0.610,2.760,3.620,52,100.0
36753.00,4.2040,-0.8380,9.1480,1.830,4.460,3.270,52,100.0
36763.00,4.2190,-0.7780,9.1940,3.830,5.110,1.870,52,100.0
36773.00,4.2970,-0.5690,9.3340,5.120,5.740,0.750,52,100.0
36783.00,4.2430,-0.5240,9.5410,4.090,5.120,1.410,52,100.0
36793.00,4.2140,-0.6730,9.2290,3.790,2.690,2.040,53,100.0
36803.00,4.1790,-0.5400,9.2090,3.650,2.460,1.200,53,100.0
36813.00,4.1510,-0.3620,9.1950,1.850,1.850,1.290,53,100.0
36823.00,4.0900,-0.7070,9.0480,-0.220,0.730,2.410,53,100.0
36833.00,4.1210,-0.5500,8.8650,-0.310,1.940,1.750,53,100.0
36843.00,4.1670,-0.5140,9.1740,0.400,4.320,-0.080,54,100.0
36853.00,4.1690,-0.3500,9.2060,2.710,3.670,-0.150,54,100.0
36863.00,4.1300,-0.6500,9.1830,2.800,3.200,0.520,54,100.0
36873.00,4.1280,-0.6120,9.3510,4.560,2.410,-0.750,54,100.0
36883.00,4.1700,-0.5440,9.3060,5.820,0.660,-1.730,54,100.0
36893.00,4.1910,-0.5350,9.3160,6.580,0.150,-1.970,55,100.0
36903.00,4.1950,-0.4540,9.3830,5.540,-0.350,-1.660,55,100.0
36913.00,4.2290,-0.4790,9.0990,5.230,-1.760,-0.710,55,100.0
36923.00,4.2520,-0.3730,9.1750,5.250,-1.500,-0.220,55,100.0
36933.00,4.3040,-0.2240,9.1640,4.020,-1.380,0.990,55,100.0
36943.00,4.2500,-0.4040,9.1290,3.270,-1.240,3.010,56,100.0
36953.00,4.1830,-0.5800,9.2090,3.390,-0.920,3.640,56,100.0
36963.00,4.2280,-0.5440,9.2260,4.070,-1.940,2.900,56,100.0
36973.00,4.2280,-0.3900,9.1660,4.840,-2.710,2.290,56,100.0
36983.00,4.2640,-0.4820,9.3810,4.580,-2.310,2.520,56,100.0
36993.00,4.2460,-0.3680,9.1030,4.160,-2.900,2.340,57,100.0
37003.00,4.2360,-0.3420,9.1750,3.530,-2.390,2.690,57,100.0
37013.00,4.2300,-0.4510,9.0910,2.480,-2.780,3.290,57,100.0
37023.00,4.2400,-0.4230,9.1700,3.150,-2.240,3.150,57,100.0
37033.00,4.2420,-0.4630,9.2150,3.550,-1.640,2.950,57,100.0
37043.00,4.1910,-0.4210,9.2140,4.510,-0.820,2.810,58,100.0
37053.00,4.1340,-0.4330,8.8790,3.320,-0.450,3.780,58,100.0
37063.00,4.1350,-0.6640,9.0610,3.090,0.750,4.580,58,100.0
37073.00,4.1580,-0.5810,9.1390,3.850,2.170,4.040,58,100.0
37083.00,4.1800,-0.6280,9.4580,4.720,3.010,3.670,58,100.0
37093.00,4.1830,-0.4110,9.4820,5.540,1.340,2.970,59,100.0
37103.00,4.1450,-0.5970,9.1140,4.350,-1.610,3.710,59,100.0
37113.00,4.1310,-0.6100,9.1530,4.910,-1.620,3.510,59,100.0
37123.00,4.1500,-0.5470,9.1690,5.490,-1.240,2.710,59,100.0
37133.00,4.1380,-0.5270,9.2570,5.820,-0.840,2.600,59,100.0
37143.00,4.1490,-0.4850,9.2410,6.470,-0.610,2.200,60,100.0
37153.00,4.1030,-0.4550,9.2680,7.560,0.210,1.430,60,100.0
37163.00,4.1160,-0.0860,9.1700,5.250,0.310,1.330,60,100.0
37173.00,4.0640,-0.3990,9.1890,3.180,0.120,3.200,60,100.0
37183.00,4.0120,-0.3180,8.8250,1.940,0.290,2.940,60,100.0
37193.00,3.8900,-0.5990,8.9820,1.820,3.040,2.900,61,100.0
37203.00,3.9460,-0.4120,9.0240,2.150,5.670,1.240,61,100.0
37213.00,4.0540,-0.2500,9.2390,3.390,8.360,0.450,61,100.0
37223.00,4.1570,-0.2640,9.0710,4.770,9.810,0.010,61,100.0
37233.00,4.2740,0.0870,7.9520,3.790,12.840,-0.330,61,100.0
37243.00,4.7860,0.7770,7.3080,2.920,22.730,0.870,62,100.0
37253.00,5.0640,0.8450,6.5100,-0.820,47.530,7.100,62,100.0
37263.00,5.1440,1.0490,5.5320,-10.850,68.040,10.300,62,100.0
37273.00,5.4920,0.9720,6.1920,-18.390,94.620,13.170,62,100.0
37283.00,5.5280,1.5230,5.1600,-23.110,116.110,15.890,62,100.0
37293.00,5.3430,2.1170,5.6310,-22.710,143.000,21.220,63,100.0
37303.00,4.6950,2.0030,5.9290,-22.240,165.860,30.480,63,100.0
37313.00,3.4030,1.3670,3.7890,-26.300,184.780,39.420,63,100.0
37323.00,2.3250,1.0800,3.1750,-28.240,216.300,45.370,63,100.0
37333.00,1.0420,0.3420,4.9230,-27.730,252.360,51.060,63,100.0
37343.00,-0.5190,-0.3000,7.1430,-28.730,277.460,53.580,64,100.0
37353.00,-1.9750,-1.0680,8.8190,-33.280,289.310,54.390,64,100.0
37363.00,-3.1500,-2.5000,13.5130,-48.050,291.910,52.530,64,100.0
37373.00,-3.6450,-4.0300,14.8050,-67.110,258.490,43.750,64,100.0
37383.00,-4.0830,-5.2100,17.0330,-71.800,215.460,30.920,64,100.0
37393.00,-3.7080,-3.6440,18.1390,-46.980,166.540,16.920,65,100.0
37403.00,-3.2470,-2.3640,20.9990,-6.980,108.010,13.140,65,100.0
37413.00,-3.8000,-2.9740,20.5200,24.360,35.420,17.950,65,100.0
37423.00,-3.8410,-2.2970,21.5960,58.010,-30.130,18.370,65,100.0
37433.00,-3.8910,-1.3490,24.1080,91.280,-96.470,24.460,65,100.0
37443.00,-4.4410,-0.8110,26.3090,111.680,-174.590,37.660,66,100.0
37453.00,-6.8410,-3.9550,23.4480,135.010,-327.680,56.350,66,100.0
37463.00,-6.7650,-3.1480,20.6010,152.400,-327.680,50.780,66,100.0
37473.00,-6.0410,-2.3010,23.1850,179.980,-327.680,50.870,66,100.0
37483.00,-5.5770,0.0220,18.4600,178.690,-327.680,56.050,66,100.0
37493.00,-3.7240,1.4900,20.1360,164.080,-327.680,68.320,67,100.0
37503.00,-2.9980,3.6440,17.0590,143.430,-327.680,84.540,67,100.0
37513.00,-2.6900,2.5110,12.6000,125.230,-327.680,107.620,67,100.0
37523.00,-1.9170,2.2010,9.0610,109.350,-327.680,120.750,67,100.0
37533.00,-1.5330,2.1320,6.0950,101.570,-327.680,130.020,67,100.0
37544.00,-1.8160,1.0620,2.4100,101.320,-327.680,140.420,68,100.0
37554.00,-1.8160,-0.5530,-0.3600,104.840,-327.680,146.470,68,100.0
37564.00,-1.4100,-2.5670,-2.4070,107.920,-327.680,144.690,68,100.0
37574.00,-0.8530,-5.0230,-7.4510,110.930,-327.680,134.010,68,100.0
37584.00,0.0160,-6.2660,-12.2360,101.850,-327.680,110.930,68,100.0
37594.00,1.9200,-5.5360,-13.5420,77.220,-295.730,83.030,69,100.0
37604.00,3.6290,-5.8160,-16.2050,64.010,-210.870,62.930,69,100.0
37614.00,4.8490,-5.6970,-19.5420,60.140,-119.710,41.100,69,100.0
37624.00,5.4560,-6.2640,-20.0900,95.140,-13.800,15.640,69,100.0
37634.00,4.1260,-10.3760,-17.6630,321.140,98.150,-11.490,69,100.0
37644.00,4.7820,-5.8640,-18.1300,304.810,191.850,-79.600,70,100.0
37654.00,3.3200,-6.5890,-9.2180,234.830,317.270,-165.740,70,100.0
37664.00,1.4180,-5.6070,-8.0540,216.650,327.670,-216.440,70,100.0
37674.00,0.6040,-0.1930,0.4940,197.200,327.670,-271.700,70,100.0
37684.00,0.5710,4.1970,7.7030,215.300,327.670,-302.830,70,100.0
37694.00,0.9820,7.9440,10.0340,217.680,327.670,-319.070,71,100.0
37704.00,2.6850,11.8010,12.6080,203.240,327.670,-316.870,71,100.0
37714.00,4.1590,10.5120,9.9300,112.360,323.800,-285.420,71,100.0
37724.00,2.6330,12.3250,8.7600,3.710,306.510,-266.980,71,100.0
37734.00,2.2040,18.1620,20.9130,-26.320,305.460,-238.890,71,100.0
37744.00,2.5660,20.8410,28.5240,-3.440,224.120,-160.190,72,100.0
37754.00,2.6110,20.2680,30.4050,31.920,97.260,-67.000,72,100.0
37764.00,2.6300,19.7000,29.0890,70.690,-25.580,16.880,72,100.0
37774.00,2.7670,16.9450,26.3670,100.500,-127.960,95.830,72,100.0
37784.00,2.6540,11.8790,18.6410,122.900,-210.850,156.180,72,100.0
37794.00,3.3180,8.7730,11.8260,115.360,-248.150,184.080,73,100.0
37804.00,4.5420,8.7120,8.9980,92.870,-252.260,194.190,73,100.0
37814.00,5.4230,8.2750,5.9640,95.980,-256.090,212.880,73,100.0
37824.00,5.8250,2.5110,-0.3210,103.510,-254.110,241.390,73,100.0
37834.00,6.4970,-4.6870,-5.9920,107.830,-216.510,235.880,73,100.0
37844.00,7.5730,-9.5030,-10.1640,113.430,-148.430,182.990,74,100.0
37854.00,7.3810,-15.3060,-16.3930,23.380,45.200,14.870,74,100.0
37864.00,5.8330,-16.8860,-16.0800,19.670,168.590,-96.120,74,100.0
37874.00,3.3020,-15.4140,-13.0540,-5.090,281.030,-213.790,74,100.0
37884.00,-0.3960,-13.7700,-11.8700,-28.560,327.670,-315.420,74,100.0
37894.00,-4.6390,-11.3160,-8.9380,-31.180,327.670,-327.680,75,100.0
37904.00,-9.8530,-7.7640,-5.9480,-68.940,327.670,-327.680,75,100.0
37914.00,-14.8430,-1.9070,0.7660,-130.060,327.670,-327.680,75,100.0
37924.00,-17.4060,11.1450,10.7840,-207.510,327.670,-327.680,75,100.0
37934.00,-16.6660,22.5140,30.8170,-265.660,327.670,-327.680,75,100.0
37944.00,-14.2910,26.2620,32.7670,-187.190,327.670,-327.680,76,100.0
37954.00,-11.7060,31.6220,32.7670,-83.510,250.670,-214.650,76,100.0
37964.00,-9.5540,32.7670,32.7670,8.480,55.590,-55.840,76,100.0
37974.00,-8.8720,30.5370,32.7670,70.520,-105.380,99.450,76,100.0
37984.00,-8.6210,25.5190,30.6190,116.980,-230.960,220.550,76,100.0
37994.00,-8.4630,19.2650,22.5890,158.530,-321.820,309.830,77,100.0
38004.00,-9.0310,15.0870,17.1760,158.460,-327.680,327.670,77,100.0
38014.00,-9.5340,12.7750,16.7340,157.130,-327.680,327.670,77,100.0
38024.00,-10.1030,11.0840,14.2200,200.630,-327.680,327.670,77,100.0
38034.00,-10.2720,8.1770,8.9090,267.550,-327.680,327.670,77,100.0
38044.00,-9.5910,3.9540,3.9960,327.670,-327.680,327.670,78,100.0
38054.00,-5.5500,-12.0510,-5.2360,327.670,-327.680,327.670,78,100.0
38064.00,-0.3440,-26.8910,-9.9630,327.670,-262.460,327.670,78,100.0
38074.00,5.2340,-32.7680,10.5040,327.670,-120.120,327.670,78,100.0
38084.00,6.9410,-32.7680,-3.7040,-327.680,-13.170,106.800,78,100.0
38094.00,9.6870,-31.2490,-18.9230,-327.680,-107.270,-213.880,79,100.0
38104.00,9.9930,-13.7240,-32.7680,-327.680,15.410,-327.680,79,100.0
38114.00,6.3780,-6.2470,-27.1420,-327.680,240.550,-327.680,79,100.0
38124.00,0.1390,-2.3520,-22.1100,-327.680,327.670,-327.680,79,100.0
38134.00,-6.4220,-0.6600,-14.2820,-327.680,327.670,-327.680,79,100.0
38144.00,-12.7990,-1.0880,-6.0610,-327.680,327.670,-327.680,80,100.0
38154.00,-19.0560,1.8130,4.3620,-282.060,327.670,-327.680,80,100.0
38164.00,-25.7550,6.7110,18.7760,-252.910,327.670,-327.680,80,100.0
38174.00,-27.8600,15.0320,32.7670,-283.060,327.670,-327.680,80,100.0
38184.00,-23.8770,26.5550,32.7670,-149.690,327.670,-279.870,80,100.0
38194.00,-18.3640,31.9230,32.7670,11.370,208.790,-80.160,81,100.0
38204.00,-17.2660,27.5430,32.7670,126.960,-302.990,144.810,81,100.0
38214.00,-15.8850,10.6790,23.7050,168.070,-327.680,315.220,81,100.0
38224.00,-12.8030,2.7320,10.6600,181.660,-327.680,327.670,81,100.0
38234.00,-9.3150,3.5610,9.1310,191.150,-327.680,327.670,81,100.0
38244.00,-6.7630,4.2930,9.5190,232.570,-327.680,327.670,82,100.0
38254.00,-4.6980,-0.2340,0.0610,231.420,-327.680,327.670,82,100.0
38264.00,-3.5720,-4.8130,-3.4300,241.570,-327.680,327.670,82,100.0
38274.00,-1.5250,-9.3730,-6.3490,258.050,-327.680,327.670,82,100.0
38284.00,2.4080,-10.5170,-9.2910,279.940,-327.680,327.670,82,100.0
38294.00,6.9260,-8.1770,-10.1190,297.950,-327.680,285.370,83,100.0
38304.00,10.1200,-5.6800,-12.2930,250.280,-272.260,226.080,83,100.0
38314.00,11.5920,-5.4560,-14.2970,166.140,-191.500,189.980,83,100.0
38324.00,11.6860,-5.2700,-16.0510,47.630,-108.920,161.450,83,100.0
38334.00,9.9660,-5.0360,-11.6180,-43.130,-35.220,133.750,83,100.0
38344.00,7.5250,-3.9320,-24.4110,-141.480,42.170,102.140,84,100.0
38354.00,6.0220,-0.6590,-7.3420,9.410,240.550,64.750,84,100.0
38364.00,5.6260,-2.7300,6.8920,-22.060,319.490,47.980,84,100.0
38374.00,5.9710,3.4760,10.9350,-51.290,272.980,7.350,84,100.0
38384.00,5.7640,7.2200,11.8310,-44.850,193.340,18.230,84,100.0
38394.00,6.1550,4.3160,5.9280,15.900,109.000,65.270,85,100.0
38404.00,6.4210,3.2550,5.6330,45.440,90.790,79.270,85,100.0
38414.00,6.6460,4.3520,6.1590,38.880,86.240,74.980,85,100.0
38424.00,6.8130,5.1670,6.8330,38.040,82.540,76.170,85,100.0
38434.00,6.3730,4.6620,8.6160,22.500,80.230,84.500,85,100.0
38444.00,5.5720,4.1380,10.0900,-20.190,63.570,93.730,86,100.0
38454.00,9.2380,1.6970,6.3150,-11.910,79.370,90.820,86,100.0
38464.00,6.1300,1.3970,9.1230,78.590,92.330,99.690,86,100.0
38474.00,6.0210,3.1570,8.7120,113.130,85.820,99.190,86,100.0
38484.00,6.4980,1.5110,9.2700,125.960,84.800,109.160,86,100.0
38495.00,6.9950,2.6500,9.6440,160.280,76.240,102.070,87,100.0
38504.00,0.3740,11.8600,14.0290,119.870,59.930,91.450,87,100.0
38514.00,6.3370,5.9410,10.9620,-58.740,12.810,127.400,87,100.0
38524.00,6.8670,-2.2300,9.0620,-129.370,-16.730,131.950,87,100.0
38534.00,6.1250,-4.1220,0.3200,-84.590,-38.720,76.750,87,100.0
38544.00,7.1230,-9.5560,-14.0550,-21.750,61.000,-13.840,88,100.0
38554.00,5.1110,-1.9210,0.6900,-80.290,292.120,-146.300,88,100.0
38565.00,4.7860,7.8020,5.5880,-170.290,327.670,-179.490,88,100.0
38575.00,15.9640,11.2970,4.2140,-182.150,327.670,-75.670,88,100.0
38585.00,4.3780,5.3930,3.6560,5.370,327.670,78.330,88,100.0
38595.00,-1.8970,-10.1740,18.0490,-150.650,327.670,210.400,89,100.0
38605.00,-3.9520,-12.8170,32.7670,-40.610,327.670,239.470,89,100.0
38615.00,-5.1190,-19.0260,32.7670,-39.580,327.670,253.760,89,100.0
38625.00,-5.5810,-24.3190,32.7670,10.740,264.770,214.020,89,100.0
38635.00,-5.5700,-27.2000,32.7670,17.760,84.750,122.850,89,100.0
38645.00,-6.9450,-26.0060,32.7670,48.750,-104.510,-6.020,90,100.0
38655.00,-14.2880,-20.3410,21.9540,54.960,-289.250,-237.230,90,100.0
38665.00,-18.3130,-17.4260,14.1320,-58.390,-327.680,-327.680,90,100.0
38675.00,-23.2800,-9.2620,6.2050,-252.210,-327.680,-327.680,90,100.0
38685.00,-32.1260,6.9350,0.8360,-327.680,-327.680,-327.680,90,100.0
38695.00,-32.7680,28.2990,2.5130,-327.680,-327.680,-327.680,91,100.0
38705.00,-32.7680,32.7670,11.2850,-327.680,-148.240,-327.680,91,100.0
38715.00,-32.7680,32.7670,26.8820,-327.680,-5.960,-327.680,91,100.0
38725.00,-32.7680,32.7670,32.7670,-327.680,-51.780,-327.680,91,100.0
38735.00,-32.7680,32.7670,32.7670,-327.680,-197.270,-327.680,91,100.0
38745.00,-24.2380,32.7670,32.7670,-219.240,-327.680,-327.680,92,100.0
38755.00,-20.5530,32.7670,24.5980,-87.990,-327.680,-327.680,92,100.0
38765.00,-18.1230,32.7670,8.8160,25.840,-327.680,-147.120,92,100.0
38775.00,-13.7880,27.8170,-2.3110,153.700,-327.680,94.340,92,100.0
38785.00,-9.3040,21.5760,-9.5470,246.660,-327.680,303.360,92,100.0
38795.00,-8.1390,13.7570,-17.6290,282.810,-327.680,327.670,93,100.0
38805.00,-8.7480,6.6560,-27.5940,316.030,-327.680,327.670,93,100.0
38815.00,-7.0270,1.5120,-32.7680,327.670,-327.680,327.670,93,100.0
38825.00,-5.8000,-3.6980,-32.7680,327.670,-327.680,327.670,93,100.0
38835.00,-5.7580,-13.5240,-32.7680,327.670,-327.680,327.670,93,100.0
38845.00,-11.8790,-26.4720,-27.2560,327.670,-14.780,327.670,94,100.0
38855.00,-17.1030,-32.7680,-4.9660,327.670,239.920,327.670,94,100.0
38865.00,-15.4060,-32.7680,5.1320,327.670,327.670,327.670,94,100.0
38875.00,-13.5510,-32.7680,12.3480,327.670,327.670,270.600,94,100.0
38885.00,-12.8320,-32.7680,19.3160,327.670,327.670,-14.850,94,100.0
38895.00,-12.2320,-32.7680,22.8250,302.610,327.670,-279.010,95,100.0
38905.00,-13.1590,-25.0970,23.7930,226.460,327.670,-327.680,95,100.0
38915.00,-14.8390,-14.4950,23.3060,170.340,327.670,-327.680,95,100.0
38925.00,-15.9660,-4.6020,22.3840,131.720,309.260,-327.680,95,100.0
38935.00,-17.3500,4.0250,21.9780,49.560,259.220,-327.680,95,100.0
38945.00,-20.6320,12.4410,22.8150,-58.360,241.230,-327.680,96,100.0
38955.00,-24.5220,21.3580,25.0930,-150.620,239.060,-327.680,96,100.0
38965.00,-26.5130,29.3070,30.0560,-197.220,230.610,-327.680,96,100.0
38975.00,-23.7340,32.7670,32.7670,-251.140,190.400,-327.680,96,100.0
38985.00,-17.8090,32.7670,32.7670,-196.840,92.870,-327.680,96,100.0
38995.00,-12.3620,32.7670,32.7670,-107.030,-77.080,-327.680,97,100.0
39005.00,-10.7910,32.7670,32.7670,-29.010,-287.850,-302.500,97,100.0
39015.00,-10.2910,32.7670,27.3870,41.650,-327.680,-46.580,97,100.0
39025.00,-11.8130,32.7310,14.4620,140.500,-327.680,207.410,97,100.0
39035.00,-14.0370,23.3030,4.0400,286.490,-327.680,327.670,97,100.0
39045.00,-14.6220,14.9100,-2.9380,327.670,-327.680,327.670,98,100.0
39055.00,-19.2640,-2.0250,-9.3590,327.670,-327.680,327.670,98,100.0
39065.00,-26.4390,-11.4230,-13.7120,327.670,-327.680,327.670,98,100.0
39075.00,-32.7680,-21.6370,-17.5620,327.670,-327.680,327.670,98,100.0
39085.00,-32.7680,-32.7680,-7.6900,327.670,-195.400,327.670,98,100.0
39095.00,-32.7680,-32.7680,4.1700,327.670,157.710,327.670,99,100.0
39105.00,-32.7680,-32.7680,17.8510,327.670,327.670,327.670,99,100.0
39115.00,-24.5990,-32.7680,29.6330,327.670,327.670,327.670,99,100.0
39125.00,-13.2100,-32.7680,32.7670,327.670,234.410,235.720,99,100.0
39135.00,-5.9940,-32.7680,29.9290,327.670,33.890,-149.780,99,100.0
39145.00,-5.6510,-30.7930,21.3750,306.910,-131.980,-327.680,100,100.0
39155.00,-7.8050,-18.5040,13.3910,198.080,-222.630,-327.680,100,100.0
39165.00,-8.2150,-6.9530,7.6400,87.130,-231.500,-327.680,100,100.0
39175.00,-10.4650,5.9270,4.3320,-80.320,-157.340,-327.680,100,100.0
39185.00,-15.8900,18.8750,4.7310,-301.640,-22.430,-327.680,100,100.0
39195.00,-23.0960,29.3510,9.3520,-327.680,143.760,-327.680,101,100.0
39205.00,-27.4580,32.7670,14.3060,-327.680,327.670,-327.680,101,100.0
39215.00,-25.9600,32.7670,24.9580,-327.680,327.670,-327.680,101,100.0
39225.00,-19.8670,32.7670,32.7670,-327.680,327.670,-327.680,101,100.0
39235.00,-11.0520,32.7670,32.7670,-327.680,327.670,-327.680,101,100.0
39245.00,-4.4030,32.7670,32.7670,-255.790,204.500,-319.630,102,100.0
39255.00,-1.9660,32.7670,32.7670,-128.520,-115.250,-36.730,102,100.0
39265.00,-7.4850,26.4280,15.8350,123.350,-327.680,327.670,102,100.0
39275.00,-15.6510,20.0510,0.8440,327.670,-327.680,327.670,102,100.0
39285.00,-28.9190,11.9280,-10.6160,327.670,-327.680,327.670,102,100.0
39295.00,-32.7680,2.8150,-16.1700,327.670,-327.680,327.670,103,100.0
39305.00,-32.7680,-10.4070,-7.0680,327.670,-290.510,327.670,103,100.0
39315.00,-32.7680,-29.8850,9.9460,327.670,182.500,327.670,103,100.0
39325.00,-32.7680,-32.7680,24.9430,327.670,327.670,327.670,103,100.0
39335.00,-32.7680,-32.7680,32.7670,327.670,327.670,327.670,103,100.0
39345.00,-20.4090,-32.7680,32.7670,327.670,327.670,327.670,104,100.0
39355.00,-5.4100,-32.7680,32.7670,327.670,151.090,327.670,104,100.0
39365.00,1.9160,-32.7680,32.7670,198.640,-97.240,67.140,104,100.0
39375.00,-1.5640,-32.7680,28.2610,91.730,-327.680,-327.680,104,100.0
39385.00,-7.4780,-20.5680,13.7150,-15.830,-327.680,-327.680,104,100.0
39395.00,-10.7680,-7.5800,5.3350,-152.000,-327.680,-327.680,105,100.0
39405.00,-15.3830,5.7590,1.8260,-327.680,-243.280,-327.680,105,100.0
39415.00,-18.9880,15.9300,1.8470,-327.680,-56.590,-327.680,105,100.0
39425.00,-21.8720,22.0390,4.7890,-327.680,162.660,-327.680,105,100.0
39435.00,-23.2400,25.9130,11.2950,-327.680,327.670,-327.680,105,100.0
39445.00,-23.5370,29.3530,21.2230,-327.680,327.670,-327.680,106,100.0
39455.00,-21.2180,32.4570,31.9270,-327.680,327.670,-327.680,106,100.0
39465.00,-7.6890,32.7670,32.7670,-327.680,312.420,-327.680,106,100.0
39475.00,-2.7310,32.7670,32.7670,-315.150,42.750,-214.300,106,100.0
39485.00,-4.8070,32.7670,32.1420,-183.620,-254.660,63.290,106,100.0
39495.00,-10.4020,29.7120,18.0750,16.040,-327.680,327.670,107,100.0
39505.00,-20.6230,23.4160,5.8140,253.870,-327.680,327.670,107,100.0
39515.00,-32.7680,15.7020,-2.8540,327.670,-327.680,327.670,107,100.0
39525.00,-32.7680,7.3480,-4.3920,327.670,-327.680,327.670,107,100.0
39535.00,-32.7680,-1.2210,-0.7520,327.670,-174.380,327.670,107,100.0
39545.00,-32.7680,-7.9930,6.3970,327.670,64.820,327.670,108,100.0
39555.00,-32.7680,-12.7340,11.3640,327.670,259.520,327.670,108,100.0
39565.00,-32.7680,-23.7280,22.7220,327.670,327.670,327.670,108,100.0
39576.00,-32.7680,-32.7680,32.7670,327.670,327.670,327.670,108,100.0
39585.00,-32.7680,-32.7680,32.7670,327.670,327.670,327.670,108,100.0
39596.00,-30.0590,-32.7680,32.7670,251.120,249.530,327.670,109,100.0
39606.00,-21.4160,-32.7680,32.7670,143.640,-107.100,213.020,109,100.0
39616.00,-23.0180,-32.7680,32.7670,67.350,-327.680,-207.270,109,100.0
39626.00,-26.7240,-25.8110,21.4950,-6.680,-327.680,-327.680,109,100.0
39636.00,-31.7160,-14.4140,5.1550,-89.560,-327.680,-327.680,109,100.0
39646.00,-32.7680,-2.6670,-5.1140,-176.850,-327.680,-327.680,110,100.0
39656.00,-30.4280,7.4520,-8.7000,-274.610,-327.680,-327.680,110,100.0
39666.00,-32.7680,25.8730,-10.2380,-327.680,-327.680,-327.680,110,100.0
39676.00,-32.7680,32.7670,-1.9150,-327.680,-22.200,-327.680,110,100.0
39686.00,-32.7680,32.7670,8.7610,-327.680,256.540,-327.680,110,100.0
39696.00,-32.7680,32.7670,22.4590,-327.680,327.670,-327.680,111,100.0
39706.00,-32.7680,32.7670,32.7670,-327.680,327.670,-327.680,111,100.0
39716.00,-29.6840,32.7670,32.7670,-327.680,327.670,-327.680,111,100.0
39726.00,-20.7550,32.7670,32.7670,-273.850,241.850,-327.680,111,100.0
39736.00,-17.0630,32.7670,32.7670,-139.960,-91.700,-27.350,111,100.0
39746.00,-20.0900,32.7670,32.7670,-11.460,-327.680,323.010,112,100.0
39756.00,-28.0690,26.6380,20.0660,146.750,-327.680,327.670,112,100.0
39766.00,-32.7680,18.2700,4.5210,313.160,-327.680,327.670,112,100.0
39776.00,-32.7680,10.0920,-3.1830,327.670,-327.680,327.670,112,100.0
39786.00,-32.7680,3.2170,-8.1820,327.670,-327.680,327.670,112,100.0
39796.00,-32.7680,-10.6400,-4.0710,327.670,-327.680,327.670,113,100.0
39806.00,-32.7680,-17.7550,1.5900,327.670,-59.930,327.670,113,100.0
39816.00,-32.7680,-21.4160,8.7980,327.670,170.500,327.670,113,100.0
39826.00,-32.7680,-27.0220,18.7330,327.670,317.990,327.670,113,100.0
39836.00,-32.7680,-31.9930,27.3260,327.670,327.670,327.670,113,100.0
39846.00,-32.7680,-32.7680,32.7670,327.670,320.120,327.670,114,100.0
39856.00,-22.5790,-32.7680,32.7670,306.000,190.480,327.670,114,100.0
39866.00,-10.4630,-32.7680,31.7430,170.500,-205.220,196.070,114,100.0
39876.00,-8.9260,-25.9400,19.5240,108.920,-327.680,-48.940,114,100.0
39886.00,-9.0240,-19.1770,9.5270,45.620,-327.680,-243.040,114,100.0
39896.00,-8.0410,-14.1330,2.2240,-5.890,-327.680,-327.680,115,100.0
39906.00,-4.9000,-9.8210,-3.5210,-78.520,-327.680,-327.680,115,100.0
39916.00,-1.4500,-5.5210,-6.6840,-239.550,-327.680,-327.680,115,100.0
39926.00,-4.6310,-0.2780,-7.3900,-327.680,-252.220,-327.680,115,100.0
39936.00,-8.9100,5.5230,-5.4380,-327.680,-81.020,-327.680,115,100.0
39946.00,-12.1570,10.6090,-1.6290,-327.680,82.440,-327.680,116,100.0
39956.00,-12.8780,14.0010,4.4800,-327.680,220.200,-327.680,116,100.0
39966.00,-11.4920,16.7550,9.2190,-327.680,302.060,-327.680,116,100.0
39976.00,-9.7660,17.4180,14.6450,-327.680,327.670,-327.680,116,100.0
39986.00,-7.5940,17.6050,18.5100,-289.500,320.540,-327.680,116,100.0
39996.00,-5.5070,16.7090,21.5600,-209.680,262.480,-327.680,117,100.0
40006.00,-4.2580,15.6370,22.6750,-138.880,177.950,-282.100,117,100.0
40016.00,-3.1570,14.2390,21.7310,-81.810,82.700,-180.980,117,100.0
40026.00,-2.5140,12.3960,19.2260,-42.960,-2.920,-91.750,117,100.0
40036.00,-3.5770,10.9810,15.5240,-17.990,-69.400,-15.240,117,100.0
40046.00,-3.6160,9.4790,12.2050,2.360,-108.480,55.210,118,100.0
40056.00,-2.5950,7.2050,10.9320,18.140,-118.590,116.650,118,100.0
40066.00,-1.9820,2.2480,11.0380,11.720,-114.290,182.470,118,100.0
40076.00,-2.3280,0.9230,11.3580,-21.910,-112.030,181.730,118,100.0
40086.00,-3.0590,-0.1230,10.0950,-33.400,-121.940,173.890,118,100.0
40096.00,-2.7700,-1.0370,7.9310,-18.300,-133.120,157.920,119,100.0
40106.00,-1.8870,-2.4780,6.0810,9.100,-129.510,135.620,119,100.0
40116.00,-2.3910,-3.6100,4.9130,9.030,-111.520,95.420,119,100.0
40126.00,-3.2090,-3.8120,3.4610,-34.450,-98.470,37.570,119,100.0
40136.00,-1.9250,-3.9080,2.1960,-70.190,-92.450,-28.010,119,100.0
40146.00,-1.1400,-4.2810,2.3370,-78.540,-96.950,-99.010,120,100.0
40156.00,-1.6280,-2.6900,1.4150,-116.770,-93.950,-152.910,120,100.0
40166.00,-5.3440,-1.5990,6.3910,-201.650,-21.070,-197.520,120,100.0
40176.00,2.5000,0.5810,14.3440,-254.520,29.940,-268.920,120,100.0
40186.00,9.2680,2.5290,25.1760,-263.260,35.070,-285.210,120,100.0
40196.00,8.3370,7.7190,19.6280,-222.400,-61.770,-242.480,121,100.0
40206.00,8.1090,8.5080,13.0610,-71.410,-105.100,-83.660,121,100.0
40216.00,1.2260,4.1470,4.0600,13.720,-113.890,45.600,121,100.0
40226.00,-0.6530,1.4350,1.5140,61.820,-59.920,100.080,121,100.0
40236.00,2.4320,-1.3570,4.0310,118.510,6.840,133.420,121,100.0
40246.00,4.5950,-2.2140,5.5320,127.690,42.850,137.460,122,100.0
40256.00,5.5360,-9.5520,24.2950,214.600,2.620,116.210,122,100.0
40266.00,1.8710,-5.4380,-12.8470,249.630,-327.680,84.450,122,100.0
40276.00,1.8190,-5.6960,16.9020,327.670,-251.590,46.980,122,100.0
40286.00,2.1210,-4.8200,3.0950,170.010,-228.390,8.390,122,100.0
40296.00,2.6090,-2.9850,2.9950,68.910,-151.650,-35.660,123,100.0
40306.00,3.4160,-2.3940,15.6380,53.760,-69.890,-67.000,123,100.0
40316.00,3.0600,-1.0120,7.6480,-32.930,-70.940,-88.510,123,100.0
40326.00,3.3930,-1.8600,14.0210,-44.200,-49.170,-96.330,123,100.0
40336.00,2.9320,-1.6730,14.4450,-33.250,-70.310,-106.290,123,100.0
40346.00,3.2010,2.9070,-3.7070,-120.830,-64.150,-100.270,124,100.0
40356.00,4.6520,0.6300,20.8050,13.790,11.980,-89.070,124,100.0
40366.00,4.5660,8.6730,-15.3050,-144.930,26.110,-69.380,124,100.0
40376.00,3.8080,5.9300,-1.3960,-39.140,180.320,-20.260,124,100.0
40386.00,3.9920,3.8530,11.3140,6.700,272.140,10.020,124,100.0
40396.00,3.9200,2.9390,18.6130,13.680,253.680,23.010,125,100.0
40406.00,3.6990,1.8470,20.9650,28.260,173.540,32.250,125,100.0
40416.00,3.5060,1.5240,18.7420,33.700,80.930,34.680,125,100.0
40426.00,3.3470,1.5190,13.8560,42.220,15.150,37.110,125,100.0
40436.00,2.6620,1.0260,9.7410,47.440,-1.200,41.580,125,100.0
40446.00,2.4270,0.3400,8.0630,41.660,14.350,40.540,126,100.0
40456.00,2.3590,-1.3780,7.1880,39.060,35.660,39.440,126,100.0
40466.00,1.0970,-3.7710,11.0730,43.800,61.120,-7.770,126,100.0
40476.00,0.9780,-2.4410,12.3810,-0.850,77.140,-45.410,126,100.0
40486.00,0.7530,-0.9990,12.5260,-5.070,58.710,-70.750,126,100.0
40496.00,0.6860,-0.1000,12.0130,-2.660,35.570,-84.070,127,100.0
40506.00,1.8110,1.3450,10.8450,-11.180,17.250,-91.540,127,100.0
40516.00,1.3450,2.7630,9.7370,-31.090,10.690,-88.930,127,100.0
40526.00,1.2160,3.0990,8.6270,-35.640,9.690,-79.030,127,100.0
40536.00,1.1380,2.8220,7.8050,-29.990,15.590,-68.790,127,100.0
40546.00,1.2390,2.3110,8.1550,-25.200,28.870,-61.510,128,100.0
40556.00,1.1280,2.0080,9.3470,-26.910,42.050,-58.390,128,100.0
40566.00,1.1270,2.1330,10.4570,-28.190,47.210,-57.750,128,100.0
40576.00,1.1790,2.4210,11.0210,-26.330,43.010,-56.080,128,100.0
40586.00,1.3250,2.7540,10.6800,-25.900,33.890,-52.080,128,100.0
40596.00,1.2230,3.0830,10.2160,-24.580,27.890,-45.230,129,100.0
40606.00,1.2030,3.1900,10.2610,-19.210,25.860,-35.310,129,100.0
40617.00,1.1580,3.0050,10.4450,-13.090,23.340,-24.220,129,100.0
40627.00,1.0210,2.6320,10.5180,-7.210,19.070,-13.820,129,100.0
40637.00,0.9080,2.2080,10.6570,-3.250,14.700,-5.700,129,100.0
40647.00,0.9210,1.9870,10.8800,-4.320,10.440,-0.400,130,100.0
40657.00,0.6140,1.8130,10.7590,-10.110,5.110,4.140,130,100.0
40667.00,0.0660,1.2920,10.1460,-11.340,1.340,8.030,130,100.0
40677.00,0.0550,0.9590,9.7970,-8.960,5.770,11.180,130,100.0
40687.00,0.0950,0.6800,9.7360,-3.250,11.420,11.110,130,100.0
40697.00,0.0310,0.6830,10.1120,-0.430,17.760,9.780,131,100.0
40707.00,-0.0160,0.7220,10.5590,1.780,21.190,9.250,131,100.0
40717.00,-0.1140,0.5450,10.9160,6.750,21.210,9.690,131,100.0
40727.00,-0.0400,0.2780,11.5830,9.880,20.450,8.960,131,100.0
40737.00,0.0520,0.1720,12.3060,10.570,16.110,6.280,131,100.0
40747.00,0.1480,0.4330,12.4850,10.580,4.980,2.900,132,100.0
40757.00,0.1890,0.8130,11.7480,11.600,-8.550,1.710,132,100.0
40767.00,0.1740,0.7050,10.5260,18.270,-18.340,4.130,132,100.0
40777.00,0.1540,0.1930,9.5920,24.130,-20.120,6.050,132,100.0
40787.00,0.3140,-0.1450,9.3640,22.690,-16.040,3.250,132,100.0
40797.00,0.3920,0.1550,9.5100,16.660,-10.370,-3.790,133,100.0
40807.00,0.3570,0.7800,9.4370,12.350,-6.940,-9.150,133,100.0
40817.00,0.4970,1.1880,9.3720,11.000,-4.230,-9.010,133,100.0
40827.00,0.6730,1.2500,9.4390,12.890,-1.430,-6.090,133,100.0
40837.00,0.8020,1.2880,10.0370,14.170,2.480,-4.690,133,100.0
44067.00,0.0140,0.3250,10.0050,6.170,-2.160,-19.380,0,100.0
44077.00,-0.0200,0.0220,10.0920,13.650,0.710,-13.970,0,100.0
44087.00,-0.0390,-0.0070,10.1770,15.220,1.310,-12.610,0,100.0
44097.00,-0.0160,-0.0150,10.2180,12.610,0.980,-12.960,0,100.0
44107.00,0.0570,-0.1050,10.1990,7.980,0.000,-13.690,0,100.0
44117.00,0.0690,-0.1860,10.1620,4.020,-0.890,-12.430,1,100.0
44127.00,0.0440,-0.1680,10.1180,1.800,-1.240,-8.090,1,100.0
44137.00,0.0270,-0.1770,10.0910,1.570,-1.240,-3.860,1,100.0
44147.00,0.0030,-0.4630,10.0950,3.200,-0.660,2.130,1,100.0
44157.00,-0.0200,0.0320,10.1410,4.040,-0.590,1.050,1,100.0
44167.00,-0.0250,-0.0380,10.1080,3.160,-0.970,4.390,2,100.0
44178.00,0.1620,-0.1020,10.1340,3.510,-1.060,6.090,2,100.0
44188.00,0.4920,-0.0570,10.1500,2.780,-1.110,5.690,2,100.0
44198.00,0.0800,-0.0260,10.1270,0.940,-1.060,7.300,2,100.0
44208.00,-0.0090,-0.0640,10.1070,0.700,-1.060,9.660,2,100.0
44218.00,0.0210,-0.0610,10.1330,0.800,-0.900,10.880,3,100.0
44228.00,-0.2560,-0.0710,10.1550,0.290,-1.040,12.600,3,100.0
44238.00,-0.3740,-0.1040,10.0950,-1.640,-1.950,14.030,3,100.0
44248.00,-0.3440,-0.0990,10.1140,-1.110,-1.880,13.610,3,100.0
44258.00,-0.1320,-0.0560,10.1040,-0.820,-1.780,13.110,3,100.0
44268.00,-0.0930,-0.0500,10.1120,-0.520,-1.740,14.940,4,100.0
44278.00,-0.1350,-0.0720,10.1440,-0.310,-1.670,17.040,4,100.0
44288.00,-0.1100,-0.0530,10.1800,-1.390,-1.970,17.550,4,100.0
44298.00,-0.0810,-0.1140,10.1500,-4.140,-2.600,18.150,4,100.0
44308.00,-0.0520,-0.0660,10.1700,-5.680,-2.640,18.670,4,100.0
44318.00,-0.0550,-0.0710,10.1610,-7.800,-2.830,20.770,5,100.0
44328.00,-0.0430,-0.1800,10.4880,-7.570,-7.520,22.450,5,100.0
44338.00,-0.0340,-0.2050,10.2580,-2.270,-19.440,22.980,5,100.0
44348.00,0.0520,-0.3690,9.2690,-5.370,-25.820,16.610,5,100.0
44358.00,0.0160,-0.1260,10.2730,4.420,-10.830,11.810,5,100.0
44368.00,0.0900,-0.1930,10.1030,-3.740,-3.950,10.480,6,100.0
44378.00,0.1190,-0.1230,10.2680,-5.510,-3.090,10.170,6,100.0
44388.00,0.0270,-0.5320,10.0070,-22.180,-1.460,10.600,6,100.0
44398.00,0.1250,-0.0870,9.9880,-11.770,-1.480,4.500,6,100.0
44408.00,0.0880,-0.2820,10.1470,2.530,-1.920,7.580,6,100.0
44418.00,0.0940,-0.2810,10.0980,1.310,-1.920,9.150,7,100.0
44428.00,0.0920,-0.2930,10.0920,4.390,-1.950,9.030,7,100.0
44438.00,0.0960,-0.3070,10.0910,7.520,-1.880,8.590,7,100.0
44448.00,1.7930,-2.2980,10.3340,6.070,-1.410,6.020,7,100.0
44458.00,-0.5180,0.8680,9.9550,-7.080,0.610,-4.210,7,100.0
44468.00,-0.1680,-0.1180,10.1400,0.770,0.540,2.590,8,100.0
44478.00,0.1000,-0.2480,10.0950,-2.010,0.420,0.960,8,100.0
44488.00,-0.0740,-0.0710,10.0890,-0.730,0.770,-0.010,8,100.0
44498.00,0.1300,-0.2040,10.1300,1.470,0.990,0.730,8,100.0
44508.00,0.6400,-0.1980,10.1670,-0.730,1.590,1.220,8,100.0
44518.00,0.0260,-0.0690,10.0880,-6.330,2.250,3.950,9,100.0
44528.00,-0.1360,-0.1220,10.1240,-5.050,1.540,7.240,9,100.0
44538.00,0.3330,-0.2260,10.1200,-3.980,1.900,9.200,9,100.0
44548.00,-0.0490,-0.2830,10.1270,-1.110,2.170,13.610,9,100.0
44558.00,0.0050,-0.3490,10.1460,-0.410,1.380,14.380,9,100.0
47758.00,0.4950,0.1980,10.1400,12.520,35.790,1.500,0,100.0
47768.00,0.4030,0.1020,10.2350,17.220,34.440,7.980,0,100.0
47778.00,-0.2390,0.3070,10.0910,20.530,32.240,12.180,0,100.0
47788.00,-0.0020,-0.3260,10.2730,23.790,30.660,15.330,0,100.0
47798.00,0.0400,-0.2240,10.2600,19.740,28.650,11.600,0,100.0
47808.00,0.1870,-0.2060,10.4540,20.410,25.400,8.680,1,100.0
47818.00,0.2930,-0.1720,10.6630,21.480,19.590,6.560,1,100.0
47828.00,-0.0510,-0.2480,10.3760,19.550,11.450,5.000,1,100.0
47838.00,0.1430,-0.4670,10.4320,17.850,-1.560,0.360,1,100.0
47848.00,0.2660,0.0940,10.4480,17.120,-7.530,-1.660,1,100.0
47858.00,0.1920,-0.0430,10.2660,13.920,-12.340,-1.550,2,100.0
47868.00,0.3010,0.5610,10.2980,11.150,-15.630,-2.180,2,100.0
47878.00,0.3290,0.2650,10.2120,9.890,-18.340,-0.270,2,100.0
47888.00,0.4590,0.8070,10.1650,9.800,-20.930,-0.360,2,100.0
47898.00,0.5190,0.7160,10.1240,9.310,-22.320,2.290,2,100.0
47908.00,0.7040,1.1890,9.9080,9.520,-21.580,4.810,3,120.0
47918.00,0.5810,0.7100,9.8810,13.570,-18.820,11.700,3,120.0
47928.00,0.4450,0.2270,9.9170,13.290,-15.140,15.060,3,120.0
47938.00,0.4770,0.2820,9.8050,11.520,-11.610,13.170,3,120.0
47948.00,0.4920,0.3270,9.8180,10.080,-6.720,11.900,3,120.0
47958.00,0.5040,0.3080,9.8640,6.200,-1.420,10.650,4,120.0
47968.00,0.7530,-0.1010,10.2500,2.580,2.960,9.250,4,120.0
47978.00,0.4150,-2.7520,10.0790,-19.290,5.530,-0.500,4,120.0
47988.00,0.4950,1.0260,9.8330,-29.680,6.570,-23.320,4,120.0
47998.00,0.4290,2.3860,9.9150,-17.000,8.440,-17.410,4,120.0
48008.00,0.3790,0.6920,10.0470,-4.970,10.290,-0.030,5,120.0
48018.00,0.4700,0.0780,10.1390,-6.180,11.120,3.830,5,120.0
48028.00,0.2850,0.2940,10.1010,-10.520,10.770,0.980,5,120.0
48038.00,0.3640,0.2090,10.2380,-18.830,8.330,-0.080,5,120.0
48048.00,0.3670,0.2600,10.2240,-15.540,5.640,0.640,5,120.0
48058.00,0.3690,0.2110,10.2080,-10.610,3.190,2.410,6,120.0
48068.00,0.3800,0.3030,10.2410,-5.130,0.670,4.180,6,120.0
48078.00,0.6170,0.2950,10.3770,1.740,-2.770,7.490,6,120.0
48088.00,0.8190,-0.0580,10.3950,2.790,-7.770,9.920,6,120.0
48098.00,0.6410,-0.2200,10.2900,2.440,-12.310,10.580,6,120.0
48108.00,0.3290,0.0580,10.1140,5.200,-14.460,8.900,7,120.0
48118.00,0.3860,-0.0160,9.8420,6.990,-13.990,6.870,7,120.0
48128.00,0.2520,0.2760,10.0250,9.560,-11.340,5.190,7,120.0
48138.00,0.6020,-0.0720,10.0460,11.660,-10.080,4.410,7,120.0
48148.00,0.3870,0.2470,10.0090,8.070,-8.370,0.190,7,120.0
48158.00,0.4120,0.4910,9.9670,6.320,-6.480,-1.150,8,120.0
48168.00,0.5860,0.3600,10.0650,4.130,-4.990,-0.290,8,120.0
48178.00,0.5090,0.3690,10.1390,2.210,-4.540,0.190,8,120.0
48188.00,0.6670,0.2940,10.2670,3.240,-5.690,1.410,8,120.0
48198.00,0.3980,0.3670,10.3030,3.800,-8.650,2.710,8,120.0
48208.00,0.4800,0.2900,10.2060,6.130,-12.310,4.560,9,120.0
48218.00,0.6780,0.1510,10.1750,6.650,-14.390,4.490,9,120.0
48228.00,0.6590,0.2280,10.1560,5.220,-15.510,3.530,9,120.0
48238.00,0.5240,0.4960,9.9610,3.770,-15.820,3.780,9,120.0
48248.00,0.6540,0.2950,9.9270,3.980,-14.210,4.340,9,120.0
48258.00,0.7650,0.2120,9.8910,0.000,-11.240,2.780,10,120.0
48268.00,0.7860,0.2840,9.9320,-3.150,-7.580,0.920,10,120.0
48278.00,0.7870,0.2660,9.9690,-4.610,-4.920,0.380,10,120.0
48288.00,0.7880,0.2670,10.0100,-6.230,-2.790,-0.150,10,120.0
48298.00,0.7930,0.2970,10.0800,-5.780,-1.790,-0.550,10,120.0
48308.00,0.7830,0.2970,10.1390,-4.610,-2.140,-0.310,11,120.0
48318.00,0.8090,0.2830,10.1140,-5.310,-3.080,0.000,11,120.0
48328.00,1.6610,0.1040,10.4130,-5.880,-3.570,0.030,11,120.0
48338.00,0.5700,0.5070,9.9620,-9.790,-5.180,-1.030,11,120.0
48348.00,0.5370,0.1120,10.0600,-9.490,-5.130,1.470,11,120.0
48358.00,1.0080,0.2620,10.0490,-9.070,-5.920,-0.310,12,120.0
48368.00,0.8360,0.3870,9.9560,-9.090,-5.570,-0.480,12,120.0
48378.00,0.8030,0.1280,9.9910,-7.900,-4.120,1.500,12,120.0
48388.00,0.9820,0.4160,9.9880,-6.600,-2.800,1.240,12,120.0
48398.00,0.7500,0.1230,10.0730,-4.690,-1.930,3.530,12,120.0
48408.00,1.0430,0.1370,10.0710,-2.520,-1.910,4.230,13,120.0
48418.00,0.8300,0.2170,10.0360,-2.890,-1.320,3.970,13,120.0
48428.00,0.7590,0.0500,10.0120,-1.770,-0.690,4.630,13,120.0
48438.00,0.9700,0.2060,10.0150,-3.310,2.100,1.290,13,120.0
48448.00,0.8820,0.2080,9.9860,-3.190,3.450,1.310,13,120.0
48458.00,0.7380,-0.0160,10.1150,-3.770,4.710,1.380,14,120.0
48468.00,1.1600,0.4610,10.1850,-1.610,3.840,0.190,14,120.0
48478.00,1.0070,0.3490,10.1910,1.470,2.000,2.640,14,120.0
48488.00,0.7660,0.0830,10.1910,2.310,-0.040,4.740,14,120.0
48498.00,0.7290,-0.2380,10.1470,-1.960,-1.160,2.590,14,120.0
48508.00,0.7460,0.2530,10.0000,-3.450,-1.720,-1.660,15,120.0
48518.00,0.7750,0.1470,9.9150,-4.480,-0.560,-1.550,15,120.0
48528.00,0.7660,0.3870,9.8020,-3.170,1.740,-1.130,15,120.0
48538.00,0.7290,0.1720,9.8950,0.350,5.110,1.130,15,120.0
48548.00,0.6980,0.1790,9.9290,4.290,7.490,2.250,15,120.0
48558.00,0.7250,0.4760,9.9980,7.370,9.440,3.690,16,120.0
48568.00,0.8050,-0.2100,10.1140,7.770,10.430,6.350,16,120.0
48578.00,0.6280,0.3020,10.1340,6.430,9.870,5.000,16,120.0
48588.00,0.7530,0.0570,10.1580,9.490,8.680,6.260,16,120.0
48598.00,0.7540,0.1610,10.2080,9.190,7.320,6.350,16,120.0
48608.00,0.7810,0.0320,10.1450,7.580,5.830,6.450,17,120.0
48618.00,0.7960,0.1140,10.1620,6.790,4.260,5.530,17,120.0
48628.00,0.8720,0.1610,10.1880,6.370,2.870,4.620,17,120.0
48638.00,0.7390,0.1950,9.9910,4.620,2.140,3.760,17,120.0
48648.00,0.7560,0.3070,9.8410,4.710,5.010,2.360,17,120.0
48658.00,0.6020,0.1690,9.7490,2.630,9.650,2.390,18,120.0
48669.00,0.7680,0.3730,9.8410,5.040,14.420,1.920,18,120.0
48679.00,0.7770,0.3360,10.0180,7.090,17.770,3.390,18,120.0
48689.00,0.7890,0.3150,10.1100,6.480,18.710,4.900,18,120.0
48699.00,0.6750,0.2410,10.2310,6.060,18.330,6.400,18,120.0
48709.00,0.6190,0.0020,10.2020,4.730,17.010,6.750,19,120.0
48719.00,0.6420,0.2140,10.1820,4.940,15.180,5.190,19,120.0
48729.00,0.6140,0.1420,10.1460,3.630,13.970,5.050,19,120.0
48739.00,0.5410,0.2330,10.1610,3.590,13.180,4.230,19,120.0
48749.00,0.6000,0.1740,10.1370,3.700,11.970,3.360,19,120.0
48759.00,0.5680,0.5130,10.2110,3.700,10.350,2.600,20,120.0
48769.00,0.4950,0.5620,10.0410,2.510,9.610,3.690,20,120.0
48779.00,0.4250,0.3720,9.9970,2.980,10.640,4.830,20,120.0
48789.00,0.3730,0.0820,9.9540,2.610,12.410,4.900,20,120.0
48799.00,0.4120,0.3130,10.0630,2.490,13.920,3.300,20,120.0
48809.00,0.4110,0.2440,10.1640,2.870,14.230,3.130,21,120.0
48819.00,0.3360,0.1050,10.1890,3.000,13.650,2.950,21,120.0
48829.00,0.3960,0.2270,10.2300,3.660,12.430,1.470,21,120.0
48839.00,0.4090,0.5350,10.1520,2.790,10.330,-0.150,21,120.0
48849.00,0.4670,0.6750,10.2010,2.560,6.930,-0.550,21,120.0
48859.00,0.4310,0.7030,10.1400,2.380,5.590,0.980,22,120.0
48869.00,0.3250,0.4310,10.0020,3.430,5.460,2.570,22,120.0
48879.00,0.3150,0.3700,10.0840,4.590,6.160,2.850,22,120.0
48889.00,0.3550,0.4050,10.0960,4.100,6.650,2.340,22,120.0
48899.00,0.3630,0.4120,10.1470,2.170,6.720,1.430,22,120.0
48909.00,0.4770,0.6650,10.2740,1.510,5.290,0.820,23,120.0
48919.00,0.4660,0.6690,10.3220,1.560,2.370,1.750,23,120.0
48929.00,0.5250,0.8230,10.3700,1.390,-1.670,2.530,23,120.0
48939.00,0.3600,0.7040,10.3950,0.790,-6.720,3.850,23,120.0
48949.00,0.6520,-0.2580,10.4000,-4.750,-11.660,2.170,23,120.0
48959.00,0.5120,0.4100,10.2770,-11.900,-15.670,-6.260,24,120.0
48969.00,0.6300,0.5770,10.1910,-13.510,-18.520,-9.410,24,120.0
48979.00,0.6240,0.9230,10.1410,-15.260,-20.270,-10.480,24,120.0
48989.00,0.6530,1.1160,10.0160,-12.480,-20.780,-8.360,24,120.0
48999.00,0.5200,0.9480,10.0240,-14.180,-19.460,-4.390,24,120.0
49009.00,0.5990,1.1060,9.8530,-9.890,-18.550,-0.970,25,120.0
49019.00,0.5430,0.6990,10.0400,-10.920,-16.350,3.430,25,120.0
49029.00,0.6290,0.4040,10.0830,-10.680,-15.390,5.160,25,120.0
49039.00,0.5400,0.1960,10.2220,-11.430,-15.140,5.050,25,120.0
49049.00,0.7150,0.2460,10.0770,-10.630,-17.560,2.530,25,120.0
49059.00,0.7050,0.4370,10.0520,-7.160,-18.540,3.060,26,120.0
49069.00,0.5880,0.0460,10.0490,-10.660,-17.820,4.210,26,120.0
49079.00,0.7150,0.2260,9.9080,-10.240,-17.050,3.550,26,120.0
49089.00,0.6470,0.1660,9.8450,-10.990,-13.990,4.140,26,120.0
49099.00,0.6750,0.1170,9.5920,-8.740,-9.050,4.690,26,120.0
49109.00,0.6130,0.3110,9.6320,-6.670,-2.300,5.820,27,120.0
49119.00,0.5100,-0.1410,9.6460,-3.560,5.010,7.140,27,120.0
49129.00,0.5690,0.4150,9.5170,-0.530,12.390,6.090,27,120.0
49139.00,0.5200,0.6520,9.5650,3.220,20.900,9.590,27,120.0
49149.00,0.4530,-0.1500,9.6680,8.190,29.190,15.540,27,120.0
49159.00,0.3980,-0.3670,9.8890,9.280,35.440,14.750,28,120.0
49169.00,0.4010,-0.0890,10.0000,9.840,39.800,11.630,28,120.0
49179.00,0.4920,-0.0040,10.3450,10.140,42.200,11.040,28,120.0
49189.00,0.3200,-0.0640,9.9990,10.070,40.320,11.000,28,120.0
49199.00,0.3580,-0.2600,10.8940,10.050,37.590,10.040,28,120.0
49209.00,0.3110,-0.0950,10.6340,6.950,29.600,7.450,29,120.0
49219.00,0.2840,-0.0450,10.0180,7.350,22.580,6.190,29,120.0
49229.00,0.3130,-0.0720,9.8770,9.540,20.860,5.350,29,120.0
49239.00,0.3660,0.0150,10.1530,11.120,21.070,4.160,29,120.0
49249.00,0.2620,0.0440,10.4780,13.780,18.800,1.900,29,120.0
49259.00,0.1720,-0.0210,10.0330,14.460,16.400,-0.050,30,120.0
49269.00,0.2600,0.0170,10.3110,15.250,15.860,-2.370,30,120.0
49279.00,0.1690,0.0400,10.0640,15.160,14.790,-5.190,30,120.0
49289.00,0.1990,0.1600,10.1470,14.840,14.740,-8.110,30,120.0
49299.00,0.1350,0.4680,10.1710,13.710,14.040,-10.670,30,120.0
49309.00,0.1870,0.7460,10.0980,14.740,13.580,-11.370,31,120.0
49319.00,0.2470,0.6370,10.3160,16.230,14.300,-10.070,31,120.0
49329.00,0.1830,0.7330,10.5160,14.000,12.460,-8.760,31,120.0
49339.00,0.0920,0.8130,10.3110,11.820,8.950,-7.480,31,120.0
49349.00,0.0840,0.8900,10.1030,9.870,6.850,-6.100,31,120.0
49359.00,0.0800,0.7890,9.9840,8.740,6.110,-3.930,32,120.0
49369.00,0.0030,0.6770,9.9440,7.140,6.160,-2.390,32,120.0
49379.00,-0.0900,0.5860,9.9440,5.530,6.320,-2.040,32,120.0
49389.00,-0.0140,0.7220,10.3270,1.840,4.890,-2.720,32,120.0
49399.00,-0.0020,0.8310,10.0490,0.230,1.770,-2.600,32,120.0
49409.00,0.0280,0.8380,10.0190,-1.630,0.180,-1.570,33,120.0
49419.00,0.0580,0.8300,10.0360,-3.360,-1.750,-0.570,33,120.0
49429.00,0.0530,0.7410,10.0280,-5.780,-3.800,0.220,33,120.0
49439.00,0.0460,0.6840,10.0700,-8.530,-5.270,-0.100,33,120.0
49449.00,0.0710,0.7380,10.0910,-12.220,-5.590,-1.250,33,120.0
49459.00,0.0630,0.0250,10.6680,-13.410,-2.580,-1.040,34,120.0
49469.00,0.0270,0.8880,10.1630,-10.960,-4.360,-3.790,34,120.0
49479.00,0.1740,1.0950,9.9610,-7.040,-6.480,-0.760,34,120.0
49489.00,0.1710,0.6290,9.9700,-2.960,-4.760,4.480,34,120.0
49499.00,0.1660,0.4540,10.0480,-2.890,-2.930,6.310,34,120.0
49509.00,0.1490,0.5130,10.0910,-5.900,-1.840,4.860,35,120.0
49520.00,0.2120,0.6870,10.1260,-6.200,-1.630,4.630,35,120.0
49529.00,0.2110,0.7400,10.1160,-3.800,-2.230,7.360,35,120.0
49539.00,0.0700,0.1950,10.1860,-2.700,-2.560,9.810,35,120.0
49549.00,0.0000,0.1160,10.1550,-4.120,-3.520,7.870,35,120.0
49559.00,0.0650,0.1350,10.1870,-5.130,-4.570,4.830,36,120.0
49569.00,0.1140,0.5380,10.0400,-5.620,-5.620,2.780,36,120.0
49579.00,0.0610,0.4510,10.0470,-4.450,-5.290,4.070,36,120.0
49589.00,0.0030,0.3450,10.0350,-1.650,-4.360,5.090,36,120.0
49599.00,-0.0080,0.3910,9.8060,1.190,-2.440,5.230,36,120.0
49610.00,-0.0310,0.1960,9.9210,2.940,1.160,5.650,37,120.0
49619.00,0.0070,0.5120,9.8700,5.110,4.360,5.280,37,120.0
49629.00,-0.2030,-0.0260,9.9720,6.710,8.680,6.370,37,120.0
49639.00,-0.0980,0.0630,10.9020,4.900,11.890,3.060,37,120.0
49649.00,-0.1560,0.4410,10.5970,2.260,2.070,0.100,37,120.0
49659.00,-0.0890,0.3620,10.4850,4.290,-0.410,0.850,38,120.0
49669.00,-0.0510,0.2950,10.5040,5.310,-1.910,0.910,38,120.0
49679.00,0.0000,0.3880,10.4190,5.130,-3.870,-0.100,38,120.0
49690.00,0.0490,0.5210,10.0570,4.890,-5.740,-0.830,38,120.0
49700.00,0.0690,0.6190,9.9030,5.670,-5.570,-0.960,38,120.0
49710.00,0.1170,0.7220,9.9350,6.150,-4.340,-1.250,39,120.0
49720.00,0.1680,0.7800,9.8410,6.360,-3.850,-0.850,39,120.0
49730.00,0.2020,0.7460,9.6630,6.270,-3.150,0.010,39,120.0
49740.00,0.2350,0.7760,9.6840,5.640,-1.070,0.850,39,120.0
49750.00,0.3180,0.6670,9.8150,5.640,0.770,2.410,39,120.0
49760.00,0.3750,0.3620,9.7990,5.940,1.190,3.990,40,120.0
49770.00,0.4100,0.2450,9.6250,5.110,1.190,3.710,40,120.0
49780.00,0.4120,0.2420,9.6270,4.990,2.210,2.570,40,120.0
49790.00,0.4340,0.3700,9.7990,4.920,3.380,1.330,40,120.0
49800.00,0.3940,0.4800,9.8880,5.040,3.450,0.630,40,120.0
49810.00,0.3370,0.5850,9.7440,4.940,3.190,0.490,41,120.0
49820.00,0.3490,0.7580,9.7990,4.290,4.570,0.520,41,120.0
49830.00,0.3610,0.8230,9.9680,3.780,6.220,1.660,41,120.0
49840.00,0.3060,0.8590,9.9210,2.630,6.950,3.130,41,120.0
49850.00,0.1910,0.7440,10.2780,0.950,9.980,6.400,41,120.0
49860.00,0.1170,0.6870,10.3110,-0.950,9.960,7.190,42,120.0
49870.00,-0.0200,0.5460,10.1910,-1.510,9.190,7.640,42,120.0
49880.00,0.0230,0.3750,10.1910,-1.190,9.030,7.730,42,120.0
49890.00,0.0410,0.4110,10.1340,-2.160,8.320,6.100,42,120.0
49900.00,0.0550,0.5220,10.0540,-2.720,7.480,4.580,42,120.0
49910.00,0.1080,0.5820,9.8230,-2.750,6.790,4.130,43,120.0
49920.00,0.1660,0.4830,9.9390,-1.370,7.650,4.560,43,120.0
49930.00,0.2320,0.6250,9.9920,-2.610,8.250,4.320,43,120.0
49940.00,0.1200,0.8000,10.0280,-3.920,8.750,4.480,43,120.0
49950.00,0.0280,1.0760,10.3230,-4.870,9.580,5.330,43,120.0
49960.00,0.0410,1.1590,10.1310,-5.040,7.830,7.310,44,120.0
49970.00,0.0260,1.0080,10.9490,-4.380,6.670,10.020,44,120.0
49980.00,0.0320,0.6780,10.3250,-11.260,-1.180,10.920,44,120.0
49990.00,0.0830,0.6680,10.0610,-9.660,-6.300,9.950,44,120.0
50000.00,0.1480,0.6710,10.0800,-13.340,-7.630,9.570,44,120.0
50010.00,0.1020,0.7320,11.9360,-14.630,-7.060,10.130,45,120.0
50020.00,-0.0070,0.7880,9.8350,-8.020,-14.230,11.460,45,120.0
50030.00,0.2150,0.5040,9.8140,-9.800,-17.360,13.650,45,120.0
50040.00,0.2940,0.6830,10.0170,-9.310,-14.560,12.510,45,120.0
50050.00,0.3290,0.9790,10.1800,-9.380,-10.450,11.840,45,120.0
50060.00,0.4060,1.1170,10.0220,-17.450,-10.070,12.320,46,120.0
50070.00,1.6510,1.7880,10.1890,-14.980,-10.150,13.790,46,120.0
50080.00,0.7010,1.3830,10.1690,-18.870,-9.840,19.470,46,120.0
50090.00,0.7150,0.9230,10.1980,-22.140,-10.210,24.460,46,120.0
50100.00,-0.4210,0.5470,10.0640,-18.270,-11.640,29.900,46,120.0
50110.00,-0.7600,-0.6680,10.4940,-12.760,-13.150,37.220,47,120.0
50120.00,-0.1100,-1.1670,10.5140,-11.360,-19.270,33.510,47,120.0
50130.00,-0.0760,-0.7130,10.3200,-17.680,-24.400,21.870,47,120.0
50140.00,-0.0950,-0.2670,9.9970,-15.700,-27.650,15.380,47,120.0
50150.00,-0.1050,-0.3000,10.1030,-10.310,-27.220,13.370,47,120.0
50160.00,-0.4060,-0.3430,9.7110,-8.040,-25.940,9.460,48,120.0
50170.00,0.1360,-0.2460,10.1220,-8.770,-23.210,3.950,48,120.0
50180.00,0.1680,0.0200,10.1340,-10.150,-22.560,-1.810,48,120.0
50190.00,0.7110,0.0000,10.0670,-13.850,-22.020,-6.240,48,120.0
50200.00,0.3390,0.2230,9.9720,-11.750,-21.160,-8.380,48,120.0
50210.00,0.3570,0.0870,10.0800,-6.860,-20.580,-6.780,49,120.0
50220.00,0.5370,0.1660,10.3320,-2.440,-21.790,-5.840,49,120.0
50230.00,0.7580,0.2390,10.1270,-1.910,-24.590,-4.680,49,120.0
50240.00,0.7830,0.2510,10.3460,-3.260,-25.850,-2.460,49,120.0
50250.00,-0.3780,-1.7320,10.2040,-5.990,-28.650,-4.880,49,120.0
50260.00,0.6480,-0.4800,9.4680,-18.760,-23.520,-20.560,50,120.0
50270.00,0.8500,-0.0170,8.9100,-21.250,-13.710,-27.240,50,120.0
50280.00,1.3330,0.8080,9.2110,-13.180,2.070,-25.680,50,120.0
50290.00,1.0460,0.4410,9.0750,-11.010,17.170,-18.280,50,120.0
50300.00,1.1530,0.3060,9.5760,-7.280,30.140,-13.240,50,120.0
50310.00,0.9490,0.0710,9.6140,-4.430,39.080,-10.560,51,120.0
50320.00,1.0300,0.2330,9.9330,2.400,45.940,-8.760,51,120.0
50330.00,0.8540,0.2260,9.8580,0.110,51.210,-6.800,51,120.0
50340.00,0.7170,0.5140,10.1510,3.770,54.780,-5.020,51,120.0
50350.00,0.5690,1.8310,9.5310,13.500,55.530,1.620,51,120.0
50360.00,0.7720,0.9670,9.6400,36.120,61.830,16.550,52,120.0
50370.00,0.3380,1.0000,8.7510,47.940,74.270,25.020,52,120.0
50380.00,0.2390,-2.5440,11.4650,66.660,105.480,29.970,52,120.0
50390.00,0.0460,0.2580,13.3860,19.150,70.230,7.630,52,120.0
50400.00,1.1660,1.4660,10.2040,14.490,18.610,1.570,52,120.0
50410.00,-0.7800,1.3570,10.8460,22.090,14.200,10.200,53,120.0
50420.00,-1.8840,0.1200,10.6100,26.270,2.560,21.080,53,120.0
50430.00,-0.6970,2.2930,10.9810,31.560,-10.910,21.850,53,120.0
50440.00,-0.7860,4.4560,11.0030,37.960,-27.670,35.430,53,120.0
50450.00,1.5780,3.5770,10.9060,47.710,-44.940,69.100,53,120.0
50460.00,0.6890,2.1870,9.1860,66.710,-70.210,133.470,54,120.0
50470.00,0.4270,0.6100,10.1190,79.540,-53.430,151.130,54,120.0
50480.00,0.2950,-0.6440,10.0790,74.540,-47.670,152.820,54,120.0
50490.00,0.6370,-1.4060,10.3900,59.850,-44.590,142.340,54,120.0
50500.00,0.7520,-2.2360,10.6440,49.160,-44.520,124.530,54,120.0
50510.00,0.7480,-2.3150,10.7980,32.990,-47.530,97.450,55,120.0
50520.00,0.5150,-1.6070,10.7850,12.880,-53.570,64.060,55,120.0
50530.00,0.4470,-1.5130,10.1670,-2.520,-62.460,35.080,55,120.0
50540.00,-0.8110,2.4820,5.8550,6.640,-44.350,8.620,55,120.0
50550.00,1.2020,1.8300,8.5190,28.530,8.180,7.520,55,120.0
50560.00,1.1700,3.1620,9.4570,27.390,35.000,23.130,56,120.0
50570.00,1.0710,0.4850,8.9250,30.120,45.170,40.610,56,120.0
50580.00,0.8130,0.4410,10.1300,23.510,54.180,33.700,56,120.0
50590.00,0.8290,1.2370,9.9030,16.560,52.660,24.230,56,120.0
50600.00,0.7450,1.2920,9.9020,4.380,54.180,18.860,56,120.0
50610.00,0.6620,1.1220,9.8600,-8.790,53.940,14.870,57,120.0
50620.00,0.5870,1.0710,9.6310,-30.400,57.050,9.310,57,120.0
50630.00,0.4490,1.1220,10.2410,-43.600,61.060,4.690,57,120.0
50640.00,0.3860,1.1580,10.1030,-40.250,57.580,3.550,57,120.0
50650.00,0.2600,0.5060,10.6120,-32.080,54.010,4.020,57,120.0
50660.00,0.0400,0.8110,10.3920,-36.960,41.500,-4.160,58,120.0
50670.00,0.0310,0.7820,10.1210,-52.890,35.600,-11.070,58,120.0
50680.00,-0.0280,0.7170,10.2600,-69.550,35.110,-15.810,58,120.0
50690.00,-0.0950,0.5220,10.4380,-80.000,34.010,-19.050,58,120.0
50700.00,-0.1710,0.4010,11.0790,-86.000,28.510,-22.740,58,120.0
50710.00,-0.3750,0.3870,10.2070,-82.920,7.300,-24.980,59,120.0
50721.00,-0.0620,0.2150,10.1020,-68.900,2.020,-24.970,59,120.0
50731.00,0.0210,-0.1010,9.9310,-59.700,-2.720,-25.610,59,120.0
50741.00,-0.1530,0.7010,10.6570,-41.510,-8.320,-24.720,59,120.0
50751.00,-0.1610,0.0890,10.1070,-15.140,2.980,-17.210,59,120.0
50761.00,-0.6040,-1.1610,10.1280,-11.290,3.100,-16.340,60,120.0
50771.00,-1.5460,-4.4230,10.0160,-22.120,6.850,-40.800,60,120.0
50781.00,-0.3210,-1.7580,10.1950,-42.530,13.550,-74.770,60,120.0
50791.00,-0.3980,-0.3360,10.4330,-34.340,7.630,-86.950,60,120.0
50801.00,0.4150,2.0320,9.8170,-1.770,-0.600,-79.740,60,120.0
50811.00,0.0370,0.9240,10.1260,1.110,-0.320,-54.520,61,120.0
50821.00,-0.2640,-0.6750,10.1190,-0.740,-0.320,-42.850,61,120.0
50831.00,-0.0440,-0.7110,10.3950,-1.650,3.100,-47.560,61,120.0
50841.00,-0.0770,0.0220,10.1370,-1.950,14.650,-50.760,61,120.0
50851.00,-0.2820,0.6920,10.0980,-1.890,17.420,-47.420,61,120.0
50861.00,-0.1600,0.7950,10.1100,-1.160,18.330,-40.930,62,120.0
50871.00,-0.0310,1.0430,10.0790,-0.530,19.080,-34.710,62,120.0
50881.00,-0.1020,0.4590,10.0720,-0.110,18.010,-26.450,62,120.0
50891.00,0.3930,1.9940,10.0410,0.040,16.000,-20.890,62,120.0
50901.00,0.1350,0.7640,10.0250,-0.250,12.920,-4.400,62,120.0
50911.00,-0.0570,0.2240,10.0370,-0.560,9.450,2.480,63,120.0
50921.00,0.0260,0.9180,10.0170,-0.530,5.900,5.400,63,120.0
50931.00,-0.2840,0.0740,9.9780,-0.700,1.280,9.390,63,120.0
50941.00,-0.3690,0.0140,9.9930,-0.410,-4.310,6.280,63,120.0
50951.00,-0.3050,-0.0210,10.0480,-0.130,-8.860,2.850,63,120.0
50961.00,-0.2580,-0.0130,10.0370,0.000,-11.220,0.560,64,120.0
50971.00,-0.2350,0.0270,10.0490,0.020,-14.000,-1.920,64,120.0
50981.00,-0.2020,-0.0040,10.0760,0.090,-16.230,-5.890,64,120.0
50991.00,-0.1930,-0.0440,10.0490,0.070,-17.920,-8.590,64,120.0
51001.00,-0.1560,-0.0570,10.0590,0.060,-20.460,-9.390,64,120.0
51011.00,-0.1300,-0.0930,10.0590,0.000,-22.510,-8.830,65,120.0
51021.00,-0.0530,-0.2040,10.5830,-0.110,-18.260,-6.290,65,120.0
51031.00,-0.0880,-0.0990,10.1200,-0.160,-0.420,-0.410,65,120.0
51041.00,-0.1050,-0.0950,10.1010,0.250,2.260,2.460,65,120.0
51051.00,-0.1010,-0.0880,10.0970,3.750,1.910,4.060,65,120.0
51061.00,-0.0980,-0.0350,10.1090,3.220,2.910,6.370,66,120.0
51071.00,-0.1850,-0.1380,10.1690,1.040,4.240,6.520,66,120.0
51081.00,-0.1220,-0.1110,9.9800,-1.670,7.670,1.060,66,120.0
51091.00,-0.2620,-0.1850,10.1030,-3.990,4.410,1.130,66,120.0
51101.00,-0.2140,-0.1010,10.0780,-8.260,3.280,6.280,66,120.0
51111.00,-0.0440,0.0640,10.1000,-4.060,1.300,8.150,67,120.0
51121.00,-0.0890,-0.0200,10.0940,-0.690,0.390,6.000,67,120.0
51131.00,-0.0450,0.0410,10.0890,-0.510,0.620,2.640,67,120.0
51141.00,-0.2210,-0.1570,10.0970,-0.530,0.630,0.470,67,120.0
51151.00,-0.1500,-0.0530,10.0920,-0.460,0.720,0.520,67,120.0
51161.00,-0.2350,-0.1200,10.0900,-0.460,0.790,1.380,68,120.0
51171.00,-0.2240,-0.0430,10.0940,-0.480,0.790,2.110,68,120.0
51181.00,-0.2300,-0.0760,10.0840,-0.510,0.810,3.440,68,120.0
51191.00,-0.4760,-0.1730,10.0840,-0.490,0.860,2.600,68,120.0
51201.00,-0.3670,-0.0650,10.0910,-0.560,0.980,1.760,68,120.0
51211.00,-0.0210,0.0380,10.0900,-0.560,1.070,2.110,69,120.0
51221.00,0.2700,0.0440,10.1020,-0.510,1.040,1.760,69,120.0
51231.00,-0.0290,-0.0500,10.1010,-0.510,1.070,1.240,69,120.0
51241.00,0.1190,0.0340,10.0910,-0.480,1.160,1.060,69,120.0
51251.00,0.1530,0.0320,10.0850,-0.420,1.250,0.150,69,120.0
51261.00,-0.1410,-0.0070,10.0880,-0.410,1.190,-4.300,70,120.0
51271.00,-0.2760,-0.0530,10.0950,-0.370,1.180,-5.540,70,120.0
51281.00,0.1490,0.0860,10.0970,-0.370,1.300,-6.700,70,120.0
51291.00,-0.0130,-0.0170,10.1060,-0.440,1.280,-4.390,70,120.0
51301.00,-0.1020,-0.0400,10.1060,-0.370,1.350,-4.350,70,120.0
51311.00,-0.1570,-0.0450,10.0980,-0.350,1.370,-4.910,71,120.0
51321.00,-0.4060,-0.0690,10.0940,-0.300,1.470,-5.450,71,120.0
51331.00,-0.4900,-0.0840,10.0830,-0.230,1.720,-9.060,71,120.0
51341.00,-0.4350,-0.0700,10.0710,-0.230,1.810,-9.860,71,120.0
51351.00,-0.4480,-0.1050,10.0780,-0.230,1.540,-7.400,71,120.0
51361.00,-0.2870,-0.0640,10.0830,-0.340,1.250,-5.980,72,120.0
51371.00,-0.4470,-0.1100,10.0330,-0.280,0.280,-4.700,72,120.0
51381.00,-0.3080,-0.0430,10.0410,-0.390,-2.280,-3.460,72,120.0
51391.00,-0.6240,-0.1870,10.0680,-0.410,-5.100,-2.710,72,120.0
51401.00,-1.1550,-0.3620,10.7350,-0.250,-4.780,-5.120,72,120.0
51411.00,-0.9220,-0.3810,10.4900,0.390,20.970,-10.000,73,120.0
51421.00,-0.7320,-0.1600,10.7500,22.350,46.800,-14.520,73,120.0
51431.00,-0.5040,0.2290,10.4230,51.610,77.560,-13.870,73,120.0
51441.00,-1.1970,0.6140,12.0280,84.700,87.100,-7.480,73,120.0
51451.00,-1.6270,3.2350,16.9470,59.540,46.610,-2.950,73,120.0
51461.00,-2.7290,-3.2790,10.9320,55.220,-30.680,94.580,74,120.0
51471.00,-2.3560,0.5620,9.9800,17.170,-21.740,56.430,74,120.0
51481.00,-2.4160,2.4230,10.4420,5.690,-9.070,55.940,74,120.0
51491.00,-2.2640,0.5130,9.0410,8.440,-4.830,66.080,74,120.0
51501.00,-1.7880,0.0980,9.6030,-34.690,2.580,54.230,74,120.0
51511.00,-1.5170,4.4130,8.2270,-47.530,-0.020,46.490,75,120.0
51521.00,-1.6470,4.3320,13.9990,32.750,-25.190,91.850,75,120.0
51531.00,-1.7880,-2.3600,-1.5440,97.230,-54.640,125.380,75,120.0
51541.00,-1.2700,0.1430,9.7000,59.960,-0.900,100.810,75,120.0
51551.00,-1.3310,2.1850,7.6270,34.320,-18.800,90.580,75,120.0
51561.00,-1.5460,2.3060,6.7560,38.920,-31.920,101.860,76,120.0
51571.00,-1.4170,2.0360,9.6280,26.830,-64.720,112.120,76,120.0
51581.00,-1.0860,0.2180,3.5780,-2.050,-90.570,110.610,76,120.0
51591.00,0.0740,1.2040,7.1070,38.350,-116.010,107.390,76,120.0
51601.00,0.1840,-2.0840,1.5380,72.860,-113.280,122.110,76,120.0
51611.00,0.6190,-1.9810,1.5560,57.190,-65.730,107.570,77,120.0
51621.00,1.2620,-0.5620,2.2000,39.820,-27.690,92.130,77,120.0
51631.00,1.1520,-0.8500,2.8070,38.050,0.420,88.350,77,120.0
51641.00,1.2640,-1.3120,3.5240,32.730,19.170,78.410,77,120.0
51651.00,1.3490,-0.8420,3.7800,15.320,34.860,53.390,77,120.0
51661.00,2.5290,1.9860,5.9830,-1.230,59.920,35.840,78,120.0
51671.00,2.4140,0.5590,5.7000,6.550,59.360,56.430,78,120.0
51681.00,1.7530,-2.1060,4.7040,13.620,57.880,69.120,78,120.0
51691.00,1.4030,-3.8710,4.3440,12.110,63.830,59.390,78,120.0
51701.00,2.4880,-4.2920,3.6200,-3.140,74.710,34.940,78,120.0
51711.00,2.6270,-5.6930,1.4910,-4.960,89.340,12.250,79,120.0
51721.00,-0.4530,-5.8620,6.3640,-27.440,120.630,-15.640,79,120.0
51731.00,-2.9770,-5.4480,9.2920,-47.250,118.830,-50.080,79,120.0
51742.00,-3.1590,-4.3930,10.2230,-65.980,107.700,-96.560,79,120.0
51752.00,-8.2940,3.4380,1.5730,-118.290,109.290,-122.060,79,120.0
51762.00,0.4360,5.9580,1.7080,-127.260,238.670,-78.900,80,120.0
51772.00,-5.3610,3.7670,16.2650,-95.450,327.670,-8.730,80,120.0
51782.00,-6.7210,-0.8960,20.2040,-62.710,317.470,36.100,80,120.0
51792.00,-6.8930,-3.5180,17.8810,-55.620,252.760,32.350,80,120.0
51802.00,-5.0040,-3.8420,15.0220,-48.810,208.940,3.620,80,120.0
51812.00,-4.6400,-4.4750,13.2370,-34.860,185.030,-18.560,81,120.0
51822.00,-4.1510,-4.7850,12.7090,-37.790,179.260,-40.000,81,120.0
51832.00,-5.5860,-4.0900,13.7930,-42.860,175.650,-65.830,81,120.0
51842.00,-5.6500,-1.1420,15.6190,-61.010,163.720,-96.000,81,120.0
51852.00,-4.6030,2.5930,14.3000,-69.530,137.540,-108.630,81,120.0
51862.00,-5.9660,3.2300,12.8740,-68.080,123.480,-68.070,82,120.0
51872.00,-6.8670,2.6100,13.9390,-69.670,123.010,-52.510,82,120.0
51882.00,-7.4060,2.2710,15.6170,-65.090,115.820,-44.930,82,120.0
51892.00,-7.5060,2.4140,17.1820,-62.710,103.620,-41.540,82,120.0
51902.00,-7.8130,2.6340,20.9740,-57.420,86.750,-35.730,82,120.0
51912.00,-7.7300,2.6440,29.2480,-16.960,13.360,-25.560,83,120.0
51922.00,-8.6270,0.8970,16.4000,-24.540,-95.890,-10.320,83,120.0
51932.00,-9.3480,0.4470,11.6130,-49.650,-36.600,-13.010,83,120.0
51942.00,-8.3070,2.5710,17.5920,-52.770,47.660,-9.860,83,120.0
51952.00,-7.5390,2.5480,28.9810,-19.970,71.840,25.700,83,120.0
51962.00,-8.6760,-1.9740,27.0360,3.450,-34.510,59.360,84,120.0
51972.00,-9.3670,-2.6110,19.9540,-7.440,-103.220,55.210,84,120.0
51982.00,-9.5190,-2.0180,18.6250,-11.080,-109.080,45.740,84,120.0
51992.00,-9.1230,-1.9340,19.2400,-2.170,-107.420,43.780,84,120.0
52002.00,-7.7830,-1.1480,21.4800,-2.330,-112.370,41.030,84,120.0
52012.00,-7.0120,0.3010,24.0500,-14.620,-128.100,42.030,85,120.0
52022.00,-6.8110,0.6620,24.4530,-28.620,-159.710,52.580,85,120.0
52032.00,-6.6500,-0.7050,24.4940,-24.100,-195.040,66.850,85,120.0
52042.00,-6.9360,-1.4820,22.6990,-26.460,-232.720,70.420,85,120.0
52052.00,-7.4780,-2.4410,19.7520,-26.780,-267.470,67.180,85,120.0
52062.00,-6.9940,-6.2830,15.1150,-21.340,-294.560,62.160,86,120.0
52072.00,-6.5320,-8.4870,13.7990,18.500,-319.270,41.630,86,120.0
52082.00,-6.9820,-9.4690,11.7290,44.330,-323.490,18.020,86,120.0
52092.00,-7.1980,-9.2140,8.8470,49.580,-324.210,-15.520,86,120.0
52102.00,-7.4380,-8.6380,5.5130,17.560,-313.250,-61.330,86,120.0
52112.00,-6.3930,-5.7910,3.9840,1.790,-293.580,-113.660,87,120.0
52122.00,-5.0630,-1.9330,2.8150,-9.170,-274.770,-148.320,87,120.0
52132.00,-4.1570,0.3620,1.0920,-13.480,-260.440,-158.300,87,120.0
52142.00,-3.7040,1.4340,-1.6470,-16.730,-248.800,-157.340,87,120.0
52152.00,-3.0320,2.4840,-4.3190,-20.880,-231.060,-156.130,87,120.0
52162.00,-1.4060,3.4560,-5.2580,-19.660,-202.530,-154.310,88,120.0
52172.00,1.4760,4.9720,-6.8420,-11.240,-174.290,-149.150,88,120.0
52182.00,2.8240,8.8950,-7.2620,49.930,-155.560,-131.840,88,120.0
52192.00,0.8930,6.3670,-11.1240,94.850,-132.180,-75.350,88,120.0
52202.00,-1.8960,4.0150,-13.2930,116.870,-73.910,-18.630,88,120.0
52212.00,1.2650,-3.1030,-9.2090,76.580,31.210,46.200,89,120.0
52222.00,1.7120,-7.1780,0.2290,53.540,101.560,19.260,89,120.0
52232.00,2.1910,-0.9400,0.9420,25.170,93.730,-67.460,89,120.0
52242.00,2.9380,6.9180,2.7560,48.530,78.330,-100.390,89,120.0
52252.00,3.6770,10.9380,3.1560,57.910,58.050,-34.210,89,120.0
52262.00,2.1360,-1.5320,5.1720,88.170,47.320,64.060,90,120.0
52272.00,1.9890,-0.2400,5.8550,40.950,59.560,43.940,90,120.0
52282.00,1.6250,-0.7700,6.4470,25.550,63.900,41.700,90,120.0
52292.00,1.3830,-2.1040,7.9250,26.550,69.850,42.960,90,120.0
52302.00,1.0620,-3.0970,9.2240,30.610,69.780,35.360,90,120.0
52312.00,0.9570,-3.0850,9.5330,26.600,64.840,20.140,91,120.0
52322.00,0.9950,-1.7080,9.4320,13.780,62.740,3.060,91,120.0
52332.00,1.1410,-0.3850,9.8340,1.510,66.080,-6.290,91,120.0
52342.00,1.1350,0.0250,10.5630,-5.830,67.920,-8.340,91,120.0
52352.00,1.1780,-0.4680,10.9010,-14.410,62.250,-11.560,91,120.0
52362.00,1.1010,1.7550,10.7330,-32.540,64.070,-17.810,92,120.0
52372.00,1.0400,0.6340,12.3250,-20.410,63.670,-7.500,92,120.0
52382.00,1.2680,0.5310,12.1550,-20.620,52.520,-5.940,92,120.0
52392.00,1.0710,0.4240,12.0400,-25.030,47.450,-7.730,92,120.0
52402.00,0.8840,-0.7310,12.5000,-22.490,43.400,-8.600,92,120.0
52412.00,0.9910,-0.6590,12.7420,-27.320,37.070,-18.050,93,120.0
52422.00,1.0130,0.1920,12.4490,-38.570,31.140,-25.090,93,120.0
52432.00,0.9110,0.1610,12.4470,-40.080,25.450,-23.200,93,120.0
52442.00,0.8550,0.1060,11.9740,-39.610,18.780,-21.850,93,120.0
52452.00,1.0700,0.5060,11.6660,-43.510,16.230,-22.390,93,120.0
52462.00,0.9950,0.1500,11.1980,-51.300,16.770,-19.030,94,120.0
52472.00,0.9750,-0.0450,10.8530,-63.110,15.400,-16.020,94,120.0
52482.00,0.8600,0.0320,10.4920,-69.270,14.770,-12.370,94,120.0
52492.00,0.7740,-0.7480,10.3900,-65.170,14.020,-7.550,94,120.0
52502.00,0.8960,-0.5770,10.4440,-65.510,13.690,-6.470,94,120.0
52512.00,0.8310,-0.9910,10.6120,-65.070,13.740,-2.930,95,120.0
52522.00,0.7270,-1.1290,10.9200,-67.480,11.710,0.910,95,120.0
52532.00,0.6600,-1.1070,11.2160,-70.510,5.340,5.000,95,120.0
52542.00,0.6480,-1.0200,11.0100,-74.730,-3.070,8.030,95,120.0
52552.00,0.7400,-1.2570,10.2370,-73.700,-10.660,10.130,95,120.0
52562.00,0.6890,-1.8670,9.7980,-65.720,-13.690,9.780,96,120.0
52572.00,0.7820,-2.0050,9.3650,-54.360,-14.250,4.210,96,120.0
52582.00,0.8470,-1.8980,8.4320,-43.440,-11.920,-2.670,96,120.0
52592.00,0.9610,-1.6510,8.0010,-34.370,-3.290,-7.570,96,120.0
52602.00,1.0080,-1.6120,8.0490,-28.210,7.490,-9.390,96,120.0
52612.00,1.0770,-1.7080,8.4460,-23.860,16.210,-10.250,97,120.0
52622.00,1.0970,-1.6610,8.5990,-22.610,21.390,-10.830,97,120.0
52632.00,0.9350,-1.8980,8.4670,-21.600,24.710,-9.860,97,120.0
52642.00,0.8300,-1.8480,8.8470,-19.110,27.300,-10.840,97,120.0
52652.00,0.9450,-1.5290,8.9160,-15.160,26.310,-12.930,97,120.0
52662.00,0.8650,-1.3720,8.5770,-10.310,24.980,-12.860,98,120.0
52672.00,0.9540,-1.0500,8.7140,-0.550,30.840,-13.870,98,120.0
52682.00,0.9490,-1.1590,8.8350,3.210,34.230,-12.940,98,120.0
52692.00,0.8310,-1.1340,9.2200,5.640,36.930,-12.020,98,120.0
52702.00,0.8790,-0.8510,10.2550,8.950,38.520,-10.840,98,120.0
52712.00,0.7810,-1.2650,10.3010,14.830,34.080,-7.960,99,120.0
52722.00,0.6910,-1.2800,9.7860,16.960,30.800,-7.820,99,120.0
52732.00,0.6160,-1.0020,10.2430,17.520,32.620,-8.200,99,120.0
52742.00,0.5670,-1.1520,10.2920,20.480,31.450,-7.080,99,120.0
52752.00,0.4850,-1.3360,9.7950,21.440,29.980,-7.100,99,120.0
52763.00,0.5320,-1.3670,9.5680,21.000,31.730,-8.240,100,120.0
52773.00,0.3880,-1.7080,9.4520,19.410,34.780,-8.550,100,120.0
52783.00,0.3090,-1.7800,9.6800,17.310,37.420,-10.790,100,120.0
52793.00,0.2650,-1.1330,9.8220,12.290,38.330,-14.760,100,120.0
52803.00,0.0090,-1.0420,9.2050,7.180,38.350,-14.640,100,120.0
52813.00,-0.0750,-1.4790,9.1530,7.620,41.440,-13.540,101,120.0
52823.00,0.0040,-0.7080,9.1400,2.310,44.720,-15.590,101,120.0
52833.00,0.0310,-1.1580,8.7330,-5.460,48.440,-9.080,101,120.0
52843.00,-0.3580,-2.1080,8.6530,-9.650,54.690,-7.550,101,120.0
52853.00,-0.4590,-1.3290,8.6240,-14.270,60.060,-14.690,101,120.0
52863.00,-0.5770,-1.4890,8.6170,-16.520,65.020,-13.890,102,120.0
52873.00,-1.1350,-2.2700,8.5410,-21.770,79.230,-17.770,102,120.0
52883.00,-1.2710,-2.0320,9.0490,-22.320,87.920,-22.290,102,120.0
52893.00,-1.4150,-1.4180,10.3260,-23.910,94.080,-25.250,102,120.0
52903.00,-1.4290,-0.5930,11.5080,-25.430,92.120,-25.420,102,120.0
52913.00,-1.4900,-0.0960,11.5270,-29.510,84.840,-21.430,103,120.0
52923.00,-1.8640,-0.7810,11.5520,-31.910,81.200,-14.030,103,120.0
52933.00,-2.0870,-1.9400,10.9480,-28.300,74.340,-10.280,103,120.0
52943.00,-2.2120,-2.2420,10.7480,-23.190,70.930,-14.120,103,120.0
52953.00,-2.0450,-1.8960,11.0630,-18.500,70.230,-19.450,103,120.0
52963.00,-2.0370,-1.4930,11.0100,-17.420,67.520,-20.590,104,120.0
52973.00,-2.0290,-1.5120,10.7010,-14.370,64.210,-17.580,104,120.0
52983.00,-1.9320,-1.4950,10.7710,-13.250,61.870,-14.310,104,120.0
52993.00,-1.9030,-1.2260,11.0580,-17.450,58.610,-9.990,104,120.0
53003.00,-2.1180,-1.1650,11.3740,-22.390,52.050,-3.650,104,120.0
53013.00,-2.0790,-0.8680,10.6940,-25.010,40.830,0.770,105,120.0
53023.00,-2.1820,-0.8300,10.1630,-29.560,34.570,7.350,105,120.0
53033.00,-2.7620,-2.8060,16.9110,-22.460,21.760,12.930,105,120.0
53043.00,-1.7730,-1.7100,10.3640,-2.750,-80.990,1.940,105,120.0
53053.00,-2.5080,-2.1210,9.1420,-5.460,-103.080,-0.590,105,120.0
53063.00,-2.1050,-2.5570,9.5360,5.320,-93.940,-2.550,106,120.0
53073.00,-1.8230,-2.4670,9.6760,17.940,-71.790,-8.270,106,120.0
53083.00,-1.6740,-2.2340,9.6840,22.810,-65.300,-9.370,106,120.0
53093.00,-1.4580,-2.0130,9.8750,26.530,-61.380,-10.440,106,120.0
53103.00,-1.2460,-1.8280,10.0900,24.350,-57.840,-11.140,106,120.0
53113.00,-1.1190,-1.8100,9.9690,17.030,-54.800,-12.160,107,120.0
53123.00,-0.9910,-1.8050,9.8890,13.760,-52.420,-13.400,107,120.0
53133.00,-0.8240,-1.7680,9.8080,14.460,-51.440,-13.780,107,120.0
53143.00,-0.5350,-1.6720,9.8090,17.780,-52.780,-13.640,107,120.0
53153.00,-0.8500,-1.8000,9.4080,26.250,-55.620,-13.560,107,120.0
53163.00,0.0260,-1.2590,10.1790,43.040,-58.800,-15.220,108,120.0
53173.00,-0.2540,-1.2950,9.9820,38.570,-65.770,-15.600,108,120.0
53183.00,-0.2790,-1.4660,9.8020,34.830,-70.510,-14.920,108,120.0
53193.00,-0.1430,-1.4560,9.9540,39.940,-73.120,-15.200,108,120.0
53203.00,0.0440,-1.3110,9.9970,42.550,-73.980,-15.810,108,120.0
53213.00,-0.1300,1.7740,2.8420,60.900,-69.950,-14.030,109,120.0
53223.00,-0.7330,-3.8670,11.7410,327.670,-17.850,4.810,109,120.0
53233.00,0.2360,0.0150,13.5320,203.270,43.420,0.820,109,120.0
53243.00,0.0710,-0.6320,8.3800,-32.400,0.420,1.340,109,120.0
53253.00,0.1300,-0.3340,9.8650,22.950,18.130,4.280,109,120.0
53263.00,0.0250,-0.2340,9.9320,40.180,18.340,6.910,110,120.0
53273.00,-0.1080,-0.1590,10.2320,48.250,17.890,9.570,110,120.0
53283.00,-0.1350,-0.1250,10.5410,38.430,13.920,8.150,110,120.0
53293.00,-0.1670,-0.0810,10.3800,20.530,3.960,5.440,110,120.0
53303.00,-0.1190,-0.0490,10.0860,3.290,0.810,2.220,110,120.0
53313.00,-0.0810,-0.0530,10.1010,-0.230,-0.460,2.060,111,120.0
53323.00,0.0030,-0.1280,10.1010,-0.300,-1.440,4.650,111,120.0
53333.00,0.0520,-0.2200,10.0940,-0.480,-1.930,10.500,111,120.0
53343.00,-0.0160,-0.1900,10.0940,-0.630,-2.980,17.650,111,120.0
53353.00,-0.0230,-0.1910,10.0760,-0.700,-4.500,23.620,111,120.0
53363.00,-0.2040,-0.1870,10.0910,-0.840,-5.900,29.200,112,120.0
53373.00,-0.0090,-0.0800,10.0970,-0.950,-6.530,34.680,112,120.0
53383.00,-0.0980,-0.0800,10.2010,-1.120,-6.510,37.850,112,120.0
53393.00,-0.2080,0.1180,10.1590,-1.090,-2.300,37.550,112,120.0
53403.00,-0.2900,0.0890,10.1130,-0.830,0.320,34.090,112,120.0
53413.00,-0.1850,0.1280,10.1090,-0.620,1.350,24.970,113,120.0
53423.00,-0.0310,0.0820,10.1040,-0.370,1.910,10.850,113,120.0
53433.00,-0.1280,-0.0370,10.1410,-0.410,2.720,2.270,113,120.0
53443.00,-0.1380,-0.0760,10.1330,-0.280,4.890,1.240,113,120.0
53453.00,0.0050,-0.0700,10.0280,-0.440,5.830,1.030,113,120.0
53463.00,-0.0660,-0.0680,10.0900,-0.410,2.400,1.450,114,120.0
53473.00,-0.0780,-0.0550,10.1020,-0.490,1.050,1.410,114,120.0
53483.00,-0.0860,-0.0640,10.1040,-0.510,0.810,1.290,114,120.0
53493.00,-0.0840,-0.0630,10.1100,-0.480,0.880,1.290,114,120.0
53503.00,-0.0840,-0.0630,10.0940,-0.390,0.950,1.270,114,120.0
53513.00,-0.0840,-0.0740,10.1130,-0.410,1.000,1.340,115,120.0
53523.00,-0.0900,-0.0740,10.1030,-0.370,1.110,1.400,115,120.0
53533.00,-0.0810,-0.0610,10.1040,-0.340,1.070,1.380,115,120.0
53543.00,-0.1860,-0.4590,10.0960,-0.420,1.070,0.960,115,120.0
53553.00,-0.0430,-0.0380,10.0830,-0.510,0.830,-11.190,115,120.0
53563.00,-0.0550,0.0020,10.0830,-0.510,0.060,-13.590,116,120.0
53573.00,-0.0530,-0.0210,10.1080,-0.480,-0.690,-10.350,116,120.0
53583.00,-0.0390,0.0080,10.0970,-0.440,-0.620,-8.220,116,120.0
53593.00,-0.0590,0.0080,10.1130,-0.460,-0.340,-6.420,116,120.0
53603.00,-0.0780,-0.0590,10.1000,-0.480,-0.180,-3.930,116,120.0
53613.00,-0.0870,-0.1010,10.1060,-0.530,-0.440,-3.670,117,120.0
53623.00,-0.0650,-0.0010,10.1120,-0.530,-0.040,-4.210,117,120.0
53633.00,-0.0930,-0.1930,10.0950,-0.440,0.200,-2.930,117,120.0
53643.00,-0.0510,-0.0570,10.0910,-0.530,0.200,-6.730,117,120.0
53653.00,-0.1010,-0.1690,10.1090,-0.460,0.130,-8.800,117,120.0
53663.00,-0.0620,-0.0230,10.0970,-0.420,0.530,-10.210,118,120.0
53673.00,-0.0930,-0.1790,10.1040,-0.370,0.790,-8.740,118,120.0
53683.00,-0.0510,-0.0020,10.0940,-0.410,0.740,-11.930,118,120.0
53693.00,-0.0490,0.0340,10.0980,-0.390,0.860,-11.580,118,120.0
53703.00,-0.0070,0.0320,10.0970,-0.280,1.070,-9.990,118,120.0
53713.00,-0.0470,-0.0490,10.1070,-0.340,1.090,-6.780,119,120.0
53723.00,-0.0710,-0.1770,10.0970,-0.410,1.050,-5.230,119,120.0
53733.00,-0.0050,0.0690,10.0950,-0.370,1.050,-6.660,119,120.0
53743.00,-0.0620,-0.0860,10.0960,-0.300,1.050,-3.970,119,120.0
53753.00,-0.0520,-0.0170,10.0980,-0.420,0.910,-3.410,119,120.0
53763.00,-0.0740,-0.1730,10.0900,-0.420,0.770,-1.800,120,120.0
53773.00,-0.0430,-0.0860,10.0900,-0.580,0.410,-4.460,120,120.0
53783.00,-0.0350,0.1080,10.0910,-0.530,0.140,-5.980,120,120.0
53794.00,-0.0380,0.0570,10.1000,-0.410,0.230,-7.760,120,120.0
53804.00,-0.0470,-0.0880,10.1010,-0.300,0.370,-13.400,120,120.0
53814.00,-0.0900,-0.1280,10.1070,-0.300,0.670,-15.100,121,120.0
53824.00,-0.0410,-0.1110,10.0960,-0.270,0.950,-14.830,121,120.0
53834.00,-0.0290,-0.0990,10.0900,-0.320,1.090,-8.430,121,120.0
53844.00,-0.0840,-0.2220,10.1090,-0.410,1.120,-4.320,121,120.0
53854.00,-0.0190,0.0430,10.1000,-0.340,1.160,-5.910,121,120.0
53864.00,-0.0170,0.0030,10.0960,-0.320,1.230,-1.810,122,120.0
53874.00,-0.0820,-0.2040,10.0970,-0.320,1.210,0.560,122,120.0
53884.00,-0.0470,0.0720,10.0950,-0.620,0.930,-5.910,122,120.0
53894.00,-0.2320,0.1290,10.0960,-0.460,0.860,-9.060,122,120.0
53904.00,-0.1110,0.0170,10.1010,-0.280,0.880,-23.550,122,120.0
53914.00,-0.0710,-0.1720,10.1030,-0.180,1.110,-30.720,123,120.0
53924.00,-0.0020,-0.0890,10.1060,-0.140,1.440,-27.500,123,120.0
53934.00,0.0500,-0.1570,10.1010,-0.140,1.600,-21.500,123,120.0
53944.00,0.0150,-0.1160,10.0950,-0.280,1.530,-13.570,123,120.0
53954.00,0.0330,-0.0170,10.0920,-0.340,1.510,-7.900,123,120.0
53964.00,-0.0140,-0.0610,10.0950,-0.390,1.330,-2.160,124,120.0
53974.00,-0.0430,-0.0650,10.0940,-0.370,1.230,0.660,124,120.0
53984.00,-0.0500,-0.0660,10.0910,-0.390,1.210,1.130,124,120.0
53994.00,-0.0490,-0.0680,10.1090,-0.370,1.280,1.220,124,120.0
54004.00,-0.0530,-0.0640,10.0830,-0.420,1.370,1.240,124,120.0
54014.00,-0.0630,-0.0640,10.1080,-0.390,1.460,1.200,125,120.0
54024.00,-0.0590,-0.0710,10.0980,-0.370,1.740,1.120,125,120.0
54034.00,-0.0630,-0.0610,10.0900,-0.370,2.100,1.170,125,120.0
54044.00,-0.0650,-0.0660,10.1020,-0.340,2.330,1.260,125,120.0
54054.00,-0.0430,-0.0700,10.0920,-0.340,2.230,1.400,125,120.0
54064.00,-0.0770,-0.0610,10.1020,-0.390,2.070,1.520,126,120.0
54074.00,-0.0290,-0.0640,10.1090,-0.300,2.310,1.680,126,120.0
54084.00,-0.0590,-0.0640,10.0890,-0.480,1.530,1.480,126,120.0
54094.00,-0.0740,-0.0570,10.0900,-0.460,1.190,1.400,126,120.0
54104.00,-0.0630,-0.0570,10.0950,-0.390,1.180,1.400,126,120.0
54114.00,-0.0660,-0.0570,10.0940,-0.440,1.090,1.330,127,120.0
54124.00,-0.0640,-0.0620,10.0920,-0.440,1.110,1.260,127,120.0
54134.00,-0.0640,-0.0650,10.1020,-0.420,1.160,1.290,127,120.0
54144.00,-0.0700,-0.0590,10.0910,-0.480,1.230,1.340,127,120.0
54154.00,-0.0700,-0.0640,10.0900,-0.390,1.390,1.360,127,120.0
54164.00,-0.0610,-0.0580,10.0890,-0.340,1.470,1.450,128,120.0
54174.00,-0.0590,-0.0590,10.1030,-0.420,1.370,1.410,128,120.0
54184.00,-0.0590,-0.0610,10.0830,-0.460,1.280,1.340,128,120.0
54194.00,-0.0610,-0.0630,10.0960,-0.370,1.180,1.330,128,120.0
54204.00,-0.0660,-0.0630,10.1120,-0.440,1.090,1.330,128,120.0
54214.00,-0.0740,-0.0680,10.0940,-0.480,1.120,1.330,129,120.0
54224.00,-0.0930,-0.0630,10.1160,-0.440,1.320,1.380,129,120.0
54234.00,-0.0710,-0.0610,10.0980,-0.420,1.750,1.520,129,120.0
54244.00,-0.0580,-0.0610,10.0800,-0.440,1.740,1.500,129,120.0
54254.00,-0.0560,-0.0650,10.1010,-0.440,1.470,1.430,129,120.0
54264.00,-0.0630,-0.0630,10.1030,-0.440,1.260,1.330,130,120.0
54274.00,-0.0680,-0.0640,10.0980,-0.420,1.160,1.270,130,120.0
54284.00,-0.0780,-0.0590,10.1130,-0.420,1.190,1.330,130,120.0
54294.00,-0.0820,-0.0560,10.0920,-0.420,1.280,1.330,130,120.0
54304.00,-0.0900,-0.0590,10.0980,-0.460,1.650,1.520,130,120.0
54314.00,-0.0660,-0.0680,10.0900,-0.480,2.120,1.660,131,120.0
54324.00,-0.0700,-0.0640,10.0890,-0.440,1.540,1.430,131,120.0
54334.00,-0.0720,-0.0560,10.0960,-0.440,1.090,1.310,131,120.0
54344.00,-0.0760,-0.0680,10.0880,-0.420,0.910,1.260,131,120.0
54354.00,-0.0750,-0.0680,10.1120,-0.440,0.700,1.200,131,120.0
54364.00,-0.0700,-0.0560,10.0900,-0.490,0.620,1.200,132,120.0
54374.00,-0.0700,-0.0620,10.0950,-0.460,0.530,1.260,132,120.0
54384.00,-0.0650,-0.0560,10.1030,-0.460,0.550,1.270,132,120.0
54394.00,-0.0710,-0.0620,10.1000,-0.480,0.650,1.290,132,120.0
54404.00,-0.0620,-0.0640,10.1040,-0.510,0.670,1.310,132,120.0
54414.00,-0.0710,-0.0660,10.1060,-0.490,0.620,1.310,133,120.0
54424.00,-0.0660,-0.0680,10.1060,-0.480,0.530,1.400,133,120.0
54434.00,-0.0780,-0.0650,10.0960,-0.530,0.440,1.430,133,120.0
54444.00,-0.1620,-0.0570,10.1060,-0.510,0.250,1.410,133,120.0
54454.00,-4.3020,-0.0190,9.9900,-0.630,-0.160,-0.500,133,120.0
54464.00,0.5240,0.2540,10.0740,-0.370,-0.860,-2.360,134,120.0
54474.00,0.5740,0.1360,10.1350,-0.480,-2.720,-4.160,134,120.0
54484.00,-0.0620,-0.0100,10.3320,0.060,9.660,-5.590,134,120.0
54494.00,-0.2170,0.0920,10.1930,-0.480,22.320,-2.580,134,120.0
54504.00,-0.6260,0.1630,10.1500,-0.560,27.640,0.500,134,120.0
54514.00,-0.2110,0.1740,10.1550,-0.740,30.030,0.710,135,120.0
54524.00,-0.3670,0.2930,10.1560,-0.930,32.130,-0.690,135,120.0
54534.00,-3.3530,0.4640,9.9250,-0.040,38.470,9.240,135,120.0
54544.00,-0.0680,0.9830,10.4990,0.210,44.660,14.120,135,120.0
54554.00,-0.8310,-0.1280,9.9420,11.130,54.240,13.400,135,120.0
54564.00,-1.4390,0.6930,10.0490,29.070,40.740,14.070,136,120.0
54574.00,-0.7110,0.0440,9.9090,36.300,38.140,21.710,136,120.0
54584.00,-0.9770,0.0940,9.8150,9.930,35.280,23.940,136,120.0
54594.00,-0.8380,-0.3660,9.8750,-15.370,30.260,23.850,136,120.0
54604.00,-1.2720,-0.4600,9.9050,-25.340,23.790,21.070,136,120.0
54614.00,0.2090,-0.3180,9.9730,-24.960,15.740,21.350,137,120.0
54624.00,-0.1140,0.0840,10.1280,-24.490,6.620,23.150,137,120.0
54634.00,-2.0630,0.2260,9.8390,-0.620,-0.300,29.850,137,120.0
54644.00,-0.9990,0.2660,10.0000,17.470,-7.020,37.250,137,120.0
54654.00,-1.3230,-0.1810,10.0460,23.280,-12.360,40.110,137,120.0
54664.00,-1.4380,0.0860,10.0670,32.030,-15.880,40.330,138,120.0
54674.00,-1.1820,-0.4780,10.0250,33.600,-14.910,38.010,138,120.0
54684.00,-1.1780,0.1870,10.0820,42.910,-19.600,26.120,138,120.0
54695.00,-1.0370,-0.2080,10.4360,61.880,-25.150,22.920,138,120.0
54704.00,-0.7520,-1.1650,12.6780,52.150,-38.570,14.430,138,120.0
54714.00,-0.5700,-0.3860,11.5190,34.250,-69.270,-2.600,139,120.0
54724.00,-0.2840,0.7280,10.0460,33.430,-84.160,-9.060,139,120.0
54734.00,0.1730,0.4770,11.0460,41.690,-96.550,-3.320,139,120.0
54744.00,0.3060,0.6490,9.5620,32.410,-115.910,-1.240,139,120.0
54754.00,0.5820,0.7450,8.3770,23.440,-105.390,-0.150,139,120.0
54764.00,0.9300,1.2780,9.6000,12.920,-87.000,-0.970,140,120.0
54774.00,1.1580,1.3440,9.7830,3.610,-78.810,0.560,140,120.0
54785.00,1.3630,1.0090,9.4800,-0.180,-71.840,3.410,140,120.0
54794.00,1.5850,0.7190,9.1920,-2.560,-62.320,4.140,140,120.0
54804.00,1.7630,0.5330,8.8850,-5.950,-50.320,3.080,140,120.0
54815.00,1.9600,0.5570,8.9300,-8.540,-36.790,1.080,141,120.0
54825.00,2.1360,0.6720,9.3780,-11.960,-24.730,0.380,141,120.0
54835.00,2.1940,0.7820,9.5100,-15.630,-17.150,1.960,141,120.0
54845.00,2.1120,0.3510,9.3290,-16.980,-11.100,4.140,141,120.0
54855.00,2.1450,0.6460,9.8510,-19.150,-1.810,1.470,141,120.0
54865.00,2.1650,1.2620,10.4810,-21.790,5.690,0.120,142,120.0
54875.00,1.9640,1.2190,10.8860,-19.110,9.560,4.880,142,120.0
54885.00,1.5010,0.6200,10.8510,-16.730,13.320,10.810,142,120.0
54895.00,1.5130,0.6840,10.8350,-16.140,13.010,10.320,142,120.0
54905.00,1.4510,0.7270,10.6730,-14.200,10.990,10.990,142,120.0
54915.00,1.3660,0.7090,10.2930,-13.060,9.520,12.810,143,120.0
54925.00,1.3250,0.6500,9.9130,-12.040,9.890,14.730,143,120.0
54935.00,1.1860,0.5210,9.6070,-12.010,12.150,16.430,143,120.0
54945.00,1.0810,0.1630,9.7420,-9.510,15.440,16.850,143,120.0
54955.00,0.4350,-1.2960,10.4660,-8.630,16.070,13.680,143,120.0
54965.00,-0.5800,-0.8350,9.7490,-15.700,9.420,-5.580,144,120.0
54975.00,-1.1230,0.1160,9.8100,-1.470,11.570,-12.160,144,120.0
54985.00,0.5310,0.3290,10.2860,7.600,18.060,-6.120,144,120.0
54995.00,0.8920,0.4160,10.3440,8.000,23.820,-4.050,144,120.0
55005.00,0.7200,0.4520,10.2320,7.770,30.400,-2.480,144,120.0
55015.00,0.7150,0.5640,10.2360,8.110,35.720,0.610,145,120.0
55025.00,0.3320,0.6580,10.3530,8.790,39.750,4.000,145,120.0
55035.00,-0.1710,0.7920,10.2180,9.980,41.080,8.120,145,120.0
55045.00,-0.2470,0.8170,10.0960,13.020,41.390,13.560,145,120.0
55055.00,-0.0250,0.7320,9.9090,15.770,43.950,18.070,145,120.0
55065.00,0.0810,0.5750,9.9180,15.140,47.570,21.210,146,120.0
55075.00,0.1380,0.4970,10.0370,13.250,50.460,23.320,146,120.0
55085.00,-0.0340,0.4550,10.1350,12.480,50.670,22.610,146,120.0
55095.00,-0.2590,0.5820,10.1250,8.070,50.050,21.400,146,120.0
55105.00,-0.6790,0.7360,10.1200,8.050,50.110,18.600,146,120.0
55115.00,-0.9710,0.8500,10.3940,10.420,51.230,16.620,147,120.0
55125.00,-0.9100,0.7770,10.4550,13.550,50.110,16.010,147,120.0
55135.00,-0.7440,0.6840,10.3070,15.490,48.430,15.480,147,120.0
55145.00,-0.8150,0.6810,10.1870,14.550,48.390,13.680,147,120.0
55155.00,-0.8840,0.7220,9.8330,11.690,50.400,9.670,147,120.0
55165.00,-0.8750,0.7480,10.0070,8.020,55.250,3.460,148,120.0
55175.00,-1.0060,0.7480,10.0160,4.100,58.870,-3.930,148,120.0
55185.00,-1.1210,0.7680,10.1680,0.560,59.520,-9.990,148,120.0
55195.00,-1.3670,0.8660,9.9960,-1.890,58.090,-14.260,148,120.0
55205.00,-1.9210,0.9360,9.7720,-0.740,56.690,-15.710,148,120.0
55215.00,-2.1650,0.8230,9.9990,3.960,55.370,-16.410,149,120.0
55225.00,-1.9030,0.5670,10.1020,6.850,52.210,-19.730,149,120.0
55235.00,-1.6860,0.3720,10.2310,4.260,45.560,-26.370,149,120.0
55245.00,-1.6470,0.3250,9.7970,-1.160,34.060,-33.840,149,120.0
55255.00,-1.7180,0.2050,9.4180,-2.750,22.420,-37.040,149,120.0
55265.00,-1.5480,0.1600,9.4020,-0.410,8.330,-37.410,150,120.0
55275.00,-1.1340,-0.0750,9.2570,-0.230,-9.090,-39.740,150,120.0
55285.00,-0.2290,-0.4070,9.0620,0.070,-29.190,-41.610,150,120.0
55295.00,-0.1960,-0.3690,8.4510,-8.210,-89.550,-41.520,150,120.0
55305.00,-0.1130,-0.0030,8.2830,-23.820,-122.820,-45.060,150,120.0
55315.00,-0.4310,0.1790,7.5010,-61.780,-153.180,-55.290,151,120.0
55325.00,-0.6250,0.5280,6.9370,-57.330,-175.200,-66.700,151,120.0
55335.00,0.6990,17.5340,-4.6010,-28.070,-181.720,-50.030,151,120.0
55345.00,0.2810,4.4860,1.6050,100.940,-55.950,128.180,151,120.0
55355.00,-0.6740,-7.4420,7.4110,109.100,-5.450,181.720,151,120.0
55365.00,-0.4580,-3.8200,4.2110,2.860,-9.090,101.930,152,120.0
55375.00,-0.2210,-2.1720,4.9890,-9.100,7.840,67.950,152,120.0
55385.00,-0.1040,-1.2940,5.9550,-11.800,19.600,58.380,152,120.0
55395.00,-0.0520,-0.3190,6.7840,-15.320,24.210,52.530,152,120.0
55405.00,-0.2300,-1.1800,7.7670,-2.940,23.960,51.810,152,120.0
55415.00,-0.1440,-1.5020,7.9210,-3.500,21.210,43.060,153,120.0
55425.00,0.2660,-0.0110,8.1370,-24.560,23.490,31.040,153,120.0
55435.00,0.3930,1.0300,9.3770,-38.640,28.830,28.980,153,120.0
55445.00,0.4680,0.7130,11.0450,-31.840,26.850,31.740,153,120.0
55455.00,0.5930,0.4220,10.7880,-36.320,13.710,30.620,153,120.0
55465.00,0.8020,-0.4740,9.5910,-44.350,3.750,26.950,154,120.0
55475.00,1.3160,-3.0650,7.6570,-46.360,4.240,14.140,154,120.0
55485.00,-0.7130,0.3290,8.1330,-64.880,24.570,-16.620,154,120.0
55495.00,-0.3340,-1.2250,8.3150,-42.340,48.760,-22.110,154,120.0
55505.00,0.3570,-4.1730,7.6510,-18.960,50.460,-31.460,154,120.0
55515.00,-0.6590,-3.0070,6.9580,-19.730,57.370,-66.440,155,120.0
55525.00,-2.3090,0.2720,7.6880,-31.700,70.530,-91.830,155,120.0
55535.00,-1.6350,3.6370,9.5590,-41.500,81.380,-91.430,155,120.0
55545.00,-0.5930,4.3090,10.0790,-34.320,82.730,-63.620,155,120.0
55555.00,-0.5710,2.0390,10.7670,-20.780,84.320,-28.260,155,120.0
55565.00,-0.7560,0.4000,11.6420,-21.320,82.550,-11.000,156,120.0
55575.00,-0.8070,-0.1560,11.8620,-31.420,73.680,-6.890,156,120.0
55585.00,-1.2070,-0.5870,11.1380,-37.560,62.510,-5.470,156,120.0
55595.00,-1.4840,-0.9660,10.6680,-36.330,55.150,-6.850,156,120.0
55605.00,-1.6400,-0.7600,10.5540,-36.120,51.230,-11.020,156,120.0
55615.00,-1.6310,-0.6080,10.8890,-37.310,49.440,-15.100,157,120.0
55625.00,-1.4410,-0.1920,11.8100,-40.640,50.040,-21.240,157,120.0
55635.00,-0.5740,-0.6990,12.1080,-43.560,49.140,-26.120,157,120.0
55645.00,-1.4560,-0.5280,13.6460,-50.890,49.580,-34.260,157,120.0
55655.00,-1.7910,1.2370,14.7680,-62.860,42.250,-39.350,157,120.0
55665.00,-1.8670,1.1240,14.6350,-56.580,29.040,-27.420,158,120.0
55675.00,-2.1420,0.4710,14.7290,-47.040,21.320,-13.360,158,120.0
55685.00,-1.9200,-0.9870,13.8670,-41.300,15.320,-2.600,158,120.0
55695.00,-2.0170,-1.1280,13.2190,-21.420,11.660,6.890,158,120.0
55705.00,-2.1990,-1.3110,13.1250,-11.920,11.450,6.680,158,120.0
55715.00,-2.0510,-0.8630,13.1440,-8.790,10.100,4.060,159,120.0
55725.00,-2.0560,-0.6730,13.6110,-1.330,8.820,3.410,159,120.0
55735.00,-2.1350,-0.6290,13.5580,0.830,4.730,4.980,159,120.0
55745.00,-2.2850,-1.1330,13.4340,1.530,1.120,7.780,159,120.0
55755.00,-2.2630,-1.7740,13.6480,3.310,-1.540,8.870,159,120.0
55765.00,-2.2930,-2.2710,13.6550,4.850,-6.130,7.150,160,120.0
55776.00,-2.3760,-2.6320,12.8740,5.010,-11.730,3.110,160,120.0
55785.00,-2.5730,-2.8700,12.0570,4.400,-13.510,-1.970,160,120.0
55795.00,-2.7670,-3.2320,11.6650,7.480,-12.900,-7.550,160,120.0
55805.00,-2.7490,-3.0790,11.3760,11.060,-12.390,-14.220,160,120.0
55815.00,-2.5900,-2.6110,11.4750,11.850,-10.910,-19.400,161,120.0
55825.00,-2.4550,-1.8670,12.0390,10.840,-9.420,-22.480,161,120.0
55835.00,-2.5040,-1.3100,11.7590,10.450,-11.270,-21.620,161,120.0
55846.00,-2.5950,-1.1920,11.4680,12.150,-11.220,-17.690,161,120.0
55856.00,-2.4280,-1.0990,11.8790,14.160,-8.470,-12.870,161,120.0
55866.00,-2.3900,-1.8460,12.8180,18.660,-7.300,-7.270,162,120.0
55876.00,-2.4050,-2.7580,13.4630,26.150,-11.620,-5.720,162,120.0
55886.00,-2.3820,-3.0040,13.5550,28.210,-17.990,-9.060,162,120.0
55896.00,-2.4640,-3.2020,13.3690,35.140,-24.260,-15.220,162,120.0
55906.00,-2.4490,-3.0850,13.1310,37.650,-24.030,-17.550,162,120.0
55916.00,-2.3180,-2.5690,13.3590,37.650,-21.440,-19.170,163,120.0
55926.00,-2.1540,-1.6420,13.6400,34.810,-19.150,-18.580,163,120.0
55936.00,-2.1460,-1.0240,13.6830,33.150,-16.770,-13.190,163,120.0
55946.00,-1.9340,-0.7200,13.9230,35.200,-13.090,-5.160,163,120.0
55956.00,-1.8690,-1.2270,14.1280,42.370,-10.220,3.130,163,120.0
55966.00,-1.9010,-1.4060,14.5690,51.330,-8.180,6.190,164,120.0
55976.00,-1.7860,-0.7320,14.5470,55.130,-10.050,6.770,164,120.0
55986.00,-1.7250,-0.6110,14.4620,61.970,-14.860,10.780,164,120.0
55996.00,-1.6220,-0.8420,14.2260,66.050,-21.760,14.730,164,120.0
56006.00,-2.4440,2.5300,6.6660,79.000,-23.090,19.350,164,120.0
56016.00,-1.6190,2.0650,10.4730,110.060,35.440,50.760,165,120.0
56026.00,-1.3950,2.0740,14.2730,86.000,62.950,74.140,165,120.0
56036.00,-1.9930,1.0580,13.8600,77.690,50.950,93.670,165,120.0
56046.00,-2.4070,-1.9190,16.0950,63.580,36.390,104.170,165,120.0
56056.00,-2.8730,-2.4700,14.4290,44.230,1.860,85.870,165,120.0
56066.00,-2.7540,-0.8780,13.4620,25.330,-18.610,59.110,166,120.0
56076.00,-2.5530,-1.8140,14.0510,20.640,-31.010,37.830,166,120.0
56086.00,-2.0870,0.8070,12.4060,8.840,-46.640,11.440,166,120.0
56096.00,-1.4220,0.6140,12.1850,9.870,-61.380,0.050,166,120.0
56106.00,-1.3430,1.2640,11.8030,7.180,-70.560,-11.790,166,120.0
56116.00,-0.9910,2.4030,10.6890,5.970,-77.420,-18.460,167,120.0
56126.00,-0.8980,2.0840,10.1980,8.140,-79.260,-17.230,167,120.0
56136.00,-0.7740,2.2930,9.8480,2.770,-79.610,-18.820,167,120.0
56146.00,-0.7590,4.6450,5.5350,-2.420,-74.170,-17.690,167,120.0
56156.00,-0.3390,5.3890,6.7880,2.770,1.140,13.140,167,120.0
56166.00,-0.7560,1.6370,7.5500,9.030,19.340,46.270,168,120.0
56176.00,-0.8300,1.5750,6.3930,-15.750,32.710,44.010,168,120.0
56186.00,-0.4120,1.1060,7.2330,-20.480,49.900,40.040,168,120.0
56196.00,-0.7930,0.9300,6.0560,-23.590,56.530,34.230,168,120.0
56206.00,-0.9970,0.0990,6.2590,-18.360,61.200,27.120,168,120.0
56216.00,-0.6020,0.3480,5.6450,-9.700,60.050,13.330,169,120.0
56226.00,-0.0710,0.6340,5.4900,-0.950,64.260,3.080,169,120.0
56236.00,-0.4000,0.2060,5.4300,8.720,69.600,-0.990,169,120.0
56246.00,-0.4890,0.4010,5.2180,15.840,76.300,-3.440,169,120.0
56256.00,-0.7740,0.1380,5.7640,18.120,78.650,-4.040,169,120.0
56266.00,-0.7720,0.1360,5.5090,21.250,76.270,-9.090,170,120.0
56276.00,-0.8060,0.2420,5.4430,24.990,75.670,-15.590,170,120.0
56286.00,-0.7860,0.1100,5.6980,30.790,74.380,-18.930,170,120.0
56296.00,-0.7010,0.1360,6.2210,37.400,65.170,-25.400,170,120.0
56306.00,-0.7190,0.0110,6.2660,42.370,58.050,-30.850,170,120.0
56316.00,-0.8590,0.5690,6.7620,44.090,50.370,-40.000,171,120.0
56326.00,-0.8590,0.4610,7.1170,46.610,42.550,-45.140,171,120.0
56336.00,-1.0020,0.3090,7.2310,41.720,35.480,-48.240,171,120.0
56346.00,-1.4420,1.1120,7.5240,36.540,30.260,-50.520,171,120.0
56356.00,-1.5250,1.0070,7.7550,41.230,21.830,-44.410,171,120.0
56366.00,-1.7350,0.2830,7.3850,40.360,16.450,-41.630,172,120.0
56376.00,-2.0140,1.0420,7.7350,36.560,13.060,-44.480,172,120.0
56386.00,-2.0560,0.9460,8.1280,42.880,6.670,-43.360,172,120.0
56396.00,-2.2420,0.9730,8.7560,39.900,1.510,-43.340,172,120.0
56406.00,-2.2890,1.5940,8.4330,36.470,-5.220,-41.280,172,120.0
56416.00,-2.4550,0.8740,8.8390,37.980,-7.390,-37.580,173,120.0
56426.00,-2.5050,1.1940,9.0840,31.540,-6.580,-39.470,173,120.0
56436.00,-2.5300,1.4890,9.0100,23.540,-6.570,-38.000,173,120.0
56446.00,-2.6380,1.3360,9.4640,12.620,-5.080,-34.990,173,120.0
56456.00,-2.9280,1.7270,9.4000,-3.030,-4.360,-37.250,173,120.0
56466.00,-3.0810,1.7310,9.7200,-9.090,-4.550,-37.580,174,120.0
56476.00,-3.2090,2.0680,9.6720,-12.240,-6.390,-34.770,174,120.0
56486.00,-3.2560,1.8220,9.7600,-19.310,-4.620,-28.330,174,120.0
56496.00,-3.0670,1.2890,9.5720,-25.170,2.720,-21.400,174,120.0
56506.00,-2.9860,1.1040,9.8270,-34.580,6.320,-22.150,174,120.0
56516.00,-2.9650,0.9950,9.7690,-43.740,5.110,-20.890,175,120.0
56526.00,-2.9310,1.1880,9.8540,-46.260,1.650,-19.330,175,120.0
56536.00,-2.8890,1.0790,9.9600,-45.870,-2.210,-14.540,175,120.0
56546.00,-2.9550,1.1100,10.0390,-45.450,-5.900,-8.450,175,120.0
56556.00,-3.0660,1.0920,10.1460,-45.940,-10.210,-1.170,175,120.0
56566.00,-3.0930,0.9450,10.3250,-48.160,-14.900,4.810,176,120.0
56576.00,-3.1190,0.7260,10.4000,-52.210,-19.520,7.380,176,120.0
56586.00,-3.0490,0.6500,10.1750,-56.210,-23.070,7.660,176,120.0
56596.00,-2.9880,0.5220,9.7950,-58.030,-24.150,7.960,176,120.0
56606.00,-2.8300,0.4430,9.3450,-56.830,-21.880,8.200,176,120.0
56616.00,-2.7020,0.3580,9.0650,-52.660,-17.430,9.480,177,120.0
56626.00,-2.5830,0.2930,8.9390,-47.760,-13.220,12.680,177,120.0
56636.00,-2.4830,0.1280,9.0370,-43.490,-10.350,16.390,177,120.0
56646.00,-2.3790,0.0960,9.1090,-40.240,-10.730,18.760,177,120.0
56656.00,-2.2940,0.0950,9.0070,-37.350,-14.950,21.680,177,120.0
56666.00,-2.3580,-0.0680,8.8280,-35.770,-20.760,24.060,178,120.0
56676.00,-2.4680,-0.0640,8.5000,-36.070,-27.850,24.250,178,120.0
56686.00,-2.5720,-0.0100,8.1610,-35.550,-36.190,22.410,178,120.0
56696.00,-3.3470,0.1290,7.8200,-32.680,-61.320,18.900,178,120.0
56706.00,-2.8710,0.7830,7.7930,-28.560,-83.990,16.010,178,120.0
56716.00,-2.1360,-0.2200,7.9690,-16.280,-99.420,11.880,179,120.0
56726.00,-1.5070,-0.1960,8.2190,-12.780,-108.290,1.960,179,120.0
56736.00,-0.6930,-0.1100,8.1210,-13.130,-119.560,0.010,179,120.0
56746.00,-0.6650,-0.9670,7.3900,-5.410,-132.200,6.540,179,120.0
56756.00,-0.7400,-0.7290,7.3910,17.540,-145.220,15.730,179,120.0
56766.00,-0.4150,-0.3940,7.2920,49.370,-163.420,34.560,180,120.0
56776.00,-0.1070,-0.4000,7.8520,73.570,-188.510,59.040,180,120.0
56786.00,0.1560,-0.1890,7.5920,89.170,-232.700,86.030,180,120.0
56796.00,0.2210,-0.0020,7.3160,121.300,-277.570,118.370,180,120.0
56806.00,1.2070,0.6360,5.5380,162.180,-299.780,154.150,180,120.0
56816.00,5.5990,-10.0310,-16.1180,178.310,-251.860,178.150,181,120.0
56826.00,1.2190,-14.0900,-4.7130,98.110,-14.760,83.790,181,120.0
56836.00,-4.1130,-4.2490,12.3320,-27.810,85.470,-63.590,181,120.0
56846.00,-1.3610,3.5470,7.2460,-70.900,12.290,-136.980,181,120.0
56856.00,-0.1470,6.0580,5.0760,-59.100,-15.510,-137.400,181,120.0
56867.00,0.6670,7.1840,5.2770,-47.200,-9.870,-106.900,182,120.0
56877.00,0.8680,6.2300,5.0670,-15.530,3.800,-57.660,182,120.0
56887.00,0.5260,5.2540,0.9950,-8.540,43.840,-6.290,182,120.0
56897.00,-1.2340,-0.9720,10.3800,-29.180,128.960,14.560,182,120.0
56907.00,-1.1550,0.4520,12.7310,-48.620,172.170,-15.620,182,120.0
56917.00,-0.7570,0.2110,15.0220,-37.790,155.700,-24.830,183,120.0
56927.00,-0.1110,0.1900,16.8930,-19.170,126.650,-33.510,183,120.0
56937.00,0.2040,1.4210,15.2330,-27.510,94.220,-44.810,183,120.0
56947.00,-0.1420,2.0390,13.7880,-43.840,81.940,-42.060,183,120.0
56957.00,-0.7350,1.0860,12.2270,-47.940,82.110,-26.820,183,120.0
56967.00,-1.2610,-1.3050,12.3690,-40.430,88.400,-15.040,184,120.0
56977.00,-1.7520,-2.8530,13.6660,-35.420,89.380,-29.150,184,120.0
56987.00,-1.6980,-2.1230,13.7750,-51.540,79.840,-67.470,184,120.0
56997.00,-1.7080,0.4170,13.1610,-84.760,74.470,-106.640,184,120.0
57007.00,-1.0080,4.7280,13.2690,-118.860,81.680,-118.980,184,120.0
57017.00,0.2460,5.7040,12.9850,-109.060,90.460,-86.130,185,120.0
57027.00,-0.5190,4.3050,12.7130,-92.420,108.590,-36.640,185,120.0
57037.00,-1.2390,1.1460,16.5890,-81.800,129.430,5.880,185,120.0
57047.00,-2.1580,-1.8740,18.6830,-77.580,114.300,25.580,185,120.0
57057.00,-1.7080,-2.6290,17.4220,-70.020,78.090,25.840,185,120.0
57067.00,-2.4090,-4.0150,15.9370,-50.330,49.350,25.530,186,120.0
57077.00,-1.8990,-4.5990,15.0930,-22.190,30.730,17.670,186,120.0
57087.00,-1.8610,-4.7940,13.2020,2.030,15.020,6.980,186,120.0
57097.00,-1.9050,-3.1880,11.8710,18.060,12.570,-5.100,186,120.0
57107.00,-2.0930,-2.1400,11.7420,22.280,20.200,-23.500,186,120.0
57117.00,-2.1760,-1.0430,11.6060,19.010,22.540,-24.770,187,120.0
57127.00,-2.3960,-0.6650,11.2470,14.340,24.980,-19.370,187,120.0
57137.00,-2.5250,-0.7920,10.9380,11.200,29.890,-11.700,187,120.0
57147.00,-2.5900,-0.7320,11.3940,7.900,38.280,-6.290,187,120.0
57157.00,-2.5370,-0.9040,12.4190,5.310,44.260,-0.890,187,120.0
57167.00,-2.6100,-0.8440,13.0020,5.760,43.300,2.240,188,120.0
57177.00,-2.7420,-0.5820,12.8230,7.000,40.710,4.350,188,120.0
57187.00,-2.8330,-0.7700,13.1470,10.680,42.910,8.130,188,120.0
57197.00,-2.0940,-0.0200,13.7330,9.470,49.530,9.780,188,120.0
57207.00,-2.5860,0.0960,15.7890,10.870,59.430,17.920,188,120.0
57217.00,-3.2500,-0.5370,16.4960,16.750,53.570,28.080,189,120.0
57227.00,-3.7360,-1.2530,16.8880,22.260,40.030,33.510,189,120.0
57237.00,-4.5170,-2.3350,17.6350,29.470,23.350,34.790,189,120.0
57247.00,-4.6890,-3.0540,18.1080,40.410,-3.990,26.000,189,120.0
57257.00,-4.2560,-1.5920,17.8150,34.510,-28.270,13.030,189,120.0
57267.00,-3.8180,-1.0660,19.8480,28.490,-38.540,13.680,190,120.0
57277.00,-3.4980,-0.7210,21.3030,20.270,-56.040,19.260,190,120.0
57287.00,-3.7120,-0.5470,19.9200,9.590,-82.660,25.910,190,120.0
57297.00,-3.7910,-1.0910,18.8900,11.240,-100.190,34.730,190,120.0
57307.00,-6.6670,-9.0730,-8.7400,-34.500,-92.960,29.940,190,120.0
57317.00,-5.0900,5.6530,28.3870,-64.180,297.290,-13.400,191,120.0
57327.00,-6.7820,-0.8270,19.7150,-21.580,271.570,5.770,191,120.0
57337.00,-7.9140,2.2480,16.4030,-25.060,199.000,17.790,191,120.0
57347.00,-9.3160,3.7890,12.5320,-6.020,169.400,76.910,191,120.0
57357.00,-11.4280,-0.1440,8.5660,51.140,142.030,147.870,191,120.0
57367.00,-10.9110,-2.6020,2.8070,80.910,114.380,160.730,192,120.0
57377.00,-8.6530,-3.0280,4.3190,79.520,128.680,128.380,192,120.0
57387.00,-4.5810,-2.3940,12.1600,12.620,104.990,60.600,192,120.0
57397.00,0.5090,5.9210,4.1710,-67.830,-2.610,-9.550,192,120.0
57407.00,0.0660,1.0990,8.4860,17.940,-55.250,-16.480,192,120.0
57417.00,2.9300,7.5640,1.9260,49.060,-123.850,-30.880,193,120.0
57427.00,2.3740,3.3950,3.5090,63.230,-123.060,8.620,193,120.0
57437.00,1.9720,2.3280,5.9190,81.750,-119.810,36.430,193,120.0
57447.00,0.8230,1.9400,7.6740,66.380,-132.090,55.750,193,120.0
57457.00,-0.4670,-0.1250,6.2650,35.630,-158.130,70.520,193,120.0
57467.00,-0.0520,-0.9750,6.0550,32.430,-181.360,74.350,194,120.0
57477.00,1.0830,-8.4200,13.5870,57.810,-216.020,65.110,194,120.0
57487.00,-1.7770,-2.9350,9.8810,55.460,-327.680,-2.720,194,120.0
57497.00,-1.4540,2.1530,-0.7330,47.950,-327.680,-19.730,194,120.0
57507.00,0.8990,0.7530,1.5340,149.680,-181.010,39.900,194,120.0
57517.00,0.6590,-0.5150,1.7220,128.720,-132.220,40.440,195,120.0
57527.00,0.8130,-0.0620,3.5300,98.390,-85.140,18.110,195,120.0
57537.00,1.6130,1.3000,4.4370,83.320,-59.540,0.630,195,120.0
57547.00,1.6530,1.1050,5.0810,78.630,-45.010,1.500,195,120.0
57557.00,0.9770,0.9120,6.4640,78.070,-35.980,2.760,195,120.0
57567.00,0.6990,2.5040,5.2900,67.400,-34.510,2.710,196,120.0
57577.00,0.3340,1.6370,5.6350,59.080,-16.580,13.590,196,120.0
57587.00,0.2470,0.7710,7.9070,50.020,4.330,17.370,196,120.0
57597.00,-0.4470,-0.2930,9.3290,36.560,8.370,11.980,196,120.0
57607.00,-0.8390,-0.2360,9.4420,25.750,2.960,-0.900,196,120.0
57617.00,-0.6640,0.5340,9.0350,16.930,-2.840,-13.450,197,120.0
57627.00,-0.7020,1.2640,9.0950,16.190,-3.990,-20.240,197,120.0
57637.00,-0.4130,1.7280,9.1290,15.470,-2.730,-23.300,197,120.0
57647.00,-0.3840,2.0610,9.5310,8.400,0.460,-26.580,197,120.0
57657.00,-1.0210,2.7550,9.9610,-3.700,3.450,-30.360,197,120.0
57667.00,-1.0120,3.1410,9.9380,-9.440,3.890,-31.200,198,120.0
57677.00,-0.6640,3.4560,10.3780,-15.890,6.530,-29.150,198,120.0
57687.00,-0.7660,3.3510,10.3140,-25.540,7.320,-23.720,198,120.0
57697.00,-0.7750,2.7610,9.8790,-31.210,5.850,-17.650,198,120.0
57707.00,-0.7560,1.3140,9.6050,-49.230,8.230,-18.610,198,120.0
57717.00,-0.9120,1.5900,9.8770,-59.380,9.210,-24.650,199,120.0
57727.00,-1.0160,1.4240,9.5760,-68.250,7.090,-26.120,199,120.0
57737.00,-1.0300,1.8530,9.8480,-73.100,7.550,-27.960,199,120.0
57747.00,-0.8630,2.8570,10.1860,-75.900,8.840,-28.610,199,120.0
57757.00,-0.7690,2.7730,9.8470,-73.750,8.440,-20.500,199,120.0
57767.00,-0.5590,2.2610,9.8340,-69.410,9.260,-11.910,200,120.0
57777.00,-0.5000,2.4860,10.3460,-67.590,10.470,-9.990,200,120.0
57787.00,-0.5320,2.3110,10.5710,-66.840,9.610,-6.910,200,120.0
57797.00,-0.6310,1.5660,10.8980,-65.800,9.470,-3.580,200,120.0
57807.00,-0.6170,1.2390,11.2350,-66.630,9.100,-4.040,200,120.0
57817.00,-2.3150,4.4880,9.6750,-41.920,14.040,10.600,201,120.0
57827.00,-0.8610,-0.3490,11.1390,-14.740,21.020,40.260,201,120.0
57837.00,-0.8790,-0.2820,11.3910,-28.270,24.030,28.870,201,120.0
57847.00,-0.7880,0.0590,10.4170,-35.320,18.430,17.990,201,120.0
57857.00,-0.7040,0.1750,10.2320,-35.280,21.930,9.970,201,120.0
57867.00,-0.6130,0.5880,10.4370,-32.800,26.110,2.390,202,120.0
57877.00,-0.6890,0.9030,10.8370,-32.850,25.030,-1.310,202,120.0
57888.00,-0.6690,0.6140,10.2530,-28.480,21.410,-1.690,202,120.0
57898.00,-0.6540,0.8190,10.4970,-26.180,22.630,-4.050,202,120.0
57908.00,-0.8070,1.0460,11.7670,-26.110,18.570,-7.570,202,120.0
57918.00,-0.7860,0.6400,10.8250,-21.670,10.330,-5.230,203,120.0
57928.00,-0.8250,0.5870,10.7660,-15.320,7.650,-3.420,203,120.0
57938.00,-0.8000,0.5810,10.5950,-9.210,5.520,-2.200,203,120.0
57948.00,-0.7750,0.6260,10.4420,-3.680,5.620,-1.040,203,120.0
57958.00,-1.0860,-0.5040,10.4470,1.610,8.110,-0.660,203,120.0
57968.00,-1.1770,-0.3010,11.4280,2.030,7.930,-10.810,204,120.0
57978.00,-0.9510,0.6580,11.5920,4.900,-1.320,-18.090,204,120.0
57988.00,-1.1820,0.7900,10.7620,12.570,-10.050,-14.540,204,120.0
57998.00,-1.1760,0.9530,10.7240,25.830,-11.380,-9.790,204,120.0
58008.00,-0.9420,1.0430,10.8030,36.400,-14.550,-7.030,204,120.0
58018.00,-0.6060,1.0570,10.2950,43.530,-19.880,-5.170,205,120.0
58028.00,-0.5150,0.7080,9.7720,44.980,-21.560,-2.440,205,120.0
58038.00,-0.3700,0.8430,9.2920,42.950,-20.360,-2.550,205,120.0
58048.00,-0.2820,1.7040,9.1530,39.050,-16.790,-2.290,205,120.0
58058.00,-0.3240,1.7750,9.5270,33.200,-12.690,5.460,205,120.0
58068.00,-0.3360,1.1550,9.8940,30.870,-12.170,11.650,206,120.0
58078.00,-0.3840,1.3600,10.0110,25.550,-13.290,10.850,206,120.0
58088.00,-0.3520,1.6110,9.8900,22.610,-14.970,11.480,206,120.0
58098.00,-0.2840,1.5340,9.7600,22.050,-16.100,14.350,206,120.0
58108.00,-0.2840,1.2220,9.4120,22.330,-15.680,16.310,206,120.0
58118.00,-0.3630,0.9370,9.2660,22.190,-14.200,15.970,207,120.0
58128.00,-0.2110,0.6320,9.1840,20.640,-12.030,14.330,207,120.0
58138.00,-0.2510,0.4210,9.1360,14.790,-8.280,10.670,207,120.0
58148.00,-0.2830,0.8070,9.6200,9.310,-3.910,5.230,207,120.0
58158.00,-0.3050,1.2330,9.8870,6.010,-2.650,1.870,207,120.0
58168.00,-0.2970,1.1100,9.8630,6.600,-3.350,1.920,208,120.0
58178.00,-0.3960,1.0060,9.8590,5.710,-3.260,0.990,208,120.0
58188.00,-0.3730,1.3780,10.2770,4.150,-2.380,-1.640,208,120.0
58198.00,-0.3010,1.7040,10.5910,1.980,-3.570,-2.130,208,120.0
58208.00,-0.4420,1.7190,10.6980,-0.740,-6.230,-0.680,208,120.0
58218.00,-0.3500,1.7910,10.6310,-2.790,-9.770,0.490,209,120.0
58228.00,-0.1980,1.8400,10.5730,-4.500,-12.760,1.990,209,120.0
58238.00,-0.1260,1.5940,10.3860,-6.930,-16.050,4.250,209,120.0
58248.00,-0.4110,1.7570,8.9180,-8.000,-17.540,5.530,209,120.0
58258.00,-0.2470,1.0670,9.7190,1.650,-6.860,8.710,209,120.0
58268.00,-0.1630,1.3480,10.1150,8.750,-1.700,9.220,210,120.0
58278.00,-0.1410,1.4200,10.1270,14.210,1.330,11.350,210,120.0
58288.00,-0.1480,1.4660,10.0570,13.530,7.040,12.770,210,120.0
58298.00,-0.1750,1.4940,9.9520,11.940,9.420,12.580,210,120.0
58308.00,-0.1980,1.5150,9.9730,8.110,8.580,11.510,210,120.0
58318.00,-0.1960,1.5320,9.9400,6.080,7.790,11.420,211,120.0
58328.00,-0.2210,1.5420,9.9230,3.540,5.970,11.060,211,120.0
58338.00,-0.2000,1.5400,9.9240,1.210,2.840,10.570,211,120.0
58348.00,-0.2110,1.5230,9.9560,0.020,0.180,10.090,211,120.0
58358.00,-0.1990,1.5340,9.9740,-0.420,-1.560,10.320,211,120.0
58368.00,-0.1930,1.5320,9.9970,-0.560,-2.490,11.040,212,120.0
58378.00,-0.1790,1.5430,10.0030,-0.250,-2.490,11.410,212,120.0
58388.00,-0.1630,1.5600,10.0100,-0.320,-1.790,11.130,212,120.0
58398.00,-0.1600,1.5500,10.0120,-0.480,-0.860,10.360,212,120.0
58408.00,-0.1470,1.5500,9.9970,-0.600,0.090,9.530,212,120.0
58418.00,-0.1570,1.5440,9.9810,0.090,0.090,9.100,213,120.0
58428.00,-0.1620,1.5440,9.9920,1.050,-0.510,8.890,213,120.0
58438.00,-0.4110,0.7340,10.3260,1.580,-1.580,6.660,213,120.0
58448.00,-0.0200,1.8840,9.8340,1.810,-3.870,0.560,213,120.0
58458.00,-0.1530,1.5050,9.9900,3.520,-2.560,1.550,213,120.0
58468.00,-0.0990,1.6040,9.9780,4.200,-2.050,0.570,214,120.0
58478.00,-0.1180,1.6100,10.0060,4.100,-0.860,-0.060,214,120.0
58488.00,-0.1120,1.6270,10.0150,3.960,0.350,-0.730,214,120.0
58498.00,-0.0710,1.8040,9.9580,4.170,1.560,-0.450,214,120.0
58508.00,-0.1660,1.5300,10.0520,4.570,3.330,-0.820,214,120.0
58518.00,-0.0930,1.7520,9.9320,3.660,4.200,-1.970,215,120.0
58528.00,-0.1120,1.7280,9.9030,4.310,3.920,-1.180,215,120.0
58538.00,-0.1220,1.6840,9.8900,5.220,3.050,-0.170,215,120.0
58548.00,-0.1670,1.6150,9.9260,5.310,1.420,0.750,215,120.0
58558.00,-0.1500,1.6460,9.9500,5.290,-0.810,1.130,215,120.0
58568.00,-0.1350,1.6730,9.9680,4.830,-2.240,0.800,216,120.0
58578.00,-0.1420,1.6720,9.9630,3.350,-2.280,-0.310,216,120.0
58588.00,-0.1300,1.6610,9.9660,1.180,-2.310,-0.940,216,120.0
58598.00,-0.1250,1.6510,9.9580,-0.270,-2.580,-1.100,216,120.0
58608.00,-0.1250,1.6390,9.9540,-1.230,-2.960,-0.570,216,120.0
58618.00,-0.1160,1.6430,9.9610,-1.420,-3.610,0.010,217,120.0
58628.00,-0.1040,1.6330,9.9600,-1.960,-4.130,0.330,217,120.0
58638.00,-0.1100,1.6230,9.9520,-2.450,-5.030,1.010,217,120.0
58648.00,-0.0880,1.6420,9.9780,-3.450,-5.570,1.940,217,120.0
58658.00,-0.0780,1.6290,9.9940,-4.660,-5.150,2.480,217,120.0
58668.00,-0.0690,1.6230,10.0130,-6.250,-3.430,2.710,218,120.0
58678.00,-0.0590,1.6180,10.0220,-7.460,-1.330,2.690,218,120.0
58688.00,-0.0570,1.5930,10.0180,-7.670,0.830,2.570,218,120.0
58698.00,-0.0690,1.5730,10.0170,-7.040,2.420,2.940,218,120.0
58708.00,-0.0650,1.5810,10.0390,-6.200,3.870,3.920,218,120.0
58718.00,-0.0770,1.5930,10.0280,-3.170,8.040,4.230,219,120.0
58728.00,-0.0960,1.5630,10.0180,-2.420,10.010,3.510,219,120.0
58738.00,-0.1190,1.5580,10.0050,-1.070,11.400,3.360,219,120.0
58748.00,-0.1330,1.5680,9.9880,0.840,11.890,3.480,219,120.0
58758.00,-0.1550,1.5640,9.9680,3.100,11.800,3.530,219,120.0
58768.00,-0.1650,1.5860,9.9940,4.430,11.220,3.810,220,120.0
58778.00,-0.1830,1.6040,10.0170,4.690,11.640,3.830,220,120.0
58788.00,-0.2000,1.6010,10.0090,4.100,13.650,3.150,220,120.0
58798.00,-0.2160,1.6130,9.9860,4.610,14.760,2.780,220,120.0
58808.00,-0.2730,1.9680,11.2920,3.820,11.430,3.320,220,120.0
58818.00,-0.2120,1.5450,9.6530,4.610,0.490,5.960,221,120.0
58828.00,-0.2020,1.6780,9.8580,5.900,2.190,5.600,221,120.0
58838.00,-0.2360,1.6310,9.7440,6.270,2.580,4.650,221,120.0
58848.00,-0.2320,1.6630,9.7410,6.220,3.000,3.600,221,120.0
58858.00,-0.2510,1.5050,9.5710,5.850,3.280,3.090,221,120.0
58868.00,-0.2520,1.6230,9.8110,5.550,3.400,2.270,222,120.0
58878.00,-0.2590,1.5980,9.7960,5.600,2.120,2.360,222,120.0
58888.00,-0.2440,1.6980,9.9030,4.900,1.090,2.170,222,120.0
58898.00,-0.2380,1.7140,9.9250,2.730,-0.300,1.890,222,120.0
58908.00,-0.2400,1.7150,9.9250,1.070,-1.420,1.130,222,120.0
58919.00,-0.2320,1.7120,9.9310,-0.350,-3.380,-0.130,223,120.0
58929.00,-0.2280,1.7020,9.9230,-1.630,-4.620,-0.290,223,120.0
58939.00,-0.2050,1.7080,9.9420,-2.930,-5.670,-0.500,223,120.0
58949.00,-0.1990,1.6970,9.9550,-4.410,-5.920,-0.960,223,120.0
58959.00,-0.1910,1.6660,9.9620,-5.830,-5.740,-1.340,223,120.0
58969.00,-0.1800,1.6650,9.9840,-6.620,-5.410,-1.180,224,120.0
58979.00,-0.1730,1.6650,9.9960,-6.740,-4.640,-1.100,224,120.0
58989.00,-0.1620,1.6410,10.0060,-7.000,-3.010,-0.970,224,120.0
58999.00,-0.1560,1.6370,9.9880,-6.340,-1.490,-1.010,224,120.0
59009.00,-0.1540,1.6240,9.9900,-5.970,-0.250,-1.100,224,120.0
59019.00,-0.1530,1.6220,10.0060,-5.480,0.770,-1.030,225,120.0
59029.00,-0.1630,1.6130,10.0160,-4.310,2.050,-1.240,225,120.0
59039.00,-0.1590,1.5820,10.0090,-2.660,3.330,-1.010,225,120.0
59049.00,-0.1660,1.5980,10.0030,-0.720,4.400,-0.310,225,120.0
59059.00,-0.1830,1.5900,9.9900,0.410,5.620,0.570,225,120.0
59069.00,-0.1890,1.5960,9.9920,0.770,6.760,1.550,226,120.0
59079.00,-0.1980,1.6090,9.9820,1.230,7.630,2.320,226,120.0
59089.00,-0.2050,1.6210,9.9760,1.070,8.440,2.340,226,120.0
59099.00,-0.2120,1.6650,9.9880,0.860,9.050,2.430,226,120.0
59109.00,-0.0770,2.2030,9.9430,1.560,9.330,4.630,226,120.0
59119.00,-0.2270,1.7450,10.1000,2.090,9.680,6.630,227,120.0
59129.00,-0.3080,1.5070,9.9430,3.120,9.590,7.190,227,120.0
59139.00,-0.3260,1.4540,9.8620,4.430,9.590,6.540,227,120.0
59149.00,-0.3190,1.5200,9.8400,5.570,9.300,5.960,227,120.0
59159.00,-0.3120,1.6290,9.8990,6.270,8.820,5.560,227,120.0
59169.00,-0.3170,1.6740,9.9010,6.760,7.320,5.320,228,120.0
59179.00,-0.3170,1.6900,9.8690,6.370,4.710,5.390,228,120.0
59189.00,-0.3170,1.6970,9.8950,5.480,1.440,5.720,228,120.0
59199.00,-0.3080,1.7210,9.9050,4.610,-1.370,5.860,228,120.0
59209.00,-0.3170,1.7150,9.8960,3.350,-3.520,5.680,228,120.0
59219.00,-0.2940,1.7270,9.8830,1.460,-6.040,6.000,229,120.0
59229.00,-0.2750,1.7260,9.8870,-0.350,-8.810,6.120,229,120.0
59239.00,-0.2650,1.7070,9.8790,-1.950,-11.970,6.070,229,120.0
59249.00,-0.2420,1.6860,9.8410,-2.660,-15.700,6.730,229,120.0
59259.00,-0.2160,1.6570,9.7860,-4.830,-20.790,8.380,229,120.0
59269.00,-0.1620,1.6640,9.6820,-9.840,-28.040,10.950,230,120.0
59279.00,-0.0820,1.7030,9.4860,-19.880,-39.520,13.030,230,120.0
59289.00,0.0030,1.6400,9.3110,-29.890,-58.090,12.740,230,120.0
59299.00,0.5970,1.0810,1.0100,-25.400,-60.150,10.970,230,120.0
59309.00,-0.1480,0.2080,5.8390,-14.460,16.300,0.960,230,120.0
59319.00,0.2870,1.6360,5.2700,-13.230,27.720,-13.430,231,120.0
59329.00,-0.0690,-0.0070,3.5780,2.910,34.040,1.800,231,120.0
59339.00,-0.4490,-0.9700,1.5660,30.580,49.040,18.200,231,120.0
59349.00,-0.3440,-1.1970,-0.1930,66.450,67.800,35.450,231,120.0
59359.00,-0.4520,-2.9400,-2.9310,99.470,94.570,51.590,231,120.0
59369.00,-0.3850,-1.2380,0.1180,112.350,123.890,51.990,232,120.0
59379.00,2.6240,-8.7500,-0.9410,96.740,94.780,52.180,232,120.0
59389.00,-4.3070,-18.2140,3.2600,-65.940,79.520,-99.670,232,120.0
59399.00,-2.1340,14.5510,-4.8950,-135.260,122.350,-256.840,232,120.0
59409.00,-0.2120,10.6240,-2.5540,9.370,168.420,-102.510,232,120.0
59419.00,-2.3400,2.3070,0.6120,32.240,201.080,0.150,233,120.0
59429.00,-5.0460,3.4970,1.7200,-26.800,210.300,-2.650,233,120.0
59439.00,-5.9680,7.7220,5.7170,-68.600,230.620,-27.660,233,120.0
59449.00,-7.6450,12.5530,13.2550,-105.070,249.330,-30.110,233,120.0
59459.00,-8.3780,12.1540,16.2060,-132.530,225.140,15.400,233,120.0
59469.00,-9.2240,6.1720,16.1610,-143.070,198.280,73.500,234,120.0
59479.00,-9.8960,0.7500,16.7790,-142.120,188.900,97.210,234,120.0
59489.00,-10.8580,-3.7250,15.8540,-121.610,177.240,94.620,234,120.0
59499.00,-10.6570,-4.7530,16.2580,-85.890,160.860,78.130,234,120.0
59509.00,-8.7820,-3.9310,17.0010,-55.410,135.680,53.200,234,120.0
59519.00,-6.6260,2.5740,14.4400,-62.950,84.210,13.420,235,120.0
59529.00,-5.9060,3.0240,14.1170,-56.980,72.890,25.510,235,120.0
59539.00,-5.8860,2.0730,15.1780,-50.420,64.020,41.960,235,120.0
59549.00,-5.7350,-0.1390,16.1570,-34.920,45.280,53.070,235,120.0
59559.00,-6.3030,-1.9350,15.6880,-21.980,15.370,49.240,235,120.0
59569.00,-6.4670,-2.1170,12.5860,-15.700,-15.880,34.190,236,120.0
59579.00,-6.3500,-1.3800,10.7830,-10.640,-24.080,16.940,236,120.0
59589.00,-5.9710,0.2410,13.6760,-2.580,-20.570,2.640,236,120.0
59599.00,-6.1430,0.9850,28.3270,49.740,-129.310,-1.030,236,120.0
59609.00,-6.0670,-0.3610,8.5380,9.700,-229.080,-1.690,236,120.0
59619.00,-5.2850,0.0440,11.6810,17.730,-204.740,-7.260,237,120.0
59629.00,-4.4620,0.4960,10.7310,17.140,-181.860,-10.510,237,120.0
59639.00,-3.7420,0.3550,11.1110,17.070,-148.680,-8.880,237,120.0
59649.00,-3.3730,0.4160,10.7070,13.900,-113.390,-2.360,237,120.0
59659.00,-3.1690,0.4900,10.5120,16.230,-79.800,5.320,237,120.0
59669.00,-2.8330,0.6530,10.3680,18.890,-50.000,11.900,238,120.0
59679.00,-2.8060,0.6550,10.4130,20.410,-23.050,16.550,238,120.0
59689.00,-2.9070,-0.2410,10.3170,13.440,-3.470,15.690,238,120.0
59699.00,-3.0340,-0.5620,10.0760,-2.930,9.650,2.040,238,120.0
59709.00,-3.0110,0.5790,9.8480,-12.430,18.330,-8.970,238,120.0
59719.00,-3.1530,0.1360,9.4890,-11.960,26.500,2.830,239,120.0
59729.00,-3.3730,0.2890,9.8820,-23.540,29.510,-7.680,239,120.0
59739.00,-3.1340,2.1630,9.3520,-24.700,28.510,-12.750,239,120.0
59749.00,-3.4480,-0.0080,9.6810,-21.690,27.780,-3.670,239,120.0
59759.00,-3.3570,1.4120,9.0350,-22.950,26.380,-11.300,239,120.0
59769.00,-3.4540,0.7510,9.6570,-21.740,25.410,-10.650,240,120.0
59779.00,-3.5950,1.4830,9.0370,-21.480,20.300,-11.910,240,120.0
59789.00,-3.6880,0.7650,8.7640,-18.100,19.030,-8.480,240,120.0
59799.00,-3.7130,1.3710,9.2920,-15.280,16.210,-10.350,240,120.0
59809.00,-3.8110,1.7330,8.7240,-15.820,11.260,-8.590,240,120.0
59819.00,-3.9170,0.7900,9.1090,-14.770,7.620,-3.830,241,120.0
59829.00,-4.1970,0.8870,7.7380,-17.140,3.800,-3.550,241,120.0
59839.00,-4.1080,-0.1420,9.3020,-15.230,8.350,-2.300,241,120.0
59849.00,-4.0580,0.7720,8.7690,-12.670,-1.490,-6.850,241,120.0
59859.00,-4.0570,0.2090,8.8210,-13.150,-1.610,-4.600,241,120.0
59869.00,-4.0110,0.2110,9.3300,-7.600,-2.790,-5.730,242,120.0
59879.00,-3.9940,0.1540,9.3610,-4.960,-7.860,-6.430,242,120.0
59889.00,-3.9000,0.2750,9.4150,-2.490,-11.500,-6.730,242,120.0
59899.00,-3.9070,0.1010,9.5230,-2.160,-14.490,-6.490,242,120.0
59909.00,-3.7860,0.1530,9.5220,-0.490,-16.840,-5.910,242,120.0
59919.00,-3.5830,0.2270,9.5790,2.190,-17.590,-4.190,243,120.0
59929.00,-3.5500,0.1840,9.6290,3.280,-16.090,-2.830,243,120.0
59940.00,-3.6130,0.1560,9.5840,4.890,-14.300,-1.040,243,120.0
59950.00,-3.6330,0.1750,9.3260,6.220,-14.210,1.150,243,120.0
59960.00,-3.5820,0.2840,9.2560,8.320,-15.050,3.440,243,120.0
59970.00,-3.4940,0.4760,9.1580,8.580,-16.440,4.930,244,120.0
59980.00,-3.4600,0.4950,9.1740,6.480,-18.970,5.890,244,120.0
59990.00,-3.2480,0.5270,9.4620,3.710,-20.320,6.170,244,120.0
60000.00,-3.0800,0.5550,9.7500,2.230,-21.160,5.540,244,120.0
60010.00,-2.9790,0.6300,9.6560,2.020,-20.740,4.140,244,120.0
60020.00,-2.9120,0.5860,9.6630,2.960,-17.990,2.740,245,120.0
60030.00,-2.9820,0.5930,9.4880,4.100,-14.790,1.360,245,120.0
60040.00,-2.9990,0.5680,9.4400,5.710,-11.610,-0.170,245,120.0
60050.00,-3.2200,0.4150,9.3750,7.230,-10.030,-2.180,245,120.0
60060.00,-3.3640,0.3400,9.4150,10.190,-11.830,-3.970,245,120.0
60070.00,-3.3280,0.4790,9.4550,11.500,-16.300,-5.590,246,120.0
60080.00,-3.3150,0.5730,9.5940,10.120,-20.180,-7.850,246,120.0
60090.00,-3.3690,0.4310,9.7390,8.390,-22.600,-10.910,246,120.0
60100.00,-3.2010,0.4170,10.0530,7.700,-22.350,-13.430,246,120.0
60110.00,-3.1830,0.3720,10.1890,2.770,-18.270,-14.410,246,120.0
60120.00,-3.3200,0.4090,10.7370,-2.910,3.570,-17.110,247,120.0
60130.00,-3.5670,0.4710,11.2530,-16.090,21.390,-20.820,247,120.0
60140.00,-3.2940,0.8820,12.2110,-28.830,45.630,-27.770,247,120.0
60150.00,-3.2310,1.8240,14.7330,-48.040,85.860,-33.790,247,120.0
60160.00,-2.3760,9.9870,23.5310,-38.570,148.140,-15.640,247,120.0
60170.00,-2.4090,15.0410,32.6590,19.660,106.790,66.920,248,120.0
60180.00,-4.1770,3.0020,32.7670,80.630,-64.210,190.680,248,120.0
60190.00,-7.5960,-5.0650,22.5350,53.150,-181.530,195.840,248,120.0
60200.00,-7.7710,-2.1710,18.3810,43.740,-207.330,126.770,248,120.0
60210.00,-6.5500,-2.0760,19.8930,74.050,-204.860,98.570,248,120.0
60220.00,-6.9490,-2.8120,24.6230,110.500,-210.320,86.170,249,120.0
60230.00,-6.8840,-1.3310,21.8580,121.720,-260.740,68.490,249,120.0
60240.00,-6.8320,1.4270,14.8790,139.810,-307.320,49.630,249,120.0
60250.00,-7.0190,2.3490,10.1160,153.920,-316.470,45.370,249,120.0
60260.00,-7.0270,0.7820,6.6000,148.070,-305.130,49.960,249,120.0
60270.00,-5.7230,-1.3170,3.3330,140.690,-280.740,43.780,250,120.0
60280.00,-4.8370,-2.8520,3.0490,147.740,-243.100,33.540,250,120.0
60290.00,-4.4880,-2.1400,1.2110,137.220,-212.940,16.100,250,120.0
60300.00,-2.2890,-1.3590,1.1970,126.700,-181.640,1.430,250,120.0
60310.00,0.0110,-1.1040,1.7500,121.350,-159.850,-0.960,250,120.0
60320.00,2.4870,1.2660,1.7670,69.270,-129.590,-12.090,251,120.0
60330.00,2.5830,2.0550,1.9960,23.070,-114.680,-16.460,251,120.0
60340.00,2.6690,2.8350,3.1080,-0.020,-104.880,-13.420,251,120.0
60350.00,2.7030,0.1670,3.0380,-9.440,-104.640,3.220,251,120.0
60360.00,1.5210,-0.2820,2.0650,-28.720,-101.680,-1.450,251,120.0
60370.00,-0.9020,0.3050,0.5650,-35.530,-93.820,-17.690,252,120.0
60380.00,-0.2540,2.2920,-1.1370,-25.500,-79.540,-37.900,252,120.0
60390.00,2.7990,4.5370,1.1340,-5.970,-48.690,-45.020,252,120.0
60400.00,3.0260,4.2040,3.6090,-3.290,-26.030,-30.920,252,120.0
60410.00,3.1140,5.3020,3.4910,-13.920,-19.430,-22.030,252,120.0
60420.00,3.6550,5.6030,4.1020,-19.290,-6.880,-9.570,253,120.0
60430.00,3.5370,3.7190,5.0210,-19.290,8.210,7.870,253,120.0
60440.00,3.6200,2.8350,6.1800,-21.270,20.440,12.670,253,120.0
60450.00,3.6460,2.0530,7.3950,-23.930,29.470,13.960,253,120.0
60460.00,2.9730,0.3270,8.4260,-27.500,34.150,15.190,253,120.0
60470.00,1.9330,-0.7150,8.6200,-26.240,32.610,6.520,254,120.0
60480.00,0.6490,-1.2980,8.3640,-21.390,28.210,-9.340,254,120.0
60490.00,0.7940,1.3890,8.1340,-24.280,24.290,-32.880,254,120.0
60500.00,2.0550,7.7330,9.1840,-29.700,26.340,-47.930,254,120.0
60510.00,3.0920,7.9080,10.1710,-21.200,24.630,-20.290,254,120.0
60520.00,2.6080,2.6000,8.8530,-13.990,17.770,13.350,255,120.0
60530.00,2.6100,2.5610,9.2630,-15.930,15.810,13.210,255,120.0
60540.00,2.4980,1.7980,9.8150,-16.790,15.790,12.680,255,120.0
60550.00,1.9650,0.8030,9.6750,-20.690,11.540,10.510,255,120.0
60560.00,1.6780,0.8990,9.0730,-26.500,8.650,0.840,255,120.0
60570.00,2.0820,2.4960,10.3770,-32.200,12.250,-9.410,256,120.0
60580.00,2.2630,3.9510,10.7590,-45.350,9.700,-9.320,256,120.0
60590.00,2.2040,3.5650,10.7840,-49.280,4.760,-1.310,256,120.0
60600.00,2.3120,3.2390,11.2460,-48.040,-0.180,2.340,256,120.0
60610.00,2.4390,3.2980,11.2510,-46.340,-7.490,2.920,256,120.0
60620.00,2.3580,2.9220,10.7700,-41.090,-14.250,5.020,257,120.0
60630.00,2.4770,2.9090,10.4420,-33.460,-17.490,5.190,257,120.0
60640.00,2.5850,2.1360,10.2110,-25.940,-19.100,6.860,257,120.0
60650.00,2.5190,1.4210,9.6200,-25.410,-19.550,6.210,257,120.0
60660.00,2.5010,1.4500,9.4760,-29.110,-16.470,1.870,257,120.0
60670.00,2.5530,1.4100,9.5730,-33.530,-13.090,-0.990,258,120.0
60680.00,2.6760,1.7930,9.6640,-39.820,-11.270,-3.630,258,120.0
60690.00,2.5080,2.4920,9.6090,-47.800,-10.280,-4.420,258,120.0
60700.00,2.3370,2.6480,9.5670,-47.570,-9.070,-1.800,258,120.0
60710.00,2.2550,2.5060,9.3360,-40.590,-8.320,1.710,258,120.0
60720.00,2.4940,2.1320,9.0120,-29.930,-7.510,4.140,259,120.0
60730.00,2.5220,1.8720,8.9640,-22.980,-2.910,4.560,259,120.0
60740.00,2.5330,1.5630,8.9870,-20.480,-0.480,4.350,259,120.0
60750.00,2.5500,1.3890,9.1900,-19.460,2.070,2.730,259,120.0
60760.00,2.5480,1.4210,9.2700,-20.300,3.540,0.190,259,120.0
60770.00,2.5730,1.5440,9.5830,-20.930,5.270,-1.520,260,120.0
60780.00,2.3890,1.5270,9.4670,-20.970,5.310,-2.230,260,120.0
60790.00,2.3300,1.5610,9.0140,-16.540,5.340,-3.200,260,120.0
60800.00,2.3610,2.0360,9.4710,-8.890,8.510,-4.370,260,120.0
60810.00,2.4270,2.2300,9.3870,-1.540,8.190,-3.460,260,120.0
60820.00,2.5510,2.1690,9.0660,6.690,7.390,-2.230,261,120.0
60830.00,2.6270,2.0960,9.1700,12.240,9.510,-1.480,261,120.0
60840.00,2.8160,1.9140,9.3880,15.000,11.890,-0.760,261,120.0
60850.00,2.6600,0.9570,9.4570,16.190,12.990,1.270,261,120.0
60860.00,2.5590,1.1180,9.6010,12.810,13.410,-1.660,261,120.0
60870.00,2.5860,1.6360,9.6490,9.940,12.830,-4.230,262,120.0
60880.00,2.5080,1.8260,9.5520,6.930,12.170,-3.280,262,120.0
60890.00,2.4890,2.1100,9.6500,4.850,12.010,-2.110,262,120.0
60900.00,2.5230,2.4930,10.1090,2.170,11.620,0.500,262,120.0
60910.00,2.4690,2.1950,10.4500,3.630,9.050,4.690,262,120.0
60920.00,2.3060,2.1320,10.3580,6.460,4.750,6.240,263,120.0
60930.00,2.5600,1.9340,10.1440,16.240,-0.880,8.470,263,120.0
60940.00,2.6470,1.4830,9.9540,16.300,-1.790,8.960,263,120.0
60951.00,2.6150,1.1420,9.8760,13.130,-1.860,7.840,263,120.0
60960.00,2.6000,1.1470,9.8100,7.630,-2.260,5.440,263,120.0
60971.00,2.4840,1.5760,9.5540,1.470,-2.370,2.600,264,120.0
60981.00,2.5100,1.8690,9.4660,-1.070,-2.440,1.920,264,120.0
60991.00,2.6110,2.3220,9.6230,-3.010,-2.420,2.170,264,120.0
61001.00,2.5850,2.1290,9.4690,-1.670,-3.820,4.700,264,120.0
61011.00,2.5440,2.0680,9.1880,0.110,-4.540,5.670,264,120.0
61021.00,2.6830,2.2940,9.3180,0.300,-3.770,5.540,265,120.0
61031.00,2.7390,1.9940,9.4710,-0.060,-3.490,7.610,265,120.0
61041.00,2.8220,1.7880,9.4810,-2.730,-3.920,8.190,265,120.0
61051.00,2.8550,2.1220,9.6350,-8.720,-3.520,7.010,265,120.0
61061.00,2.8350,2.1170,9.9520,-13.620,-3.400,7.990,265,120.0
61071.00,2.8130,2.0320,10.1970,-17.840,-4.960,8.570,266,120.0
61081.00,2.8300,2.5610,10.5290,-23.680,-6.270,7.800,266,120.0
61091.00,2.8800,2.5680,10.6180,-25.130,-8.390,10.340,266,120.0
61101.00,2.8920,1.8220,10.3960,-22.470,-11.850,13.650,266,120.0
61111.00,2.9410,1.7140,10.1280,-22.540,-14.250,12.810,266,120.0
61121.00,2.2920,-0.2140,4.0210,-30.820,-5.690,7.470,267,120.0
61131.00,2.8770,1.9450,10.0950,-30.090,19.030,6.030,267,120.0
61141.00,2.5380,1.5680,9.9490,-29.320,12.460,11.320,267,120.0
61151.00,2.4620,1.0990,8.7780,-26.780,9.190,13.310,267,120.0
61161.00,2.0350,0.1010,8.6510,-26.250,13.900,13.350,267,120.0
61171.00,1.9940,-0.1780,9.5060,-22.890,16.980,4.840,268,120.0
61181.00,2.2310,0.8390,9.1280,-21.740,14.020,-9.390,268,120.0
61191.00,2.0470,1.4970,9.1230,-19.460,12.450,-12.470,268,120.0
61201.00,2.0470,2.6240,9.0170,-15.670,9.540,-5.440,268,120.0
61211.00,1.5670,1.2640,9.0790,-6.020,5.620,7.920,268,120.0
61221.00,1.6110,0.6620,8.7270,6.040,-1.140,11.180,269,120.0
61231.00,1.7690,1.2280,8.1780,7.620,-4.850,12.510,269,120.0
61241.00,1.7140,2.0250,7.3000,11.690,-6.130,26.180,269,120.0
61251.00,0.6220,-1.9540,5.6590,26.100,-9.610,53.300,269,120.0
61261.00,-0.4820,-6.7160,2.9160,44.240,-2.910,44.850,269,120.0
61271.00,-0.8090,-5.1980,4.4690,27.920,23.800,-6.630,270,120.0
61281.00,-0.3870,-2.0020,5.6500,28.860,37.840,-40.860,270,120.0
61291.00,0.2410,-3.0400,4.0570,77.280,43.490,-28.120,270,120.0
61301.00,-0.4160,-9.3050,3.0480,136.100,57.840,-6.890,270,120.0
61311.00,-0.9840,-14.6060,1.0750,134.230,75.170,-43.250,270,120.0
61321.00,-2.5140,-11.4620,1.3850,70.720,108.080,-142.810,271,120.0
61331.00,-3.4480,2.2080,2.5680,3.590,164.220,-253.200,271,120.0
61341.00,-2.8410,5.0240,3.1890,-6.460,181.360,-239.740,271,120.0
61351.00,-3.4080,7.2590,3.4700,-19.060,196.550,-218.850,271,120.0
61361.00,-3.7840,8.1420,-0.3250,-42.320,226.540,-195.920,271,120.0
61371.00,-5.0410,8.9820,4.8880,-56.830,291.240,-174.660,272,120.0
61381.00,-4.3860,10.5060,9.5800,-64.600,310.370,-146.870,272,120.0
61391.00,-5.0420,5.2910,8.6810,-63.370,290.150,-115.580,272,120.0
61401.00,-4.9990,6.7210,9.4340,-58.330,286.860,-136.950,272,120.0
61411.00,-5.1580,10.4360,11.9640,-90.020,286.410,-148.500,272,120.0
61421.00,-4.8900,11.3080,13.9720,-98.480,272.950,-116.540,273,120.0
61431.00,-5.3880,9.1270,16.8870,-109.030,261.930,-67.210,273,120.0
61441.00,-6.0230,4.8590,19.6910,-85.950,232.460,-26.370,273,120.0
61451.00,-6.3790,0.8200,18.2690,-56.480,182.910,-14.410,273,120.0
61461.00,-5.9700,0.2360,17.2720,-48.530,148.040,-28.680,273,120.0
61471.00,-5.2640,1.1900,16.1700,-47.320,121.700,-39.490,274,120.0
61481.00,-5.3440,0.9400,14.6500,-39.130,99.120,-38.020,274,120.0
61491.00,-5.3740,0.4000,13.5970,-39.050,84.000,-38.810,274,120.0
61501.00,-5.3950,1.2580,12.6140,-46.750,74.170,-44.250,274,120.0
61511.00,-5.5420,2.7800,12.1680,-55.570,69.410,-40.590,274,120.0
61521.00,-5.8090,2.5590,12.3150,-51.160,64.530,-20.980,275,120.0
61531.00,-5.2760,1.7100,13.9200,-29.300,55.930,9.800,275,120.0
61541.00,-5.2300,1.4120,15.0490,-21.670,47.800,21.940,275,120.0
61551.00,-5.2830,0.3480,15.4040,-10.850,31.210,33.510,275,120.0
61561.00,-5.4580,-1.1600,14.0930,-1.090,10.120,37.480,275,120.0
61571.00,-5.7170,-2.0900,12.6350,13.580,-4.680,30.950,276,120.0
61581.00,-5.7300,-1.7790,11.5080,23.260,-11.520,16.220,276,120.0
61591.00,-5.4530,-0.3000,9.9660,20.290,-14.180,2.030,276,120.0
61601.00,-5.3590,1.0860,9.1050,14.280,-9.140,-1.270,276,120.0
61611.00,-5.3640,1.4670,9.0410,8.490,-1.680,5.670,276,120.0
61621.00,-5.0230,1.5660,9.5740,1.770,2.520,14.260,277,120.0
61631.00,-4.9100,1.4290,9.8910,-8.540,2.030,21.980,277,120.0
61641.00,-4.9860,0.8050,10.0160,-14.530,-2.000,27.770,277,120.0
61651.00,-5.1360,0.4010,9.4930,-21.910,-7.910,28.330,277,120.0
61661.00,-5.1990,0.0440,9.0220,-20.620,-11.990,27.190,277,120.0
61671.00,-5.3550,-0.5610,8.8280,-14.320,-13.640,25.000,278,120.0
61681.00,-5.4990,-0.8650,8.3840,-7.370,-15.000,18.860,278,120.0
61691.00,-5.4190,-0.5710,8.1520,-1.540,-14.440,10.740,278,120.0
61701.00,-5.3790,-0.1250,8.1600,0.790,-12.810,4.580,278,120.0
61711.00,-5.5310,0.0370,7.5760,0.460,-12.920,1.970,278,120.0
61721.00,-5.5810,0.2280,7.2740,-1.330,-10.350,0.820,279,120.0
61731.00,-5.3370,0.8760,8.6590,-7.350,-1.700,2.920,279,120.0
61741.00,-5.2060,0.5730,9.5880,-14.270,-2.560,7.000,279,120.0
61751.00,-5.2510,0.1560,10.2810,-14.040,-6.500,9.130,279,120.0
61761.00,-5.1420,0.1990,11.0660,-10.380,-12.660,8.480,279,120.0
61771.00,-4.6740,0.8650,12.1240,-3.730,-20.740,7.590,280,120.0
61781.00,-4.0820,2.1960,13.9360,5.150,-30.330,10.460,280,120.0
61791.00,-3.8410,3.6980,15.6610,11.800,-47.500,21.520,280,120.0
61801.00,-3.9180,4.8340,16.1810,11.050,-74.340,40.490,280,120.0
61811.00,-4.4570,5.4250,14.9710,4.120,-103.670,63.120,280,120.0
61821.00,-5.1420,4.6600,12.1020,-6.670,-123.800,86.950,281,120.0
61831.00,-6.1800,3.1330,10.6910,-3.710,-127.880,106.060,281,120.0
61841.00,-6.8210,1.2110,9.6460,12.220,-131.030,117.770,281,120.0
61851.00,-6.7090,-0.9870,7.6950,33.620,-131.200,123.160,281,120.0
61861.00,-6.4670,-2.2010,7.8850,55.690,-112.340,119.890,281,120.0
61871.00,-4.9870,-3.1920,12.2990,70.230,-89.180,107.360,282,120.0
61881.00,-3.4070,-2.3550,12.8560,56.950,-95.340,84.680,282,120.0
61891.00,-3.8200,-2.4760,11.1330,50.230,-107.450,66.410,282,120.0
61901.00,-3.8050,-0.0310,11.1680,22.600,-103.530,43.430,282,120.0
61911.00,-3.4800,2.9790,12.0720,4.850,-100.650,32.210,282,120.0
61921.00,-3.3510,3.6830,11.4790,4.660,-107.450,41.720,283,120.0
61931.00,-3.6770,1.5560,12.3560,10.630,-107.940,61.070,283,120.0
61941.00,-3.8570,0.7960,13.1800,5.970,-103.730,59.040,283,120.0
61951.00,-3.7810,1.5310,14.4150,0.180,-105.020,51.880,283,120.0
61961.00,-4.1020,2.5690,14.4650,-14.070,-112.900,49.430,283,120.0
61971.00,-4.1880,3.9600,13.1620,-22.630,-124.740,53.650,284,120.0
61981.00,-3.2750,5.0640,12.7650,-12.250,-131.940,66.930,284,120.0
61992.00,-3.1230,3.1080,12.5680,10.430,-142.280,86.830,284,120.0
62002.00,-3.1520,2.1110,11.0970,10.220,-156.840,88.350,284,120.0
62012.00,-2.5850,2.9740,9.5940,2.070,-166.080,77.660,284,120.0
62022.00,-2.0010,3.2420,8.4530,8.260,-168.840,76.380,285,120.0
62032.00,-1.8550,0.9630,7.2710,25.780,-166.760,84.080,285,120.0
62042.00,-1.6340,-0.7760,5.9180,31.990,-158.710,79.690,285,120.0
62052.00,-0.9710,-0.9000,5.4950,32.290,-144.290,64.100,285,120.0
62062.00,-0.3110,-0.3930,5.4930,24.030,-129.560,49.640,285,120.0
62072.00,0.6170,1.3250,5.9700,13.130,-117.380,38.440,286,120.0
62082.00,1.3690,2.8800,6.0880,5.030,-111.530,38.010,286,120.0
62092.00,1.8710,2.7390,5.2090,2.170,-110.080,48.790,286,120.0
62102.00,2.1640,1.6720,4.8760,3.450,-103.880,56.000,286,120.0
62112.00,2.0870,1.4930,5.4300,-6.040,-94.420,49.290,286,120.0
62122.00,2.1990,1.9710,5.4550,-13.300,-86.300,39.370,287,120.0
62132.00,2.1760,0.4240,4.9780,-7.020,-78.280,37.270,287,120.0
62142.00,2.4490,0.5270,4.8030,0.860,-63.110,24.780,287,120.0
62152.00,2.8370,0.7330,5.3260,-1.110,-52.240,17.880,287,120.0
62162.00,3.2170,0.9970,5.3760,-9.190,-43.140,10.920,287,120.0
62172.00,3.1380,1.3170,5.6390,-16.660,-31.350,4.630,288,120.0
62182.00,2.9530,1.4420,5.9660,-22.300,-18.330,1.060,288,120.0
62192.00,2.8450,1.4750,6.9600,-22.110,-6.290,-0.340,288,120.0
62202.00,2.8390,1.4620,7.5690,-18.900,-1.210,-0.750,288,120.0
62212.00,2.8580,1.7410,7.5200,-17.490,0.630,-1.430,288,120.0
62222.00,2.9750,1.4730,7.2800,-12.270,4.190,0.260,289,120.0
62232.00,2.8340,0.7100,7.0120,-9.750,10.540,1.480,289,120.0
62242.00,2.6880,1.0160,7.3040,-11.730,19.150,-3.580,289,120.0
62252.00,2.6330,1.8180,7.8550,-13.270,27.230,-8.100,289,120.0
62262.00,2.3210,1.4280,8.5870,-8.860,34.410,-6.680,289,120.0
62272.00,1.7260,5.5040,10.4350,-13.580,35.650,-6.400,290,120.0
62282.00,2.8110,0.6710,13.1360,2.680,-33.940,35.290,290,120.0
62292.00,4.0110,4.0410,8.3910,45.450,-57.790,51.600,290,120.0
62302.00,2.4040,1.4900,8.4810,63.910,-36.670,74.020,290,120.0
62312.00,1.8850,0.3480,9.4190,38.540,-22.910,70.080,290,120.0
62322.00,2.3770,0.8310,10.3030,41.530,-9.610,55.160,291,120.0
62332.00,2.9220,1.8340,8.9990,41.970,-7.460,49.710,291,120.0
62342.00,2.9940,2.1590,8.7550,38.100,-1.630,57.690,291,120.0
62352.00,2.8880,1.9160,9.2090,40.380,2.820,58.270,291,120.0
62362.00,2.8520,1.9050,9.6580,31.660,11.260,53.700,291,120.0
62372.00,2.5890,1.2940,10.4760,25.480,15.750,44.810,292,120.0
62382.00,2.5620,1.3410,10.0370,20.460,14.440,35.770,292,120.0
62392.00,2.5040,1.2900,10.3410,14.810,13.760,30.500,292,120.0
62402.00,2.5800,1.4570,9.9440,13.760,11.220,26.740,292,120.0
62412.00,2.5130,1.3830,10.2300,10.400,11.150,23.390,292,120.0
62422.00,2.5550,1.4590,10.1160,6.950,8.540,16.970,293,120.0
62432.00,2.6690,1.6310,9.9980,6.300,6.530,11.340,293,120.0
62442.00,2.9030,2.0010,9.7370,6.440,6.080,7.520,293,120.0
62452.00,2.7670,1.8710,9.9560,2.490,10.080,2.500,293,120.0
62462.00,2.6780,1.7400,9.9850,-0.090,14.930,-5.540,293,120.0
62472.00,2.7560,1.8600,9.8820,-0.200,18.340,-10.300,294,120.0
62482.00,2.7300,1.8780,9.9540,-0.060,22.490,-11.190,294,120.0
62492.00,2.7860,2.0080,9.8730,-0.370,29.950,-11.540,294,120.0
62502.00,2.8950,2.2450,10.0020,1.440,30.910,-11.330,294,120.0
62512.00,2.9820,2.3490,10.3880,0.110,26.940,-10.600,294,120.0
62522.00,3.1520,2.4940,11.3300,-1.840,26.530,-9.110,295,120.0
62532.00,3.1930,2.4840,11.8690,-6.580,18.780,-9.230,295,120.0
62542.00,3.3100,2.5860,12.0650,-20.410,-4.760,-11.950,295,120.0
62552.00,3.3430,2.7130,11.0530,-24.470,-16.400,-12.000,295,120.0
62562.00,3.4400,2.6380,11.5620,-27.990,-18.430,-9.650,295,120.0
62572.00,3.3260,2.4580,12.2240,-30.070,-19.320,-9.090,296,120.0
62582.00,3.3000,2.1090,12.4160,-33.550,-27.480,-11.350,296,120.0
62592.00,3.3460,2.3730,11.1700,-34.860,-37.860,-11.140,296,120.0
62602.00,3.6100,2.6150,10.2750,-29.460,-41.160,-5.720,296,120.0
62612.00,4.3900,3.6880,6.7640,9.560,-13.020,1.830,296,120.0
62622.00,5.2310,2.6650,12.0280,51.280,109.780,11.690,297,120.0
62632.00,0.8850,-6.6650,1.2750,-4.060,83.920,-10.090,297,120.0
62642.00,2.2850,0.9590,8.6090,-0.700,135.980,-73.970,297,120.0
62652.00,4.0220,0.8760,8.4040,10.850,153.970,-70.710,297,120.0
62662.00,1.8520,1.5330,9.6050,0.140,150.360,-75.420,297,120.0
62672.00,0.9690,1.6580,10.5830,15.820,128.420,-63.680,298,120.0
62682.00,1.3070,1.0460,10.0150,43.530,91.670,-40.770,298,120.0
62692.00,2.1000,0.9610,10.2890,53.170,59.420,-14.820,298,120.0
62702.00,3.0340,1.1880,11.4850,55.580,32.730,-0.010,298,120.0
62712.00,4.8890,2.1550,15.4690,30.510,-1.560,-11.020,298,120.0
62722.00,2.9890,3.3210,13.3950,-37.380,-45.120,-41.990,299,120.0
62732.00,1.5520,3.2110,12.8300,-105.160,-62.480,-73.410,299,120.0
62742.00,1.6880,2.5410,7.8830,-85.460,-37.050,-107.480,299,120.0
62752.00,2.4610,1.7880,9.6460,-61.500,-12.620,-108.930,299,120.0
62762.00,2.3610,1.3910,11.5110,-49.830,-10.420,-105.240,299,120.0
62772.00,2.2090,1.8300,12.9640,-26.460,-34.180,-90.290,300,120.0
62782.00,1.9070,2.3420,13.2040,10.050,-83.460,-60.230,300,120.0
62792.00,0.6660,2.1710,12.6490,43.280,-129.050,-20.050,300,120.0
62802.00,1.3790,1.3960,8.9430,43.930,-157.730,17.920,300,120.0
62812.00,2.8530,-2.8920,3.4430,15.140,-108.590,26.840,300,120.0
62822.00,1.5970,0.0820,15.5600,-45.990,-3.590,-18.000,301,120.0
62832.00,1.0580,1.6060,14.9220,-67.150,-32.430,-39.230,301,120.0
62842.00,1.5440,0.4700,11.7710,-46.080,-67.870,-36.740,301,120.0
62852.00,2.4140,0.1080,12.2330,-25.680,-72.280,-40.660,301,120.0
62862.00,2.3040,-0.7320,11.4720,-21.670,-80.920,-50.990,301,120.0
62872.00,0.8260,-2.1080,8.1750,-33.170,-86.630,-62.310,302,120.0
62882.00,1.4290,-2.8940,10.3450,-23.580,-70.880,-72.850,302,120.0
62892.00,2.4770,-1.9020,13.2800,-32.050,-70.630,-89.140,302,120.0
62902.00,2.7940,0.4820,13.5270,-52.010,-91.040,-105.680,302,120.0
62912.00,2.6360,2.4940,13.3630,-59.170,-113.020,-108.860,302,120.0
62922.00,2.5190,3.4240,12.1050,-46.970,-137.570,-97.220,303,120.0
62932.00,2.4520,3.2230,10.3810,-37.100,-156.940,-81.930,303,120.0
62942.00,3.0740,2.7840,8.0360,-23.870,-159.640,-66.770,303,120.0
62952.00,3.4210,2.1230,7.4560,-20.130,-150.210,-59.410,303,120.0
62962.00,3.7080,1.3360,7.4850,-15.630,-136.990,-55.120,303,120.0
62972.00,3.8320,1.3650,7.1670,-17.430,-126.270,-56.850,304,120.0
62982.00,4.9230,2.6260,6.2140,-19.360,-119.760,-61.860,304,120.0
62992.00,4.7660,4.8760,5.0580,-13.790,-115.780,-61.450,304,120.0
63002.00,5.6510,6.6130,5.1500,-9.190,-109.500,-48.260,304,120.0
63013.00,5.5500,6.0640,6.2640,-4.960,-102.970,-22.270,304,120.0
63023.00,5.4410,5.0730,7.1440,-18.130,-101.220,-7.400,305,120.0
63033.00,5.4190,4.8200,7.3140,-38.330,-106.050,-5.910,305,120.0
63043.00,4.9960,4.3930,5.1140,-46.010,-116.900,-5.240,305,120.0
63053.00,6.2510,3.9800,2.8310,-58.680,-120.320,-1.710,305,120.0
63063.00,7.1880,3.9490,3.7740,-86.940,-103.270,-3.980,305,120.0
63073.00,7.3860,3.8290,5.3120,-106.000,-87.640,-13.490,306,120.0
63083.00,5.9300,2.8660,4.3260,-111.370,-84.860,-23.130,306,120.0
63093.00,5.2850,2.7720,3.5230,-115.490,-72.350,-29.800,306,120.0
63103.00,5.0330,2.2200,5.2590,-98.650,-53.430,-24.650,306,120.0
63113.00,5.2090,2.4820,7.7400,-91.230,-41.880,-18.950,306,120.0
63123.00,3.4890,2.2730,10.4960,-87.010,-40.660,-11.260,307,120.0
63133.00,5.1750,9.6680,5.3510,-79.540,-74.730,7.850,307,120.0
63143.00,4.3010,-1.6310,8.0790,-6.570,111.640,113.730,307,120.0
63153.00,2.9740,-2.7030,9.9720,-17.220,127.370,92.870,307,120.0
63163.00,4.6330,-4.3500,13.9080,-52.850,101.150,73.410,307,120.0
63173.00,3.9560,-3.1410,7.8160,-91.510,59.710,58.530,308,120.0
63183.00,2.8860,2.3360,2.7540,-7.840,59.240,35.700,308,120.0
63193.00,2.2790,-0.8850,10.4470,121.050,97.200,66.570,308,120.0
63203.00,2.3710,-9.8600,13.2310,104.200,84.580,99.450,308,120.0
63213.00,3.3640,-8.3440,9.5620,51.240,35.340,49.140,308,120.0
63223.00,3.3100,-3.6700,5.9250,30.860,14.950,5.890,309,120.0
63233.00,2.3150,-0.3730,-11.2070,-37.930,49.390,17.580,309,120.0
63243.00,3.8880,-0.6890,6.7150,75.800,262.420,54.580,309,120.0
63253.00,1.0940,-2.3230,16.2990,95.240,287.650,32.740,309,120.0
63263.00,2.4840,-1.1580,11.6560,90.650,174.440,-10.350,309,120.0
63273.00,4.7590,-0.5920,8.2320,51.510,123.100,-38.860,310,120.0
63283.00,3.7680,-2.1160,6.5070,-0.130,122.100,-68.520,310,120.0
63293.00,3.6890,-2.8580,7.4160,-19.010,146.760,-110.750,310,120.0
63303.00,2.7440,-4.1740,11.2850,-16.370,166.970,-149.670,310,120.0
63313.00,1.7790,-3.2970,13.3040,-3.080,151.470,-195.210,310,120.0
63323.00,3.9870,0.1290,9.8580,18.760,119.670,-232.110,311,120.0
63333.00,0.4340,4.6270,8.9920,45.290,132.390,-231.800,311,120.0
63343.00,0.4130,9.1400,13.9260,130.960,118.360,-113.880,311,120.0
63353.00,1.3120,8.8240,12.0860,153.640,71.840,-44.970,311,120.0
63363.00,1.5960,6.4230,9.6670,152.360,54.520,14.640,311,120.0
63373.00,1.4350,4.0150,9.1560,142.560,66.350,46.840,312,120.0
63383.00,0.7750,4.4250,8.8110,138.250,84.250,52.480,312,120.0
63393.00,1.2880,6.1240,7.2640,159.880,102.410,67.000,312,120.0
63403.00,1.1120,3.0400,7.8100,168.720,126.000,92.260,312,120.0
63413.00,0.9280,1.9510,7.6580,156.720,142.770,88.670,312,120.0
63423.00,0.7890,1.7380,9.3100,137.870,158.450,77.100,313,120.0
63433.00,0.3790,0.7040,10.7370,112.620,157.030,68.040,313,120.0
63443.00,1.2930,0.8240,10.8340,74.730,146.670,52.760,313,120.0
63453.00,0.2410,0.4960,11.7340,44.240,143.520,34.400,313,120.0
63463.00,0.3420,1.4560,12.5890,22.280,132.740,11.070,313,120.0
63473.00,0.1950,2.0570,12.3740,9.520,110.060,-5.300,314,120.0
63483.00,0.3750,2.3880,12.1310,-0.420,89.710,-16.810,314,120.0
63493.00,0.0510,2.3520,11.5190,-18.080,75.430,-28.540,314,120.0
63503.00,0.2180,2.5010,12.4550,-31.400,68.570,-41.870,314,120.0
63513.00,-0.3120,3.0470,13.5130,-32.870,51.630,-52.690,314,120.0
63523.00,-0.4480,4.3450,14.0500,-34.220,24.360,-59.620,315,120.0
63533.00,-0.6800,5.1250,13.5680,-38.940,-2.960,-58.200,315,120.0
63543.00,1.1100,4.8270,10.6200,-37.030,-23.910,-39.980,315,120.0
63553.00,0.3460,4.4350,8.7520,-26.340,-78.610,-36.900,315,120.0
63563.00,1.2980,3.6140,7.2900,-22.790,-74.540,-39.770,315,120.0
63573.00,2.1050,2.5900,5.6380,-47.030,-67.450,-54.300,316,120.0
63583.00,1.1670,3.1090,4.4900,-114.910,-48.060,-95.400,316,120.0
63593.00,2.1880,5.4020,6.0500,-167.780,-9.800,-139.430,316,120.0
63603.00,1.3220,7.4080,7.5330,-164.150,19.690,-138.160,316,120.0
63613.00,-2.9850,9.5670,5.9880,-137.060,29.510,-95.790,316,120.0
63623.00,-4.2110,9.7870,4.0470,-76.410,46.920,-1.850,317,120.0
63633.00,-0.3110,8.1080,7.3590,-10.470,75.520,89.400,317,120.0
63643.00,-0.1190,6.9940,5.3610,18.680,66.770,145.160,317,120.0
63653.00,-1.2400,5.1340,4.2540,49.140,78.680,188.400,317,120.0
63663.00,-2.3420,3.9270,4.9960,53.380,110.710,209.020,317,120.0
63673.00,-5.4530,4.2520,5.8990,35.040,143.820,215.070,318,120.0
63683.00,-5.4950,-2.0120,16.4860,67.470,211.910,252.470,318,120.0
63693.00,-4.1310,-6.4420,22.6300,71.950,196.950,234.500,318,120.0
63703.00,-5.1700,-8.8780,23.9370,56.670,103.800,166.950,318,120.0
63713.00,-4.7850,-9.3930,21.0580,35.880,-5.800,76.630,318,120.0
63723.00,-3.7930,-7.4210,14.9100,-13.270,-92.110,-23.710,319,120.0
63733.00,-1.8500,-3.4100,9.5190,-75.380,-130.380,-109.670,319,120.0
63743.00,-0.7040,3.3830,4.3860,-116.150,-129.190,-160.540,319,120.0
63753.00,-0.2220,4.8510,4.4920,-93.350,-66.150,-151.540,319,120.0
63763.00,0.7330,5.2190,6.2570,-66.850,-31.330,-120.460,319,120.0
63773.00,-0.8110,5.8010,7.4960,-49.040,-7.350,-91.270,320,120.0
63783.00,-0.8620,5.2250,8.6110,-30.450,5.660,-59.270,320,120.0
63793.00,-2.8340,4.5720,9.4750,-14.180,10.150,-31.510,320,120.0
63803.00,-1.3130,3.7170,11.0170,4.850,9.590,-10.140,320,120.0
63813.00,-1.3430,3.0600,12.2780,6.430,4.270,-1.290,320,120.0
63823.00,-1.5900,2.7030,12.6520,0.740,-11.270,-0.660,321,120.0
63833.00,-1.6240,2.7900,11.3310,-12.060,-34.850,-2.300,321,120.0
63843.00,-1.4590,3.0980,9.7670,-20.270,-50.460,-2.690,321,120.0
63853.00,-0.2200,3.3110,9.5090,-20.550,-54.110,0.010,321,120.0
63863.00,0.6490,3.1200,9.5090,-17.030,-55.780,6.510,321,120.0
63873.00,0.0270,2.4520,9.2570,-14.670,-58.510,12.370,322,120.0
63883.00,-0.5440,1.9410,8.9460,-23.260,-58.470,11.040,322,120.0
63893.00,-0.9230,1.7630,9.0360,-32.870,-55.020,5.460,322,120.0
63903.00,-1.4040,1.4630,9.4770,-36.700,-55.300,-0.270,322,120.0
63913.00,-2.0210,1.6830,9.5520,-44.510,-62.370,-9.060,322,120.0
63923.00,-1.0820,2.6450,10.3360,-51.050,-66.240,-18.230,323,120.0
63933.00,-0.3540,3.4540,10.9380,-57.960,-70.670,-21.640,323,120.0
63943.00,-1.0380,4.0430,9.8060,-68.970,-77.720,-19.580,323,120.0
63953.00,-0.9770,3.8850,9.9390,-77.880,-77.980,-2.480,323,120.0
63963.00,-0.9610,3.3340,9.9070,-73.710,-76.920,6.030,323,120.0
63973.00,-1.0260,2.6230,9.5860,-65.520,-76.130,10.550,324,120.0
63983.00,-0.7640,1.7370,9.4360,-52.630,-73.660,12.510,324,120.0
63993.00,-0.0530,0.6020,9.7790,-40.390,-70.830,11.560,324,120.0
64003.00,1.1670,-0.0690,9.5840,-34.040,-73.610,3.090,324,120.0
64013.00,1.4950,-0.6790,8.6330,-32.710,-77.620,-8.310,324,120.0
64023.00,1.7770,-0.9750,7.5330,-38.940,-77.580,-23.720,325,120.0
64033.00,2.4380,-0.8070,6.9430,-47.130,-70.550,-41.350,325,120.0
64044.00,3.1640,-0.5150,7.4530,-55.040,-58.860,-57.110,325,120.0
64054.00,3.3840,-0.1320,8.4100,-62.950,-49.490,-69.850,325,120.0
64064.00,3.5120,0.1730,9.9140,-68.250,-44.660,-79.060,325,120.0
64074.00,3.3870,0.3130,11.2210,-71.260,-48.850,-85.130,326,120.0
64084.00,3.6470,0.6420,11.7730,-75.850,-62.090,-90.190,326,120.0
64094.00,4.1710,1.0380,11.8330,-81.100,-77.140,-92.340,326,120.0
64104.00,4.5600,1.3790,11.6910,-87.770,-88.190,-89.350,326,120.0
64114.00,4.8990,1.6730,11.6240,-94.420,-93.980,-80.760,326,120.0
64124.00,5.2530,1.9390,11.4890,-100.890,-96.530,-67.040,327,120.0
64134.00,5.7910,2.1180,10.7340,-101.730,-98.770,-48.220,327,120.0
64144.00,6.5000,1.9050,8.7380,-87.010,-97.740,-23.500,327,120.0
64154.00,6.1510,-0.4770,8.1450,-31.780,-76.600,33.050,327,120.0
64164.00,5.1930,-2.2010,7.4880,-12.460,-65.610,52.720,327,120.0
64174.00,4.1590,-3.5230,7.2280,-8.020,-51.730,61.070,328,120.0
64184.00,3.5420,-4.2690,8.0410,-12.760,-32.480,61.120,328,120.0
64194.00,3.4640,-4.3620,9.3080,-22.260,-15.370,56.710,328,120.0
64204.00,3.6150,-4.0230,10.2990,-30.090,-4.890,51.880,328,120.0
64214.00,3.3670,-3.5910,10.8580,-29.140,-0.020,49.330,328,120.0
64224.00,3.5880,-2.6840,11.2970,-21.670,3.100,49.140,329,120.0
64234.00,4.9250,-1.1900,11.6430,-12.640,7.970,53.830,329,120.0
64244.00,6.6810,0.2260,11.8220,-3.010,14.600,68.630,329,120.0
64254.00,7.3180,0.8310,10.8470,5.670,15.890,92.520,329,120.0
64264.00,6.9090,0.4210,8.7140,17.560,12.640,118.770,329,120.0
64274.00,5.9340,-0.6110,6.4640,36.190,11.610,140.560,330,120.0
64284.00,4.7760,-1.6730,4.6620,56.160,15.650,154.540,330,120.0
64294.00,3.1760,-3.0220,3.7670,76.360,25.690,160.450,330,120.0
64304.00,1.9040,-4.3600,3.7800,84.600,40.990,154.100,330,120.0
64314.00,1.3080,-5.4310,4.5090,89.200,59.850,136.080,330,120.0
64324.00,0.4520,-6.3340,6.5100,98.950,81.060,109.300,331,120.0
64334.00,0.2750,-6.3740,9.0080,93.420,94.820,73.410,331,120.0
64344.00,-0.0780,-5.7490,10.3480,83.150,93.000,35.360,331,120.0
64354.00,-0.1790,-3.3160,11.6600,45.850,80.000,-28.820,331,120.0
64364.00,-0.5260,-2.1280,11.7700,24.290,71.400,-51.250,331,120.0
64374.00,-0.6810,-0.9170,11.0970,7.510,59.990,-68.230,332,120.0
64384.00,-0.5980,0.2050,10.7860,-4.620,52.680,-78.460,332,120.0
64394.00,-0.9260,0.5680,12.1100,-11.920,50.400,-80.340,332,120.0
64404.00,-0.6500,0.5100,14.1630,-16.120,41.360,-79.060,332,120.0
64414.00,-0.3290,0.1720,15.1020,-19.530,10.210,-79.090,332,120.0
64424.00,0.2720,-0.1710,14.1240,-26.460,-34.320,-82.730,333,120.0
64434.00,1.2010,-0.2300,11.9940,-32.310,-72.450,-88.190,333,120.0
64444.00,2.1350,0.0160,10.1440,-36.810,-93.400,-92.710,333,120.0
64454.00,3.2900,0.5790,9.1410,-41.270,-99.110,-93.690,333,120.0
64464.00,4.3150,1.3930,8.5510,-41.600,-93.790,-89.100,333,120.0
64474.00,5.0510,2.2570,8.3430,-41.360,-79.280,-76.920,334,120.0
64484.00,5.0720,2.6290,8.3840,-42.440,-62.760,-57.030,334,120.0
64494.00,4.5590,2.6510,8.3830,-44.590,-49.070,-33.860,334,120.0
64504.00,4.4410,2.4150,8.2300,-43.190,-40.410,-10.140,334,120.0
64514.00,4.0420,1.9580,7.3850,-35.650,-34.440,12.110,334,120.0
64524.00,3.3170,1.2190,7.2590,-25.990,-21.670,30.760,335,120.0
64534.00,2.4450,0.2590,8.4770,-11.270,-6.530,43.940,335,120.0
64544.00,1.6210,-0.7580,10.1340,1.680,-0.020,49.350,335,120.0
64554.00,1.9030,-2.2190,12.0610,2.820,-13.690,33.650,335,120.0
64564.00,2.7310,-2.3130,11.8360,-10.820,-26.660,15.290,335,120.0
64574.00,3.9020,-1.4590,10.6760,-42.090,-38.220,-4.750,336,120.0
64584.00,4.7590,-0.3730,10.3620,-63.900,-39.940,-15.970,336,120.0
64594.00,5.5800,0.8190,10.1710,-75.240,-40.480,-17.130,336,120.0
64604.00,5.9680,1.6040,9.1170,-72.350,-44.860,-7.540,336,120.0
64614.00,5.9210,1.4330,7.4420,-49.130,-44.890,10.430,336,120.0
64624.00,5.7580,0.6860,6.1040,-18.220,-34.320,28.750,337,120.0
64634.00,5.0350,-0.6230,5.9110,11.120,-14.040,42.910,337,120.0
64644.00,4.2610,-2.0290,7.4630,24.500,9.590,47.090,337,120.0
64654.00,3.5280,-3.0070,9.3940,21.910,21.270,41.070,337,120.0
64664.00,3.0520,-3.5520,10.5340,12.290,18.310,29.500,337,120.0
64674.00,2.3150,-3.8110,10.3710,3.770,6.780,15.660,338,120.0
64684.00,1.8420,-3.7350,9.9970,-1.050,-2.750,1.200,338,120.0
64694.00,1.8160,-3.2740,9.6840,-6.430,-9.190,-12.100,338,120.0
64704.00,1.9760,-2.8660,9.4820,-10.120,-13.780,-20.850,338,120.0
64714.00,2.2200,-2.5780,9.5550,-8.040,-15.420,-24.350,338,120.0
64724.00,2.3720,-2.4650,9.5850,-4.220,-17.560,-24.580,339,120.0
64734.00,2.6830,-2.4270,9.2750,-2.170,-20.570,-23.780,339,120.0
64744.00,2.9760,-2.3490,8.7940,-2.310,-21.760,-22.600,339,120.0
64754.00,3.3890,-2.0500,8.7730,-2.280,-14.340,-19.980,339,120.0
64764.00,3.6330,-1.8120,9.1640,-1.810,-12.360,-18.720,339,120.0
64774.00,3.8320,-1.6680,9.5800,0.620,-12.010,-15.940,340,120.0
64784.00,4.1090,-1.6280,9.6290,2.030,-14.530,-12.770,340,120.0
64794.00,4.2000,-1.7060,9.0860,1.490,-17.710,-10.460,340,120.0
64804.00,4.3920,-1.7440,8.9700,0.980,-15.050,-9.460,340,120.0
64814.00,4.3690,-1.7270,9.1650,-1.960,-10.780,-9.850,340,120.0
64824.00,4.3480,-1.5940,9.3060,-6.460,-7.650,-11.350,341,120.0
64834.00,4.3710,-1.3410,9.3490,-8.980,-5.640,-12.790,341,120.0
64844.00,4.3260,-1.1310,9.2360,-9.540,-5.170,-12.890,341,120.0
64854.00,4.2350,-1.0020,9.0770,-9.310,-4.870,-12.070,341,120.0
64864.00,4.2380,-0.9150,9.0610,-8.330,-3.330,-10.560,341,120.0
64874.00,4.1890,-0.8960,9.2780,-7.480,-1.770,-8.590,342,120.0
64884.00,4.0940,-0.9520,9.3450,-8.120,-1.840,-6.870,342,120.0
64894.00,4.1400,-0.9830,9.2970,-8.560,-1.980,-5.510,342,120.0
64904.00,4.2860,-1.0220,9.1720,-8.260,-2.000,-3.410,342,120.0
64914.00,4.2810,-1.1530,9.0280,-6.570,-1.490,-0.470,342,120.0
64924.00,4.1530,-1.3690,9.0470,-4.940,-0.090,2.240,343,120.0
64934.00,3.9990,-1.5960,9.1510,-3.920,0.980,3.550,343,120.0
64944.00,3.8970,-1.7810,9.1130,-2.820,1.440,3.580,343,120.0
64954.00,3.6930,-1.9030,9.1230,-2.280,3.470,0.240,343,120.0
64964.00,3.7200,-1.8460,9.1440,-2.330,3.490,-1.110,343,120.0
64974.00,3.7110,-1.7930,9.0720,-1.090,3.080,-1.730,344,120.0
64984.00,3.6430,-1.7410,9.3340,-0.340,2.680,-1.830,344,120.0
64994.00,3.5660,-1.7570,9.6160,-1.070,0.180,-1.620,344,120.0
65004.00,3.4570,-1.7770,9.6070,-0.930,-4.150,-1.690,344,120.0
65014.00,3.5110,-1.8000,9.4030,-1.960,-8.580,-2.510,344,120.0
65024.00,3.5360,-1.8290,8.8520,-1.750,-11.620,-3.600,345,120.0
65034.00,3.6140,-1.7930,8.5010,-0.300,-10.280,-5.030,345,120.0
65044.00,3.8210,-1.6150,8.6460,0.510,-5.620,-6.420,345,120.0
65054.00,3.8340,-1.4300,9.1480,0.140,-1.190,-6.710,345,120.0
65065.00,3.9270,-1.2280,9.6050,-0.720,-0.130,-5.960,345,120.0
65075.00,4.0280,-1.1190,9.4510,0.000,-3.350,-3.860,346,120.0
65085.00,4.1690,-1.1620,8.9930,2.650,-6.430,-0.820,346,120.0
65095.00,4.3070,-1.2630,8.7420,5.170,-6.090,1.990,346,120.0
65105.00,4.4330,-1.3730,8.8350,6.370,-3.960,3.780,346,120.0
65115.00,4.5520,-1.4580,9.0650,6.790,-2.120,4.880,346,120.0
65125.00,4.5750,-1.5190,9.1290,6.850,-1.120,5.510,347,120.0
65135.00,4.5470,-1.5680,9.0080,6.930,-0.140,6.100,347,120.0
65145.00,4.4390,-1.5820,8.9250,6.740,2.310,6.580,347,120.0
65155.00,3.9680,-1.5690,8.7570,7.370,8.120,8.060,347,120.0
65165.00,3.7710,-1.5600,8.7320,12.200,11.050,8.730,347,120.0
65175.00,3.6090,-1.6130,8.7240,15.160,13.060,9.080,348,120.0
65185.00,3.5010,-1.7020,8.9920,18.130,15.120,9.250,348,120.0
65195.00,3.4790,-1.7810,9.4480,18.750,15.090,8.690,348,120.0
65205.00,3.4400,-1.9020,9.4370,19.110,11.410,7.490,348,120.0
65215.00,3.4850,-1.9470,9.4100,18.820,8.840,5.530,348,120.0
65225.00,3.6270,-1.8830,9.6170,15.740,7.980,2.940,349,120.0
65235.00,3.6990,-1.6860,9.7170,11.970,6.250,0.500,349,120.0
65245.00,3.7830,-1.4450,9.6740,9.400,4.340,-0.400,349,120.0
65255.00,3.6930,-1.3080,9.3210,10.080,2.840,0.660,349,120.0
65265.00,3.7630,-1.1650,9.0440,11.680,3.450,2.450,349,120.0
65275.00,3.8330,-1.1310,8.8410,15.790,5.270,5.330,350,120.0
65285.00,3.9240,-1.1620,8.8150,19.810,7.480,8.450,350,120.0
65295.00,3.9780,-1.3190,8.7570,23.820,8.930,11.630,350,120.0
65305.00,3.9070,-1.5190,8.7400,26.950,11.060,13.730,350,120.0
65315.00,3.9690,-1.6270,9.1440,26.920,14.020,13.840,350,120.0
65325.00,4.2140,-1.6600,9.6350,26.040,13.880,12.840,351,120.0
65335.00,4.4250,-1.6730,9.6770,28.860,10.150,11.830,351,120.0
65345.00,4.3760,-1.6510,9.4980,34.010,6.930,11.040,351,120.0
65355.00,4.5540,-1.1250,9.1750,36.880,6.040,9.850,351,120.0
65365.00,4.6920,-0.8270,9.0970,39.400,9.730,10.570,351,120.0
65375.00,4.7330,-0.6460,9.0470,39.060,13.200,13.630,352,120.0
65385.00,4.5040,-0.6600,9.0590,38.840,16.820,17.710,352,120.0
65395.00,4.1820,-0.8000,9.2670,37.790,20.710,21.010,352,120.0
65405.00,3.8760,-1.0220,9.5480,34.990,22.980,22.380,352,120.0
65415.00,3.6580,-1.0490,9.8240,31.150,22.070,20.790,352,120.0
65425.00,3.6570,-0.7990,9.8630,26.310,18.900,17.900,353,120.0
65435.00,3.5270,-0.5210,9.6580,22.840,15.670,16.570,353,120.0
65445.00,3.3110,-0.3670,9.2110,21.230,13.760,17.040,353,120.0
65455.00,3.0360,-0.4000,9.1070,21.350,15.070,18.090,353,120.0
65465.00,2.8630,-0.3720,9.3820,21.140,17.350,18.200,353,120.0
65475.00,2.7520,-0.3730,9.7540,21.970,17.660,18.060,354,120.0
65485.00,2.7140,-0.3960,9.9610,22.070,14.910,16.880,354,120.0
65495.00,2.7000,-0.4310,9.8930,21.670,10.610,14.890,354,120.0
65505.00,2.7390,-0.4830,9.7360,21.350,6.720,12.510,354,120.0
65515.00,2.8170,-0.4840,9.6140,21.060,3.430,9.410,354,120.0
65525.00,3.1110,-0.2940,9.5780,19.660,1.510,5.720,355,120.0
65535.00,3.4740,-0.0890,9.6210,19.500,0.620,3.460,355,120.0
65545.00,3.7840,0.0770,9.6560,19.130,0.340,2.460,355,120.0
65555.00,4.1200,0.1530,9.5270,18.220,0.370,2.460,355,120.0
65565.00,4.2300,0.0980,9.2610,17.070,-0.370,3.690,355,120.0
65575.00,4.2930,0.0390,8.9810,17.190,1.330,4.040,356,120.0
65585.00,4.1590,0.0200,8.9820,17.290,4.850,3.930,356,120.0
65595.00,3.8320,-0.0450,9.1770,16.980,7.880,2.990,356,120.0
65605.00,3.5770,0.0950,9.4570,14.760,9.590,0.470,356,120.0
65615.00,3.5760,0.3430,9.7490,12.340,9.720,-2.040,356,120.0
65625.00,3.5840,0.5990,9.8700,9.610,8.250,-3.200,357,120.0
65635.00,3.4630,0.7290,9.8180,6.020,6.250,-2.570,357,120.0
65645.00,3.2700,0.6890,9.8500,3.820,4.940,-0.890,357,120.0
65655.00,2.9320,0.5700,9.8600,2.420,3.400,0.630,357,120.0
65665.00,2.7270,0.4110,9.8620,1.740,1.160,1.220,357,120.0
65675.00,2.6390,0.2410,9.8520,1.790,-1.630,0.430,358,120.0
65685.00,2.6400,0.1330,9.8360,2.440,-3.890,-0.890,358,120.0
65695.00,2.7210,0.0570,9.8460,1.670,-5.570,-3.250,358,120.0
65705.00,2.9190,0.1130,9.8910,1.000,-6.990,-6.070,358,120.0
65715.00,3.1650,0.2220,9.8230,0.250,-8.560,-7.850,358,120.0
65725.00,3.3520,0.3720,9.7600,0.530,-9.510,-6.940,359,120.0
65735.00,3.4550,0.4190,9.4750,-0.790,-10.890,-4.670,359,120.0
65745.00,3.5240,0.2790,9.2740,-3.420,-10.840,-2.480,359,120.0
65755.00,3.7990,0.3480,9.1410,-5.810,-9.050,-0.870,359,120.0
65765.00,3.6580,0.0800,9.3300,-3.280,-2.540,6.380,359,120.0
65775.00,3.5580,-0.1420,9.5030,-0.580,-1.330,7.630,360,120.0
65785.00,3.4710,-0.3210,9.5940,0.200,-1.560,6.730,360,120.0
65795.00,3.4730,-0.3930,9.5980,-0.600,-2.300,4.210,360,120.0
65805.00,3.3930,-0.3490,9.5380,-1.720,-3.100,0.870,360,120.0
65815.00,3.3090,-0.2120,9.5710,-3.680,-3.240,-2.370,360,120.0
65825.00,3.2150,-0.0150,9.5490,-5.950,-3.540,-4.890,361,120.0
65835.00,3.1350,0.1500,9.5180,-7.410,-3.960,-6.100,361,120.0
65845.00,3.1040,0.2770,9.5490,-8.670,-3.960,-6.210,361,120.0
65855.00,3.0900,0.3240,9.5940,-8.860,-4.520,-5.520,361,120.0
65865.00,3.1710,0.2960,9.5400,-8.070,-5.900,-4.370,361,120.0
65875.00,3.2840,0.1630,9.3760,-7.060,-6.930,-2.970,362,120.0
65885.00,3.3340,-0.0320,9.2210,-6.130,-6.710,-2.080,362,120.0
65895.00,3.3990,-0.1370,9.2210,-5.970,-4.640,-2.810,362,120.0
65905.00,3.4630,-0.1200,9.3900,-5.220,-1.530,-4.280,362,120.0
65915.00,3.4520,-0.1130,9.5130,-2.330,0.510,-5.160,362,120.0
65925.00,3.5370,-0.0170,9.6570,-0.270,1.740,-5.630,363,120.0
65935.00,3.6670,0.0110,9.5090,2.260,1.540,-4.840,363,120.0
65945.00,3.8080,-0.0890,9.1330,6.710,1.910,-2.900,363,120.0
65955.00,3.9010,-0.2970,9.0600,9.980,4.540,-0.900,363,120.0
65965.00,3.8880,-0.5500,9.5940,6.850,8.210,-1.240,363,120.0
65975.00,3.8290,-0.5260,9.7650,1.610,6.200,-3.370,364,120.0
65985.00,3.6880,-0.3850,9.6720,-3.750,3.170,-6.120,364,120.0
65995.00,3.7250,-0.1130,9.6770,-7.770,1.770,-8.450,364,120.0
66005.00,3.6410,0.1610,9.6500,-9.520,0.420,-9.220,364,120.0
66015.00,3.6150,0.3270,9.5940,-9.510,-0.930,-8.340,364,120.0
66025.00,3.5700,0.3620,9.4510,-9.070,-1.890,-6.770,365,120.0
66035.00,3.5330,0.3460,9.3200,-8.650,-1.670,-5.870,365,120.0
66045.00,3.5060,0.3630,9.3450,-7.900,-0.390,-5.870,365,120.0
66055.00,3.5530,0.4120,9.5650,-6.510,1.180,-5.750,365,120.0
66065.00,3.5970,0.3930,9.6550,-5.430,0.480,-5.000,365,120.0
66075.00,3.5550,0.2820,9.4870,-4.690,-1.320,-4.040,366,120.0
66085.00,3.5310,0.1920,9.4400,-4.590,-1.460,-3.560,366,120.0
66096.00,3.5220,0.1490,9.5230,-4.870,-1.490,-3.670,366,120.0
66106.00,3.5100,0.0750,9.5770,-4.920,-2.940,-3.580,366,120.0
66116.00,3.5440,-0.0400,9.5030,-5.870,-5.530,-3.390,366,120.0
66126.00,3.6630,-0.1140,9.4070,-6.920,-7.630,-3.720,367,120.0
66136.00,3.8360,-0.1620,9.4340,-8.090,-8.680,-3.900,367,120.0
66146.00,3.8520,-0.1870,9.5460,-9.070,-9.090,-3.670,367,120.0
66156.00,3.9580,-0.1750,9.6700,-9.800,-8.840,-3.090,367,120.0
66166.00,4.0710,-0.0800,9.6550,-16.540,-8.490,-2.460,367,120.0
66176.00,4.0970,-0.0200,9.4550,-18.260,-8.600,-1.550,368,120.0
66186.00,4.0150,-0.0810,9.1650,-16.720,-8.650,-0.030,368,120.0
66196.00,3.8520,-0.1410,9.0550,-14.630,-7.180,0.610,368,120.0
66206.00,3.8150,-0.0960,9.1460,-13.500,-5.450,0.220,368,120.0
66216.00,3.8380,-0.0860,9.2780,-12.760,-4.640,0.120,368,120.0
66226.00,3.7930,-0.1260,9.3970,-13.110,-4.870,0.420,369,120.0
66236.00,3.7100,-0.1950,9.4710,-13.300,-5.740,0.640,369,120.0
66246.00,3.6640,-0.2080,9.5520,-13.200,-6.460,0.500,369,120.0
66256.00,3.7060,-0.1860,9.5980,-13.410,-7.270,0.310,369,120.0
66266.00,3.6770,-0.2060,9.5270,-13.650,-8.560,0.750,369,120.0
66276.00,3.6640,-0.2570,9.4210,-13.090,-9.280,1.590,370,120.0
66286.00,3.6950,-0.3460,9.3210,-11.190,-9.100,2.460,370,120.0
66296.00,3.7390,-0.4830,9.1520,-8.600,-8.700,3.340,370,120.0
66306.00,3.7190,-0.6400,9.0550,-6.390,-7.350,3.620,370,120.0
66316.00,3.7750,-0.7070,9.1260,-5.310,-5.380,3.040,370,120.0
66326.00,3.8500,-0.7520,9.1230,-3.710,-3.990,2.500,371,120.0
66336.00,3.8160,-0.8310,9.1230,-2.140,-2.240,2.220,371,120.0
66346.00,3.7970,-0.8550,9.2960,-3.030,-0.410,1.400,371,120.0
66356.00,3.8580,-0.8330,9.4320,-4.100,0.320,0.710,371,120.0
66366.00,3.7680,-0.9330,9.2850,-5.200,-1.000,0.140,371,120.0
66376.00,3.7710,-0.8990,9.2020,-5.100,-0.490,-0.870,372,120.0
66386.00,3.7290,-0.8600,9.1640,-3.400,0.690,-1.780,372,120.0
66396.00,3.7550,-0.7340,9.2170,-2.120,2.020,-2.720,372,120.0
66406.00,3.7630,-0.5950,9.3160,-0.510,3.240,-3.250,372,120.0
66416.00,3.7980,-0.4700,9.4340,0.770,3.920,-3.270,372,120.0
66426.00,3.8400,-0.3840,9.4180,1.510,3.660,-3.040,373,120.0
66436.00,3.9730,-0.3010,9.3330,2.720,3.080,-2.550,373,120.0
66446.00,4.0130,-0.3230,9.2260,3.630,2.770,-1.500,373,120.0
66456.00,4.0220,-0.3210,9.3090,3.260,3.750,-1.220,373,120.0
66466.00,4.1570,-0.1740,9.5720,1.890,5.360,-1.760,373,120.0
66476.00,4.1930,0.0410,9.7370,-0.930,5.880,-1.570,374,120.0
66486.00,4.0770,0.1450,9.6720,-3.990,5.040,0.360,374,120.0
66496.00,3.8790,0.0710,9.4570,-5.200,4.030,3.300,374,120.0
66506.00,3.7950,-0.0740,9.3160,-4.710,3.850,5.810,374,120.0
66516.00,3.7070,-0.3370,9.1820,-3.080,3.680,7.420,374,120.0
66526.00,3.6900,-0.5880,9.2650,-2.660,4.170,7.050,375,120.0
66536.00,3.8460,-0.6260,9.4620,-3.350,4.340,4.560,375,120.0
66546.00,3.8570,-0.5870,9.4830,-3.920,3.170,1.470,375,120.0
66556.00,3.9660,-0.3910,9.5000,-4.620,2.120,-1.290,375,120.0
66566.00,3.9540,-0.1470,9.2190,-4.010,-1.000,-2.200,375,120.0
66576.00,3.9800,-0.1300,8.9950,-2.490,-1.600,-1.110,376,120.0
66586.00,4.0000,-0.1740,8.9630,-1.700,-0.350,0.570,376,120.0
66596.00,3.9480,-0.2600,9.1330,-2.170,1.000,2.270,376,120.0
66606.00,3.9600,-0.3490,9.3990,-3.770,1.540,3.720,376,120.0
66616.00,3.9210,-0.4210,9.4870,-4.750,0.740,4.840,376,120.0
66626.00,3.9790,-0.5350,9.3880,-3.680,-0.420,6.100,377,120.0
66636.00,3.7780,-0.7650,9.2600,-1.670,-0.840,7.680,377,120.0
66646.00,3.6490,-0.9890,9.2860,0.040,-0.280,8.470,377,120.0
66656.00,3.4430,-1.1660,9.1580,1.580,0.110,7.840,377,120.0
66666.00,3.3810,-1.2460,9.2700,1.260,1.720,5.860,377,120.0
66676.00,3.3060,-1.2510,9.3020,0.250,2.520,3.550,378,120.0
66686.00,3.2970,-1.1840,9.3630,-0.250,3.630,1.290,378,120.0
66696.00,3.3260,-1.0660,9.6200,-0.930,4.610,-0.550,378,120.0
66706.00,3.4180,-0.9080,9.7160,-1.650,3.940,-1.800,378,120.0
66716.00,3.4450,-0.8140,9.5710,-0.350,1.910,-2.180,378,120.0
66726.00,3.5440,-0.7480,9.3530,1.890,0.480,-2.430,379,120.0
66736.00,3.6510,-0.6960,9.1960,4.170,0.280,-2.410,379,120.0
66746.00,3.7380,-0.6890,9.1870,5.800,1.320,-2.220,379,120.0
66756.00,3.7650,-0.6860,9.1840,6.580,2.470,-2.250,379,120.0
66766.00,3.8120,-0.6180,9.3360,6.440,5.430,-3.410,379,120.0
66776.00,3.8660,-0.4720,9.5940,3.560,6.640,-4.140,380,120.0
66786.00,3.8760,-0.3380,9.6780,2.660,5.850,-3.910,380,120.0
66796.00,3.8900,-0.2450,9.6050,2.300,4.260,-2.900,380,120.0
66806.00,3.8520,-0.2030,9.4500,2.630,3.170,-1.530,380,120.0
66816.00,3.8500,-0.1920,9.3640,3.470,2.800,-0.120,380,120.0
66826.00,3.8940,-0.2350,9.4340,4.310,3.260,1.200,381,120.0
66836.00,3.8390,-0.3670,9.5590,5.110,2.770,2.180,381,120.0
66846.00,3.8540,-0.5090,9.6630,5.060,1.320,1.990,381,120.0
66856.00,3.8660,-0.5820,9.7390,3.630,-0.250,0.420,381,120.0
66866.00,3.8670,-0.5380,9.7600,0.900,-1.720,-2.160,381,120.0
66876.00,3.9240,-0.3450,9.7740,-2.490,-3.030,-4.980,382,120.0
66886.00,4.0160,-0.0550,9.7230,-6.480,-4.480,-6.920,382,120.0
66896.00,4.0740,0.2450,9.5150,-9.070,-6.430,-7.150,382,120.0
66906.00,4.1140,0.4270,9.1280,-9.050,-8.330,-5.310,382,120.0
66916.00,4.1010,0.4290,8.6650,-6.320,-9.370,-1.830,382,120.0
66926.00,4.0590,0.2580,8.3370,-1.820,-8.390,2.170,383,120.0
66936.00,4.0300,-0.0410,8.3600,2.590,-5.270,5.230,383,120.0
66946.00,4.0120,-0.3330,8.7320,4.620,-1.610,6.140,383,120.0
66956.00,4.0640,-0.5180,9.2600,4.100,0.490,5.000,383,120.0
66966.00,4.3040,-0.4790,9.5210,1.300,-0.180,0.940,383,120.0
66976.00,4.3640,-0.4490,9.3960,-3.000,-3.430,0.920,384,120.0
66986.00,4.2400,-0.5080,9.2430,-3.470,-3.570,1.920,384,120.0
66996.00,4.1390,-0.5460,9.2930,-2.940,-2.370,2.760,384,120.0
67006.00,4.0860,-0.5210,9.3990,-2.210,-0.880,3.360,384,120.0
67016.00,4.0770,-0.4830,9.5050,-1.650,0.510,4.300,384,120.0
67026.00,4.0590,-0.4700,9.4060,-1.090,1.000,6.000,385,120.0
67036.00,4.0230,-0.5560,9.1510,0.650,1.460,8.240,385,120.0
67046.00,3.8780,-0.7310,8.9700,3.050,3.140,9.990,385,120.0
67056.00,3.6610,-0.8780,9.0620,4.540,5.520,9.950,385,120.0
67066.00,3.5330,-0.8940,9.2760,5.670,6.850,7.890,385,120.0
67076.00,3.5160,-0.7900,9.3590,6.290,6.530,5.120,386,120.0
67086.00,3.5270,-0.6670,9.2260,6.500,5.130,2.880,386,120.0
67096.00,3.5370,-0.5220,9.0900,7.020,4.610,1.220,386,120.0
67106.00,3.6130,-0.3450,9.0780,7.810,5.380,0.520,386,120.0
67117.00,3.7590,-0.2280,9.1570,8.490,6.410,1.270,386,120.0
67127.00,3.7060,-0.2500,9.2250,8.510,6.580,2.530,387,120.0
67137.00,3.6520,-0.2910,9.4240,7.280,6.440,3.080,387,120.0
67147.00,3.6720,-0.2690,9.7540,5.200,6.060,2.760,387,120.0
67157.00,3.6830,-0.2470,9.8650,3.120,3.610,2.570,387,120.0
67167.00,3.7130,-0.3200,9.4270,2.020,-0.420,2.800,387,120.0
67177.00,3.6740,-0.3730,9.2790,0.440,-3.380,3.060,388,120.0
67187.00,3.6720,-0.4480,9.4950,0.270,-2.090,2.670,388,120.0
67197.00,3.7990,-0.4100,9.7440,-1.300,-0.970,1.270,388,120.0
67207.00,3.9300,-0.3270,9.9500,-2.330,-0.270,0.070,388,120.0
67217.00,3.9820,-0.2350,9.8330,-3.380,-1.050,-0.570,388,120.0
67227.00,3.9850,-0.1670,9.4740,-3.080,-2.230,-0.550,389,120.0
67237.00,4.0030,-0.1010,9.0860,-1.040,-2.030,-0.050,389,120.0
67247.00,3.9500,-0.1160,8.9570,1.320,-0.210,0.820,389,120.0
67257.00,3.9400,-0.1680,9.1330,2.170,1.770,1.430,389,120.0
67267.00,3.9670,-0.1980,9.4000,2.260,2.590,1.190,389,120.0
67277.00,4.0570,-0.1970,9.5340,1.020,1.950,0.590,390,120.0
67287.00,4.1700,-0.1550,9.5010,-0.910,0.440,0.190,390,120.0
67297.00,4.0920,-0.1710,9.3700,-2.350,-0.600,0.500,390,120.0
67307.00,3.9870,-0.1800,9.3160,-3.360,-0.440,0.660,390,120.0
67317.00,3.9020,-0.1180,9.3750,-4.100,0.390,0.640,390,120.0
67327.00,3.8720,-0.1050,9.4770,-4.380,0.630,1.330,391,120.0
67337.00,3.8140,-0.1770,9.4380,-4.310,-0.460,2.390,391,120.0
67347.00,3.8220,-0.2770,9.2870,-3.590,-1.650,3.220,391,120.0
67357.00,3.8390,-0.3900,9.1390,-2.350,-2.160,3.900,391,120.0
67367.00,3.8040,-0.6370,9.0980,-0.950,-1.840,4.160,391,120.0
67377.00,3.8500,-0.6660,9.2230,0.790,0.060,2.450,392,120.0
67387.00,3.8580,-0.6530,9.3410,1.050,0.580,1.200,392,120.0
67397.00,3.8510,-0.5950,9.4510,1.250,0.630,0.100,392,120.0
67407.00,3.8520,-0.4960,9.5360,1.140,0.460,-0.850,392,120.0
67417.00,3.8880,-0.3750,9.5710,0.580,0.210,-1.500,392,120.0
67427.00,3.9290,-0.2640,9.4740,0.040,-0.250,-1.480,393,120.0
67437.00,4.0050,-0.1750,9.3170,-0.390,-0.410,-0.920,393,120.0
67447.00,3.9930,-0.1260,9.2190,-0.340,0.280,0.120,393,120.0
67457.00,3.8930,-0.1420,9.1500,0.560,1.050,1.430,393,120.0
67467.00,3.8210,-0.2100,9.0980,1.820,1.330,2.340,393,120.0
67477.00,3.7790,-0.2840,9.0890,3.380,1.600,2.810,394,120.0
67487.00,3.7890,-0.3780,9.1920,4.310,2.190,2.710,394,120.0
67497.00,3.8820,-0.4130,9.3960,4.010,3.190,2.040,394,120.0
67507.00,3.9700,-0.3860,9.6920,2.660,3.680,1.130,394,120.0
67517.00,3.9880,-0.3820,9.8180,0.000,2.660,0.360,394,120.0
67527.00,3.9130,-0.3130,9.6670,-2.840,0.740,-0.260,395,120.0
67537.00,3.8580,-0.2300,9.4040,-4.220,-0.740,-0.400,395,120.0
67547.00,3.7950,-0.2120,9.0650,-3.520,-1.490,0.310,395,120.0
67557.00,3.7600,-0.2400,8.9570,-1.020,-0.790,1.500,395,120.0
67567.00,3.7550,-0.3430,9.2660,1.280,0.580,2.530,395,120.0
67577.00,3.7990,-0.5590,9.4730,2.210,1.020,2.500,396,120.0
67587.00,3.8540,-0.5980,9.6340,0.740,0.130,1.060,396,120.0
67597.00,3.9580,-0.5130,9.7220,-1.370,-0.830,-0.970,396,120.0
67607.00,3.9690,-0.3450,9.6680,-3.630,-1.840,-2.600,396,120.0
67617.00,4.0220,-0.1600,9.4430,-5.450,-2.860,-3.160,396,120.0
67627.00,4.0520,-0.0250,9.1830,-4.830,-3.100,-2.220,397,120.0
67637.00,4.0520,-0.0270,8.9650,-2.070,-2.470,-0.190,397,120.0
67647.00,4.0330,-0.1100,8.9410,0.580,-1.000,1.800,397,120.0
67657.00,4.0050,-0.2230,9.0170,2.090,0.560,3.010,397,120.0
67667.00,3.9900,-0.3510,9.1820,2.800,1.650,3.510,397,120.0
67677.00,3.9970,-0.4420,9.2790,2.280,1.700,3.020,398,120.0
67687.00,3.9850,-0.4760,9.4010,1.020,1.820,2.150,398,120.0
67697.00,3.9380,-0.4400,9.5420,-0.530,1.650,1.340,398,120.0
67707.00,3.8510,-0.3960,9.5310,-1.880,0.600,0.770,398,120.0
67717.00,3.8030,-0.3370,9.4190,-2.720,-0.600,0.500,398,120.0
67727.00,3.8160,-0.3010,9.2780,-2.420,-1.160,0.680,399,120.0
67737.00,3.8180,-0.3120,9.1760,-1.230,-0.900,1.340,399,120.0
67747.00,3.8760,-0.3540,9.2030,0.460,0.000,2.310,399,120.0
67757.00,3.9130,-0.4370,9.2550,1.860,0.510,3.090,399,120.0
67767.00,3.9380,-0.5070,9.3200,2.240,0.950,3.390,399,120.0
67777.00,3.9620,-0.5060,9.2530,2.020,0.530,2.830,400,120.0
67787.00,3.9440,-0.4780,9.2000,2.280,0.770,2.620,400,120.0
67797.00,3.9480,-0.4210,9.2500,2.440,1.670,2.520,400,120.0
67807.00,3.9560,-0.3800,9.3470,2.310,2.280,2.550,400,120.0
67817.00,3.9460,-0.3300,9.4480,1.490,2.450,2.670,400,120.0
67827.00,3.9240,-0.2810,9.5680,0.280,2.140,3.040,401,120.0
67837.00,3.8770,-0.2880,9.5650,-0.200,0.840,3.620,401,120.0
67847.00,3.8630,-0.3210,9.4700,0.000,-0.860,3.990,401,120.0
67857.00,3.9300,-0.3270,9.3350,0.250,-1.890,3.930,401,120.0
67867.00,3.9810,-0.3620,9.2310,1.460,-2.030,3.620,401,120.0
67877.00,4.0400,-0.3290,9.2080,1.630,-1.460,2.970,402,120.0
67887.00,4.0520,-0.2930,9.2330,1.390,-0.760,2.180,402,120.0
67897.00,4.0290,-0.2200,9.3300,0.200,-0.110,1.170,402,120.0
67907.00,4.0050,-0.1170,9.4310,-1.420,0.140,0.050,402,120.0
67917.00,3.9760,-0.0130,9.4740,-2.660,-0.300,-0.590,402,120.0
67927.00,3.9720,0.0940,9.3990,-3.730,-1.110,-0.750,403,120.0
67937.00,3.9810,0.1220,9.2650,-3.080,-1.740,0.080,403,120.0
67947.00,3.9600,0.0500,9.1440,-1.600,-1.420,1.640,403,120.0
67957.00,3.9050,-0.0960,9.2070,-0.880,-0.390,3.090,403,120.0
67967.00,3.8930,-0.2820,9.3570,-0.830,0.020,3.740,403,120.0
67977.00,4.0130,-0.4740,9.4630,-2.000,-2.230,2.250,404,120.0
67987.00,4.0350,-0.4970,9.3390,-2.890,-3.420,1.200,404,120.0
67997.00,4.0270,-0.4600,9.2660,-4.190,-3.470,0.150,404,120.0
68007.00,4.0350,-0.3930,9.2750,-4.890,-3.150,-0.480,404,120.0
68017.00,4.0460,-0.3610,9.2630,-5.010,-3.220,-0.680,404,120.0
68027.00,4.0490,-0.3440,9.2500,-4.220,-3.560,-0.340,405,120.0
68037.00,4.0890,-0.3610,9.2050,-3.140,-3.980,0.210,405,120.0
68047.00,4.1160,-0.4210,9.1720,-1.720,-4.060,0.940,405,120.0
68057.00,4.2070,-0.4600,9.2330,-0.860,-3.680,1.400,405,120.0
68067.00,4.2610,-0.4820,9.2880,-0.270,-3.470,1.780,405,120.0
68077.00,4.2680,-0.4780,9.3120,-0.210,-3.290,2.060,406,120.0
68087.00,4.2440,-0.4360,9.3180,-0.460,-3.290,2.180,406,120.0
68097.00,4.1830,-0.3740,9.2750,-1.090,-3.100,2.150,406,120.0
68107.00,4.0770,-0.2890,9.2670,-1.960,-2.510,1.900,406,120.0
68117.00,3.9570,-0.1930,9.2920,-2.980,-2.050,1.470,406,120.0
68127.00,3.8720,-0.0920,9.3050,-3.490,-1.930,1.380,407,120.0
68138.00,3.8650,-0.0560,9.3200,-3.490,-2.440,1.660,407,120.0
68148.00,3.8880,-0.1070,9.3100,-2.790,-3.330,2.270,407,120.0
68158.00,3.8780,-0.2390,9.3330,-2.240,-4.170,2.870,407,120.0
68168.00,3.9190,-0.3610,9.3660,-2.770,-4.890,2.550,407,120.0
68178.00,4.0670,-0.4670,9.3410,-5.900,-6.570,-0.010,408,120.0
68188.00,4.1680,-0.4100,9.2940,-7.790,-6.920,-1.200,408,120.0
68198.00,4.2320,-0.3560,9.2330,-9.380,-6.850,-1.590,408,120.0
68208.00,4.2420,-0.3520,9.1470,-10.310,-6.390,-1.240,408,120.0
68218.00,4.2910,-0.3820,9.1100,-10.400,-5.600,-0.450,408,120.0
68228.00,4.2720,-0.4530,9.0930,-9.610,-4.550,0.470,409,120.0
68238.00,4.2690,-0.5250,9.1480,-8.860,-3.170,1.010,409,120.0
68248.00,4.2560,-0.5920,9.1530,-7.200,-2.230,1.120,409,120.0
68258.00,4.2300,-0.6500,9.1170,-5.600,-1.390,0.750,409,120.0
68268.00,4.1970,-0.6470,9.0810,-4.120,-0.490,-0.050,409,120.0
68278.00,4.1950,-0.5990,9.1460,-3.080,0.440,-1.250,410,120.0
68288.00,4.1940,-0.5220,9.1700,-3.010,0.760,-2.220,410,120.0
68298.00,4.2050,-0.4400,9.1160,-3.380,0.910,-2.600,410,120.0
68308.00,4.1690,-0.4000,9.0650,-3.170,1.540,-2.530,410,120.0
68318.00,4.1460,-0.3570,9.1020,-2.960,2.630,-2.110,410,120.0
68328.00,4.1440,-0.3240,9.2080,-2.380,3.570,-1.150,411,120.0
68338.00,4.0700,-0.3860,9.2270,-0.630,3.910,0.420,411,120.0
68348.00,3.9820,-0.5100,9.2270,0.840,4.240,1.920,411,120.0
68358.00,3.9420,-0.6610,9.1500,2.000,4.480,2.690,411,120.0
68368.00,3.9270,-0.8250,9.0660,3.680,5.060,2.850,411,120.0
68378.00,3.9810,-0.9950,9.2030,2.730,6.510,0.680,412,120.0
68388.00,4.0590,-0.9580,9.3550,0.740,6.340,-0.940,412,120.0
68398.00,4.0570,-0.8620,9.4030,-1.300,5.410,-2.430,412,120.0
68408.00,4.0570,-0.7160,9.3240,-2.000,4.430,-3.620,412,120.0
68418.00,4.0850,-0.5940,9.1750,-0.840,3.910,-4.110,412,120.0
68428.00,4.1520,-0.4700,9.0730,0.650,4.330,-4.020,413,120.0
68438.00,4.2970,-0.3880,9.0900,2.590,5.460,-3.530,413,120.0
68448.00,4.3650,-0.3430,9.0890,4.120,6.010,-2.790,413,120.0
68458.00,4.4550,-0.3050,9.1160,5.450,6.550,-1.970,413,120.0
68468.00,4.5360,-0.2410,9.2120,5.550,7.390,-1.170,413,120.0
