:020000022000DC
:1070000080710020E9900300D1010500D5900300B4
:10701000D5900300D5900300D59003000000000038
:10702000000000000000000000000000C591030007
:10703000D590030000000000D5940300D590030014
:1070400089950300FB3605008995030089950300A7
:1070500089950300899503008995030089950300AC
:10706000113705008995030089950300273705002E
:10707000899503008995030089950300899503008C
:10708000899503008995030089950300899503007C
:10709000899503008995030089950300899503006C
:1070A000899503008995030089950300899503005C
:1070B000899503008995030089950300899503004C
:1070C000899503008995030089950300899503003C
:1070D000899503008995030089950300899503002C
:1070E000899503008995030089950300899503001C
:1070F000899503008995030089950300899503000C
:10710000064B074A5B7802604FF426728280C37197
:107110000822002382710372704700BFF80C002020
:10712000D3360300064B074A5B7A02604FF49C7229
:107130008280C3710822FF2382710372704700BFEF
:10714000F80C002001320300F8B5C41D002824F01B
:107150000704054614BF2046002000F053FA071E1E
:1071600002DA6FF00B00F8BD254EB1887088F37914
:10717000B2790331033089B280B209F0DEFF002812
:10718000EFDB737831783C4403341944002D24F04C
:10719000030400FB01F114BF2046002000F0B8FBFF
:1071A00023180DB9002BDCDB717A184679B1033353
:1071B000002D23F0030414BF20460020728900F044
:1071C00019FC0028CDDB20440DB90028C9DB317A39
:1071D00091B1737A83B1C41D002D24F0070414BF4C
:1071E0002046002002F034FF0028BADB0DB1002059
:1071F000B9E72018B7D5B4E7002DF8D1B3E700BF41
:10720000F80C00201FB572B6194BDD68EDB9BFF35D
:107210004F8F1849184BCA6802F4E0621343CB60E1
:10722000BFF34F8F00BFFDE72346B2FBF6F25C1CB5
:10723000002AF9D104AEDCB256FA83F303F80C2C21
:107240000A2234B901A8A847E1E7024600230A262A
:10725000EDE7631E04AEDCB256FA83F3B0FBF2F640
:1072600002FB1600303003F80C0C3046E9E700BF93
:10727000F80C002000ED00E00400FA0507B50A4B09
:10728000DA88ADF8002068469A885B88ADF804205B
:10729000ADF8023001F0FAFC18B1FA219C20FFF79A
:1072A000B1FF03B05DF804FBF80C002010B50446F4
:1072B00028B308F09FFE10B94FF0FF3010BD06F064
:1072C0003FFEB0F5FA7FF7D80E4B00221A744FF448
:1072D00080721A801B225A809A8040F20322DA8040
:1072E0004FF484721A811F22DC605A81EFF31084FC
:1072F00072B600F0DDFB04B962B60020DEE76FF085
:107300001500DBE7F80C002010B5002840D1234C15
:10731000237C032B39D059B1002A3CD002390529EE
:1073200036D8DFE801F0031227352A2D1378637071
:107330000020FFF709FF0028B7BF012302232374B1
:107340006FF00B00A8BF237410BD13791BB35379E2
:107350000BB31188FB291ED853881B3B9BB2E02B33
:1073600019D81A2917D91368C4F802300C4B92881F
:107370009A80DDE713786372DAE713886381D7E7D1
:107380001388FF2B07D82372D2E74FF0FF30DBE7DB
:107390006FF02C00D8E76FF01500D5E7F80C00204F
:1073A000FA0C0020F8B50D46064620B319B311F0CB
:1073B000070420D1114F3B7C012B02D16FF00B0051
:1073C000F8BD032B02D14FF0FF30F9E700F0ACFB22
:1073D0000028F8D02846FFF7B7FE0028EEDB0CF0B7
:1073E000CFF93046214601F0D3FCFFF747FF0323D6
:1073F0003B742046E4E76FF01500E1E7F80C00204D
:1074000010B5064C237C032B03D101F0D7FC02F00E
:10741000C3F809F09CFF0020207410BDF80C002078
:1074200008B501F081FCBDE808400249012000F0E8
:10743000E1B800BF2571020008B501F089FCBDE884
:1074400008400249002000F0D5B800BF01710200D9
:10745000074B4FF0FF3141F6FF72C3E900120549B7
:107460000022C1E900221F21C3E90212704700BFB8
:10747000000000200C0D00203F280CD801380B4BD9
:10748000C0F3421200F01F0053F8223023FA00F03C
:1074900000F001007047FF2806D04038C0F34212C8
:1074A000034B00F01F00EFE70120704700000020B1
:1074B0000C0D00200146074B006849681A4603C2BC
:1074C00040F48C221A6041F0107242F4FF625A605C
:1074D00000207047000000200246034B00685168FE
:1074E00003C30020704700BF0C0D00200246034B71
:1074F0000068516803C30020704700BF08000020E7
:107500000138064BC0F3421203EB820300F01F0068
:107510009B6823FA00F000F0010070470000002093
:10752000F0B50C88C37C0288A5B2C4F30E0404F144
:1075300018060233865B1A44334497B213FA82F377
:10754000013B4288B3FBF7F313FB07439BB29A421C
:10755000044A93BF22EA05032A4013439BB20B80DF
:10756000F0BD00BF0080FFFF4A1E062A08B5034693
:10757000084604D84FF4D1711520FFF743FE094A9D
:10758000914202D940F2A311F6E711B903B1196093
:1075900008BD2BB11B680022C3E901211A1D1A6026
:1075A0000430F5E7FAFFFF7F10B5114B00EB410403
:1075B0001A786389B3FBF2F303FB0223013A1A44FE
:1075C000B2F5706F0279807828BF00231A440B1837
:1075D000B2FBF0F100FB11215B1AB3FBF0F100FBF1
:1075E000113313446FEA43436FEA5343638110BD81
:1075F000140D0020024B03EB80035960704700BF5D
:10760000140D00202DE9F04F10F0070A85B0054653
:1076100004D040F26F111720FFF7F4FD534F07F12C
:107620000C06B1460446B04657F8043B8DF80BA053
:107630003BB101A898479DF80A30082B01D9F521E4
:10764000E9E79DF80B1041BB05B131604F4506F1EC
:107650000406E9D1002D70D0DFF81491002289F8DA
:1076600000209646022758F827A0013FBAF1000FE4
:1076700056D09AF804609AF802C0FF2E61D03946BD
:107680000023481C39D19C44BCF1FF0F40D90AB1FA
:1076900089F800E04FF49A71BDE79DF80AC0604692
:1076A000022838BF02204B1D5A0004EB4303441E3E
:1076B0002344BDF808406444013CCCF1000C04EACA
:1076C0000C044042B4F5803F03EA000302D340F2C9
:1076D0000511A0E775B19A1A0120326091701480EB
:1076E000D0709DF80C001071019810814FEA104C79
:1076F000A2F806C004FB0134A8E758F8210028B11D
:1077000090F804B0B34504BF80781B180139B8E77E
:10771000DBB2E6458AF804303CBF5FFA8CFE0122FA
:107720007B1CA0D10AB189F800E0022640F6FF6A6E
:1077300058F82670B7B9013EFAD2601B05B0BDE813
:10774000F08F0023E5E707EB41033846A3F80AA0D2
:10775000FFF72AFF09F10109BB785FFA89F18B4233
:10776000F1D8E8E74FF00009F6E700BF180D002058
:10777000140D002038B54FF6FF730380184B03EB50
:10778000810302461869A8B184780379B3FBF4F148
:1077900004FB1133DBB2194600EB4105B5F90A5081
:1077A000002D0EDB0131B1FBF4F504FB1511C9B25C
:1077B0008B42F1D1002038BD6381BDE8384009F02B
:1077C00098BC00EB41046389C3F30E031380C278B5
:1077D000002AF1D14FF4E5711720FFF713FD00BF28
:1077E000140D00201C4B03EB810370B51C6905468A
:1077F00044B3030404D54FF4EC711720FFF702FDE6
:107800000146204609F057FCFF28014604D02046D7
:10781000BDE8704009F06DBCA078B5FBF0F300FB4B
:107820001353DBB219460A1D04EB4206B6F9026097
:10783000002E09DB0131B1FBF0F200FB1211C9B2DD
:107840008B42F0D1002070BD8B4201D00023E37049
:1078500004EB42025580DAE7140D0020094B03EBDC
:10786000810310B51C690146204609F024FCFF285D
:10787000014604D02046BDE8104009F03ABC002083
:1078800010BD00BF140D0020F8B5104B03EB8103B1
:1078900007461C690146204609F00DFCFF280546F5
:1078A00011D0E288238953EA024606D001462046D9
:1078B00009F01FFC01463846B04720462946FFF72D
:1078C00073FE0020F8BD0520FCE700BF140D00206A
:1078D00038B50E4B827903EB82030446186908B968
:1078E000052038BD8278E1799142F9D24B1CE371D1
:1078F00000EB41035D89B3F90A30002BF3DBA5806F
:1079000009F0F7FB20600020EBE700BF140D00201A
:1079100070B5044610F003000E4603D04E21182027
:10792000FFF770FCFFF720FE054624B103483146FF
:107930000460FFF719FE284670BD00BF300D00201F
:107940002DE9F14FDFF870B09DF828A09DF82C903C
:107950001E46DBF8003007460D4690461BB96021F5
:107960001820FFF74FFC52460921404609F028FA3B
:107970004A4684B20921304609F022FA14FA80F10D
:10798000DBF8000009F06BFB386018B9286001B023
:10799000BDE8F08F04442C60386853464146092204
:1079A00009F0D1F928684B460922314601B0BDE8FB
:1079B000F04F09F0C8B900BF300D002070B50E4679
:1079C000044609F010FA0546304609F00CFA044B5B
:1079D0002A1821461868BDE8704009F065BB00BF51
:1079E000300D0020024B186808B109F02CBB70471D
:1079F000300D00201F2AF8B5044626D804200323A2
:107A0000134D12FB003254B1A30703D068210920A3
:107A1000FFF7F8FB22F0030329706C602B8122F042
:107A200003022823120403FB01F001276B68120CE8
:107A30000025EEB2B14200D8F8BD14B126181F706F
:107A40005E60104401352833F3E74FF0FF30F3E771
:107A5000340D002070B5154A157853680021C8B25E
:107A6000854203D8BA210920FFF7CCFB1C461846F3
:107A700014F8286B01310EB92346F0E70021997004
:107A8000128999610124D96159685C70920803F1E7
:107A90001E0403F1260524F8022FAC4243F8041F0C
:107AA0001144F8D100234361037070BD340D0020F0
:107AB000134B012200214FF0FF309A60C3F80012EF
:107AC000C3F80803C3F80015C3F804259A60C3F887
:107AD0000803C3F80015C3F804250A490A4A03F548
:107AE00080334FF40040C3F80825C1F88000BFF38D
:107AF0004F8FBFF36F8FC1F88001C3F8082570471F
:107B000000F0004000E100E00000F63F024B026898
:107B10001A600020704700BF400D0020014B1B6819
:107B2000184700BF400D0020024B1868003818BFEE
:107B300001207047400D00200A468F2302F8033BC6
:107B40000448C368C1F80330036953604369936014
:107B5000704700BF440D0020024B5A8C02435A84E8
:107B60005B6A1847440D0020014B00215B6A1847EF
:107B7000440D002010B5154C05F034FA05F030FC2A
:107B8000208DFFF7F1FF237E63B12246104952F8A2
:107B90000C3BE3606368536004F11900A3689360D1
:107BA0000AF070FC218DE06A02F086FAE36AB3F80D
:107BB000AA0002F003FA636B94F8301094F83100D5
:107BC0009847002384F8383010BD00BF440D0020D2
:107BD000397B0200034B93F838300BB1FFF7CABF73
:107BE000704700BF440D002070B5184CE66AE36C86
:107BF000E3634FF481730546A4F8403094F85000D5
:107C0000337D96F8151100EB83002DB9FF2803D1C1
:107C100096F814318B4201D004F05CFF337D73B1D0
:107C2000606D05F035F9616DE06B05F0B5FB15B9D8
:107C3000284605F081F9022384F8383070BDE06BE6
:107C400005F026F905F0CCFBF1E700BF440D00205C
:107C5000F0B590F86D40134A0B46012CD1E91E6730
:107C600092F8502087B001F1800103F190034FF0AA
:107C7000010006D0022C13D040F225410620FFF768
:107C8000C1FA00240025CDE9013205900090CDE92C
:107C9000034532463B46012005F0DCFA07B0F0BD53
:107CA0000446EFE7440D002008B5094B93F838204F
:107CB000022A04D040F257312720FFF7A3FADA7ADC
:107CC00042F00102DA72BDE80840FFF753BF00BF7F
:107CD000440D002070B50F4DAE6D3478C90001F031
:107CE000080104F0F30492000C4302F00402144370
:107CF0001B0103F0100304F0EC041C4300F003002C
:107D000004433470B5F8643073700223A5F85C3016
:107D100070BD00BF440D0020F7B5184CA56E064697
:107D20000DB1636C23B940F6C4012720FFF76AFA4E
:107D3000B4F848306B702B782F4601F0030123F024
:107D400003030B4307F8033BB4F84820616C384643
:107D500008F0F6FB0DF1020201A9E06EE56367642D
:107D600009F067F9019809F052F9B4F84810306049
:107D70000122E06E09F0FAF803B0F0BD440D0020D6
:107D80002DE9F0412C4C94F83830012B06460F4673
:107D90005FFA83F804D040F60C112720FFF732FA7F
:107DA000E56A2B7933B1002129710420FFF7D4FE55
:107DB00085F805802B7A052B0AD120490220FFF790
:107DC000CBFE236E1B78991E4B424B4184F87030DA
:107DD0001EB1BDE8F041FFF7CDBE002FF9D0636FB3
:107DE000304698470028F4D094F83030002BF0D17A
:107DF000638C9A0716D594F87030002BE9D02B7D50
:107E0000E46A23B1294604F1A800FFF721FF94F8A2
:107E10001521012096210BF027FDBDE8F04100203F
:107E2000FFF7E2BE002BD4D194F87830002BE6D1D6
:107E300094F87930E1E700BF440D0020A40D002044
:107E40002DE9F04F964EF46A91B004F1A8030A931D
:107E50000023CDE90D3396F838300790022B0991B5
:107E60005FFA83FA04D040F6AD112720FFF7CAF974
:107E7000F36B03221D785978A6F8481013447364F5
:107E8000079BA6F8402005F00308002B00F0F480C3
:107E900019B1F06E09F04AF80146627A338DB16685
:107EA0000132D2B282EA950743F4007317F001075A
:107EB000338546D1237A23B3032B62720AD8012B70
:107EC0001FD0D6F880000DA908F0D9FF90B940F274
:107ED000D471CAE7053B012B02D940F2B371C4E764
:107EE00001F00EF810B940F2DE71BEE73946082005
:107EF000FFF732FED4E91C32013342F10002C4E93B
:107F00001C326379002121721BB161711020FFF7CF
:107F100023FE338D43F40063338500230893237DD0
:107F2000C5F3C007CBB1B6F84830B3B105F070FA6D
:107F30000328FBD0022806D1FFF71CFE11B0BDE8D4
:107F4000F08F079BEAE740B9A37A03F001039F4251
:107F500003D1012386F83130EEE7A27A02F0010363
:107F60009F4240D04FF0000BB36E002B40F0968044
:107F7000B6F84830B3FA83F35B0903EA151386F8C1
:107F80007930099B002B40F08F80728C96F88630F8
:107F9000110704D596F87020002A40F08580012B47
:107FA00000F28280736F0120984700287CD096F8F9
:107FB0003050002D78D1E37C002B00F0D78094F86E
:107FC0001461012ED4E91C2304F1800104F190070F
:107FD0004FF0010000F0BF80022E00F0F18040F26F
:107FE0002541062042E7B6F84830E3B108F1FF31F9
:107FF000012918D8318D41F48051318596F88410CB
:10800000994206D296F8303043F0100386F83030AB
:10801000A8E7B16E0029A5D096F8851019B12020E7
:10802000FFF7A2FD9EE70132B8F1030FA27219D04B
:1080300008F1FF32012A0BD8002B93D0D4E91E326D
:10804000013342F10002C4E91E32DDF81CB08BE7B7
:10805000002B87D0D4E91E32013342F10002C4E97B
:108060001E327FE7338D0F49012043F48053207186
:108070003385FFF771FDEDE7237D0BB105F004FAC1
:1080800096F88630013386F88630338D4FF0000B3A
:1080900043F480633385CDF820B065E701236CE7B6
:1080A000440D0020880D002004F09CFFBBF1000F60
:1080B0004CD101230993A54D2B8D5A0606D440209F
:1080C000FFF752FD2B8D43F040032B85089B63B1D6
:1080D000B5F80720B5F805301343E28813431EBFF7
:1080E000B5F809300133A5F80930079B002B00F0E3
:1080F0002681B5F805300133A5F80530002385F851
:108100008630934801F048FF0D9830B108F07FFFAA
:10811000002202720A9901F047FB0E9B33B1002244
:108120001A720C220A990E9801F00CFB099B002B85
:108130007FF402AF2B8D1B063FF500AF8020FFF7C9
:1081400013FD2B8D43F080032B85F7E641460EA8E7
:10815000FFF7E2FDADE72E4605900020CDE9036074
:10816000FB26CDE90176009005F074F8774F94F87E
:108170001421962100200BF077FBD7F82C9097F86C
:10818000503099F8142099F8141103EB8203FF2B57
:1081900003D199F815318B4202D0FF2004F09AFCEC
:1081A000FE6A00238DF83130ADF83230337A062B79
:1081B00000F2B280DFE803F0068E9191B0A3A30035
:1081C0000646C9E797F88730A6F804310DF1320169
:1081D0000FA8ADF8323000F085FE30B10F9820B115
:1081E00005233372BDF8323014E0FB6A93F8513046
:1081F000002B6AD1D7F880000DF131020DF1320168
:1082000008F018FE002860D0BDF83230002B4BD1AA
:1082100001223272B865A7F8643003B1C31C3B6613
:10822000B27A96F809A0367A0B92022E07D0053E54
:10823000012E74D81B78022B4FF003060CD0D7F810
:10824000800008F052FE00286BD1032E04D000F00D
:1082500063FE80F00105EDB23C4F05F0010387F8A5
:10826000783099F81330002B5DD0B7F86430002BCC
:1082700059D051460B9A2B463046FFF72BFD786DAF
:1082800004F006FED7E9150105F04CF8012387F844
:10829000883087F83830BBF1000F3FF40CAF41460F
:1082A0000EA8FFF739FD06E79DF831201AB90280C4
:1082B0008270032395E7027802F00302012A08BFC7
:1082C0004FF0030A86F808A0A4E70023ADF8323087
:1082D000012333721F4800239CE7B6F80431D7F816
:1082E0008000ADF832300DF131020DF1320108F0AD
:1082F000A1FD00287FF476AF40F2C351B5E50DF142
:1083000032010FA800F0EEFD08B10F9810B940F24D
:10831000D251AAE5062364E740F2DC51A5E5012627
:108320008DE7012598E70B9A2B4651463046FFF71B
:10833000D1FCB86D04F0ACFD05F052F8A6E7B5F835
:1083400007300133A5F80730DBE600BF440D0020FD
:10835000700D0020BE0D002010B5064B93F838209C
:1083600002F0FF0422B91C7601F09EFE204610BDEB
:108370000C24FBE7440D0020094B0A4A10B51A6093
:10838000FFF7EAFF20B14FF4B1712720FEF73AFF63
:1083900000F024FD044CE06400F024FD606510BD95
:1083A000A416002050850200440D0020F8B55C4C56
:1083B00094F83860054606F0FF0016B909B102B11D
:1083C00023B94FF420712720FEF71CFF63639DF84B
:1083D000183084F885306162626784F8300084F870
:1083E000860084F8310084F888006084208584F851
:1083F000780084F8790084F87000A0652066A4F8FD
:108400006400E0636064A4F84800E56204F0A4FB43
:1084100004F0E6FF95F91C0104F0E8FBD5F8D06004
:10842000D5F8C80004F0E8FB304604F023FD95F8C9
:10843000240004F0EBFBE36A93F891320BB104F0F3
:1084400079FB0AF0AEFB95F8152100F189010120B6
:1084500004F04AFC334B186804F012FDD5F8BC3028
:10846000C4F88030D5F8C030E366AB7B233B072BE4
:1084700054D9EB7B233B072B50D9B5F8E630B5F840
:10848000EC0095F81411984228BF184609F079FDC0
:1084900095F8E830834228BF034698B295F8E43057
:1084A000984200D3C3B295F8151184F8873005F1CE
:1084B000DC000AF05EF82F7D95F81511B5F8F06034
:1084C00009F05FFD0FB9043080B2864228BF06462E
:1084D000F3B284F8843084F850302B7D23B12946E0
:1084E00005F1A800FFF7B4FB0120FFF77DFBE36A6D
:1084F000D3F8C00104F0E8FC002323606360A360AC
:10850000EB886380B5F8AA30238095F82430237176
:10851000D5F818310BB101221A60F8BD1B23C2E750
:10852000440D0020A4160020014B93F888007047EA
:10853000440D0020024B93F82900C0F3C00070479F
:10854000440D0020014B93F886007047440D002035
:10855000A97C0200417E0200817D0200D57B0200E1
:10856000F0B5070CA7F5AA42144B543A012A03EAC6
:1085700090231FD927F4004042F6AA22801A18BF80
:1085800001200022162116461F2487EA060562EA0A
:108590000505013510D0DD03ADB245EA5606E50309
:1085A000ADB2013945EA52024FEA53034FEA54048F
:1085B000EBD1F0BD0020E4E70020FAE7E0FF3F0048
:1085C000304BF0B55A89B0F86070B0F85E609D89A4
:1085D000974228BF1746964228BF16461B2E85B0E5
:1085E0000C462ED0B5F5A47F2DD040F648039D4211
:1085F00001A928BF1D4608F0DBFEBDF80A30BB42CA
:1086000028BF3B46E380BDF80C30AB4228BF2B4669
:108610002381BDF80630B34228BF33466380BDF8DE
:108620000830AB4228BF2B46A380FF232370E3888A
:108630001B3B9BB2E02B08D940F209513920FEF7D1
:10864000E1FD1B2FCED105B0F0BD63881B3B9BB273
:10865000E02B02D940F20B51F0E72389A3F5A47374
:108660009BB2B3F5E06F02D940F20D51E6E7A38863
:10867000A3F5A4739BB2B3F5E06FE4D940F20F51B8
:10868000DCE700BFD00D002010B501210020FFF76E
:10869000E5F8044670B90121FFF7A4F8044620B9B3
:1086A00040F225313920FEF7ADFD034B93F9181048
:1086B0000AF078FD204610BDD00D0020014BD8886F
:1086C000704700BFD00D0020044BD87CC0F34000A1
:1086D00080F0010000F00100704700BFD00D0020C5
:1086E00008B509F0E0FB00F05BFD00F09BFB09F032
:1086F000A1FE01F0BFFC03F0C7FE084B08480022B2
:108700001A60084B4FF01B11C3E901014FF4A4712B
:10871000D960DA741A801A8208BD00BFA81600203A
:1087200003021B00D00D0020034B41F64C525A614E
:108730001B229A74FFF7D4BFD00D0020F7B5284D47
:108740006B69C0F8DC3000F1A807264BC0F8C430D4
:10875000044638460AF0B9FB064600F053FB830690
:1087600054BF1B23EB88A4F8063158BF1A461E4B92
:10877000A97C1B6848BF2A89A4F8082184F8E41062
:10878000A4F8E66023B194F91C11B4F8AA00984744
:108790001649384609F072F90123EA886979A4F884
:1087A000DA302B89019129790091033303329BB28E
:1087B00092B204F1C00104F1BC00FFF7C1F8D4F893
:1087C000BC3023B940F2E2413920FEF71BFDD4F85A
:1087D000C03013B940F2E341F6E703B0F0BD00BF8B
:1087E000D00D002000093D00AC160020DE0D002059
:1087F000024B1B6803B118470C207047A8160020D5
:10880000034BDA8802801B7983700020704700BF19
:10881000D00D002037B583781A2B054608D8042BD5
:1088200004D9144A22FA03F3DB0705D412241AE010
:10883000292B01D03B2BF9D12888B0F5706FF5D2E8
:1088400001A909F0C2FB88B9019B93F8202102F02D
:10885000FF046AB9AA7883F82121FF2283F8202136
:1088600001A808F078FE204603B030BD0224FAE7E4
:108870000C24F8E7200038040188A1F11B039BB207
:10888000E02B0CD84288A2F5A4739BB244F24810A6
:10889000834204D8034B002059819A8170471220EB
:1088A000704700BFD00D002038B50278447802F040
:1088B000010354EA030102F0020201D1112038BD84
:1088C000BAB98578002DF9D0002B18BF002400E03C
:1088D0001D46204608F05FFD0028EFD0284608F02E
:1088E0005AFD0028EAD0054B00209C73DD731882E6
:1088F000E5E7002BECD000242546EAE7D00D002068
:1089000013B5008801A909F079FB044620B9019844
:1089100090F832311BB13A24204602B010BD90F8D5
:108920005C3003F0FF04002BF5D190F853309B0727
:1089300006D1FF2380F8323101A808F00CFEEBE7E6
:108940000249543009F09EFDE6E700BFF92A030012
:10895000F7B50778EF2F05460C460FD890F90120A0
:108960004378002A0ADB8278900707D113F01000C1
:108970001DD1990603F0030202D51AB1122442E078
:10898000032AFBD01E07F9D42979EA78EE7942EA66
:108990000122697942EA0142A97941EA06212E7A47
:1089A00041EA06418A42E9D81F2A0FD8E6E713F0C8
:1089B000600FE3D103F00702052A05D003F00F0191
:1089C0000D22CA40D107D9D51A07DDD56A7A013AF6
:1089D000062AD3D8AA7A032AD0D813F0040102D1E8
:1089E000023A012A03D8EA7A012AC7D811B9AA7C27
:1089F000032AC3D82A7D48B1012ABFD12A7E012A81
:108A0000BCD830B91124204603B0F0BD022AF5D1FC
:108A1000B4E7DB0712D46B782A7D03F01803082B28
:108A200011D1022AEED101213846FEF717FF064682
:108A300078B10AF06BFBB8B10C24E4E700F0A2F9BE
:108A40000028E8D1DEE7022AEDD02B7F002BEAD008
:108A5000D8E701213846FEF7C5FE064640B3154B60
:108A600093F918100AF09EFB30460AF08BFC294659
:108A70002070E87430460AF0DBFBEB7E0446002BE6
:108A8000C1D00028BFD1B16A0246684608F06CFB2D
:108A9000B06A2246012108F0B3FBB16A684604229D
:108AA00008F062FBB06A2246214608F0A9FBAAE75B
:108AB0000724A8E7D00D002030B50279042A8BB036
:108AC00003464FD84088B0F5804F4BD826498D5C7F
:108AD000114400244A79ADF8004042F0100242EA05
:108AE00045028D7AC97B8DF8084042EA850242EA48
:108AF000C10202F01F028DF80020BDF80020ADF881
:108B000009201A888DF80B208DF80E00120A000A31
:108B10008DF80C208DF80D408DF80F008DF8104069
:108B20005A7B8DF811205A798DF812209A79D3F852
:108B300007008DF81320B3F80B209B7B8DF81A30BB
:108B40007F2305908DF81B3069464FF0011302A872
:108B5000CDE90734ADF818208DF82440FFF7F8FE72
:108B60000BB030BD1220FBE7EC4C050073B5064698
:108B7000FFF78AFD04460AF010FC3378012B054606
:108B80005FD120460AF041FB00287AD020460AF047
:108B900004FC18B115B9122002B070BD20460AF0CD
:108BA000B5FA08B10C20F7E720460AF0ECFA0646C1
:108BB0000028F7D1204602F00DFC0028EBD0ED0193
:108BC00042F2107331462046ADB25D430AF0D1FB4C
:108BD00020460AF0DAFB014658B92A46204601F041
:108BE000F5FD08B90020D7E741F698213920FEF7B6
:108BF00009FB31460DF10600FEF7BCFD064608B93B
:108C00000D20C9E7BDF8061009F007FA31462046E5
:108C10000AF0C7FB3046FFF791FD2A463146204651
:108C200001F0D4FD024610B141F6B421DEE7164B47
:108C3000DB69002BD6D006F5917106F1A8009847A4
:108C4000D0E7002BA7D120460AF0DFFAC8B12046B2
:108C50000AF05CFA0028C5D020460AF006F905465D
:108C600020460AF005F9014600289BD1002DB9D015
:108C7000B5F8AA00FEF708FE0028B3D041F6D621C9
:108C8000B4E7422088E700BFD00D002002780346F9
:108C900072B1427862B142881A2A09D982881A2AA6
:108CA00006D9044A006850609B88138100207047F1
:108CB00012207047D00D0020024B02685A6100203C
:108CC000704700BFD00D00200378A3F10A02112ADB
:108CD0009DBF024A0020937412207047D00D0020DF
:108CE00008B5052000F082F803F08EFB014B024A24
:108CF000DA6108BDD00D0020C185020008B5094B1E
:108D000001221A7002F056FB0AF0FCFC09F0C9F8C7
:108D1000FFF732FB002008F0F4F9BDE8084000F04E
:108D20004BBC00BFF00D002010B5064C0649201DBD
:108D300008F053FE04F108000449BDE8104008F0B3
:108D40004CBE00BFF00D0020480000205000002065
:108D500010B5084C0849201D08F03FFE04F108003A
:108D6000064908F03AFE04F10C000549BDE8104040
:108D700008F033BEF00D00205800002060000020F5
:108D800068000020014B1878704700BFF00D0020EC
:108D900010B5064C00F0ECFB606808F016FEFFF71B
:108DA000C3FC00F07FFD0123237410BDF00D0020F3
:108DB000014B187C704700BFF00D002010B5064C29
:108DC000A06808F002FEE06808F0FFFDFFF788FCED
:108DD0000023237410BD00BFF00D00200048704731
:108DE000010E002000487047030F0020C20804490C
:108DF00000F0070001238340885C03438B547047D5
:108E000010000020014BD3E9000170471000002042
:108E1000034B1868C0F30020400040F00100704789
:108E20001000002008B505F08BF8084A002332F83E
:108E30002310814205D302EB83029378044A137016
:108E400008BD01330C2BF2D10023F7E7004D0500DC
:108E50000510002008B50068B0F8AA30A0F8653108
:108E600090F8143180F86411012B06D0022B04D045
:108E70004FF43F710620FEF7C5F980F8673190F88E
:108E80001531012B01D0022BF2D180F86831BDE8F9
:108E90000840024900F25B1009F0F4BA671A0300B7
:108EA000024B002283F822209A847047061000208B
:108EB000044B93F82220012A1ABF036001200020EE
:108EC000704700BF06100020054B93F822100129BF
:108ED00002461DBF012083F822009A8400207047BB
:108EE00006100020054B024693F8220020B11360C3
:108EF00009B19B8C0B800120704700BF0610002039
:108F0000044B93F8220000229A8410B183F82220A7
:108F10000120704706100020034B93F82200B0FA9E
:108F200080F04009704700BF0610002050B90A4A7F
:108F30001346012003F8010B0868C2F801008A8873
:108F40009A807047012805D1034B0A689A608A8885
:108F5000D8719A81704700BF2C10002050B90B4B7C
:108F6000187888B1D3F80120B3F805300A608B80F7
:108F700001207047012806D1044BD87920B19A68A6
:108F80000A609B89F3E70020704700BF2C10002087
:108F900010B9044B18787047012806BF014BD879E7
:108FA000002070472C100020F7B500238A888DF828
:108FB0000600ADF8042008680B4A8DF80730019DC3
:108FC0001478014602F5A872D8B2844201D808206C
:108FD00008E052F8087F5668AE4208BF8F4203F19E
:108FE0000103F1D103B0F0BD4010002030B5094BB2
:108FF00001465C78002203F20113D0B2844201D80A
:10900000082005E013F8015F8D4202F10102F4D15E
:1090100030BD00BF40100020F0B5254D95F89841B7
:1090200089B0224605F29911684607F089FA21466F
:10903000684608F057FF0446B8B300EB4001C9B2D8
:1090400002A8FEF76BFD631E95F8A161DBB2012457
:1090500095F8981105E0721CB2FBF1F001FB1022AB
:10906000D6B206F120020DEB020010F8202C002AE7
:10907000F1D103EB43012031694406EB46022A4457
:1090800011F8187C82F8A27111F8177C11F8161CDF
:1090900082F8A37182F8A41100F8204C013BAA19B0
:1090A000DBB2FF2B82F89941D2D109B0F0BD00BFED
:1090B0004010002070B5064688B00C46002A4ED0FD
:1090C000294A92F8A131D01890F8991119B9FF21C5
:1090D0002820FEF797F803EB43011144013391F880
:1090E000A251E57091F8A35191F8A411617100218A
:1090F000257180F8991192F89811B3FBF1F001FBFA
:10910000103382F8A13192F8C23123B9174902F520
:10911000DD7009F0B4F9657905F03F0545F04005CB
:1091200065710D220021684607F0CAF9E3788DF8D1
:109130000F3023798DF80E3004AA04236946304697
:109140008DF80D5007F01AF89DF81F3023709DF828
:109150001E3063709DF81D30A37008B070BD0321F0
:109160006018FEF7DBFCD6E74010002019900200E3
:10917000044B5A78824286BF1B1893F84A0100209C
:10918000704700BF40100020044B5A78824286BFCF
:109190001B1893F842010020704700BF40100020C8
:1091A000064B00224FF461711A8083F8C32183F8C3
:1091B000C421A3F8C61183F8C221704740100020D3
:1091C000014BB3F8C60170474010002030B50A4B80
:1091D0005C7884420ED9184490F802012B3003EBDE
:1091E000C004A5790D7053F830001060A3889380F7
:1091F000012030BD0020FCE7401000200246074857
:1092000010B590F8C34124B1417821B1023003F088
:109210005DF9204610BD0C46FBE700BF4010002062
:109220002DE9F74F2F4C9A46637883428046894652
:1092300056D9231893F8425185F00105F9B193F8F6
:109240004A31E3B945F002070135BAF1000F18D1F0
:10925000FA070AD5062101FB084104EB0810524623
:1092600001F585718230FFF725FFBB0734D504EB8C
:109270000810524649460230FFF71CFF2CE02F46EB
:10928000E3E794F8A1614FF0010B002DE0D0A319A2
:10929000019393F8991199B90092DAB100F0D2FADA
:1092A00006EB46012144019B81F8A2014FEA102CF4
:1092B000009A81F8A3C1000C81F8A40183F899B148
:1092C00094F898310136B6FBF3F103FB1166F6B260
:1092D000013DDAE747F00407384603B0BDE8F08FF8
:1092E0000027F9E740100020074B5A78824209D93D
:1092F0001A1892F842212AB9062202FB003000F522
:10930000857070470020704740100020064B5A7847
:10931000824281BF1B1893F83A01B0FA80F04009ED
:1093200098BF0020704700BF40100020034B80F81A
:1093300074101B680BB1408818477047B0160020A6
:109340000B2808B504D940F229112920FDF75AFF4E
:10935000014B33F8100008BD304D0500036830B5EF
:109360000024D3F8C400A3F84040B3F8444042F2CC
:1093700010754443B4FBF1F4A3F844404C1E05FBC4
:109380000242B2FBF1F2A3F84220094AB2FBF1F229
:109390000132A3F848209A8F05FB02445A6BB4FBB4
:1093A000F1F450439C63B0FBF1F0586330BD00BF53
:1093B000005A620213B540F6B8338387B0F8CE2066
:1093C000D0F8C4100190044601A8FFF7C7FF0C4B6A
:1093D0001B68062B01D001330FD10A4B1B68063BDB
:1093E00008330AD9D4F8C800FFF7BAF880F00100B2
:1093F000C0B284F8910202B010BD0020F9E700BFAE
:10940000281600202C1600200346084671B13F2B79
:109410000BD8074AD35C03F07F02914205D08CBF82
:109420000120002000EAD31070470120704700BFE0
:10943000484D0500FF230B7002234B7083238B7074
:10944000014B1B78CB7070470C1200202DE9F84FB0
:10945000D0F80480D8F8186030460C4607F0C5FDF7
:10946000054620B94FF4AA711020FDF7CBFE014646
:10947000304607F0C8FDB5F800B01FFA8BF78246FA
:1094800017B94FF4AC71EFE7224B1B6800F10309E9
:10949000D3B998F8023098F8032023706378A4F8C1
:1094A00002B002F00F0223F00F03134323F0C003B6
:1094B00063709AF8003003F00303012B0FD0022BE6
:1094C0000DD04FF4BB71CFE7B8F802003A464946D9
:1094D000984705460028DCD12846BDE8F88F627819
:1094E00063F305126270304607F093FD054610B92C
:1094F0004FF4C071B8E7FB2F02D940F28F11B3E7E8
:109500003A464946201D07F01BF8304607F0DCFCC0
:10951000E2E700BFB416002038B5134C102200213A
:10952000201D06F0CDFF01252574102204F108034B
:10953000002104F11400C4E9013306F0C1FF84F8EE
:10954000205004F11803C4E90533084A002363627C
:10955000A36284F82C30C4F82D30C4F8313084F87C
:1095600035301360A36338BD0C120020B416002000
:1095700010B5084C2378FF2B04D040F2991110202D
:10958000FDF740FE06F040FE2070BDE81040FFF7FA
:10959000C3BF00BF1D00002010B5034C207806F0AB
:1095A0004DFEFF23237010BD1D000020014B1878D5
:1095B00006F054BE1D000020014B024A1A6070479D
:1095C000B81600204D9402002DE9F341DFF87081B8
:1095D000054608F11407D8F80830D8F81840227A60
:1095E000012A22D1D8F8382052B1137A1BB9BF21F1
:1095F0001020FDF707FED8F83840C4B9002083E0FA
:109600001A7A012AFAD04C4A1C46EFF3108172B63E
:1096100050680068506001B962B6A34208BFC8F83C
:109620003840237A1BB9EE21E2E73A46EDE7267A85
:10963000F6B205232372731E0B2B6ED8DFE803F0FE
:109640006A062235676D3E6D6D6D6D5B636813B99B
:109650004FF40371CCE72046294698470420EFF3E6
:10966000108272B6237A052BD9B24FF0000359D17C
:109670002372D8F83810A14201D1C8F83830B2BBF3
:1096800062B634E0636813B940F21521B0E72946A9
:10969000204698470346C3F30723012BADF8040087
:1096A000C0B22FD0022BDAD11AE0636813B940F2AE
:1096B0001D219DE7204698470020D0E763680BB93D
:1096C000FE2195E786222A7001225988AA706A71C4
:1096D00000225869A5F80310AA7107F0F5FB0420D1
:1096E000D8F83830A34202D10023C8F83830002817
:1096F0003FF471AF08E0114B29461B68204698479C
:10970000034668B9267298B102B0BDE8F0814FF403
:1097100015716DE740F257216AE740F25A2167E779
:109720000220DDE711B940F27B2161E71846A6E788
:10973000002B7FF450AF61E710120020B816002014
:109740000C12002010B51346027A22B140F2023109
:109750001020FDF757FD0A46BDE8104001460148BC
:1097600008F06ABE10120020044890F82C301BB993
:109770000349243008F07DBE704700BF0C12002062
:10978000292403000346064890F83C203AB190F89B
:10979000352022B900F82D3B024908F06ABE704717
:1097A0000C1200203594020010B50A46037A23B14A
:1097B00040F20A311020FDF725FD0146BDE81040BA
:1097C0000148072308F038BE201200201346027A11
:1097D0000AB1037270470A460146014808F02CBEE0
:1097E000101200201B234FF01B128384038482611C
:1097F0008382C260038539B94FF4A473034AC384DA
:109800004384C261C3820261704700BF48014801BE
:10981000014908F037BE00BF8B2403000B8BA2F870
:109820000B304B8BA2F80D308B8BA2F80F30CB8B0B
:10983000A2F809000249A2F81130104608F01CBE37
:10984000DB240300094AD2E90003434083EAB01154
:1098500081EA43214FEAF3435360054B11605843BB
:109860004FEAF06000EB8000704700BF4C12002010
:10987000BB79379E094AD2E90003434083EAB0111D
:1098800081EA43214FEAF3435360054B116058438B
:109890004FEAF06000EB8000704700BF200000201E
:1098A000BB79379E10B50A4C09480821FEF736F9F6
:1098B000D4E900321343F7D0064CFFF7DBFF2060FA
:1098C000FFF7D8FF236860601843F6D010BD00BFD3
:1098D000200000204C120020174B184A9A60184AAA
:1098E0005A60184A1A60184A9A62184ADA62184A84
:1098F000DA60184A9A61184A1A63184A1A62184AB2
:10990000DA64184A9A64184A5A62184B184A9A60DC
:10991000184A5A62184ADA62184A1A61184A5A6191
:10992000184A9A61184A1A63184A9A64184ADA64FB
:10993000184A9A63704700BFBC1600201528030020
:109940003B280300A12803005D290300A729030089
:10995000999C0200B92903000D9F0200959D020009
:109960007D2A0300952A0300E19D0200BC17002018
:109970002B280300512A0300D7290300872903005D
:10998000F7290300259D02001B2B0300C32A0300B7
:10999000B52A03003B2A0300044B054A5A65054BD0
:1099A000054A1A65054A5A65704700BFBC16002073
:1099B000C92B0300BC170020B32B0300352C030078
:1099C000054B064A9A65064A1A66064B064A9A6588
:1099D000064ADA65704700BFBC160020531C03001E
:1099E000071D0300BC170020A31B0300871E0300F4
:1099F00037B5044601A80D46FFF75AFA20B94FF4CF
:109A0000AA615120FDF7FEFB00210198222206F0F9
:109A100057FD019B194601F8035F023D232D00F21B
:109A20008980DFE805F02587128A8A25872B878AB7
:109A3000313D418787458A8A4E4E6565878787878E
:109A4000878787878787876C77802168D1F8CE21C1
:109A50005A60D1F8D2219A602268D2F89420DA6054
:109A60000D20FFF731FA002869D140F25751C8E7BD
:109A7000226892F8A0201A710220F2E7204600F036
:109A80000BFA0028EDD13DE011221A7159225A71CA
:109A900000229A713922DA7110221A720620E0E748
:109AA000226892F89A20E6E7084600F0E3F9E8E732
:109AB000226892F89B10197192F89A205A7103202B
:109AC000CFE72268B2F800111971090A5971B2F88A
:109AD000A2109971090AD971B2F8FC101972090A19
:109AE0005972B2F8A0209A72120ADA720920B8E705
:109AF000226892F82E11197192F82F21DEE7114B8E
:109B00001B6813B940F249517BE72320224698474E
:109B10000420A6E70B4B1B68002BF3D02246242021
:109B2000984705209DE7074B1B68002BEAD022468B
:109B30002520F5E740F2445163E7012091E703B0A7
:109B400030BD00BFBC1800203F289ABF024B53F81D
:109B500020000020704700BFBC1600203F289ABF9D
:109B6000024B53F820000020704700BFBC170020B4
:109B7000F7B50568D5F8BC6004464FF6FF770DF1E0
:109B800002010DF101023046ADF8027007F052F902
:109B900001A9304607F073F948B1019807F037FA88
:109BA0002168A83100220272FFF7FEFDE7E70449B1
:109BB00005F1280003B0BDE8F04008F05DBC00BF2F
:109BC000A9270300F0B5044685B00D46FF2600F82E
:109BD000A56C10F8A63CF3B1174F3B781BB162217E
:109BE0001F20FDF70FFB0C21381DFDF797FF3E707E
:109BF000002304F8A53C2A468A2302F8033BD4F844
:109C00000930C5F80330D4F80D305360D4F8113062
:109C1000936005B0F0BD01A80C21FDF77FFFA4F50E
:109C2000F473039A1A6001AB03CB44F8AE0C44F80A
:109C3000AA1C04F8A66CDBE75412002010B5054CF2
:109C400023782BB90C21201DFDF768FFFF2323701B
:109C500010BD00BF54120020024690F8D631BBB9A7
:109C600090F8D73103F0FF010BB100207047094B8A
:109C700018780028F9D01970D968C2F89410043304
:109C800003CBC2F8CE01C2F8D211FF2382F8D6313D
:109C9000012070475412002038B50268D37B044677
:109CA0000D463BB1122B05D0103B0F2B8CBF012072
:109CB000082038BD92F8523013B9204608F03AFD1A
:109CC0002268D5F80B30C2F8C631D5F80F30C2F88B
:109CD000CA312368D5F81320C3F89020B3F8AA201E
:109CE000A3F88522D5F80120C3F88722D5F80520EE
:109CF000C3F88B222368B5F80920A3F88F222368C4
:109D0000002583F89E5183F8D6512068044900F558
:109D10001F7008F0AEFB23681522DA732846C8E7E7
:109D2000C59B020010B50368DA7B1F2A044604D0E5
:109D300040F29D211F20FDF765FA93F85220B3F8F9
:109D4000AA00002183F8511082B1C3F8A91183F849
:109D50005210A3F8AD110D49A3F8AA0103F5D07074
:109D600008F087FB23680022DA7310BD0121A3F8F5
:109D7000990183F89B1183F89821054983F89F2165
:109D8000A3F89C2103F28F10EAE700BF45290300E6
:109D90002D29030038B505682B6813F0010419D18B
:109DA000D1F801200C4BD1F8051013400B4AC5F82F
:109DB0006230C3F3076343F008030A4085F8653057
:109DC000C5F8662008F0B6FC2B6843F001032B6051
:109DD000204638BD0120FCE72FC904F76FDB008067
:109DE00010B50068837B042B2CD1D1F80130D1F859
:109DF0000540C0F86230C3F3076343F0080380F8FE
:109E0000653000234A1CC0F8664080F84A308373EE
:109E100090F8713103F0FF040BB1002010BDB0F8D1
:109E2000AA30A0F8733180F87241D1F80130C0F83F
:109E300075315368C0F87931034900F2691008F0B0
:109E400018FBEAE70120E9E7112A0300006890F80F
:109E500071315BB9B0F8AA30A0F873311A2380F8D9
:109E60007231034900F2691008F003BB704700BF6C
:109E7000112A030010B50446FEF7C4FF044A054B3F
:109E800002400B40C4F80120C4F80530092010BD81
:109E90002FC904F76FDB008037B50C460568FEF765
:109EA000B1FF0A4A0A4B0A4095F86210019203403A
:109EB00000930B408DF800306B4603CBC4F80100D3
:109EC0000920C4F8051003B030BD00BF6FDB00806F
:109ED0002FC904F738B5DB04154604D5037D13B14B
:109EE0000023436338BD446B0134446308F0F4FD40
:109EF000836B9C42F6D30023436303492846BDE8A5
:109F0000384008F0BFBA00BF712A030038B50468B2
:109F1000A37B012B054602D02368980738D494F818
:109F200053309A0713D44A7884F85D204A88A4F8FD
:109F30005E208A88A4F86020D80743F0020284F8E3
:109F400053200FD5134904F1540008F09BFA94F8FC
:109F50005330D90711D423689A0708D558214020D7
:109F6000FDF750F994F83231002BEBD1EFE743F0D5
:109F700002032360284608F0DDFBA37B012B4FF092
:109F8000000301D0002038BDA37384F84A30F9E7FC
:109F90000120F8E7F92A030070B50568044602F0CD
:109FA00051FA054BE8721B6801461BB12046BDE81B
:109FB0007040184770BD00BFC4180020024B1B68DA
:109FC00003B11847704700BFC0180020F0B51F4DFF
:109FD0002B78002414709BB1013B6D68DBB21E1B13
:109FE000012E0FDC05EBC40655F8347076688E42FE
:109FF00008BF874227D0B84271EB060612D2147010
:10A000000020F0BD1E19771005EBC70E55F837C0BC
:10A01000DEF804708445C6F347068F412CBF3346F3
:10A020003446DCE705EBC30455F8335064688C42D2
:10A0300008BF854206D0A84271EB040428BF013353
:10A040001370DDE71C4614700120DAE7741200205B
:10A0500010F0070208B503D063214820FDF7D2F8BD
:10A0600018B1034B197258601A70C80008BD00BFC0
:10A0700074120020014B00221A70704774120020E5
:10A08000FF230B70074A0D234B7082238B701368DC
:10A09000C1F803305368C1F807309368C1F80B303A
:10A0A000704700BF8A12002002481622002106F0E5
:10A0B00007BA00BF8A1200200B4B5A7D92B14A06A4
:10A0C00010D5B0F8AA201A80D0F850225A60D0F8E3
:10A0D00054229A60C2885A800449022203F10C007B
:10A0E000FFF774BB704700BF8A12002081A00200F6
:10A0F000094B53F8203070B503F523430C46164640
:10A10000A1334FF47A72B3FBF2F503F02FF8344425
:10A110002C44204470BD00BF4C4E05002DE9F04F8B
:10A120008FB09A4690F815310793044689460692F7
:10A1300007F097FC834694F81F01FFF701F9834469
:10A1400008F02FFDE37B0393069B1FFA8BFB00F1C6
:10A150006007002B4BD1637B032B48D1039B0C2B57
:10A1600032D1B4F86C324B452ED1D4F8F031C4F86A
:10A17000E031D4F8C430B4F8C421C4F8E431B4F800
:10A1800062321344C4F8E831204602F007F9D4F8EB
:10A19000742294F81D31C4F8C42041F64B518A4210
:10A1A0008CBF002303F00103D4F87012D4F8782296
:10A1B000C4F8D41084F81E31B4F86E12A4F8D81084
:10A1C0000223C4F8CC206373E37BA17B282B01D04E
:10A1D00028290CD1B4F86C32A9EB03031A0406D475
:10A1E000A1F1280359425941204601F099FCB4F8E5
:10A1F000605294F815310893A9EB05052DB204F5CA
:10A200000C73002D0493BEBFD4E99223C4E99623B6
:10A210000123B4F80680B8BF0493D44BA8BFCDF88F
:10A2200010A0A9EB08081B780FFA88F8B8BF4546BC
:10A2300013B103F079FE50B90026637B032B00F2C3
:10A24000D581DFE813F069006F01BE009701B4F813
:10A25000D831012BF0D9637B022BEDD094F8026248
:10A26000002EE9D194F81F01FFF76AF8637B00F52F
:10A27000C86B012B1FFA8BFBD9B23FD1A27CD4F85B
:10A28000D430032A33D1D4F8E42113445946D4F806
:10A29000E401099303F00CFED4F8E061099BD4F8C3
:10A2A000E821C4F8E001861B59461846564303F0DE
:10A2B000FFFDD4F8EC31C4F8EC01C31A5946D4F8C8
:10A2C000C4001E4403F0F4FDB4F8C431D4F8E8210E
:10A2D00043445B1B9B1AD4F8F021013B821A02FB1A
:10A2E00003660123C4F8F00184F80232A5E7304682
:10A2F000099307F055FE099B0344C7E7D4F8C4004F
:10A30000594603F0D5FDB4F8C461D4F8F0314644A1
:10A31000761BC31A5E43E4E70121002007F040FEEC
:10A320008046D4F8D4005946404403F0C1FD594654
:10A33000C4F8EC01D4F8C40003F0BAFD0BA9C4F8CA
:10A34000F0010CA802F05EFE0B9B0093D4E996018D
:10A35000DDE90C2303F07EFE049004F1A80008F070
:10A3600092FCD4F8D410D4F8642294F815018D1816
:10A3700002F004FFD4F8EC11049B203D6D1AED1B94
:10A38000454400F52340ED1AA1304FF47A73B0FB39
:10A39000F3F0B4F8D83030312D1A03EB410194F8C2
:10A3A00015013A46FFF7A4FED4F86432EB1A2230C6
:10A3B000DA2BC4F8F4015DD840F2C7413020FCF735
:10A3C00021FFD4F8D430D4F8E4015946184403F0FE
:10A3D0006FFD5946C4F8EC01D4F8C40003F068FDE1
:10A3E000C4F8F00104F1A80008F04DFCD4F8D43012
:10A3F000D4F8E4511D44B4F8C431002B40F08E80F1
:10A40000BAF1000F00F08A8094F8150102F0B6FE50
:10A41000D4F8EC11D4F8503294F815216D1A203D7F
:10A420001D44D4E992BC524B53F82220A5EB0B05F6
:10A430004FF47A7302F2E732B2FBF3F21544ED1BEC
:10A4400000F52340A130B0FBF3F02D1AD4F8E82139
:10A45000D4F8E03194F8150102FB0313B4F8D810D6
:10A46000303301EB43013A46FFF742FE0123C4F8C3
:10A47000F4016373D4F8C430D4F8F0217E3B9B1A06
:10A48000DF1B002384F83032D4E996328742A5EBF3
:10A49000060528BF07465B1942F10002C4E9903265
:10A4A000C4F8C07104F1DC0008F061F8042384F8FA
:10A4B0003932D4E99023C4E99623B4F8B031A4F832
:10A4C0006092A3EB09031BB2002BD4BF0022012230
:10A4D000520084F83822039A38440C2AC4F8340213
:10A4E00000F08780BAF1000F40F08680637B002B7C
:10A4F00000F09F80D4F8C410D4F8F03104F50C704B
:10A50000C91A07F010FD80B2002800F09280189B55
:10A5100003B1188001200FB0BDE8F08FD4F8EC1122
:10A520006D1A93E7D4F8F011D4F8C430B4F8C4210C
:10A53000D4F8E8015B1A4244121A5D43D4F8EC31B6
:10A5400002F1FF3CD4F8E021303302FB003301FB81
:10A550000C33B4F8D81094F815013A4601EB4301D6
:10A56000FFF7C6FDC4F8F40184E700BFA012002085
:10A570004C4E0500D4F8F0E1D4F8C430B4F8C4C1AE
:10A58000A3EB0E035D43049B3BB3BCF1000F24D14E
:10A59000D4E99423D4E99201904271EB030302D3EE
:10A5A00040F20E510AE707992B4B53F82130D4E9BA
:10A5B0009201CDE904010498203A121A03F2E7311E
:10A5C0004FF47A7B03F52343B1FBFBF10A44A1333B
:10A5D000B3FBFBF3D21AD21B15440CEB08010EFBA4
:10A5E00001F1303108983A464900B9E740F2265166
:10A5F000E4E6BAF1000F1CD0B4F8D80118B3B4F8EF
:10A60000DA1194F8DC21A4F8DA1101FB022290425D
:10A6100001F101050DDD002B0BDD002384F838323C
:10A62000A4F8DA51FFF70EF900F00700013084F8C2
:10A63000DC0104F50C7104F5027004F021FE20B970
:10A6400040F27651BAE60146DBE7069B83F0010350
:10A6500084F8003200205EE74C4E05002DE9F843F7
:10A660000E46044618B9D3213020FCF7CBFD05294E
:10A6700000F2A780DFE801F00376413DA52E03F04C
:10A680002BFEC4E94601204600F0C8FFD4F80C01B7
:10A69000CB3803F0D7FC204608F07FFE054600BB10
:10A6A0000146204608F0B6FD00F1E506D4F80C019D
:10A6B000B04209D2301A322838BF3220032103F0C9
:10A6C000DBFD60B103F0C2FCC4F80C61204608F069
:10A6D00076FE45B12046BDE8F84308F071BE01257D
:10A6E000F2E70025F2E7D4E94623C4E94023BDE8B8
:10A6F000F883BDE8F84302F091BC08F096FD04230E
:10A7000084F811318146884603F09AFC07220F46EF
:10A71000A9FB023102FB0811D4E940525B1941EB5D
:10A720000205D4F8E8203AB159EA080204D0984268
:10A7300077EB050228BF012684F81061D4E948268A
:10A74000121A66EB070694F8301139B9012A76F12E
:10A7500000010BDA204600F069FF03E0012A76F1E0
:10A760000006F7DB002384F82831C0E7984277EB36
:10A7700005010FD259EA08080CD01B1A65EB070136
:10A780009A4276EB010005DB012B71F10000A4BFBA
:10A790001A460E460C490123914284F829314FF0A4
:10A7A000000384F80831B341B8BF0A4604F1C00081
:10A7B00004F5847104F0F8FD002898D140F2B261EC
:10A7C00052E7EF2150E700BF0040420F2DE9F84368
:10A7D00004460E46154690F8283103F0FF07002B7B
:10A7E00040F0948000F1C00839467822404605F0D8
:10A7F00067FE47492246404604F03CFDC4F8E86045
:10A80000FF2384F8283166B1FFF734F800F0070021
:10A81000013086F8DC013F49324606F5027004F04B
:10A8200029FD40F202434FF00009A4F8103184F8EA
:10A83000089103F08FFB00F19E06204608F0ADFD65
:10A84000B6B20146C0B307F00CF900F1280189B295
:10A85000284603F02DFB2844C4F80C0103F0F0FB5C
:10A86000301841F10001C4E94601012084F8EC00F0
:10A87000A4F81E9008F043FEE53D2D1AC4F8F050F0
:10A880004FF0FF356FF00041D4E94623C4E9485149
:10A890000025C4E93E23C4E9402384F8295142F24B
:10A8A000107204F58471404604F07EFD38BB40F21E
:10A8B000B9113020FCF7A6FC204608F0ABFCDFF80D
:10A8C0005890E530C4F80C01B9F8020048B1E08BAB
:10A8D00038B1FEF7CFFFB9F80230B0FBF3F202FB5C
:10A8E0001300064403F0ACFB361841F10001C4E943
:10A8F0004661002DC4D0AD1941F10001C4E72946DD
:10A90000204608F05FFD3846BDE8F8830C27FAE7DB
:10A910005DA60200A12C0300A0120020F0B50023C8
:10A9200085B0CDE9003301238DF806306846FCF789
:10A93000CFFF70B1104E012333710023CDE90233F4
:10A9400002A8FCF7C5FF044638B10023337105B0F7
:10A95000F0BD009808F08CFAE8E7029D6B7B002BB5
:10A96000EED005F50277384603F020FC384603F0B8
:10A9700031FC6C73E4E700BFA0120020054B0022FD
:10A9800001215A7119701A7142F210725A80FFF740
:10A99000C5BF00BFA0120020014B5871704700BF17
:10A9A000A012002008B502F071F8044B9A688242A8
:10A9B0002ABF1879002080F0010008BDA0120020F5
:10A9C0002DE9F3470446062900F2DB80DFE801F0B9
:10A9D00004847381878CD300D0E99201D4E9942355
:10A9E000904271EB030354D294F80232002B50D002
:10A9F000637B032B4DD108F0D4F894F815A1814660
:10AA000007F02FF8064694F81F01FEF799FC06445C
:10AA100094F81F01FEF794FCD4E99223D4F8507205
:10AA2000D4F8C05180465046BF1A02F09FFB564AE8
:10AA300052F82A20A5F1600302F52342A1324FF417
:10AA40007A71B2FBF1F29B1AA3EB09031B1A09F10D
:10AA5000890909EB5309B6B2603B08F5C86873432E
:10AA60001FFA88F8B3FBF8F360335A08A9EB5303D5
:10AA70009F4202D391444F4501D903F05BFAD4F8C9
:10AA8000C400314603F014FA0023C4F8F00184F83E
:10AA900002323E4B1B7903F0FF0263B90092B4F817
:10AAA000B41101232046FFF739FB30B140F2CE61EB
:10AAB0003020FCF7A7FB0423637302F079F904F05C
:10AAC000C5FBE288A4F8FE210023A4F8623284F8D2
:10AAD000013202B0BDE8F08703234373F9E708F0C1
:10AAE000B9FEC4E99401F4E790F81501274F08F086
:10AAF000BAF86E30D4F8F031D4F8C45095288CBF31
:10AB00000020C0F19600C218954288BFED1A7B79EB
:10AB10008CBF2D1A002523B9D4F8DC309D4228BF04
:10AB20001D4604F1DC00D4F8C06107F020FD0644A6
:10AB3000022003F075FBAD1B25EAE575854228BFB1
:10AB400005460221284603F097FB10B103F07EFA78
:10AB50002E440123DC22314604F1A80007F0B2FDA7
:10AB6000D4F8C031B860D4F8C400184402B0BDE8CD
:10AB7000F04703F067BAA83002B0BDE8F04708F02C
:10AB800082B840F29C7193E74C4E0500A012002061
:10AB9000014B5880704700BFA0120020074A0346AF
:10ABA0001068D3F84920C0F80320B3F84D20A0F86E
:10ABB000072093F8481007F033BB00BFAC12002009
:10ABC00070B504460E466588807D15F00401134675
:10ABD00018BF04F157013246FEF722FB4107054634
:10ABE00021D4C2070BD5012384F84830A07DFEF79D
:10ABF0007BFB0368C4F849308388A4F84D30AB0769
:10AC000001D4012070BD094B1868D4F857300121D8
:10AC100084F85610C0F80930B4F85B30A0F80D3055
:10AC200007F007FBEDE70020ECE700BFAC120020C7
:10AC300038B5C38C0F4D0133C3F30E03C3842B7C93
:10AC400004462BB102F09EF901F072FC00232B7434
:10AC500000232B7194F869302BB101212046BDE807
:10AC6000384008F0D1B9637C13B1E28C9A42F4D237
:10AC70000021F3E7AC12002010B5074C2379012B1B
:10AC800005D1237C1BB102F07DF901F051FCA069D4
:10AC9000BDE81040FFF7CCBFAC12002070B5254CCA
:10ACA0002379012B04D040F682412D20FCF7AAFA2B
:10ACB00098B90125237C1BB102F064F901F038FC3E
:10ACC000002D36D0A06908F0EEF868B302F020F845
:10ACD000E369BDE870409B6818472168A26911F8D4
:10ACE000095B02F14903E80992F8482007F0DCF813
:10ACF0000028DED02068002107F0C0FA0028D8D054
:10AD00002379A069012B02D040F65C41CDE723797D
:10AD1000E26903F180435269013B05F00F0152F8EB
:10AD2000233098470546C5E7A069BDE87040FFF7A6
:10AD30007FBF70BDAC120020074A0346906903B97B
:10AD400009B9FFF775BF1379D26903F1804312691E
:10AD5000023B52F823301847AC1200202DE9F04393
:10AD6000032985B00546174607D14388980723D4A1
:10AD70000024204605B0BDE8F083428890F8683092
:10AD8000D107DBB2F4D5002BF2D14FF00108DFF888
:10AD9000D49099F81060C6B107F0BBF80828387055
:10ADA00016D002AA0DF10701FEF710FA38B940F6E5
:10ADB000F7612D20FCF726FA4FF00208E7E79DF82F
:10ADC000070002A907F0D5FE06463B78082B08D1FC
:10ADD000D9F8001011F8030BC0F3801007F0C9FE7A
:10ADE0000646D9F8001095F84F2011F8030B05F12D
:10ADF0005003C0F3801007F057F8D9F8001004464C
:10AE000011F8030BC0F3801007F079F88146FEF7C4
:10AE10007DFA40B1B9F1080F1BD04846FEF7A8F9FA
:10AE200080F00103D8B23A78082A14D01CB9AC7D5E
:10AE3000A21A544254416A8853079AD4002897D1E1
:10AE400076B9EC7C444518BF002C0CBF01240024CB
:10AE50008FE70020E7E780F001022240D4B2EAE762
:10AE6000344686E7AC1200202DE9F04F85B0082368
:10AE70000DF10702052104468DF80730FFF76EFF3C
:10AE8000064620B90026304605B0BDE8F08F794F60
:10AE900039687A7C11F8030B07F11203C0F38010B4
:10AEA00007F002F880460028ECD13B68A1691846FB
:10AEB0008D7D10F8032BC2F340122A408A75D3F817
:10AEC0000320C1F8AD208288A1F8B1201D46A269F7
:10AED00015F81F1BC1F3801182F8AC10D3F81F00C6
:10AEE000029002A928790871D3F80F00C2F8C800AF
:10AEF000587D1D7D000440EA0520DD7C2843C2F812
:10AF0000D000B3F8190082F81E8140F2E24909FB33
:10AF100000F0C2F8C4009D7DC5EB451005EB80052F
:10AF200005EB85056D00A2F8D850B3F8170009FBB2
:10AF300000F0C2F8D400B3F81B00A2F8CC00B3F8BC
:10AF40001D00A2F8CE0093F8243003F01F005B0927
:10AF500082F8220082F81F31A56994F912A005F148
:10AF6000160007F0BBF840F20113A5F814314FF0BA
:10AF7000FF0B85F816B1414605F1DC00FEF732FC07
:10AF8000514605F1A800FEF7D1F9A36984F8738052
:10AF9000B3F8AA20A4F8742084F891B04FF6FF7299
:10AFA000A4F89220D3F8C420B2FBF9F2A4F88A20C6
:10AFB000B3F8CC20A4F88C20B3F8CE20A4F88E20CF
:10AFC00093F81F2184F89020627D9DF8070004F11A
:10AFD0007E0162B394F84820012A28D194F84E20CB
:10AFE00002F0C002402A22D1D4F84920C4F87E20C1
:10AFF000B4F84D208A8093F8AC2084F87720082894
:10B0000003F1AD0504F18401D3F8AD3004F1780209
:10B0100027D0C4F88430AB888B8004F17701FEF729
:10B02000D5F840B940F6E2312D20FCF7EBF80022CC
:10B03000C4F87E20DEE794F8773043F0020384F80A
:10B04000773004F16A000C4907F013FA0B4BA06942
:10B050001B6800223A71002B3FF415AF2146984738
:10B0600011E7A367AB8893800023C4F884308B80FA
:10B07000E7E700BFAC12002031310300CC180020FC
:10B08000032937B5044604D0052953D0012003B065
:10B0900030BD08230DF107028DF80730FFF75EFE83
:10B0A0000028F3D0237C284D03B39DF8070094F8C3
:10B0B000B630DBB9237884F8B730082804F1B90238
:10B0C00029D004F1B801FEF781F820B94FF4776177
:10B0D0002D20FCF797F894F8B83043F0020384F879
:10B0E000B8301A4904F1AE0007F0C3F92B68042206
:10B0F0001A7006225A702046FFF750FD286894F80F
:10B100003820616B07F0ABF8032328682B7101F03E
:10B11000BFFE0020BBE72868034613F8031BC1F3FA
:10B12000801184F8B810D0F80310C4F8B9109B88C7
:10B130009380D6E7064B1B68002BEAD0984780F037
:10B140000100C0B2A3E700BFAC1200201931030018
:10B15000C8180020F8B504460F4619B300F12005C1
:10B16000284608F0A5F9A0B963881A072ED5284605
:10B1700008F0B5F90646284608F09AF9301AC0B228
:10B1800008F0BDF9474A936803442846936008F0E5
:10B190006BF9284608F06DF901F038FD217925207A
:10B1A00001F098FC3F4E94F856203068002303705D
:10B1B00043706388103B0D2B64D8DFE803F05F63B6
:10B1C0005B0C634063636363636363402046BDE875
:10B1D000F840FFF72DBD062343702023037020465F
:10B1E000FFF7DCFC638823F008039BB2152B05D026
:10B1F00094F83020E16A306807F022F8306801F0F6
:10B2000047FE022321793371002001F00DFD054630
:10B2100007B9F06063881B0704D508F06DF9054491
:10B22000C4F8F4506388103B0D2B36D8DFE803F0E8
:10B2300038352F2F352F353535353535352F0C230E
:10B2400043700346212103F8091B52B1D4F857205B
:10B25000C0F80920B4F85B209A80012106F0E9FFCC
:10B26000BDE7226DC0F80920B4F854209A8094F804
:10B270004F10F3E7062303704370B0E70223037017
:10B280000623F9E740F259612D20FBF7BBFF217936
:10B290000120BDE8F84001F09BBE40F6F541F3E720
:10B2A000F8BD00BFAC12002038B54388102B04460F
:10B2B00004D1BDE838400121FFF74CBF0B4D2B7C7A
:10B2C00023B101F01BF9402001F050FE286801F085
:10B2D000DFFD608810F0040002D1217901F078FED2
:10B2E000002001F029FE01232B7138BDAC12002093
:10B2F000024B01219869FFF72DBF00BFAC1200205F
:10B3000010B5124C237C1BB101F03CFE01F010F98A
:10B31000A06907F0C8FD38B12379012B09D040F6A8
:10B3200086312D20FBF76EFFA069BDE81040FFF7C6
:10B330007FBC2379E269A069D26803F18043013BB5
:10B34000BDE8104052F82330184700BFAC1200206F
:10B3500010B50748037903F0FF0433B914222146DE
:10B36000043005F0ADF8204610BD0C24FBE700BF0B
:10B37000AC12002010B50A4C00232371FDF72EFDFE
:10B380002060FFF7E5FF20B14FF442712D20FBF75D
:10B3900039FFE36913B940F20B31F7E710BD00BF85
:10B3A000AC120020014B024ADA617047AC12002057
:10B3B00078B60200034B044A1A60044B044A1A6030
:10B3C000704700BFC818002069AE0200CC180020EA
:10B3D000BB2F0300F8B5057DAF1E0446FFB2002D5C
:10B3E0003AD0012F2DD800F1500190F84F0006F00F
:10B3F00086FD0828064624D0FDF7C6FE10BB023D98
:10B4000018BF0125012F8CBF0027012784F8485061
:10B410006775A675FDF7D4FE054602F011FE154BC3
:10B420000022E5FB0301C4E9100184F8562011460F
:10B430002046FFF7C5FB70B940F2A3412D20FBF772
:10B44000E1FE0826022D09D104F149010020FDF793
:10B4500085FD60B90020F8BD0826F5E704F1490133
:10B460000120FDF77BFD0028F4D00125CAE7002567
:10B47000C8E700BF40420F00F0B5444E327985B0B6
:10B48000044602F0FF0312B90278FF2A04D140F605
:10B49000DD112D20FBF7B6FEB36080F869303C4B20
:10B4A00000933C4B01933C4B0293F36968465B6805
:10B4B000039301F0E5FC01F04FFB01F063FD01F0A7
:10B4C00037F8364801F098FB04F12005344801F0C4
:10B4D000D1FC284607F0C8FF284607F0CAFF01F054
:10B4E00095FB2179252001F0F5FA94F9120001F07D
:10B4F0007DFB04F12C01A06A05F0A7FE04F13401E4
:10B500000746A06A05F0C8FE0546DFB1237FCBB130
:10B51000B4F92650ED43ED0F637D13B963885B07E3
:10B5200009D5D4E910126FF000439A4208BFB1F177
:10B53000FF3F0DD19DB930680330FDF75FFE3074D9
:10B5400005B0F0BD002DE7D0657F002DE0D1E3E729
:10B5500002F076FDD4E9102390429941EAD301220A
:10B5600029462046FFF72CFB50B1FDF729FE054682
:10B5700002F066FD0B4BE5FB0301C4E91001DAE7BD
:10B58000002DD8D040F61C2183E700BFAC1200206C
:10B5900001B302009DAC020039AD0200D6BE898E17
:10B5A0005555550040420F0073B50446FFF764FF40
:10B5B00000212046FFF7CEFD236E0BB101221A6059
:10B5C0006388DB0724D50023124EA569CDE900333B
:10B5D000FF2373746846FCF77BF9C8B9009CA54249
:10B5E000F8D095F8B32094F8B30005F1B40304F152
:10B5F000B40106F059FC0028ECD094F8AC30737418
:10B60000D4F8AD30C6F81230034BB4F8B1209A80AC
:10B6100002B070BDAC120020BE120020024B986137
:10B62000DB691B68184700BFAC12002043881B076A
:10B6300010B5044612D583690A493C2280F873206C
:10B64000B3F8AA30A0F87430FF2380F891304FF699
:10B65000FF73A0F892306A3006F00BFFFF2384F8E6
:10B66000693010BD313103007D310300A9B2020001
:10B670008331030081B00200A9B5020079AC020059
:10B68000F1B2020068B602006CB6020074B60200A5
:10B690000138022808B503D9C4212F20FBF7B2FDD9
:10B6A00013290A4B05D811290CD8102907D0D2210B
:10B6B000F3E71529FBD103EB4003D88801E033F809
:10B6C000100008BD03EB40039889FAE7CC4D050054
:10B6D000294A38B5948803461C43402B106894804F
:10B6E00004D10421BDE83840FFF76AB9802B01D1AD
:10B6F0000521F7E703F00304032C04D140F6A4313D
:10B700003120FBF77FFDDD0706D50C6891602478BA
:10B71000062C0FD00B2C17D09C0706D5096809788A
:10B720001173052919D00B2921D09B0644BF08238A
:10B73000537338BDC47B1B2CEED100240025C0E917
:10B740001C450124C474E7E7C47B112C01BF00240D
:10B75000C474012480F85240DEE7C17B1729E4D18C
:10B7600000240025C0E91E4501210175DDE7C17BEC
:10B770001029DAD10021F8E7CC1200200C4A517BC5
:10B78000034689B910683BB9B0F80411B0F8E82055
:10B79000914209D8FFF706B993881B0706D5007CAC
:10B7A000073818BF012070470020704701207047FC
:10B7B000CC12002073B504460068036813F0300F04
:10B7C0000D4649D1B1F805101A2904D9B5F807304A
:10B7D000B3F5A47F06D22978204602B0BDE87040B8
:10B7E00006F0D1BFB5F801201A2AF4D9B5F80360E4
:10B7F000B6F5A47FEFD30096DC3006F0CAFE174BF7
:10B800009A8892070DD51B7B142B0AD122681368E6
:10B8100043F010031360204606F08CFF002002B0B6
:10B8200070BD23689A7B202AF0D093F82331002B37
:10B83000ECD1236893F82231002BE7D123681A68F2
:10B84000B3F8AA0042F020021A6003F1DC0103F50C
:10B85000A472FDF7E3FFDEE70120E0E7CC12002051
:10B860002DE9F843614D06462C6800287ED1AB884F
:10B870001A0725D594F89E30FE2B04D140F2FB51D7
:10B880003120FBF7BFFCFE2384F89E30E37B1D2BA9
:10B8900005D184F85100284606F056FFE673A37BD5
:10B8A000232B06D1E37B233B072B94BF2A2324239E
:10B8B000A373237C072B02BF0223AB7384F89E3053
:10B8C000AB88DB0717D4AB885F0776D499077DD5A3
:10B8D000287B2B6801220D2883F89F2073D0112824
:10B8E0007DD007287DD0FEF739F9034600286BD1BB
:10B8F00040F2EE51C4E7D5F80080A96898F80F30FF
:10B90000D1F80090103B0F2B99F8007009D8BB1E9E
:10B91000DBB2092B67D840F2333222FA03F3D8079F
:10B9200061D509793846FDF76FFD20B939462F48B2
:10B9300006F029FF39E0012F01D9162F21D198F8FF
:10B940000E0006F010FF40B198F80E30232B04D003
:10B95000242B07D12A2388F80E303846FEF7F4F856
:10B9600003461BE0162F14BF022620266B7B1B0705
:10B9700004D5E37B103B0F2B98BF08263046BDE86B
:10B98000F883112F15D005D8072F14D00D2FE4D12F
:10B99000174B05E0142FE0D1164B1B68002BC5D0C8
:10B9A000AA68124812794946984700288BD0064663
:10B9B000DCE7114BF4E7114BF2E7227C062A04BFC7
:10B9C0000122AA7382E70E4B08489847AB88DA0633
:10B9D000CCD5E37B092BC9D10A23E373C6E7094B16
:10B9E000F2E7094BF0E70826C0E700BFCC120020C1
:10B9F00075360300D0180020B936030091BA020052
:10BA00009F350300EB350300153603002DE9F041A7
:10BA1000A0F10E040B1EE4B208BF1F23172C16461C
:10BA20000AD80125A54040F251210D4207D115F455
:10BA300060051FD1082C07D00020BDE8F081BDE8CB
:10BA4000F041002107F05FBD1468A17B242906D1D5
:10BA500019463046FDF7FEF984F82C5105E02A29F5
:10BA6000EAD1E37B233B072BF3D80023A37384F8AD
:10BA70004A30E1E7054A1468002CDDD01A46014639
:10BA800023463046BDE8F041184700BFD4180020D7
:10BA900070B54D78A5F10E03DBB2152B04460CD81A
:10BAA000012101FA03F640F25122164207D1026841
:10BAB000152B927B2AD0082B07D0002070BD0246A0
:10BAC0002846BDE8704007F01EBD242A01D02A2A6E
:10BAD000F3D1204606F026FE2368DA7B252AECD037
:10BAE00093F8632022F0010283F86320226892F821
:10BAF000633023F0080382F863301A212046FDF7F3
:10BB0000A9F92368002283F82C21D6E72C2AD4D166
:10BB1000024B1B68002BD0D09847CEE7D8180020E6
:10BB20002DE9F04190F86E7290F86F6204460D4670
:10BB30007FBB90F8141176BB94F8153184F814117A
:10BB400084F81531FF2384F81631154B1B6804F176
:10BB5000A8080BB14046984794F82C31012B01D02E
:10BB60003E4303D0237B43F001032373404606F09A
:10BB700017FD18B1237B43F00203237306212046EF
:10BB8000FEF71EFF002384F82C3135B1A373BDE806
:10BB9000F0813946CFE73346D0E7E573F7E700BFDA
:10BBA000DC18002073B5484D002604462860AE809E
:10BBB0006E73AE73FF2380F84C30B0F8B231002BB7
:10BBC0007CD090F89E30FE2B78D190F82031002B5D
:10BBD00074D0037C063B012B70D990F82131A0F87A
:10BBE000446080F8A0300221012207F0E5FC84F8CF
:10BBF000BA6102212846FDF7FBFEB4F8B611B4F88D
:10BC0000B821B4F8DA30013989B2B1FBF3F3134447
:10BC1000A4F8B831B4F840300B44A4F840302046C2
:10BC200007F017FD10B1636B0B446363B4F8B231D6
:10BC3000012B9CBF0133A4F8B231002609B184F86E
:10BC4000BE61E37B84F8BA61093B012B0FD8E3881E
:10BC5000B4F86C229B1A190409D404F26E2104F181
:10BC6000160006F03BFAE673FF2384F84B30B4F875
:10BC7000B62104F1A801204606F076FAE37B134AC8
:10BC80001349103B0F2B8CBF00230123009328681E
:10BC9000104BFCF78BFB2C68237BDA0703D50A4893
:10BCA0000021FDF7D7F8237B9B0703D504F23F1053
:10BCB000FDF7AEFD0023237302B070BD94F89E1013
:10BCC000FE299AD0004896E7CC1200207DB70200EA
:10BCD000D1B60200D9BC02002DE9F047B24F0E46A2
:10BCE000B9883C688D0556BFB4F840200023013266
:10BCF000804646BFA4F8403084F8BE31A4F8402006
:10BD0000204607F0A6FC38B10B4604F59B7204F1FF
:10BD1000A8012046FEF7DEF8BB8803F4C06323B118
:10BD2000A37C002B45D0032B49D0A27CBB88012AE1
:10BD300003D1180544BF0222A274B8F1000F40F0ED
:10BD40008F8059065DBFB4F8D821013292B24246C5
:10BD5000A4F8D82103F00A020A2A0CD13A7B022A5D
:10BD600009D123F008033046BB80FFF779FD082393
:10BD70003043C6B2BB803046FFF772FD3D6895F890
:10BD80009E303043FE2BC6B23BD1D6BB2B7C063B4C
:10BD9000012B36D995F82031ABB195F82131A5F8B2
:10BDA000446085F8A03001220221284607F004FCF7
:10BDB00027E00121A1742046FEF702FEB5E7022329
:10BDC000A3740121F7E795F80FA0AAF10F0A5FFA13
:10BDD0008AFABAF1100F40F2E9802B68DA0702D52F
:10BDE00032460921E1E7980740F18D8032460C2167
:10BDF000284607F0E1FB95F8533043F0010385F83E
:10BE00005330B4F8B83194F8BB510133A4F8B831C9
:10BE1000002D00F0FB81FCF78DFB10B10023A4F88E
:10BE2000B831A17C012940F22382237C072B40F00A
:10BE30000582B4F84030022B40F21A82B4F8425026
:10BE40000135ADB2E3882B44A4F8B03194F8BC318D
:10BE5000002B00F011820123E2881344A4F8B431CE
:10BE6000BB883D685B065FBFB5F8C431B5F8B62145
:10BE70009B189BB248BF0023A5F8C43195F8203128
:10BE80001BB92B7C063B012B06D8B5F84430B5F81E
:10BE9000B6211344A5F8443095F84A1031B1B5F8ED
:10BEA0004630B5F8B6211344A5F8463095F9502030
:10BEB000002AC1BFB5F84E30B5F8B6011B18A5F879
:10BEC0004E3095F8313063B9B8F1000F40F05E8222
:10BED000BB7B022B40F0168295F8A030062B18BFD2
:10BEE000162395F8302022B92F4885F83130FDF718
:10BEF0003FFE284607F00DFC002384F84C30BDE8D7
:10BF0000F047FCF7FDBF590702D5324613214CE735
:10BF10001A0706D595F8983085F8A03032460721E3
:10BF200043E713F0300F3AD095F82331002B5BD163
:10BF300095F82231D3B1EB7B282B05F1A80005F54C
:10BF4000917105F26E2228D0AB7BA3F1280CDCF1B5
:10BF5000000343EB0C0306F00EFB2B6823F02003D9
:10BF600043F010032B60002385F822312B68DA069A
:10BF70003AD505F1A80006F013FB18B105F23F1001
:10BF8000FDF746FCB5F8FE30A5F8A030B5F8023153
:10BF9000A5F8A2300022152107E70123DBE75B06A5
:10BFA00022D50022242100E7CC120020D7F80090EF
:10BFB00099F80F30172B2DD011D8102B1DD0152B21
:10BFC0001FD0AB7B002B63D1EB7B0F3B102B67D9D2
:10BFD00095F83E30002B63D001221221E5E61F2B9D
:10BFE000EFD1324606210AE03868C37B252B3FD0CB
:10BFF000342BE6D100221121D8E632460B214846E7
:10C00000D4E64846FDF728FE00283FF4FAAE0022A9
:10C010000421F4E799F86832012B07D13246052153
:10C02000484607F0C9FA89F86862EAE699F8683282
:10C03000022BD9B27FF4E5AE99F8523053B1062302
:10C0400089F8A0303246484607F0B6FA002389F84E
:10C050006832EAE73B6840F20632A3F89A2099F882
:10C06000623013F0040F32460CBF0D211121EAE7B4
:10C0700090F82C31022B02D10022172196E690F87D
:10C080002C31012B9DD190F82D31002BF4D098E765
:10C09000082B05D195F8993085F8A03001223EE7AC
:10C0A000BAF1100F7FF6ADAE3D6895F80E90B9F17C
:10C0B000000F7FF4A6AE95F833313BB101220E217B
:10C0C000284607F079FA85F83391AEE795F83231D2
:10C0D00083B195F8539019F0030A0BD101220C217A
:10C0E000284649F0010907F067FA85F8539085F86A
:10C0F00032A19AE795F822313BB395F8233123BB5F
:10C10000EB7B282B05F1A80005F5917105F26E2255
:10C1100019D0AB7BA3F1280CDCF1000343EB0C033B
:10C1200006F029FA002385F822310122142128463D
:10C1300007F042FAB5F8FE30A5F8A030B5F80231A4
:10C14000A5F8A2305DE60123EAE795F82C31012B32
:10C150003FD195F82D31002B3BD1EA7BA2F123038F
:10C16000072B36D995F81401012806D0022804D0EF
:10C170004FF43F710620FBF745F895F8151101299A
:10C1800001D00229F4D1022895F82E310BD0012BD1
:10C1900014BF0023012343B9093A042A7FF631AEC4
:10C1A0000122162101E6022BF2E7022995F82F3130
:10C1B0000DD0012B14BF00230123002BECD07648B7
:10C1C0000021FCF747FE002385F82C3119E6022BED
:10C1D000F0E795F835314BB195F82D3133B9EB7B5C
:10C1E000233B072B02D901222321DEE595F83431C8
:10C1F000012B05D1002385F8343101222521D4E516
:10C2000095F83431022B7FF4FCADF3E7FCF78CF9A1
:10C2100008B1A4F8B851FCF795F900283FF401AE35
:10C2200094F8BE310133DBB2022B84F8BE3182BFF9
:10C230000023A4F8B83184F8BE31F2E594F83E301A
:10C2400013B1A37B0E2B13D1B4F84250B4F8403095
:10C250002046ED1A033D07F0FCF958B1A36B626B61
:10C26000033B9B1A9D42A8BF1D46012D3FF7E9AD38
:10C270000125E7E52B46F5E7012D7FF6ECADE37BE5
:10C2800013B10A2B7FF4E7ADA37B002B7FF4E3AD62
:10C29000237C002B7FF4DFAD02297FF4DCAD94F822
:10C2A000BE31002B7FF4D7ADD4F8BC00B4F8DA90DF
:10C2B00004F014FE00283FF4CEAD94F89E30FE2B1F
:10C2C0007FF4C9ADB4F8B231012B7FF6C4ADB4F838
:10C2D000B821B4F8CC309A42BFF4BDAD9B1A9BB2E2
:10C2E000013DADB2B5FBF9F59D4228BF1D4619FBD6
:10C2F00005F3003D03F1010318BF01259BB284F84B
:10C30000BA51A9E5012B08D16B7C002B7FF4E9AD74
:10C3100000212846FEF754FBEEE55EB1F00633D46B
:10C32000310733D4B20633D4B30733D14FF431617C
:10C33000312020E739B1B5F84610B5F848309942B8
:10C3400001D32223CDE5002A05DDB5F84E20B5F84E
:10C3500048309A42F5D2B5F84420B5F842309A42B6
:10C3600009D2AA7CB5F8403052B1B5F842209A42C1
:10C37000CED80823B5E595F82031002BE1D1F0E7C0
:10C38000052BC5D93E23ACE51E23AAE53D23A8E530
:10C390002323A6E52A23A4E5CC12002013B5D0F868
:10C3A0007432D0F8C42001909342044605D1D0F8ED
:10C3B0007812D0F8CC20914216D0B4F8AA20A4F874
:10C3C000872140F2E242B3FBF2F3A4F88931B4F8DA
:10C3D0007832A4F88B31B4F87A320A49A4F88D3156
:10C3E00004F27D1006F04EF8B4F87A22D4F87412F4
:10C3F00001A8FCF7B3FF0023E3730323A37402B087
:10C4000010BD00BF8128030008B5FDF7C5FA024B37
:10C41000024A1A6008BD00BFD0180020B5B702005C
:10C42000074B93F900301844142804DC10F17F0FF7
:10C4300003DB40B27047142070476FF07E007047F6
:10C44000DD12002007B57F230DF107008DF80730BE
:10C4500000F0A6FD03469DF9070053B1094B5B7838
:10C460005B4240FA83F0142806DC10F17F0F05DBF5
:10C4700040B203B05DF804FB1420FAE76FF07E00D1
:10C48000F7E700BFDD120020024B00221A705A703D
:10C49000704700BFDD120020064BD3F8000138B111
:10C4A000D3F8040120B1D3F80801B0FA80F04009B4
:10C4B000704700BF00F00040034B00221A705A7012
:10C4C00010229A70704700BFDF12002070B5064638
:10C4D000022014460D4600F0A3F8064B01221A7004
:10C4E000054B033CC3F81045C3F80865C3F8045571
:10C4F00070BD00BFDF12002000F0004008B5022030
:10C5000000F08EF8084B01221A70084B0022C3F885
:10C510000021C3F80421C3F8082103F580334FF448
:10C520000002C3F8042508BDDF12002000F000401F
:10C530000E4A08B5137883B10D4B4FF40001C3F8D0
:10C540000815FFF7A9FF68B101235370094BD3F811
:10C550000034DBB2937000231370BDE80840002064
:10C5600000F05EB850701023F4E700BFDF12002027
:10C5700000F0014000F00040094B1A7862B1094B0D
:10C58000D3F8002152B1D3F8040140B1D3F8080127
:10C59000B0FA80F040097047587870470220704721
:10C5A000DF12002000F0004008B5074B1A783AB1BE
:10C5B000FFF772FF30B1054BD3F80004C0B208BDDD
:10C5C0009878FCE71020FAE7DF12002000F0004026
:10C5D00008B50A4BD3F80025032A04BF01229A604C
:10C5E0000022C3F80025C3F8002500F0F9FE044B33
:10C5F0004FF40002C3F8082508BD00BF00F000405A
:10C6000000F00140054B4FF40042C3F88020BFF317
:10C610004F8FBFF36F8FFFF7DBBF00BF00E100E07C
:10C6200010B50446FFF7D4FF012C06D0022C0CD025
:10C6300054B18C213D20FAF7E5FD0B4B0222C3F8E3
:10C6400000250A4AC3F8142510BD074B0322C3F87E
:10C650000025064AC3F8142503F580334FF4000281
:10C66000C3F80425F0E700BF00F00040E21200200C
:10C67000044B1868062818BFB0F1FF3F0CBF01201B
:10C680000020704728160020044B1868062818BFA1
:10C69000B0F1FF3F0CBF012000207047281600209A
:10C6A00008B5FFF7E5FF38B1044B1868063810F1FC
:10C6B000080F94BF0020012008BD00BF2C160020E9
:10C6C00008B5FFF7E1FF38B1044B1868063810F1E0
:10C6D000080F94BF0020012008BD00BF2C160020C9
:10C6E00008B5FFF7C5FF38B1044B1868063810F1DC
:10C6F000080F8CBF0020012008BD00BF2C160020B1
:10C70000064B0022C3F80021C3F80C21C3F8102106
:10C71000C3F80421C3F80821704700BF001000408F
:10C7200070B5134D6E7F0346084626B940F6C10129
:10C730003E20FAF767FD63B9012EAC69297F05D168
:10C7400000F03CFD20442B69C01A70BD07F098F83A
:10C75000F8E7012B09D1012EAC69297F02D100F045
:10C760001DFDEFE707F097F8ECE70020EBE700BFCF
:10C77000F01300200B4B93F82B0088B193F82A306C
:10C780007BB1094BD3F8002242F00102C3F800222A
:10C79000D3F8500500F0F600023818BF01207047AA
:10C7A00001207047F01300200010004008B5094B2D
:10C7B00001281871084B06D0022808D040F64551D0
:10C7C0003E20FAF71FFD0322C3F8102508BD0422FE
:10C7D000FAE700BFF01300200010004008B570B960
:10C7E000104B2831D96018460F4900F023FF013063
:10C7F000012816D940F2C2613E20FAF703FD012854
:10C800000CD1084B2931D9601846074900F018FFB0
:10C810000130012805D940F2CC61EDE74FF4DA612F
:10C82000EAE708BD28000020E04D050008B50C4BE4
:10C830005B78012B09D100F009FF013001280ED9E6
:10C8400040F611113E20FAF7DDFC022B07D100F073
:10C8500003FF0130012802D940F61711F2E708BDA5
:10C86000F0130020094B0A4A1B89B3F5166F3ABF33
:10C87000A3F6381343F48073A3F5166300F07F002A
:10C88000C2F80835C2F85405704700BFF013002005
:10C890000010004010B50C46FFF788FF2046FFF758
:10C8A000E1FF0F4A0023C2F81C31D2F8003243F4F2
:10C8B0008873C2F8003240F20313C2F8343540F2F4
:10C8C0005B63C2F83835FFF7EBFE40B9FFF708FFAE
:10C8D00028B9D2F8683543F4C023C2F8683510BDD2
:10C8E0000010004073B50C46154D0646FFF75EFF7D
:10C8F0002046FFF7B7FF214695F9052001AB3046EA
:10C9000000F034FE9DF8050000F0ACFE20B140F2CE
:10C91000E3513E20FAF776FC9DF90400294600F029
:10C9200035FC084B40F20312C3F83425284640F288
:10C930005B62C3F8382502B0BDE8704000F0FABD74
:10C94000F0130020001000402DE9F04106460C468F
:10C95000174601F083FB0028FBD02C4B2C4D4FF4E5
:10C960000022C3F808259EBB01236B7095F82A307E
:10C970001BB9A9793846FFF7B5FF264B33F81730B6
:10C980004FF47A7203F5FA73B3FBF2F3224AE41A16
:10C990001E4BC3F8AC252B691C4A204FE1184FF001
:10C9A00001081F4B85F82A80C7F84015C2F8A83542
:10C9B0002B6A43F400232B624FF40023C2F80435A2
:10C9C000FFF7D8FE0446B8B900242046BDE8F08140
:10C9D000012E0CD102236B7095F82A301BB9A9796E
:10C9E0003846FFF757FF094B0E4A293CD1E740F67E
:10C9F00034013E20FAF706FCC7F84C80D7F84C35D6
:10CA00008B42E1DA3046FFF7E9FEDEE700F0014055
:10CA1000F0130020584E0500001000400080004038
:10CA2000408100400410004008B540221048002119
:10CA300003F046FD0F4B1B6823F004020A2A05D0C1
:10CA4000102B03D0082B0ED1402200E024220A48EC
:10CA5000FF2103F035FD4FF080430022C3F8082E7C
:10CA6000C3F8102E08BD0D2BEED03822EFE700BF23
:10CA7000F013002028160020000E0040024B034453
:10CA8000187E00F516607047E04D0500024B98696E
:10CA90001B69C01A704700BFF01300200A4B1A7FB1
:10CAA000D3E90430C01A094B03EB82031B6CC01A94
:10CAB000074B53F822304FF47A7203F2F313B3FBAF
:10CAC000F2F3C01A704700BFF0130020E04D0500DC
:10CAD0004C4E0500FF2808B504D940F2CB213E207A
:10CAE000FAF790FB114B0129188504D0022919D0BF
:10CAF0004FF44F71F3E700230D4A43F4801340F0E5
:10CB0000007043F4847340F44030C2F81435C2F826
:10CB10001805D2F8503503F0F703032B05D140F286
:10CB20005631DCE74FF08073E6E708BDF0130020D4
:10CB30000010004008B5FFF7B3FD50B1054AD2F828
:10CB4000743723F0807323F0010343F08073C2F83D
:10CB5000743708BD001000401E4B2DE9F04102263D
:10CB6000C3F88060BFF34F8FBFF36F8F01F070FA8F
:10CB7000044601F0B1FB184D001B184C286100273A
:10CB80004FF00108C4F8FC7FC4F8FC8F00F082FC71
:10CB900040F20122C4F83085C4F85026104AC4F887
:10CBA0000062107C00F076FD0E4A0A4B0E49C2F876
:10CBB00004151022AF836F85AF61C3F88061C4F89C
:10CBC00004231E602B6C03B19847BDE8F04100F0D0
:10CBD00025BD00BF00E100E0F01300200010004080
:10CBE0002800002000F001400000020C014B5871A9
:10CBF000704700BFF0130020034B020E0002C3F881
:10CC00002425C3F81C05704700100040044B054A5A
:10CC1000034490711B7E03F516631381704700BFB8
:10CC2000E04D0500F0130020F8B52B4C94F82B30A4
:10CC300006460F4623B940F206713E20FAF7E2FAA3
:10CC4000264A012384F82A30D2F8003243F0010347
:10CC5000C2F8003201F002FA0028FBD02EBB0123FB
:10CC6000A17963703846FFF73DFE6378012B02D04F
:10CC70004FF4E961E1E71A4AD364A2F5E042136098
:10CC8000174BD3F84C5530462946FFF7A7FD2369CB
:10CC9000ED1AF6B9134B33F817304FF47A7203F5E7
:10CCA000FA73B3FBF2F35819F8BD012EE8D1022351
:10CCB000A17963703846FFF7EDFD6378022B02D04F
:10CCC00040F25171B9E7064BDE64A3F5E0435E60C4
:10CCD000D6E705F12900E7E7F01300200010004037
:10CCE00000800040584E050008B5FFF72DFE58B9EA
:10CCF000064BC3F84005A3F5E04301221A61022068
:10CD0000BDE80840FCF73EBD08BD00BF0080004004
:10CD100073B5234B2349D3F80443234D02224FF02C
:10CD2000FF30C3F80803C1F880212049C3F800226E
:10CD300000226A85C1F8402501F5B8314FF460261C
:10CD4000C1F80865D3F85015C9B204F01004D1B188
:10CD50008DF80700C3F8102101221A619DF8072001
:10CD600012B1D3F810213AB19DF807305BB940F603
:10CD7000FF013E20FAF746FA9DF80720013AD2B2A9
:10CD80008DF80720EAE7FFF751FD054B0022C3F8B5
:10CD900010212A8014B11022C3F8042302B070BD00
:10CDA0000010004000E100E0F0130020008000408F
:10CDB00038B51B4D0024C5F84845C5F84445C5F8AD
:10CDC0004045C5F84C45FFF7A3FF00F02DFC154B7F
:10CDD00015491A6A1C6242F0446242F40032C1F8FA
:10CDE0000825C3E90544DC70104BC5F8484502220C
:10CDF000C5F84445C5F84045C5F84C45C5F8484117
:10CE0000C5F84441C5F84041C5F84C41C3F88020FD
:10CE1000BFF34F8FBFF36F8FC3F8802138BD00BFC2
:10CE200000800040F013002000F0014000E100E02D
:10CE300070B50F4D2C7806461CB96C70EC706C8583
:10CE400070BD18B1BDE87040FFF762BF013C18BF6C
:10CE50000124AA7896212046FFF762FC2E80AA784A
:10CE600085F82A6001462046BDE87040FFF73CBFC8
:10CE7000F0130020014BC3F83C0570470010004040
:10CE800010B50FC8014C84E80F0010BD3414002009
:10CE90000A490B4B10B5C1F80405012483F82B4057
:10CEA0005862FFF767FC40B9064BC3F840050C61B8
:10CEB0000320BDE81040FCF765BC10BD0010004029
:10CEC000F013002000800040174B1A6910449A6943
:10CED000824210B5154C09D30220FCF753FC002305
:10CEE000C4F84035124B01221A610CE00122DA70BD
:10CEF0006264D4F844150531814205D30C4BD3F854
:10CF000004110029F0D010BD0022C4F84421C4F857
:10CF100044051A6A42F480021A62064B4FF48002FA
:10CF2000C3F80425EFE700BFF013002000800040A5
:10CF30000010004000F0014010B50B4C0346607F2C
:10CF4000217F227901284FF0960009D100F044F9A1
:10CF5000A36922699B1ABDE810401844FFF7B4BFCB
:10CF600000F054F9F4E700BFF0130020044BC3F8BD
:10CF70006005D3F8002242F04002C3F80022704757
:10CF800000100040054BD3F8002222F04002C3F805
:10CF900000220022C3F86025704700BF0010004047
:10CFA0000A4A0146D2F81C0182B068B1D2F848356D
:10CFB00003F07F035B420B700023C2F81C31D2F8F0
:10CFC0001C310193019B012002B07047001000400A
:10CFD000034B002814BF0222012299701A70704777
:10CFE000F0130020054B0022C3F84025044AD2F874
:10CFF0005035DBB20BB10123136170470080004054
:10D000000010004030B5044BD3E90C459B6BC0E9E0
:10D0100000450B6030BD00BFF01300202DE9F04744
:10D0200001F01AF84D4C4E4E4FF00109C4E90C01C5
:10D03000C6F84C90D6F84C35A363FFF7F7FB494B85
:10D04000226AC3F808250025474A2562C3F8AC5573
:10D05000D2F8003223F48E7323F00103C2F80032B9
:10D06000D6F84835A361D6F84435636163786377B1
:10D07000D2F80C8184F82B50D2F81011FFF740FB46
:10D080006778022F4FD1E37813B1D6F8443113BB40
:10D09000B8F1000F26D0FFF703FB50BBFFF720FBD2
:10D0A00038BB314BD3F85034D90122D51A0705D0FB
:10D0B00013F0F00F02D013F4706F1AD12A4AC3F3A1
:10D0C00004410129D2F8542413D1012A11D0C3F309
:10D0D0004253022B0DD80120FFF7AAFE636CBDE876
:10D0E000F0471847002937D00120FFF7A1FE236D34
:10D0F000F5E7237923770020258DFFF799FE1A4B5A
:10D10000D3F80034DB070CD5636A5878A84294BF83
:10D1100000200120A36C002180F00100BDE8F04751
:10D1200018470120F6E7012F13D123792377B8F1AF
:10D13000000F06D02846FFF77BFEE36C39462846F1
:10D14000ECE749B13846FFF773FEE36C41464046D1
:10D15000E4E709B14846C8E7BDE8F087F0130020CE
:10D160000080004000F0014000100040024B03EB43
:10D170008003186C704700BFE04D0500024B03EBC5
:10D180008003D86C704700BFE04D0500024BC0B271
:10D19000C3F80C05704700BF00100040064A4FF46A
:10D1A0007A7332F91120584300F2E7301044B0FB93
:10D1B000F3F00238704700BF444E0500054A4FF4B3
:10D1C0007A7332F9112000FB03301044B0FBF3F006
:10D1D000704700BF444E050038B51D460A4B33F971
:10D1E000114003EB820305359B681C4404F6B734F9
:10D1F0004FF47A7303FB00441046B4FBF3F4FFF7DB
:10D20000B5FF2544284438BD444E050070B5064698
:10D2100008461546FFF7B2FF094B03EB85039C68F0
:10D220004FF47A7304F6B73403FB0644241A2846F5
:10D23000B4FBF3F4FFF79AFF0530204470BD00BF44
:10D24000444E0500024B00221A705A709A707047C3
:10D25000441400202DE9F041054601200C461746F4
:10D260009846079EFFF7DCF99DF8243005F003018E
:10D2700041EA0341244B41F08071C3F80415234B6C
:10D28000214604F11002184651F8044B43F8044BB0
:10D290009142F9D11E499DF81830C0F814800761F9
:10D2A000CB763368CB6173680B62174B194AC3F8AE
:10D2B00008051268062A09D001321FBFD3F81825C5
:10D2C000BDF8200060F30702C3F81825124B134A7B
:10D2D000C3F8082515F0FB0F01BF114AC3F89825C4
:10D2E000FC3AC3F89C250122022D4A7081F8245093
:10D2F00007D8054B0A700021C3F80011C3F80012CB
:10D300001A60BDE8F08100BF00F000404714002023
:10D31000441400202816002000F001400000020202
:10D3200000F1004070B5194C637823B94FF4D57102
:10D330003C20F9F767FF164BC3F80C15C3F810052E
:10D3400094F824500122A270C5B924780CB9972111
:10D35000EEE7104CC3F804514FF40035C4F80455FF
:10D36000D3F8006116B15A60C4F808550B78037001
:10D370004B78043343708B78837070BD002122702A
:10D38000C3F80411C3F800221A60F6E74414002021
:10D3900000F0004000F001400E4A08B5537823B970
:10D3A0004FF4DF713C20F9F72DFF0B4BC3F80C1540
:10D3B0000121C3F81005917012780AB9BA21F1E77A
:10D3C0000022C3F80421054B4FF00072C3F8042576
:10D3D00008BD00BF4414002000F0004000F00140F0
:10D3E000084B1A784AB10849084AC1F808250022B2
:10D3F000C1F89825C1F89C251A7000225A709A70BD
:10D40000704700BF4414002000F0014000000202F9
:10D41000194B1B7870B523B94FF4F2713C20F9F722
:10D42000F1FE164CD4F80431BBB90223C4F804331E
:10D43000134B144E1D691A6942F0100205F01005D5
:10D440001A61D4F804317BB125B90D4A136923F070
:10D45000100313610223C4F80833084BD3F8000407
:10D46000003818BF012070BD4FF40043C6F880316A
:10D4700006F0F9FAE5E700BF4414002000F0004090
:10D4800000ED00E000E100E0014B01229A607047EE
:10D4900000F0004010B5FFF7F7F888B1224B1B6889
:10D4A000063B083333D9214AD2F83C3723F00043F6
:10D4B00023F0FF0343F0004343F09603C2F83C37E8
:10D4C000FFF7FEF8194C38B1D4F8403723F47F4306
:10D4D00043F4B053C4F84037154BC4F8783700F024
:10D4E000D3F838B14FF08053D3F830335A1C18BFFB
:10D4F000C4F84C374FF01023196E4B1C1FBF0B4A5A
:10D50000D2F88C3561F31743C2F88C3510BD074A49
:10D51000D2F83C3743F48063C2F83C37FFF7B4F8E5
:10D520000028C0D1CCE700BF2C160020001000401E
:10D530002C00008908B50146FFF7C2F898B10B79B5
:10D540000948022B4FF08053D0F88825D3F82033B8
:10D5500022F4FE420CBFC3F30663C3F3062342EA80
:10D560000323C0F8883508BD001000402DE9F04FB6
:10D57000264C85B0054698460E46174600F0C8F87A
:10D580002378AB42814611D16378B3420ED194F92E
:10D590000230BB420AD1E378834207D1A388A8F8BE
:10D5A000003094F9060005B0BDE8F08F012D06D0DB
:10D5B000022D10D040F289410620F9F723FE002009
:10D5C0000DF10F033A46314600F0A8F8824620B12B
:10D5D0004621A920F1E70120F2E730469DF90FB07E
:10D5E000FFF74CFAA91E4A4203464A41CDF800A073
:10D5F0004146584600F03CF8B8F80030A071A380CE
:10D6000025706670A77084F80390CAE74000002078
:10D61000014B1B681B68184770000020014B1B68FA
:10D620005B68184770000020014B1B689B68184717
:10D6300070000020014B1B681B6918477000002018
:10D64000014B1B685B69184770000020014B1B6889
:10D650009B69184770000020014B1B68DB69184765
:10D6600070000020014B1B689B6A18477000002067
:10D6700030B4044C9DF8085024680295E468A44630
:10D6800030BC604770000020014B1878704700BF25
:10D69000E018002010B500220C49134640FA02F4AD
:10D6A000E40744BFCA545C1C02F1010248BFE3B264
:10D6B000042AF3D1054AFF24D118032B01D9107194
:10D6C00010BD013301F8014BDBB2F6E7EC18002086
:10D6D000E1380300E7380300E93803000F3903009D
:10D6E000ED38030019390300F33803002339030030
:10D6F000F93803002F390300053903000939030005
:10D70000FB380300013903001F39030029390300E6
:10D71000014B187D704700BF78140020042810B515
:10D7200011D883B104280CBF10242824A1420AD2A6
:10D73000064C54F8200018B141568A42A8BF0A4648
:10D740001A70002010BD6FF01500FBE77814002060
:10D7500030B50346114890F91C209A4219DD90F922
:10D7600024209A4217DA9A1A846AA05C0C4A155649
:10D770009D420DD00E32002918BF01309442C0B234
:10D7800006D129B1013BDBB2012B01D80130C0B277
:10D7900030BD0D20FCE70020FAE700BF7814002020
:10D7A000644E050008B5054B93F91C30984203DA26
:10D7B000FFF7CEFF024B1B56184608BD7814002019
:10D7C000644E050008B5184B93F82C20FAB90122D5
:10D7D00083F82C20154A1268A2F10800082803D803
:10D7E00013490141C90709D5911F092910D90132EF
:10D7F00012D04FF4DF71742002F078FB0D4A9A6268
:10D80000D8221A6283F8242008229A611A7708BD68
:10D81000094A0A41D207ECD4084A9A62D8221A620D
:10D8200083F824200422F0E7781400202816002032
:10D83000DEFEFFFF9F4E0500EEFCFFFF724E05006F
:10D8400010F0FF0008B508D14FF0804301225A6064
:10D85000C3F80001034B187008BD7C21B52002F00D
:10D8600045FB00BFA5140020014B01221A70704730
:10D87000A514002008B548B94FF08043D3F8003113
:10D8800013B9044B187808BD0120FCE7C221B5206C
:10D8900002F02CFBA5140020044B1868062818BFC2
:10D8A000B0F1FF3F0CBF0120002070472816002078
:10D8B00008B5094B1A680A2A02D1084B1B6823B124
:10D8C000FFF7EAFF08B9082A04D14FF0804302228B
:10D8D000C3F8342C08BD00BF281600202C160020E9
:10D8E000F8B50F4E0127375404460D4606F02CF8C4
:10D8F00060B934B94FF08043B7707560C3F80473F2
:10D90000F8BD40F225116D2002F0F0FA002DF7D09D
:10D910001CB92046A8477460F2E74FF4A071F2E703
:10D92000A8140020044B191800228A7003EB800110
:10D930001A544A60704700BFA8140020014B988118
:10D94000704700BFA8140020014BD889704700BF62
:10D95000A8140020014B9889704700BFA81400202C
:10D9600010B5EFF3108472B6064B03441A7C0132F3
:10D97000D2B21A741B7C012B01D105F0D9FF04B976
:10D9800062B610BDA814002010B506F005F805F029
:10D99000DBFF4FF08044084940B1FFF789FF0123C6
:10D9A000236104238B740023CB7410BD03238B7479
:10D9B0000123C4F80433F6E7A814002010B5EFF3F0
:10D9C000108472B6094B03441A7C22B940F25721E5
:10D9D0006D2002F08BFA1A7C013AD2B21A741B7CC9
:10D9E0000BB9FFF72DFF04B962B610BDA8140020D3
:10D9F000024B987C003818BF01207047A814002003
:10DA000073B51B4D6B7D63B9286A00F0030005F008
:10DA1000B3FF30B1EFF3108372B6AA7C1AB103B929
:10DA200062B602B070BD0122AA7403B962B64FF0AB
:10DA300080430822C3F808234FF42073ADF8063062
:10DA4000BDF80640A4B2631E9BB2ADF80630002CB0
:10DA5000F6D14FF080460748C6F80C4105F0E5FFC7
:10DA600085F82540FFF790FF0823C6F80433D8E770
:10DA7000A8140020CC1400202DE9F347484C237D46
:10DA8000002B00F08A800323ADF804304FF0804370
:10DA9000D3F80051F5B9D3F80481B8F1000F09D0DB
:10DAA0004FF080430022C3F804210222C3F8082368
:10DAB000FFF7A6FF94F825603A484FF08047F6B28A
:10DAC000D7F80C8105F0B5FF48B340F243316D2023
:10DAD00002F00CFA00258DF804500122D3F80481DD
:10DAE000C3F808230DF10409271DA61C19F8010B22
:10DAF00003280AD0337843B13B684FF0000A86F818
:10DB000000A013B19847C7F800A06B1C022B07F1C7
:10DB1000040706F101064FF00105E7D1BDE745B165
:10DB2000A37C032B05D10423A374FFF7C1FE0123BB
:10DB30003B61B8F1000F1FD04FF080430022C3F8C3
:10DB40000C21A37C042B02D040F26931BFE7164BB5
:10DB50001A680A2A02D1154B1B6823B1FFF79CFEF5
:10DB600008B9082A04D14FF080430022C3F8342CAE
:10DB70000223A37405F013FF4EB1002384F825306F
:10DB8000A37C022B01D1FFF7FFFE05F008FF05483B
:10DB900002B0BDE8F04705F05BBF02B0BDE8F0871A
:10DBA000A8140020CC140020281600202C160020D9
:10DBB00010B5054C206A00F0030005F0DDFE0028DA
:10DBC000F8D0002010BD00BFA8140020F8B505460D
:10DBD00050B10278042A07D8437842B9013B1F2B81
:10DBE00002D88378212B07D96FF0150075E0002B40
:10DBF000FAD18378002BF7D17B4B0127C3F88070D3
:10DC0000BFF34F8FBFF36F8F4FF08046C3F8807123
:10DC1000764C0B23C6F808330023C6F80031C6F84B
:10DC20000431C6F80C3123746374AB88E38105F0CA
:10DC30008EFE08B127702774D6F80C24D6F80C3461
:10DC4000D20303D5DF0701D5FFF70EFE4FF4AF6314
:10DC5000A3812B78A978637500222262A175E274F2
:10DC6000042B4DD8DFE803F005033A484A000123AE
:10DC7000236205F073FE00284DD005F076FE236A7E
:10DC800003F00303984246D1AB79002B3DD1FFF757
:10DC90008FFFA37D6BB12B785BB905F055FE054670
:10DCA00002F076FA6FF00043002D00F09980C4E98D
:10DCB00006034FF08043D3F80C24D3F80C34D2037E
:10DCC00003D5DB0701D5FFF7CFFD474A012300202D
:10DCD000A0742375C2F880311360F8BD05F05CFEB6
:10DCE0004FF08043D3F80C14D3F80C24CE03F9D5AD
:10DCF000D007F7D50223BBE73D4BB9E73D4BB7E76C
:10DD000040F21E516D2002F0F1F84FF080430222E4
:10DD1000C3F80423BDE74FF080430122DA600022FC
:10DD2000C3F80421226AC3F81825334A1368A3F103
:10DD30000E01012904D90A2B02D0FFF7ADFD48B12D
:10DD40004FF080534FF08041D3F84432C3F3423355
:10DD5000C1F83C351368A3F10E02012A04D90A2B3D
:10DD600002D0FFF799FD20B14FF080430122C3F8A4
:10DD70004C254FF0804301229A600222C3F804230D
:10DD8000AA79002A85D1D3F80423910702D440F25E
:10DD9000D141B7E7194A1669116941F010011161C3
:10DDA000D3F8043106F010060BB905F05EFE4FF013
:10DDB0008047D7F8043183B1FFF7FAFE26B90F4A3E
:10DDC000136923F0100313614FF080430222C3F85C
:10DDD00008230022C3F804215BE705F044FEE8E7CE
:10DDE000C4E9063065E700BF00E100E0A8140020A8
:10DDF00001000200010003002816002000ED00E0F1
:10DE000010B50D4C04F1240005F013FE48B9A37CB5
:10DE1000022B01D1FFF7B8FDBDE81040074805F01F
:10DE200017BE074A012384F82530BDE81040C2F828
:10DE3000003105F0B1BD00BFA8140020CC140020B3
:10DE400000E100E038B50C4B0C46197919B183217B
:10DE50006F2002F04BF860B95D790DB1002038BD3C
:10DE600001225A71FFF77CFD21462846FFF738FD55
:10DE7000F4E76FF01500F2E7D014002038B50B4D31
:10DE80002B7904461BB19A216F2002F02FF850B96C
:10DE90006B790BB9002038BDFFF744FD20466C714B
:10DEA000FFF78CFDF6E76FF01500F4E7D0140020C3
:10DEB00010B501B3F0B14FF0FF33104A1C46E0FB40
:10DEC0000134944203D9DB216F2002F00FF81A0DC0
:10DED00042EA0432C3F30F10094B00EB02404FF249
:10DEE0002444B2FBF4F103FB1100B0FBF4F040EA70
:10DEF0000140013010BD0846FCE700BF3F420F0063
:10DF0000000024F4014B9B68184700BFD014002088
:10DF1000014BDB68184700BFD0140020014B1B6980
:10DF2000184700BFD0140020014B1B6A184700BFE0
:10DF3000D0140020014BDB69184700BFD01400202B
:10DF4000034B1A790AB9FFF7FFBC988D704700BFE1
:10DF5000D0140020034B1A790AB9FFF7FBBC988A4A
:10DF6000704700BFD0140020024B1B790BB9FFF79C
:10DF700047BD7047D0140020014B9B69184700BF74
:10DF8000D014002010B5144C2379A3B1636A9847CC
:10DF9000002806DB94F82E3023B1012384F83030BA
:10DFA000002010BDFFF7E8FF0028F6DA40F28D11DF
:10DFB0006F2001F09BFF094BA361094BE361094B03
:10DFC0002362094BA360094BE360094B2361FFF710
:10DFD000FDFD0028E1D0E4E7D0140020B1DB020011
:10DFE00001DE0200F1D90200993903009F390300D4
:10DFF000A539030038B5084B1D79044625B140F218
:10E00000E1116F2001F072FF01F024F82046FFF7C4
:10E0100095FC284638BD00BFD014002008B507483D
:10E0200001F006F8054800F021F801F04DFA01F082
:10E030002FFA00F01FFB012008BD00BF04150020CF
:10E0400001F0E0BB103001F027B800BF01F03CB890
:10E0500001F0D4BC01F09CBD01F0AEBD01F04EBC9E
:10E0600008B52721032001F041FF00BF024B1860D3
:10E0700000221A719A6070470C15002070B582B0AA
:10E080001E4C2379012B11D0DAB2022A0BD1A068E1
:10E090000DF1070100F014FB0023A36023719DF82C
:10E0A000070002B070BD012002B070BDA0680DF184
:10E0B000070100F0FBFAA5686B7DDB07ECD5AB7FB1
:10E0C000042BE9D001F044F806460028E4D001F022
:10E0D00045F82A69B3682E686D68961945F1000500
:10E0E00000220A3342F100021B1842EB0102B34244
:10E0F000AA41D1D3A06800F085FCCDE70C15002023
:10E10000837F0BB10020704710B50A684B688C689C
:10E11000D1F80CC0C0F80CC08460026043600A698A
:10E120004B694361012402618477054B1A792AB94E
:10E1300098601C7100F0A2FF204610BDFFF790FF11
:10E140000C15002070B5044682B00D4601F000F8B1
:10E15000A37F012B17D02B686A68A9680646E86878
:10E16000E060A160236062606A692B6962610122DC
:10E170002361A2770DF10701204600F097FA2EB136
:10E18000012002B070BD002002B070BD024B04211E
:10E19000186805F01BFCF3E70C150020024B062164
:10E1A000186805F013BC00BF0C15002010B5084B13
:10E1B0001A7952B90446986002221A7100F05EFF83
:10E1C000A07FB0FA80F0400910BDFFF749FF00BF03
:10E1D0000C15002038B5837FC3B1044609E0A37F46
:10E1E000042B09D0A37F012B11D005F03CFCA37FA9
:10E1F00063B1A37F032BF2D1EFF3108572B62046F3
:10E2000000F0BCFA05B962B6A37F2BB938BD4FF454
:10E210008271032001F06AFEFF21032001F066FEF7
:10E2200070B5054600F094FF08B3044600F096FF71
:10E23000A4680346E41841F1000628463346224606
:10E2400000F072FBA04271EB06034FF000050CD307
:10E25000001B6FF0010361EB0601834275EB0101C6
:10E2600000D370BD4FF0FF3070BD284670BD40F246
:10E270002911032001F03AFE2DE9F04104460F4632
:10E2800000F066FF10B38568002362195B41064603
:10E2900013B10020BDE8F08100F060FF2A1841F1C1
:10E2A00000033846A51843F1000800F03DFBA842E2
:10E2B00071EB0801EDD301F0A5FA00F019FAB3688B
:10E2C000377523440120B360BDE8F0814FF4A3719A
:10E2D000032001F00BFE00BF00F040BFF8B503695A
:10E2E000002B4ED1044601F08DFA05460E46FFF78D
:10E2F00015FE78B3D4E90003643546F10006A84260
:10E3000073EB060223D3C4E90003EFF3108672B661
:10E3100000F01EFF054698B100F020FFAB68002218
:10E320000B3342F100021B1842EB0101D4E9000259
:10E33000834271EB02053CBF03461146C4E900313C
:10E3400006B962B62046BDE8F84000F083BB284617
:10E350003346D8E7FFF7FEFD074600F00DFFB84251
:10E360002168626838BF3846963546F10006401984
:10E3700046F10003884273EB02053CBF0846134692
:10E38000C1E74FF4D171032001F0B0FD1C4B1868B8
:10E39000A0B350E9063130B550F8104C13F10A0221
:10E3A000036841F100011519A0F1180041F1000CBA
:10E3B0001BB922E014D31B68FBB153E90621AA4222
:10E3C00071EB0C0419D290F814E013F8044C744566
:10E3D000F0D19C88B0F81CE0A4EB0E042404EAD52C
:10E3E00053F8100C0A3241F100018518A3F118000E
:10E3F0001B6841F1000C002BDFD130BD704700BF1E
:10E400001815002070B5264D00236B60EFF31081C6
:10E4100072B6AA686A60AB60EB6009B962B66A68F6
:10E4200072B3204C00269379032BA2F1180028D058
:10E43000136873B39A79042AA3F118038446A64695
:10E440000FD1818B9A8B521A12049A6944BF0CF136
:10E45000180E184642B19C46A2F118039A7F042A6E
:10E46000EFD09B7F032B16D1DEF800201368CEF887
:10E4700000300221C368867798476A68002AD2D1A3
:10E4800070BD116852F80C3C967169600121984783
:10E49000F3E7A646EAE763219F2001F027FD00BFCE
:10E4A000181500201C1500202DE9F04F6F4B046853
:10E4B0001B68456883B08283427D0646894602F028
:10E4C0000102002B00F0CB80A3F1180C002A6ED0C3
:10E4D000DCE90001844275EB0107644A2FD39CF804
:10E4E0001420337D9A421BD8DCF808301B1841F108
:10E4F000000113F10A0E41F10007744575EB0702A4
:10E5000080F0A8803269121945F10000964577EB3A
:10E51000000801D2724638469A428841C0F0828093
:10E52000DCF818300CF11802002B00F09180A3F1F8
:10E53000180CDCE90001844275EB0107CFD21F46BD
:10E540006346B068001945F10008002B44D0CDE9BE
:10E550000027CA46D3E9007110F10A0C48F1000205
:10E56000674571EB020245D21A7D96F814C09445B6
:10E5700019D39A68D21941F1000112F10A0941F147
:10E58000000E4C4575EB0E0745D237693F1945F132
:10E59000000CB9457EEB0C0B01D24F46F446974276
:10E5A0007CEB010C3DD39B6923B3183BD2E7DCE93C
:10E5B0000001844275EB01012C4A0CD3DCF81830C1
:10E5C0000CF118023BB1A3F1180CDCE90001844204
:10E5D00075EB0101F2D21F46334643F8187F1360F2
:10E5E000FFF7D4FE864210D0002389F8003003B034
:10E5F000BDE8F08FDDE900273346D14643F8187FA8
:10E600001360FFF7C3FE8642EED1012389F8003084
:10E6100003B0BDE8F08F2746AC4697427CEB010C77
:10E62000C1D2D146114A0423B377916800233376CF
:10E630007376B376F37606F118020C4B69B1DB689A
:10E640001A600B4B09491878CA6001F007FECBE746
:10E650001F4676E7224628465EE79A60F1E712B940
:10E660001746024AB8E7014A1F466AE71815002014
:10E670007400002010B50A4C2378FF2B0AD10948FA
:10E6800001F0C2FD084B207000221A609A60DA6027
:10E690001A8210BD4FF48D719F2001F027FC00BF3E
:10E6A0007400002005E4020018150020034B1A8AAC
:10E6B00002F1010CA3F810C0FFF7F6BE18150020F8
:10E6C00038B504460D46FFF761FE0346E31AB3FA78
:10E6D00083F35B0905482B7004F1180105F09CF9E0
:10E6E00010B10023A377012038BD00BF181500200A
:10E6F0002DE9F0431F4E34686CB34FF000083546E7
:10E70000C6464FF004092346246853F8187C53F892
:10E71000082CD21953F8147C47F1000C82427CEB90
:10E72000010C1AD22A6812682A6083F80690B2682F
:10E7300083F800E083F801E083F802E083F803E067
:10E740007AB1F2681360F3604FF00108002CDAD15F
:10E75000B8F1000F07D1BDE8F0831D46002CD2D1DF
:10E76000F6E7B360EFE7044BBDE8F043187801F03B
:10E7700075BD00BF181500207400002070B5154E3F
:10E78000B368054600F11801BBB1B368002423B992
:10E7900013E01A681C4682B113469942F9D10CB1B4
:10E7A000AA692260B268914204BF1B68B360F36833
:10E7B00099420AD00023AB7770BD074805F02CF9C9
:10E7C0000028F9D00023AB77F6E70023F460AB779D
:10E7D000F2E700BF181500201C1500202DE9F843B2
:10E7E000484E3468002C00F087804FF000080F4638
:10E7F0000546B14641464FF0040E2346246853F8BF
:10E80000180C53F8082C121853F8140C40F1000C93
:10E81000AA427CEB070C69D2D9F800201268C9F82B
:10E82000002083F806E0B268197059709970D970A9
:10E83000002A5FD0F2681360F3604FF00108002CEB
:10E84000DBD1B8F1000F03D02F4B187801F006FD93
:10E850003368002B50D053E90612A94272EB07002F
:10E8600053F8100C3CBF29463A46A3F1180C0A3065
:10E870004FF000041B6844F10004091842EB040245
:10E880001BB92DE016D81B6853B353E90604884220
:10E8900074EB020E24D29CF8148013F804ECF045BB
:10E8A000F0D1B3F804E0BCF81C80AEEB080E1EF407
:10E8B000004FE8D0854277EB040E294638BF014669
:10E8C00053F8100C3A46A3F1180C38BF22461B68C7
:10E8D000091842F100020A3142F10002002BD4D1A2
:10E8E0000CF1180373616046BDE8F8839946002C6B
:10E8F00083D1A6E7B3609FE700239C46736160461F
:10E90000BDE8F883181500207400002010B5054CF0
:10E910006169204605F080F818B160690023183855
:10E92000636110BD181500201C49096839B3A1F1B5
:10E93000180C9CF8141081421DD870B5DCE9004118
:10E9400012F10A0543F1000EAC4271EB0E0620D223
:10E95000DCF81060341941F10001AC4271EB0E019A
:10E9600015D2DCF8181071B1A1F1180C9CF8141034
:10E970008142F6D8E2E7DCF818100029D7D14FF031
:10E98000FF30014670474FF0FF30014670BD2C4606
:10E990007146B4F10A0041F1FF3170BD1815002035
:10E9A00010B5837F022B06D0837F012B02D0837F9B
:10E9B000042B1DD110BD437D13F0020313D103219D
:10E9C0000E4A81779468037600F1180143768376C6
:10E9D000C3765CB1D3681960094BD160BDE81040C3
:10E9E000187801F03BBC0023837710BD9160F3E7FA
:10E9F0004FF4FF719F2001F079FA00BF1815002035
:10EA00007400002070B5114D00F11806044631461F
:10EA1000284605F001F898B10423A377AA680023DB
:10EA200023766376A376E37642B1EB681E60084BEB
:10EA3000EE601878BDE8704001F010BCAE60F6E7FB
:10EA40004FF402719F2001F051FA00BF1815002009
:10EA5000740000202DE9F04F066983B0002E6ED1BE
:10EA6000D0E900158368077DEFF3108472B6DFF8F4
:10EA7000D8C0DCF80020002A52D0BCF8108013F176
:10EA80000A0E46F10006CDE90008183AB046D2E970
:10EA9000003611EB0E0A45EB08099A4579EB060C96
:10EAA0003DD38B4276EB050C27D3106910EB030C9A
:10EAB00046F1000BD4457BEB090B34BF4FF0010C42
:10EAC0004FF0000CBCF1000F13D092F814C0BC45FD
:10EAD0002DD034BF4FF0010C4FF0000CBCF1000FF3
:10EAE00007D013F10A01936846F10005591845F162
:10EAF000000592699AB1183AC9E7906813F10A0CB7
:10EB000046F1000910EB0C0C49F10009614575EB69
:10EB1000090934BF4FF0010C4FF0000CD2E7009808
:10EB200004B962B6C0E9001503B0BDE8F08FB2F8D1
:10EB30001CC00198ACEB000CCCF3C03CCEE740F21B
:10EB400027219F2001F0D2F918150020024B052142
:10EB5000186804F03BBF00BF30150020054B586813
:10EB600010B1C3680521184710B54FF41B71B020D0
:10EB700001F0BCF9301500202DE9F0471646002BB6
:10EB800055D0D3E900894B4C804579EB0103A38A2A
:10EB90003CBF804689466433B8EB000569EB01074A
:10EBA0000022AB422261BA41C4E9028916DBA369A3
:10EBB00003F2A3139D4277F1000769DA3E4AC4F8D5
:10EBC000288040464946C4F82C9000F03FFD3B4A5F
:10EBD000052384F830303260BDE8F087627F237F00
:10EBE0001AB19A071ED40022627703F0010AA369C2
:10EBF00003F2A3139D4277F100072EDABAF1000F5A
:10EC0000DCD0A08A2C4AB8EB000069F10001C4E90D
:10EC10000A0100F01BFD0623284A84F830303260D8
:10EC2000BDE8F087236A01209847237FDBE7214C6A
:10EC3000637F2BB1237F9B0702D5236A012098476E
:10EC40000025657701F03CF8FFF762F92B461C4A76
:10EC500084F830303260BDE8F08701F031F8FFF71A
:10EC600057F9A08AA369BAF1000F01D0984215D8CC
:10EC7000B8EB0300104A69F10001C4E90A0100F091
:10EC8000E5FC02230D4A84F830303260BDE8F0879D
:10EC900001F016F8FFF73CF9A369E9E7B8EB0000CB
:10ECA000054A69F10001C4E90A0100F0CFFC034AFA
:10ECB00001238EE7301500204DEB020009EE020023
:10ECC00001F0020002392DE9F04104292DD8DFE8D6
:10ECD00001F00309292C0C00164A137F003B18BFD2
:10ECE000012353770020BDE8F081044600F07AFC50
:10ECF00000F088FD0E460746FFF770FD0D4D80467B
:10ED00006868FFF74DFE22463846314643460024E8
:10ED100000260027C5E902676C60FFF72DFF02207F
:10ED2000BDE8F081FFF7AAF9DCE740F21721B02037
:10ED300001F0DCF8301500202DE9F84F2E4C637FF0
:10ED4000A769804683BB94F81C9019F0010934D15F
:10ED500000F058FD10EB070B41F1000A05460E4686
:10ED600058465146FFF73AFDA8B3D0E900329B451B
:10ED70007AEB02011BD30023204AA56228463146C4
:10ED8000C4E902BAE662236100F060FCB9F1000F49
:10ED900018D0A38A1A4A9F4216D0022384F8303032
:10EDA000C8F80020BDE8F88F4FF00009D0E7DD1B60
:10EDB0009B4662F100069246DDE7A38A9F4238BF78
:10EDC0001F46C5E70E4AE8E7012384F83030C8F84B
:10EDD0000020BDE8F88F637F2BB1237F9B0702D50E
:10EDE000236A012098470023064A84F8303063776D
:10EDF000C8F80020BDE8F88F301500204DEB020068
:10EE000009EE020001F00200023970B5054603293F
:10EE100000F2EB80DFE801F006024508754B0022A6
:10EE200083F83120002070BD724C94F830301A1FE6
:10EE3000012A40F29F8000F0E5FCA26A2369801A53
:10EE40009842B8BF184694F830302061022B7FD02A
:10EE5000237FD90740F1C480607F002840F0C08044
:10EE6000236A98470123637794F83020022AD4E973
:10EE700002034BD0012A70D02269323843F1FF31AE
:10EE8000101841EBE2715C4AC4E90A0100F0DEFBB4
:10EE900094F83030062B0CBF0523042384F830305F
:10EEA000C0E7544C94F83030042B0FD8022B25D8EF
:10EEB000013B012B00F28F80FFF7E0F80028B1D072
:10EEC00000F08EFC2846FFF737FF15E0053B012BCD
:10EED00000F28180FFF7D2F80028A3D000F080FC78
:10EEE00000F090FC06460C46FFF778FC2A460346E5
:10EEF00021463046FFF740FE022070BDFFF7BEF806
:10EF000000288FD0012384F831308BE7227FD2078D
:10EF10000ED5627F62B9A18A374A401A63F10001B7
:10EF2000C4E90A0100F092FB032384F8303079E74A
:10EF30002169314A323843F1FF33401843EBE17124
:10EF4000C4E90A0100F082FB042384F8303069E749
:10EF500000F0AEFEFEF7D6FF86E7A169264A401A0A
:10EF600063F10001C4E90A0100F070FB022384F898
:10EF7000303057E7042B94F8316019D0002EAFD110
:10EF8000FFF7C4FC0028ABD06060C4E90D6600F058
:10EF90001DFB6068022383773146C3689847D4E934
:10EFA0000201FFF7A5FB154B84F830602B60A3E747
:10EFB00000F08EFE0028E1D100200021FFF70EFCBA
:10EFC00008B1FFF71FFD00F07BFEFEF7A1FF28460A
:10EFD000FFF7B2FE90E74FF4CD71B02000F086FF4E
:10EFE00040F2B311B02000F081FF40F2F111B020E7
:10EFF00000F07CFF301500204DEB0200C5EC020054
:10F00000032910B506D801290AD840F25D11B020B5
:10F0100000F06CFF0429F8D10446FFF72FF808B977
:10F02000002010BD2046FFF787FE022010BD00BF64
:10F0300010B5064A064C02600023206084F8303088
:10F040002377FEF787FF5130A06110BD01F0020069
:10F050003015002008B5074B074A19680968914226
:10F0600002D15130986108BD40F25121B02000F02A
:10F070003DFF00BF3015002001F0020010B5EFF396
:10F08000108472B6034B0421186804F09FFC04B985
:10F0900062B610BD3015002008B5094B5A684AB158
:10F0A000D3E902218018BDE80840064A41F1000179
:10F0B00000F0CCBA40F27221B02000F017FF00BF80
:10F0C000301500205DEB020008B5064B5B681BB1F4
:10F0D000BDE8084000F084BB4FF41E71B02000F082
:10F0E00005FF00BF3015002008B5054B5A680AB16E
:10F0F000586308BD40F27E21B02000F0F7FE00BF4B
:10F100003015002008B5054B5A680AB1986308BD50
:10F110004FF42171B02000F0E9FE00BF301500204F
:10F12000044B9B6B03B1184710B540F28A21B02005
:10F1300000F0DCFE30150020044B5B6B03B1184778
:10F1400010B54FF42471B02000F0D0FE301500202F
:10F15000014B5868704700BF3015002008B5054BBB
:10F160005A6812B1D3E9020108BD40F29B21B020D8
:10F1700000F0BCFE30150020034B187F10F001009A
:10F1800018BF988A704700BF30150020054B1B68D8
:10F190001BB1D3E908200421104710B57221452086
:10F1A00000F0A4FE70150020054B1B681BB1D3E9CD
:10F1B00008200321104710B56C21452000F096FE71
:10F1C000701500202DE9F04104460D4679B9174F1E
:10F1D0003B683BBB16483C60FFF786FF1548FFF7CE
:10F1E00091FFFFF779F8637D5B07064605D4D4E904
:10F1F00008302946BDE8F0411847FEF729FF2036C0
:10F20000361A7E6000F07AFB0028FBD00A4B002201
:10F21000C3F8A8252946C3F8AC25D4E90830BDE8D1
:10F22000F04118478621452000F060FE701500204F
:10F23000A9F102008DF1020000F00140024B002212
:10F240001A601A81704700BF7015002008B5074B7F
:10F250001A683AB10648D06000211960BDE808403C
:10F26000FEF79CBFB921452000F040FE701500203C
:10F27000C5F10200C0E908122022002101F020B9E6
:10F2800030B587B04B7A00220D460592CDE90022B9
:10F290000492C3F3800282F001024FF0000162F396
:10F2A000820104462A78287A8DF815108DF814000A
:10F2B00069682B4802910390002A40D1D5E90420C7
:10F2C0009DF815C01CF0040FCDE9002028D19DF851
:10F2D00015202449C3F340035B0043F0010322F0EF
:10F2E000030213438DF815304B68C3F308038BB149
:10F2F000103B5BB2002B1CDB03F1604303F5614361
:10F3000093F800335B092BB969462046FEF71AFFD4
:10F3100007B030BD69462046FEF7F2FE07B030BDAB
:10F32000203A01F1200140F1FF300092029101905A
:10F33000CDE703F00F0319440B7D5B09E3E72B696D
:10F340000493FEF77DFE9DF815305B07CDE90001C3
:10F3500004D5029A6B7A20320292B8E76B7AB6E74C
:10F36000C5F1020000ED00E010B5037886B0B3B936
:10F3700090ED047B04464068217ACDE9020368469B
:10F38000CDE904338DED007B8DF81410FEF7A6FF58
:10F39000DDE900230120C4E9042306B010BD4FF4C9
:10F3A000AB71452000F0A2FD30B50C7887B07CBB76
:10F3B0004B7A05940C7A8DF81440C3F3800E174CE9
:10F3C0004D6803948EF0010ED1E904414FF0000C1A
:10F3D0006EF3820C1CF0040FCDE900418DF815C0CE
:10F3E000029507D0203C05F1200541F1FF31009442
:10F3F000029501919DF815400492C3F3400363F315
:10F40000410469468DF81540FEF77AFE07B030BD1D
:10F4100040F21F21452000F069FD00BFC5F1020048
:10F4200070B4EFF3108672B617490D78ADB1174B73
:10F43000D3F80445D3F848314FF6FF7294421FD0F9
:10F44000E3B147F6FE739C4218D84B68013306B906
:10F4500062B6C0E9004370BC70470C4AD2F804455C
:10F46000D2F8043153B14B6801334B60C2F80451F8
:10F47000D2F80445D2F80431002BF4D14B68E6E70A
:10F48000002BFBD11C46F9E7A815002000B0004076
:10F4900010B50A4C002222742277094B0948012139
:10F4A0005960C3F84025C3F840214FF40022196188
:10F4B000C0F8082500F020FF206210BDA81500202C
:10F4C0000080004000F001403749384BF0B44D6AED
:10F4D000374C002201204A6058609860C3F8084306
:10F4E000C3F84843C3F80421C3F84021C3F84421BA
:10F4F000C3F84821002D55D02E4C2F4EC4F8A865D6
:10F500002E4AC4F8AC55C4F85C394FF40023C4F853
:10F5100004350523C2F840351060D2F84031002B85
:10F52000FBD02448002301244FF40025C0F80855DF
:10F530005460D460C2F84031C2F84035C0F8A835F4
:10F54000C0F8AC35C0F8AC350B7833B391F828402F
:10F55000184816491A4E1B4DE30003F1804303F58A
:10F56000F8330122A2404FF6FF774FF48024C0F811
:10F570000825C1F84443C1F84875C1F80443C3F8ED
:10F580001065C3F81455C0F804250F4B4FF4006202
:10F59000C3F88021F0BC1A607047044B0222C3F804
:10F5A0000423F2E71860CFE7A815002000B0004060
:10F5B0000200070000F00140408100400080004050
:10F5C00048B1004008B0004000E100E0044B4FF0BB
:10F5D00080411A6A0123C1F808351360704700BFE3
:10F5E000A815002010B4144C1449154A0023C4F87F
:10F5F000A8350120C4F8AC354FF0FF3448600861ED
:10F60000C1F808430F4891684FF48074C0F88041F6
:10F6100041B10D494FF48030C1F808031374C1F8AB
:10F6200040319360126A5DF8044B4FF08041002333
:10F63000C1F808351360704700F0014000800040B9
:10F64000A815002000E100E000B00040F0B55A4CE1
:10F65000A36883B0002B40F09F802578A260002D26
:10F660005CD1564B994200F29C80430F544E554F4B
:10F6700043EAC101A6FB0132C0F34F33920B03EB07
:10F68000014307FB1233A6FB03639B0B43EA0243D0
:10F690004D4A02FB1300420B48F2376101FB02F2B4
:10F6A000120C43F60957494907FB120000FB01F110
:10F6B000490D43F6085601EB422207FB0161B0EB0E
:10F6C000512F88BF01320026002D41D01F0C1B0492
:10F6D0009D18684647F10007FFF7A2FEDDE90032FA
:10F6E000053346F100064FF48031E2FB01369D42BE
:10F6F00077EB060647D32A0C4FF6FF71ADB242EA0C
:10F700000742002D08BF0D4631494FF48030C1F843
:10F710004055E260C1F8040303B0F0BD2D4B99429F
:10F7200044D8430D264E274F43EAC121A6FB0132A0
:10F73000C0F34F13920B03EB014307FB1233A6FBFD
:10F7400003639B0B43EA0243234A02FB1300A2E735
:10F750001F0A1B069E18684647F10007FFF760FE68
:10F76000DDE90032053345F100054FF08071E2FB21
:10F7700001359E4277EB050505D3320E42EA07229A
:10F7800026F07F45C0E7FF232374144B4FF400623B
:10F79000C3F8002103B0F0BD40F2F921052000F0CC
:10F7A000A5FB4FF49471052000F0A0FB40F223115B
:10F7B000052000F09BFB00BFA8150020FF7F841EE2
:10F7C00083DE1B43000024F40080841E6F0C0100C4
:10F7D00000B000407F841E0080841E0000E100E035
:10F7E000064B9A684AB106494FF48032C1F80823A3
:10F7F00000221A74C1F840219A607047A8150020B1
:10F8000000B0004070B4EFF3108572B6364C20782B
:10F8100020B3364BD3F80425D3F848614FF6FF7375
:10F820009A4252D043F60951C2F3080301FB03F395
:10F83000500A01FB00F003F5807300EB5320002118
:10F84000002E45D047F6FE739A4241D863680133D3
:10F8500025B3274A70BCE3FB02017047234AD2F864
:10F860000435D2F8041111B3636801336360C2F840
:10F870000401D2F80435D2F804110029F4D143F67A
:10F88000095CC3F30802580A0CFB02F202F580730C
:10F890000CFB00F000EB532063681DB962B62278C0
:10F8A000002AD6D1134AE3FB020170BC704743F62D
:10F8B0000956C3F30802580A06FB02F306FB00F0E0
:10F8C00003F5807300EB5320E6E71EB10A480021E0
:10F8D0006368BDE7636815B928462946DEE7044A30
:10F8E00030463146DFE700BFA815002000B00040D9
:10F8F00080841E000080841E61841E0070B4EFF3BB
:10F90000108072B6384A15780DB3384BD3F80455C9
:10F91000D3F848614FF6FF739D4256D043F6095421
:10F92000C5F3080104FB01F16B0A04FB03F301F5C5
:10F93000807103EB51230024002E49D047F6FE715D
:10F940008D4245D85168013108B3294824E0274940
:10F95000D1F80435D1F804414CB3536801335360F6
:10F96000C1F80451D1F80435D1F80441002CF4D188
:10F9700043F6095CC3F308010CFB01F15B0A01F5D6
:10F9800080710CFB03F303EB5123516818B962B685
:10F9900010780028D9D11748E1FB0034D2E90C12C5
:10F9A0008B4294412CBF0120002070BC7047C3F3F0
:10F9B000080143F609555B0A05FB01F105FB03F35A
:10F9C00001F5807103EB5123DFE71EB10A4B0024E0
:10F9D0005168B9E7516810B903460446D7E70448AF
:10F9E00033463446D8E700BFA815002000B00040D9
:10F9F00080841E000080841E61841E002DE9F04773
:10FA0000DFF888815C4E012100234FF4002284B08E
:10FA1000C8F80410C8F84035C8F84031C8F81010CC
:10FA2000C6F80825D8F8042522F00302C8F80425F2
:10FA3000D8F8082542F00302C8F80825102292FAE7
:10FA4000A2F2B2FA82F2092A00F39180C8F81025D6
:10FA50004A4A4B4FC8F80C104FF48070C2F880012E
:10FA60001060484AC8F80410C8F80C10C6F8A82559
:10FA70003A78C6F8AC8502A8002A56D0019306E071
:10FA80000123C6F808A5C8F80430C8F80C30FFF701
:10FA9000C7FCDDE90243019D4FF4002A4FF4803991
:10FAA000C6F804A5E3FB0945FFF7BAFCDDE902321D
:10FAB0000199E2FB0931A94208BFA342E0D1013418
:10FAC00043F60952C4F3080345F1000502FB03F3B2
:10FAD000210EC4F34E2441EA052102FB04F02D0E51
:10FAE00003F5807300EB53204C016B01641A43EA69
:10FAF000D16363EB0506B201A3011B1B42EA9462CA
:10FB000062EB0602D20042EA5372DB005B1845EB5F
:10FB10000205E903DA03801841EA534141F100018B
:10FB2000C7E90C0104B0BDE8F087019206E00123AB
:10FB3000C6F808A5C8F80430C8F80C30FFF770FC08
:10FB4000DDE90243019D4FF4002A4FF08079C6F8A9
:10FB500004A5E3FB0945FFF763FCDDE902320199E7
:10FB6000E2FB0931A94208BFA342E0D1A7E706485A
:10FB700040F29F3100F0B0F900F0014000E100E0F8
:10FB8000A815002000B10040285905000080004061
:10FB900010B5029C201841F10001801A61EB0301AD
:10FBA000B0F1004F71F1000100DA10BD40F2A9314F
:10FBB000052000F09BF900BF70B4EFF3108572B61A
:10FBC000364C207820B3364BD3F80425D3F848615F
:10FBD0004FF6FF739A4252D043F60951C2F308031D
:10FBE00001FB03F3500A01FB00F003F5807300EB07
:10FBF00053200021002E45D047F6FE739A4241D88B
:10FC00006368013325B3274A70BCE3FB02017047E8
:10FC1000234AD2F80435D2F8041111B363680133D2
:10FC20006360C2F80401D2F80435D2F80411002947
:10FC3000F4D143F6095CC3F30802580A0CFB02F244
:10FC400002F580730CFB00F000EB532063681DB9D4
:10FC500062B62278002AD6D1134AE3FB020170BCB7
:10FC6000704743F60956C3F30802580A06FB02F32D
:10FC700006FB00F003F5807300EB5320E6E71EB1AE
:10FC80000A4800216368BDE7636815B9284629461C
:10FC9000DEE7044A30463146DFE700BFA815002002
:10FCA00000B0004080841E000080841E61841E001D
:10FCB000024B0122C3F84423704700BF00B000404C
:10FCC000024B0122C3F84823704700BF00B0004038
:10FCD00008B5FEF723F930B9074A936B0133312B8E
:10FCE000936304D808BD044B00229A6308BD40F218
:10FCF000F531052000F0FAF8A815002010B53F4CAA
:10FD0000237882B0002B55D03D4BD3F80423520307
:10FD10005BD43B4BE168D3F80423D00334D5D3F84C
:10FD20004031002B30D0636899425DD800232374A2
:10FD3000334AA168C2F840314FF48030C2F808035A
:10FD4000002955D0A36088472D4BA169D3F804231F
:10FD5000920324D5D3F844310BB363688B423FD36D
:10FD600000222277264B6169C3F844214FF400300A
:10FD7000C3F8080300293BD08847214BD3F8403112
:10FD80000193019B02B010BD6268237C002BCDD192
:10FD90009142D9D91A4B0022C3F84021D4E76268B6
:10FDA000237F002BDCD18A42E7D2154B0022C3F817
:10FDB0004421E2E7124AD2F804110029A9D0C2F87E
:10FDC0000431636801336360A3E7D3F84821002A54
:10FDD0009FD00022C3F8482163680133636098E72D
:10FDE000237F002BE1D0BBE7237C002BD2D09DE703
:10FDF00040F23741052000F079F800BFA815002037
:10FE000000B00040014B1879704700BFE815002092
:10FE1000044B1A79824283BF1B68602202FB0030C8
:10FE200000207047E8150020BFF34F8F0549064BAF
:10FE3000CA6802F4E0621343CB60BFF34F8F00BF88
:10FE4000FDE700BF00ED00E00400FA05094B0122C8
:10FE50005A604FF0FF32C3F80823074B4FF480423B
:10FE6000C3F88020BFF34F8FBFF36F8FC3F880219B
:10FE7000704700BF00E0004000E100E0094B0122B4
:10FE80005A604FF0FF32C3F80823074B4FF48052FB
:10FE9000C3F88020BFF34F8FBFF36F8FC3F880216B
:10FEA000704700BF00C0004000E100E0084B0022A6
:10FEB000C3F8FC2F0122C3F8FC2F064B0222C3F823
:10FEC0008020BFF34F8FBFF36F8FC3F8802170473F
:10FED0000010004000E100E008B572B6024B5B681C
:10FEE00003B19847FFF7A0FFF01500201FB572B6C9
:10FEF000134B5D6895B9FFF797FF2346B2FBF6F207
:10FF00005C1C002AF9D104AEDCB256FA83F303F884
:10FF10000C2C0A2234B901A8A847ECE702460023BA
:10FF20000A26EDE7631E04AEDCB256FA83F3B0FB9B
:10FF3000F2F602FB1600303003F80C0C3046E9E70D
:10FF4000F0150020F8B51F4E337805460C461746CD
:10FF5000A3BB00F0C5F9FDF735FC77603472FFF7FD
:10FF6000A5FFFFF78BFFFFF771FF174B002D14BFA5
:10FF700028461846FEF706F80546E8B9FFF75EF989
:10FF8000FDF7F2FF03F011FDFEF748F818B9B821AC
:10FF90001120FFF7ABFF002C0CDB04F01F026409FB
:10FFA000A40004F1604404F5614401239340C4F8C3
:10FFB00080312360012333702846F8BD4FF0FF35B0
:10FFC000FAE700BFF0150020D04E0500074B93F96B
:10FFD0000830002B09DB5A09012103F01F03994067
:10FFE00002F14003024A42F823107047F015002046
:10FFF00000E100E0014B1878704700BFF0150020C9
:020000023000CC
:1000000050B1074B03F1140253F8041B40F8041BD2
:100010009342F9D1002070476FF01500704700BF80
:1000200048C50500F0B5284D284C294F83B02E78DF
:100030000136F6B2D5E84F3F0133DBB2C5E8423FA7
:10004000002AF7D101236360C4F80021C4F8042119
:10005000EFF3108272B6C4F80405236052B962B699
:1000600008E0D4F804314BB92B789E4206D13B69A5
:10007000DB0613D4D4F80031002BF2D0D4F80431CD
:10008000002BD4D12A78B242D1D10322C4F8003156
:10009000C4F80431C4F8082303B0F0BD0D4B0321AC
:1000A0004FF48042C4F80413C3F88021D4F800311F
:1000B000002BDFD1D4F80431002BDBD1019003F009
:1000C000D2FC0198D6E700BFF915002000E00040FF
:1000D00000ED00E000E100E070B51446DA078CB0F6
:1000E0001D4686468C4633D5C36842681BBA0093CA
:1000F000CB681BBA049383681BBA019303681BBACD
:1001000003938B6812BA1BBA029205934A680B6874
:1001100012BA1BBA6E46069207933046FFF782FF6B
:10012000AB070DD5DDE90A10DDE9083200BA09BADE
:1001300012BA1BBA20606160A260E3600CB070BDAF
:1001400008AD0FCD20606160A260E3600CB070BDAF
:10015000DEF80410DEF80820DEF80C300068EE4609
:10016000AEE80F00DCF80000DCF80410DCF8082032
:10017000DCF80C306E46AEE80F00CEE710B5002478
:1001800082B0CDE90044FFF7A7FF02B010BD00BF69
:100190001A4B4FF4805270B5C3F88020BFF34F8FD5
:1001A000BFF36F8F164C174D0021C4F80011C3F830
:1001B00080212E692B6943F010032B610123C4F8C1
:1001C000043306F010062360D4F800319BB11EB949
:1001D0002B6923F010032B610123D4F80805636019
:1001E000C4F808330023C4F80031044B4FF48052A4
:1001F000C3F8802170BD03F036FCE5E700E100E0C4
:1002000000C0004000ED00E00B4938B5042301EBCD
:10021000C302157905F0FF042DB1013BF7D240214F
:100220006920FFF763FE41F8330001215471947196
:100230001171D8B238BD00BFFC150020042808B5E4
:1002400003D947216920FFF751FE034B03EBC0039D
:1002500000221A7108BD00BFFC150020042808B553
:1002600003D950216920FFF741FE094B03EBC00081
:100270000379012B01D05121F4E7437982790133CD
:10028000DBB29A4218BF4371BDE80840FFF79EBE3B
:10029000FC15002038B5114D052495F8281005EB04
:1002A000C1031A79012A09D158799A79904205D067
:1002B0005A79D2B29A7155F83130984795F828306A
:1002C0000133DBB2052B04F1FF3428BF002314F007
:1002D000FF0485F82830E0D138BD00BFFC150020B0
:1002E0004FF08052034BD2F830111960D2F834210C
:1002F0005A60704728160020084B1B68083B082BE3
:100300000AD840F2211222FA03F313F0010F044B32
:10031000044818BF18467047024870472816002046
:1003200000E701400C050040144B1B68062B03D06E
:10033000013301D020BF7047EFF3108072B6104A2E
:100340001369116941F0100111610E49D1F80021C2
:10035000D1F804110A4303F0100300D040BF20BFBE
:1003600000BF00BF00BF00BF23B9054A136923F0D7
:100370001003136100B962B6704700BF2816002051
:1003800000ED00E000E100E0914270B53FD2B2FA2A
:1003900082F33BB1C3F1200420FA04F499402143D5
:1003A00098409A40150CB1FBF5FC05FB1C1E4FEA6A
:1003B0000E4E030C84B20EEB10401FFA82FE0CFBB3
:1003C0000EF6864206D9361A964294BF01260226B8
:1003D000ACEB060C03EB01430CFB1233B3FBF5F063
:1003E00005FB103304EB034400FB0EFEA6454FEA69
:1003F0000C4C09D9AEEB040E964594BF4FF0010E9C
:100400004FF0020EA0EB0E0040EA0C0070BD73210D
:100410009620FFF76BFD00BF2DE9F8431C4652EA1A
:10042000040349D0074615460E4684B9914204D2CA
:10043000FFF7AAFF2146BDE8F88321463046FFF7C3
:10044000A3FF04462A46384604FB1561F0E74FF047
:100450000108B4FA84F908FA09F3A3FB021220FA9E
:1004600008F003FB042240EAC67026FA08F1FFF701
:100470008BFFC9F11F0230FA02F34FF0000C08D1D4
:1004800040461946AF42A6413CBF18466146BDE80A
:10049000F8835A1E61466CEB0C0C05FB0CFE02FB4C
:1004A00004EE18461346A5FB0228BA1A0EEB0807FD
:1004B00066EB07061746E5E7A6219620FFF716FD2F
:1004C00010F0030FC9B2034607D0BAB303F8011BFB
:1004D00013F0030F02F1FF32F7D170B5032A01EBDD
:1004E000012404EB04441ED9161FB508032E05F1A0
:1004F000010521D94FEA550E03EBCE0E9C46CCE9FF
:1005000000440CF1080CF445F9D115F0010F04D0AA
:1005100025F0010503EB85052C6026F00306043366
:10052000334402F0030232B1012A197003D0022AC7
:10053000597018BF997070BD1D46EDE7704700BF38
:10054000844641EA000313F003037DD1403A51D3BE
:10055000F0B4F0C9F0C0F0C9F0C0F0C9F0C0F0C903
:10056000F0C0403AF5D2F0BC44E0403A42D300BF7C
:1005700051F8043B40F8043B51F8043B40F8043B7D
:1005800051F8043B40F8043B51F8043B40F8043B6D
:1005900051F8043B40F8043B51F8043B40F8043B5D
:1005A00051F8043B40F8043B51F8043B40F8043B4D
:1005B00051F8043B40F8043B51F8043B40F8043B3D
:1005C00051F8043B40F8043B51F8043B40F8043B2D
:1005D00051F8043B40F8043B51F8043B40F8043B1D
:1005E00051F8043B40F8043B51F8043B40F8043B0D
:1005F000403ABDD2303211D351F8043B40F8043BAD
:1006000051F8043B40F8043B51F8043B40F8043BEC
:1006100051F8043B40F8043B103AEDD20C3205D3BC
:1006200051F8043B40F8043B043AF9D2043208D0B4
:10063000D2071CBF11F8013B00F8013B01D30B8826
:1006400003806046704700BF082A14D38B078CD004
:1006500010F0030389D0C3F10403D21ADB071CBFD7
:1006600011F8013B00F8013BFFF47FAF31F8023B8A
:1006700020F8023B79E7043AD8D3013A11F8013B5C
:1006800000F8013BF9D20B7803704B7843708B78FC
:1006900083706046704700BF6F3A03007B3A0300E7
:1006A0007F3A0300873A03008B3A030081F0004150
:1006B00002E000BF83F0004330B54FEA41044FEA47
:1006C000430594EA050F08BF90EA020F1FBF54EAE2
:1006D000000C55EA020C7FEA645C7FEA655C00F07E
:1006E000E2804FEA5454D4EB5555B8BF6D420CDD4F
:1006F0002C4480EA020281EA030382EA000083EAD2
:10070000010180EA020281EA0303362D88BF30BD71
:1007100011F0004F4FEA01314FF4801C4CEA1131C7
:1007200002D0404261EB410113F0004F4FEA033326
:100730004CEA133302D0524263EB430394EA050FB1
:1007400000F0A780A4F10104D5F1200E0DDB02FA20
:100750000EFC22FA05F2801841F1000103FA0EF2B4
:10076000801843FA05F359410EE0A5F120050EF17A
:10077000200E012A03FA0EFC28BF4CF0020C43FAAB
:1007800005F3C01851EBE37101F0004507D54FF0B8
:10079000000EDCF1000C7EEB00006EEB0101B1F508
:1007A000801F1BD3B1F5001F0CD349085FEA30004E
:1007B0004FEA3C0C04F101044FEA445212F5800F59
:1007C00080F09A80BCF1004F08BF5FEA500C50F1F6
:1007D000000041EB045141EA050130BD5FEA4C0CD9
:1007E000404141EB0101013C28BFB1F5801FE9D236
:1007F00091F0000F04BF01460020B1FA81F308BF59
:100800002033A3F10B03B3F120020CDA0C3208DD24
:1008100002F1140CC2F10C0201FA0CF021FA02F1FF
:100820000CE002F11402D8BFC2F1200C01FA02F16F
:1008300020FA0CFCDCBF41EA0C019040E41AA2BF94
:1008400001EB0451294330BD6FEA04041F3C1CDA5C
:100850000C340EDC04F11404C4F1200220FA04F07C
:1008600001FA02F340EA030021FA04F345EA030126
:1008700030BDC4F10C04C4F1200220FA02F001FAE8
:1008800004F340EA0300294630BD21FA04F029466A
:1008900030BD94F0000F83F4801306BF81F4801103
:1008A0000134013D4EE77FEA645C18BF7FEA655C76
:1008B00029D094EA050F08BF90EA020F05D054EA48
:1008C000000C04BF1946104630BD91EA030F1EBF4D
:1008D0000021002030BD5FEA545C05D14000494151
:1008E00028BF41F0004130BD14F580043CBF01F544
:1008F000801130BD01F0004545F0FE4141F470012A
:100900004FF0000030BD7FEA645C1ABF1946104604
:100910007FEA655C1CBF0B46024650EA013406BF05
:1009200052EA033591EA030F41F4002130BD00BFC4
:1009300090F0000F04BF0021704730B54FF4806481
:1009400004F132044FF000054FF0000150E700BF02
:1009500090F0000F04BF0021704730B54FF4806461
:1009600004F1320410F0004548BF40424FF000014E
:100970003EE700BF42004FEAE2014FEA31014FEA91
:1009800002701FBF12F07F4393F07F4F81F06051E0
:10099000704732F07F4208BF704793F07F4F04BF2B
:1009A00041F40021704730B54FF4607401F0004508
:1009B00021F000411CE700BF50EA010208BF704768
:1009C00030B54FF000050AE050EA010208BF704759
:1009D00030B511F0004502D5404261EB41014FF4C2
:1009E000806404F132045FEA915C3FF4D8AE4FF0CA
:1009F00003025FEADC0C18BF03325FEADC0C18BFAD
:100A0000033202EBDC02C2F1200300FA03FC20FAFD
:100A100002F001FA03FE40EA0E0021FA02F114444A
:100A2000BDE600BF53B94AB9002908BF00281CBF62
:100A30004FF0FF314FF0FF3000F00CB8ADF1080C73
:100A40006DE904CE03F03DF8DDF804E0DDE90223B2
:100A500004B07047704700BF08B5F6F7F9FCF8F727
:100A6000ADF9F6F70BFC002008BDFFF7C9BAF8F79F
:100A700037B900F0A5BF00F0A6BF10B586B0044698
:100A800001A8FFF7BDFA02232370A3709DF804307C
:100A90006371BDF80530E380DDF80730A360002006
:100AA0006070E070207106B010BD00F0B0BD70B590
:100AB000044602F083FE012805461AD1601C02F0AC
:100AC00084FEB0B1A37963F03F03A3710020F8F76F
:100AD0005FFAE61D38B1102200213046FFF7F0FC26
:100AE0002570002070BD304602F082FE0028F2D052
:100AF000F6E70025F4E710B5102204460021FFF7C1
:100B0000DFFC04F11003102200211846FFF7D8FC87
:100B100002F087FE0020F8F73BFA20B1204602F0F1
:100B200067FE002010BD02F049FE0028F6D0F8E76D
:100B300010B50446FFF72CFBB0F5007F09DA10F57D
:100B4000007F08DD031EB8BF03339B102370002015
:100B500010BD7F23FAE76FF07E03F7E78178008806
:100B600000F0F1BE37B505460C4600880DF10601D0
:100B700000F01EFE2B882380BDF80630638003B092
:100B800030BDF7B504462046F8F71EFD022805469D
:100B90002ED004282CD123788A2B18D13E20F6F7AA
:100BA0006BFC78B9E378227901A943EA022368460D
:100BB000ADF8003000F07BFE0028E4D0532108207F
:100BC000F6F720FB0520F6F79BFC0028EAD020462C
:100BD00000F013F82678A7783046F6F74DFC002889
:100BE000D1D03E2E04D13846F6F78AFC0028CAD070
:100BF000284603B0F0BD01F0F6BB10B50378813B89
:100C000004460E2B2FD8DFE803F02F3541454F6700
:100C10006D08613B71775B2E7D002920F6F770FC33
:100C200030B13E232370222363702923A3701AE07E
:100C30000A20F6F765FC3E23237018B11F2363706A
:100C40000A23F3E70123A37013236370E37903F00E
:100C50000103E371D4F81A30C4F80E30E38B6382D9
:100C600094F82030237510BD3E2303700423437095
:100C70001423DBE73E2303700A2343700323D5E7E5
:100C80003E2303700D2343700523CFE70523237014
:100C9000042307E05A20F6F7EFFB08230028F6D0DC
:100CA0005A2222706370DEE75B20F6F7E5FB18B18D
:100CB0005B2323700623F5E7302323700323F1E73A
:100CC0003E2303700B2343700723AFE73E230370DB
:100CD000062343700C23A9E71323037083789B003A
:100CE0000133DFE7572303700223DBE73E23037062
:100CF00006234370122399E73E23037009234370B0
:100D0000132393E7FF2303700D23437080238DE7A4
:100D100008B510B96FF0150008BDFFF76CFF00288B
:100D2000F8D00020F8E710B50C4648B141B1FFF704
:100D300028FF002820700CBF6FF02200002010BD9B
:100D40006FF01500FBE7F8B5941C0C446343B3F552
:100D5000004FA8BF4FF0FF330E4610F003010546C9
:100D600017469CB203D0B0211420F6F74BFAB4F525
:100D7000004F01D9B121F7E714220430FFF7A0FB9F
:100D8000EF746C802E80F8BD38B50388C48805895F
:100D90008B42C4F30E0203D2D1211420F6F732FAAB
:100DA00084EA0503C3F30E030BB9AC4206D102F18A
:100DB00018030122C1528274184438BD1846FCE75A
:100DC000023101444A43B2F5004FA8BF4FF0FF3251
:100DD00090B21B3020F00300B0F5004F34BF00B2DA
:100DE0004FF0FF30704740881B3020F00300B0F513
:100DF000004F34BF00B24FF0FF3080B2704738B5BB
:100E000003888B4203D2F7211420F6F7FBF9857C87
:100E100065B1C388C3F30E031833C25A8A4207D39D
:100E2000C152811DF6F77CFB00238374284638BD30
:100E30000025FBE70346F0B59E88DD88B4B2A542E5
:100E400000F11800C6F30E0616D05F89DD7C845BC6
:100E50003D4402353544E41B28440D88A4B2A54224
:100E600088BF0C805989B1FA81F14FEA511188BFCE
:100E700025461170DD81F0BD00252846FAE7F8B55A
:100E80008288C389002604460D4692B20E60CBB11B
:100E9000C2F30E024189183287180B44825A9BB262
:100EA0009342438104D94FF4A2711420F6F7AAF9B2
:100EB00004D1011DF6F734FB46812F600023E38146
:100EC0000120F8BD1846FCE7838802899BB29A424C
:100ED000014602D00831F6F723BB70478388C088EB
:100EE0009BB2C31A584258417047828873B5C48870
:100EF00095B2AC42C2F30E0202F1180212D041893F
:100F0000C689835A314499420EDB0DF10601ADF8D2
:100F10000650F6F705FBBDF80600001B18BF0120C0
:100F200002B070BD0020FBE70120F9E770B5C4886E
:100F3000068984EA0602C2F30E020346C4F30E05D4
:100F400018300AB9B4420FD19C891A880CB1465B9B
:100F5000921B914207DCDA7C2C440232224410447A
:100F60000A461A8270BD00221046FAE7F8B5038AD5
:100F7000002B38D08B4236D3C488858900F1180302
:100F8000C4F30E041E1995B91D55757085891E5B35
:100F90000D44ADB2314485811953D2B1811DF6F7AC
:100FA000BFFA00238381002303820120F8BD1E5B6A
:100FB000AE4204D04FF4F6711420F6F723F9C57C45
:100FC000878A2644023535445E195F53857DB570A6
:100FD000DCE7C27C254402322A4499189B5A83825A
:100FE0008B788375DFE70020E0E78388C2889BB2B7
:100FF0009A4206D0428922B9C3F30E03183318442B
:10100000704700207047C37C0233C8187047023015
:10101000704738B58388C2889BB29A4207D0458909
:101020002DB9011DF6F77CFAC581012038BD0020DD
:10103000FCE703881380C388C3F30E03183303440B
:101040000B60808970470368002223B9C0E9013230
:10105000031D0360704759681B680A44F5E70729B8
:1010600070B5034604D84FF4EC711520F6F7CAF8B2
:101070000068C0B144681A688C42064610D01068F7
:1010800060B901F10805AC420DD35468505018689E
:10109000651A541800686560505002E01346E9E78D
:1010A00014681C60304670BD0023C1E9003203683B
:1010B0000B600160704730B590B18478B1FBF4F3F8
:1010C00004FB131300EB430252898A4201D1D8B2C8
:1010D00030BDC27822B900F10803D0B2844201D8F1
:1010E000FF20F5E733F8025F8D4202F10102F4D1EF
:1010F000EEE78278038805324B4303EB4203184442
:10110000704737B50024CDE9004405468DF8060048
:101110006846ADF80440F6F7DBFBBDF8044008B1C3
:1011200003B030BD29462046F6F7AEFB0028EFD0CD
:1011300040F235211720F6F765F870B50D46092104
:101140001E46FFF73DFE3246044609212846FFF7BA
:1011500037FE40EA04031B0454BF00194FF0FF3070
:1011600070BD01230370704710B5FF238B70C2F36D
:1011700080035B00DBB2CA180124127D032A08BF7A
:101180000133CA18147503F10C0401EB8303002228
:1011900021F814205B688A700360828010BDF8B566
:1011A0000C4684F001046400054611461E46E4B274
:1011B000FF23837003191B7D012B06D0631CDCB257
:1011C00050FA83F31B7D012B0AD105EB44073B8BBF
:1011D0003A8C9819904205DD2C4400233B832375FB
:1011E0000020F8BD05EB8404324660681844FFF720
:1011F000A7F93B8B1E443E830023AB700120F0E730
:1012000081F00101490010B5C9B2FF238370431872
:101210001C7D012C07D10C3120F8112002221A75F7
:101220000023837010BD0131CBB250FA81F10C7DE7
:10123000012C05D10C3320F8132002230B75EFE7A6
:101240004FF499710920F5F7DDFF30B50246837838
:1012500003F0FF00F3B9137D022B19D0537D022B4D
:1012600015D10346012089B1D5180C3300242C7503
:1012700022F81340131803241C7502EB80035B68EB
:101280000B6000F10C0332F813308B80012030BD6D
:101290000123E8E70020FAE730B50346827802F040
:1012A000FF00E2B99A7D022A17D0DC7D022C13D10F
:1012B000032281B11D190C340020287523F8140075
:1012C00098180324047503EB82000C32406833F84D
:1012D000123008608B80012030BD0324E9E7002034
:1012E000FAE7037D012B01D1008B7047437D012B71
:1012F0000CBF408B00207047837D012B01D1808B78
:101300007047C37D012B0CBFC08B00207047027D4E
:10131000022A01D1008B7047437D022B01D1408B03
:101320007047032AF6D0032BF9D000207047827D46
:10133000022A01D1808B7047C37D022B01D1C08B63
:101340007047032AF6D0032BF9D000207047F6F738
:10135000AFBBF6F70FBC07B50023CDE9003301237F
:101360008DF806306846F6F7B3FA08B1002004E0BD
:10137000009801F0CBFE0028F4D003B05DF804FB28
:101380001FB50022009240F6881303A9FCF770F9FC
:1013900005B05DF804FB10B5044638B1F7F738FD29
:1013A00024EA0000B0FA80F0400910BD0120FCE7FB
:1013B0002DE9F0410F46B0F85E60B0F8605001F0E2
:1013C00084FD0221044600F0DCFD02218046204617
:1013D00000F0D7FD464528BF4646B6B21B2E38BFA3
:1013E0001B26FB2E28BFFB26854228BF0546ADB233
:1013F0001B2D38BF1B25FB2D28BFFB25B4F5A47F73
:1014000038BF4FF4A47440F648039C4228BF1C46E2
:101410007E80FD80BC803C81BDE8F0812DE9F041FB
:1014200086B0054602A9008800F0CFFD04460028DA
:1014300070D1029A92F85031D91E4B424B418DF82F
:101440000630136898064ABF9DF80630234683F09D
:1014500001038DF8073092F862309B0603D49DF8A3
:101460000730002B5CD0EB881B3B9BB2E02B59D89C
:101470002989A1F5A4739BB244F24810834251D844
:101480006B881B3B9BB2E02B4CD8AA88A2F5A473B7
:101490009BB2834246D840F64807B94244D8BA4284
:1014A00042D8029E4FF0FF0886F823819DF806304F
:1014B000A3BB03A906F1A800FFF77AFF6A88BDF86D
:1014C0001230BDF81410E888934228BF1346A6F8DE
:1014D0002831BDF80E30AA88B94228BF3946834268
:1014E00028BF0346A6F82431BDF810302889BB4236
:1014F00028BF3B46834228BF03468A42A6F82631CE
:10150000134628BF0B46A6F82A3186F8228100230D
:1015100086F82331204606B0BDE8F0813A24F6E78C
:101520001A24F7E71224F5E71124F3E710B5FFF7C3
:1015300012FF60B1F7F7A8F8044601F02AFF40B99E
:10154000204601F022FF80F00100C0B210BD012052
:10155000FCE70020FAE7006890F8BA3123B10023D5
:1015600080F8BA3101F0C6BC70471122027041F216
:101570003903C2705922A0F801308280C380002054
:10158000704708B50821F6F7C9FA002008BD73B501
:101590000646008808800C4680B201A900F015FDBF
:1015A000054640B9B3784BB9019B93F91C01A07073
:1015B000FAF736FFA070284602B070BD7F20FFF713
:1015C000DFFEF4E710B504466FF07F00FFF7D8FEAA
:1015D000FAF726FF20707F20FFF7D2FEFAF720FFF0
:1015E0006070002010BD08B50A46072300F1100105
:1015F000FEF7C4FD002008BD10B5014604460020DA
:10160000F7F7ACFC08B92060A080002010BD10B531
:101610000446F7F7CDFB28B900202146F7F786FCF2
:10162000002010BDFFF782FF0028F5D10C20F8E75D
:1016300010B50446FFF77AFF28B101202146F7F7DD
:1016400075FC002010BD0C20FCE7FFF7E7BE1FB5BE
:1016500002880A80838844F290218B4215D840F694
:1016600048018B42ADF804204288ADF8062028BF1F
:101670000B4601A8ADF80830ADF80A20ADF80C30E3
:10168000FFF7CCFE05B05DF804FB1220FAE737B592
:1016900008800D4601A900F098FC044620B9019885
:1016A0002946A830FFF784FE204603B030BD10B5B0
:1016B00003466FF004040020482108221C70587073
:1016C0009970DA701C7158719971DA7110BD13B587
:1016D000008808800C4680B201A900F076FCC8B9E9
:1016E000019B83F8160193F81421012A06D0022ADF
:1016F00004D04FF43F710620F5F784FDA27093F8F3
:101700001521012A01D0022AF3D1E27093F81621A3
:10171000002AE6D102B010BD1FB5044603A9008817
:1017200000F053FC38B9A388022B14D8E078FFF7F7
:1017300032FE10B9112004B010BDA078FFF72BFEC7
:101740000028F7D001230093A388E278A17803A8AA
:1017500000F0A9F9EFE71220EDE737B58378C178FB
:10176000027903F0010451EA040503F002031DD0DD
:1017700052EA03051AD0002C18BF0021002B18BF15
:1017800000228DF80320037842788DF8021043EA96
:101790000223ADF8003043798279684643EA022398
:1017A000ADF80430FFF7B8FF03B030BD1120FBE700
:1017B00013B50C4601A900F008FC18B9019BDB88A1
:1017C0000133238002B010BD07B5008801A900F0E5
:1017D00015FC30B9019B93F8332112B9FF2283F82D
:1017E000332103B05DF804FB10B50446F7F70AFB9C
:1017F00020606160002010BD37B50446F6F744FF55
:1018000023781F2B054618D8816A04226846FFF703
:10181000ABFC2246A86A12F8013B0021FFF7BFFC8F
:1018200068B1AC6A2046FFF767FD002102462046FA
:10183000FFF7E6FC002003B030BD1220FBE70720D5
:10184000F9E737B50446F6F71FFF23781F2B054647
:1018500018D8816A00226846FFF786FC2246A86AEB
:1018600012F8013B0121FFF79AFC68B1AC6A2046EF
:10187000FFF737FD012102462046FFF7C1FC00209B
:1018800003B030BD1220FBE70720F9E710B504468E
:1018900034F8020B0880002180B2F5F7DFFF20B199
:1018A0002146BDE8104001F03FBF022010BD008876
:1018B00008B50880002180B2F5F7D0FF20B1BDE85F
:1018C0000840002101F030BF022008BD13B5008898
:1018D00008800C4680B201A900F077FB10B9019B8B
:1018E0009B8F638002B010BD37B503880B80044620
:1018F00098B2638813B9122003B030BD01A900F07B
:1019000064FB0028F8D16588019B42F21072A9B2ED
:10191000D3F8C4405143B3F8DA206243B3F8CC4063
:1019200004FB02229142E6D3D3F8C420D3F8C4408A
:101930009442F9D100225A63621E0A449D87B2FB89
:10194000F4F29A63D8E710B50C460021F5F786FF4C
:1019500090B1022C12D804F00102C4F3400480F8C4
:10196000BC2180F8BB4112B190F8BA310BB900200C
:1019700010BD01F0BFFAFAE70220F9E71220F7E7FD
:1019800010B504460078FF280AD00121F5F766FF5C
:1019900058B16378A27843EA0223C383002010BDC4
:1019A000B4F80100F9F7F4F8F8E74220F7E708B5D2
:1019B0000078003818BF0120F8F7EEFF002008BDBE
:1019C0000820F7F713BA01F0D9BE10B5044604B9E0
:1019D00010BD236898476468F9E703680BB9016094
:1019E00070471A465B6813B18A42FAD170478A423F
:1019F00018BF5160704708B5F9F7D4FCF8F7BEFF7F
:101A0000BDE80840F9F7B6BC08B50020FFF779FB40
:101A1000F5F7E8FFF7F744FAF6F79EFC20B140F23D
:101A200043119320F5F7EEFB08BD08B5F8F776FFF4
:101A3000F9F78EFC20B140F263119320F5F7E2FB39
:101A4000BDE808400120FFF75CBB08B5FFF7EDFFDC
:101A500001F056FE20B14FF4BC719320F5F7D2FB94
:101A600008BDFCF76DBA0B46892203F8032BD0F8AA
:101A70000920C1F80320427B1A71704738B50D4622
:101A80000446F7F7C5F92B78002B08BF034684F806
:101A900068306B78002B08BF034684F869306B8888
:101AA000A4F86A3038BD2DE9F7430468994694F8E4
:101AB000633094F80F8043EAD303DB070F461646E2
:101AC00002D4B8F1250F36D16FBBF7F7A1F905465F
:101AD000BEBBF7F79DF945BBB8F1250F2ED100200D
:101AE0000546FF2384F82D3194F82C3103F0FF08CC
:101AF000F3B99DF8283084F82F0184F82C3184F84C
:101B00002E5101A904F1A8008DF804708DF805602C
:101B1000ADF80690FFF7B2FF002384F82D31404660
:101B200003B0BDE8F0833D46D2E70028D4D0D8E723
:101B30004FF03A08F0E74FF01A08F0E74FF00908C5
:101B4000EDE7002DC8D03046CBE738B5036893F8F1
:101B50002C31012B04460D4602D11E21F7F77AF9EC
:101B60002368002083F82C0165B1182283F899209E
:101B700008229A7393F84A3093B940F25B41AE2041
:101B8000F5F740FBDA7B233A072A03D8DD732046BA
:101B900000F0DAFD20461821BDE8384000F0F3BD22
:101BA00038BD08B503689A7B22B14FF4E671AE20C8
:101BB000F5F728FB23229A7308BD034610F00100B5
:101BC00002BFC3F340035B00D8B270472DE9F84F62
:101BD000074610461E46FFF7F0FF83460846FFF70C
:101BE000ECFF42EA01044BEA04040443E4B2003C83
:101BF0000A9D88469246814618BF0124F7F708F9E6
:101C000010EA0A0A18BFDA46F7F702F997F8143112
:101C100010EA080118BF4946534508BF4FF0000AB3
:101C200085F800A097F815318B4208BF0021697034
:101C30005AEA01010AD1FB88013EF61AB6B247F60C
:101C4000FD739E428CBF002404F001042046BDE8D1
:101C5000F88FF7B50468E57BA5F12303072B06464B
:101C60004FD9002D4BD1A37B282B4AD04B7813F0B2
:101C700007033DD08A7812F0070239D084F80C317E
:101C8000252384F80D21E37394F82D31F3B994F8EA
:101C90002C31012B1AD094F80C7194F8150194F89A
:101CA000101194F81121B4F81231874214D194F82C
:101CB0000D7194F8140187420ED1022084F82C0192
:101CC00084F82E1184F82F21A4F83031304600F02A
:101CD00031FD284603B0F0BD022000903046FFF7EA
:101CE000E2FE0028F2D04FF46671AE20F5F78AFAD2
:101CF0000978304603B0BDE8F04000F044BD01254E
:101D0000E7E72025E5E72DE9F04F056895F80EB0E7
:101D1000ABF12403D3F1000848EB0308052A87B090
:101D2000044670D1EB7B262B73D10F358A784F7820
:101D3000039207F0070902F0070A09F1FF330AF1DD
:101D4000FF3003EA090300EA0A00034366D1B1F851
:101D50000360F7F75DF8039A174307F00707874317
:101D60005CD15046FFF729FF2768A8B197F81431D6
:101D7000984211D097F82E211AEA020F4ED0BBF1EB
:101D8000240F09D097F80D211AEA020F04D1022876
:101D900070D1013B012B71D84846FFF70EFF40B1CF
:101DA00097F81531834204D097F82F3119EA030FC1
:101DB00034D005AB00933846334652464946FFF7C8
:101DC00005FF2368074678BB93F82C21012A28D108
:101DD00001462046F7F73EF8236883F82C712F70F0
:101DE000236803F10F02954201D10022DA732368C0
:101DF00003F10F02954237D1204600F0A5FC0020E8
:101E000007B0BDE8F08F414607B0BDE8F04FFFF7DF
:101E10009CBEBBF1240F2BD10E3587E741462046EF
:101E2000F2E783F82C01DBE7DA88A3F86C62013E65
:101E3000B61AB6B247F6FD72964206D9282283F842
:101E400031202046F7F794FED1E7DA7B0C2A02D046
:101E5000093A012A01D82A22F1E7BDF81420A3F893
:101E60006E2228232B70C2E7002283F84A20C6E79F
:101E70000220C5E7012B8FD0022BCFD04FF4DD71AC
:101E80000620F5F7BFF908B50368DA7B252A05D0E7
:101E900022B140F2D351AE20F5F7B4F92622DA731D
:101EA00008BDF6F7FDBF704730B542401C78087892
:101EB0005D7860404C786C4020449D788C786C4014
:101EC0002044DD78CC786C4020441D790C795B7916
:101ED00049796C4020444B4018441044B0FA80F0DB
:101EE000400930BD024600200139C9B2FF2900D1A6
:101EF0007047535C83F001030344D8B2F4E708B59C
:101F0000F7F752F8082803D0BDE80840F7F76EB895
:101F100008BD08B501F03FFC18B1BDE80840FAF76C
:101F200043BB082008BDF8B5D0E9047605460C4649
:101F3000FDF71AFA18B952212920F5F763F9E4B12F
:101F4000D5E90423D21B63EB0603012A73F10001D8
:101F50004FF0000113DB6FF001009042994101DA6C
:101F60005C21E9E7631E1344B3FBF4F35C43E4191B
:101F700046F10006C5E904461C462046F8BD0C465D
:101F8000FBE7022905D13C2808D980100F3880B220
:101F90007047702802D9C0100E38F8E7002070474B
:101FA000012908B5034605D002290BD0E7212920D5
:101FB000F5F728F940F6C41040F2E242002B08BFC2
:101FC000104608BD40F6C410FBE710B50C460021D2
:101FD000F5F744FC2060B0FA80F04009400010BDE5
:101FE0000368587BC0B293F830302BB900F0FB0087
:101FF000003818BF012070470020704710B50C460C
:10200000FFF7E3FF38B92046FFF7EAFF80F0010051
:102010004000C0B210BD0220FCE738B54FF4267274
:1020200004460D460021FEF74BFA6FF0360284F8A5
:102030006320042284F864206FF03B0284F865205A
:102040006F2284F86620032284F86720002284F837
:1020500068206FF07F0284F869202B2284F86220C8
:10206000FE22012384F89E207F22A375E27284F869
:10207000A830A4F8AA5038BDC2B292FAA2F2030A5C
:1020800093FAA3F31B0E100E40EA0320704770B5BD
:102090000131C9B20530002210F8013F8B4216D33E
:1020A00010F8054C0023012505FA03F626421CBF53
:1020B00001F1FF31C9B269B10133082BF4D101320A
:1020C000D2B2052AE8D19B214620F5F79BF8C91A20
:1020D000C9B2F4E703EBC200C0B270BD0B6870B5C3
:1020E000C0F801300B7903F01F034371002304464D
:1020F000C3720546461D15F8010F00F002FB68711A
:10210000E37AB5421844E072F5D170BD70B581EA4A
:1021100011418CB20546C17A032682EA0400FFF71A
:10212000ABFF013E00EB0010221816F0FF0690B244
:10213000F5D144402522B4FBF2F302FB1343C3F371
:10214000C4022A44D8B2567803F00703012202FAE7
:1021500003F31E4207D161432846C1F30741BDE89E
:102160007040FFF794BF70BDF8B590F821506B1E1A
:10217000242B044603D9E1214620F5F743F8DAB1D0
:10218000807D002843D194F8233094F8221002FB7C
:1021900001322523B2FBF3F103FB1123DBB204EB85
:1021A000D30284F82330D17D03F007060122B24028
:1021B000114202D084F82430F8BDB3FBF5F205FBE0
:1021C0001233013303F0FF0304F11B0111F8012F57
:1021D0009A4219D311F8055C0022012606FA02F78B
:1021E0002F4208D0013B13F0FF0304D102EBC002E1
:1021F00084F82420E0E70132082AEFD10130C0B290
:102200000528E3D1D721B7E79B1ADBB2F6E7E288CE
:10221000096A04F11600FFF779FF84F82400CBE780
:102220000378890123F0400301F040010B43037060
:102230007047037803F07F0343EAC11303707047CC
:102240001F2A38B50546144603D9A8212A20F4F7D9
:10225000D9FF09300634FEF773F96C7038BD1F2AB8
:1022600038B50546144603D9CA212A20F4F7CAFF17
:1022700009300634FEF764F96C7038BD037803F05A
:102280000F03032B02463ED0052B42D1C37F90F8AB
:102290002000034392F82100034392F822000343F5
:1022A00092F8230000F01F00184333D05378222BFC
:1022B0002FD1B2F81930B1B1B3F5506F13D940F640
:1022C00007518B4225D8B2F81B30B3F5FA7F20D2E4
:1022D000B2F81D000A3880B240F6764398428CBFAF
:1022E000002001207047991F89B240F67A40814250
:1022F0000FD8917D481E07280BD8994209D2B2F811
:1023000017109942DEE74078A0F10C03584258417B
:102310007047002070478388A1B1B3F5506F11D981
:1023200040F6075293421BD8C388B3F5FA7F17D201
:1023300000890A3880B240F6764398428CBF00206C
:10234000012070479A420BD8B3F5486F08D84278FD
:10235000511E072904D89A4202D242889A42E2E7E3
:10236000002070472DE9F3470E4601A9144699460F
:10237000FFF72BFE054618B9019F2CB901237B7589
:10238000012002B0BDE8F087D7F8BC802146404666
:10239000FEF7FAFC824608B90020F2E7F6F78EF95C
:1023A0008442F9D851464046FEF72DFE7B7DA0F8C9
:1023B0000150002B18BF0226494600F8036B224645
:1023C000FEF7BEF821464046FEF719FD18B98321F5
:1023D0002B20F4F717FF01A8FFF7BDF8019BA3F826
:1023E000B2517D75CCE74378C3F30111012910B5D3
:1023F00002460ED0022915D0047803F00F00131DF9
:102400005288022144EA0020FFF7ACFF38B10120D6
:1024100010BD047803F00F00131D5288F2E7F7F7A0
:10242000A3F9F4E70020F3E71A230B7001234B70A4
:102430008B707047F7F770B810B521B940F2A92139
:102440001020F4F7DFFE4A600B72EFF3108472B6CF
:10245000031D0B6042681AB1127A012A08BF03609B
:1024600003681960016004B962B6BDE81040F7F76F
:102470009DB80222F7F766B90322F7F763B9042281
:10248000F7F760B90222F7F7A1B98D230B7030F886
:10249000953CA1F8033030F8573CA1F8053030F8EE
:1024A000533CA1F8073030F8553CA1F8093030F81A
:1024B000513CA1F80B307047012908B503D10E300B
:1024C000C00080B208BD022902D10F308000F8E7B9
:1024D0004FF40C710620F4F795FE30B587B0044632
:1024E0000D46F6F7F1F880B334F89E4C6946204665
:1024F000FFF7CDF818B1FB212C20F4F783FEBDF8CF
:102500000630ADF80E30BDF80830ADF81030BDF82B
:102510000230ADF8123003A8BDF80430ADF80C401D
:10252000ADF81430FFF791F810B14FF48271E3E782
:10253000ADF80C009DF80C30002063F307009DF807
:102540000D3063F30F2007B030BD2B468E2203F809
:10255000032BD4F80920C5F80320D4F80D205A60C5
:10256000B4F811201A810423ADF80C30E2E740687A
:102570007047C08A704710B58A880B89CC88498813
:10258000A0F85410A0F85840A0F85620A0F85A30EF
:1025900010BD8383BDF8003001834283C38370473D
:1025A000034670B5B3F84C10B3F85820B3F85A404E
:1025B000B3F84850B0F84260B0F84600914228BFE6
:1025C0001146B3F85020A3F84210A24228BF224679
:1025D000B3F84A40A3F84620944238BF14468D42CF
:1025E00038BF0D468E42A3F84850A3F84A4021D187
:1025F000801A18BF0120B3F84E10B3F85420B3F876
:102600005660B3F84050B3F84440914228BF114699
:10261000B3F85220A3F84010B24228BF32468D4290
:10262000A3F8442008D1944218BF40F0010000F004
:10263000010070BD0120DEE70120F8E738B5C58B49
:10264000438C04469D42007A28BF1D46FFF734FFA5
:102650006389AB4228BF2B46984238BF184680B2E8
:1026600038BD2DE9F04106460F4680891946984647
:102670001446FFF721FF414605463046FFF7DEFFCF
:10268000854228BF05469DF81810B08AFFF714FF51
:10269000F38A834228BF0346ADB2A01D15FA83F327
:1026A00038441844BDE8F08107B590F86D300093C8
:1026B00090F86C30002296213430FFF7D2FF03B03F
:1026C0005DF804FB38B50D4619461446FFF7ECFFDC
:1026D00096342044A84294BF281A002038BD38B54B
:1026E0000D4611460446FFF7DFFF2844A06338BDBE
:1026F00001F19C0383423DBF9C38401A40080020F2
:10270000704700F05503400800F05500034403F003
:1027100033009B0803F03303034403F00F0000EB86
:1027200013107047036800229A7383F84A20A3F8B5
:102730004620704703680022A3F84E2093F85020EB
:10274000013283F85020704708B5026892F8503083
:10275000013B5BB2002B82F8503003DA52214A2051
:10276000F4F750FD08BDA0F10903042B09D9A0F12D
:102770004603012B05D9233807288CBF00200120F0
:102780007047012070470268136810B513F0080401
:1027900008D143F00803136082F89810FFF7CAFFCE
:1027A000204610BD0120FCE730F8023CF7B5B0F838
:1027B000827005460E4673B1012268468DF80020EE
:1027C000ADF80170ADF80330F6F712F818B19521A5
:1027D0006320F4F717FD832300243370B470A6F848
:1027E00003706B7AD5F898007371FEF777FB08B920
:1027F000BA21EDE721463846F5F746F84FF4017364
:1028000003F00402204662F307001B0A63F30F2063
:1028100003B0F0BD03681A7C063A012A81BF4A78EA
:102820005A7406221A74002070470268137C063B13
:10283000012B84BF07231374704770B50268D57BE2
:10284000E5B9CB88D688A2F86C32013B9B1B9BB2C2
:1028500047F6FD76B34206D9282382F83130F7F7E0
:1028600087F9284670BDD1F80130C2F86E324B7935
:1028700082F8723203680922DA73F2E70125F0E781
:102880000B46822203F8032BD0F80920C1F803205D
:10289000D0F80D205A60427C1A720023CB7070472A
:1028A00070B50368DD7B06460C46002D3CD1062240
:1028B00029462046FFF72FFD28B921783046BDE88C
:1028C0007040FFF760BF32686389D188A2F86C322C
:1028D000013B5B1A9BB247F6FD718B4207D9282357
:1028E00082F831303046F7F743F9284670BDA388A7
:1028F00040F2E2414B43C2F874326378C3EB4310B9
:1029000003EB800303EB83035B00A2F86E32638862
:102910004B43C2F87032E388A2F878322389A2F8D8
:102920007A320C23D373E0E70125DEE70B468422DD
:1029300003F8022BD0F80920C1F80220D0F80D20AE
:102940005A6070470B46852203F8022BD0F8092005
:10295000C1F80220B0F80D209A80704738B503689E
:10296000DC7B054634B1103C0F2C8CBF01240824BD
:10297000204638BD1B7D002BFAD0FFF7DBFE2B680D
:102980001022DA73F4E708B50368DA7B152A04D05D
:1029900040F253211F20F4F735FC012283F8512027
:1029A0001722DA7308BD0368DA7B112A03BF1222EB
:1029B0000020DA730220704710B50368DB7B1B2B05
:1029C000044606D1FFF7C0FE23681F22DA730020F9
:1029D00010BD0220FCE708B50368DA7B102A04D09A
:1029E00040F27E211F20F4F70DFC012283F85120D4
:1029F0001122DA7308BD08B50368DA7B172A04D000
:102A000040F28A211F20F4F7FDFB1B22DA7308BD78
:102A10003E230B700C234B7004238B70D0F80930CD
:102A2000C1F80330D0F80D30C1F80730B0F81130DC
:102A3000A1F80B30C37C4B73704708B503689A7BD1
:102A40001AB1CF211C20F4F7DDFB04229A7308BDD4
:102A5000026808B51368D90703D4DD211C20F4F7F8
:102A6000D1FB23F001031360BDE80840FFF76CBE03
:102A700087230B7030F88C3C4B80704703689A7B3F
:102A80000E2A01BF002283F83E2083F84A209A7361
:102A90000020704738B505682B6813F0040407D18F
:102AA000FFF748FE2B6843F004032B60204638BD37
:102AB0000120FCE70268136823F004031360FFF7AA
:102AC00043BE08B503689A7B1AB172214B20F4F714
:102AD00099FB0E229A7308BD10B5D0E90D42A242AF
:102AE00006D38B8C498E05334B43121B934202D382
:102AF000012380F83E3010BD0C230B7008234B706F
:102B000000238B70B0F85630A1F80330437A4B7134
:102B10004389CB8083890B81704710B5046894F892
:102B200053309A070CD4A37B1BB177214020F4F7D4
:102B300069FB0122A27384F84A20A4F8463010BD34
:102B400023689B0705D5FFF7FFFD236823F00203E9
:102B50002360002384F83231F1E710B50B794C790A
:102B60000A68012843EA042108BF41F48031104675
:102B700010BD07B5FFF7F1FF0DF10702F7F726FAD1
:102B800003B05DF804FB07B5002301A80193FAF731
:102B90003FFD019810F0030018BF012003B05DF85D
:102BA00004FB08B5FFF7EFFF002814BF1420002036
:102BB00008BD08B503689A7B1AB12621A320F4F753
:102BC00021FB20229A7308BDF7B50568AB7B203B3B
:102BD000022B06460C462BD8B1F805101A2921D92C
:102BE000B4F80730B3F5A47F1CD3B4F801201A2A37
:102BF00018D9B4F80300B0F5A47F13D3009005F101
:102C0000A80405F1DC00FFF7C4FC20463768FFF795
:102C1000C7FC18B107F23F10F6F7FAFD306806213D
:102C2000F7F7CEFE002085F84A00A87303B0F0BD88
:102C30000120FBE702681368D90610B5044603D4E7
:102C4000B821A320F4F7DEFA990601D5B921F8E7F7
:102C500023F010031360FFF777FD20680621BDE81D
:102C60001040F7F7ADBE10B5FAF788FA0446FFF743
:102C700098FF04F55F43BE304FF47A724133B3FBE3
:102C8000F2F3184410BD10B5044690F86D00FFF73C
:102C9000EAFF012201462046BDE81040FFF71FBDB4
:102CA0007FB5044618B9A5213020F4F7ABFA052901
:102CB00000F2B580DFE801F003AE2A25B3A990F851
:102CC0000032C288A3B1B0F8FE31934208BFB0F819
:102CD000B4319A1AA0F8B621E380D4E990232046B3
:102CE000C4E99223F8F75EFF94F84C3004B070BD4D
:102CF000B0F8FC319B1AA0F8B631B0F8FC319BB2A9
:102D0000EAE704B0BDE87040FAF788B9FBF798F934
:102D1000D4E99223801A61EB0301012871F10003C9
:102D200002DA40F20161BFE76FF0010383424FF026
:102D300000038B4102DA40F20261B5E7D4F8C430F7
:102D40000BB1B0FBF3F3E17BB4F8FE210C2931D1D8
:102D50000132A4F8FE21B4F86232E5880133A4F808
:102D60006232B4F842301D44B4F84030013DED1AEF
:102D7000ADB203AEB4F8FE116B1A180434D40023BC
:102D800000961A462046F7F7C9F90128AED1B4F8E3
:102D9000FE21B4F8B011BDF80C301344521A1204DD
:102DA0009BB204D5EA1A12F4004F18BF0B46A4F8E0
:102DB000FE31DFE7E1880B449BB2D11A0D044DBF11
:102DC0000133013293B29BB2A4F8FE3194F8013280
:102DD000002BC0D1B4F8B431B4F8FE21934204BF43
:102DE0000133A4F8FE31B6E7A37C0394002B14BF93
:102DF00008233E23304684F83130F6F7B9FE2046EA
:102E000000F087FC0023637370E704B0BDE87040F6
:102E1000FEF79FBA437B042BF4D0C62144E7CB21B5
:102E200042E713B500234373A0F860321A460093BB
:102E300019460446F7F772F920B140F2E711302045
:102E4000F4F7E0F901236373C4F8E801C4F8E00182
:102E5000A4F8FE01A4F8FC0184F80102E388A4F8B8
:102E60006202013BE38002B010BDD0F8E800704779
:102E700038B5044690F828319BB1FF2380F83031F3
:102E8000012100F09FFA94F8283153B104F1C005F4
:102E90002846FBF78BF92846FBF79CF9002384F8BA
:102EA0002831002038BD08B590F8302142B990F89B
:102EB000EC2042B1D0E93C31994202D9F8F7B6FB97
:102EC0000022104608BD0122FBE710B50446FFF7BB
:102ED00068FEE269636B9A4228BF1A4600F5C17129
:102EE0001046FFF705FC40F64803984228BF1846F5
:102EF00080B210BD7FB5044690F84C3003F0FF055A
:102F0000002B58D1437B032B55D1FBF799F8D4E91B
:102F10009223801A61EB0301012871F100034ADB5F
:102F20006FF00103834275EB010104DA40F2AA510C
:102F30003020F4F767F9D4F8C420E3880AB1B0FB75
:102F4000F2F2013313449BB2A4F8FC31B4F8FC2133
:102F5000B4F8B4319B1A1BB2002B2CDD04F50270BF
:102F6000FBF724F938B3FF2384F80132B4F8423078
:102F7000E5881D44B4F84030013DED1AADB20DF1C5
:102F80000E06B4F8FC31EB1A1B0414D4B4F8FC118F
:102F900000960023012289B22046F7F7BFF80128E6
:102FA00009D1B4F8FC31BDF80E2012FA83F39BB2BC
:102FB000A4F8FC31E5E704B070BD2DE970430C4680
:102FC0001546E2B9F9F762FDD4E94689064684F868
:102FD000EC5084F82851D4F8E800F6F7EBF9D4F86F
:102FE000E800C0E99289C0E99689C0F86462FFF7F9
:102FF00018FFF9F7DDFEBDE87043FCF727B940F292
:10300000C3713020F4F7FEF870B5044621B10129F0
:1030100078D040F2D37172E000F007F994F82931CA
:1030200005460E46DBB150EA010318D0D4E93E3222
:10303000D4E94601C01A61EB020133462A46FDF786
:10304000EBF905FB01F300FB0633A5FB000213447B
:10305000D4E93E21121843EB0103C4E93E23E08B7F
:1030600030B1F6F7EFFBE38BB0FBF3F202FB13009A
:10307000D4E93E32ED1846EB02062D184FF000035E
:1030800046F1000640F20242C4E93E56C4E9465603
:1030900084F80831A4F8102184F8293194F83031EB
:1030A00003F0FF01DBB9D4E948026FF000439A4214
:1030B00008BFB0F1FF3F18D02046D4E9465600F0D3
:1030C000A9F8D4E94832E5305B1B62EB06021B1A13
:1030D00062F10002002A08DA2046F8F7A7FAF9F7A9
:1030E00067FEBDE87040FCF7B1B804F5847104F1E7
:1030F000C000FCF7C5F80028F1D14FF4E0613020A2
:10310000F4F780F8002380F8EC30E8E790F8280125
:10311000003818BF012070470B468C2203F8032BA0
:10312000D0F80920C1F80320D0F80D205A6070476C
:1031300038B50B46882203F8032B0C4600F1090230
:10314000293052F8041B43F8041B8242F9D112784B
:103150001A70A5880123A37100212846F4F77EFB8D
:1031600058B1E3784BB100212846F4F78DFB20B12C
:1031700040F233212D20F4F745F838BD0121F7F74F
:10318000E9BFFFF7FBBF90F872300BB10120704729
:1031900090F8AA2002F0FF03002AF7D190F89C20B3
:1031A0001846704737B504460D464FF49C7200210F
:1031B000FDF786F9FF2323701323638042F2107317
:1031C000E383F4F747FC00220146A0626846FDF75E
:1031D000CBFFA06A00220121FEF712F8A16A68461F
:1031E0000422FDF7C1FF0022A06A1146FEF708F88D
:1031F00004F12000A57403B0BDE8304000F019B917
:10320000FF23886A0B70FDF7ACBF0078FF3818BF4A
:103210000120704710B50446203000F060F9618845
:103220002822F8F735FA6D3010BDD0E90201704759
:103230002DE9F04F07460C4606460FCF8FB006AD7E
:103240000FC597E80F000DF1100885E80F00404604
:1032500000F0EFF8677894F8149094F80AA094F8C6
:1032600000B007F07F05B9F1010F2F4607D0B9F183
:10327000020F04D040F212310620F3F7C3FF617A47
:10328000404600F0DDF8237D227F022B08BF617DE0
:1032900002F1010206BF0131C9B20121D2B240469A
:1032A00000F0D0F815F0080360D14046019300F01B
:1032B00016F928223946F8F7EBF9E578019B00F575
:1032C0002472207945EA0025607940F2712145EAAF
:1032D00000454D43B2FBF1F24A43AA420AD9E079D4
:1032E000A57945EA0025207A45EA00454D439542F7
:1032F00028BF1546227E0393531E5A425A41A17C91
:10330000B06A02910192FEF702F8B06AFEF70FF878
:10331000039B019A02998DF818B0ADF81A700895C0
:103320008DF828208DF82B108DF82CA08DF81C908E
:10333000099306AF0FCF35460FC597E80F0085E814
:103340000F0098E803003062B184E37A03F0FD03D4
:10335000003B18BF012386F84F30E3683365238AAA
:10336000A6F8543000200FB0BDE8F08F00252B46A2
:10337000C0E74FF40043C38443881D2B08BF0021DE
:103380004174704790F912007047408800F00100C6
:1033900070478078C0F3400070478078C0F3C00069
:1033A000704790F84830816181F8B330D0F84930E7
:1033B000C1F8B430B0F84D30A1F8B830704770475C
:1033C000F7F736BC80F8681070478278034612F031
:1033D000010002D0D978C90710D5900702D5D97855
:1033E00089070AD512F0040008D0D878C0F380000D
:1033F00080F001008000C0B2704702207047C0F327
:103400004002C0F38003134400F0010018447047E9
:10341000022808B507D0042807D0012807D0392191
:103420002E20F3F7EFFE262008BD2720FCE72520FD
:10343000FAE70023C0F8023001234370037070479D
:103440008170704710B54270017080781446FFF7A4
:10345000D6FF10FB01F010FB04F2FE2A03DD5C2115
:103460002E20F3F7CFFE10BD0023C370437103710C
:10347000704710B50446FFF7A8FF637962780133FF
:10348000DBB29A4263710FD1E378A1780343DBB2D8
:103490009942E37008BF23794FF0000208BF01335F
:1034A000627104BFE2702371BDE81040FFF7B0BF46
:1034B00038B501468078FFF7A2FF0446C8784D78FA
:1034C000FFF79DFF0A790B789B1A13FB05F34A79E6
:1034D00013FB04F39B1A00FB1530C0B238BD08B5CE
:1034E00001468078FFF78BFF4B780A7813FB02F3D5
:1034F00013FB00F0C0B208BD40F2EF20704740F26D
:103500005A335843704738B513680E3814460D4681
:103510009A7B09283ED8DFE800F0053D3D3D0F3D90
:10352000183D3D27042A05D12046FFF7FBF8204629
:10353000F6F78CFC002038BD0E2AFBD10022204675
:103540001146BDE83840FFF799BA202AF2D120464B
:10355000FFF7E8F8002DEDD0226892F8623023F0F2
:10356000200382F86230E5E7DA7B262AE2D10025E3
:10357000DD732046FFF7E8F8236893F82C31012B20
:1035800003D129462046F5F765FC2368002283F81D
:103590002C21CFE740F262213120F3F733FE08B54A
:1035A0000368DA7B172A04D040F27E513120F3F70A
:1035B00029FE1D22DA7308BD08B590F89E30FE2B57
:1035C00004D040F66F113120F3F71CFE002380F881
:1035D0009E1080F89F3012B9A0F84E2008BDA0F8C8
:1035E0004630012380F84A30F8E708B50368DA7BF3
:1035F000342A05D10022DA73BDE80840FFF7A4B8E9
:10360000172A02D11D22DA7308BD40F293513120EE
:10361000F3F7F8FD08B503689A7B082A0AD193F8F6
:10362000991093F8A020914204D100229A7383F854
:103630004A2008BD1A68110706D522F008021A6050
:10364000BDE80840FFF780B84FF4AF613120F3F7D1
:10365000D9FD037D63B9C37BA3F10F02032A07D908
:1036600090F8520028B11F2B8CBF0020012070471A
:1036700001207047024600684978837B202B13D0D5
:103680000AD8042B12D00E2B12D0C37B262B0CBFD2
:103690001720FE20F8F7BAB92A2B03D02C2B09D01B
:1036A000242BF2D11620F5E71420F3E70E20F1E7E2
:1036B0001220EFE72320EDE7024600680B4690F862
:1036C000621041F0040180F8621099785878F8F798
:1036D0009DB938B50C460546D1E92F01F4F76EF9CE
:1036E000637B3BB104F502742046FAF75FFD204688
:1036F000FAF770FD28460221BDE83840F4F7C4B857
:103700000020704708B5F6F7E7F8BDE80840F6F77F
:1037100095BA0022C281827490F84C3013B1022114
:10372000F7F74EB90321FBE738B504460846E37BBB
:1037300003F0FD0394F8682212B10C25284638BD29
:10374000152BFAD194F8843203F0FF05002BF4D145
:1037500091B194F8D63123B940F66C313120F3F7AA
:1037600051FD052304F1800204F5E371FCF706FD29
:10377000012384F86832E1E70223FAE7F6F720B97B
:1037800008B5F9F751F9F8F73DFFF8F795FEBDE8F0
:103790000840F9F757BD10B5C824F8F7EDFE022828
:1037A00008D1013C14F0FF04F7D10620F5F7EAFF39
:1037B000204610BD431E58425841FAE74FF080534F
:1037C000D3F8A00000F0010070474FF08053D3F809
:1037D000A420D3F8A830511C9BB203D14FF6FF713F
:1037E0008B4203D002608380012070470020704725
:1037F0004FF0805330B5D3F89050D3F89440D3F8BD
:103800009810D3F89C2005EA04030B4013400133C1
:103810001FBF056044608160C2600CBF00200120B2
:1038200030BD4FF0805330B5D3F88050D3F884408A
:10383000D3F88810D3F88C2005EA04030B4013401A
:1038400001331FBF056044608160C2600CBF00206F
:10385000012030BD10B5F9F721F90446FAF73CFD17
:10386000201841F1000110BD38B504461546F8F79F
:1038700057FF2A4601462046BDE83840F9F734BADA
:1038800010B504460846F9F779FC4FF47A73B0FB9B
:10389000F3F0201A10BD10B504460846F9F76EFC87
:1038A000023C00F2E7334FF47A72B3FBF2F3E01A12
:1038B00010BD08B5FCF714FDBDE80840F9F782BF5C
:1038C000801A00F3070038B540B20D4659B21446CD
:1038D000F9F768FF002328706B70204440B238BDB0
:1038E0000023036070477047002070474FF0FF309F
:1038F00070474FF0FF30704770474FF0FF30704710
:1039000000207047002070470023037070479DF827
:1039100000300022FFF7D4BF4FF0FF307047002087
:1039200070474FF0FF3070474FF0FF3070477047DF
:10393000C0B208B520B94FF0804301221A6008BD1B
:103940004D21B520FCF7D2FA0020F9F793BF4FF0D4
:103950008043D3F8080400F0010070474FF0804323
:10396000D3F8140400F0010070474FF08043D3F8FF
:103970001C0400F0030070474FF08042D2F8183466
:10398000D2F81824C3F3004302F00302824214BFAA
:10399000002003F0010070470020F9F7E1BF00208C
:1039A000FAF70CB80020F9F765BF70B5FCF72AFAF2
:1039B000002405462646E0B2854200D870BDFCF7DB
:1039C00027FA0134068580F82A60F4E7F8B5037910
:1039D00004461BB11B219D20FCF788FA4679017132
:1039E00026B901234371217909B96171F8BD2768AE
:1039F00026712046B84702280546F4D10321204607
:103A0000B84708B12F21E6E72368294620469847A2
:103A10000028E8D03021DEE70346006800B970478F
:103A20008842F9D102681A60704703460020187076
:103A30007047EFF3108272B603780121DBB2017098
:103A400002B962B6012B0CBF6FF022000020704754
:103A5000EFF3108372B60022027003B962B6002041
:103A60007047FCF717BCFCF75FBCFCF75DBC002897
:103A70000CBF6FF01500002070470020704707232F
:103A8000037000207047002070470020704710F836
:103A9000012B11F8013B012A28BF9A42F7D0D01A16
:103AA0007047034611F8012B03F8012B002AF9D1C6
:103AB0007047034613F8012B002AFBD1181A01386E
:103AC00070472DE9F0478C468E46089E1546044601
:103AD0001946002B40F0D080724547D9B2FA82F7E0
:103AE0004FB1C7F120030EFA07FC20FA03F3BD40E3
:103AF00043EA0C0CBC404FEA154EA8B2BCFBFEF8E2
:103B0000230C0EFB18CC08FB00F943EA0C43994543
:103B100028D9EB1808F1FF3204D2994502D9A8F14F
:103B200002022B44A3EB0903A4B2B3FBFEFC0EFB81
:103B30001C330CFB00F044EA0344A04214D92C19B6
:103B40000CF1FF3304D2A04202D9ACF102032C44A1
:103B5000241A43EA02401EB1FC4000233460736023
:103B6000BDE8F0874246DDE76346F1E7002A79D0F9
:103B7000B2FA82F3002B3FD01946C1F1200302FABA
:103B800001F52EFA03F20EFA01FE20FA03F343EADE
:103B90000E034FEA154E00FA01F4B2FBFEFCAFB281
:103BA0000EFB1C201A0C0CFB07F842EA0042904561
:103BB0005AD9AA180CF1FF3004D2904502D9ACF1C1
:103BC00002002A44A2EB08029BB2B2FBFEFC0EFBF1
:103BD0001C220CFB07F743EA02439F4246D9EB182D
:103BE0000CF1FF3204D29F4202D9ACF102022B4405
:103BF000DB1B42EA004202E0AEEB020301224FEA85
:103C0000154EAFB2B3FBFEFC200C0EFB1C330CFBBD
:103C100007F840EA034398452AD9EB180CF1FF3026
:103C200004D2984502D9ACF102002B44A3EB08035F
:103C3000A4B2B3FBFEFC0EFB1C330CFB07F744EAFB
:103C40000344A74216D92C190CF1FF3304D2A74222
:103C500002D9ACF102032C44E41B43EA00400F46B6
:103C6000114678E71F2188E76046ABE76246BFE769
:103C70006046DBE76346EFE7734506D916B90021D6
:103C800008466DE7C6E9000EF9E7B3FA83F787B98E
:103C9000734501D3824207D8841A6EEB03030120D7
:103CA0009C461EB900215BE73846FAE7C6E9004C9E
:103CB000F8E7C7F1200CBB4022FA0CF51D4320FAAF
:103CC0000CF12EFA0CF30EFA07FE41EA0E014FEA50
:103CD000154900FA07F4B3FBF9F81FFA85FE09FB52
:103CE00018300B0C08FB0EFA43EA00439A4502FA1F
:103CF00007F240D9EB1808F1FF3004D29A4502D9F7
:103D0000A8F102002B44A3EB0A0389B2B3FBF9F834
:103D100009FB183308FB0EFE41EA03418E452CD9FE
:103D2000691808F1FF3304D28E4502D9A8F10203C5
:103D3000294443EA0040A0FB0298A1EB0E01414553
:103D4000CE46434602D306D14C4504D2B9EB020E0F
:103D500068EB05030138002EA4D0B4EB0E0261EB32
:103D6000030101FA0CFC22FA07F34CEA0303F940C1
:103D7000C6E9003196E74046C5E74346D9E700006B
:103D80002DE9F04FC64C8FB0237800AF8A46B8605B
:103D90002BB920461AF0CCFA20461AF015FCC14B7C
:103DA000C7F804A0A3FB0A234FEA13184FF0000B37
:103DB000C7F81080BA481AF023FB8146002856D174
:103DC000B94D2B7C002B40F0B3804FF08053EA4676
:103DD000D3F80C2C013200F08181D3F80C2CB14BBC
:103DE000172AA3FB02134FEA131640F29F80FE60CE
:103DF0004FF00008C7F814B05646C7F80090A8481E
:103E0000062207F120011AF03DFB002840F06981ED
:103E1000A64BD5E90214986807F1200C07F1380E7B
:103E2000DCF800301F22994603E0A0420ED0531C5C
:103E300022D04B46D34013F0010315BF00210131BE
:103E400001341C46884202F1FF32EED19848D7F87F
:103E500014B0C5E902144FF00E0918F089FFB546F9
:103E60001AF006FB8E481AF0B3FB0028A2D1484690
:103E70003C37BD46BDE8F08F0CF1040CE645CFD1D0
:103E80008A4B2868C5E90214D3E9009A07F1200E8D
:103E900018224FF0000B41460346C3F5806C4FEAF1
:103EA0005C1C4FEA8C0C944528BF94465FEA9C0842
:103EB00026D0C7E9063EAEF104006C6800EB880826
:103EC00050F804EF4FEA5E0303F05533AEEB030303
:103ED0004FEA930E0EF0333E03F03333734403EB9B
:103EE000131303F00F3303EB032303EB03431B0E06
:103EF000C3F1200380451C44E2D1D7E9063E6C6043
:103F000003EBCC03B3F5806FA2EB0C0246D0E64482
:103F1000002AC2D12B60FB6801F101089845FFF42B
:103F20006EAFD7F814B0D7F80090B54601232B74C4
:103F30007B68172B40F29D80BB68002403EB8B0845
:103F4000CA465748062241461AF09CFAC64600283F
:103F500040F0CC80554BD5E902169868A8F1040CC6
:103F6000A1465CF8044F1F2203E0B0420ED0531C60
:103F70001FD024FA02F313F0010315BF0021013111
:103F800001361E46814202F1FF32EED14848C5E9B2
:103F900002164FF00E0918F0EBFE61E76B684B4517
:103FA00080F09080534540F28D80C5F804B0002326
:103FB000ADE708F114036345C5E90216D1D13B4BC7
:103FC0002968C7F814804C4656469FED337BD3E9E9
:103FD000009A18222046FE61C1F5806C4FEA5C1CF5
:103FE0004FEA8C0C944528BF94465FEA9C0826D083
:103FF000AEF104046E68C7F818E004EB880854F8C2
:1040000004EF4FEA5E0303F05533AEEB03034FEAD0
:10401000930E0EF0333E03F03333734403EB13136C
:1040200003F00F3303EB032303EB03431B0EC3F136
:1040300020031E4444456E60E1D1D7F818E001EB3F
:10404000CC01B1F5806F2960A2EB0C0218D0E644D8
:10405000002AC1D1FB69D7F8148004469A463B690F
:1040600001349C420BF1060B08F11808FFF469AF0C
:10407000D1461AF0FDF948463C37BD46BDE8F08F01
:104080006B684B4516D2534514D985ED007B002152
:10409000DDE700BFAFF3008000000000000000007B
:1040A000443F0020ABAAAAAAA03000203408002078
:1040B000FC580500104818F05BFE4FF00D091AF08F
:1040C000D7F9CFE64FF480630B48D7F814B02B60D4
:1040D0004FF00D0918F04CFEB546C1E64FF40476DA
:1040E00085E6D7F814B08146B546B9E60646B1462E
:1040F0001AF0BEF9B6E600BFFC5805002DE9F04104
:10410000AF4C82B02368013302AF2360AD4AAE48A2
:1041100003211BF068FBAD4AAB4803211BF063FB96
:10412000AB4AA94803211BF05EFB26681FF09DFFE8
:104130006D468AB002ACA74B4FF47A72C4E90536DB
:10414000A0FB020302FB01312646C00B40EA4140BE
:104150000623C90BC4E9080146F8103F9A4800231A
:1041600032464FF4435103F0D5FF9B4B63619B4BA9
:10417000A3619B4BE3619B4B23629B4B2361924862
:10418000002332464FF4235103F0C4FFAD468D4A5D
:104190008D4803211BF027FB4FF08043D3F80044E8
:1041A000924A894803211BF01EFB914A8648234608
:1041B00003211BF028FF002C5AD18E4A824803218C
:1041C0001BF011FB894A804803211BF00CFB4FF0C8
:1041D0008043C3F8004400F007FC002000F05EFCC0
:1041E00000F004FD00F0DCFD034640F648520321D8
:1041F00075480092804A1BF010FF00F01DFF7F48B9
:1042000001F06CFB034620B17D4A6F4801211BF091
:10421000FAFE7C4A6C4803211BF0E5FA7A4A7B4996
:104220007B4801F015F90346002850D0794A012156
:1042300065481BF0E8FE784C20461FF091FD0028F1
:1042400000F0BB80D4E90185D8F800302669D90593
:1042500054D47249724A734840F211431BF03BFC3C
:1042600071481BF038FC40F211416D481BF02AFCEC
:10427000E00704D56D4A544803211BF0B4FAA107A6
:1042800004D56B4A504802211BF0ADFA620704D5F1
:10429000684A4D4803211BF0A6FA230704D5664A55
:1042A000494801211BF09FFAE60304D5634A4648BA
:1042B00003211BF098FAA50304D5614A4248032163
:1042C0001BF091FA60037FF57DAF5E4A76E76C469E
:1042D00088B002AA5C4951615C4991614FF4007158
:1042E00091835B4942F8101F37484FF4E65103F0C1
:1042F00011FFA546574B584A032199E7336823F429
:10430000807333602B684FF42022082120469847A1
:104310000346F8B9D8F80030DA050CD43F49404AD2
:10432000404840F2A2631BF0D6FB3F481BF0D3FB92
:1043300040F2A26199E73368DB054FF480714CBF0E
:104340002B69EB6820469847444A03211E481BF01E
:104350004AFA04E0424A1C4802211BF054FE0021A4
:104360004FF4767017F07AFB244C20461FF0F8FCCF
:104370002168034600287BD16C4688B002AA3948E0
:10438000C2E905014FF400719183314942F8101FD1
:104390000D484FF4E25103F0BDFEA546012001F0A7
:1043A000EDFA314A084803211BF01DFA4FF0FF31A6
:1043B0004FF0FF3017F052FBF8E72C4A0221C5E717
:1043C000D83000204D6B0500F44B05005A5A05000B
:1043D000885A0500AD5A0500CD5A0500DE5A050081
:1043E000EA5A05000002010304000002F35A050026
:1043F000255B0500555B0500665C0500B4470500BC
:104400009A5C0500BA5C0500955E03003D5E030002
:10441000DD5A0300DE5C05009C460500B75D050023
:10442000865D0500F55D0500125E0500755B050003
:10443000A45B0500C05B0500DC5B0500F25B0500CA
:10444000305C0500495C0500065D05003C5D05002B
:1044500003000001E0930400455D0500245E0500B3
:10446000485E05009C5E0500695F05006E5E050004
:104470006D4688B002AA144BC2E905314FF40073AF
:104480009383124B42F8103F114800234FF4E6513A
:1044900003F040FE2046AD4600F062F8044658B1F5
:1044A0000C4A034601210A481BF0ADFD0A4A0848A0
:1044B00001211BF098F971E70548084A03211BF018
:1044C00092F920466BE700BFD05E050003000001B3
:1044D000F44B0500E35E0500085F0500405F050042
:1044E00030B589B01D468DF807100DF10701029116
:1044F0000C4B0121CDE905250391072200211B78F2
:104500008DF810108DF81C209DF81C20816842F059
:1045100002028DF81C208C68022202A9A04709B073
:1045200030BD00BF6A0800201FB50C4B8DF801207C
:1045300002221B788DF80010CDF804D002928DF87D
:104540000C209DF80C20816842F002028DF80C20AE
:104550008C68012201A9A04704B010BD6A080020A0
:10456000F0B585B002AF00230546FB711FF0F8FBE4
:1045700050B9404A404801211BF03CFD6FF0120445
:1045800020460C37BD46F0BD3C4C6A232370FA1D13
:1045900001230F212846FFF7A3FF0028FB7901DB49
:1045A0006A2B0DD0364A0090022133481BF035FDAE
:1045B0006B232370FA1D01230F212846FFF790FF7C
:1045C000F979304A304B20786C468CB06A2908BFA4
:1045D000134602AAD1616A21C2E908132B4E40F2A8
:1045E000035313852A4BC2E9056042F8103F0023AC
:1045F00021484FF4535103F08DFDFB796A2BA546FA
:1046000001D0244AB6E7012212212846FFF78CFF89
:10461000041E06DA204A2346174801211BF0F3FC4A
:10462000AEE70021A42017F019FA442212212846EF
:10463000FFF77AFF041E02DA184A2346ECE7482205
:1046400010212846FFF770FF041E02DA144A2346A1
:10465000E2E7442211212846FFF766FF041E02DA32
:10466000104A2346D8E7104A034803211BF0C2FC36
:10467000002485E7AB5F0500CC4B05006A080020ED
:10468000BD5F0500975F05009E5F0500F75F0500B1
:104690000600000133600500636005007D600500D1
:1046A00096600500B0600500C960050030B585B0B2
:1046B0000C460C2301AA2221FFF712FF051E08DA7F
:1046C000254A26482B4601211BF09DFC284605B0B3
:1046D00030BDBDF90430DFED224A06EE903ABDF957
:1046E000063007EE103ABDF9083007EE903ABDF9F2
:1046F0000C3005EE903ABDF90E3006EE103ABDF9D9
:104700000A30B8EEC66A05EE103A26EE246AB8EE14
:10471000C55AF8EEE55AF8EEE66AB8EEC77AF8EE52
:10472000E77A84ED026A9FED0F6A25EE245A65EE62
:10473000A45A66EE866A27EE067A67EE867A84EDDC
:10474000005AC4ED015AC4ED036A84ED047AC4ED45
:10475000057A0025BAE700BFFF600500CC4B0500D5
:10476000E8D09C3A295C8F3C2DE9F04112F0FC6FB7
:10477000D0E90147066913460ED04449444A4548EA
:104780004FF47D731BF0A7F943481BF0A4F94FF4D5
:104790007D713F481BF096F902F03002302A0CD1AF
:1047A0003E493B4A3B4840F2F7331BF094F93C4802
:1047B0001BF091F940F2F731EBE73A4A3A4D1A40D3
:1047C000AA420CD13949324A324840F2FB331BF03D
:1047D00082F937481BF07FF940F2FB31D9E703F04B
:1047E0000602042A09D13349294A2A4840F2FE33F5
:1047F0001BF071F940F2FE31CBE713F440221ED0DA
:104800009D030CD42C49224A224840F201431BF05C
:1048100062F92A481BF05FF940F20141B9E7B2F5AD
:10482000402F0CD126491A4A1A4840F205431BF082
:1048300052F924481BF04FF940F20541A9E7DD0287
:1048400005D522B143F3000202F44022534024680C
:1048500001258D40254223F480120CD11A490C4ABF
:104860000C4840F211431BF036F918481BF033F99D
:1048700040F211418DE73468DB074CBF2C43AC4359
:1048800034603B68BDE8F041184700BF1D6105007A
:10489000865D0500F55D05008C610500B0610500D1
:1048A000E961050002000300020001002662050024
:1048B00073620500C2620500F562050044630500ED
:1048C0007F630500CC630500B75D0500125E05003F
:1048D00070B5054600680C4648B31FF041FA30B386
:1048E000286829790269012303FA01F143681B68EA
:1048F00019420ED10E490F4A0F4840F2A2631BF035
:10490000EAF80E481BF0E7F80A4840F2A2611BF0F3
:10491000D9F81368194218BF84F0010424B18368E0
:10492000DB68BDE87040184783681B69F9E770BD14
:10493000B75D0500865D0500F55D0500125E0500AA
:1049400070B5234A136801331360224A1278032A90
:1049500034D8DFE802F01F2B3602002401250021A5
:104960001D4A12784AB12820B3FBF0F600FB16333B
:10497000012B9EBF0024114625461848FFF7A8FFCB
:1049800029461748FFF7A4FF21461648BDE87040A6
:10499000FFF79EBF2822B3FBF2F402FB1434012C74
:1049A0008CBF0024012400252946D9E70522B3FB4A
:1049B000F2F202EB82029A1A012A07D90024254654
:1049C000CDE713F00204F9D10125EDE70124F6E764
:1049D000DC3000205941002058410020885105005A
:1049E000805105007851050007B523481FF0B8F93C
:1049F00058B1224A20481A21FFF7B6FE031E04DAF6
:104A00001F4A204802211BF0FEFA1B481FF0A8F99C
:104A100058B11A4A18481E21FFF7A6FE031E04DAF1
:104A2000194A184802211BF0EEFA13481FF098F9B2
:104A300058B1124A10480621FFF796FE031E04DA09
:104A4000124A104802211BF0DEFA114911480022D7
:104A50001FF053FB40F2676200230E48CDE90023AC
:104A600017F0F4FE0C4A074803211BF0C3FA00209C
:104A700003B05DF804FB00BFB84605000100160056
:104A8000F8630500D44B0500156405003464050087
:104A900041490300F818002052640500044B1A78BD
:104AA00082421FBF1870034B00221A60704700BF7C
:104AB00059410020DC300020014B1870704700BFC6
:104AC0005841002010B542680369126852040ED4A0
:104AD0000F49104A104840F2A2631AF0FCFF0F4839
:104AE0001AF0F9FF0B4840F2A2611AF0EBFF1B68C5
:104AF0005B0448BF81F0010131B18368DB68BDE828
:104B000010404FF48041184783681B69F7E700BFE6
:104B1000B75D0500865D0500F55D0500125E0500C8
:104B200037B523481FF01CF930B121480021FFF7A9
:104B3000C9FF0A201FF010F91E481F4983685B68EF
:104B4000984704461A481FF00BF918B1184801217C
:104B5000FFF7B8FF002C0BDA184D2B88184800938C
:104B6000184A234602211BF058FA288803B030BDAA
:104B7000154BB3F900004FF4616320EAE07010FBBD
:104B800003F0001340F6913310FB03F00F4B9842F3
:104B900008DB0F4B984208DC4FF47A73B0FBF3F05C
:104BA00080B2E3E740F67460FAE741F26800F7E7A5
:104BB000B84605007C47050048030020680800202F
:104BC000244B0500A064050040410020A0252600DC
:104BD00017644200034B1B780BB1FFF7A1BF024BD8
:104BE000188870475C4100206808002037B5334CB6
:104BF00020461FF0B5F828B36368A1681B682269D6
:104C00005B040ED42E492F4A2F4840F211431AF06C
:104C100062FF2E481AF05FFF2A4840F211411AF055
:104C200051FF136823F4804313600B684FF4C022D4
:104C30000E2120469847031E04DA254A2548022102
:104C40001BF0E1F9244D28461FF08AF8044658B9B4
:104C5000224A204802211BF0CDF9214B1C706FF035
:104C60001204204603B030BDAB681E491B682846BD
:104C70009847041E06DA1C4A1648234601211BF0F9
:104C8000C2F9EEE7164B01221A70FFF7A3FF174A8D
:104C90001749108050809080D0801081508106226A
:104CA0000A70144900240C7013490346088009480F
:104CB00000920321114A1BF0B0F9D2E7B846050073
:104CC000B75D0500865D0500F55D0500125E050017
:104CD000C9640500244B05007C470500F16405000C
:104CE0005C4100206008002026650500344100205A
:104CF0005A4100205B410020680800204365050000
:104D000013B5FFF767FF1F4A1F49137821F81300F7
:104D100006210133B3FBF1F001FB103313701B4B81
:104D200019481A78052A9CBF0132D2B24FF000010F
:104D300098BF1A700B46CCB2A24213D8B3FBF2F361
:104D4000134C9AB2B2F5486F228010D84FF44862E3
:104D50000092104A9BB201210F481BF05EF9208897
:104D600002B010BD30F8024B01312344E3E740F6B6
:104D700047518A42F3D840F6485200929BB2074A04
:104D80000221E9E75B410020344100205A41002024
:104D9000680800207C650500244B0500A665050019
:104DA000014B1888704700BF68080020044B188822
:104DB00040F6475398428CBF00200120704700BF47
:104DC00068080020034B1888B0F5486F8CBF00209E
:104DD0000120704768080020024840F21F5200235B
:104DE00015F09EBD6019002008B50368590914D05C
:104DF000012906D14FF6FF7203F01F03DA40D207F4
:104E00000ED40B490B480C4A4FF482631AF063FE30
:104E100009484FF482611AF055FE4FF0FF32EBE77C
:104E200003600129054818BF4FF0A04008BD00BF2E
:104E300006660500F55D0500D3650500000300501A
:104E400007B5022301A80193FFF7CEFF019B00EBFA
:104E50008300054BD0F80027134043F00C03C0F843
:104E6000003703B05DF804FBF0F8FCFFF0B583B049
:104E700000AF3A4C20461EF073FF00283AD063681A
:104E80001B685B070ED43649364A374840F24963FF
:104E90001AF021FE35481AF01EFE324840F24961F0
:104EA0001AF010FE2569A36820465B68391D9847F3
:104EB000044620B92B687C685C40C4F380041FF072
:104EC000D4F84FF47A72A0FB020502FB01550023CF
:104ED0002749C20B9C4242EA454208784FEAD53541
:104EE00015DD20B901230B70224BC3E900250C37D7
:104EF000BD46F0BD0223381D7B60FFF775FF7B6860
:104F0000D0F81045DC40E44304F00104D7E7002862
:104F1000EDD018480B70D0E900406E46141B88B0E5
:104F200065EB00056A4614490795CDE9051404218F
:104F300042F8101F11484FF4035103F0EBF8104BE7
:104F40001B68B546002BD2D040F2DC52944275F17A
:104F50000005ACBF012000209847C8E7B84605000F
:104F6000B75D0500865D0500F55D0500125E050074
:104F70005F4100209019002029660500944B050030
:104F8000E030002007B5194A194803211BF032F818
:104F9000184A174803211BF02DF8174A144803211B
:104FA0001BF028F8114A124803211BF023F80420B3
:104FB000FFF774FD002140F2676016F04FFDFFF728
:104FC0003FFF022301A80193FFF70EFF019B00EBB7
:104FD0008300D0F8003743F44033C0F80037002195
:104FE0004FF4247016F03AFD1AF082FE4D6B050066
:104FF000944B0500476605006B66050008B5044B39
:10500000044A054803211AF0FEFFFFF7BBFF00BF6B
:10501000E093040094660500944B050008B5044B2A
:105020001B7823B9034B1B780BB9FFF7E7FF08BDCB
:105030005E4100205D410020F8B53949394815F03E
:1050400037FB3949394815F033FB394C20461EF0FF
:1050500087FE00285BD06768A5683B68226959070E
:105060000ED43449344A354840F211431AF033FD26
:1050700033481AF030FD40F211412F481AF022FD5A
:10508000136843F0040313602B682E4A0221204664
:105090009847031E0CDA2C4A02212C481AF0B3FF61
:1050A0004FF416020023214815F03AFC0020F8BD09
:1050B000AE69D6B13B685B070CD41E491E4A1F4837
:1050C00040F2A5331AF007FD1D481AF004FD40F226
:1050D000A531D2E74FF0C0634FF0A0720221204605
:1050E000B047031E04DA1A4AD6E76FF05703FAE70F
:1050F000184A194B536004239360EB691BB115499F
:10510000012220469847154A02230321C5E7FFF7ED
:1051100097FE134A0D4803211AF06CFFC0E700BF49
:105120006D4E0300601900201D500300301900204F
:10513000B8460500B75D0500865D0500F55D050014
:10514000125E050011000100E2660500944B0500A7
:105150000C670500E4300020D94D030035670500D9
:1051600061670500014B1860704700BFE030002008
:105170000F4B10B5187048B10E4815F0D7FB0E4A0A
:105180000E48BDE8104003211AF034BF0C4B1B78C9
:105190006BB94FF416020023064815F0C1FB094B0A
:1051A000094A0648BDE8104003211AF02CBF10BD83
:1051B0005E410020301900208F670500944B0500E8
:1051C0005D410020E0930400B6670500074B1870AE
:1051D00010B1074815F0AABB064B1B782BB9044841
:1051E0004FF41602002315F09BBB70475D41002071
:1051F000301900205E41002038B51C466BB115788F
:10520000074A08482B4603211AF0FDFE064B1A6890
:105210000AB128469047204638BD6FF00C00FBE7E6
:10522000EF6705002C4B0500F83000201FB5042463
:105230000294044C0194BDF8184000941DF09EF8AF
:1052400004B010BD6041002080B501290E4B0CBF99
:10525000012200221A700D4A0D4B00AF88B008BF22
:1052600013466A460B49CDE905134FF40073ADF8B8
:105270001C30094B42F8103F084800234FF4E65118
:1052800002F048FFBD4680BD644100200C68050067
:1052900050B305001B680500030000012C4B0500FE
:1052A000F8B50129134C144A25780CBF01230023BB
:1052B00000AF6E4688B02370104B08BF13466A4695
:1052C0000F49CDE905134FF40073ADF81C300D4BB9
:1052D00042F8103F00230C484FF4E65102F01AFF49
:1052E0000A4B1B68B5461BB12078A84200D09847EE
:1052F000BD46F8BD654100200C68050050B30500AF
:1053000033680500030000012C4B0500F03000203D
:10531000B0B5184D88B00FCD02AF3C1D0FC42B683F
:1053200023600125144B154900950222381D08F011
:10533000F1FB044648B1124A0346294611481AF0C7
:1053400062FE20461837BD46B0BD6D4688B002AA41
:105350000D4B53610D4B93614FF4007393830C4BD2
:1053600042F8103F4FF4E6510346064802F0D2FEE1
:10537000AD46E6E7904C05009051050098510500B8
:105380004B6805002C4B05006D6805003C5D050071
:105390000300000110B50B460E4C0F480F4A0321C5
:1053A0001AF031FE206818B109F066F80023236076
:1053B0000B4B002018700B4B18700B4B1B6803B184
:1053C00098470A4A044803211AF014FEBDE8104029
:1053D000FFF79EBFFC3000202C4B050089680500BC
:1053E0006541002064410020F4300020B2680500CF
:1053F00008B50346044A054801211AF004FEBDE839
:105400000840FFF785BF00BFCD6805002C4B0500A5
:1054100010B521B1BDE810400846FFF7E9BF08F01C
:10542000FBFF074B1860074A074803211AF0E2FD0B
:10543000064B1B681BB1BDE810400120184710BD8A
:10544000FC300020F06805002C4B0500F4300020F3
:105450000E4B10B518600E4B19600E4B00201A60F1
:1054600007F0F6FE044640B90B4A0C4803211AF037
:10547000C1FDBDE81040FFF74BBF094A03460121BB
:1054800006481AF0C0FD204610BD00BFF8300020CD
:10549000F4300020F03000202A6905002C4B050074
:1054A0000B690500024B1868003818BF01207047CF
:1054B000FC30002030B50E4B1D6887B004469DB10E
:1054C0000C4B1B7883B10021182268461EF079FE30
:1054D000094B6946CDE9013428464E23ADF80C301E
:1054E0000CF048F907B030BD6FF00C00FAE700BFD0
:1054F000FC30002065410020D051050010B586B079
:1055000010B10E4B02681A600D4B1C68A4B10D4B14
:10551000187878B10021182268461EF052FE0A4B16
:105520000193064B0293694604232046ADF80C30E4
:105530000CF020F906B010BD2046FBE760410020CA
:10554000FC30002064410020345205002DE9F04F6A
:105550002DED068B8BB00C4600AF8046002800F086
:10556000C180002900F0BE80604A614803211AF022
:1055700041FD604A5E489FED608A03211AF03AFDC2
:105580004FF49675F0EE488AB0EE489AF0EE489ADD
:10559000B0EE48AAF0EE48AA002607F110014046F6
:1055A000FFF784F8C0B9D7ED047A38EE278AD7ED33
:1055B000057A39EE279AD7ED067A78EEA78AD7EDE5
:1055C000077A7AEEA7AAD7ED087A3AEE27AAD7ED9E
:1055D000097A79EEA79A01364FF4A470002116F0EB
:1055E0003DFA013DD9D1312E0DDC4148434A3346C5
:1055F00001211AF008FD6FF004002C37BD46BDEC08
:10560000068BBDE8F08F07EE906AF8EEE77A01238B
:105610008AEEA77A237084ED017A8AEE277A84EDE8
:10562000027A89EEA77A84ED037A88EE277A84EDF0
:10563000047A89EE277A84ED057A88EEA77A84EDDC
:10564000067A2F4A2A48334603211AF0DCFC6068A8
:10565000FBF790F98046A0688946FBF78BF9C7E90C
:105660000201E068FBF786F9EA468CB06E4697EDDA
:10567000027B6A46234B05934FF0080BCDE9068960
:105680008DED087BCDE90A0142F810BF18487A6019
:105690002B4644F2C00102F03DFDD5462069FBF7E0
:1056A00069F9804660698946FBF764F9C7E9020138
:1056B000A069FBF75FF9B54697ED027B124B73616A
:1056C000C6E9068986ED087BC6E90A01C6F810B06E
:1056D00007487A682B4644F2C00102F01BFD2846B9
:1056E000D5468AE76FF0150087E700BF59690500C6
:1056F0009C4B05009369050000000000B16905009E
:10570000DB690500FD6905002C6A0500DFED0C7AF8
:10571000B4EEE70AF1EE10FA0CDCDFED0A7AB4EE33
:10572000E70AF1EE10FA08D4BDEEC00A10EE103A06
:1057300018B2704747F6FF7070470348704700BFC4
:1057400000FEFF46000000C70080FFFFF8B51F46BF
:10575000044608B90020F8BD0029FBD0057915B929
:10576000026082600573236891ED000A9FED227A42
:10577000D21AFF2A20EE070A28BFFF220E26FFF7C3
:10578000C5FF06FB05460135F08191ED010A20EECB
:10579000070AFFF7BBFF308291ED020A20EE070AED
:1057A000FFF7B4FF708291ED030A9FED147A20EEAB
:1057B000070AFFF7ABFFB08291ED040A20EE070A5B
:1057C000FFF7A4FFF08291ED050A20EE070AFFF72C
:1057D0009DFFEDB2042D3083B27625712573B9D9C2
:1057E0002FB14C2204F1080138461EF0C3FC0023FF
:1057F00023710120AFE700BF00007A440000C842D7
:10580000014814F037BE00BF0031002008B50D4834
:1058100017F08AF80C4A0D4B00201870137823F00B
:1058200004031370FFF7D2FCFFF73CFE00B1012028
:10583000FFF734F9064A0748BDE8084003211AF08B
:1058400027B800BFC8190020684100206741002028
:105850006B6A0500444C0500024B1B780BB1FFF747
:10586000D5BF70476741002007B511481AF00BF803
:10587000104B00221A80104A104B01201870137828
:1058800043F004031370FFF7A1FC0320FFF706F9B0
:105890004FF4A47200230A48CDE9002316F0D6FF86
:1058A000084A0948032103B05DF804EB19F0F0BF82
:1058B0001031002042410020684100206741002053
:1058C000C8190020966A0500444C0500024B1B785D
:1058D0000BB9FFF7C9BF704767410020174B10B5E0
:1058E0001860174819F0A6FF164819F0C6FF164BA6
:1058F0001649174800241C70164B1C80164B1C7050
:10590000164B22461C701EF0F8FB1549154814F082
:1059100089FC1549154814F0CBFE1548FFF722FC09
:105920004FF400420023114814F0FAFF114A1248C4
:10593000032119F0ADFF204610BD00BF80310020CB
:10594000643100201031002068410020015803001C
:10595000C819002042410020674100206641002014
:1059600095F8040000310020295A030098190020FE
:10597000855C0300C86A0500444C0500054B064AD7
:105980001870137818B143F008031370704703F0D0
:10599000F703FAE7664100206841002010B5094B83
:1059A0001C78FFF703FA084B1B781C43074B1B7846
:1059B00044EA8304064B1B7844EAC30444EA4000EB
:1059C000C0B210BD68410020643100206741002052
:1059D0006641002090B583B000AF0446FFF7DEFFBC
:1059E0003871FFF7DDF9A7F80500381DFC71FFF7E6
:1059F00085FD8AB03979B7F805306A460848CDE99F
:105A000007340523CDE9050142F8103F054800237E
:105A10004FF4235102F07EFB0C37BD4690BD00BF12
:105A20000A6B0500444C050073B5FFF769F905469C
:105A3000FFF7C8F90646224CFFF7B8F96EB3214AC2
:105A40002148012119F024FF4FF4486300931F4AB5
:105A50001D482B4601211AF0E0FA1D4A1A4801217F
:105A600019F016FF174A1848012119F011FF194BB8
:105A70001B780BB1FFF7F0FE2378FF2043F0020301
:105A80002370FFF7A7FF002140F6CD4015F0E6FF99
:105A900002B0BDE87040FFF775BA237868B143F0F3
:105AA00002032370FFF708F80B484FF4203200235D
:105AB00002B0BDE8704014F033BF03F0FD03F0E71F
:105AC000684100203D6B0500444C05007F6B0500DC
:105AD000A36B050067410020981900202DE9F047CD
:105AE000044600AF564A0346032156481AF08BFA83
:105AF000631E032B00F29B80DFE803F0025B6492DD
:105B0000514B1B7813B9514C236843B94D48504A47
:105B1000012119F0BDFE0120FFF75CFF3FE04D4A77
:105B20004848032119F0B4FE4B4A46484B4E032126
:105B300019F0AEFE0220FEF7B1FF20683146FFF7F4
:105B400005FD824670BB464A7068137843F0010336
:105B50001370FAF70FFF8046B0688946FAF70AFF1C
:105B60000446F0680D466E46FAF704FF8CB06A46AC
:105B70003C4B05930823CDE90689CDE90845CDE9DD
:105B80000A0142F8103F2F48534644F2C00102F088
:105B9000C1FAB5460120FFF71DFFFFF797FEBD468E
:105BA000BDE8F087304A0346022126481AF02BFA56
:105BB000F0E724482D4A032119F06AFEFFF74CFE56
:105BC0000220A9E7204B1B7813B9204D2B6833B96D
:105BD0001C48274A012119F05BFE03209CE7254A57
:105BE0001848032119F054FE234B1C780CB1FFF721
:105BF00033FE0220FEF752FF18492868FFF7A6FC83
:105C000020B9174A137843F0010313700320FFF7FC
:105C1000E1FE002CC1D1FFF745FCFEF73FFFBEE7D8
:105C20000848164A032119F033FE042074E705489A
:105C3000134A234602211AF0E6F920466CE700BF1A
:105C4000E86B0500444C05006641002080310020CF
:105C5000036C0500366C05006D6C05006431002096
:105C600068410020906C0500C66C0500ED6C0500D5
:105C7000176D0500466D0500674100207A6D05002F
:105C80009E6D0500B0B5204A204B00AF041E6D4646
:105C900088B018BF13466A461D49CDE905134FF475
:105CA0000073ADF81C301B4B42F8103F00231A481C
:105CB0004FF4E65102F02EFA184B1B78AD4693B123
:105CC000174A1548032119F0E3FDFFF7C5FD02202F
:105CD000FFF780FE002140F6CD4015F0BFFEFFF734
:105CE00051F9BD46B0BD44B10E4A0B48032119F02D
:105CF000CFFD0320FFF7F2FEF3E70B4A064803212E
:105D000019F0C6FDEDE700BFB66D0500C36D0500D7
:105D1000D16D050003000001444C050067410020DF
:105D2000F16D05003B6E0500726E050030B53A4B13
:105D30001868AFB080B1394B1B786BB1384B1B780A
:105D400053B901A9FEF7B2FC044638B1354A0346FF
:105D5000354802211AF057F92FB030BD334801A958
:105D600019F06EFD1EF081F94FF47A73A0FB030267
:105D700003FB0122C00B40EA424207AB2C4801A9B9
:105D8000FFF7E4FC0028E7D02A4A40F20113ADF8FF
:105D900068301388ADF86A30591C079B1B939DF837
:105DA000203011808DF87030FFF7F8FD8DF871000C
:105DB000FEF7F6FF0D25ADF8720007AA1AA92EAB63
:105DC00005FB0433D08823F8440C108923F8420CD7
:105DD000508923F8400C908923F83E0CD08923F891
:105DE0003C0C0134108A23F83A0C052C937C0B767A
:105DF00002F10E0201F10D01E1D11AA819F00CFD1A
:105E00001AA8FFF757FB03460028A5D010F10D0F85
:105E1000A2D0094A9CE700BF8031002067410020E2
:105E200066410020B16E0500444C0500643100203D
:105E30001031002042410020C66E050010B5044616
:105E4000FFF796F98CB10F4A0F48032119F020FD96
:105E50000E4B1B783BB10320FEF720FEBDE810403F
:105E60000020FFF7B7BD0120F6E70748084A0321E5
:105E700019F00EFDFFF7F0FC2046BDE81040FEF7DC
:105E80000DBE00BFDC6E0500444C050067410020DC
:105E9000046F050008B598B10E4A0F48032119F0A8
:105EA000F7FC0E4B1B78A3B90D4B1B788BB90D4A31
:105EB0000948032119F0ECFCBDE80840FFF706BDD6
:105EC000094A0548032119F0E3FCBDE80840FFF743
:105ED000C3BC08BD456F0500444C05006741002068
:105EE000664100206E6F05009D6F05002DE9F84F9B
:105EF000044619F0D1FCB0FA80F0C0F11F0004EBA9
:105F00008006CD00D6F8109005F1040A0B46063540
:105F10008FB2B9F1000F0AD1E268012181400A4332
:105F2000E260336124F80A706753BDE8F88F4FEAE6
:105F3000C906043634F806B04FEACB0808F1060863
:105F400034F8083099450CD00A4A0B4801211AF060
:105F500051F8002383F31188BFF36F8F0423184691
:105F600002DF24F80AB024F8059024F80870A7533B
:105F7000DBE700BFD46F0500344C050010B500EB23
:105F8000C10304465B88DB070A460ED419F089FC7E
:105F900034F83030C01A814207D134F8311020462D
:105FA000511A19F07EFC82420CD0074A07480121A1
:105FB0001AF020F8002383F31188BFF36F8F0423B6
:105FC000184602DF10BD00BFF86F0500344C050015
:105FD0002DE9F84300EBC1030446DF88B94202F122
:105FE00004080BD1012303FA02F2C36823EA020377
:105FF000C360002340F82830BDE8F883B3F804906C
:106000004FEAC9060636FD00835B994205F1040597
:1060100002D1435B99420CD0094A0A48012119F088
:10602000E9FF002383F31188BFF36F8F0423184621
:1060300002DF44F82870A75324F80590DCE700BF7E
:10604000D46F0500344C05002DE9F84F8A4600AFA7
:10605000002900F09A8004680E1F361BF50826F010
:10606000070604EB0608B8F802B01BF0010B16D1C6
:10607000E94688B06A46464BCDE90531032342F82C
:10608000103F44485B464FF4C25102F043F8CD46FE
:106090008BF31188BFF36F8F0423184602DF294664
:1060A000204619F0FEFB34F83030C01A854217D074
:1060B000E94688B06A46384BCDE9053A032342F8F1
:1060C000103F344800234FF4C25102F023F800235C
:1060D000CD4683F31188BFF36F8F0423184602DF88
:1060E000A15B2046691A19F0DCFBA84217D0E946EB
:1060F00088B06A46294BCDE9053A032342F8103FA0
:10610000244800234FF4C25102F004F80023CD4686
:1061100083F31188BFF36F8F0423184602DFB8F8AA
:10612000023023F00103A8F802302946204619F076
:10613000B8FB04EBC00380465B88DA070CD4014649
:106140002046FFF71BFF4146204619F0AFFB4246B1
:106150002946204619F0F6FBA65BAE1B04EBC603EE
:106160005B88DB070DD431462046FFF707FF314639
:10617000204619F09BFB2A463146204619F0E2FBE7
:10618000354629462046FFF7B1FEBD46BDE8F88FEB
:1061900091700500344C0500417005006A700500DF
:1061A0002DE9F04714464A4202EA010931EA0202A7
:1061B00003461AD04A46042A4F4628BF0422A1EBC0
:1061C000090909F1FF3A1AEA090F18D03549364A88
:1061D000364840F2E91319F07EFC354819F07BFC93
:1061E000314840F2E91119F06DFC042904D8214628
:1061F000BDE8F04719F0D7BB00270422E1E71CB93E
:1062000000252846BDE8F0871E68A9EB020204F0CD
:10621000070302F007010B330B44E10801EBD20145
:1062200001EBD301B368994228BF1946304619F0F3
:106230004AFB80460028E3D03D1D05EBC0053544F0
:106240005544B5FBF9F509FB05F5ED1B2C442B1F57
:1062500007349B1B24F00704A41BB0EBD30F4FEAB9
:10626000D3074FEAE40408D201463A46304619F013
:106270007FFB41463046FFF739FE3946304619F07C
:1062800010FBA04207D93046224619F071FB214687
:106290003046FFF72BFE06EBC706738843F0010379
:1062A0007380AEE7D9700500B6700500F55D050096
:1062B000F4700500B2F5802F2DE9F8430ED33E4966
:1062C0003E4A3F484FF4377319F005FC3D4819F03A
:1062D00002FC4FF43771394819F0F4FB042A0CD84A
:1062E0003949364A364840F2E32319F0F4FB37487F
:1062F00019F0F1FB40F2E321EDE7043ACD1D114422
:1063000025F0070521F00706A6EB0508B8F1170FE1
:106310004FEAD8070CD82E49284A29484FF43B7336
:1063200019F0D9FB294819F0D6FB4FF43B71D2E79D
:10633000B7FA87F4C4F12002C4F12404A40007349E
:10634000E408631C4FF00009BB420560AF60C5F86C
:106350000C900CD91F49194A194840F2023319F020
:10636000BAFB1A4819F0B7FB40F20231B3E74946CD
:10637000920005F110001DF024FFA2B2530043F07B
:1063800001036B803B1B9BB205EBC4015800A5F8D1
:106390000090488025F83420A6F8029025F80830AF
:1063A00005EBC70321465A8842F001025A8028466D
:1063B000BDE8F843FFF79ABD11710500B6700500FE
:1063C000F55D0500277105003E7105005F71050050
:1063D00078710500A17105002DE9F04F91B0840797
:1063E000009302F004030293C2F3C20303F101031A
:1063F000DDF868A0039205460E46059340F0C9817A
:10640000041D002838D101F00706341DC6F1080626
:10641000009B4FF000085A1E04274FF0FF330193F2
:10642000CDF81080C146C3463B460DB100982060B0
:106430000598002800F3C0809C480099814203D34E
:106440009B488142C0F0B880039911F0020CA4EB84
:10645000050040F0CA80B9F10F0F40F2C98095499C
:10646000954A964840F2812319F035FB944819F07B
:1064700032FB40F28121B5E00729C9D86FF01B003B
:1064800011B0BDE8F08F7A285AD84B280FD847288A
:1064900056D829282DD825284FD051D8202818BFC4
:1064A00023280CBF4FF0010B4FF0000B6EE04C386F
:1064B0002E2845D8DFE800F06A444444444444446C
:1064C0004444444447444444444444444454444776
:1064D000475454546A4768446A4418471844447BF4
:1064E000794744444744790000204FF0000B0427CB
:1064F00034E02A38C0B2012101FA00F010EA0E0F90
:1065000044D110F0625C2BD110EA010B3ED0604602
:10651000013C3C44B4FBF7F47C4325B1A3EB050CF0
:10652000A444B445AAD8002800F096800598013804
:1065300005905AF8040B009077E701990139019111
:106540004FF0000B22E012F8010C6C2831D112F848
:10655000023C00206C2B8346C9D108273B46D7E775
:106560000AF1070A2AF0070A0734BAEC027B24F082
:10657000070435B106982044B0423FF67FAF84ED62
:10658000007B08344FF0000B08273B4612F8010F40
:1065900000287AD0BBF1000F7FF475AF2528F5D124
:1065A000019B013301934FF0010B0427EDE758469F
:1065B0009BE700208346ABE7039988072FD5601B34
:1065C0004FF0010CB0F5007FFFF445AF39493A4A6E
:1065D0003A484FF41F7319F07EFA3A4819F07BFAE3
:1065E0004FF41F71344819F06DFA4FF0000CE9E7D1
:1065F00005B309F140010DEB010EC0F387000199CD
:106600000EF8200C0EF8101CBCF1000F0ED060F03C
:106610007F000EF8200C08F1010809F10109C5F10D
:106620000801043406914FF6DA7EAFE70498013092
:106630000490F2E7BCF1000F01D00136EDE70299BA
:1066400002360029E9D10098CDE90632FDF731FA8A
:10665000DDE906320644E0E7042B08D10AF1040024
:1066600015B1DAF800102160043482468EE70AF191
:10667000070323F0070303F1080A1DB193ED007B24
:1066800084ED007B0834082380E7631BB3F5806F3B
:106690001CD30849084A094840F2D22319F01BFAD2
:1066A000094819F018FA40F2D2219BE7804505000D
:1066B000A0C60500B0B80500D4710500F55D050061
:1066C00023720500027205003D7205001DB9A6F196
:1066D0000804E018D4E6029A28609B082B709DF805
:1066E0001030BAB1EB7085F80280B8F1000F05D018
:1066F00008A80022C5F1010791450DD1C5F101039C
:1067000008AF4FF0000A01930DF1300BD14512D1C3
:10671000601BB5E66B70E6E710F8013B190608D57B
:1067200007EB040CB44503F07F033FF6A7AE04F873
:10673000013B0132E0E7B8F1000F03D097F90020E8
:10674000002A16DB029BC3B11AF80B2004F8012BB8
:106750000022019B18191044B0423FF68FAE3878E2
:1067600004F8010B0099039220461DF003FD039AE3
:1067700014440AF1010A0137C8E73A7855F8223083
:106780000093029B45F822300098FDF792F9421CD5
:10679000DFE76FF00D0073E62DE9F04F95B000AF25
:1067A000C7E908328A46054658B99A499A4A9B4829
:1067B00040F2993319F08FF940F29931964819F067
:1067C00081F949B903784678807800EB8300284442
:1067D000564521D8A0EB050ABB6F95F80280BC6F27
:1067E00003F001033B61EB78FB61B8F1000F0CBFD4
:1067F000002404F0010413B1BB6F9E0715D4A4B9A3
:106800007B6A1BB13A6A514628469847564630463D
:106810005437BD46BDE8F08F441C2046FDF749F9CA
:10682000013020440AF1010AD2E7BB6FC3F3C00371
:106830007B612B78FB609B007B606B68BB60FB68B7
:1068400005EB830B7B6A002B71D15646D844ACB163
:106850001C461BF8013B55F82300FDF72AF9FB6F96
:1068600001303BB1D7F88030A34282BFFB6F23F8E1
:1068700014000134C3450644EBD1D846BB6F13F076
:10688000050F0CBF4FF0020B4FF0010B4FF000094A
:10689000FB699945BBD298F8013055F823A0604BAD
:1068A0009A4508F10208C0F080815E4B7A699A45EA
:1068B0002CBF002301230AB318F8021CB8687B62BE
:1068C00019F0D2F87B6AC8B1EA468AB06A46564BDC
:1068D0000593BB68CDE906314FF40073ADF8203065
:1068E000524B42F8103F524800234FF4125101F02E
:1068F00011FC023ED54609F10109C9E723B13B6904
:106900002BB9A6EB0B06F6E7BB6F9807F3D55046FD
:10691000FDF7CFF8FB6F43B1D7F880309C423FBF03
:10692000FA6F431C22F8143001340644E3E7002CCC
:1069300065D1B8F1000F68D0BB6F590768D5C14663
:1069400007F14000424659461DF014FC0BEB0803CA
:10695000DFF8D0E0BB610023FA6993426AD3BA6FD3
:1069600095F801B03969920704EB0B03DBB254BF11
:106970004FEA59020022002940F0E180B96F11F07E
:10698000040F14BF494600216B70A970EA70796842
:106990003A6A7B6A28469847061EFFF638AFFB68BE
:1069A0002B70FB69EB7049463A6A7B6A85F801B047
:1069B00085F8028007F140009847B0F10009C0F265
:1069C000F0807B68FA69B86903EB420141443A6A96
:1069D0007B6AAAEB010198470028C0F2E480B14429
:1069E00009EB00064FF0000B07F1300AA345C0F099
:1069F000A88000213A6A7B6A0846984707E7444620
:106A000007F130004FF000099CE74446C1469DE77E
:106A1000A1469BE754720500D4710500F55D0500A1
:106A200080450500A0C605006F7205000400000146
:106A3000A44B0500B869634A10F8021BB86110F84E
:106A4000016C55F826009042C0F0B5807A69704517
:106A50002CBF4FF0000B4FF0010B3AB1B8683B6010
:106A600019F002F83B68DFF870E160BBBBF1000F82
:106A70002BD03A695AB10F2C36D95349534A54484E
:106A800040F2434319F027F840F2434196E6BA6FCB
:106A9000520718D5B9F10F0F09D94E494B4A4C4846
:106AA00040F2464319F017F840F2464186E609F1F4
:106AB000280207F1280009F1010102EB000909F899
:106AC000106C5FFA81F9013346E7BA6F900715D56C
:106AD0000F2C09D93C493D4A3D4840F24D4318F03E
:106AE000FAFF40F24D4169E604F1280207F128005F
:106AF000611C141804F8206CCCB2E4E7B9F10F0F54
:106B000009D93449314A32484FF48A6318F0E3FF17
:106B10004FF48A6152E609F1280207F1280C09F1C5
:106B20000100944407F1500252FA80F009F1020981
:106B30000CF8101C5FFA89F900F8106CC3E700210B
:106B400022E71BF80A3087F82F3055F82390FB6FA7
:106B500023B3D7F880309B4520D2FB6F33F81B80DE
:106B60003A6A7B6A012107F12F00984700281ADB57
:106B70000644B8F1000F06D14846FCF79AFF00F131
:106B800001081FFA88F83A6A7B6A414648469847E6
:106B9000002808DB06440BF1010B27E74FF0000843
:106BA000DEE74E4633E6064631E67B69002B3FF4CE
:106BB000ABAE002380E67A69002A86D04FF0000B46
:106BC0004CE700BF8045050012730500D471050035
:106BD000F55D050031730500A0C60500014B186086
:106BE000704700BFA403002080B505460E46174637
:106BF000984614F0BDFF034602F0D8FCDFF8509031
:106C0000044649F80030424639463046A8470B4B07
:106C10001B7873B90A490B4A0B4840F2463318F007
:106C20005AFF0A4818F057FF064840F2463118F05C
:106C300049FF54F8090002F037FC00BFFA42002077
:106C40008D73050062730500F55D0500A0730500F6
:106C50000800000038B50D460446202200211DF032
:106C6000B0FAEB68E361AB68A3612B6823626B68E1
:106C700063620022A2622A6923B1591E194208BF29
:106C800042F0010222610122002104F12C001DF0DA
:106C9000F9F848B105490648064A2F2318F01BFFAA
:106CA00004482F2118F00EFF38BD00BFE87305001F
:106CB000F55D0500C27305002DE9F04F89B0CDE9FF
:106CC0000123436A00278B420446884605970797AD
:106CD000BA4654D300F11406EFF31185402383F331
:106CE0001288BFF36F8F3046A94615F02BFA58B9BA
:106CF0004D4A4E494E48842318F0EDFE31464D482A
:106D000018F0E9FE842163E0304615F03FFA079A57
:106D10002AB13946204618F0C3FF0023079306A97D
:106D2000204618F0E5FE06994145834630D3226897
:106D3000236A13F8221021F0030103F8221003EB59
:106D4000820A21684246204618F0F6FEE368206079
:106D5000984218D04FF0000B304615F001FA50B3AE
:106D600089F31188BFF36F8F059929B1A2690AB120
:106D70002046904700230593BBF1000FACD150464D
:106D800009B0BDE8F08F236943F008032361E1E710
:106D900018B1204618F0EAFEDEE7DDE901321343C0
:106DA00039D003911DF0DFF80399A0BB9DBB30469D
:106DB00015F0D6F978B91C4A1F491D484FF499734C
:106DC00018F089FE31461D4818F085FE4FF4997180
:106DD000154818F077FE85F31188BFF36F8FDDE952
:106DE000012304F12C0012F03FFF8346EFF31189D9
:106DF000402383F31288BFF36F8F304615F0A2F95A
:106E000000283FF475AF3046BBFA8BFB15F0BEF996
:106E10004FEA5B1BA0E707AB05AA2046276818F0DE
:106E2000C2FE834698E700BFF17305001E7405009B
:106E3000F55D0500337405004974050060740500B4
:106E40002DE9F0410446C36908460E46984704F10F
:106E500014050746EFF31188402383F31288BFF32C
:106E60006F8F284615F06EF968B91B4A1B491C48FC
:106E7000842318F030FE29461A4818F02CFE84218D
:106E8000154818F01FFE284615F080F9337843F0B6
:106E90000103337061683A46204618F04DFE606089
:106EA000204618F018FF284615F05AF968B90A4A22
:106EB0000D490B484FF4997318F00DFE29460B4805
:106EC00018F009FE4FF49971DAE788F31188BFF3DF
:106ED0006F8FBDE8F08100BFF17305001E740500DF
:106EE000F55D050033740500497405006074050004
:106EF0002DE9F0470446002700F11406EFF311884E
:106F0000402383F31288BFF36F8F304615F01AF9D0
:106F1000054668B9394A3A493A48842318F0DBFDF6
:106F20003146394818F0D7FD8421344818F0CAFD9D
:106F3000304615F02BF92369A168180702D463685D
:106F40008B4200D2636A5B1A002B41D0206A10F892
:106F5000213013F0030200EB81093CD0022A04D156
:106F600050F821205FEA920A05D1DA0720D4E369BC
:106F7000484698478246A1685246204618F0DCFDF4
:106F80005146A060204618F0E5FD2F46304615F02A
:106F9000E7F810BB194A1D491A484FF4997318F0C5
:106FA0009AFD31461A4818F096FD4FF49971BCE7E6
:106FB00043F0020300F821304846E369A56898478A
:106FC00029460246204618F0B7FD0025A060DDE7FF
:106FD0001D46A946DAE71546FBE788F31188BFF39B
:106FE0006F8F002D8AD137B1B9F1000F03D104F1B1
:106FF0002C0012F0BBFD4846BDE8F087F173050098
:107000001E740500F55D0500337405004974050024
:10701000607405002DE9F0410446C36908460D4639
:10702000984704F114060746EFF31188402383F3D1
:107030001288BFF36F8F304615F084F868B9284A7C
:1070400028492948842318F046FD3146274818F07E
:1070500042FD8421224818F035FD304615F096F89F
:107060002B7823F001032B7023699B0705D5E26879
:10707000236A03EB82039D4222D12B7823F0020383
:107080002B70D4E90231994204D13A46204618F0D7
:1070900053FDA0603946204618F05CFD304615F0DF
:1070A0005FF890B90E4A12490F484FF4997318F0DF
:1070B00012FD31460F4818F00EFD4FF49971C9E7E3
:1070C0002B6867F39F032B60E8E788F31188BFF311
:1070D0006F8F04F12C00BDE8F04112F047BD00BFF6
:1070E000F17305001E740500F55D0500337405009D
:1070F000497405006074050070B5044600F114057C
:10710000EFF31186402383F31288BFF36F8F284675
:1071100015F018F868B91B4A1B491C48842318F05D
:10712000DAFC29461A4818F0D6FC8421154818F0D4
:10713000C9FC284615F02AF82369A0681B0702D469
:107140006368834213D2646A241A284615F008F84B
:1071500078B90C4A0F490D484FF4997318F0BBFCED
:1071600029460D4818F0B7FC4FF49971DEE71C1A58
:10717000EBE786F31188BFF36F8F201E18BF012045
:1071800070BD00BFF17305001E740500F55D0500BC
:107190003374050049740500607405002DE9F84F4B
:1071A00005460846AB8B1907904616D501280CBF3B
:1071B00043F0100343F02003AB831435284614F04A
:1071C000CFFF002840F0B181AE49AF4AAF484FF43D
:1071D000997318F080FC29469DE0022803F007010E
:1071E00040F07D81284618F0ABFD052800F2FA80BA
:1071F00001A353F820F000BFBB710300DF7403004C
:10720000E573030089720300237303008373030093
:1072100002F00702531F012B1AD80023062A2E68FA
:10722000A4B2C5E9003309D1334603E0EA8B013249
:10723000EA831B68002BF9D144F00204AC83284692
:1072400018F07EFD002800F05A8144F0200455E13A
:10725000042A0DD1A4B2AC83284618F071FD06466D
:10726000002800F04C8144F02004AC83002646E165
:107270008749884A854840F21B1318F02CFC40F2DD
:107280001B11844818F01EFC49B18349814A7F488C
:107290004FF4AB7318F01FFC4FF4AB71F1E72B68A0
:1072A0004BB97E497B4A794840F2571318F013FCDA
:1072B00040F25711E5E72B691F684FB97849754AC5
:1072C00072484FF4AD7318F006FC4FF4AD71D8E777
:1072D000AC8B24F0070444F00604A4B2AC830E4641
:1072E0008A464FF00609AB68002B00F00F814FF083
:1072F000010B44F00804AC8305F11404204614F09B
:107300002FFF002878D15F495F4A60484FF4997396
:1073100018F0E1FB2146634818F0DDFB4FF499714A
:107320008EE0022909D060495A4A584840F25D135C
:1073300018F0D1FB40F25D11A3E7EE8B4EB15B4933
:10734000544A52484FF4AF7318F0C5FB4FF4AF7175
:1073500097E72B695F684FB951494E4A4B4840F255
:10736000611318F0B8FB40F261118AE7AC8B24F08E
:10737000070444F00404A4B2AC83B2464FF00409FD
:10738000B1E7012909D04A49424A40484FF4B27353
:1073900018F0A1FB4FF4B27173E72B684BB93F496A
:1073A0003C4A3A4840F2651318F095FB40F26511EB
:1073B00067E72B699F684FB93949364A33484FF41C
:1073C000B47318F088FB4FF4B4715AE7AC8B24F017
:1073D000070444F00504A4B20026AC83B2464FF083
:1073E000050980E72A492B4A284840F26B1318F018
:1073F00072FB40F26B1144E788F31188BFF36F8F83
:10740000BBF1000F1ED1002E33D117B129492846F8
:10741000B847EFF31188402383F31288BFF36F8FCF
:10742000204614F08FFE00284AD1174A22491748F7
:10743000842318F050FB2146204818F04CFB84218F
:1074400011481FE7A9680029DDD0D1F80080002984
:10745000D9D0D1F804B053464A462846D847B8F1A7
:10746000000F04D0D8F8003041469846EFE7434675
:10747000FAE7314653464A462846366818F08CFCEF
:10748000C1E700BF49740500F1730500F55D050013
:10749000B0B8050080740500A5740500B17405003E
:1074A000D474050060740500EB74050001750500D7
:1074B00010750500397503001E740500337405004E
:1074C000204614F063FEAC8B24F00804A4B2AC8315
:1074D000E20621D524F01003AB8304F00701D5F8B0
:1074E00018A0AA8BBAF1000F22F00704BFF690AEE5
:1074F00000232E68C5E9003344F00104AC8304F096
:10750000070989454FF000077FF4EDAE0EB9002F53
:10751000DED04FF0000BECE6A3067FF54EAE24F074
:107520002003AB8304F007015CE688F31188BFF306
:107530006F8FBDE8F88F00BFF8B504460D4600F127
:107540001406EFF31187402383F31288BFF36F8F84
:10755000304614F0F7FD68B90C4A0D490D488423F4
:1075600018F0B9FA0C48314618F0B5FA07488421EA
:1075700018F0A8FA304614F009FEA5613A462046F4
:107580000121BDE8F840FFF709BE00BFF173050017
:107590001E740500F55D0500337405002DE9F04704
:1075A00004460E4618F0E8FB051E66DB04F11409DC
:1075B000EFF3118A402383F31288BFF36F8F48469D
:1075C00014F0C0FD804660B9374A384938488423F2
:1075D00018F081FA4946374818F07DFA842132487C
:1075E00043E0484614F0D2FDE38BA78B4FF6FF72C1
:1075F000934207F0070743D0062F2CD8DFE807F0A7
:107600001F43092B1F041F006FF085054FF0000872
:1076100002E00133E3830225484614F0A1FD00286F
:1076200034D1214A244922484FF4997318F053FA6F
:107630004946224818F04FFA4FF49971CFE70023DA
:107640003360636823B9C4E9006687B13D46DDE76E
:107650001E606660F9E71A4915481A4A4FF4E47348
:1076600018F039FA17484FF4E47118F02BFA524623
:1076700002212046FFF792FD3D462846BDE8F087EF
:107680006FF00A05C2E76FF00405BFE78AF31188BF
:10769000BFF36F8FB8F1000FEFD000233A463146A9
:1076A000204618F079FBE8E7F17305001E74050029
:1076B000F55D05003374050049740500607405002C
:1076C0001075050080740500F8B5054600F1140634
:1076D000EFF31187402383F31288BFF36F8F304697
:1076E00014F030FD60B9264A26492748842318F053
:1076F000F2F93146254818F0EEF9842120482BE0B4
:10770000304614F043FDAC8B04F00704022C17D074
:10771000012C0CBF6FF004046FF08504304614F0A8
:107720001FFD38BB164A1A4917484FF4997318F0D1
:10773000D2F93146174818F0CEF94FF49971DDE7C8
:10774000EB8B5BB914491048144A40F2EF1318F060
:10775000C2F9124840F2EF1118F0B4F9013B9BB2A4
:10776000EB83002BDAD13A4621462846FFF716FD77
:107770002046F8BD87F31188BFF36F8FF8E700BF8D
:10778000F17305001E740500F55D050033740500F6
:1077900049740500607405002675050080740500B5
:1077A0002DE9F0410F460546002850D000294ED063
:1077B00000F11406EFF31188402383F31288BFF31E
:1077C0006F8F304614F0BEFC60B9224A224923482C
:1077D000842318F080F93146214818F07CF984217F
:1077E0001C4817E0304614F0D1FC39462846AC8BD3
:1077F00018F08BFA80B104F00704231F022B0DD977
:1078000018491648184A40F22D2318F064F9164812
:1078100040F22D2118F056F96FF07704304614F03D
:107820009FFC68B90B4A11490C484FF4997318F042
:1078300052F931460E4818F04EF94FF49971CFE7DE
:1078400088F31188BFF36F8F2046BDE8F0816FF099
:107850001504F9E7F17305001E740500F55D0500D8
:107860003374050034750500807405004974050003
:107870006074050008B54268816002F00302032AC3
:1078800003460AD06AB908490848094A452318F04E
:1078900022F90748452118F015F9006800225A60BE
:1078A00008BD0020FAE700BFB0B80500F55D05008F
:1078B000AB7505002DE9F34106460F4615464FF01E
:1078C00000082A4601A9304618F0B8FA044640B12B
:1078D0000246394601981CF04DFC2D1BA04427445C
:1078E000EFD14246311D304618F0C6FA48B107497B
:1078F0000748084A482318F0EEF80648482118F0CF
:10790000E1F8404602B0BDE8F08100BFE873050031
:10791000F55D0500D17505002DE9F34107460E46DA
:1079200015464FF000082A4601A9384618F095FA86
:10793000044648B12EB10246019930461CF01AFCAB
:1079400026442D1BA044EED1424607F10A013846D9
:1079500018F092FA48B107490748084A632318F01B
:10796000BAF80648632118F0ADF8404602B0BDE809
:10797000F08100BFE8730500F55D0500D1750500D5
:1079800008B558B907490848084A40F2351318F0B5
:10799000A2F8064840F2351118F094F84368587977
:1079A00008BD00BF34760500F55D0500FC750500D7
:1079B00010B548B908490948094AA02318F08BF8BE
:1079C0000748A02118F07EF803681B6913B1BDE8D1
:1079D00010401847184610BD34760500F55D0500C7
:1079E000FC7505002DE9F843DFF84480044606469F
:1079F000012794FAA4F5B5FA85F507FA05F308EB23
:107A000005156FEA030924EA03042B7B5BB12846C2
:107A1000FFF7CEFF38B96B6804221968284606EADA
:107A2000090618F077FA002CE3D13046BDE8F88358
:107A3000744C050010B51049104888B000221CF0A5
:107A40005CFB4FF400320023CDE9062300240E2313
:107A5000CDE90334CDE90144094B0A4900944FF4C0
:107A60000062094813F032F9084907481CF081FA0E
:107A7000204608B010BD00BF717B0300D01E00205F
:107A8000D17E030000430020001A00204B76050041
:107A90002DE9F047DFF8D4902D4CA9EB04038F2B90
:107AA00080460F460BD92B492B4A2C4840F25313E2
:107AB00018F011F840F25311274818F003F828483D
:107AC00018F008FA064660B300252846BDE8F0879E
:107AD000237B8BB12368DB680BB120469847636832
:107AE000204683F806A0FFF763FFB0B9636804225D
:107AF0001968204618F00EFA013610344C4514D996
:107B00001849154A154840F25F1317F0E4FF16486C
:107B100017F0E1FF40F25F11CEE70AFA06F31D43CA
:107B2000EAE705464FF0010AE8E7D1D3B8F1000FC4
:107B3000CBD0002DC8D02846FFF754FF0546002FB4
:107B4000F7D000214FF4A47013F088FFF1E700BFD5
:107B5000744C05008076050053760500F55D050040
:107B600098310020B0760500D1760500844C0500E0
:107B7000014811F0FBBF00BFB40A0020014B53F8CD
:107B8000200070477052050008B5034608462BB127
:107B9000044A136000F0A2FD002008BD6FF015003C
:107BA000FBE700BFA803002010B5044C237813B9ED
:107BB000034811F0DBFF0123237010BD6941002051
:107BC000B40A002010B504460B4818F083F95CB1E4
:107BD000BFF35B8F094B53E8001F013943E80012E4
:107BE000002AF8D1BFF35B8F054814F09DFE0548CD
:107BF000BDE8104011F0BABF903100209431002050
:107C0000D01E0020B40A0020064BBFF35B8F002279
:107C100053E8000F43E800210029F9D1BFF35B8F3F
:107C2000704700BF9031002070B5FFF7EDFF114C99
:107C3000114E0546B4421AD91049114A114840F272
:107C4000162317F048FF104817F045FF0C4840F284
:107C5000162117F037FF2046FFF792FE28B1236860
:107C60005B6813B12946204698471034E2E7F2D307
:107C700070BD00BF744C0500844C0500B076050053
:107C800053760500F55D0500D176050010B5044C6E
:107C900004492046FEF7DEFF034B1C6010BD00BF09
:107CA0003C0900205C52050084310020154A16482A
:107CB000002310B51370154A1360154A4FF40041A4
:107CC0001360FFF761FFFFF7E1FF124B12491846FF
:107CD0008B4215D91149124A124840F22B1317F062
:107CE000FAFE114817F0F7FE0D4840F22B1117F07D
:107CF000E9FE1A1A5C681211013222711033E7E7AB
:107D0000F7D310BD6A410020D1FE0400903100205D
:107D100094310020744C0500844C0500B0760500B9
:107D200053760500F55D0500D17605000146002279
:107D300001480023FEF7C0BF3C0900200148FFF7BF
:107D4000D7B800BF3C090020024B01461868FFF776
:107D500061B900BF843100200148FFF7CDB900BFF1
:107D60003C09002070B5334B1B78002B5FD0FFF728
:107D7000E5FF0446002846D12F4B304D1B68002BF1
:107D800019DD1CF072F94FF47A76A0FB063206FB7F
:107D90000121D5E90020DB0B43EA41439B1A4FEA5E
:107DA000D13140F2E93261EB0001934271F10001FF
:107DB00001D3FFF739FFD5E9003213F57A7342F1A9
:107DC0000002C5E9003294B3BDE87040FFF7C4BFBC
:107DD0002846FFF7D5FD20B12B6821461B682846B1
:107DE00098471035B54211D91549164A164840F240
:107DF0000A2317F070FE154817F06DFE114840F287
:107E00000A2117F05FFE124D124EEBE7E0D3204639
:107E1000FFF79AFFBFF35B8F0F4B53E8001F013949
:107E200043E80012002AF8D1BFF35B8FA4E70020DB
:107E300070BD00BF6941002090310020C81E0020A5
:107E4000B076050053760500F55D0500D176050096
:107E5000744C0500844C05009431002070B5154D1C
:107E6000297831BB0120FFF713FE134C134EB442A7
:107E700018D91349134A144840F2CF1317F02BFEB8
:107E8000124817F028FE0F4840F2CF1117F01AFEE3
:107E90002046FFF775FD18B1236820469B68984778
:107EA0001034E4E7F4D3FFF75DFF0028FBD1012392
:107EB0002B7070BD6A410020744C0500844C050095
:107EC000B076050053760500F55D0500D176050016
:107ED0002DE9F843374F384BFB1A1B090AD13749B4
:107EE000374A38484FF46F7317F0F5FD4FF46F7150
:107EF000334819E000210846FFF7CAFD0446A8B13F
:107F000040F267684FF000092F4B1B789BB92F494F
:107F10002F4A2C4840F2463317F0DDFD2D4817F06C
:107F2000DAFD2B4840F2463117F0CCFD4FF0FF3818
:107F30004FF0FF39E8E701F039FB274B274A1B5880
:107F4000136033B1264B1B68092B02DD254811F065
:107F50000DFE002544B12046FFF744FD044618B944
:107F60004FF0FF384FF0FF39FFF7FCFE064628B907
:107F700035B91C4842464B4611F076FE3546E9E7D6
:107F80000D4D08E0F5D22B689B691BB1002211460C
:107F9000284698471035BD42F4D91349084A094884
:107FA0004FF46C7317F097FD104817F094FD4FF4E1
:107FB0006C719DE7844C0500744C0500F07605005B
:107FC00053760500F55D0500FA4200208D7305002B
:107FD00062730500A0730500080000008C310020CA
:107FE00094310020B40A0020B0760500D176050057
:107FF00013B52C4817F06EFF2B4B1B78002B35D098
:10800000EFF31184402383F31288BFF36F8F274867
:1080100014F098F868B9264A26492748842317F0AF
:108020005AFD2249254817F056FD8421204817F0B3
:1080300049FD1E4814F0AAF8FFF794FE1B4814F0FF
:108040008FF868B91A4A1E491B484FF4997317F004
:1080500042FD16491B4817F03EFD4FF49971E5E7C4
:1080600084F31188BFF36F8F02B010BD164B1B68ED
:10807000002BF9D050B900220023CDE9002313488A
:108080004FF40042002314F0E1FBEDE70928EBD1A7
:108090000E4814F049FC0E4802B0BDE8104011F043
:1080A00065BD00BF943100206A4100208831002066
:1080B000F17305001E740500F55D050033740500BD
:1080C00049740500607405008C310020D01E00202A
:1080D000B40A002010B5064B1B6804469847214699
:1080E000A0600448FEF7ACFEBDE81040FFF780BF7B
:1080F000A80300203C090020044A054B9B1AB1EB61
:10810000D30F34BF52F83100002070471C4B0500DC
:10811000744C05002DE9F04F8FB004AFC1F34A262F
:10812000B8600D4690467B600C0D002E66D04FF077
:1081300000090A234FF0040B07F1140AFE60C7E997
:108140000799C7F824900093CDF808B0CDF804A0A3
:1081500007F11C03F9684A464046FEF71DFBB0F5DF
:10816000006F03461CD36C468AB0D8F8041004ABE9
:108170002B48C3E9050140F2FF71D9611A464FF45B
:1081800000711984274B42F8103F27484B464FF4A3
:108190001251FFF7BFFFA5462C37BD46BDE8F08F53
:1081A000C0F30A0604F11700184420F00700800805
:1081B0003B60FFF7BBFD66F35325044630B33B68D5
:1081C0001A4A00F11001C7E90839F961CDE901AB9C
:1081D0000A230093F96807F11C034046FEF7DCFA16
:1081E000002813DA12491348134A40F2491317F0D2
:1081F00072FC114840F2491117F064FC04F11700B9
:1082000020F007008008FFF791FD044666F3532530
:108210007B68B9682A46204617F09CFEBCE700BF81
:108220001977050004000001DC4B050027FF04005E
:1082300085770500F55D0500587705002DE9F04FBD
:1082400087B0DDE9127ADDE9106B054688461446F1
:1082500099462FB3CDF800A03B465A461021002086
:10826000CDF814A0FEF7B8F800280BDA2749284A01
:1082700028484FF4B47317F02EFC4FF4B47124481F
:1082800017F020FCB0F5006F01460BD3224A2348BB
:1082900040F2FF73022107B0BDE8F04F17F0B3BE04
:1082A0003946384604F0070305F00704E40044EAC1
:1082B000831444EA402444EA065406F117000844B3
:1082C00020F0070080080391FFF730FD0546A0B1BC
:1082D0009FB10399CDF800A03B465A461030FEF7F7
:1082E0007BF8002809DA0949094A0A4840F28D1347
:1082F00017F0F1FB40F28D11C1E74B462246414693
:10830000284607B0BDE8F04F17F024BE847705007B
:1083100058770500F55D05008E770500DC4B0500FC
:10832000406820B1034BC01A40F3CF0070474FF0B4
:10833000FF3070471C4B05000EB403B503AB01467C
:1083400053F8042B0448019301F050FB02B05DF890
:1083500004EB03B0704700BF79830300CA0605D45D
:108360008B064CBF02490349FFF7E6BF704700BFC9
:10837000E4BA0500C677050038B54B681A68CB68C3
:108380009A4205460C4602D1084617F060FE636823
:10839000BFF35B8F53E8002F511C43E80010002807
:1083A000F8D1BFF35B8FA3689D5463681A68E368D4
:1083B0009A4209D905490648064A722317F08BFBF1
:1083C0000448722117F07EFB002038BDF8770500C5
:1083D000F55D0500C97705002DE9F04F89B0994694
:1083E000159B0693DDE916A39DF85080189F059212
:1083F00004460D460493B8F1000F00F0A180B8F1D7
:10840000040F0BD98749884A88484FF4157317F031
:1084100062FB4FF41571844817F054FB07F4807326
:10842000079317F075FD07F0020B0246002856D09F
:108430007F492046FFF780FF0646BBF1000F08D0BA
:1084400017F0440F4DD17B492A462046FFF774FFB1
:10845000064407F0010353B1774B784953F82820BD
:10846000774B2046002A08BF1A46FFF765FF07F43E
:108470008073002B07F0080318BF4FF00009002B92
:108480005BD0704B704953F828202046FFF754FF0B
:108490000546059B2BB16D491A462046FFF74CFF58
:1084A0000544B9F1000F05D069494A462046FFF757
:1084B00043FF054467483544069B002B47D0664977
:1084C000224617F0A0FA002841DA6449564A574874
:1084D00040F2B12317F0FFFA40F2B1219BE70646C4
:1084E000ABE75F4B18680028B2D05E4B4FF47A7B45
:1084F0001B68B5FBF3F54FF46163B5FBF0F100FBCE
:1085000011550BFB05F54FF03C0CB1FBF3F203FBEF
:108510001211B5FBF0FEB1FBFCF300FB1E550CFB8A
:1085200013110BFB05F50091B5FBF0F54E49CDE9B4
:1085300001E52046FFF700FF8AE707F00805A8E7F6
:10854000B9F1010F0CBF434848484546B4E7049BC6
:10855000002B52D0049B102B28BF102339462046F5
:108560009946FFF7FBFE0026B54218DC002633468D
:108570001AF803203E492046FFF7DEFE0136102E92
:1085800013D0710703D13B492046FFF7D5FE4E4576
:108590003346EDD338492046FFF7CEFEEEE73549A6
:1085A0002046FFF7C9FE0136DEE7344920460026A3
:1085B000FFF7C2FE33461AF803203149A2F1200327
:1085C0005F2B28BF2E222046FFF7B6FE0136102E65
:1085D0000DD0720703D127492046FFF7ADFE4E4567
:1085E0003346E8D323492046FFF7A6FEEEE7049B77
:1085F000B3EB0903CA440493ACD1B8F1000F0AD01D
:10860000FB0704D50E4A0D492046FFF795FE394673
:108610002046FFF7A3FE204609B0BDE8F04F17F053
:1086200016BD00BF2D780500C9770500F55D050072
:10863000387805003C78050080520500F28C050072
:1086400028780500945205006178050067780500D8
:108650006B78050079830300ED99030070780500BD
:10866000A03100209C3100204578050069000500FC
:1086700079780500817805007F780500837805000A
:108680008578050073B542F20F738B4228BF0B4605
:1086900005680F4A04460521684615F0D1FF636856
:1086A0000C495B6806460B22284617F0C2FC63683B
:1086B0003246694628465B6817F0BBFC636806498A
:1086C0005B681B22284617F0B4FC02B070BD00BFE7
:1086D0001264050084C5050068C50500074A00212D
:1086E0000123904206D8064A01B901231360054BC5
:1086F0001860704740085B000121F2E740420F001C
:108700009C310020A0310020F8B5074F0D460446EB
:108710004618B44201D12846F8BD14F8011BBB68C5
:1087200001485B689847F4E7D446050010B54368F4
:108730001C6809481BF014FB48B908490848094A55
:10874000992317F0C8F90748992117F0BBF9236856
:108750005B685C6010BD00BFD4460500E67805008C
:10876000F55D0500A8780500014B03600020704707
:10877000DC52050007B51B491B4817F0CDFE70BB46
:108780001A49194817F0C8FE48BB1949164817F08E
:10879000C3FE20BB1749144817F0BEFEF8B90146C6
:1087A000154A114818F09FF9C8B9024613490E48F6
:1087B000012318F069FA90B90123009301460223BE
:1087C0000948EF2217F0B1FD48B9074817F0D7FD67
:1087D00028B9054803B05DF804EB17F000BE03B0FC
:1087E0005DF804FB28040020600C00201004002029
:1087F000F8030020E0030020B40300201A790500EC
:1088000010B5DFF824C086B04FF42814CDE904C4B5
:108810000824029404AC0194BDF82040009419F09F
:10882000ADFD06B010BD00BF1800280008B5044813
:1088300017F03BF9034817F038F9002008BD00BFD6
:108840003379050068790500014814F0ADBA00BF1E
:108850006853050038B5044618B90F4B0F485B68DC
:1088600098476168B1F5683F10D0B1F5680F0DD039
:108870000B4DA9420AD011F46861206807D0014667
:10888000084810F09FFB00232360656038BD142268
:108890001BF097FCF9E700BFD00700209579050091
:1088A0002C5F5CA9C836002008B520B34368B3F537
:1088B000683F10D101220368BFF35B8F53E8001FAC
:1088C000002903D143E800200028F7D1BFF35B8FD4
:1088D0000DD1002008BD094A93420AD000684FF02C
:1088E000FF324FF0FF3310F03FFE0028F1D0044874
:1088F000F0E70448EEE76FF4E040EBE72C5F5CA99B
:10890000E98FFFFFEA8FFFFF08B5D8B14368B3F5E1
:10891000683F10D100220368BFF35B8F53E8001F4C
:10892000012903D143E800200028F7D1BFF35B8F72
:108930000BD1002008BD074A934208D0006810F010
:10894000DBFEF6E76FF4E040F4E70348F2E70348A4
:10895000F0E700BF2C5F5CA9E98FFFFFEA8FFFFF04
:1089600010B5044618B91D4B1D485B6898476368ED
:10897000B3F5683F2FD0B3F5680F2CD0194A934256
:1089800019D1236803BB18484FF0FF324FF0FF3373
:10899000214610F08BFA08B923681BB90F4B134816
:1089A0005B6898472068142200211BF00AFC4FF4F2
:1089B0006863636008E0B3F5680F0DD83A2B03D005
:1089C00040F6BA629342DED120681BF026FA636853
:1089D00043F03A03636010BD054AF3E7D007002077
:1089E000957905002C5F5CA9C8360020BB7905008D
:1089F0003A00003A08B506490648402314221BF005
:108A0000EFF9BDE808400449044814F05DBC00BF1C
:108A1000C8310020C836002070530500845305007B
:108A200008B50348034A0021121A17F0C9FB08BD14
:108A3000F80C0020004300200748084A084908B500
:108A4000121A17F0BFFB0748074A0849BDE808405B
:108A5000121A17F0B7BB00BF00000020F80C00206E
:108A6000A0C605000000002000000020A0C60500F0
:108A70002DE9F84F804600AF0C46002965D0E94645
:108A80008AB0D1E90012A3686D4639486E464FF0AE
:108A9000050ACDE90501CDE9072346F810AF3548B1
:108AA000324600234FF42151FFF734FBCD46D4E981
:108AB00003126369AD463048C5F810A0C5E9050149
:108AC000C5E907232B48002332464FF42151FFF715
:108AD00021FBCD46E369294A2648DFF8B0B00121E1
:108AE00017F091FA264600254FF00A0AE9468EB0A3
:108AF000D6E908C0D6E90A136A46CDF81CC005F1CC
:108B0000010CCDE908C0A81CCDE90A01E91CCDE99A
:108B100005B5CDE90C1342F810AF1648002345F215
:108B200040010435FFF7F6FA102DCD4606F1100688
:108B3000DCD1236E124A0F48012117F064FAA369B1
:108B4000104A0C48012117F05EFAB8F1010F07D165
:108B5000EFF305830C4A0748103B414617F053FAE0
:108B6000214640460FF052FEBD46BDE8F88F00BFDB
:108B7000E87905002C4C0500177A0500467A0500B7
:108B8000987A0500A77A0500D57A0500557A050080
:108B900030BFFFF7FDBF00BF2DE9F0410B4EDFF8FE
:108BA000348006EB0807CC1B0546324608492046B0
:108BB0001BF0E0FAA01942460021083C1BF001FB23
:108BC000AC6707F10800BDE8F08100BF00000000BD
:108BD000844C05000800000010B5204C20492148B5
:108BE00017F0FDFAA36A990136D51E481E4917F001
:108BF000F6FA1E20A36ADA0104D51A481B4917F0B9
:108C0000EEFA1F20154CA36A1B0304D5154818491A
:108C100017F0E5FA2120A36A590304D51148154934
:108C200017F0DDFA22200D4CA36A9A0304D50D48F3
:108C3000114917F0D4FA2320A36ADB0304D50948AD
:108C40000E4917F0CCFA2420044A936A6FEA0343D2
:108C50006FEA1343936210BD1D20CBE700ED00E0E7
:108C6000E87A05002C4C0500007B0500137B05000D
:108C70002D7B05004B7B0500707B05008A7B050082
:108C800070B506460D46284C2849294817F0A7FA22
:108C9000A36AD9043CD52648264917F0A0FA172024
:108CA000A36A1A0504D52248234917F098FA182018
:108CB0001D4CA36A9B0512D51D48204917F08FFA59
:108CC000A36BA26A100409D51D4A1948012117F0A7
:108CD0009AF91EB1A36A23F40043A3621920124C2F
:108CE000A36A590504D51248164917F078FA1A20D4
:108CF000A36ADA050ED50E48134917F070FA1B2047
:108D0000094A936A43F47F43936200232B7070BD3A
:108D10001620C5E7A36A9B04F2D505480B4917F056
:108D20005EFA1C20ECE700BF00ED00E0B57B05001B
:108D30002C4C0500CB7B0500DC7B0500EF7B0500A0
:108D4000087C05001D7C0500387C0500507C050072
:108D50002DE9F8438046894617463E4D3E493F4837
:108D600017F03DFAAB6ADA0627D53D493B4817F0C4
:108D700036FA1124AB6A1B0704D53A49374817F075
:108D80002EFA1224334DAB6A9E0718D53649334864
:108D900017F025FA6E6BAB6A1C0646D5334A2F488E
:108DA0003346012117F02FF9B9F1000F03D0AB6A58
:108DB00023F08003AB62132403E01024DAE76FF0A2
:108DC0001506244DAB6AD80704D52949234817F066
:108DD00006FA1424AB6A990604D526491F4817F0F1
:108DE000FEF915241B4DAB6ADA0602D4AB6A9B0769
:108DF0000AD56B68180507D54146304600F0D8FA09
:108E0000B0B180F309880224124B9A6A920642BFDD
:108E10005A6A22F400525A629A6A42F0FF029A6237
:108E200000233B702046BDE8F8836FF01506C2E7CB
:108E3000AB6AD906E8D51049104A114840F2271309
:108E400016F049FE0F4816F046FE0C4840F2271176
:108E500016F038FE00ED00E07F7C05002C4C05008C
:108E6000957C0500DC7B0500C87C0500E07C0500E6
:108E7000F67C0500507C0500477D0500157D05004A
:108E8000F55D0500917D0500F0B5784B9DB0054678
:108E9000586800AFC0F30803002686F31188BFF3BB
:108EA0006F8F02F07F44B4F17F4F07D102F00C04C2
:108EB000082C12D16E496F4817F091F96E496F4A2C
:108EC0006F4840F21B4316F006FE6E4816F003FE94
:108ED00040F21B41694816F0F5FD14074CBF0D46E2
:108EE0000126002DEAD00022FA71DA1E092A00F2CA
:108EF0009D80DFE802F0059396769B9B9B9B9B9958
:108F000061495C48594C17F06AF90023FB71E36A28
:108F10009A0705D55D49574817F061F900242DE0FF
:108F2000E36A002B01DA5A49F5E7E36A5B0068D58A
:108F30005849504817F053F96369AA6943F480739C
:108F40006361BFF34F8FBFF36F8F32F8023C6269EA
:108F500022F480726261BFF34F8FBFF36F8F03F40F
:108F60007F42B2F55F4F24D1DBB2022B21D12B68B7
:108F7000494A4048012117F046F82C68FB79ABB903
:108F80006822294607F108001BF0F4F87B6A002EDE
:108F900069D0C3F3080222B96FEA53236FEA43236F
:108FA0007B6207F108012046FFF762FD7437BD467A
:108FB000F0BD2E4B9A6AD2B232B1FA1D0121284679
:108FC000FFF7C6FE0446D9E79A6A12F47F4F04D031
:108FD000F91D0120FFF754FEF4E79B6AB3F5803FCB
:108FE00002D3FFF7F9FDEDE72C49244A244840F26B
:108FF000ED2316F070FD2A4816F06DFD40F2ED21CC
:1090000068E726491D4A1E484FF43C7316F063FD7D
:10901000244816F060FD4FF43C715BE7FA1D002117
:10902000CDE7F91D0020D5E71F4974E71F4A204905
:1090300010F4F87F6C468AB018BF11466A46103BA0
:1090400007931C484FF40073ADF820301A4BCDE95C
:10905000050142F8103F074800234FF41151FFF774
:1090600059F8A5465AE76FF3080399E700ED00E0C9
:10907000E27D05002C4C05000D7E0500157D0500E8
:10908000F55D0500207E05005E7E0500757E05000D
:10909000967E0500A47E0500C37E0500B0B80500DD
:1090A000DF7E0500037F0500337F0500C97D0500D5
:1090B000B47D0500577F050004000001044B5A6988
:1090C00042F010025A615A6922F008025A61704750
:1090D00000ED00E0EFF30880EFF3098101B572467F
:1090E000FFF7D2FE01BD00BF002080F31488BFF35C
:1090F0006F8F0F4880F308880CF094FF00200D4913
:109100000860BFF34F8F00F02BF8402080F31188E8
:1091100009484FF40861401880F30988EFF3148080
:109120000221084380F31488BFF36F8F00F0D0F85A
:109130008071002094ED00E0005F00200749D1F825
:1091400090200023C2F307221846934200DB7047A9
:10915000C1F89830C1F8A0000133F6E700ED00E057
:1091600008B572B6002383F31388FFF7E7FF144BAB
:109170004FF0FF32C3F88020C3F88420C3F8882062
:10918000C3F88C20C3F89020C3F89420C3F898202B
:10919000C3F89C20C3F88021C3F88421C3F8882138
:1091A000C3F88C21C3F89021C3F89421C3F8982107
:1091B000C3F89C2162B6BFF34F8FBFF36F8F08BD1A
:1091C00000E100E01EF0040F0CBFEFF30880EFF3A6
:1091D0000980816911F8021C0229FFD001B572468D
:1091E00016F0F2FF01BD00BF40B2002807DB044AC1
:1091F0004109012300F01F00834042F821307047ED
:1092000000E100E040B200280CDB4309064900F011
:109210001F0020330122824041F82320BFF34F8FEB
:10922000BFF36F8F704700BF00E100E0054B4209BC
:1092300000F01F0053F82220012303FA00F0104031
:10924000704700BF00E100E038B5D30704460D4683
:1092500012D48B1C072B10D9114A124912486B23C8
:1092600016F039FC114829460623224616F033FC35
:109270000B486B2116F026FC002360B20028ACBF1F
:1092800000F160400A4A4FEA4313B8BF00F00F00F4
:10929000DBB2AABF00F56140135480F8003338BD3B
:1092A0006A7F0500A17F0500F55D0500BC7F050014
:1092B00014ED00E0044B054A23F07F039360BFF3F5
:1092C0004F8FBFF36F8F70470070020000ED00E01A
:1092D00008B5FFF7EFFF104BD3F8882022F4700297
:1092E000C3F88820D3F8882042F4A002C3F888206D
:1092F0004FF04042C3F83422BFF34F8FBFF36F8F5C
:109300000023E1EE103AFFF78BFBFFF795FB00F02F
:109310002FF90FF0D7FB00BF00ED00E04FF47D41C7
:10932000C0F8C41042F8203C009B42F81C3C0A499B
:10933000019B42F8183C029B42F8143C21F00101C9
:109340004FF0807342F8043C42F8081C0023203A96
:109350000265C367704700BFE96B0300838913F0A0
:10936000020F124B03D190F8C520D20611D45A6BCC
:1093700042F080425A63D0F8C43019075CBF43F012
:109380000803C0F8C430838943F00203838180203E
:1093900070475A6B22F080425A63D0F8C4301A07E3
:1093A00044BF23F00803C0F8C430F0E700EF00E04A
:1093B000094A0346906870B113F1160F806E05D00C
:1093C000A0F18002934205D3834203D2814228BF99
:1093D0000020704700207047783D0020104B9B68AC
:1093E00083421AD1EFF30580B8B9EFF3118140221F
:1093F00082F31288BFF36F8F9A8922F002029A815A
:10940000EFF3148323F0040383F31488BFF36F8F07
:1094100081F31188BFF36F8F70476FF015007047AD
:10942000783D002008B515460E460022E1EE102AD0
:10943000EFF3148222F0040282F31488BFF36F8FDB
:10944000BFF36F8F0B4A0C4B9060826F1A6000F075
:10945000BFF82C4686F309880020044B9847204625
:10946000002100220023024C20470000F3010500E8
:10947000E96B0300783D0020E8360020014B102204
:109480001A61704700ED00E0054B9A699B689A42AB
:109490001FBF044A536843F080535360704700BFB6
:1094A000783D002000ED00E0084B9B6883420BD123
:1094B000EFF3058343B1064B5A6842F080525A607D
:1094C0005A6A22F400425A6212F058BB783D0020DA
:1094D00000ED00E023498A6882F8C5E04FF03000D3
:1094E0001044EFF3098C80E8F01F1EF0100F03D139
:1094F00002F1840080EC108A402080F31288BFF3D0
:109500006F8F194F4FF000668A698A603E60906FD6
:10951000164C206092F9C5E0D06F0023D36780F32A
:1095200011881EF0100F03D00023E1EE103A03E083
:1095300002F1840090EC108AEFF3148323F004030B
:1095400083F31488BFF36F8F04B5104600F040F822
:10955000BDE8044002F1300090E8F01F8CF3098868
:1095600070470000783D002004ED00E0E836002060
:10957000044800234021C2180133302B82F8001325
:10958000F9D1704700E100E008B5EFF30583064A22
:10959000103B02EBC30152F8330049688847BDE82D
:1095A0000840FFF771BF00BF084805000148006888
:1095B00070470000E8360020024B034A03480121AF
:1095C00000F090B800000420000000209453050033
:1095D00010B50446FFF7C2FEA26E03460548D21A34
:1095E000C0E90023044B8360BDE81040012100F076
:1095F0009FB800BFEC36002000000B1508B50346ED
:109600001048D0F89020C2F30722013A934207D9BC
:109610000D480E4A012116F0F6FC6FF0150008BD4A
:10962000C0F898300A6822F01F021A4342F0100274
:10963000C0F89C208A6842F00102C0F8A0201846B9
:10964000EDE700BF00ED00E0044C050000800500E0
:10965000F0B50E4685B01F4604460025B5420DDA2A
:10966000606810B397B1431E18420AD0104A1148DF
:109670002B46012116F0C7FC6FF01502104605B00D
:10968000F0BD7F28F2D921680B42EFD12368019306
:1096900016F0D2FDA36801A90343D0B20393FFF7EC
:1096A000ADFF10F1160FE7D0421C01350C34D5E7A1
:1096B00026800500044C0500044B0522C3F89420C5
:1096C000BFF34F8FBFF36F8F704700BF00ED00E017
:1096D000BFF35F8F024B0022C3F89420704700BF96
:1096E00000ED00E038B50D4D01232A780C46FFF758
:1096F000AFFF287016300FD1094A0A490A4840F2D4
:10970000891316F0E8F90948214616F0E4F90448EF
:1097100040F2891116F0D6F938BD00BF6C41002027
:109720004C800500B0B80500F55D05007B800500A4
:1097300010B5144A002312780C46FFF789FF10F188
:10974000160F08D0104A0021D2F89030C3F3072337
:10975000984210DB10BD0D4A0D490E484FF4D473EA
:1097600016F0B9F90C48214616F0B5F907484FF440
:10977000D47116F0A7F9C2F89800C2F8A010013011
:10978000E2E700BF6C41002000ED00E04C800500E6
:10979000B0B80500F55D0500A78005002DE9F04F84
:1097A000834C8449D4F890300D68C3F307239D425D
:1097B00085B013D9804A8149814840F2022316F0CE
:1097C0008AF9D4F890207F482946C2F3072216F080
:1097D00082F940F20221784816F074F9FFF778FF19
:1097E00049680022954201F10C012DD1764F774C4A
:1097F0003D706846FEF7B8FF754D764E81464FF0D6
:109800000008C14533D13B7869490020D1F8902048
:10981000C2F307229342C0F2C180FFF74DFFD1F897
:10982000903003F47F43B3F5006F00F0BD806A49C8
:10983000614A634840F27D2316F04DF9674816F0FF
:109840004AF940F27D21C6E7C4F8982051F80C3C53
:1098500023F01F03134343F01003C4F89C3051F866
:10986000043C43F00103C4F8A0300132BAE7009A87
:1098700002EB08134FEA0811D3F80CA00AEA04001F
:10988000B0F5000F66D00BD8B0F5001F3CD0B0F596
:10989000800F52D0B0F5801F16D008F10108B0E754
:1098A000B0F1007F61D0B0F1805F69D0B0F1807F0E
:1098B000F3D19868D3F804A0525816F0BDFCCDE956
:1098C00001A240F088700BE09868D3F804A05258C9
:1098D00016F0B2FCCDE901A240F0885040F43020EF
:1098E0000390387801A9FFF789FE002852DA33493E
:1098F000314A334840F2352316F0EDF8384816F077
:10990000EAF840F2352166E79868D3F804B0525877
:1099100016F092FC1AF0010F40EA0600CDE901B200
:109920000390DED02F49244A2548842316F0D3F82B
:109930002D4816F0D0F884214DE79868D3F804A09C
:10994000525816F079FC40F0C060CDE901A240F415
:109950000030C5E79868D3F804A0525816F06CFCA4
:10996000CDE901A240F08270BAE79868D3F804A06C
:10997000525816F061FCCDE901A240F48020AFE717
:109980009868D3F804A0525816F056FCCDE901A20D
:109990002843A5E73B7801333B707EE7C1F8983058
:1099A000C1F8A000013331E7002005B0BDE8F08F19
:1099B00000ED00E0A05305004C800500B0B80500A4
:1099C000F55D0500D48005006C4100200000F0FF2B
:1099D000000002110000081187810500D7810500F1
:1099E0005D810500088105002E810500F0B587B076
:1099F00007460E4614460021102268461D461AF0FE
:109A0000E0FB02238DF802302A46054B01932146E4
:109A10006846CDE9047614F0CDFE07B0F0BD00BF76
:109A20005902050008B5024B1B689847002008BD85
:109A3000F8360020034B044A1860937843F0020381
:109A400093707047F83600207804002008B5064966
:109A5000064821F00701C1F1005202F58022FCF70F
:109A600029FC002008BD00BFA7990020FC3600207B
:109A700070B54169867A0B4D044659B1437ADB07CC
:109A800006D42C2303FB06535B6A1B689B6898472C
:109A9000002363612C20214600FB0650BDE8704086
:109AA0001AF0E2B9000B0020024B2C2202FB00301E
:109AB000704700BF000B0020827A064B2C2101FB6F
:109AC00002339A6A1B7F1B33801A23F00303B0FB17
:109AD000F3F07047000B002038B5074B827A2C2436
:109AE00004FB02335B6AD3E901240C601568FFF7BD
:109AF000E3FF04FB005038BD000B002008B54368AD
:109B00004BB107490748084A5A2315F0E4FF0648B5
:109B10005A2115F0D7FF03824369C36008BD00BF17
:109B20002C820500F55D0500078205002DE9FF4741
:109B300005466846039117461C461AF098FADDE977
:109B4000008955B95C495D4A5D4840F2011315F042
:109B5000C2FF40F20111594818E005F11406EFF375
:109B6000118A402383F31288BFF36F8F304612F0BF
:109B7000E9FA68B9534A54495148842315F0ABFFB8
:109B80003146524815F0A7FF84214E4815F09AFF40
:109B9000304612F0FBFA6B8B002B5AD02A8B9A427C
:109BA00039D90022002328460FF056FF044600282A
:109BB00031D0304612F0D4FA68B9424A444940489C
:109BC0004FF4997315F087FF3146424815F083FF33
:109BD0004FF49971D9E78AF31188BFF36F8F039D12
:109BE000002D59D042464B4668461AF065FAA27AD3
:109BF000394B2C2101FB023320465B6A1B6803A909
:109C00001E68DDE90023B0476061002837D1204697
:109C1000FFF72EFF2EE06C8B631E6B83304612F035
:109C20009FFA0028C9D08AF31188BFF36F8F2B7F6A
:109C30002A8B1B33121BAC6A23F0030302FB034481
:109C4000254B264AEB1A9B105343A3722B7FE372DA
:109C5000C5E7304612F084FA0028AED08AF31188A6
:109C6000BFF36F8F23463A4628460FF0F5FE0446B1
:109C70000028B4D10024204604B0BDE8F087039B3F
:109C80009D420BD916490D4A0D484FF4AB7315F0A0
:109C900022FF4FF4AB715EE765612B460021012284
:109CA00022816160E27A638204F118001AF089FA75
:109CB0002046FFF723FFDEE71C9D05000782050015
:109CC000F55D0500F17305001E7405003374050091
:109CD0004974050060740500000B0020A38B2EBAA8
:109CE0004682050070B50C46054658B92849294AF0
:109CF000294840F29D1315F0EEFE40F29D112548D3
:109D000015F0E0FE49B92549224A23484FF4CF73A4
:109D100015F0E1FE4FF4CF71F1E7EFF31186402328
:109D200083F31288BFF36F8F1D4812F00BFA60B9EE
:109D30001C4A1D491848842315F0CDFE18491B48BC
:109D400015F0C9FE84211748DAE7154812F01EFA0B
:109D5000002323606B689BB9C5E90044104812F0EA
:109D6000FFF980B90F4A12490B484FF4997315F067
:109D7000B2FE0B490F4815F0AEFE4FF49971E2E7C1
:109D80001C606C60EAE786F31188BFF36F8F70BDCB
:109D90009699050007820500F55D0500818B050099
:109DA00008370020F17305001E74050033740500A8
:109DB000497405006074050070B5044658B923491C
:109DC0002348244A4FF4D57315F085FE21484FF4FB
:109DD000D57115F077FEEFF31186402383F31288D7
:109DE000BFF36F8F1C4812F0ADF960B91B4A1C49D4
:109DF0001748842315F06FFE17491A4815F06BFEBB
:109E000084211648E5E7144812F0C0F925682DB101
:109E100062682B682360954208BF63600E4812F0A9
:109E20009FF968B90D4A104909484FF4997315F024
:109E300052FE09490D4815F04EFE4FF49971E0E7C6
:109E400086F31188BFF36F8F284670BD9699050081
:109E5000F55D05000782050008370020F173050055
:109E60001E74050033740500497405006074050014
:109E7000F8B5054698B1194E2C272C466D68237A03
:109E8000CBB9174A1749184840F2C11315F023FE01
:109E90002146164815F01FFE40F2C11108E0144992
:109EA0000F4A114840F2BB1315F015FE40F2BB11EA
:109EB0000B4815F007FE013BDBB2237253B9E36098
:109EC0006360A37A07FB036320461B6A1BB19847B4
:109ED000002DD2D1F8BDFFF7CBFDF9E7000B002034
:109EE0000782050057820500F55D050060820500C8
:109EF000818B050008B558B907490848084A4FF44E
:109F0000F37315F0E8FD06484FF4F37115F0DAFD30
:109F1000027A0132027208BD818B0500F55D0500F1
:109F20000782050008B5034658B908490848094A98
:109F300040F2312315F0CFFD064840F2312115F0F3
:109F4000C1FD18465B68002BFBD108BD818B050065
:109F5000F55D05000782050070B50D46044658B949
:109F60000F49104A10484FF40F7315F0B4FD4FF429
:109F70000F710C4815F0A6FD49B90C49094A0A4869
:109F800040F23D2315F0A7FD40F23D21F1E7466880
:109F90001EB10846FFF7C6FF4660656070BD00BF92
:109FA0004D88050007820500F55D050094820500D7
:109FB00038B505460C4659B90C490D480D4A4FF4C1
:109FC000127315F088FD0B484FF4127115F07AFDED
:109FD00020B9BDE838400846FFF78CBFFFF7A2FF65
:109FE0002146FFF7B9FF284638BD00BF948205001F
:109FF000F55D050007820500034610B5084659B90E
:10A000001649174A174840F25D2315F064FD40F2E7
:10A010005D21134815F056FDCBB15A684AB9124973
:10A020000F4A10484FF4187315F055FD4FF418718E
:10A03000EFE78A4209D00D49094A0A4840F26123F4
:10A0400015F049FD40F26121E3E74A685A6044682F
:10A0500000234360FFF70CFF204610BD94820500EB
:10A0600007820500F55D0500758205008382050005
:10A0700008B548B90B490C4A0C482B2315F02BFDA9
:10A080002B21094815F01EFD83883BB10849064A7B
:10A0900006482C2315F01FFD2C21F2E783680B44A2
:10A0A000036008BD818B0500A1820500F55D0500F8
:10A0B000CD82050070B5034605688288DC889E68FD
:10A0C000A818A41AAD1B641BA14209D90649074868
:10A0D000074A3E2315F0FFFC05483E2115F0F2FC2F
:10A0E0000A449A8070BD00BFDC820500F55D050062
:10A0F000A182050008B583888B4209D20749084828
:10A10000084AB02315F0E7FC0648B02115F0DAFC48
:10A110005B1A9BB283800068184408BD0083050069
:10A12000F55D0500A182050008B5034600689A6840
:10A13000821A91420BD9094909480A4A40F255133B
:10A1400015F0C9FC074840F2551115F0BBFC9A8880
:10A15000401A11441860998008BD00BF10830500A3
:10A16000F55D0500A182050008B582888A42034694
:10A170000BD2094909480A4A40F2C31315F0ABFC57
:10A18000074840F2C31115F09DFC521A8280006806
:10A190000844186008BD00BF00830500F55D050098
:10A1A000A182050008B5034600689A888A420BD24E
:10A1B00008490948094A40F2CF1315F08CFC0748BA
:10A1C00040F2CF1115F07EFC521A01449A801960BA
:10A1D00008BD00BF00830500F55D0500A1820500F4
:10A1E0000C4B0122C3F840254FF080434FF08051C3
:10A1F000C3F87825D1F83001082805D1D1F83411F9
:10A20000022908BFC3F838260122C3F880250020A0
:10A21000704700BF00E0014048B1054B054A1B688C
:10A22000B3FBF2F35843044B43F001031847704764
:10A23000BC07002040420F00E04E050008B5054A6B
:10A24000054B136010463F2353600CF00FF80020BD
:10A2500008BD00BF0C370020FFFF010008B506490C
:10A26000064A0748322315F036FC064815F033FC41
:10A270000248322115F026FCB0B8050047830500DE
:10A28000F55D05007F8305002DE9F04190F82C3045
:10A2900003F01F03012B04460F4600F12C062FD0BC
:10A2A000022B18D08BB394F82D10204616F0DAF854
:10A2B000024678B3304616F0BFF91D4D002834D160
:10A2C00013693BB33A463146204698470346FFF7A9
:10A2D0006DF92B5024E0018EC9B216F09BFC0546A7
:10A2E0000028E0D0304616F0A7F902466868836877
:10A2F000CAB99B6873B13A463146BDE8F041184788
:10A30000018EC9B216F076FCE9E790F82D1016F030
:10A31000A4FCE4E7FFF74AF9054B6FF085021A50F9
:10A320000020BDE8F081DB68E4E7D368C9E700BF3F
:10A330000C0000002DE9F04F044693B016460D4680
:10A3400059B9A349A348A44A40F2073315F0C3FB07
:10A35000A14840F2073115F0B5FB0B7E33F08008C1
:10A3600040F0AC847AB10846FFF782FD6B7EDF07D0
:10A3700003D49E0711D52B7E7BB9204613B0BDE8D0
:10A38000F04F16F085B94A7E00F12C09900708D5E8
:10A39000802B0CD12846FFF76BFD404613B0BDE87B
:10A3A000F08F910700F04E84002B40F04B84D207D1
:10A3B0002FD52B8A082B40F01B84EA681368E362D0
:10A3C0005368C9F8043029460020FFF715FE0546FA
:10A3D00010B1FFF74DFDF0E0484616F02DF9628E02
:10A3E00070B9B2B12946A06918F08EFB0146002869
:10A3F00000F05484204613B0BDE8F04F00F0C8BE12
:10A400003AB11146204616F0ACFD0546002800F092
:10A410004584FFF7CBF894F82C80704F002318F098
:10A42000600FC351C8F3411307D0032B40F0C6811E
:10A43000FFF7BCF86FF0850338E0484616F0FCF8EB
:10A4400094F82D30002840F05681013B0A2BEFD8BC
:10A4500001A252F823F000BFE1A5030031A40300DC
:10A460006DA6030031A4030085A4030031A40300FA
:10A4700031A4030031A40300F5A4030031A40300B8
:10A4800057A50300E18D7F29D2D8238E002BCFD191
:10A49000638E002BCCD118F01F0FC9D194F8343043
:10A4A000022B05D1FFF782F84FF0FF333B5076E0E7
:10A4B000A069036993F880301B0707D5C9B216F06D
:10A4C0001DF9804628B1002D6CD166E7012384F880
:10A4D0003D3094F83430012B0AD1E38D43B984F830
:10A4E0003430FFF763F83B58002B00F08E8056E0C5
:10A4F0000123F4E7204615F013FFE28DFF2A014601
:10A5000096D8638E002B93D194F82C30D8068FD137
:10A5100094F83430002BC5D02AB1D2B2204616F0C0
:10A520008FFA0028BED0E18D94F83C308B42D8D011
:10A53000C9B2204616F08BFA80460028C3D1E28DBE
:10A54000002A14BF0223012384F834300521204659
:10A5500016F05DFDC5E708F01F08B8F1010F7FF4A4
:10A5600067AF638E002B7FF463AFE28DFF2A3FF667
:10A570005FAF218EFF293FF65BAF94F83430022B9A
:10A5800090D1D2B2C9B2204616F06EFC10F1020F83
:10A59000804640F01881FFF709F847F8008065B160
:10A5A0004FF000082846FFF763FCB8F1000F7FF476
:10A5B000F4AEFEF7FBFF3B583BB3484616F03CF8C1
:10A5C0000346A069002B00F06C83802172E300BF7A
:10A5D000818B0500F55D0500958305000C000000EA
:10A5E000638E002B7FF424AF94F83430002B3FF4BB
:10A5F00059AF012B218E02D100297FF453AF18F0FF
:10A600001F080CD0B8F1020F16D0638E002B40F05B
:10A61000E282204616F026F80028CED1ADE60029C9
:10A620007FF440AFE38D012BEFD194F8703061F3EC
:10A63000C30384F87030E8E7B4F82EA0BAF1000F35
:10A64000E3D15FFA81F84146204616F0C6FC034686
:10A65000FEF7ACFF3B50013302D14FF0FF3832E739
:10A6600052464146204615F0EDFF3AE7638E002B37
:10A670007FF4DEAEE28D238E022A5FFA83FA11D1D7
:10A6800008F01F085AEA08087FF4D2AEA069012238
:10A69000190A16F010F800287FF4CAAE012384F8D6
:10A6A0003D301EE794F8341000293FF4FBAE012939
:10A6B00002D1002B7FF4F6AE18F01F0811D0B8F1CC
:10A6C000020FA2D1002AA0D15146204616F070FCFC
:10A6D0000346FEF76BFF3B500133BED001225146CB
:10A6E000C0E7002B7FF4DEAE012A8ED194F87030E3
:10A6F00043F008039DE70A2B3FF69AAE01A252F8F9
:10A7000023F000BF31A7030031A4030031A40300EC
:10A7100031A4030031A4030031A40300ABA703005C
:10A7200031A4030053AB030031A403007DAB03004D
:10A73000638E022B7FF47CAE94F83430002B3FF410
:10A74000B1AE012B218E02D100297FF4ABAE18F0FF
:10A750001F0811D0B8F1020F1CD04FF0000805F10E
:10A760000C0A504615F060FF638E984218D2FEF72F
:10A770001DFF6FF00B0399E600297FF493AE94F868
:10A7800070304FEA930808F00208C3F3001348EA58
:10A790000308E4E7C9B2204616F02EFC8046DEE747
:10A7A0004146504615F082FD9BE6B4F82EA018F005
:10A7B0001F0F4FEA1A235FFA8AFA09D0294620466A
:10A7C000FFF762FD8046B8F1000F7FF47CAE88E6AB
:10A7D000013B0E2B3FF62CAE01A252F823F000BF36
:10A7E0001DA803005DA8030007A9030031A403000E
:10A7F00031A40300FFA80300FFA8030031A4030055
:10A8000031A4030031A4030031A4030031A40300E8
:10A8100031A4030031A4030061AA030005F10C0870
:10A82000404615F001FF83462046B4F832A015F0EB
:10A8300077FD20B101287FF4FBADA16F00E0616FCF
:10A84000002900F03F820A78DA4528BFDA465245EF
:10A8500028BF5246404615F016FD42E6204615F048
:10A860005FFD0AF1010201900146D2B2204616F0C6
:10A87000C1F8804600283FF4DBAD05F10C0AD0F8A2
:10A8800004B0504615F0D0FE9BF80020824228BF4D
:10A8900002465946504615F0F6FCD8F80CB0BBF10C
:10A8A000000F09D1298A638E99427FF61AAEC91A20
:10A8B0005046FFF71FFC14E6DBF8040083681B6BAF
:10A8C00013B9DBF800B0EAE7019998470028F8D0FF
:10A8D000A0F1040858F8041F0029F2D00A78002AD1
:10A8E000EFD05046CDE9022115F09EFE029A039961
:10A8F000904238BF82B2504615F0C5FCEAE72046C8
:10A9000015F00EFD94E552460321204615F0EAFDB0
:10A91000834600283FF48CAD15F081FEB4F83280F8
:10A920009BF81530C8B99BF814A08DF828A08DF8B5
:10A930002930DBF8103005F10C0B1B88ADF82A30FC
:10A94000584615F071FED045424628BF5246824215
:10A9500028BF02460AA958467DE7DBF808208DF893
:10A960001530B04B1340B04A4FF0000A93428DF8B7
:10A9700014A051D1102106A818F08EFA031EFFF67C
:10A9800057AD0AAA102BDFF8B8C206A8934628BF15
:10A990001023534502F102022DD89B000233DAB294
:10A9A0008DF8142005F10C0A5046019215F03CFE7A
:10A9B000019A424528BF4246904228BF10460228CD
:10A9C0000246804628BF022205A95046019215F092
:10A9D0005AFC019AA8EB02084FEA5802002393425E
:10A9E00021D118F0010F3FF47CAD1BF80310504645
:10A9F00015F055FC75E510F8011B4FEA111E01F02A
:10AA00000F011CF80EE01CF8011002F802EC02F82D
:10AA1000011C0AF1010ABCE79BF814208DF81420F0
:10AA2000DBF810B0BEE71BF80310A1F120005E2890
:10AA30000DD97E497E4A7F4840F24D2315F04BF8F0
:10AA40007D4815F048F87A4840F24D2183E450469D
:10AA5000CDE9013215F02AFC019B029A0133BEE7D1
:10AA6000204615F05DFC38B101282CD0FEF79EFD84
:10AA70006FF085033B5034E5636F002B00F02281BB
:10AA80005B88B3F5007FF1D96C4B0A9300238DF8F6
:10AA90002C30236D04F1500B9B4508BF0023BDF8FB
:10AAA0002A10A3B15A7D0F2A08D11A7D0A44ADF8A5
:10AAB0002A209DF82C2001328DF82C20626D9342C3
:10AAC00003D01B68EBE7A36FD7E7BDF82A1001910D
:10AAD00005F10C0A504615F0A7FDB4F83280019933
:10AAE000884528BF8846804528BF80464246052ABB
:10AAF00028BF05220AA95046019215F0C4FB019A0D
:10AB0000B8EB02083FF4EDAC236D5B453FF4E9ACD4
:10AB1000002B3FF4E6AC5A7D0F2A14D11A7D196937
:10AB20000193424528BF4246504615F0ACFB019BBD
:10AB30001A7D424594BFA8EB0208A8EB0808B8F1BB
:10AB4000000F3FF4CEAC626D93423FF4CAAC1B6879
:10AB5000DEE794F83430002B3FF4A4AC638E012B75
:10AB60007FF466AC05F10C08404615F05DFD002849
:10AB70003FF4FDAD94F83C10404639E708F01F085B
:10AB8000B8F1010F7FF48EAC204615F047FF002886
:10AB90003FF488ACB4F830A0BAF1FF0F3FF648ACF0
:10ABA00043681B795345FFF443AC5FFA8AF30F2BDC
:10ABB0003FF63EAC638E012B7FF43AAC05F10C08F6
:10ABC000404615F031FD00283FF4D1AD04EB0A03F7
:10ABD00093F83E10D0E7484615F02EFD18B92846E8
:10ABE000FFF746F915E52946204600F0D1FA10B1E5
:10ABF0002846FFF7EEBBA069036993F8801011F0B7
:10AC000004017FF4BAAB17F093FF054600283FF428
:10AC1000D4AC0146204600F0BBFA00283FF4ADABAF
:10AC2000E6E700BF00FF020000030200FE8305000C
:10AC3000C9830500F55D05002B840500050F05009F
:10AC4000C7C5050052077FF5B8AC002B3FF4A2AB97
:10AC50002846FFF70DF994F83D30002B3FF49DABEB
:10AC600094F82D30052B05D1E18DA069C9B215F0FE
:10AC700045FD064694F82D30032B09D1E38D022BB8
:10AC800006D1218EA0690022090A15F014FD06469E
:10AC9000002384F83D30B046FFF77FBB6FF00B0612
:10ACA0008BE4638E002B3FF490AC16F10C0118BFBF
:10ACB0000121C90117F05FFEFFF75FBB6FF00408C9
:10ACC000FFF76BBB6FF01508FFF7FDBB2DE9F041F7
:10ACD0000B78062B0C4640D10369D3F89C6006F133
:10ACE0002805EFF31187402383F31288BFF36F8F9A
:10ACF000284611F027FA68B91C4A1D491D488423CB
:10AD000014F0E9FE29461C4814F0E5FE842117489A
:10AD100014F0D8FE284611F039FA636800221A6050
:10AD2000726A9AB9C6E90833284611F019FA80B94F
:10AD30000E4A12490F484FF4997314F0CCFE29467D
:10AD40000F4814F0C8FE4FF49971E0E71360736286
:10AD5000EAE787F31188BFF36F8F0A482146002284
:10AD6000BDE8F041002319F049B800BFF1730500B8
:10AD70001E740500F55D0500337405004974050077
:10AD800060740500780A00202DE9FF4140264FF04D
:10AD9000FF337B484FF0FF3201A90EF0FBFA039B13
:10ADA0001B69D3F89C40FCB194F87030DF071BD5C9
:10ADB00004F12807236A002B45D0EFF3118886F3AE
:10ADC0001288BFF36F8F384611F0BCF9C8B96D4ACD
:10ADD0006D496E48842314F07EFE39466C4814F0A9
:10ADE0007AFE842167480AE06A496B4A6748DE2395
:10ADF00014F071FE694814F06EFE6748DE2114F00D
:10AE000061FE384611F0C2F9256A2DB1626A2B68DD
:10AE10002362954208BF6362384611F0A1F968B910
:10AE2000584A5F4959484FF4997314F054FE394613
:10AE30005C4814F050FE4FF49971D3E788F3118801
:10AE4000BFF36F8FC5B99DF80430062B9FD0072B39
:10AE50009DD801A252F823F0ADAE0300A1AE0300CD
:10AE6000CDAE0300B3AE0300F1AE0300E7AE0300C6
:10AE70008FAD03007BAF03002B7ED5F81E20294643
:10AE80005D06204609D1FFF755FA0246002891D009
:10AE90000721204616F0BBF88CE700F045F9F4E7EF
:10AEA00000220121204616F0B2F870E70022114678
:10AEB000F8E794F8703043F0040301A984F8703087
:10AEC000204615F043FC00220321EBE794F8703094
:10AED00023F0040301A984F87030204615F036FCF5
:10AEE00000220221DEE701A9204615F02FFC4EE7E3
:10AEF00094F87030A76923F0040384F87030D7F811
:10AF000008803B69BFF35B8FD3F8A030BFF35B8F42
:10AF10009A072FD5D8F83C3038469847D8F82430CF
:10AF2000002138469847D8F84030054638469847BB
:10AF3000ADB92946204615F08AFD054678B9A069C5
:10AF400017F015FE831E5842584194F8703084F86B
:10AF5000345023F0680343EA401384F87030002231
:10AF60000421204616F053F8002D3FF410AF2A4676
:10AF7000072197E74FF0FF35F1E7029A062191E7A5
:10AF8000780A0020F17305001E740500F55D0500C8
:10AF900033740500AB84050075840500E284050068
:10AFA000497405006074050030B589B000220023A3
:10AFB000CDE9062300246FF00703CDE90334CDE982
:10AFC0000144294B294900944FF4806228480FF02E
:10AFD0007DFE2849264818F0CCFF274B27498B4295
:10AFE0001CD92749274A284840F2271314F073FD3B
:10AFF000264814F070FD40F22711224814F062FD3B
:10B0000003F11402BFF35B8F52E8000F42E80045E2
:10B01000002DF9D1BFF35B8F1833E0E7F0D31C4B61
:10B020001C4900208B421AD91B49164A164840F287
:10B030002B1314F050FD154814F04DFD40F22B1168
:10B04000DBE703F11402BFF35B8F52E8004F42E8E5
:10B050000005002DF9D1BFF35B8F1833E2E7F0D381
:10B06000002009B030BD00BF89AD0300804B002037
:10B07000081F002002850500E00C0020F80C0020CD
:10B080000785050075840500F55D0500D17605008E
:10B09000F80C0020F80C00202785050038B5024682
:10B0A00009490546806917F0C8FD044648B985F886
:10B0B0003C00284615F0A1FB044610B1A86917F022
:10B0C000EFFD204638BD00BFCDAC030070B505468E
:10B0D00011B10024204670BD0D4C0E4E08E0F8D290
:10B0E000636828461968F8F7D2FC0028F2D01834B3
:10B0F000B442F4D90849094A0948D42314F0EBFCB6
:10B10000084814F0E8FC0548D42114F0DBFC00BF2B
:10B11000E00C0020F80C002007850500478505009D
:10B12000F55D0500D176050010B559B90B490C48FD
:10B130000C4A40F2073314F0CEFC0A4840F20731C3
:10B1400014F0C0FCD1F81A0083681B6913B1BDE884
:10B15000104018476FF0850010BD00BF818B0500BF
:10B16000F55D05009583050008B506490648074AC0
:10B1700040F2073314F0AFFC044840F2073114F0FA
:10B18000A1FC00BF818B0500F55D050095830500DE
:10B190002DE9F04105460C4609B9FFF7E5FF0B7EA6
:10B1A0005A063BD193B315F0E5F800283AD128466A
:10B1B000D5F87480268A6F8E15F0B2F870B1012828
:10B1C0002AD01A491A4A1B484A2314F084FC1A4808
:10B1D00014F081FC16484A2114F074FC98F80720FA
:10B1E000238A9BB1BE42698E334628BF3B469942B3
:10B1F0000CD9B3FBF2F102FB11333BB994F91830CF
:10B20000002BBEBF637E43F008036376A869214626
:10B21000BDE8F04117F009BC4022E1E76FF01500EE
:10B22000BDE8F0814FF0FF30FAE700BFB0B805008D
:10B230007E850500F55D0500B88505002DE9F04126
:10B240000646EFF31188402484F31288BFF36F8F12
:10B250003C4810F077FF68B93B4A3C493C4884239E
:10B2600014F039FC37493B4814F035FC842136484A
:10B2700014F028FC3348384D10F088FF31482F680F
:10B2800010F06EFF68B9304A344931484FF4997371
:10B2900014F021FC2B49324814F01DFC4FF4997135
:10B2A000E5E788F31188BFF36F8F5FB92D492E4A08
:10B2B0002748422314F00FFC2C4814F00CFC2A48B9
:10B2C0004221D5E77B6893F87030DB0706D430461F
:10B2D0002122BDE8F04100230FF022BBEFF31187DC
:10B2E00084F31288BFF36F8F164810F02BFF0028ED
:10B2F000B2D0144810F04AFF2C682CB16A68236859
:10B300002B60944208BF6B600E4810F029FF0028A4
:10B31000B9D087F31188BFF36F8F44B1606804F12F
:10B320000801C3699847124821460DF04BFE2B686F
:10B3300033B130460022BDE8F04100230FF068BA77
:10B34000BDE8F0811C370020F17305001E74050074
:10B35000F55D0500337405001437002049740500BD
:10B360006074050024860500EF8505003886050019
:10B37000DC0900207FB50646CDE9001230480022E6
:10B38000002303A90DF092FD0446002855D1039B2C
:10B39000DDE900015E60083383E80300EFF3118507
:10B3A000402383F31288BFF36F8F264810F0CAFE44
:10B3B00068B9254A25492648842314F08CFB214985
:10B3C000244814F088FB84211F4814F07BFB1D489F
:10B3D00010F0DCFE039B204A1C60516899B9C2E959
:10B3E0000033184810F0BCFE80B9174A1B491848B2
:10B3F0004FF4997314F06FFB1249194814F06BFB6A
:10B400004FF49971E0E70B605360EAE785F3118828
:10B41000BFF36F8F1348002200230FF0F9F90028C3
:10B420000BDA1149114A0A48332314F054FB10482F
:10B4300014F051FB0D483321C7E704B070BD00BFC5
:10B44000DC0900201C370020F17305001E74050084
:10B45000F55D0500337405001437002049740500BC
:10B460006074050080000020B0B80500EF8505007D
:10B47000548605002DE9F04106690D46174606F190
:10B480009C04EFF31188402383F31288BFF36F8F7E
:10B49000204610F057FE68B9194A1A491A48842301
:10B4A00014F019FB2146194814F015FB84211448A7
:10B4B00014F008FB204610F069FE2946F06B3A466E
:10B4C000FCF7F8F90546204610F04AFE68B90C4A28
:10B4D0000F490D484FF4997314F0FDFA21460D48B9
:10B4E00014F0F9FA4FF49971E1E788F31188BFF38A
:10B4F0006F8F15B1012386F841302846BDE8F081F1
:10B50000F17305001E740500F55D05003374050038
:10B51000497405006074050038B54B7804694568C6
:10B520002069202B08D0222B19D0FEF73FF8114BB1
:10B530006FF085021A5010E0CB88072BF5D1D36845
:10B540001A6842609A8802819B79837215F080FDA7
:10B5500022460821284615F068FD002038BD4B889A
:10B560008381C3F3400203F001030276437622464F
:10B570000921EFE70C00000008B513464A78212A9C
:10B5800014D133B9FEF712F80B4B6FF00B021A50BF
:10B590000AE0CA8801690969072A28BF072204311D
:10B5A00003F10C0014F06FFE002008BDFDF7FEFF54
:10B5B000014B6FF08502EAE70C0000002DE9F34132
:10B5C00005698DF8071005F19C044027EFF31188F9
:10B5D00087F31288BFF36F8F204610F0B3FD68B970
:10B5E000284A29492948842314F075FA2146284815
:10B5F00014F071FA8421234814F064FA204610F004
:10B60000C5FDE86B01220DF10701FCF753F9064671
:10B61000204610F0A5FD68B91A4A1E491B484FF490
:10B62000997314F058FA21461B4814F054FA4FF459
:10B630009971E0E788F31188BFF36F8F012E10D066
:10B6400018F091FCB0B1154BBFF35B8F012253E8AA
:10B65000001F002903D143E800200028F7D1BFF3E1
:10B660005B8F2122002305F148000FF0D1F802B0D2
:10B67000BDE8F081AB7E002BE5D00021212010F049
:10B68000EDF9A3E7F17305001E740500F55D0500F3
:10B6900033740500497405006074050020370020EC
:10B6A00038B505690E49EB6B0024C3E90144DC6041
:10B6B0006B6B05F14800C3E90144DC600EF0F8FF54
:10B6C00005F1780007490EF0ADFD074905F12400AA
:10B6D0000EF0A8FD284615F0BBFC204638BD00BF83
:10B6E000D11105009712050023130500F8B5064691
:10B6F000476800690D46046959B93D493D483E4ACD
:10B7000040F2073314F0E7F93B4840F2073114F0F8
:10B71000D9F90B7E4168896891F83D102AB39942A6
:10B7200004D1042104F1880015F027FD33692A7E35
:10B730005B689B6893F836309A4204D1052104F186
:10B74000880015F01AFD33692A7E5B689B6893F8C0
:10B7500026309A4203D104F18C000EF0FFFA2946FC
:10B760003846BDE8F84015F020BC994214D12A8A29
:10B77000E968606BFCF79EF828B1E3691BB104F13E
:10B7800024000EF077FE04F18800042115F0F5FC8A
:10B7900004F178000EF06EFE33692A7E5B689B68C8
:10B7A00093F836309A4215D1E3691BB104F12400B5
:10B7B0000EF060FE052104F1880015F0DEFCE36B5D
:10B7C0005A89DB889A4205D00022002304F1480000
:10B7D0000FF01EF833692A7E5B689B6893F8263069
:10B7E0009A42BCD104F18C000EF0C0F9B7E700BF5B
:10B7F000818B0500F55D05009583050070B50B781C
:10B8000092B006460C4607AD032B31D8DFE803F0B3
:10B81000022A2C2E19492846F8F743F90595637832
:10B820000493A3780393E3780293237901936379D4
:10B830000093A379124A1E210AA812F001FF10AD4D
:10B840000AAB32461C4603CCAC4210605160234622
:10B8500002F10802F6D120681060A3889380304678
:10B8600012B070BD0749D6E70749D4E70749D2E7C8
:10B87000074A0A21284612F0E3FECFE78186050039
:10B88000A3860500888605008F8605009986050039
:10B89000209E05000E4B402970B528BF40210D4C5D
:10B8A00046181D46B04203F1020304D1002305F8F7
:10B8B0001130074870BD02781209A25C03F8022C0F
:10B8C00010F8012B02F00F02A25C03F8012CE9E74B
:10B8D0006D410020F2C50500884208B501F1100352
:10B8E00010D9984213D20E490E4A0F4840F2B323A2
:10B8F00014F0F1F80D4814F0EEF80A4840F2B321C4
:10B9000014F0E0F8EFD000F110029142EAE70138BC
:10B9100013F8012D00F8012F8B42F9D108BD00BFAB
:10B92000F8860500C6860500F55D05004F87050011
:10B9300030B4034608461A78012A11D0022A20D0D2
:10B9400062B9124A02F1100452F8045B41F8045B38
:10B95000A242F9D15B881A0A8270C37030BC70476A
:10B960000A4A02F1100452F8045B41F8045BA24257
:10B97000F9D15B681A0C190E42700170C3F30722EB
:10B98000EAE730BC591CFFF7A7BF00BF03C605009C
:10B9900010B515F01CFE18F0E6FA044608B90FF0D1
:10B9A00011FEBFF35B8F064B1B68BFF35B8F0BB1C0
:10B9B0000A2098471CB9BDE810400FF075BE10BDB5
:10B9C00024370020811EC9B21E2938B5044604D888
:10B9D0001A4820FA01F1C9070CD41949194A1A4822
:10B9E0007A2314F078F8194814F075F815487A217C
:10B9F00014F068F8164814F03BFC0546D0B1082C4A
:10BA00001AD00CD8022C10D0042C15D011490E4895
:10BA1000114A522314F05FF80F485221E8E7102C26
:10BA200001D0202CF2D1052100E0042105F10C0009
:10BA300014F035FC284638BD0221F7E741000040EC
:10BA4000B087050081870500F55D0500F5870500D5
:10BA5000DC0B0020B0B8050015880500054BBFF3CE
:10BA60005B8F53E8002F43E800010029F9D1BFF3B1
:10BA70005B8F7047243700200F2810B50CD80D2895
:10BA80000CD90A4814F0F4FB044618B104210C3018
:10BA900014F005FC204610BD1328F2D009B104486B
:10BAA000F0E7BDE810400220FFF78CBF080C002033
:10BAB000580B002038B50B6805460C464BB90E49AB
:10BAC0000E480F4AFA2314F006F80D48FA2113F035
:10BAD000F9FF4A68DA600B684A895A820868FEF7FB
:10BAE000C7F920461022002118F06BFB2846BDE85C
:10BAF000384015F06CBD00BF47880500F55D0500B6
:10BB0000818705002DE9F84305460C461F46164679
:10BB10004AB92649264A2748D62313F0DCFFD62106
:10BB2000234813F0CFFF38B92349214A2148D723AE
:10BB300013F0D1FFD721F3E7CA684B699A4207D1C6
:10BB40001E491B4A1B48DB2313F0C5FFDB21E7E737
:10BB5000084615F054FD804638B11949144A154875
:10BB6000DD2313F0B8FFDD21DAE701F10C094846C7
:10BB700005F10C0114F080FBE36862692E829B1AC8
:10BB800013FA86F36B8201236B7231464846FEF747
:10BB9000EBFAE3687B60638AC4F80C807B81A4F8CD
:10BBA00012803C602846BDE8F88300BF3083050062
:10BBB00081870500F55D050054880500598805005A
:10BBC00076880500C3681B78024A0348022115F0F5
:10BBD00033BD00BF9E880500644B050038B5C568BD
:10BBE0002B7893B9B5F801400F21204602F0CCFD27
:10BBF000EB78054650B90A4A118831B96FEA04500A
:10BC00006FEA10501080074A137038BD437201214B
:10BC100002F0CAFC2846BDE8384002F02DBC00BF47
:10BC200044410020EE41002070B5C3681D78BDB9C5
:10BC3000B3F801600F21304602F0A6FD044638B982
:10BC4000084A094833460121BDE8704015F0F4BCAC
:10BC5000294602F0A9FC2046BDE8704002F00CBC69
:10BC600070BD00BFC6880500644B050010B5C368F1
:10BC7000B3F801400121204602F086FD38B9064A9A
:10BC8000064823460121BDE8104015F0D5BCBDE8AB
:10BC9000104002F0F1BB00BFEC880500644B0500CA
:10BCA00010B5C3681C880121204602F06DFD38B92B
:10BCB000054A064823460121BDE8104015F0BCBCEA
:10BCC000BDE8104002F0D8BBEC880500644B0500CD
:10BCD00010B501210C30FEF765FA0378034A0448D9
:10BCE000BDE81040012115F0A7BC00BF1089050078
:10BCF000644B0500014610B50848FDF7F3FF0849FD
:10BD0000084818F020F9031E06DA074A0748BDE87C
:10BD10001040012115F090BC10BD00BF840200202E
:10BD2000C4050020B820002032890500644B0500BE
:10BD300010B586B003AB002400930749074805946B
:10BD40004FF0FF334FF44072CDE903440EF040FC56
:10BD5000204606B010BD00BF00500020D01F0020BC
:10BD600010B5084C0146062294F86F0003F04EF916
:10BD700038B994F86F000449BDE81040052203F07B
:10BD800045B910BD50010020D8C50500024A03483E
:10BD9000012115F04FBC00BF4F890500644B050021
:10BDA000B0B50B460D8A00AF04462946D868FFF7A8
:10BDB00071FD8AB06A46094BCDE9053440F2024371
:10BDC000ADF82430064BCDE907504FF4325142F81C
:10BDD000103F044815F041FCBD46B0BD698905001F
:10BDE00005000001644B050070B5C568B5F8016039
:10BDF0000121304602F0C8FC044638B90D4A0E480D
:10BE000033460121BDE8704015F016BC2B783BB9D4
:10BE1000D5F80330C0F89930D5F80730C0F89D3018
:10BE2000201D4FF4803115F009FC2046BDE870401C
:10BE300002F022BBEC880500644B050037B502EB2D
:10BE4000C303044608469A4202D16FF05E0010E038
:10BE5000114611F8085BA54211D1038A5178994225
:10BE600009D90848084A0094012114F0D6F86FF067
:10BE7000150003B030BD536898470020F9E70A4623
:10BE8000E1E700BF644B05008B8905002DE9F04711
:10BE90000C460FF097FBE5682B78022B75D0042B2E
:10BEA0000AD03E4A3E48012115F0C6FB2046FDF768
:10BEB000DFFF6FF015040EE0B4F81080B8F1020F48
:10BEC0000ED8384A43463648012115F0B5FB2046C6
:10BED000FDF7CEFF00240FF0E7FB2046BDE8F0871A
:10BEE00068783E280CD1B8F1030F02D12E4A4346A0
:10BEF000E9E7EB78012B01D00A2B46D1032704E0B8
:10BF000015F086FB0746F8073FD504F10C06012122
:10BF10003046D4F814A0FEF727F902213046FEF788
:10BF200041F9814600783E2807D1E3681B78012B50
:10BF300001D00A2B06D1032614E015F069FBC107D6
:10BF400006460FD4194A1A491A4841F2681313F0E9
:10BF5000C2FD002383F31188BFF36F8F03231846BC
:10BF600002DF0226144A99F800000623214615F044
:10BF70009FFBB2070DD56369A4F81080A5EB0A05F5
:10BF800013FA85F5E560BB07A4D52046FFF7B2FE9E
:10BF9000A0E72046FDF76CFFF5E700BF368A0500F5
:10BFA000644B0500AD890500C9890500E9890500D4
:10BFB0001D8A0500F55D05005854050010B50121E6
:10BFC00004460C30FEF7EEF82146034A0078BDE83F
:10BFD0001040022315F06CBB8854050073B53E4831
:10BFE000FDF7EAFE0446002873D000F10C05284650
:10BFF00014F06CF90228034603D0042847D0374ACE
:10C0000003E0238A032B05D8354A3648012115F071
:10C0100013FB13E004212846FEF7C4F8FF234288EF
:10C0200006882376238AC6F30B009A42608309D0E0
:10C030002C48009201212C4A13F0EFFF2046FDF717
:10C0400017FF12E00F2102F09FFB054610B9638B2A
:10C05000264ADAE702F0BEFB320B2076214628465C
:10C0600002F05EF9284602F007FA214BD3F834318A
:10C070007BB32049204817F066FF031E29DA1F4AC8
:10C080001848012102B0BDE8704015F0D5BA284625
:10C090000221FEF787F8054600783E2812D015F0F9
:10C0A000B7FA10F002060DD1154A1649164840F6A7
:10C0B0009A4313F010FD86F31188BFF36F8F0323AB
:10C0C000184602DF114A28780423214615F0F0FAB9
:10C0D000B4E702B070BD00BF84020020DF8A050013
:10C0E0004A8A0500644B05006B8A05008F8A0500AB
:10C0F00050010020C4050020B8200020328905002E
:10C10000E9890500B18A0500F55D05009854050030
:10C1100010B5012104460C30FEF744F82146034ACD
:10C120000078BDE81040072315F0C2BAB8540500E6
:10C13000F8B5012100AF04460C30FEF733F806785D
:10C14000114A002321463046FFF778FE5F3019D1AF
:10C15000258AE0682946FFF79DFB6C468AB06A464F
:10C160000A4BCDE9053640F20243ADF82430084BC6
:10C17000CDE907504FF4325142F8103F054815F011
:10C180006CFAA546BD46F8BDF0540500F38A0500DB
:10C1900005000001644B05002DE9F347DFF84491E9
:10C1A000BFF35B8F074688461646002359E8004FC9
:10C1B00049E80032002AF9D1BFF35B8F44B9424A03
:10C1C00042483B46012102B0BDE8F04715F034BAC1
:10C1D0002046FDF771FC3E4D4FF00C0A0AFB005063
:10C1E0004388BB4224D02046FDF766FC0AFB005082
:10C1F0004388384A009335483B46012113F00DFF30
:10C20000BFF35B8F59E8003F49E80042002AF9D1AB
:10C21000BFF35B8F002B54D02F493048304A40F693
:10C22000EE1313F058FC2E4840F6EE1113F04AFCC2
:10C23000A64208D02046FDF761FC328AF16804F17D
:10C240000C0014F020F82046FDF736FC0C2606FB07
:10C2500000504368ABB1B8F1000F12D12046FDF792
:10C260002BFC06FB005001214268536803F01F00BD
:10C27000814010685B0900EB8300137AEBB115F085
:10C28000DDF92046FDF718FC0C2606FB00508368FC
:10C290006BB12046FDF710FC704305F80080204686
:10C2A000FDF70AFC06FB0055A8680DF05FFC204670
:10C2B00002B0BDE8F047FDF7DBBDC94315F0D0F98A
:10C2C000DFE702B0BDE8F087258B0500644B050071
:10C2D000283700204D8B0500808B0500F55D05009B
:10C2E000E98905008002002073B5C568B5F80160D2
:10C2F0000121304602F048FA044640B93E4A3F4820
:10C300003346012102B0BDE8704015F095B92B7895
:10C310001A2B00F1040619D1C378012B50D14FF428
:10C320008041304615F08AF942040FD4D4F88C309D
:10C3300000936946D4F894300193204603F074FAD0
:10C34000204602B0BDE8704002F096B82B78BBBB27
:10C35000B5F803302A4940F2E2425343C4F888302A
:10C36000B5F80520A4F89020B5F80720A4F892208D
:10C37000A3F5EA520C3A8A4204D9224A1F48022104
:10C3800015F05AF9B4F89030B3F5FA7F04D31E4A89
:10C390001A48022115F050F9B4F89230A3F10A02BC
:10C3A00092B240F676418A4204D9184A13480221D3
:10C3B00015F042F96FF48051304615F051F917E04D
:10C3C000BFF35B8F6368BFF35B8FDB04F2D52B7821
:10C3D000202BEFD194F89830002BEBD0013B84F860
:10C3E00098304FF42032002304F140000EF010FA90
:10C3F000204602F0CFFCA3E7EC880500644B050063
:10C4000095F03C00858B0500AC8B0500D38B0500B7
:10C41000B0B53C2800AF04461AD101F077FB6FF4A9
:10C420008071103015F01CF90020FFF799FC0546CB
:10C4300030B9124A1248012115F0FCF8BD46B0BDD2
:10C440004472002102F0B0F8284602F015F8F5E732
:10C450006D468AB06A460B4BCDE905300A4B07930F
:10C4600040F20133ADF82030084B42F8103F044849
:10C470004FF4125115F0F1F8AD46DFE7FF8B0500E0
:10C48000644B0500208C0500E5BA0500040000019E
:10C490002DE9F84FD0F80C90018A99F80040A300DC
:10C4A00001338B4200AF40F281806D468AB06A460C
:10C4B0004048CDE907310523CDE905044FF421516A
:10C4C00042F8103F3C4815F0C8F8AD46BD46BDE8FF
:10C4D000F88F3A4A38482B46012115F0ADF801365D
:10C4E00099F800309E42F1DA09EB86030F21B3F888
:10C4F0000150B3F80380284602F046F904460028AC
:10C50000E7D000F1C00AB8F1000F03D1204601F0D6
:10C51000B3FFE4E7656985B9294A2748012115F089
:10C5200089F82849284A294840F2872313F0D3FA8A
:10C5300040F28721244813F0C5FAA2692B68636191
:10C54000954208BFA361204601F072FE0DF00EFB7C
:10C55000C5F800B0236AB3B9C4E90755BFF35B8FD0
:10C56000DAF80030BFF35B8F08F1FF381FFA88F864
:10C5700063B91749144A15484FF4247313F0ABFA02
:10C580004FF42471D6E71D602562E7E7BFF35B8FA8
:10C590005AE8003F013B4AE80032002AF8D1BFF3D5
:10C5A0005B8F0021204601F04FFEACE70026B3462A
:10C5B00096E700BF3C8C0500644B0500678C0500C6
:10C5C000838C0500B0B80500E9890500F55D05001C
:10C5D0009A8C0500094BBFF35B8F1A68BFF35B8F22
:10C5E00002F00B02BFF35B8F53E8001F43E800200B
:10C5F0000028F9D1BFF35B8F704700BF24020020F1
:10C6000010B5C1E900239DF808300B720C46FDF708
:10C6100053FA034B0C2202FB00335C6010BD00BFD9
:10C6200028370020F8B502460B46104813F020FECC
:10C630000446C0B104210C30FDF71AFD2046FDF779
:10C640003BFA0B4D0C2707FB005000264680204686
:10C65000FDF732FA07FB005086602046FDF72CFA02
:10C6600007FB00556E602046F8BD00BFB00B0020F0
:10C670002837002010B592B0044607494822684682
:10C6800017F078FD112C9BBF12AB03EB8404034819
:10C6900054F8480C12B010BDA44C0500B38C050032
:10C6A000034B0146D3F8500182689268104700BFDF
:10C6B000500100202DE9F04F91B0042100AF4A480D
:10C6C00014F0BCFF6D4688B06A46484B0593484B52
:10C6D00006934FF40073ADF81C30464C464B42F8BD
:10C6E000103F4648464E4FF4E65114F0B6FF454B16
:10C6F000E17907F12008AD46012998BF1E46404662
:10C700002146FFF77BF88AB06A463F4BCDF81C8084
:10C71000CDE905363D4B08933D4B42F8103F374875
:10C720003C4EDFF800814FF4235114F096FFA246EF
:10C73000AD460125E3799D420AF1070A3BDB94F8F7
:10C7400070502846FFF796FF6E468CB0B4F8721012
:10C75000B4F876306A46DFF8D0C00993CDE90751C6
:10C760002D4B4FF40075CDE905C0ADF828504FF4BE
:10C77000535142F8103F214814F06FFFB54694F82A
:10C7800071603046FFF776FF8AB0B4F874306A46BD
:10C790002249ADF82450CDE90763214BCDE90510BE
:10C7A00042F8103F15484FF4335114F056FF443708
:10C7B000BD46BDE8F08F51463846FFF71FF8E94601
:10C7C0008AB06A4640F20133CDE905650797ADF8B6
:10C7D00020300A4842F8108F4FF4135114F03DFFF7
:10C7E0000135CD46A6E700BF24020020BF8C05001E
:10C7F000D18C05005001002003000001644B0500AE
:10C80000BB8C0500E5BA0500D58C050000020103CC
:10C8100004000002E48C050006000001338D0500D1
:10C820000500000104000001F58C05000048704778
:10C830003C5D050010B50B490B4817F084FB041E46
:10C840000FDA0A4A0A490B4841F25F4313F043F9F1
:10C850000948214613F03FF9044841F25F4113F0C3
:10C8600031F910BDB4050020D01F0020E989050072
:10C8700070780500F55D05005A8D050070B5054618
:10C880000C4639B1CB684A699B1A032B0ED86FF05E
:10C89000150509E04FF0FF304FF0FF31FFF7C2FE02
:10C8A000044618B96FF06805284670BD2046FDF7AC
:10C8B00003F9174B0C2202FB0033A6180321304664
:10C8C0005D80FDF731FC0580238A033B83700121E5
:10C8D000304613F0F4FC40F635439D420FD120461C
:10C8E000FFF7DEFE05460028DED00A4A0346012196
:10C8F000094814F0A1FE2046FDF7BAFAD4E707482C
:10C90000214617F0A6FA0025FFF794FFCCE700BFF9
:10C91000283700205F8D0500644B05008C02002045
:10C920002DE9F04784B0804600AF91460C4671B9BE
:10C930004FF0FF304FF0FF31FFF774FE0446C0B9EF
:10C940006FF0680528461037BD46BDE8F087887A45
:10C95000FDF7AAF83A4B83420BD03A493A483B4A92
:10C960004FF4D77313F0B7F838484FF4D77113F07A
:10C97000A9F801220021384617F084FA2046FDF775
:10C980009BF8DFF8E8A00C2303FB00A0876020469B
:10C99000FDF7B0FA01464046FFF770FF054618B1B3
:10C9A0002046FDF765FACDE74FF4A0220023384674
:10C9B0000DF05AF9064690B14FF4F173234A244919
:10C9C000214813F088F823483246414613F083F893
:10C9D00085F31188BFF36F8F0323184602DF2046CB
:10C9E000FDF76AF80C2358431AF80060FEB16D4653
:10C9F0008AB06A46184B0796CDE90538174B08935D
:10CA000040F20243ADF82430154B42F8103F154870
:10CA10004FF43251093E14F020FE2046AD46F6B2E6
:10CA2000FDF726FA092E08D80F4B9D578AE7B9F172
:10CA3000000FB5D0C9F8004084E76FF0040581E726
:10CA4000B00B0020B0B80500F55D0500E9890500D0
:10CA5000E8730500818D0500C68D0500E5BA050067
:10CA600005000001644B050013C6050028370020AF
:10CA700073B506460D4601AA002142F22F00FFF7CA
:10CA80004FFF044638B1154A1548012114F0D2FD74
:10CA9000204602B070BD0198C368B3F8012032800F
:10CAA000B3F803302B80FDF7E3F93388A3F11B02C1
:10CAB000E02A04D90B4A0A48022114F0BDFD2B8854
:10CAC000A3F5A47292B244F248118A42E0D9064A10
:10CAD0000348022114F0B0FDDAE700BFE58D050040
:10CAE000644B0500058E05002A8E05002DE9F04FE8
:10CAF0008DB0047800AF05465CB162496248634A74
:10CB000040F2815312F0E7FF604840F2815112F089
:10CB1000D9FF5F4BB0F80190198849F470429142F7
:10CB200002BF1C805B4B93F800A0C37818BFA246DD
:10CB3000012B08BF584B00F10408404608BF93F88A
:10CB40006F4014F040FD07F10806414680B33046BF
:10CB500014F02EFDD5F81130C7F80130B5F81530B6
:10CB6000A7F805304FF0010BEB78012B35D007F11A
:10CB7000100441462046FEF741FE6D4688B06A46E5
:10CB8000464B4748CDE905344FF40073ADF81C30EF
:10CB9000444B42F8103F4FF4E25114F05EFD132174
:10CBA000AD46484614F0B8FD3437BD46BDE8F08FB9
:10CBB000204614F035FE03460068B8609A889B79D9
:10CBC0006868B280B371B8F8042098F8063095F818
:10CBD00004B03860BA80BB71C6E73046FFF7C0F8D2
:10CBE00004460028C3D00346B5F8012023F8702B73
:10CBF000B868B279B18820679A719980B5F8173012
:10CC000040F2E2425343C4F88830B5F81930A4F832
:10CC10009030B5F81B30A4F89230EB78E370002226
:10CC2000012B62721AD187F800B0BA88BB793868D4
:10CC3000A4F87B2084F87D30C4F8770000F066FF0C
:10CC4000237A1549C3EBC3035A18CB58C4F87E3076
:10CC50009388A4F88230937984F8843007212046A1
:10CC600001F0A2FCBAF1000F05D084F809A001215F
:10CC7000204601F099FC204601F024FE204601F0F8
:10CC8000FBFB91E74D8E0500F55D0500E989050088
:10CC900044410020EE41002050010020618E05003B
:10CCA000644B05000300000100B5C368187889B023
:10CCB00020B109B05DF804EBFFF7AABBB3F801207F
:10CCC000ADF80120DA788DF800008DF80320B3F874
:10CCD0000B20ADF81720B3F80D20ADF81920B3F8EC
:10CCE0000F20ADF81B205A7C8DF81D20586801904C
:10CCF0001A899B7A8DF80A30094BADF808206846EE
:10CD00001A689B88CDF80B20ADF80F30CDF81120B4
:10CD1000ADF81530FFF7EAFE09B05DF804FB00BF7F
:10CD2000ECC50500F0B5002285B0114602AF40F613
:10CD30000340FFF7F5FD044600285BD1FFF74AFCEE
:10CD400021463A1D41F20300FFF7EAFD04460028A0
:10CD500050D17A68C74DD168D1F80100D1F80510DB
:10CD600005F1780303C31046FDF782F821463A1D0A
:10CD700041F20100FFF7D4FD044600283AD178685B
:10CD8000C3685A7885F870205A88A5F872201A79F5
:10CD900085F87120B3F80720A5F87420B3F80530A2
:10CDA000A5F87630FDF764F821463A1D41F20200FD
:10CDB000FFF7B6FD0446E8B9D7F804C0DCF80C204C
:10CDC00005F18006531C413218685968344603C483
:10CDD000083393422646F7D16046FDF749F895F8A7
:10CDE0007C3059060AD4A44AA448012114F022FC3C
:10CDF0006FF0120420460C37BD46F0BD3A1D0021ED
:10CE000042F20300FFF78CFD04460028F2D17A6855
:10CE10009B4BD168D1F80100D1F8051003C310462F
:10CE2000FDF726F821463A1D42F20200FFF778FD91
:10CE300004460028DED17E68F468B4F801309AB266
:10CE400092B1E27882B1A5F8FC30E378032B06D0EA
:10CE50000322009289488B4A022113F0DEF8E2781F
:10CE60008948114617F00EF83046FDF701F895F89D
:10CE70007C601F2316F02006A5F8103119D14FF061
:10CE8000FF304FF0FF31FFF7CDFB0446002800F0E4
:10CE90009E8102210C30FDF70DF9012303704670CD
:10CEA0002146324640F66D40FFF73AFD0446002821
:10CEB000A0D195F89C301A0712D53A1D002142F2F4
:10CEC0001C00FFF72DFD0446002893D17868C36845
:10CED000D3F80120D3F80530C5E93823FCF7C8FFA3
:10CEE00095F8D8309B0623D5B91C3846FFF7C0FD0E
:10CEF000044600287FF47EAF4FF0FF304FF0FF3143
:10CF0000FFF790FB0646002800F0618104210C30F9
:10CF1000FDF7D0F83B8803807B884380224631466A
:10CF200042F22400FFF7FCFC044600287FF462AFC5
:10CF30004FF0FF304FF0FF31FFF774FB044600283D
:10CF400000F0458108210C30FDF7B4F895F8D820A1
:10CF500012F0020F14BF2F230F23960695F8D92045
:10CF600048BF43F0400312F0090F18BF43F40063B9
:10CF700000220370C3F3072343708270C2700271F2
:10CF800042718271C271214642F20100FFF7C8FC72
:10CF9000044600287FF42EAF95F87C30B5F8FC10DD
:10CFA00098065DD4C9B93A1D41F20500FFF7B8FCF7
:10CFB000044600287FF41EAFB5F8FC307C684BB9FE
:10CFC000E368B3F80120A5F8FC209A882E481146A2
:10CFD00016F058FF2046FCF74BFF4FF0FF304FF0A4
:10CFE000FF31FFF71FFB0446002800F0F080082106
:10CFF0000C30FDF75FF81023037088230022437084
:10D00000022620238270C670027142718271C37140
:10D01000214640F60140FFF783FC044600287FF4D8
:10D02000E9AE01463A1D4FF60140FFF779FC88B39F
:10D03000164A1248022114F0FDFAEB79002B40F059
:10D04000B68000F0A9FC044600287FF4D3AE02F0BD
:10D0500035F9044600287FF4CDAEFFF72BFBC9E677
:10D060000029BAD10A4A0548012114F0E3FA6FF009
:10D070000404BFE6500100207D8E0500644B0500CE
:10D0800028020020A18E0500500200200A8F050012
:10D09000E78E05007B68DC68B4F80130042B96BF8E
:10D0A000584A594952F823106E468AB002AA574886
:10D0B000D3614FF400731384554BC2E9050142F864
:10D0C000103F54484FF4135114F0C7FAB4F801203C
:10D0D000B4F80330022AB54649D1052B47D84E4A49
:10D0E00052F823106E468AB002AA4C48D3614FF41E
:10D0F00000731384464BC2E9050142F8103F4FF418
:10D100001351444814F0A9FA637994F806C0D4F88E
:10D110000900032BB54698BF414AB4F8076094BF95
:10D1200052F8231038496C468CB002AADFF804E1AB
:10D13000C2E9073C4FF4007393853A4BC2E905E11D
:10D14000C2E909604FF4735142F8103F314814F0BE
:10D1500084FAA5467868FCF78BFE3A1D00214FF64D
:10D160000240FFF7DDFB044618B12F4A61E726496C
:10D17000B8E77868C368B3F80130A5F8C130FCF7A8
:10D1800077FE95F8C1305A077FF557AF3A1D214613
:10D190004FF60340FFF7C4FB08B1244A49E778681B
:10D1A000C3685B7885F8C030FCF762FE45E72E78EF
:10D1B000002E7FF446AF95F8C1309B061FD54FF087
:10D1C000FF304FF0FF31FFF72DFA044610B96FF032
:10D1D00068040FE606210C30FCF76CFFD5F801302F
:10D1E0000360134B9B888380214632464FF60640EE
:10D1F000FFF796FB044600283FF423AFFAE56FF0F3
:10D200008504F7E544540500B38C05002E8F050016
:10D2100004000001644B05002C540500478F0500F5
:10D220001C540500070000018C8F0500B58F050018
:10D23000510100205F8F050010B5FFF773FD034B10
:10D240001B6813B1BDE81040184710BD4C370020D3
:10D2500073B52A4D0646D5F8500116F081FD48B940
:10D26000274A2848012114F0E5F96FF012042046FE
:10D2700002B070BD6FF0020105F1D40014F0F0F9B6
:10D28000012114F0DBF910EA010434D11E4B1E60B9
:10D290000A4605F5907016F0F5FD05F59E7016F03E
:10D2A000CFFD1A480DF07AF91949184800946FF02B
:10D2B00007034FF480620DF08BF91649134816F0FE
:10D2C00058FED5F85001144983681B6898470446F6
:10D2D00030B1124A034601210A4814F0ADF9C6E7FD
:10D2E00026B902B0BDE87040FFF71CBD05F1C400CF
:10D2F0000DF0C0F8BBE76FF07704B8E750010020ED
:10D30000DE8F0500644B05004C370020B82000205C
:10D3100080530020F68F05008DBE0300FF8F0500AF
:10D3200073B5C368D9789A781E8842EA0122ADF8AD
:10D33000002059791A7942EA0122ADF80220D97900
:10D340009A7942EA0122ADF804201A7A5B7AB4B2E3
:10D3500042EA032301212046ADF8063001F014FA19
:10D36000054658B91D481E4A0121234614F064F9A8
:10D370000221204614F02EFA02B070BD694601F079
:10D3800073FD38B91E21204614F024FA284601F016
:10D3900073F8F1E74FF0FF304FF0FF31FFF742F93C
:10D3A00004460028F2D00E210C30FCF783FE002347
:10D3B0000680C0F80A30BDF800304380BDF8023066
:10D3C0008380BDF80430C380BDF806300381214658
:10D3D00042F22000FFF752FAD8E700BF644B050085
:10D3E000EC88050038B5042104460C30FCF7DAFE61
:10D3F000034640885D7818B119782246FEF7CCFEC6
:10D4000035B104480CF0B2FBBDE83840FFF712BA62
:10D4100038BD00BF70020020B0B50321044600AF44
:10D420000C30FCF7BFFEE2680346B0F8010011784B
:10D4300040F63542904216D16C468AB06A46104B8F
:10D440001048CDE90531104B079340F20133ADF898
:10D4500020300E4B42F8103F4FF4125114F0FDF8FB
:10D46000A546BD46B0BD1D7810B12246FEF794FE1C
:10D47000002DF6D006480CF079FBFFF7DBF9F0E75A
:10D480001B900500644B0500E5BA0500040000018F
:10D490007002002038B50EF095F82F4DD5F83C31CC
:10D4A000002B56D00022002305F590700CF0DCFB19
:10D4B00000284ED10022002305F59E700CF0CCFA16
:10D4C000044668B9254A2649264840F6AA4312F080
:10D4D00002FB84F31188BFF36F8F0323184602DF2A
:10D4E000D5F830315BB1204A2048012114F0A2F870
:10D4F000D5F83001FCF7BCFC0023C5F830312046DC
:10D50000FCF7F8FCC5F830012046FFF7C9F80346E0
:10D51000C8B1174A1548012114F08EF815480CF0CF
:10D5200025FB2046FCF7C8FA134B0C2202FB003304
:10D53000588818B122461F21FEF72EFE2046FCF720
:10D5400097FCFFF777F9FFF775F9BDE838400EF063
:10D55000ABB801F003FAF8E750010020E9890500B3
:10D56000818B0500F55D050053900500644B0500B7
:10D570005F8D05007002002028370020F8B50A4DA5
:10D58000EF7906460024E3B29F4202D86FF0010013
:10D5900007E02946304614F039F90735631C08B115
:10D5A0002046F8BD1C46EEE75001002070B51A4E2B
:10D5B00006223146054616F00CFE38B34FF0FF3018
:10D5C0004FF0FF31FFF72EF8044608B30622294634
:10D5D0000C3012F058FE2146002242F20500FFF7FF
:10D5E0009FF9044648B110F10D0F04D10B4A0C48C5
:10D5F000022114F013F9204670BD33462A6843F81F
:10D600006929AA88B280012283F868200024F2E701
:10D610006FF06804EFE700BFB901002093910500A7
:10D620006C4B050073B504460D4689B11749284671
:10D6300014F0ECF860B9164A2968C4EBC404A318C6
:10D640001151AA889A80AA799A71002002B070BDFF
:10D650006E46304613F09EFF0028F7D13046FFF7A4
:10D660008DFF0028F5DA0A4A0098B179C4EBC404AA
:10D67000A3181051B08898809971002DE5D01259E7
:10D680002A609A88AA809B79AB71DEE7DFC5050026
:10D690005001002070B5044629BB38B3274914F067
:10D6A000B5F818BB2046FFF769FF002840DA237859
:10D6B0006BB9234AD379002B3AD120681060A17945
:10D6C000A088917101219080D171184670BD012B05
:10D6D00004D1A37903F0C003C02B07D0194A1A481C
:10D6E000012114F09BF86FF01500EFE7144DEB7972
:10D6F000012B20D0BFF35B8FD5F8D430BFF35B8F05
:10D70000DB0707D4002CEED00C49204614F07EF83D
:10D710000028E8D1EE792146731C3046EB71FFF703
:10D7200081FF08B93046D1E7EB79013BEB71CDE7DA
:10D730006FF07700CAE76FF00B00C7E7DFC50500A1
:10D7400050010020A29105006C4B05002DE9F3412A
:10D75000044640B91A4A1B48022114F05FF8002021
:10D7600002B0BDE8F08101AA002141F20900FFF7F3
:10D77000D7F8054608B1144AEDE7019E1349D6F8DB
:10D780000C8008F101070622384616F022FD28B168
:10D790000F490622384616F01CFD18B93046FCF732
:10D7A00067FBDCE7D8F80130C4F80130BB88A4F887
:10D7B000053030462570FCF75BFB0120D0E700BF49
:10D7C000D09105006C4B0500E9910500ECC5050002
:10D7D000E6C5050007B56846FFF7B8FF044BD871EA
:10D7E00018B169460020FFF71DFF03B05DF804FB88
:10D7F000500100202DE9F041304EF17988B0002928
:10D8000054D196F8C24014F0010411D12C4A2D488D
:10D81000022114F003F80024F471162500240127D6
:10D82000F379E0B283422BD8002B3FD000203AE0BE
:10D830006A464FF60940FFF773F808B1224AE6E757
:10D84000DDF800C0DCF80C5095F80180B8F1000F4D
:10D850000ED0AB1C02AA123518685968174603C7C8
:10D860000833AB423A46F7D1186838609B88BB80D2
:10D870006046FCF7FDFAB8F1000FCDD1134AC6E7B8
:10D8800008AB05FB0033694653F8182C33F8143CF9
:10D89000CDF80120ADF805308DF80070FFF7C2FE1D
:10D8A00001340028BCD008B0BDE8F0810021084652
:10D8B00008B0BDE8F041FFF7EDBE00BF5001002009
:10D8C000079205006C4B050033920500539205004A
:10D8D0002DE9F0411D460E461746034648B145B1B5
:10D8E0000A0311D54C0708D5284A2948012113F00D
:10D8F00095FF6FF01500BDE8F08113F09EFF002842
:10D90000F9D101232B70F6E7B107047824D021491F
:10D910002FB1B20603D591F8D820500632D5C4EB0A
:10D92000C40411F80480B8F1010F09D10134214475
:10D93000184613F07AFF0028DDD185F8008002E058
:10D94000B8F1000FF9D02FB1B30642BF2B7843F0E6
:10D9500002032B700020CEE7720710D50D49C4EBEF
:10D96000C4040F5D012F07D10134214413F05DFF82
:10D970000028C0D12F70E7E7002FE5D1FAE713F0B8
:10D980005CFFBEE76FF08500B5E700BF7C92050045
:10D990006C4B05005001002038B5104DEB7913B1E8
:10D9A0000024204638BDFFF715FF044628B10C4A75
:10D9B0000C48012113F032FFF3E7EB79002BEFD194
:10D9C000FFF718FF04460028F1D1681CFFF7EEFDB1
:10D9D00004460028E5D0044AEAE700BF50010020D1
:10D9E0009B9205006C4B0500BA9205002DE9F74F9C
:10D9F000884601904FF0FF314FF0FF30FEF712FEE6
:10DA0000044600284ED020210C30FCF753FB0021A7
:10DA100020220646002716F0D4FBD8F8005006F165
:10DA2000010B3946D8F804309F4208D30198317071
:10DA30000022214603B0BDE8F04FFEF771BF6A78BF
:10DA400095F800C0881C13181F2B5FFA80F915D9B0
:10DA5000BCF1090FC9F11F0201D1002A0CDC134AE5
:10DA60001348012112F0C6FA2046FCF701FA6FF0C4
:10DA7000150003B0BDE8F08F4FF0080C5FFA82FA92
:10DA80000AF1010E0BF801E00131C9B258440BF85C
:10DA900001C0D144696816F06DFB01375FFA89F166
:10DAA0000835BFE76FF06800E3E700BFDD920500CF
:10DAB000344B0500F7B5CDE90001694642F2080094
:10DAC0009DF8207016461D46FFF790FF044668B982
:10DAD0007FB9BFF35B8F0C4B53E8001F41F004018B
:10DAE00043E80012002AF7D1BFF35B8F204603B052
:10DAF000F0BD694642F20900CDE90065FFF776FF07
:10DB00000028E6D00446F1E778010020004870477D
:10DB1000680100202DE9F04FD0F81090DFF848A3FD
:10DB200089B0B9F10004054602919346039318BFEA
:10DB30000124BFF35B8FDAF80030BFF35B8F5A0725
:10DB400040F17C81466873050CD56FF01504029B8B
:10DB5000002240F20110934540F08B81204609B02D
:10DB6000BDE8F08FD0F81080B8F1000F01D0B707F2
:10DB7000EBD0B54F2878FB798342E6D9C0EBC000E3
:10DB8000B2490722384416F024FB0028DDD0B00744
:10DB900006D197F87030082B02D8AB689F2BD4D9E8
:10DBA00016F0300F74D0B8F1000FCED0F10672D459
:10DBB00006F46036B6F5603FC7D0284613F054FE31
:10DBC00080460028C1D0A24EBFF35B8F3268BFF3FE
:10DBD0005B8FC2F30023D20500F133816A68CDE97F
:10DBE0000533CDF81B30AB68ADF8103012F4004FA0
:10DBF000EB68ADF8123014BF06230723D00348BFEB
:10DC000003F00503910348BF03F0FB038DF81D30BB
:10DC1000BFF35B8F5AE8003F23F480734AE8003279
:10DC2000002AF7D1BFF35B8F2B783B7687F86F30F4
:10DC30002246696887480DF11503FFF749FE04463F
:10DC4000002884D1844BB9F1000F30D02A691168C3
:10DC50004AF8B31C9188998092799A716B689A07F7
:10DC600027D0B9F1000F2BD013F0100F0CBF0123F8
:10DC700004238DF814302B691A68CDF816209A8881
:10DC8000ADF81A209B798DF81C304FF000081AE08F
:10DC9000B8F1000F8CD1D5E902239A423FF655AF77
:10DCA0001F2A7FF652AFB3F5804F81D94DE7674AFF
:10DCB000CDE79B0502D4039B002B3CD0022300E060
:10DCC0004B468DF814304FF0FF304FF0FF31FEF728
:10DCD000A9FC0446002800F0C9800F2204A90C30DA
:10DCE00012F0D1FA2146002242F20600FEF718FE99
:10DCF000044600287FF42BAFB9F1000F1FD06868ED
:10DD000010F0030027D107465248012113F0B0FD5F
:10DD10000446002845D0514A5148012112F06AF9C1
:10DD2000002F3FF414AF3846002100F03DFC384688
:10DD300000F0A2FB0BE703238DF81430A5E7129B3C
:10DD4000039A0298CDF800805946FFF7B3FE0446C7
:10DD50000028D4D0FBE63C7E3C493F4887F86F4022
:10DD6000072216F036FA60B93E49204601F0D0F895
:10DD7000074610B96FF00B04E9E6052100F014FC2A
:10DD8000C2E73549204601F007F900287FF4DDAEEF
:10DD9000387E314901F0BCF807460028EAD0062158
:10DDA000ECE717B1384600F067FB6B68BFF35B8F99
:10DDB0009F0728D056E8003F43F4007346E800323E
:10DDC000002AF7D1BFF35B8FBFF35B8FB8F1000F71
:10DDD00022D056E8003F43F4806346E80032002A30
:10DDE000F7D1BFF35B8F6B68BFF35B8F58071CD510
:10DDF00056E8003F43F4805346E80032002AF7D14A
:10DE0000BFF35B8FA3E656E8003F23F4007346E8B8
:10DE10000032002AD6D0F6E756E8003F23F48063AC
:10DE200046E80032002ADCD0F6E756E8003F23F44B
:10DE3000805346E80032002AE2D0F6E76FF00A0489
:10DE400085E66FF0770482E650010020DFC505000B
:10DE5000780100206801002071010020F692050081
:10DE6000344B0500D8C50500240200206FF068047B
:10DE70006DE61988814204D1596811B10978C90742
:10DE800002D40132083366E6054906480CF010FC5E
:10DE90004FF47022002303480CF042FD5EE600BF01
:10DEA00025DF03008001002010B51B4C204613F035
:10DEB00005FDBFF35B8F2369BFF35B8FDA05C3F307
:10DEC000002027D5BFF35B8F2369BFF35B8F9B05D2
:10DED00016D504F109001149072216F07AF9034614
:10DEE00014F8180993B90E49052201F08FF8044679
:10DEF00030B10021417200F057FB204600F0BCFA1F
:10DF0000BDE810400448002113F0B2BC062204F121
:10DF10002101EAE710BD00BF68010020DFC5050050
:10DF2000D8C5050010B5FFF7BFFF034630B1044A5E
:10DF30000448BDE81040022112F065B810BD00BFD2
:10DF400011930500344B050010B50446FBF7B4FDF2
:10DF5000044901EB00112046FDF7ACFDBDE810407F
:10DF6000FEF768BC5037002070B5144B1C6805469E
:10DF700044B154F8143C143C13B1697A28469847CC
:10DF80006469F5E70E4C0F4EB44215D90E490F4A9D
:10DF90000F4840F2B67311F09EFD0E4811F09BFD44
:10DFA0000A4840F2B67111F08DFD236813B1697A09
:10DFB000284698471834E7E7F7D370BD8437002028
:10DFC000EC4A0500044B05006793050037930500F4
:10DFD000F55D0500D176050008B50B4B1B7873B9CC
:10DFE0000A490B4A0B4840F2463311F074FD0A48C7
:10DFF00011F071FD064840F2463111F063FDFBF768
:10E00000D5FA064B185808BDFA4200208D7305005A
:10E0100062730500F55D0500A073050008000000AF
:10E0200010B50C46817801290BD00C490C480D4ADB
:10E0300040F2EE3311F04FFD0A4840F2EE3111F09C
:10E0400041FDA1691160E2691A60E27A04F11800E9
:10E050000021BDE8104016F0B4B800BF829305005F
:10E06000F55D05003793050037B5031D0446BFF382
:10E070005B8F53E8002F42F4806143E80015002DC8
:10E08000F7D1BFF35B8F55053ED4BFF35B8F636859
:10E09000BFF35B8FD90326D5E37823B91B4A1C480D
:10E0A000022113F014FCA37A072B2DD1194B93F8FE
:10E0B000D8309B0628D513F009FB28B30DF10601D3
:10E0C00001A8FEF7D5FCF8B9BDF80620BDF804108C
:10E0D000204613F060FB0346B0B10F4A0C48012103
:10E0E00013F0F5FB10E00B4B93F8D8301A07D3D59B
:10E0F00013F036FB034620B1084A0548012113F00E
:10E10000E6FBA37A072BC7D003B030BDB59305005B
:10E110004C4B050050010020CE9305009493050060
:10E1200070B505461748002200230BF09DFD38BB53
:10E13000154B1C6834B154F80C3C143C03B198479F
:10E140006469F7E7114C124EB44213D91149124ACF
:10E15000124840F27C6311F0BEFC114811F0BBFC88
:10E160000D4840F27C6111F0ADFCA36803B1984703
:10E170001834E9E7F9D32846BDE870400CF07AB9C5
:10E1800070BD00BFC40A002084370020EC4A05009F
:10E19000044B05006793050037930500F55D050006
:10E1A000D17605002DE9F0410446FFF715FF1B4B22
:10E1B000D3F8C830834223D140270025EFF31182E2
:10E1C00087F31288BFF36F8FE16929B1206A0B686A
:10E1D000E361814208BF236282F31188BFF36F8F2E
:10E1E000D1B1D1E901680E48C1E9015515F031FE00
:10E1F0001EB1002241462046B047FEF71BFBDDE77B
:10E2000008490948094A4FF4937311F064FC074820
:10E210004FF4937111F056FCBDE8F081D02E002030
:10E22000E40A0020EA930500F55D05003793050038
:10E230000448B0F8FC30002B00F5807008BF0020C7
:10E24000704700BF5001002070B588B004460E46EC
:10E25000FFF7C2FE144BD3F8C820824205D12046F6
:10E2600008B0BDE87040FFF79DBF24342146184632
:10E2700015F069FE051E0FDA0C4A0D490D484FF4E2
:10E28000AF7311F028FC0C48294611F024FC074814
:10E290004FF4AF7111F016FC1EB1694620460CF028
:10E2A000EFF808B070BD00BFD02E002037930500F6
:10E2B00070780500F55D05003094050038B5002242
:10E2C00004468A4202D10024204638BD04F1C80326
:10E2D0000120BFF35B8F53E8005F002D04D143E8BA
:10E2E000000CBCF1000FF6D1BFF35B8F02D0D0342D
:10E2F0000244E6E7002CE6D0C8220021204615F0B3
:10E3000060FF04F1400004490CF0D2F9034904F124
:10E3100024000BF087FFD7E771F10300DF18050039
:10E32000F7B516460D4601210446FFF78DFF012E75
:10E3300023D0022E52D123693BB13148314A012109
:10E3400011F058FE204613F0E8FA256121690B8A86
:10E35000012B53D9CA681288043292B293424DD32A
:10E3600043D9274800920121274A11F056FE204642
:10E3700003B0BDE8F04013F0D0BA206940B9234A99
:10E380001F48314611F036FE204613F0C6FA01E070
:10E390002A8A2AB9284603B0BDE8F040FBF768BDD9
:10E3A000018A438A47695B1AC168C91B5B1A9A4292
:10E3B0000CD9174A1248314611F01CFE216900227F
:10E3C000204601F005FA00232361E3E7E9680C30F9
:10E3D00011F059FF2846FBF74BFDB7E70D4A0848F7
:10E3E0003346012113F073FACEE7002301222046C1
:10E3F000236103B0BDE8F04001F0EAB903B0F0BD1D
:10E400004C4B05004B940500CB9405006894050027
:10E4100086940500AD94050010B558B91349144809
:10E42000144A40F2B55311F056FB124840F2B55170
:10E4300011F048FB00F1C802BFF35B8FD0F8C83081
:10E44000BFF35B8F7BB1BFF35B8F591C52E8004F6A
:10E450009C4204D142E8001CBCF1000FF6D1BFF38E
:10E460005B8FE7D110BD1846FCE700BFE9970500B8
:10E47000F55D05003793050038B5044670B92A49A3
:10E480002A4A2B4840F2DF5311F025FB294811F0AE
:10E4900022FB40F2DF51254811F014FB24300BF031
:10E4A00037FFBFF35B8F04F1C80353E8002F511E01
:10E4B00043E80015002DF8D1BFF35B8F002A0CDC78
:10E4C0001D491A4A1A484FF4BE6311F004FB1B4859
:10E4D00011F001FB4FF4BE61DDE7012A23D160B1E9
:10E4E0001749124A124840F2F95311F0F4FA15484C
:10E4F00011F0F1FA40F2F951CDE7134B9C4212D3DF
:10E5000003F1D00294420ED2E41AD023B4FBF3F20A
:10E5100003FB12443CB90D480BF028FBBDE8384022
:10E520000B480BF0A7BF38BDE997050037930500EE
:10E53000F55D0500E6940500059505000D950500BF
:10E540002B9505003F950500A0210020C40A00205E
:10E55000E405002010B50446FFF75EFF0DF032F829
:10E56000104AD2F8141104F1BC0361B9C4F8BC100C
:10E57000D2F8181159B9C2E945330DF095F8BDE844
:10E580001040FEF757B98B4205D00968EDE70B60E4
:10E59000C2F81831F1E70DF087F82046FFF76CFF5D
:10E5A000EDE700BF500100202DE9F843867A8E4246
:10E5B00000AF04460D461CD1082E96BF584B594B50
:10E5C00053F826306C4688B06A465749CDE90513A2
:10E5D0004FF40073ADF81C30544B42F8103F5448D0
:10E5E00000234FF4E451F9F795FDA546BD46BDE87B
:10E5F000F88381720EB9FFF70FFFA37A082B00F2A0
:10E600008C8001A252F823F055E60300ABE603002C
:10E61000EDE50300EDE50300EDE50300EDE50300A6
:10E62000EDE503002DE60300EDE503000023C4E95A
:10E630000D33E378012BD9D1A378012B04BF032339
:10E6400084F898304FF42032002304F140000CF09D
:10E65000DFF8CBE7082EC9D8DFE806F02005171C45
:10E660001C1C1720200004F1400528460CF05EF920
:10E6700001212046FFF7E8FD204613F04EF9002265
:10E68000002328460CF04CF9B0E7637A13B120461A
:10E69000FFF76AFC2046FFF7EFFEA7E7254A2B4667
:10E6A0002348022113F013F9A0E7637A3E2B0FD120
:10E6B0006D4688B06A46204BCDE90534032342F805
:10E6C000103F1B4800234FF4C451F9F723FDAD461A
:10E6D0001A4D05F58078616911B9FEF7ABF885E749
:10E6E000A2690B686361914208BFA361D1E9016926
:10E6F0000023C1E90133124815F0ABFB26B16FF0DE
:10E700006D0249462046B047B5F8FC30002B14BFD7
:10E71000404600200BF02AFADDE70A4A2B46BFE705
:10E72000045505007695050080950500030000015D
:10E730004C4B050091950500A8950500500100205F
:10E74000E40A0020CF950500F8B5074609480D46B4
:10E750001646FFF761FE044650B183781F4203D18D
:10E76000BDE8F840FFF788BE3146A8472046F7E7E6
:10E77000F8BD00BFA0210020024900220120FFF7C0
:10E78000E3BF00BFD318050070B505460E480E461E
:10E79000FFF742FE0446A0B1837A012B02D0073B6B
:10E7A000012B0CD82388AB4208D1A3781E4209D193
:10E7B000064A07482B46022113F089F82046FFF746
:10E7C0005BFE0024204670BDA0210020EB950500D3
:10E7D0004C4B050008B5114B98420AD303F1D00207
:10E7E000904206D2C01AD022B0FBF2F302FB130310
:10E7F00073B10B490B4A0C4840F21B6311F06BF9E3
:10E800000A4811F068F9074840F21B6111F05AF903
:10E81000074B00115843C0B208BD00BFA021002023
:10E820000296050037930500F55D05007997050010
:10E83000C54EECC42DE9F84305460F4616461C4666
:10E840009046994615F08FFB58B117491748184A5A
:10E8500040F2376311F03FF9154840F2376111F08B
:10E8600031F934430BD0FFF7B7FB124BD3F8C83064
:10E87000834207D1104A1148022111F0BBFB4FF02F
:10E880000008C1460E4942464B46002D14BF28469B
:10E89000084611F0EDFC044618B1791D0C30FBF769
:10E8A000E7FB2046BDE8F88393970500F55D05007A
:10E8B00037930500D02E0020A29705004C4B050091
:10E8C000000B002010B5044605480BF0D3FD204690
:10E8D00000F07EFE2046BDE81040FFF745BB00BFBC
:10E8E000D405002010B5837A023B0446062B29D8B4
:10E8F000DFE803F00B042828281E090041720021DC
:10E900002046FFF751FE002010BD8378012BFAD07E
:10E910000E4A0F490F484FF4F46311F0DCF8A17868
:10E920000D4811F0D8F809484FF4F46111F0CAF815
:10E93000008812F0F1FE0028E6D1A37A072BE2D17D
:10E940000821DDE76FF07F00DEE700BF37930500A9
:10E95000B0B80500F55D0500CB9705002DE9F04F37
:10E9600087B000AF0023FB607B619E4B5A8B3AB1AE
:10E970009D4ED6F814413CB91C37BD46BDE8F08F1A
:10E980001B68002BF4D1F7E754F8BC3903B1BC3B4A
:10E990009649002513E01346B6F8FC20002A00F043
:10E9A000E581D6F80821C2B904F1BC05002BE3D0FB
:10E9B000D3F8BC201C46002AEDD0A2F1BC039C4237
:10E9C000EAD18B498B4A8C4840F2B93311F083F875
:10E9D00040F2B931874811F075F80A68002AE3D08F
:10E9E000D4F8A820002ADFD0D4F8AC20002ADBD04D
:10E9F000D4F8B020002AD7D0A37A072B43D12046E1
:10EA0000904700283FD0BFF35B8FD4F8C030BFF3EE
:10EA10005B8F022B37DC2046FFF7FEFC0446002804
:10EA2000AAD0A37A072B40F09E81D4F8A830B6F87C
:10EA3000FC1007F11002204698478046002800F09D
:10EA40007D81B6F8FC203B699A4208D30146D4F890
:10EA5000AC5007F1140307F10C022046A8473B69AC
:10EA60007B60B8F81030D7F80CA0D7F81490002BC2
:10EA70003BD162495F4A60484FF4247311F02BF890
:10EA80004FF42471A6E704F1BC03AB4209D15C4901
:10EA9000584A594840F2D63311F01DF840F2D631A9
:10EAA00098E7D4F8BC20C5B9D6F81811C6F81421D7
:10EAB0008B4201D1C6F818210023C4F8BC3020468F
:10EAC000D4F8B03098470028ABD0A37A072B40F099
:10EAD0004A812046FFF73EFDA3E72A60D6F81821B9
:10EAE000934208BFC6F81851E6E7404612F087FD8A
:10EAF00048B142493F4A404840F2972310F0EBFFAB
:10EB000040F2972166E7B6F8FC303E48002B08BF7C
:10EB10000020002200230BF0A7F860B13749354AE6
:10EB2000354840F2A72310F0D6FF374810F0D3FF46
:10EB300040F2A7214EE72D48002200230AF08CFF67
:10EB4000054660B92D492B4A2B4840F2B22310F0FC
:10EB5000C2FF2E4810F0BFFF40F2B2213AE7C0E9F1
:10EB600001A97B68B6F8FCB05B4598F8083098BFFF
:10EB7000B7F804B0013B012B09D925491D4A1E48AD
:10EB800040F2D22310F0A7FF40F2D22122E7404604
:10EB900012F035FD814638B11E49164A1648AC239D
:10EBA00010F099FFAC2115E7014600220D48002323
:10EBB000FAF7BCFF824658B1FAF77EFF164B414682
:10EBC00003EB00135A465046FCF79CFF804638BBC7
:10EBD0001249084A084840F2DB2310F07CFF40F25B
:10EBE000DB21F7E6840B002050010020E40A00201E
:10EBF000E297050037930500F55D0500B0B8050004
:10EC0000EE97050050020020099805001E980500A7
:10EC10002E98050056980500503700207098050082
:10EC2000B6F8FC307A6894F8C4A09A4294BF0AF10E
:10EC3000020A4FF0010984F8C49098BF5FFA8AFA7B
:10EC400004F1C00BBFF35B8F5BE8003F01334BE87F
:10EC50000032002AF8D1BFF35B8F00232B60A36939
:10EC6000002B6FD1C4E9055594F80290B9F1010F5A
:10EC70006BD108F10C03042118467B60FBF754FAB2
:10EC800022887B680AF0FD0A42EA0A320280B8F85C
:10EC90001020043A42800221184611F010FB404631
:10ECA000FDF7FEFC824600285DD0BFF35B8F5BE87A
:10ECB000003F013B4BE80032002AF8D1BFF35B8FE5
:10ECC000294604F1140012F00DFE294A294849464C
:10ECD000534612F0FCFD4046FBF7CAF8D5E901891E
:10ECE0000023C5E901332448294615F0B2F8B8F1EC
:10ECF000000F04D06FF06D0249462046C047B6F8B9
:10ED0000FC301E48002B08BF00200AF02FFF6D4684
:10ED100088B06A461A4B05936FF00403CDE90634B8
:10ED2000042342F8103F13484FF401510023F9F730
:10ED3000F1F91321AD462046FFF7D4FD2046FFF739
:10ED40009BFB19E61D60A5618EE70E4A0E490F4830
:10ED500040F2FF2310F0BFFEA1780D4810F0BBFE7B
:10ED600040F2FF2136E6FDF765FDE7E79368FFDE39
:10ED70005F8D05004C4B0500E40A00205002002086
:10ED8000A198050037930500B0B80500F55D0500B2
:10ED9000849805002DE9F04140F2E243D0F8886004
:10EDA000B6FBF3F60446B6B2031DBFF35B8F4268B1
:10EDB000BFF35B8F920417D5B0F88C20B24213D802
:10EDC000B0F88E20B2420FD3D0E9241291420BD179
:10EDD000BFF35B8F53E8001F21F4005143E800129A
:10EDE000002AF7D1BFF35B8F184B1D6865B155F84A
:10EDF000047C143D37B1B4F89230B4F89020314619
:10EE00002046B8476D69F1E7114DDFF85880454558
:10EE100019D91049104A114840F2FC7310F05BFEFA
:10EE20000F4810F058FE0C4840F2FC7110F04AFEFA
:10EE30002F6937B1B4F89230B4F8902031462046AB
:10EE4000B8471835E3E7F3D3BDE8F08184370020F5
:10EE5000EC4A05006793050037930500F55D050052
:10EE6000D1760500044B05002DE9F0410746084620
:10EE70000D4612F02DFC064618B900263046BDE8B6
:10EE8000F0811C4B1C6884B154F8083C143C0BB94D
:10EE90006469F8E72946384698470028EDD02846A7
:10EEA00012F016FC0028F3D1E7E7134CDFF85C8082
:10EEB000444518D91149124A124840F63D0310F052
:10EEC0000AFE114810F007FE0D4840F63D0110F013
:10EED000F9FD2946384698470028CED0284612F03A
:10EEE000F7FB20B9C9E7C9D2E368002BF1D1183488
:10EEF000DEE700BF84370020EC4A05006793050079
:10EF000037930500F55D0500D1760500044B05003B
:10EF100038B505460C460E480121FFF7CFF9B0B1D0
:10EF2000057223680367A388A0F87430A37980F87A
:10EF3000763001238370074BC0F8A830064BC0F829
:10EF4000AC30064BC0F8B030054BC0F88C3038BD43
:10EF5000A021002089F4030021E00300C31805006C
:10EF60001800280070B505460A480E46FFF754FA07
:10EF7000044620B18378012B04D0FFF77DFA0024EA
:10EF8000204670BD3246294612F0D0FC0028F7D149
:10EF90002046F2E7A0210020F0B589B000AF0D4671
:10EFA000FFF7E0FF044610B329463846FCF726FC7D
:10EFB000A37A082B96BF0F4A0F4B52F823306D46A9
:10EFC0008AB06A460D49CDE907730D4B09930D4B85
:10EFD000CDE9051442F8103F0B4800234FF442518D
:10EFE000F9F798F82046AD46FFF746FA0120243796
:10EFF000BD46F0BD0455050076950500C498050092
:10F0000001030204050000024C4B0500F8B505465B
:10F010000E480E461746FFF7FFF9044620B18378E5
:10F02000012B03D0FFF728FA00240DE036B1324659
:10F03000294612F07BFC08B92046F3E7A37ABB42CD
:10F04000FAD1237AAB42F7D12046F8BDA0210020A7
:10F0500070B58B78012B92B006460C4642D191F8E0
:10F06000703007AD032B37D8DFE803F002303234BD
:10F070001E492846F4F715FD059594F87130049360
:10F0800094F87230039394F87330029394F87430C8
:10F09000019394F87530009394F87630144A1E2149
:10F0A0000AA80FF0CDFA0AAB324610AD1C4603CCCD
:10F0B000AC4210605160234602F10802F6D120688C
:10F0C0001060A3889380304612B070BD0949D0E724
:10F0D0000949CEE70949CCE7094A0A2128460FF039
:10F0E000AFFAC9E700238DF82830DCE781860500F8
:10F0F000A3860500888605008F8605009986050091
:10F10000209E050038B5044608460D4612F0E0FA88
:10F1100048B3164B93F8D830990707D4E37883B1F6
:10F1200029462046BDE8384000F07EBB94F899306F
:10F130009A07F3D5BFF35B8F6368BFF35B8F5B0404
:10F14000ECD42946204612F011FC58B92B88A4F8BB
:10F150008C306B88A4F88E30AB88A4F89430EB88A0
:10F16000A4F8963038BD6FF01500FBE75001002081
:10F17000F7B510F8363C0446A0F140068BBB30468C
:10F1800012F03EFC424B1D684DB155F8103C143D49
:10F190001BB114F8371C304698476D69F4E73D4DB4
:10F1A0003D4FBD4216D93D493D4A3E4840F2C573E8
:10F1B00010F091FC3C4810F08EFC394840F2C571CB
:10F1C00010F080FC6B681BB114F8371C3046984770
:10F1D0001835E6E7F6D3304603B0BDE8F040FFF758
:10F1E0004BB910F83E3C012B31D1BFF35B8FA0F13E
:10F1F0003C0555E8003F23F4005245E80021002972
:10F20000F7D1BFF35B8F990429D5E36C009369466E
:10F21000636D01933046FFF775FF0346C8B9BFF32E
:10F220005B8F55E8003F23F4805345E80032002A05
:10F23000F7D1BFF35B8FBFF35B8F55E8003F43F41B
:10F24000006345E80032002AF7D1BFF35B8F03B0BB
:10F25000F0BD164A1648022112F039FBEBE7154AB9
:10F260004FF4281369463046CDE90023FFF74AFFE3
:10F27000034650B9BFF35B8F55E8003F43F480531A
:10F2800045E80032002AD4D0F6E70B4AE2E700BF97
:10F2900084370020EC4A0500044B05006793050005
:10F2A00037930500F55D0500D1760500FD98050052
:10F2B0004C4B0500180028002299050010B50E4897
:10F2C00014F0BEFD0D490C4814F0C3FD0C490A486A
:10F2D00014F0BFFD0B49084814F0BBFD12F0C8FF45
:10F2E00002F09AFB044628B913F089F9044608B9DC
:10F2F00012F02FFC204610BDE40A002060370020E9
:10F300006C3700207837002010B50268D2F8B4308E
:10F310005BB90D490D480E4A4FF43C7310F0DBFB0E
:10F320000B484FF43C7110F0CDFBD2F8B84019688F
:10F33000C2F8B410A34200F1440008BFC2F8B810EC
:10F340008342E6D110BD00BF069A0500F55D0500B9
:10F35000D59905000346024A0248012110F053BE28
:10F36000209A0500744B050080B500AF88B06A464E
:10F37000074BCDE90530032342F8103F0548002331
:10F380004FF4C251F8F7C6FE6FF00B00BD4680BDCA
:10F39000489A0500744B050008B5064A136823B95E
:10F3A000054850600A60184608BDFFF7DDFF6FF0A2
:10F3B0000B00F9E78C3700205055050070B5044666
:10F3C00052EA030007D10022134620460431BDE86B
:10F3D0007040FFF72FBA0E48007870B90D490E4AF9
:10F3E0000E4840F2463310F076FB0D4810F073FBE8
:10F3F000094840F2463110F065FBFAF7D7F8094D9D
:10F40000094ED5F8C85030588542DED1DBE700BF41
:10F41000FA4200208D73050062730500F55D05005A
:10F42000A0730500D02E00200800000073B505462B
:10F4300018462B680BB39B7A072B1ED1002A0E7A35
:10F440000CBF012302239E4209DD0D4A0D480096A0
:10F45000012110F0E2FD6FF0150002B070BDCB7A13
:10F46000072BF8D9C8618A6105F1300014F0F1FC6E
:10F47000284612F0A5FA0020EFE76FF07F00ECE7D6
:10F480006F9A0500744B05002DE9F84FD0F8B44091
:10F4900000AF0646884691463CB1443C236B5BB9BD
:10F4A0002046FFF731FF646CF6E7FDF7C3F900264D
:10F4B0003046BD46BDE8F88F04F1300A504614F0DE
:10F4C000DDFC05460028F0D0B37A072B0BD0394974
:10F4D000394A3A4840F2D63310F0FDFA40F2D631BC
:10F4E000354810F0EFFA12F08AF880B16C4688B017
:10F4F0006A46334BCDE90535032342F8103F3148C6
:10F5000000234FF4C251F8F705FEA546CFE7284681
:10F51000FAF7F0FCA56C06469DB9A38C058A403B22
:10F520009BB23F2B03D8238D9D4228BF1D4604214B
:10F5300006F10C00FAF7F8FD0580A38C4380043532
:10F54000A56445452BD8B6F810B0AB4512D10022C2
:10F55000002350460AF080FA864209D01A49164A1A
:10F5600016484FF4816310F0B6FA4FF48161B7E7A3
:10F57000FAF77EFCA38CA3F140023F2A07D8AB45E3
:10F5800014BF0022114AB26118BF1346F36120462E
:10F59000FFF7BAFE236B13B1204612F011FAA36CE9
:10F5A000C9F80030984534BFA3EB08010021A164DD
:10F5B0007EE700BF8F9A0500D5990500F55D05002F
:10F5C000B09A0500744B0500C89A0500031B05009E
:10F5D0002DE9F341424D434F04464FF00008BD4230
:10F5E00079D94149414A42484FF4D37310F073FA34
:10F5F000404810F070FA4FF4D37110E029884B1E88
:10F600003E2B0FD9394A3C49394840F2A91310F032
:10F6100062FA2988394810F05EFA40F2A91133489D
:10F6200010F050FA204612F062FA0646019068B1D6
:10F630002E4A33492E4840F2AD1310F04CFA298877
:10F64000304810F048FA40F2AD11E8E76B6801A9C4
:10F6500020469847002839DB019B2A889A829A84A1
:10F6600003F11002BFF35B8F52E8001F42E8006015
:10F670000028F9D1BFF35B8F5E649E649E60A16B2E
:10F6800003F1080221BBC4E90D221C60C3F80C8001
:10F6900003F1300014F0D4FB019843681B6803B1F8
:10F6A0009847019BBFF35B8F103353E8001F41F075
:10F6B000010143E80012002AF7D1BFF35B8F0198E4
:10F6C0004368DB6913B100F110019847083586E7FC
:10F6D0000A60A263D9E791D302B0BDE8F08100BF10
:10F6E000D44A0500EC4A0500719B0500D599050038
:10F6F000F55D0500D1760500D89A0500079B050049
:10F70000329B0500469B050073B50D460646042155
:10F7100005F10C00FAF746FD2B8A42889A4204460E
:10F7200007D000921C4A1D48012110F076FC02B05F
:10F7300070BD43783BB91A4A1848012102B0BDE8B0
:10F74000704010F057BC0378012BF0D0132B06D17A
:10F75000022AECD0022300931346124AE3E7124A2E
:10F760000E48022110F04FFC61783568022201201A
:10F7700012F0A3F904460028D9D002210C30FAF780
:10F7800099FC0023037043702146284602B0BDE86F
:10F79000704012F0C3B900BF989B0500744B050080
:10F7A000B99B0500DA9B0500059C050008B50B8A8E
:10F7B000032B06D8044A0548012110F01BFC002049
:10F7C00008BDFFF7A1FFFAE72D9C0500744B05006B
:10F7D00038B50B8A032B05460C4609D80F4A10484A
:10F7E000012110F007FC2046BDE83840FAF740BB85
:10F7F000042104F10C00FAF7D5FC4188284612F0E8
:10F800009EF930B9074A06480B46022110F0FBFB6F
:10F81000E9E7436821465B699847E4E74B9C0500AC
:10F82000744B0500689C050070B5144A13780133C9
:10F830000C4613F0FF010CBF01230B461370064664
:10F8400008BF19460822122012F037F9054688B180
:10F8500008210C30FAF72EFC228802806288428050
:10F86000A2888280E288C28029463046BDE8704086
:10F8700012F054B96FF00B0070BD00BFEF410020D3
:10F8800023281FD81A2804D8431E182B0ED9062067
:10F890007047A0F11B03082B1ED8DFE803F0051DFD
:10F8A0001B231D19251D0500032070470F4A012346
:10F8B00083401A40C2B90E4A1A40002A0CBF0620E3
:10F8C0000120704700F07F03522B05D100207047C4
:10F8D000012070470520704710F0400F14BF002032
:10F8E000062070470420704702207047AAAA8A02A7
:10F8F0005455450138B50446EFF31185402383F391
:10F900001288BFF36F8F24480CF01CFC68B9234A9F
:10F9100023492448842310F0DEF81F49224810F0C0
:10F92000DAF884211D4810F0CDF81B480CF02EFCAD
:10F93000002323601D4B5A689AB9C3E90044164856
:10F940000CF00EFC80B9154A194916484FF499730A
:10F9500010F0C1F81049174810F0BDF84FF4997134
:10F96000E0E714605C60EAE785F31188BFF36F8F0E
:10F9700011480AF07FFD031E0CDA104A10480121DD
:10F9800010F041FB002383F31188BFF36F8F032333
:10F99000184602DF38BD00BFE0370020F1730500D4
:10F9A0001E740500F55D050033740500D83700208E
:10F9B00049740500607405001C0600209D9C05002C
:10F9C0003C4B0500011F014809F0FCBA9C090020CE
:10F9D00008B50B4B1B7873B90A490B4A0B4840F228
:10F9E000463310F078F80A4810F075F8064840F2EF
:10F9F000463110F067F8F9F7D9FD064B185808BDE5
:10FA0000FA4200208D73050062730500F55D050064
:10FA1000A07305000800000010B50446807AFAF7CC
:10FA200043F80B4B83420BD00A490B480B4A4FF467
:10FA3000B57310F050F809484FF4B57110F042F862
:10FA40002046FAF739F8064B182202FB003010BDA9
:10FA50002C0B0020F59C0500F55D0500C69C0500FB
:10FA6000E43700202DE9F84F074608460C46FFF71B
:10FA7000D3FFE368D0F808900646BFF35B8F3A6D7A
:10FA8000BFF35B8FD20709D4294A2A48012112F01B
:10FA900083F86FF015052846BDE8F88F228A5AB919
:10FAA00025492648264A4FF4DA7310F014F8244802
:10FAB0004FF4DA7110F006F8E26812780271002251
:10FAC00002601B78D22B0FD13B682146186812F0D8
:10FAD00093FD054640B11B4A1648012112F05CF81F
:10FAE0002046FAF7C5F9D6E70023D4F80C80D4F8FD
:10FAF00014B0B4F810A0B7601A462146381DFFF7BD
:10FB000095FC05460028C6D010F1690F04D10E4AB5
:10FB10000848012112F040F86369A4F810A0A8EB8E
:10FB20000B0813FA88F3E360C6F808903560B2E773
:10FB3000219D05003C4B05003B9D0500F55D050042
:10FB4000C69C0500619D0500749D0500024A03489E
:10FB5000012112F021B800BF979D05003C4B050024
:10FB600010B500F14C030446BFF35B8F53E8001F50
:10FB700041F0010143E80012002AF7D1BFF35B8F87
:10FB8000201F12F0A0F804F16C0004490AF090FD67
:10FB90002068BDE8104001F005BF00BFB50B0400B0
:10FBA00073B50E46438D418B8B4202F1010228BF93
:10FBB0000B469A42054609D91B48009202211B4A6E
:10FBC00010F02BFA0024204602B070BD3046FFF73B
:10FBD00057FE6FF01403034113F001030ED0FFF73B
:10FBE000F7FE134BD3F8C83083421AD0114B1B6871
:10FBF0001A1A18BF4FF0FF32134601E04FF470227B
:10FC00000D480021FFF7DAFB04460028DBD0FFF7A0
:10FC100003FF0121856004F10C00FAF74BFA06702E
:10FC2000D1E70022E8E700BF3C4B0500B49D05008A
:10FC3000D02E00202C3800202C0B0020F0B51D46C3
:10FC400003680E46003987B0044618BF01211868C2
:10FC5000174612F091FC40B904F1500012F0D8F8A8
:10FC6000002846D0002007B0F0BD002D43D0182258
:10FC70000021684614F0A5FA6FB100221321204636
:10FC8000FFF78EFF019030B91C481D4A012111F089
:10FC900083FF1120E7E723681A4A1B6800930023BB
:10FCA000ADF812300C9B0393BDF83430ADF8103032
:10FCB00001238DF8143029466B4628468DF80860DC
:10FCC00012F082F89DF8143063B1002FCAD0019869
:10FCD000FAF7CEF89DF814302A463146204612F045
:10FCE000A6F8BFE701990029BCD0204612F05EF8C3
:10FCF000B8E71220B7E70120B5E700BF3C4B05008D
:10FD0000D99D05009D1B05002DE9F3410B8A044692
:10FD10000D4643B9294A2A48012111F03DFF002030
:10FD200002B0BDE8F0810768012105F10C00FAF787
:10FD300039FABB7A072B0646F1D154F8043C002B64
:10FD4000EDD003781F4F043C002217F83200984290
:10FD50004FEAC20807EBC20114D12A8A48789042C0
:10FD600026D91748009301211346174A10F055F978
:10FD700004234744BA78012AD1D1002BCFD031785F
:10FD8000002211E001320C2ADFD1104A0C48022176
:10FD900010F039F931780846FFF772FD2122C24090
:10FDA00012F00102BBD10623204612F040F8B6E75C
:10FDB0004B682046294698470346DAE7F29D05003E
:10FDC0003C4B050078550500279E05000D9E05005B
:10FDD000F8B54FF47022074600230F480D4610F087
:10FDE00047FA044638B90D4A0D482B46012110F058
:10FDF0000AF92046F8BD00F10C0609213046FAF751
:10FE000037F92046FFF708FE012187603046FAF7F0
:10FE100051F90570EDE700BF2C0B0020209A05007A
:10FE20003C4B05002DE9F0410E8A043EF6B2022E4D
:10FE300004468CB0084601D0102E64D104210C3049
:10FE4000FAF7B0F90DF1080805884788011D324618
:10FE5000404611F07FFB002857D0A5B300268FB392
:10FE6000AF4230D34FF4205301A940468DF80460CF
:10FE7000ADF8063011F041FB48BB1422002107A861
:10FE800014F09FF911212046FFF7A2FF09900028E6
:10FE900037D001210C30CDE90748FAF70BF90023E0
:10FEA0000A90394603701A4A0B93284607AB11F0A3
:10FEB0008BFFDDE909131B78FBB90846F9F7D8FF7A
:10FEC0000A2301E03D4601232A4610210EE042F6B6
:10FED000010307A940468DF81C60ADF81E3011F0F3
:10FEE0000CFB0028C9D010232A461946204611F0E1
:10FEF0009EFF00200CB0BDE8F081204611F056FFB7
:10FF0000F7E71120F6E70420F4E70E20F2E700BF40
:10FF1000690404002DE9FF41036804460D46186892
:10FF2000012112F029FB40B904F1500011F070FFDB
:10FF3000A0BB122004B0BDE8F08110220021684669
:10FF400014F03FF921212046FFF742FF029038B319
:10FF5000009405F10C074FF001082B8A012B04D8FF
:10FF60000299204611F022FF18E0384610F0B6F949
:10FF70006B460C4A8DF80C800146064611F024FFB2
:10FF80009DF80C30002BE8D00298F9F771FF9DF82E
:10FF90000C3032462021204611F049FF0020C9E7ED
:10FFA0001120C7E7812005002DE9FF4103680446C1
:10FFB0000D461868012112F0DFFA40B904F1500033
:10FFC00011F026FFA0BB122004B0BDE8F081102282
:10FFD0000021684614F0F5F80F212046FFF7F8FEDF
:10FFE000029038B3009405F10C074FF001082B8AFA
:10FFF000012B04D80299204611F0D8FE18E03846AB
:020000024000BC
:1000000010F06CF96B460C4A8DF80C8001460646E0
:1000100011F0DAFE9DF80C30002BE8D00298F9F7C9
:1000200027FF9DF80C3032460E21204611F0FFFECE
:100030000020C9E71120C7E705210500F0B51D46DE
:10004000036885B004460E4618680121174612F071
:1000500093FA38B904F1500011F0DAFE50BB1220C7
:1000600005B0F0BD65B310220021684614F0A9F870
:1000700039462046FFF7ACFE029018B3BDF8283091
:10008000ADF8043001238DF80C3029466B460E4A3A
:100090000094284611F098FE9DF80C3002995BB14F
:1000A0000846F9F7E5FE9DF80C302A463146204611
:1000B00011F0BDFE0020D3E7204611F077FEF9E7EE
:1000C0000120CDE71120CBE7052105002DE9F04106
:1000D0000E8A043EF6B2022E04468CB0084601D0C9
:1000E000102E76D104210C30FAF75CF80DF10408DB
:1000F00005884788011D3246404611F02BFA00283A
:1001000069D085B377B3BD422DD86068012112F064
:1001100033FA064678BB8DF8000042F602036946C2
:100120004046ADF8023011F0E8F920B342F603037F
:1001300006A940468DF81860ADF81A3011F0DDF9C7
:10014000C8B1012D03D14FF6FF739F4213D004F1C4
:10015000500011F05DFE002814BF002012200CB0EA
:10016000BDE8F0813D4601232A460821204611F0D2
:100170005EFE0020F3E7182200210DEB020014F0D0
:1001800020F809212046FFF723FE0890F8B101214D
:100190000C30CDE90648F9F78DFF00230990037074
:1001A0000A238DF82C30394606AB0C4A284611F04C
:1001B0000BFE9DF82C3008992BB10846F9F758FE34
:1001C0009DF82C30D0E7204611F0F0FDD1E711204A
:1001D000C5E70420C3E70E20C1E700BF21050400E6
:1001E0002DE9F0430F4687B00446062107F10C00C5
:1001F000F9F7D8FF0588EDB1B0F80280B8F1000F2B
:1002000017D0454516D8002382888DF800308DF828
:10021000043001A94FF420536846D7F80C90ADF88C
:100220000220ADF8063011F068F9064660B10A23E5
:1002300001E0454601232A460621204611F0F7FD3C
:10024000002007B0BDE8F0830146142201A83F7CDE
:1002500013F0B7FF07212046FFF7BAFD0290D8B18F
:100260000A238DF81530414601AB0C4A019428460B
:10027000CDE903698DF8147011F0A6FD9DF81530D5
:1002800002992BB10846F9F7F3FD9DF81530D2E736
:10029000204611F08BFDD3E71120D2E70D030400B7
:1002A0007FB5CB681D8804468DB15E8876B1B542B6
:1002B0000DD810220021684613F083FF0521204647
:1002C000FFF786FD019058B9112007E0354601235C
:1002D0002A460421204611F0AAFD002004B070BD7A
:1002E0006B463146084A0094284611F06DFDDDE961
:1002F000011323B90846F9F7BBFD0A23E8E72046B6
:1003000011F054FDE9E700BF0F1C05002DE9F04393
:1003100091B0D2F8008006460F46002542F6010350
:100320000068D8F804908DF82C500BA91446ADF84D
:100330002E3011F0E2F800286DD04FF420533068D1
:100340008DF82C500BA9ADF82E3011F0D6F838B13D
:10035000A3681BB15A88BA4200D25F80012010E026
:100360006168084611F000FCB8F82A20B8F81A3085
:100370009A4294BFC0EB0200C0EB0300032803D8ED
:10038000002011B0BDE8F0830846F9F7CBFD6168A5
:100390000546084611F0E8FB6B8A2A8AA3EB020C9B
:1003A0006B69EA68D21AACEB0203B8F82AC0B8F855
:1003B0001A20944594BFC0EB0C00C0EB02008342AE
:1003C00028BF03466BB9887AF9F76EFB0022002339
:1003D0000FF04EFF05460028D2D001466068F9F7BD
:1003E000E7FD00230093D6F804803146102302AACB
:1003F0004846C047061E0EDB227CE068964227D0A6
:1004000001460BA811F0A6F840B9237C134A144802
:1004100002210FF0F8FD0023A3609FE7F2B202A9CA
:1004200006A811F097F810B90E4A3346EFE706A96F
:100430000BA811F062F80028EDD1002363740421A9
:1004400005F10C00F9F736FEA0600780A36884E789
:10045000324602A913F0BDFEEDE700BF469E05003F
:100460003C4B0500659E05002DE9FF4105460E4603
:100470004FF000084FF42053006817688DF808808B
:1004800002A91446ADF80A3011F037F8A0B142F6CF
:10049000010328688DF80C8003A9ADF80E3011F027
:1004A0002CF848B123691BB15A88B24200D25E8051
:1004B000012004B0BDE8F0816168286811F01DF8E2
:1004C00010B100232361F3E7E368A0681A786AB1EA
:1004D000B7F81AC0798D038A8C4594BFC3EB0C031F
:1004E000C3EB0103934201DA0020E2E704210C3060
:1004F000F9F7E0FD2061068023695E80074B0093D9
:100500000194A26800232946384611F030FD0028E6
:10051000EADB2069003818BF0120CAE72F1D05005B
:100520002DE9F34717680546894600685168D7F8F2
:1005300004A0144610F0E1FF804600284BD195221C
:100540002946504611F0C5FF0646207540B1E368C4
:100550001B780BB184F81480002002B0BDE8F0874E
:100560002946504612F00BF810B908232375F3E71B
:10057000A0682675F9F7D6FC02210C30F9F79AFD30
:10058000164B2061A0F8009000930194A2683346B6
:100590002946384611F0EBFC002807DA10F1FF0F6E
:1005A00026BF4042C0B20E202075D5E72369002B3C
:1005B000D2D0A06811F0D8FA7B8D7A8B9A4294BF82
:1005C000C0EB0200C0EB0300E3681B78984294BFC5
:1005D00000200120C1E70120BFE700BF791B050013
:1005E0002DE9F04182B000AF044688463D48002224
:1005F0000023394608F05AFC0546B0B16D4688B074
:100600006A46394BCDE90534032342F8103F374899
:1006100000234FF4C251F7F77DFDAD466FF00B0696
:1006200030460837BD46BDE8F081FFF7D1F9304BC1
:10063000282218602946386813F0C3FD3B682D480E
:100640001C603C687D60C4E90155C4E9085500227E
:100650000023391D08F02AFC064688B123686C4641
:1006600088B06A462449CDE90513032342F8103FB8
:100670001E482B464FF4C451F7F74CFDA546CDE775
:100680000146A822786813F09CFD78681B4B8360B4
:10069000583013F0D5FB7B68BFF35B8F503353E8C2
:1006A000002F43E800610029F9D1BFF35B8F7B681D
:1006B0001C60236A7D681BB904F10C0013F0C0FBB9
:1006C000226AC5F8A020626A05F1A003236202B97C
:1006D00063627B6817225A855A830433C8F8003056
:1006E0009EE700BF7C090020849E05003C4B05006E
:1006F0002C3800209C090020A99E0500F40500204C
:1007000008B5837A072B06D00C4A02210C4811F059
:1007100043FA002008BD042111F011FA10B9094A6A
:100720000121F3E7BFF35B8FC36CBFF35B8FDB0784
:1007300001D4054AF4E750F8040CEBE7CE9E05001F
:100740003C4B0500DC9E0500219D05002DE9F04F86
:1007500085B000AFB860EFF31188402383F31288AF
:10076000BFF36F8F70480BF0EDFC68B96F4A7049AA
:10077000704884230FF0AFF96B496F480FF0ABF965
:1007800084216A480FF09EF96C4D67480BF0FEFC1F
:10079000284611F0DFF9044663482E680BF0E0FCB0
:1007A00068B9624A664963484FF499730FF093F948
:1007B0005D4964480FF08FF94FF49971E1E788F3D0
:1007C0001188BFF36F8F002C5CD02046FFF724F90F
:1007D00000210369FB601822D0E90258D0F800A07C
:1007E00090F80490B0F806B013F0EBFCA07AF9F79B
:1007F0005BF96169034659B1627AD00706D45A6A37
:100800007B6012682046926890477B680022626194
:100810002146184613F028FBB9F1000F0DD065B141
:100820002B6853B11B6843B1BAF1000F2ED0464A72
:100830004648534601210FF0E6FB1EB3B96800207D
:1008400013F081FB00281DDA6C468AB06A46404BE3
:100850000593404BCDE906304FF40073ADF82030DE
:100860003D4B42F8103F394800234FF41151F7F740
:1008700051FC0023A54683F31188BFF36F8F032338
:10088000184602DF1437BD46BDE8F08F281D11F071
:1008900069FC4846FEF7F4FF012101FA00F010F070
:1008A0001404CAD110F0090F19D110F0220F2BD067
:1008B000BFF35B8F2B6DBFF35B8FDA0704D4274A3E
:1008C000224811F069F9B8E76B6D002BB5D04FF4F1
:1008D0007022002305F170000AF022F8ADE72B68C2
:1008E000D3F80090BFF35B8F2B6DBFF35B8FDB07FB
:1008F000E5D5B8F1000FA0D0A3B29B459DD9F9680A
:100900004846C0470134F7E7154A1649094840F2FE
:1009100016330FF0E0F8144806210FF0DCF8104809
:1009200040F216312EE700BFE0370020F1730500DA
:100930001E740500F55D050033740500D8370020EE
:100940004974050060740500F79E05003C4B0500E6
:100950002F9F05001DC6050004000001219D050014
:10096000C69C0500B0B80500169F0500F8B50F46F7
:100970001646FFF7C5FEB0B1046A20461CB150F818
:10098000A04904B1A03C731C194638B1428B458D77
:10099000AA4228BF2A469A4207D264B90A4A0B489B
:1009A00002210FF030FB0020F8BD32463946BDE889
:1009B000F840FFF7F5B8D4F8A05005B1A03D2046A7
:1009C0000B462C46E2E700BF4A9F05003C4B050062
:1009D00037B50023019305460C46FEF7F9FF0E4B91
:1009E0001B68834204D00D4BD3F8C830834201D139
:1009F00000252C4601A90A482A46234608F056FA43
:100A0000014630B90198102213F0DBFB019803B0C6
:100A100030BD0020FBE700BF2C380020D02E002086
:100A2000BC09002010B50446806818B1F9F720FA17
:100A30000023A36021460248BDE8104008F0C2BA76
:100A4000BC0900202DE9F743044670300F4690465C
:100A50001E4609F06BFF606D50B9154A154802211A
:100A600011F09AF8204603B0BDE8F04300F08AB8D0
:100A7000114B98424FF0000317D045684360606DFA
:100A8000D0F80C90FFF7CEFF00232068636511F0CB
:100A90009EFB3DB12068CDF80090006843463A4681
:100AA0003146A84703B0BDE8F0831D46ECE700BF20
:100AB000659F05003C4B050030380020F7B550F825
:100AC000044C0546002C59D000F19C0104F1200093
:100AD00011F085F92E1F05F1540700220023384636
:100AE00008F0BAFF024678BB2B6D2BB101466FF0C0
:100AF00067033046FFF7A6FF002345F8043C05F1E5
:100B00004C03BFF35B8F53E8001F21F0010143E862
:100B10000012002AF7D1BFF35B8F236A73BB04F185
:100B20000C0600220023304608F096FF78B966686C
:100B300086B913482660214608F044FA286803B0B5
:100B4000BDE8F04000F05EBFF9F792F9C5E7F9F7AC
:100B50008FF9E6E7A26833686360964208BFA36036
:100B600077683FB1F3680093002320681A466FF05E
:100B70006701B8473046FFF755FFD8E703B0F0BD2F
:100B80007C09002010B504460430FFF797FF606829
:100B90001321FDF7A7FE034630B1044A0448BDE81F
:100BA000104001210FF02FBA10BD00BF7C9F05003F
:100BB0003C4B0500F0B5044689B054F8703D00AFD9
:100BC00019683846FEF744FA6E4688B06A460B4B01
:100BD000CDE905374FF40073ADF81C30084B42F8EF
:100BE000103F00234FF4E2510648F7F793FA2046EE
:100BF000B546FFF7C7FF2437BD46F0BD9A9F0500F5
:100C0000030000013C4B050070B50D4658B9224960
:100C1000224A234840F6CA730EF05DFF40F6CA71BF
:100C20001E480EF04FFF49B91E491C4A1C4840F6A9
:100C3000CB730EF050FF40F6CB71F1E7FFF760FD8C
:100C4000044628B92846F9F713F96FF07F0070BD04
:100C500000F10C062946304613F0FBF8246AC4B1B3
:100C600054F8A05905B1A03D0022104607E02246E5
:100C70007DB1D5F8A03003B1A03B2C461D46831CA6
:100C800001D1002AF4D13146204611F017F900288D
:100C9000EDD10020DBE700BFE9970500C69C050009
:100CA000F55D0500818B050038B50C46054658B941
:100CB0001849194A194840F6DF730EF00CFF40F648
:100CC000DF7115480EF0FEFE49B91549124A134866
:100CD0004FF47E630EF0FFFE4FF47E61F1E70AF001
:100CE00071FC2846FFF70CFD20B90AF0DDFC6FF01F
:100CF0007F0038BD0023236083683BB9C0E901440D
:100D000011F065FA0AF0D0FC0020F2E71C60846064
:100D1000F6E700BFE9970500C69C0500F55D0500F4
:100D2000C69F050010B5074C2378834208D10722DF
:100D3000601C13F04EFA00280CBF2046002010BDA6
:100D40000020FCE74A4100202DE9F04180460F4693
:100D500016461D46FFF7E6FF0446A8B91449FFF7FB
:100D6000E1FF044630B9134A1348BDE8F0410121C0
:100D70000FF040B9034603F8018B3A68C0F8012030
:100D8000BA889A80BA799A7123892BB962892AB96B
:100D900026816581BDE8F0819E4204D36289AA4222
:100DA000F8D29E42F5D263892681AB42F2D2F0E7B7
:100DB000DFC50500D19F05005C4B05000C48BFF363
:100DC0005B8F50E8003F23F0020340E80032002A26
:100DD000F7D1BFF35B8FBFF35B8F0368BFF35B8F0C
:100DE000DB0704D500220023303809F099BD704795
:100DF000C02200202DE9F041254B164682689A4218
:100E0000074602D1C46863892BBB0120BDE8F0818D
:100E100006F17008307A414610F07CFC88B91D4B11
:100E20009C4202D1304611F083FA1B4B1A68C4F879
:100E300001209A889B79AB710023AA8023702381BB
:100E40001EE0336FC4F80130B8F80430AB8098F876
:100E50000630AB7114E0238993B12546304615F86E
:100E6000011B2A4610F062FD0028D1D120782946C6
:100E7000FEF778F820B1857AFDF7FEFA072DC4D089
:100E8000E36800216181002BBFD038469847BCE75A
:100E9000C90E040034060020DFC5050010B54B1C48
:100EA0000C4630B109781A4610F040FD40B120469A
:100EB00010BD04490722184613F08BF90028F6D01C
:100EC0000020F5E7DFC505002DE9F8431E46BDF813
:100ED0002030D1F80C8081460F46002B50D1731E74
:100EE000012B50D8012E41460CBF15781588FFF70D
:100EF000D5FF0446F0B915B93046BDE8F883414640
:100F0000FFF7CCFF044638B92048214A02210FF0F0
:100F100071F86FF01000F0E7D9F87030C0F80130C8
:100F2000B9F87430A0F8053099F87630C37199F8A3
:100F300008300370D8F81030B3B92581B8F80A30FA
:100F4000AB4203D04146384611F0C6F9002DD3D14B
:100F5000104B25701A68C4F801209A889B79A4F870
:100F60000520E3712581C7E72A4639464846984758
:100F70000028C2DB01380128DFD96FF00D00BCE783
:100F80006FF00600B9E76FF00C00B6E75C4B0500A8
:100F9000F09F0500DFC5050010B5224ABFF35B8F47
:100FA00052E8003F43F0010142E800100028F7D169
:100FB000BFF35B8FDB0734D4BFF35B8F52E8003F96
:100FC00043F0020142E800100028F7D1BFF35B8F25
:100FD00013F002031FD1144814490288144CA14293
:100FE00016D903B102801349134A144840F26B53D7
:100FF0000EF071FD12480EF06EFD0F4840F26B517D
:101000000EF060FD4B681A4492B208310123E6E706
:10101000F8D303B10280BDE810400A490A4809F03C
:1010200047BB10BD5838002056410020044B050036
:101030001C4B050041A005000AA00500F55D050058
:10104000D1760500D9150400902200202DE9F04149
:10105000034698B3008A88BB1A49DFF87CE0012474
:101060004FF0140C714528D91749184A184840F216
:10107000E7630EF030FD17480EF02DFD134840F2E7
:10108000E7610EF01FFDD1E90076BB4204D30CFBF3
:101090000672143A93420ED93444A2B2083114466F
:1010A000E0E70CFB057843450AD001356219B542EB
:1010B00092B2F6D1F2E70025F8E7E4D3BDE8F0817B
:1010C0001046FBE7044B05003AA005000AA0050006
:1010D000F55D0500D17605001C4B05002DE9F74FA5
:1010E000BDF83050009199464FF6FF73002D08BFB0
:1010F0001D462B4B1B8883420746904632D203B0D5
:10110000BDE8F08F89580193404610F0F6F9019B35
:1011100090B101340AF1010AA4B2736853452CD985
:10112000009B9C42EBD8BC42F3D331680BFB0AF224
:101130008B18B8F1000FE5D1B9F1000F0BD1013DCB
:10114000ADB218460E9A0D9B21469847002DD6D079
:101150000028DED1D3E7DA689145DAD1EFE74FF026
:10116000000ADAE70F4E01244FF0140B06E0C6D256
:1011700073682344BB42F2D29CB208360A4B9E42AB
:10118000F5D90A490A4A0B4840F2AF730EF0A3FCA6
:1011900009480EF0A0FC064840F2AF710EF092FC38
:1011A00056410020044B05001C4B05003AA00500E9
:1011B0000AA00500F55D0500D176050007B50023FE
:1011C0000193FFF743FF411C89B20846034A01AB74
:1011D00011F074F9019803B05DF804FB9D2205003D
:1011E0002DE9F04387B00C4602AF1546804670B932
:1011F0007449754A754840F60E530EF06CFC7448FD
:101200000EF069FC40F60E516F480EF05BFC61B9C0
:1012100070496D4A6D4840F60F530EF05CFC6C4807
:101220000EF059FC40F60F51EEE7837A072B40F0A1
:10123000C38000233B73206842F6030307F10C01CF
:10124000FB8110F05AF90646002843D1D4F80490E7
:10125000B9F1000F05D1604A604801210EF0CAFEC5
:10126000AAE00123009007F108022146C847031EA7
:1012700011DA6D4688B002AA5949D3610423C2E944
:10128000051442F8103F554833464FF40151F6F724
:1012900041FFAD4690E0012B05D0524A4F48012155
:1012A0000EF0B1FE88E03B7A13F0300F00F084803E
:1012B0002046FFF783FF044660B94649424A434847
:1012C00040F62D530EF007FC47480EF004FC40F6A4
:1012D0002D5199E7002320683B7307F10C0142F67A
:1012E0000213FB8110F009F988B12046FFF766FF71
:1012F000044660B93749344A344840F633530EF057
:10130000EAFB39480EF0E7FB40F633517CE7002654
:1013100042F6021920683E703946A7F8029010F094
:10132000ECF818BB002320683B7307F10C0142F670
:101330000213FB8110F0E1F8064600283CD1D4F8F6
:101340000490B9F1000F86D00090022307F10C023F
:1013500021464046C847031E8BDB022B9DD1BB892B
:1013600005EA0300003818BF012026E020683E711E
:1013700042F60303391DFB8010F0BFF80028D1D0DE
:1013800020683E724FF4205307F108017B8110F072
:10139000B4F80028C6D020683E7342F6010307F176
:1013A0000C01FB8110F0A9F80028BBD02046FFF704
:1013B00005FF04460028ADD100201437BD46BDE826
:1013C000F08300BFE99705000AA00500F55D050060
:1013D00069A005007EA0050083A005005C4B050008
:1013E00097A00500BDA00500D6A005002DE9F84393
:1013F00089465168B1F8128018F0940807461546DE
:101400003CD10222FFF7ECFE00283AD04FF47020C6
:101410000021AE8AFFF7DCFA0236044660B11A4BAF
:101420004360C56032461D213846FFF79FFA0646E5
:1014300038B92046FFF7F6FA6FF00B052846BDE8ED
:10144000F88301234246414610F01CFFA98A06F1A9
:101450000C000231F8F72EFE20F8029BAA8A2969B7
:1014600012F088FEA66021463846FFF71DFC0546AF
:101470000028E3D02046FFF7D5FADFE74FF0FF352D
:10148000DCE76FF01505D9E7A322050030B5054666
:101490008BB00C4671B94849484A494840F6B333C5
:1014A0000EF019FB47480EF016FB40F6B3314348E7
:1014B0000EF008FB4B6873B90B6863B942493F4AA9
:1014C0003F4840F6B4330EF006FB3E480EF003FBF7
:1014D00040F6B431EBE73D4BBFF35B8F1B68BFF3C6
:1014E0005B8F5A0761D515B1AB7A072B60D1606865
:1014F0000590FFF7ABFD2268ADF818003AB305A9D7
:101500000291334901910121002300914FF6FF71AF
:101510000593FFF7E3FD059B1BB96FF001000BB0CE
:1015200030BD6360059B186800238DF8103004A956
:1015300042F60303ADF812300FF0DFFF70B90598E3
:10154000C3689B799B0605D46FF01500E7E7002878
:10155000E8D1E2E710F063FFADF81800BDF818001D
:101560003DB101230146A37522462846FFF73EFF01
:10157000D5E76FF07F0307930223ADF8203042F6E2
:101580000213ADF8123005ABA5750293114B019310
:101590000123009304AA2B464FF6FF7109948DF89E
:1015A0001050FFF79BFD0798B9E76FF00A00B6E708
:1015B0006FF07F00B3E700BFECA005000AA00500B4
:1015C000F55D0500F3A0050009A105002402002037
:1015D000D1220500B918040037B50346A0F1200157
:1015E00000F13004BFF35B8F026BBFF35B8FC2F37C
:1015F000400092070ED51F491F4A204840F2BA43C7
:101600000EF069FA1E480EF066FA1B4840F2BA4125
:101610000EF058FA53F8082C0192BFF35B8F54E890
:10162000002F22F0010244E80025002DF7D1BFF37E
:101630005B8F144A43F81C2C134A43F8182C01AA58
:1016400043F8102C042223F8080C23F8060C23F886
:101650000C2CFFF71BFF58B9BFF35B8F54E8003F1A
:1016600043F0020344E80032002AF7D1BFF35B8F56
:1016700003B030BD26A105000AA00500F55D0500F8
:1016800057A1050014560500BD0D0400F8B5304BF8
:101690008168994200AF044621D1C6681568338934
:1016A000EBB13246284612F8011B10F03FF9B0B1F9
:1016B0004FF495722146284610F00BFF032811D1F4
:1016C0006D4688B06A46234BCDE9053442F8100FC9
:1016D000214800234FF4C451F6F71CFDAD4601200C
:1016E000BD46F8BD3146204610F0F6FD1B4B9E422C
:1016F000F5D1287A05F17001FFF714FB04460028A4
:10170000EDD0038913B94389002BE8D02846FDF7B3
:1017100061F8134B228923F8202003EB80036289B0
:1017200010495A80182202FB00110F4A4A600B61CF
:101730000E4A8A60042328468B82FFF7A7FE002802
:10174000CDD00B4A044801210EF054FCC7E700BF7E
:10175000C90E040072A105005C4B05003406002090
:10176000464100204038002014560500092305009A
:1017700086A1050030B505468BB00C4671B94649C7
:10178000464A474840F6D2230EF0A5F945480EF0E8
:10179000A2F940F6D22141480EF094F94B6873B992
:1017A0000B6863B940493D4A3D4840F6D3230EF0EB
:1017B00092F93C480EF08FF940F6D321EBE73B4B12
:1017C000BFF35B8F1B68BFF35B8F5A075DD515B105
:1017D000AB7A072B5CD160680590FFF737FC226875
:1017E000ADF818003AB305A90291314901910121E0
:1017F000002300914FF6FF710593FFF76FFC059BE7
:101800001BB96FF001000BB030BD6360059B186819
:1018100000238DF8103004A942F60303ADF812300E
:101820000FF06BFE70B90598C3689B79DB0605D491
:101830006FF01500E7E70028E8D1E2E710F0EFFDD0
:10184000ADF81800BDF818002DB101462246284613
:1018500010F05DFED7E742F60212ADF8122005AA9D
:101860006FF07F030292134A07930123CDE9003200
:10187000ADF8203004AA2B464FF6FF7109948DF87D
:101880001050FFF72BFC0798BDE76FF00A00BAE78E
:101890006FF07F00B7E700BFECA005000AA00500CD
:1018A000F55D0500F3A0050009A105002402002054
:1018B000D1220500B9180400F8B5364B15468268E8
:1018C0009A42044601D00120F8BDC768324B9F42BE
:1018D00046D03A89AB899A42F5D1394611F8010BC5
:1018E000FDF740FB06460028EDD0837A072B05D094
:1018F000FCF7C2FDE7E7FCF7BFFDEAE77B6923B130
:101900002146984708B93046F2E7648A14F09404F7
:10191000F9D1AB89022B16D13C8914F002040AD00C
:101920002A69A9883046FFF761FD044618B92A697B
:10193000937D013393753046FCF79EFD002CAC601F
:10194000C1DA0020C0E7012BF5D13C8914F0010475
:10195000F1D02A69A988304610F0D9FD0446EAE79B
:101960000E4E0F490722304612F033FC0028B0D04B
:1019700016F8010C07223146FDF748FB0028BAD1C2
:101980002B6916F8010C1A69314653881288FFF743
:10199000DBF99EE7C90E0400340600204B4100200D
:1019A000DFC5050007B5064A00906B4601204FF6DB
:1019B000FF718DF8040010F081FD03B05DF804FBA9
:1019C0008D1604002DE9F0410D4B1B6806460F46AD
:1019D000904623B153F8044904B1043C0BB9BDE867
:1019E000F0811B681BB142463946304698472CB1FE
:1019F000656805B1043D23462C46EFE72546FAE726
:101A00005C3800200346034A4FF6FF71012010F0B6
:101A100055BD00BFF50D04007FB54FF42052ADF861
:101A2000162004AA02920B4A00230120CDE90032BD
:101A30004FF6FF7105AA04938DF81430FFF74EFBA3
:101A4000049B012B14BF6FF01500002007B05DF858
:101A500004FB00BF8725050080B500AF88B06A464B
:101A6000074BCDE90530032342F8103F054800231A
:101A70004FF4C251F6F74EFB6FF00B00BD4680BD30
:101A8000ABA105008C4B050008B5064A136823B9C5
:101A9000054850600A60184608BDFFF7DDFF6FF08B
:101AA0000B00F9E7643800203C56050008B50649EC
:101AB0000648074A40F207330EF00DF8044840F29A
:101AC00007310DF0FFFF00BF818B0500F55D0500BC
:101AD00095830500F8B5036900AF0C4603F1A00536
:101AE000BFF35B8FD3F8A030BFF35B8FC3F38003EA
:101AF000994218D1184A194B6E4688B0002918BF70
:101B000013466A461649CDE905134FF40073ADF844
:101B10001C30144B42F8103F134800234FF4E4519B
:101B2000F6F7F8FAB546BFF35B8F5CB155E8003FB6
:101B300043F0040345E80032002AF7D1BFF35B8F7E
:101B4000BD46F8BD55E8003F23F0040345E80032E8
:101B5000002AF3D0F6E700BFA6A40500D7A1050030
:101B6000DEA1050003000001644C05002DE9F047EB
:101B70000546D0F808A0894690461F4610F09FFD04
:101B80000446C0B1067EF30709D5037F1748184AFB
:101B900001210EF038FA6FF07700BDE8F0873B4680
:101BA0004246494610F045FD40B9237F114A0F488F
:101BB00001210EF028FA6FF01200EEE79DF82030B8
:101BC00084F81D8026F00606E78384F82030267608
:101BD000DAF81830214628469847227EB0FA80F37A
:101BE0005B0963F300022276D7E700BF644C05006F
:101BF000F0A105000AA2050070B50546866810F040
:101C00005EFD0446D0B1037EDB0708D4037F0D4898
:101C10000D4A01210EF0F7F96FF0770070BD014613
:101C2000F3692846984738B1237E03F00103227EEA
:101C300063F300022276F1E70346F8E76FF0120043
:101C4000ECE700BF644C05002CA20500F8B58768DE
:101C50000546FB6B0C469847286910F01EFDD0B175
:101C60002146284610F02BFD0646B8B1037E9B079F
:101C700005D0037F0B4A0C4803210EF0C4F93468E9
:101C800024B1BB68314628469847044628463B6C39
:101C900098472046F8BD4FF0FF34F7E76FF0120485
:101CA000F4E700BF47A20500644C05002DE9F341AD
:101CB000D0F808801746D8F83C3005460E469847BD
:101CC0000C48002200233946F7F730FF044670B96C
:101CD000094A0A4800963B4601210EF09EF9284623
:101CE000D8F840309847204602B0BDE8F08106762B
:101CF000F5E700BF340C002068A20500644C050025
:101D0000EFF31180402383F31288BFF36F8F0A4BE8
:101D1000D3F8001C032261B949F27531C3F8001CE5
:101D2000C3F8142DC3F8001C80F31188BFF36F8F24
:101D30007047C3F8142DF7E700E00640EFF3118079
:101D4000402383F31288BFF36F8F0A4BD3F8001C34
:101D500061B949F27532C3F8002CC3F8141DC3F8F9
:101D6000002C80F31188BFF36F8F70470022C3F8F7
:101D7000142DF6E700E0064008B50B7F0D4A13F07E
:101D80007F0F03D101235365002008BD19070BD530
:101D900009490A480A4A40F26D430DF09CFE084882
:101DA00040F26D410DF08EFE43F48073C2F8183599
:101DB000EAE700BF00700240C3A20500F55D050020
:101DC00096A2050008B5054A0548032110F0A1FFB9
:101DD00011F05FFE04F084FF002008BDD6A20500CC
:101DE0006C4C050010B54468206801F0C7FF104B2B
:101DF0001860104B1B782BB10F4B0022186811464E
:101E000010F09EFC002201212720F7F71DFA201D6B
:101E100004F024FF04F1080004F06EFF11F032FE1C
:101E2000064A0748032110F074FF002010BD00BFD0
:101E3000C0380020F441002014390020DFA2050042
:101E40006C4C050008B500F00F03082B0BD90949AD
:101E500009480A4A4FF48B730DF03DFE07484FF4D2
:101E60008B710DF02FFEC043C0F3C01003EB0010C8
:101E700008BD00BFEBA20500F55D050096A20500B8
:101E80002DE9F0410446EFF31186402383F31288D5
:101E9000BFF36F8F410600F0080723D017BBDFF8B0
:101EA000AC80FFF7CFFFD8F8005025FA00F3DA072F
:101EB00018D50123834025EA030563B2DB4324F0F0
:101EC0008002DB0F02F2DA321B0103EB42031C4AF1
:101ED000C8F80050C2F80038D2F8043843F00203C2
:101EE000C2F804382046FFF7ADFF164A01251368F3
:101EF00005FA00F023EA0003136067B9124F2306C6
:101F0000D7F80080204614D4FFF79CFF05FA00F0B4
:101F100028EA000038602046FFF794FF084A0123B2
:101F20008340C2F86C3486F31188BFF36F8FBDE82D
:101F3000F081FFF787FF854045EA08053D60EAE745
:101F4000007002400C3900201039002008390020B0
:101F5000F8B50446FFF776FFEFF31182402383F3D1
:101F60001288BFF36F8F631E062B25D8314D324B7D
:101F70002E681B683343C34013F0010308D12F4F71
:101F800004F5947147F821300123834033432B60DB
:101F90002B490D6825FA00F3DB073DD5294A2A496C
:101FA0002A4840F253430DF096FD214628480DF093
:101FB00092FD40F2534117E0882C18D11D4B1B684D
:101FC000C340DF07E4D51C4B1B68C340DE07DFD5E9
:101FD00020491C4A1D4840F24A430DF07CFD1E4832
:101FE0000DF079FD40F24A4116480DF06BFD2506D3
:101FF000CED5104B1B68C340D907C9D5114A174924
:10200000124840F24F430DF066FD214614480DF092
:1020100062FD40F24F41E7E7012383402B430B6011
:10202000104B8021C3F8041182F31188BFF36F8F26
:10203000F8BD00BF083900201039002000700240B0
:102040000C39002096A20500F6A30500F55D0500F9
:1020500021A4050045A3050092A30500B7A3050030
:10206000DCA3050000E100E070B506460D4610F067
:1020700026FB044610F02CFB28BB204610F04BFB3F
:1020800008B3802D16D1437E9A0744BF0E4A1570BF
:102090005B070FD50D4B1B7813B90D4B01221A6549
:1020A000204610F034FB002201463046BDE8704067
:1020B00010F052BB2846FFF74BFF20460121BDE838
:1020C000704010F009BB70BDF2410020F7410020C4
:1020D0000070024070B506460C4610F0F0FA054656
:1020E00010F0F6FA20BB284610F015FB0146F8B1B7
:1020F000ACB9437ED8071BD49A0704D50D4B1C708E
:102100000D4B0122DA644B7E5B0708D50B4B1B7825
:1021100073B130460022BDE8704010F01DBB204670
:10212000FFF716FF28460121BDE8704010F0D4BA31
:1021300070BD00BFF241002000700240F841002055
:1021400000F00F02082A08B541B209D90F4910481A
:10215000104AE7230DF0BFFC0E48E7210DF0B2FC5A
:1021600010F0080F0C4B0AD100294FF0140101FBAD
:102170000233B4BFD3F80806D3F8080708BD002916
:10218000B4BFD3F8A806D3F8A807F7E7EBA2050079
:10219000F55D050096A2050000700240F8B510F04C
:1021A000080705460BD0194919481A4A40F28543D9
:1021B0000DF091FC174840F285410DF083FC0306B9
:1021C00020D400F00F04A40004F1804404F51C3472
:1021D000D4F84434B3B1EFF31186402383F312886B
:1021E000BFF36F8FFFF72EFE0B49C4F8A0740123D5
:1021F00003FA00F20B6823EA02030B6086F31188EE
:10220000BFF36F8F054BC3F81855F8BDC3A2050087
:10221000F55D050096A2050010390020007002400F
:1022200010B50B7F13F008040BD00C490C480D4A75
:1022300040F28F430DF04FFC0A4840F28F410DF001
:1022400041FC094AC2F80C3543F48073C2F80C35DE
:10225000087FFFF7A3FF204610BD00BFC3A2050003
:10226000F55D050096A2050000700240012810B53A
:1022700003461AD002280AD000BB144B024601467E
:10228000186810F05DFA124B01221A700CE0114B25
:10229000114C00221A70114BC4F800332720F6F7B6
:1022A000A3FF0123C4F8043510BD084B00220146EA
:1022B000186810F045FA064B0022E6E7084A09487C
:1022C000BDE8104001210DF09EBE00BF1439002072
:1022D000F4410020F341002000700240FDFFDF01C7
:1022E0003DA405006C4C05000146014811F030BFCB
:1022F000D40A002008B5054B1970054B1B7813B1A3
:102300000420FFF7F1FF002008BD00BFF5410020C9
:10231000F641002010B50469087FFFF793FD0C4AD1
:10232000012303FA00F013680343136009F04AF92C
:102330004020FFF7D9FF4FF0FF324FF0FF3304F199
:102340008401044808F002FC09F0AEF9002010BD39
:1023500004390020F80A00202DE9F047064688B02D
:1023600007694F4A4F48032110F0D3FC4E4B1E60C3
:1023700007F1840011F051FD00220023CDE906236E
:1023800000246FF00703CDE90334CDE90144474B46
:10239000474900964FF40072464808F097FCDFF872
:1023A0003C814549434811F0E4FDD8F81420434BE3
:1023B000134043F4820343F04003C8F81430C1468D
:1023C0004FF0240A88F81C404146304610F089F945
:1023D0003B4B3C4A054678B13B4A3248012110F05C
:1023E00098FC284608B0BDE8F087416919401143C0
:1023F000416108F12408E5E70134092C10D00AFBFB
:102400000490082C817D41F040018175EDD1D9F80F
:1024100034112E4808402E490143C9F83411E8E729
:102420002C4C2D4B6269134043F4041343F04003DA
:1024300063618046A1464FF0240A68F07F0121774E
:102440003046214610F04DF91D4B1E4A0546002826
:10245000C2D108F10108B8F1090F17D00AFB0890A2
:10246000B8F1080F817D41F02001817508D1D9F8BC
:1024700034111648084016490143C9F8341103E0E5
:1024800041691940114341612434D6E797F88030FF
:1024900023F0720343F0720387F88030A1E700BF96
:1024A00054A405006C4C05001439002035260400A6
:1024B00000580020C82200205CA405000000BEFFD8
:1024C0000000F9FF4000060065A405000000F7FFCA
:1024D000FF010800183900200000DEFF5C3A0020F0
:1024E00010B50C462046114610F017F9207FFFF773
:1024F000A9FC0146034810F00EFC0120FFF7F4FE92
:10250000002010BDA43B002010B559B91A491B4842
:102510001B4A40F24D630DF0DEFA194840F24D615E
:102520000DF0D0FA0C7F4FF0FF324FF0FF3315481B
:1025300007F09AFB2046FFF7A3FC04F00F020123EB
:102540009340114A14F0800F14BFD2F81015D2F83E
:1025500014156FEA030315BF0B400B40C2F810358A
:10256000C2F81435074807F001FB084B8022C3F876
:102570000421002010BD00BF06A00500F55D050088
:1025800096A20500A40A00200070024000E100E0CD
:1025900010B559B92249234A234840F23A630DF055
:1025A0009AFA40F23A611F480DF08CFA0A7F91F9CD
:1025B0001C0002F00F02082A09D91C49194A1A48BE
:1025C00040F20E430DF087FA40F20E41EBE7184B54
:1025D0000028B4BFD3F81045D3F814450123934025
:1025E00023420DD1124A0028B5BFD2F81005D2F807
:1025F000140503430343B4BFC2F81035C2F81435C1
:102600000B7F1A0709D40A4AC2F80C3543F48073C9
:10261000C2F80C35087FFFF7C1FD002010BD00BFD8
:1026200006A0050096A20500F55D0500EBA20500D9
:10263000007002402DE9F04FC44E87B004464FF0C1
:10264000FF3A4FF0FF3B0022CDE900AB4FF0FF31E6
:10265000BF4811F084FDBE484FF0FF3111F07BFD03
:1026600010F0080F804634D0BA4ABB48032110F05E
:1026700050FBBA4852465B4607F0F6FAEFF3118179
:10268000402383F31288BFF36F8FB54B1B7883B160
:10269000B44BD3F8002412F400720AD10120C3F81D
:1026A0002C05D3F82C05D3F80004800548BFC3F8E7
:1026B0002C2581F31188BFF36F8FA84807F056FAD5
:1026C00001212046FFF706FA00220321204610F0E0
:1026D00037F818F0100F0DD0A34A9F48032110F0CF
:1026E00018FB00212046FFF7F5F9002202212046C1
:1026F00010F026F818F0200F0DD09C4A96480321C0
:1027000010F007FB00212046FFF7E4F90022022128
:10271000204610F015F818F0020F63D118F0010FE1
:102720000FD0BFF35B8F924B002253E8007F43E84A
:1027300000210029F9D1BFF35B8F0125002F40F064
:10274000EE8018F0040F34D0864B4FF0000C86F862
:1027500000C0D3F88074FFB28DF81070D3F88404F1
:10276000C0B28DF81100D3F88824D3F88C1442EA53
:10277000012292B2ADF81220D3F89014D3F89454F9
:1027800041EA0521ADF81410D3F89814D3F89C54FD
:1027900041EA052189B2774DADF81610002F40F0BF
:1027A0000681052840F0038101232B70002900F0E9
:1027B0000A8118F0400F3FF442AF206984304FF097
:1027C000FF324FF0FF3306F0CFFE6B4D2968002932
:1027D00040F01381694808F025F92069843006F03B
:1027E0008BFF2CE7664BBFF35B8F002253E8009F03
:1027F00043E800210029F9D1BFF35B8F594F4FF017
:10280000010BB9F1000F89D099FAA9F3B3FA83F358
:102810000F2B1D46C6BFA3F11005EDB245F0800594
:102820000BFA03F329EA03092B062946204659D55A
:102830000FF045FF03900FF06AFF824688B9514AB6
:1028400045482B4601210DF0DEFB4F494F4A5048C9
:1028500040F2DE430DF03FF940F2DE414B480DF00F
:1028600031F9039800210FF037FF0022514620462E
:102870000FF072FF802D30D19AF8193099070CD4DF
:102880004449424A424840F2E6430DF024F94248A6
:102890000DF021F940F2E641E0E7002186F800B0B2
:1028A0002046C7F850B00FF00AFF0FF030FF014686
:1028B00098B1437E5A070CD43849344A344840F220
:1028C000F3430DF008F936480DF005F940F2F341F5
:1028D000C4E7002220460FF03FFF29462046FFF7BD
:1028E000C3FB8EE70FF0EBFE82460FF010FF50B9EE
:1028F0002C4A19482B4601210DF085FB294620461C
:10290000FFF7E8FB7DE70390002150460FF0E4FE5F
:10291000039B0022194620460FF01EFFEEE797FAB0
:10292000A7F3B3FA83F30F2B1946C4BFA3F1100129
:10293000C9B205FA03F3D8BF41F0800127EA0307C3
:102940000B06204630D5FFF78FFBF7E6F841002055
:10295000D40A002081A405006C4C0500A40A0020C4
:10296000F34100200070024098A40500AEA40500C9
:10297000A43B0020F741002004390020F80A002081
:10298000A03B0020C6A40500B0B8050096A2050033
:10299000F55D0500DFA40500FBA4050013A50500F7
:1029A00031A505004CA50500FFF794FBC6E63249AA
:1029B00085F800C0D3F87024097891420AD12F4BD2
:1029C00000221A7014E002F07F02ADF81220ADF878
:1029D0001410F4E7294901220A702A704FF4A0620A
:1029E000ADF81020D3F87034ADF81230CDF814C023
:1029F00004A920460FF0DAFEDBE691FAA1F7B7FA58
:102A000087F70F2F3946C6BFA7F11001C9B241F0B1
:102A1000800120460FF053FE804690F81C904FF046
:102A2000FF324FF0FF33164807F01EF94846FFF714
:102A300027FA134807F09AF8124B8022C3F80421B2
:102A4000414620460FF0A3FE002140460FF044FE11
:102A5000BFF35B8F0123BB400B4ADB4352E8000FFF
:102A6000184042E800010029F8D1BFF35B8F2A68C3
:102A700013402B60AAE600BFF5410020F64100207C
:102A8000A40A002000E100E0A03B00204FF08053AA
:102A9000D3F83031082B02BF024B0022C3F81C2CA4
:102AA000704700BF007002402DE9F04105464FF02D
:102AB000FF324FF0FF33414807F0D6F8404B8022F9
:102AC000C3F884212720F6F7B1FBA8B13D4F3E4B58
:102AD0003C681B686FF30F041C434FF00108002C87
:102AE00037D13A4E40F2FF133B602720C6F8044529
:102AF000F6F788FBC6F80043354A13788BB1334BA1
:102B00000021C3F808110121C3F80026C3F80416F8
:102B10005960D3F808110029FBD00021C3F808112F
:102B200011702A4B0024C3F80045FFF7AFFF23487C
:102B300007F01CF821462846FFF75EF8F0B1254A59
:102B40002548012110F0E5F86FF004052846BDE89E
:102B5000F08194FAA4F6B6FA86F60F2E3346C6BF75
:102B6000A6F11003D8B243F08000030701D4FFF7A9
:102B700087F908FA06F624EA0604B0E72846802119
:102B8000FFF73AF805460028D9D1144B14491E68BE
:102B90003046F4F705FE10F1780F044603D13046B5
:102BA000F4F792FD0446002CD0DA0E4A0A48234678
:102BB00001210DF028FA2546C8E700BFA40A00202D
:102BC00000E100E0103900200C39002000700240C4
:102BD000F041002069A505006C4C0500C0380020BC
:102BE000B03800208CA505002DE9F04F984BDFF898
:102BF000ACA2D3F85421DFF8A88287B01AB3002220
:102C0000C3F85421D3F8042392021CD5D3F8C0345E
:102C1000002B14BF4FF001244FF480748D4B9B6840
:102C20003BB99AF80000FFF70DF90123834024EA2D
:102C30000304D8F80030884A2343C8F800301368EA
:102C400023F001231360824BD3F8604134B100229A
:102C5000C3F86021D3F86C44C3F86C44D3F828213E
:102C60004AB10022C3F828217C4B1878FFF7EAF814
:102C7000012383401C439AF800509AF9006005F044
:102C80000F02082A09D97649764A7748D4230CF0EE
:102C900022FFD42173480CF015FF2B0700F18D8023
:102CA000002EB4BF714B724B920013441A684AB3A2
:102CB00000221A602846FFF743FA6E4B1A7800F09C
:102CC000010050401870FFF7E1FE6B4B28461F686B
:102CD000FFF7B8F8C740FF07014600F18180002EDA
:102CE00072DA882D70D02846FFF7ACF85A4A0123D3
:102CF000116883400B43136081238AF800305548E4
:102D000006F034FF8CB1D8F80030534ADFF87891E0
:102D100024F001210B43C8F80030136823EA0103B3
:102D20001360A4B20127002C60D1494BD3F80021D5
:102D30007AB10024C3F80041504B1C70504A5148EE
:102D400003210FF0E6FF504B2246186804210FF0D4
:102D5000F7FC3F4BD3F85821002A00F0AB8000224B
:102D6000C3F85821D3F80044C3F80044E00505D562
:102D7000424B012208201A70FFF7B6FAA10505D5CB
:102D80003E4B002210201A70FFF7AEFA620540F1A8
:102D900091803A4A1378002B00F08C802C4BD3F8AA
:102DA0002C1500297ED039492E4A2F484FF405733F
:102DB0000CF091FE4FF405716CE7354B354A33EA60
:102DC000260328BF134671E733480FF0A4FF022003
:102DD000FFF78AFA002E86DB6B1E062B83D98BE762
:102DE000002DF7D11A4B0122DA6485E794FAA4F595
:102DF000B5FA85F507FA05F345F080052946D9F8B7
:102E0000000024EA03040FF05AFC0FF084FC06468D
:102E10002846FFF795F9014606F10C00F7F7A4F9EB
:102E2000338A002B7FF47FAF30460FF078FC18B167
:102E300030460FF07CFC76E72846FFF703F80146A2
:102E400015480FF068FF0220FFF74EFA6BE700BF4E
:102E500000700240A40A002008390020F24100203E
:102E6000EBA2050096A20500F55D05000871024081
:102E700030710240F04100200C390020F341002065
:102E8000EC5B05006C4C050014390020A3A505007F
:102E9000507102402C710240A03B0020F141002003
:102EA0001039002011700122C3F8082520209A65EE
:102EB000FFF71AFA964BDFF88CB2D3F85C3103B304
:102EC000944B9B681BB99AF800305B0619D0904B65
:102ED0000022C3F85C21DBF800308F4A23F0011395
:102EE000CBF80030D8F8003023F4803343F00103EE
:102EF000C8F800301368042023F001131360FFF7B3
:102F0000F3F9DBF80040D8F800301C4000F0EE8008
:102F10007F4BD3F82C95B9F1000F40F0E7807D4846
:102F20000022002306F0A0FE002840F0DF8014F00D
:102F3000012314BF93FAA3F394FAA4F3B3FA83F32F
:102F40000393039B9DF80C600F2BC8BF103E734B7F
:102F5000CCBFF6B246F08006186831460FF0AFFBE2
:102F600004900FF0D8FB054648B96D496D4A6E488C
:102F700040F26B230CF0AFFD40F26B218AE673B296
:102F8000002B059332DA049B048ADB8BC768C3F3FA
:102F90000A039C4212D91C46002507F06043B3F196
:102FA000005F17D0402C0FD960495E4A5E4840F25E
:102FB0007A230CF090FD40F27A216BE60FF0AFFB24
:102FC00080F00105EDB2E8E739465948584F2246EE
:102FD00011F0D0F8002D4BD0039B01229A40DBF872
:102FE000003023EA0203CBF8003041E016F0080F6E
:102FF000474B1CD0D3F8C03413F4803F08BF994628
:103000002A8AEB686C8A9F18A41A6A699B1AE41AC8
:1030100007F06043B3F1005F0ED04649414A424891
:1030200040F285230CF057FD40F2852132E606F58B
:10303000947253F82290E3E74C453BD23E4A3F4816
:1030400000944B4601210CF0E8FF214605F10C00ED
:10305000F7F730F8049BDB8BC3F30A034B45BBD176
:10306000EA6869696B8A521A9B1A2A8A9342B3D01A
:103070004FF080530120D3F83031082B02BF244B8E
:103080008222C3F81C2C039BD8F800208AF8006029
:1030900000FA03F306F00F0122EA03020829C8F838
:1030A000002009D926491F4A1F48FA230CF013FDB6
:1030B000FA21EFE54C46C8E716F0080F059A144BC5
:1030C00017D1002A4FF0140202FB0132A9BF0A31C6
:1030D00003EB8103C2F80077C2F80447AFBF43F89F
:1030E0002100C2F80076C2F80446586007B0BDE877
:1030F000F08F002AB5BFC3F8A076C3F8A077C3F855
:10310000A446C3F8A447B4BF58629864EEE700BF72
:1031100000700240A40A0020083900201439002061
:10312000818B050096A20500F55D0500C4A505008C
:10313000C4380020D6A50500F2A505006C4C05009A
:10314000EBA205000C39002010B5EFF311844023E9
:1031500083F31288BFF36F8F164B1B7803F0FF02C7
:10316000CBB11549D1F82C3513B30023C1F82C3558
:103170004FF08053D3F83031082B0CD10F4BD3F8DC
:10318000000CC02188B949F27530C3F8000CC3F8AF
:10319000141CC3F8000C84F31188BFF36F8F002A4E
:1031A0000CBF6FF00A00002010BDC3F8141CF2E73A
:1031B0001A46F0E7F34100200070024000E00640AC
:1031C00073B500220092114640230446FEF7CEFC60
:1031D000024648B1684A694801210FF09AFD6FF034
:1031E0000404204602B070BD009040232046802198
:1031F000FEF7BCFC04460028ECD16149614B4860F5
:10320000C860012618688E60F4F7C8F9051E07DA51
:103210005D4A5A482B4631460CF0F5FE2C46E0E755
:10322000EFF31185402383F31288BFF36F8F574B61
:103230004FF40062C3F800240FF05DFD08B1FEF703
:103240005FFD4FF08053D3F83031082B18D1EFF3E6
:103250001180402383F31288BFF36F8F4C4BD3F858
:10326000001CC022002972D149F27531C3F8001C3C
:10327000C3F8142CC3F8001C80F31188BFF36F8FC0
:10328000424B0122C3F80025D3F800241205FBD5D8
:103290004FF40062C3F800244FF08053D3F830316C
:1032A000082B17D1EFF31180402383F31288BFF36B
:1032B0006F8F374BD3F8001C00294BD149F2753280
:1032C000C3F8002CC3F8141CC3F8002C80F3118839
:1032D000BFF36F8F0FF00FFD30B1FEF72FFD0FF032
:1032E0000AFD08B1FEF70CFD4FF08053D3F83031E2
:1032F000082B264B0AD140F2E372C3F80028402283
:10330000C3F80428BFF36F8FBFF34F8F8022C3F839
:103310001C250122C3F830251E4B40F2FF121A6013
:103320001D4B002119601D4B19601D4B19701D4B61
:103330009B68012B12D01C491C481D4A40F26D337A
:103340000CF0C9FB1A4840F26D310CF0BBFBC3F81E
:10335000142C91E70022C3F8142CB7E7FFF796FB73
:10336000144B19700FF0C7FC08B1FEF7E7FC85F3AA
:103370001188BFF36F8F34E711A605006C4C050070
:10338000B0380020C038002033A60500007002408D
:1033900000E00640103900200C39002008390020D8
:1033A000F0410020A40A00204BA60500F55D0500B1
:1033B00096A20500F241002008B504F0EFF803469C
:1033C00068B10748074A01210CF01DFE06486FF05E
:1033D00004034362BDE8084014300FF0D9BC08BDB7
:1033E0001C4B050096A60500A8020020044B93F88C
:1033F0003A3013B1034804F093B9FFF7DDBF00BFC3
:10340000A8020020BD340400094BBFF35B8F53E8D2
:10341000002F511C43E800100028F8D1BFF35B8F48
:103420000AB9FFF7E3BF6FF00F025A62704700BF9F
:10343000A802002080B500AF88B06A46094BCDE9EC
:1034400005304FF40073ADF81C30074B42F8103FC5
:10345000064800234FF4E251F4F75CFE6FF00400DD
:10346000BD4680BDB0A60500030000011C4B050051
:1034700038B50F49002205460E4810F03EFE0020E8
:1034800003F0EAFE044630B12868FFF7D3FF6FF07F
:103490000404204638BD024601210720F5F7D4FE7A
:1034A0000548C368002BF4D104300FF071FCF0E73D
:1034B0000934040008030020A8020020F8B50378AE
:1034C000002B40F09A80574CE36A94F850701F42EA
:1034D000254607D1A36A002B3FD15348BDE8F840E9
:1034E0000FF056BC94F89810A26D94F85160A1B9F1
:1034F0000121DBB20B420BD00F4208D016EA010CBF
:10350000B2F9000024D000EBD070401010800232DD
:10351000490089B2B942EDD9DCE73340018915D0C1
:1035200002EB41019142D5D0B2F9003003EBD373E5
:103530005B1022F8023BF5E732F91360002EB8BFAA
:1035400022F8130001338B42F6DBC3E71846FAE793
:103550000028B8BFA2F800C0D9E7236C43B1B4F883
:103560004C2032493248984701280BD0022837D0E6
:10357000B4F84C30B4F848209A4231D90133A4F859
:103580004C30002094F89830B3B994F8521018B920
:10359000A36D03EB4103A365A06D03F0ABFF0346EE
:1035A00050B12448244A01210CF02DFD6FF0040392
:1035B0001D4863620FF0ECFBE36B1BB9BDE8F840FC
:1035C000FFF714BFBFF35B8F55E8003F5A1E45E875
:1035D00000210029F8D1BFF35B8F012BEEDCF8BD91
:1035E000E36B002B3FF479AF94F89830002B7FF415
:1035F00074AF124809F098F96FE7022B0FD103F06E
:10360000CDFF03460028EAD00A480D4A01210CF0FC
:10361000FAFC04486FF00403436214305EE7052BA4
:10362000DDD15AE7A8020020BC020020D002002011
:103630007C4705001C4B0500D0A6050008030020B0
:1036400096A605002DE9FF410F464FF0FF3389484C
:103650004FF0FF3206F008FB7E68731EFE2B05D983
:10366000854A864801210CF0C5FC10E0002425465F
:1036700026FA04F3DA0715D503F05CFEE040C30731
:103680000ED47F4A23467D4801210CF0BCFC6FF02C
:10369000150478480FF07CFB204604B0BDE8F081AB
:1036A0000135EDB20134082CE2D10DB9754AD8E7E5
:1036B0003B7CA3F10802062A0FD8DFE802F0100EC7
:1036C000120E040E0C000221012D7A7C0BD0002A70
:1036D00057D06D4AC5E70321F6E76C4AD3E70021CE
:1036E000F2E70121F0E7082A06D8DFE802F008082F
:1036F00008080808080808001346654AC3E73B683D
:10370000002B3ED05C68002C3BD1186801387F2824
:1037100037D88DF808208DF809401B885A1E7F2A5B
:103720000BD95C495C485D4A4FF4F8730CF0D3F94F
:103730005A484FF4F8710CF0C5F91B01584A013B87
:10374000ADF80A30012382F898308DF80C3002AAC7
:10375000544B304603F054FE0446002899D13B6890
:103760006A0013B19B8903FB0222FB68934211D2CA
:103770004248009201214C4A0CF04FFC6FF00B04C0
:1037800087E7474B002083F89800464B304603F00C
:10379000EDFDE1E7424E86F8525096F89830B86851
:1037A000B065B04673B13B689D890135A9B203F09D
:1037B000A1FE044640B13D4A034601212F480CF0CA
:1037C00022FC66E72946F2E7BC46BCE80F00384D0C
:1037D0000FC5DCF800302B6074623B68002B45D0CD
:1037E0000FCB2F1D87E80F00F36BB762A6F84C4094
:1037F000002B3BD0BFF35B8F58E8003F48E8004206
:10380000002AF9D1BFF35B8F96F89810E1B9F46BF9
:103810002848294A4FF400470023E4FB0701EDF74D
:1038200001F90022CDE90001002305F1280009F08B
:103830000DF822484FF0FF324FF0FF3306F014FA34
:1038400000B17062746A24E703F0A8FE0346002802
:10385000EFD01B4A094801210CF0D5FB6FF004039F
:10386000A5F1240073620FF093FAE2E7FFF7BEFDC3
:10387000DFE700BFAC020020E9A605001C4B0500F5
:1038800007A7050021A705005CA7050037A70500CD
:103890008EA70500E1A70500F55D0500B1A70500AD
:1038A000A8020020BD3404000CA80500D0A6050025
:1038B000D00200203F420F0040420F00BC02002017
:1038C00096A6050030B587B000230393CDF80F30DE
:1038D0004B798DF813300B7913F020050C4615D079
:1038E0008A797F2A08BFFF228DF81420C3F30402CF
:1038F00003F01F03072B8DF8152009D95A4A5B489E
:1039000001210CF080FB6FF015059DE0FF22EBE735
:1039100022780C2A1ED8DFE802F00A07111D131DB9
:10392000151D1D17191D1B0001228DF80E20627830
:10393000032A15D0042A16D04D4A0CE00222F4E7DF
:103940000322F2E70422F0E70522EEE70622ECE785
:103950000722EAE7474A454801210CF04BFBD2E732
:1039600001228DF80F20628844F20A018A4227D88A
:1039700043F6FE718A4203D8002A4BD03E4AEAE75A
:10398000A2F57F523F3A0B2AF8D801A151F822F054
:103990001D3A04007D3904007D3904007D3904009E
:1039A000E33904007D390400DD3904007D39040069
:1039B0007D3904007D3904007D390400153A040086
:1039C00044F214018A4227D044F228018A4225D0C9
:1039D00044F20F018A42D1D1032200E001228DF886
:1039E00010202649012000FA03F391F85020DBB2A1
:1039F0006DB3A5797F2D13D1134381F8503023790E
:103A000091F8512003F01F0300FA03F3134381F8E8
:103A100051300BE00222E2E70422E0E70522DEE774
:103A200022EA03028DF8110081F8502003A803F068
:103A30005BFC054640B1237903F01F03104A009058
:103A400001210A480CF0E9FA284607B030BD1343BB
:103A500081F85030237991F8512003F01F0300FAC8
:103A600003F322EA0303D2E731A805001C4B05004B
:103A700067A8050048A805008BA80500A80200203B
:103A8000B6A8050037B50C460A490B4A411A40232F
:103A9000009349110546234608480FF07BF901467B
:103AA00028B12846234603B0BDE83040184703B08C
:103AB00030BD00BFBC3B0020012E05008046050044
:103AC000C9B2012908B509D908490948094A7E231C
:103AD0000CF001F807487E210BF0F4FF03690C227B
:103AE00001FB0233986C00F0070008BD2FA9050008
:103AF000F55D0500F2A8050070B5C9B201290346BD
:103B000000690BD918491948194A4FF4E8730BF0AA
:103B1000E2FF17484FF4E8710BF0D4FFEFF3118682
:103B2000402484F31288BFF36F8F0C2505FB01043A
:103B3000A46C14F0C00401D0A24211D105FB010015
:103B400001228264002086F31188BFF36F8F30B9A1
:103B50005B680C2202FB01335B689847002070BD54
:103B60004FF0FF30EFE700BF2FA90500F55D05001E
:103B7000F2A8050070B50D460649411A04464911E0
:103B800005484022FFF7B8FF2B4601462046BDE816
:103B900070401847BC3B0020804605000022F8B565
:103BA000012105461046F5F74FFB104802F02CFAAC
:103BB0000446B8B90FF0D6FD2F690D4938460CF010
:103BC00001F9031E09DB0126BE642D69084905F1D0
:103BD00020000CF0F7F8031E02DA1C462046F8BD60
:103BE0006E65FBE76FF00404F8E700BFA53C040036
:103BF000D05605001FB500220123CDE902236C46F3
:103C0000074A6B46CDE900440FF0F3F828B94FF4AA
:103C100080420023684606F027F804B010BD00BFBC
:103C20000D2E050010B5EFF31184402383F31288A5
:103C3000BFF36F8F074A136823F00201DB0711609F
:103C400002D4012002F0C0F984F31188BFF36F8F12
:103C500010BD00BF143C002030B4104B0C2202FBFE
:103C6000003301460020D3E910521864EFF31180AD
:103C7000402484F31288BFF36F8F9C6C04F0C0045F
:103C800044F002049C6480F31188BFF36F8F1DB170
:103C90002B46034830BC184730BC7047BC3B002063
:103CA00080460500012808B506D0032808D098B939
:103CB0000F4B9B6C5B0719D1BDE80840FFF7CCBFE9
:103CC0000C490D4A0D4840F2FA230BF004FF40F274
:103CD000FA2109480BF0F6FE0649074A07484FF457
:103CE00041730BF0F8FE4FF44171F2E708BD00BFDD
:103CF000BC3B0020B0B80500F2A80500F55D05004A
:103D000010B4EFF31180402282F31288BFF36F8F5B
:103D100018490B6843F0020413F001030C601AD039
:103D20004FF08043D3F80C14D3F80C3413F0010394
:103D300011D0EFF3118182F31288BFF36F8F0E4A17
:103D4000936C03F0C00343F00203936481F3118882
:103D5000BFF36F8F012380F31188BFF36F8F23B1FF
:103D60005DF8044B0020FFF777BF5DF8044B01209E
:103D700002F000B9143C0020BC3B0020024BC0B252
:103D800003EB4010704700BFBC3B00202DE9F04121
:103D90004449BFF35B8F0646012251E8003F41E8EA
:103DA00000200028F9D1BFF35B8FA3B93E493F48FB
:103DB0004B60CB608A60F3F7F1FB00280BDA3C49DB
:103DC0003C4A3D4840F2A3230BF085FE40F2A3217C
:103DD00038480BF077FE002E4CD0731E012B56D8BE
:103DE000012E07D14FF08043D3F81C3403F00303B6
:103DF000012B3FD010F0B7F8054658B1EFF311880A
:103E0000402383F31288BFF36F8F01252B4F4FF0B0
:103E100080441EE02A4B1B78002BEFD04FF08043EC
:103E20000222C3F808238046F0E72DB340460CF089
:103E3000F4F9D4F8183563B9D4F804214AB1C4F8B8
:103E40000431D4F804310123C4F81835C7F880319F
:103E5000A360D4F81824D4F81834D203E5D503F0BD
:103E60000303012B01D0012EDFD155B188F3118856
:103E7000BFF36F8FBDE8F0810021212007F0EEFD38
:103E8000D7E74FF080430222C3F80423F2E70D493D
:103E9000084A094840F2B5230BF01DFE40F2B52157
:103EA00096E700BFB83B0020A83B0020DC3B002089
:103EB00070780500F2A80500F55D050000E100E05E
:103EC000FA420020B0B8050008B507480FF048FFD7
:103ED00038B10648F5F7AEFD0448F2F77FFE002042
:103EE00008BD6FF01200FBE7D4460500F13E040068
:103EF0000A2838B5074D044604D1AB680D215B682C
:103F000028469847AB6803485B68E1B2984720466B
:103F100038BD00BFD4460500EFF31182402383F380
:103F20001288BFF36F8F0A4BD3F8001161B10021E3
:103F3000D3F80805C3F80011D3F80031C0B282F3FA
:103F40001188BFF36F8F70476FF00A00F7E700BF6B
:103F500000D00040F0B503468478C678EFF3118EA8
:103F6000402080F31288BFF36F8F1D7893F801C053
:103F7000641B3440A24288BFA2B2AF183740284623
:103F80001F708EF31188BFF36F8F8F188F4218D177
:103F900065450CD1EFF31181402080F31288BFF307
:103FA0006F8F1878587081F31188BFF36F8F1B796A
:103FB000A41AA34228BF074B90B224BF01221A6063
:103FC000F0BD03EB000E01309EF805E001F801EBB7
:103FD0003040DBE700D000402DE9F0472F4D00696D
:103FE000A8420E4614460BD02D492E482E4A40F2C8
:103FF00003130BF070FD2C4840F203110BF062FD2F
:10400000DB4313F0010504D02030FFF7A3FFBDE828
:10401000F087B2B3EFF31187402383F31288BFF325
:104020006F8F0D20F5F702F980460D20F5F7EAF8BD
:1040300087F31188BFF36F8FDFF874A01B4FCAF8A6
:104040000051DAF800314FF400590123CAF800306A
:104050002546C7F88091DAF80031A3B1FFF75CFF7D
:10406000031EA4BF05F1FF35ADB2C7F88091A8BF0C
:104070007355002DEFD1B8F1000F02D00D20F5F7E8
:10408000B3F82046C3E7EFF31180402383F312888F
:10409000BFF36F8F0CF0C1F8DDE700BF183C0020C4
:1040A000AEA90500F55D05007CA9050000E100E072
:1040B00000D00040F8B5184B07699F420D461446E2
:1040C00025D016491648174AE5230BF004FD15487C
:1040D000E5210BF0F7FC4FF0FF334FF0FF3238468D
:1040E00005F0C2FD224629460F48FFF733FF06467A
:1040F000384605F03BFD3EB94FF0FF324FF0FF333D
:104100000A4805F0B1FDE6E7A41BA4B23544002C33
:10411000E1D12046F8BD00BF183C0020AEA9050043
:10412000F55D05007CA905004D3C0020283C0020E1
:1041300038B5204B04699C420BD01F491F48204AC8
:1041400040F247130BF0C7FC1D4840F247110BF03B
:10415000B9FC0122114620460FF094FE01220021F5
:1041600004F110000FF08EFE40F2074323874FF05A
:10417000706323620C2384F824300025114B84F8EB
:104180003550E586D3F8042522F00102C3F8042552
:104190000121C3F80051D3F80021C3F804132A46C3
:1041A00019600D20F5F750F80D20F5F71DF8284699
:1041B00038BD00BF183C0020AEA90500F55D050024
:1041C0007CA9050000D0004010B5FFF7A5FE00282F
:1041D00020DB174B93F8222093F8214093F823100B
:1041E000141B31EA0404C0B20DD193F8372093F8C0
:1041F000364093F83810141B31EA04040BD10D4BF0
:1042000001225A600EE09C180132114084F825000A
:1042100083F8221010BD9C180132114084F83A0036
:1042200083F837100448BDE8104005F09FBC00BF7C
:10423000183C002000D00040283C0020F7B50F4675
:10424000164648B91849194A194818230BF043FC77
:10425000182116480BF036FCE9B91649134A1448E0
:1042600019230BF038FC1921F3E7351BB5F5806FE6
:1042700028BF1D462A4601AB3919002008F07AFEF6
:1042800068B9019BAB420AD11C44A642EDD809D0C3
:10429000162003B0F0BD4FF480630024F5E76FF003
:1042A0001500F6E70020F4E70EAA0500DEA90500D8
:1042B000F55D050021AA050038B5036961B92149FA
:1042C000214A224864230BF006FC21480BF003FC32
:1042D00064211D480BF0F6FB486850B91D491A4A85
:1042E0001A4865230BF0F7FB1B480BF0F4FB652124
:1042F000EFE7586800B30024884219D108688CB9E8
:104300009C685860A14200D19860002008602AB1E2
:104310005A680A609A68596002B9996000200FE0F3
:104320002846E9E720609868814208BF9C60ECE776
:1043300005680446002DF3D1002AE9D16FF015007D
:1043400038BD00BF83AA050047AA0500F55D05003A
:104350008CAA05009BAA0500ADAA050008B5036854
:10436000590914D0012906D14FF6FF7203F01F033B
:10437000DA40D2070ED40B490B480C4A4FF4826343
:104380000BF0A9FB09484FF482610BF09BFB4FF047
:10439000FF32EBE703600129054818BF4FF0A0404A
:1043A00008BD00BF06660500F55D0500D365050084
:1043B0000003005070B54468207C01F01F0545EAF9
:1043C0004015A06886B0002873D0B2F5001F04D154
:1043D000294602F02FFB00204FE06068667CC0F8A1
:1043E000246501A80026B2F5800F0196466033D1FE
:1043F000B3F1007F14BF052304238DF8043000239C
:10440000CDE904030393E368CB4013F0010F6E463C
:1044100035D1B2F1A07F32D168460095FFF79EFFFB
:10442000009B03F5E07350F82330DB0727D4A06826
:104430006A46294602F0A4F9163018D00296A06800
:1044400003AA294602F03CF8002816DBA0680122E6
:10445000294602F06DFABEE7B3F1C06F05D0B3F1A3
:10446000007F14BF01230223C7E70323C5E7A06829
:10447000694602F03DFA0028E0DA06B070BDA06897
:104480003246294602F07CF90028D8D19DF8001068
:10449000A06802F011FA0028D1D007490748084A5D
:1044A00040F2F1130BF017FB054840F2F1110BF04D
:1044B00009FB6FF08500E0E7E8730500F55D050096
:1044C000C4AA05002DE9F043466840F20635337C66
:1044D000D00687B001F01F0702EA050547EA431737
:1044E00054BFC2F340130323B5F5837F14468DF800
:1044F000033044D00DD8062D16D005D8A5B1022D15
:104500003FD06FF0150037E0B5F5807FF9D1012578
:104510000AE040F20222954235D0B5F5407F34D012
:10452000B5F5007FEDD10225220330D57268012355
:104530008B40C2F80835B06888BB03A80397FFF723
:104540000DFF039B00EB8300C4F3004383F00103E2
:10455000C4F34044D0F8002744EA43049DF80330F4
:1045600022F4E16244EA830422F0070244EA0523CC
:104570001343C0F80037002007B0BDE8F0830725DB
:10458000D2E70425D0E70525CEE70325CCE7630372
:1045900041BF012372688B40C2F80C35CBE70DF1A7
:1045A0000202394602F0ECF814F4403F804617D17D
:1045B000B068394602F068F9B8F1000FDBD19DF818
:1045C0000210B06802F078F90028D4D01E491F48C4
:1045D0001F4AFC230BF07FFA1D48FC210BF072FAF6
:1045E0004FF0000901ABCDE90199CDE90439CDF8CF
:1045F0000C90B06803AA394601F062FF4845BADB67
:1046000014F4003314D0C4F300449DF803308DF843
:104610000E3084F001048DF80C508DF80D40B06818
:104620004B4603AA394602F00DF80028C4DAA2E787
:10463000CDE904330DF103030393B06803AA3946AF
:1046400001F03EFFF1E700BFE8730500F55D0500EE
:10465000C4AA0500420970B5034602D0012A1ED043
:1046600070BD144E326951680029F9D003F01F0360
:1046700001250C689D400029F2D08A682A4012D09A
:104680004B6873B90C490D4A0D4889230BF023FA86
:104690000C480BF020FA094889210BF013FA0A4E56
:1046A000E0E7304698471CB1236821461C46E2E704
:1046B0002346FAE7B84605006BB8050047AA05008F
:1046C000F55D0500ADAA05009C46050038B54568B6
:1046D000A86890B102F0BEF8014670B9A86802F06F
:1046E00083F8044658B902460649A86802F030F833
:1046F000224605210620F4F7A7FD002038BD6FF003
:104700000400FBE755460400B0B5416803460A695A
:1047100000AF0446006903F05DFA0546A0B12368C6
:104720006C4688B06A460A49CDE905134FF4007318
:10473000ADF81C30074B42F8103F074800234FF4F8
:10474000E251F3F7E7FCA5462846BD46B0BD00BFE1
:10475000B0A6050003000001BC4B050008B5CA0760
:1047600003690AD4C1F34202012A09D0022A0FD0F8
:10477000094A0A4801210BF03DFC6FF0150006E0E4
:104780001A684FF0CC70C2F824051964002008BDE7
:104790001A684FF0CD60F6E72AAB0500BC4B050068
:1047A0002DE9F04186B00C4607699DF83480154626
:1047B000002112220DF106001E460FF002FDBDF889
:1047C00030208DF8052004F0010314F008028DF864
:1047D00004300296049509D00C4A0D4801210BF0D3
:1047E00009FC6FF0850006B0BDE8F081A10705D493
:1047F000B8F1000F07D1002BF3D1202201A93846D0
:1048000003F0AAFAEFE74022F8E700BF3CAB05004F
:10481000BC4B0500044A054B9362054A1A6001210E
:1048200000220320F4F710BD68070020743C00202C
:10483000003000402DE9F04F89B002AFD0F810A051
:10484000BB6043683A61D3F820B09B8A7B614FF02C
:10485000FF324FF0FF3305460C460EF0EFFB0AF136
:104860003C03FB60002300220AF13C00002605F017
:10487000FBF933463A69964201D300235DE0207A82
:10488000010700F19C803A69D4F800E001369642B5
:104890000BD2820709D4227D80EA020C0CF0010CB5
:1048A00002F004025CEA020C24D0002B4FD10EF07F
:1048B0006042B2F1005F4DD1D4F80080A3884FF080
:1048C0000009BA68CAF85080217A00922846424608
:1048D00000F0A6F8031E30DB4FF48042F868002396
:1048E00005F0C2F900284BD028460EF0BEFB6FF051
:1048F000730322E04FF001086268796903EB020C50
:104900008C4529D96C468CB0286802A92F4ECA6103
:10491000C1E905637B690A46C1E9083040F20353E7
:104920000B852B4B42F8103F00232A484FF451517E
:10493000F3F7F0FB6FF01B03A54628467B610EF0F2
:1049400081FB7B691C371846BD46BDE8F08F4FF0F0
:104950000008D1E79846CFE7C10706D40BEB030068
:1049600071467B600FF006FC7B6862681A4493B264
:10497000B8F1000F0CD1002B9ED09946D846A0E785
:10498000DAF84C30002B1DDB237ADB0702D400233E
:104990000C346FE7C345FAD123460AE0A9EB0201C4
:1049A000D8687B601FFA81F918FA81F10FF0E2FBF9
:1049B0007B685A689145A3F10C03EFD2E7E76FF0EB
:1049C0008503BAE76FF00403B7E700BF62AB0500E9
:1049D00006000001C44B050008B5CA0743680AD4A5
:1049E000C1F34201012909D002290FD00A4A0B481C
:1049F00001210BF0FFFA6FF0150006E09B6A1B68BF
:104A00004FF0CC72C3F82425002008BD9B6A4FF0FC
:104A1000C8621B68F6E700BF2AAB0500C44B05005F
:104A2000F0B589B047680C461646002112220DF1F8
:104A30000E001D460FF0C5FB04F001038DF80C308D
:104A4000BDF838308DF80D30BB8C0495AB4206961E
:104A50000AD20A4800930A4A2B4601210BF0DDFADC
:104A60006FF01B0009B0F0BDC4F3400282F00102F8
:104A7000B86A520103A903F06DFBF3E7C44B0500CC
:104A800048AC0500B0B5456800AFAB69044698472F
:104A9000E86901210EF0DAFA2A69A86A2346294654
:104AA00003F0B2FA002818DA23686C4688B06A4628
:104AB0000C49CDE905134FF40073ADF81C300A4BD7
:104AC00042F8103F094800234FF4E251F3F722FB6C
:104AD0006FF00400A546BD46B0BD20460EF0DDFADD
:104AE0000020F8E7B0A6050003000001C44B050054
:104AF00008B50368590914D0012906D14FF6FF7291
:104B000003F01F03DA40D2070ED40B490B480C4ABE
:104B10004FF482630AF0DFFF09484FF482610AF024
:104B2000D1FF4FF0FF32EBE703600129054818BFC2
:104B30004FF0A04008BD00BF06660500F55D05000A
:104B4000D3650500000300502DE9F04F154685B0F0
:104B5000834600EB810940F2FF1AD94503D10020BA
:104B600005B0BDE8F08FDBF80030C3F3C72818F0BC
:104B70000808C3F3C321C3F3080440F0AC80594ACA
:104B80001B0E565C544508BF4FF0FF34222B00F239
:104B9000A580DFE803F0122327342A3034A3A3A32F
:104BA000A33741A3A3A3A3A3A3A3A3A34484878A56
:104BB000A3A3A38D9194979A9D00C5F80C45621C00
:104BC0006AD003A80394FFF793FF0399012303FA24
:104BD00001F1C0F808151F46184636E0C5F814451F
:104BE000002715E0C5F80845E9E7C5F8084500279E
:104BF000611C1FD150E0C5F80C450127F8E7C5F846
:104C00001045EDE7C5F80845002EE9D10027062636
:104C1000631C41D0002018E0C5F80C45F4E7C5F846
:104C20006045BBF80230601C03F0010334D0002B58
:104C3000C7D1012703A80394FFF75AFF03998446BD
:104C4000012000FA01F1CCF80C15DBF800100191FD
:104C500001F4004CBCF1000F08BF804603A818BF48
:104C600001270394FFF744FF039C019900EB8400A4
:104C7000C1F34121D0F80047360224F4413446EA1A
:104C8000810624F4437446EA080624F0030426430C
:104C900046EA4706C0F800670BF1040B5DE7C5F86C
:104CA0006445BEE7C5F86845BBE7C5F86C45B8E79D
:104CB000C5F824450127ABE7C5F828457FE7C5F8C7
:104CC0003045F7E7C5F83445F4E7C5F83845F1E76E
:104CD000C5F83C4573E76FF0150041E76FF08500BC
:104CE0003EE700BF39C6050008B578B10849094A52
:104CF0004FF4004E8C460021E0FB0EC100236046BD
:104D0000EBF790FEBDE8084006F0A8BE08BD00BF66
:104D10003F420F0040420F0010B5012303FA01F19A
:104D2000436804691B6819420ED10E490E4A0F48A8
:104D300040F2A2630AF0CFFE0D480AF0CCFE0A480A
:104D400040F2A2610AF0BEFE2368194218BF82F049
:104D5000010222B18368DB68BDE810401847836810
:104D60001B69F9E7B75D0500865D0500F55D050087
:104D7000125E05002DE9F041466896F8268008F09D
:104D80000308B8F1000500AF044618BF01250EF076
:104D9000A2F9B06A30B9294620460EF015FABD4690
:104DA000BDE8F0810EF0DCFF0346B8B9B26A6C468C
:104DB00088B011686A463848CDE905014FF40071A2
:104DC000ADF81C10354942F8101F35484FF4E25138
:104DD000F3F7A0F96FF01200A546E0E7B8F1000F75
:104DE000F28DB06A96F82C100CBF4FF4B0134FF44C
:104DF000D0131A4302F03003302BD0E90168D0F809
:104E000010E00ED12749284A284840F2F7330AF02B
:104E100062FE27480AF05FFE40F2F73122480AF0AE
:104E200051FE02F00603042B09D122491E4A1F48F5
:104E300040F2FE330AF04FFE40F2FE31EEE742F35D
:104E4000000336684FF0010C03F440230CFA01FC18
:104E500053401CEA060F23F480120CD11649124A63
:104E6000124840F211430AF036FE14480AF033FEAD
:104E700040F21141D2E7DEF80060DB074CBF46EAA2
:104E80000C0626EA0C06CEF80060D8F800309847E9
:104E9000002880DA83E700BF8FAC05000300000123
:104EA0003C4C0500B0610500865D0500F55D050020
:104EB000E9610500C2620500B75D0500125E0500EC
:104EC0002DE9F041044647680D460FF04CF888B1D3
:104ED0004FF04008EFF31186314688F31288BFF394
:104EE0006F8F60680EF0D4FA50BB86F31188BFF361
:104EF0006F8FEFE71F4B1B78002BE9D04FF0400876
:104F0000642660680EF0C4FA70B901200EF03DFC12
:104F1000013EF6D10021212006F0A0FDF0E786F346
:104F20001188BFF36F8FF5E7EFF31186314688F3F1
:104F30001288BFF36F8F60680EF0AAFA0028EED0D7
:104F4000BB691D706368BA691B680020C3F84425FB
:104F50000122C3F84825C3F82001D3F82041C3F843
:104F60005801D3F858019A6081F31188BFF36F8F0D
:104F7000BDE8F081FA4200202DE9F041002205460B
:104F800001210220F4F760F90220F4F72DF96C6892
:104F90000121E0680EF0D2FA6B681A682369C2F842
:104FA0002435617D237D0B43A17D0B43C2F86C3515
:104FB0006F68D7E9004313F0010318D0D5F81080CB
:104FC00004F10C0108F10C0204F590700EF025FCC0
:104FD000061E07DA224A234801210BF00BF830465F
:104FE000BDE8F08198F80C0001F064F90123082273
:104FF000C4F80025BA69C4F8442501210022C4F888
:105000004825A1606BB9D4F82031002BFBD0C4F83F
:105010002021D4F820310123E3604FF48073C4F8D9
:105020000433D4F85831002BFBD00021C4F800150C
:105030006D682C68E8680EF081FA0823C4F8003522
:105040002A7A52B9EB69C4F834350123C4F83835EB
:10505000C4F81021D4F8102123600026BFE700BF58
:10506000DCAC05005C4C050038B51149D1E90030D5
:10507000D41AE31840F1000022F07F45C1E9003066
:10508000A5F50013B3F5400F09D20A4B1B681A0AA5
:105090001B065819084B42F10001C3E9000107F053
:1050A0008DFA01462046BDE8384007F0EDB900BF53
:1050B000A0230020003D0020A82300200D4B1868ED
:1050C000010A0006BFF35F8F0B4BD3F804351818A5
:1050D00041F10001B3F5801F0AD2084BD3E9002348
:1050E000904271EB030303D210F1807041F1000193
:1050F000704700BF003D002000100140A8230020A1
:105100002DE9F7432B4CD4F8043399070BD5D4F889
:10511000043143B1284A0023C4F80431D4F80431DF
:10512000136801331360D4F80433DA0323D5BFF3D3
:105130005B8F224B53E8002F22F0010143E800105F
:105140000028F7D1BFF35B8FD30702D4D4F84031E6
:105150008BB10025C4F84051D4F84031FFF7AEFFC1
:10516000EFF3108272B6164BD3E90267B042B94131
:1051700004D282F3108803B0BDE8F0834FF0FF380B
:105180004FF0FF39C3E90289D3E900101D604FF4E5
:105190008033C4F84833C4F84051D4F8403182F326
:1051A00010880029E7D0009032463B4628468847C1
:1051B000E1E700BF00100140003D0020F83C002066
:1051C000902300202DE9F84F4B4DBFF35B8F06462F
:1051D0000F4655E8008F28F0010345E80032002A09
:1051E000F7D1BFF35B8F454C4FF48039C4F8089377
:1051F000BFF35F8FBFF36F8FFFF760FFB04271EBBC
:10520000070308F0010840D23D4B301A67EB01015B
:10521000984271F100014CD23A4BD3E902239F42EC
:1052200008BF96423ED04FF0000CC4F84893C4F833
:1052300040C126F07F40D4F84031DFF8D8A0834643
:1052400003216FF0020E2BF07F43C4F84035C4F801
:105250004493D4F80425AEEB02035B4423F07F4370
:1052600053451FD9D4F840315BB1D4F80425131A43
:1052700023F07F43B3F5000F14D9C4F840C1D4F82C
:10528000403101EB020B0131DDE71F4BBFF35B8FB8
:1052900053E8001F41F0010143E80012002AF7D152
:1052A000BFF35B8F174B194A1A60C3E902670022EC
:1052B0005A60B8F1000F1CD0BFF35B8F55E8003F78
:1052C00043F0010345E80032002AF7D1BFF35B8FBA
:1052D0004FF48033C4F804330B4BBFF35B8F1B6870
:1052E000BFF35B8FDB0742BF094B4FF40032C3F8BB
:1052F0000021BDE8F88F00BFFC3C002000100140F9
:105300000100800090230020F83C00206950040038
:1053100000E100E0FDFF7F0070B5194C194BC4F8A7
:105320000833C4F84833184B00254FF0FF304FF0D6
:10533000FF31C4F80855C3E902014FF48033C4F8C3
:105340000433124B02264FF40032C4F804630121E7
:10535000C3F8802111202A46F3F776FF1120F3F7D6
:1053600043FF01230A4AA360002123600948136018
:10537000FFF728FF3046FEF709FD284670BD00BF45
:105380000010014003000F009023002000E100E026
:10539000FC3C0020FFFF7F00431C10B50F4C05D0E4
:1053A0008442A8BF0446012CB8BF0124FFF786FE43
:1053B0000B4AD2E90031C01AB0F5000F074A0AD2F1
:1053C0002044904228BF1046C018BDE8104041F16B
:1053D0000001FFF7F7BE1046F6E700BFFFFF7F00B2
:1053E000A023002008B5FFF769FE024B1B68C01A16
:1053F00008BD00BFA023002002460B46014804F070
:10540000B3B800BF280A0020014804F075B900BFF6
:10541000280A00201FB5002301930A220293CDF829
:105420000B300091014601A80EF0E3FE084A09493D
:1054300009484FF4AC730AF04EFB0848009A01A9E2
:105440000AF049FB02484FF4AC710AF03BFB00BF85
:1054500019AD0500B0B80500F55D050052AD0500B9
:1054600010B503460A46114881680C6864B91049B2
:10547000104A114866230AF02EFB10480AF02BFB55
:105480000C4866210AF01EFB1946A04768B10C497A
:105490000C4A09484FF436730AF01DFB0A480AF01B
:1054A0001AFB08484FF43671ECE710BD0C470500B5
:1054B000AEAD05007AAD0500F55D0500CEAD050089
:1054C000E873050019AD0500F4AD050008B50A49FB
:1054D0000A480EF038FD00280CDA0949094A0A4842
:1054E0002F230AF0F8FA09480AF0F5FA05482F21A7
:1054F0000AF0E8FA08BD00BF083D0020582C002043
:10550000B0B805002EAE0500F55D050057AE0500EC
:10551000094B93F88530042B02D1810709D47047D9
:10552000022B02D1020704D47047082B03D1830653
:1055300001D5FFF7CBBF70472B420020F0B589B0F3
:10554000064600AF34480D46344904F06BFE07F1BF
:105550000C00EBF78AFA6C4688B06A46304B05932C
:10556000304B06934FF40073ADF81C302E4B42F8CD
:10557000103F2E492E4807F10C03F2F7CBFDA5464C
:105580002C480EF0EDFB50B92B4A294801210AF0B6
:1055900031FD6FF0120420462437BD46F0BD274B85
:1055A0007B60381DE2F7B2FA034638B1244A20483E
:1055B00001210AF028FD6FF01504ECE74FF0FF30F1
:1055C0004FF0FF31FFF718FF04460028E3D11D49D3
:1055D0001D48E1F7E7FE044610B1FFF715FFDAE7D3
:1055E00041F64C5307F10800BB60E3F765FB20B1BF
:1055F000FFF70AFF6FF08504CDE7012338463B70C3
:10560000ECF7D5F90028F3D1FFF7FEFE33690F4818
:105610001D60F6F723FABEE7083D00209936050025
:10562000F28C05007AAE050003000001C01C4001A9
:10563000844B05000C470500A1AE05006154040031
:10564000C1AE0500B02300201D5704001155040011
:1056500030B52F4887B0E1F729FE0446002852D123
:10566000E1F7DEFE0125E1F7E7FEEBF700FAEBF7E5
:1056700000FAEBF700FA03AA022120468DF80C503D
:10568000E1F742FE00283DDB082303AA072120465C
:10569000ADF80C30E1F738FE002833DB4FF0801313
:1056A000039303AA40F2032303212046ADF81030F0
:1056B000E1F72AFE002825DB03AA042120468DF805
:1056C0000C50E1F721FE00281CDB1F2303AA062152
:1056D0002046ADF80C30E1F717FE002812DB40F64B
:1056E000A503984212D90B4A009029460A480AF0AD
:1056F00094FC84F31188BFF36F8F0423184602DFF4
:105700006FF00B000446204607B030BD2046F9E795
:1057100015540400E5AE0500844B050073B53F4CFD
:1057200094F885302BB394F88530042B54D120782D
:105730003E2831D1A678B31E5E425E4163780233C3
:10574000852B2BD9852200923548364A01210AF053
:1057500064FC354A32486FF00B0301210AF053FC18
:10576000002383F31188BFF36F8F0423184602DFF1
:105770001DE04FF0FF304FF0FF31FFF73DFE48B91D
:1057800004F18501204600F0E9FA0546FFF73CFEEA
:10579000002DC8D002B070BD0026CFE70022002344
:1057A0003146F6F769F9054648B9002EF2D00023D4
:1057B00084F8853002B0BDE87040FFF787BE62789C
:1057C0000232164905F10C000AF05DFD174B18482E
:1057D0001B6829469847EAE7022B0DD100220023D7
:1057E0000820F6F7EFF805460028D3D06388043385
:1057F000852BA7D81A46E4E7082B09D100230022FD
:105800002020F6F7DFF8638805460028EFD1C1E7CE
:10581000084A034801210AF0F6FBC8E72B420020A2
:10582000844B050008AF050062AF0500043D002071
:105830004447050029AF05002DE9F341A54D2C781B
:105840000746002C40F0828204238DF80730A24BDB
:105850000688D3F80080B8F1000F15D1B6F5105FB7
:105860004FEA96230BD2002B00F06382013B072BFB
:1058700062D8DFE803F026614D95616161DD3F2B61
:1058800000F09C810120D7E10DF106030DF1070224
:10589000691CC0470128E1D09DF8063013B90128E2
:1058A00040F04A820F236B700423AB700123E87031
:1058B0002B71A5F8056001232B70002002B0BDE814
:1058C000F081384640F2064230F9033B934219D04A
:1058D00040F21D42934218D0012042F219039E4229
:1058E00000F2148242F20C039E4200F2088240F25F
:1058F000064440F21D43A64218BF9E4214BF012435
:10590000002430E0E2F786FFE7E7E2F7F9FFE4E79B
:10591000384640F6634230F9033B934234D00EDC04
:1059200040F60342934223D040F62D42934222D0C8
:1059300040F60142934213D00120044613E040F6A2
:105940007B42934223D040F67C429342F4D19DF8AF
:105950000730624902338DF80730EBF7C5FF01E0ED
:10596000E1F7A8FD012484F001048DF8064093E7D7
:10597000EBF772F8F6E79DF80730584903338DF8D6
:105980000730EBF704FEEDE7E1F7A6FDEAE79DF847
:105990000730524904338DF80730EBF797FFE1E702
:1059A0003B88A3F58053013B082BC5D801A252F8D0
:1059B00023F000BFD9590400EB590400FF5904003B
:1059C000395904003959040039590400395904007F
:1059D000395904001F5A04009DF807303F48083326
:1059E0008DF80730EBF7C1FDBCE79DF807303B4869
:1059F00040338DF807300DF051FE0020B2E79DF8DE
:105A0000073008338DF80730344B00221A605A6093
:105A1000EB7A23F0600343F06003EB72EDE79DF84F
:105A200007302E4806338DF80730EBF7E5FD99E790
:105A3000384642F2320130F8033B1AB28A4222DC85
:105A4000B2F5005F24DDA3F50053013B312B1FD8D5
:105A5000DFE803F0202D361E46491E4C4F521E1E15
:105A60001E1E1E1E1E1E1E1E1E5558611E6A737CA3
:105A70001E1E1E1E1E871E901E1E1E1E1E1E1E1E6B
:105A80001E1E939CA5A842F24B039A4200F08D8003
:105A9000012001E0E1F72AFD42F264039E423FF457
:105AA00062AF42F264039E4200F2C68015E79DF8A1
:105AB00007300A4803338DF80730E2F7A1FEEBE721
:105AC0009DF80730054808338DF80730EBF78CFE5A
:105AD000E2E700BFB1420020183D0020B84200209C
:105AE000EBF7A6FDD8E7E2F7E7FFD5E7EBF7A9FE6E
:105AF000D2E7EBF781FECFE7E3F738F8CCE7EBF737
:105B000063FEC9E79DF80730924910338DF80730DE
:105B1000EBF769FDC0E79DF807308E4808338DF834
:105B20000730EBF72EFDB7E79DF8073089490233C0
:105B30008DF80730EBF7AAFEAEE79DF807308549F0
:105B400002338DF80730EBF7B2FEA5E79DF807307A
:105B500008338DF807308F23EB71C023EB720020E0
:105B60009AE79DF807307B4902338DF80730EBF751
:105B70006EFD91E7E2F780FE8EE79DF807307548ED
:105B800008338DF80730EBF792FD85E79DF8073075
:105B9000704904338DF80730EBF799FD7CE7E2F7A5
:105BA00083FE79E7EBF7D9FD76E79DF80730694882
:105BB00002338DF80730EBF705FD6DE738464FF6F9
:105BC0000C5230F8033B934222D84FF602529342D4
:105BD00012D803F2FF3292B20A2A3FF653AEA3F56F
:105BE0007C43013B0A2B7DD8DFE803F01E347C7C2C
:105BF0007C5B7C7C49525E00A3F57D43033B092B13
:105C000070D8DFE803F05A6F5D6F6F6F606F6F637E
:105C10004FF6145293425CD04FF6165293427FF4E3
:105C200031AEE3F751F807E09DF8073049480C33EF
:105C30008DF80730EAF721FF42F285039E4272D8C1
:105C400042F267039E424FD842F26604341B18BFEB
:105C5000012488E69DF8073040338DF807303D4B2E
:105C600000201880EB7923F0230343F02303EB712A
:105C70002B7A23F0070343F007032B72DCE79DF830
:105C80000730344817338DF80730EAF710FFD3E7B1
:105C90009DF807302F4820338DF80730EAF72BFFA7
:105CA000CAE7EAF702FFC7E79DF807302948013342
:105CB0008DF80730EAF73CFFBEE7EBF778FEBBE76D
:105CC000E2F7FAFFB8E7EAF749FFB5E7EBF758FE66
:105CD000B2E79DF807301F4904338DF80730EAF723
:105CE00041FFA9E70120DCE6A6F50153283B1A4C49
:105CF0009BB2DC4004F0010484F0010433E6A6F515
:105D000000530D3B9BB241F24124F2E742F23203D1
:105D10009E423FF428AEA6F50154033C012C94BFEB
:105D2000002401241FE626F008044FF60253E41A6B
:105D30008DE70124204616E69DF80730AB700E2251
:105D400001236A70EB70AE80A871B4E54FF0FF30AC
:105D5000B4E500BFB84200202F80402038B5094C80
:105D600023780D461BB9BDE83840EAF7DCBFA278BE
:105D7000611C02320EF0FEF90020042320702B700B
:105D800038BD00BFB142002070B506460C460F4D2D
:105D900028460DF0E5FFA8B1A2B2AB681B6863B955
:105DA0000B490C4A0C48662309F095FE0B4809F094
:105DB00092FE0848662109F085FE31462846BDE876
:105DC000704018476FF0120070BD00BF0C4705000F
:105DD000AEAD05007AAD0500F55D0500CEAD050060
:105DE0001FB5002301930A220293CDF80B300091D6
:105DF000014601A80EF0FDF9084A0949094840F298
:105E00004D1309F068FE0848009A01A909F063FEE5
:105E1000024840F24D1109F055FE00BFBAAF05002F
:105E2000B0B80500F55D0500E7AF050037B53223D2
:105E3000ADF80430124A00230125192168468DF877
:105E40000630ADF800508DF80230EAF77BF80446D2
:105E500098B90CF0E5FF80B2E8F7CCF82A46214665
:105E60000820F3F7F1F92A4621460B20F3F7ECF965
:105E70002A4621462846F3F7E7F9204603B030BD0D
:105E8000E15D040008B54FF0FF304FF0FF31FFF740
:105E9000B3FA48B107490848084AE62309F01BFE4F
:105EA0000648E62109F00EFEEDF7DBFDBDE80840EF
:105EB000FFF7AABAFEAF0500F55D0500BAAF050011
:105EC00008B50A490A480EF03EF800280CDA0949DC
:105ED000094A0A482F2309F0FEFD094809F0FBFD95
:105EE00005482F2109F0EEFD08BD00BF1C3D002034
:105EF000582C0020B0B805002EAE0500F55D050059
:105F000057AE050013B500240C490D4800946FF0FE
:105F100009034FF4806204F05BFB0A4908480EF065
:105F200028F80949094804F07DF92246042119207E
:105F3000F3F78AF9204602B010BD00BF805A002056
:105F4000582C00200BB00500855E04001C3D00208D
:105F50000346024A024802210AF055B81FB0050064
:105F6000244C050010B9024B1B681847FFF7F0BF1F
:105F70002C3D002010B538B101280BD1BDE81040F0
:105F80000B490020E7F75EBF0A4BBDE810401B68D5
:105F9000012018470849094A09484C2309F09BFD8C
:105FA000084809F098FD05484C2109F08BFD00BF19
:105FB000655F04002C3D0020B0B805003BB0050033
:105FC000F55D050078B0050008B598B1012804D149
:105FD000BDE808400020E7F751BF0749074A0848D5
:105FE0005F2309F078FD074809F075FD03485F213C
:105FF00009F068FD08BD00BFB0B805003BB0050062
:10600000F55D050078B00500014B18600020704771
:106010002C3D0020024AD2F80034002BFBD0704700
:1060200000E0014010B54FF08053D3F83021082A2A
:106030004ED14FF080420021C2F80C11C2F810116D
:10604000C2F8381502F54042D3F80414C2F82015FE
:10605000D3F80814C2F82415D3F80C14C2F8281584
:10606000D3F81014C2F82C15D3F81414C2F8301554
:10607000D3F81814C2F83415D3F81C14C2F840151C
:10608000D3F82014C2F84415D3F82414C2F84815E4
:10609000D3F82814C2F84C15D3F82C14C2F85015B4
:1060A000D3F83014C2F85415D3F83414C2F860157C
:1060B000D3F83814C2F86415D3F83C14C2F8681544
:1060C000D3F84014C2F86C15D3F84434C2F87035D4
:1060D0000DF04BFB18B13E4B3E4AC3F88C260DF039
:1060E00044FB18B13C4BFB22C3F818250DF03DFBD7
:1060F00058B14FF080424FF08051D2F8E43ED1F8D1
:10610000581261F30303C2F8E43E0DF02EFB20B1F8
:10611000324B4FF40072C3F840264FF08053D3F84F
:106120003031082B09D14FF08043D3F80024D20737
:1061300044BF6FF00102C3F80024294AD2F8883026
:1061400043F47003C2F88830BFF34F8FBFF36F8FF3
:106150004FF08053D3F83021082A0BD1D3F83431D3
:10616000042B81BF4FF01023D3F808224FF0804357
:10617000C3F858254FF01023D3F80022002A03DB80
:10618000D3F80432002B22DA164901234FF01020F5
:10619000C1F804351224FFF73DFFC0F80042FFF7B5
:1061A00039FFC0F80442FFF735FF0023C1F804357A
:1061B000FFF730FFBFF34F8F09490B4BCA6802F45A
:1061C000E0621343CB60BFF34F8F00BFFDE710BD0C
:1061D000005000404881030000F000400090024061
:1061E00000ED00E000E001400400FA052DE9F04771
:1061F0001F4600F06043B3F1005F164600D149B975
:1062000013491448144A672309F065FC12486721B2
:1062100009F058FC00F160404C1E0444DFF83C805B
:10622000050B240BFF234FF0010AA54201D9BDE85D
:10623000F08718F80510994201F00F00894604D044
:10624000090932460AFA01F1B84701354B46ECE735
:10625000D4B00500F55D050098B0050041C6050005
:10626000014BFFF7C3BF00BF05380500014B1860A5
:10627000704700BF303D002010B50A4B1868144627
:1062800048B9094909480A4A3B2309F024FC08484F
:106290003B2109F017FC0DF07AFA0028A4BF20700A
:1062A000002010BD303D002033B10500F55D050034
:1062B000F7B00500024A01238340C2F80435704755
:1062C00000F00140034A430900F01F00D35C18446A
:1062D000C0B2704781C6050010B504460846FFF7F6
:1062E000F1FF04EB4000838ADA051CD5C3F3432198
:1062F00023F4F853838204F1120204F1720032F89D
:10630000023F13F4807F03D0C3F3432399420AD0A2
:106310009042F4D104EBC10300225A6004F17800EA
:106320000DF053FA00B910BD05490648064A4FF46E
:10633000DB7309F0D0FB04484FF4DB7109F0C2FBBA
:10634000E8730500F55D050049B1050008B5026870
:10635000014610460DF075FA58B91149114A124814
:106360004FF4826309F0B7FB4FF482610D4809F0E6
:10637000A9FB02F01F0352090B600BD0012A0CD0BD
:106380000A49084A084840F2194309F0A4FB40F2C0
:106390001941EBE74FF0A04008BD0548FCE700BFFE
:1063A00006660500D3650500F55D0500B0B805007B
:1063B00000030050072808B50BD908490848094AC6
:1063C00040F2A73309F087FB064840F2A73109F0F5
:1063D00079FB800000F5807008BD00BFBCB10500EE
:1063E000F55D050087B10500024611F0010030B5EA
:1063F00015D18B07C1F3400022D51249D1F82005F1
:1064000050604FF08052C1F82005D2F83021082AA0
:1064100008BFD1F82025003818BF012010E04FF048
:10642000A0444FF08055D4F820351360C4F82035CF
:10643000D5F83051082D08BFD4F82045002BD8D00E
:1064400030BD00BF00030050F7B504460846FFF713
:1064500039FF04EB40060D46B38ADB072AD52046F8
:106460000DF0E2FA294620460DF0FDF950B1204624
:106470000DF028FA276807EB80000023C0F81035DC
:10648000C0F81035204629460024FFF725FFB482C6
:1064900001A80195FFF75AFF019B00EB8300074B12
:1064A000D0F80027134043F00203C0F8003720461D
:1064B00003B0F0BD6FF01500FAE700BFF0F8FCFF85
:1064C0002DE9F0430E4685B01746044658B95A499F
:1064D0005A485B4A40F25E4309F0FDFA584840F2E0
:1064E0005E4109F0EFFA0846FFF7ECFED7F80080AE
:1064F0000546B8F1000F19D020460DF0D8F918BBA9
:10650000CDE900008DF80E008DF80F0043460DF127
:106510000F020DF10E0130460DF0FDF904EB4502BE
:10652000938A23F0020343F0010393827B689BB3B9
:106530003146204693F80080D3F804900DF0ACF972
:1065400028B1B9F1000F1FD06FF0150027E004EB60
:106550004500838A23F4604323F020038382B9F14A
:10656000000F11D0B8F1030FEED87B6821685B688B
:1065700093F800C04FEA8C031944B8F1000F11D111
:10658000C1F81085C1F8108504EB4502938A23F009
:106590001C0343EA88039382BB6843BB002005B019
:1065A000BDE8F083D1F8102522F00302C1F81025D0
:1065B00022681344D3F8102522F44F3222F440729B
:1065C000C3F810253202D3F8101502F47C5242EAC7
:1065D00008420A43C3F8102504EB4C03A3F87C607F
:1065E000838A43EA4C3343F020038382CCE7D3E928
:1065F000007831462046FFF76FFE002FCED063684B
:106600009F4206D004F178000DF0C1F8002804DAAA
:10661000C5E7A3689845F5D1002004EBC003C3E9A2
:10662000017804EB4505C0B2AB8A43EA402343F44A
:106630008073AB82B2E700BFC6B10500F55D05000F
:1066400049B105002DE9FF410C4616461F46054697
:1066500058B93C493C483D4A4FF48D6309F03BFA38
:106660003A484FF48D6109F02DFA0846FFF72AFEEB
:10667000804616B328460DF00FF918B928460DF0DC
:10668000F2F808BB214628460DF0F8F810B17378EF
:10669000012B19D001238DF80F300023CDE90063C1
:1066A000721CB31C0DF10F0120460DF034F905EBFF
:1066B0004802938A43F003039382002F3FD0214680
:1066C00028460DF0E9F820B96FF0150004B0BDE8D8
:1066D000F0813E782B6803EB8603002205EB48002F
:1066E000C3F81025C3F81025838A23F4604323F0F0
:1066F0002003838279784FEA860C01B32A68BF7839
:1067000062440904D2F8103523F4991323F4F853A2
:10671000C2F81035230201F4403103F47C530B43DB
:106720003905D2F8105501F480110B432B43C2F800
:106730001035838A43EA463343F0200383820020E6
:10674000C4E700BFC6B10500F55D050049B105000D
:1067500008B558B907490848084A40F2714309F09A
:10676000BAF9064840F2714109F0ACF9C0E90312E8
:1067700008BD00BFC6B10500F55D050049B10500C3
:1067800070B51546044658B91349144A144840F2E6
:106790007A4309F0A0F940F27A41104809F092F9E1
:1067A0004AB910490D4A0E4840F2233309F093F9D3
:1067B00040F22331F1E70DF056F848B10846FFF7F3
:1067C00081FD04EB40040020A38A5B0B2B7070BD9D
:1067D0006FF01500FBE700BFC6B1050049B1050029
:1067E000F55D0500D0B3050070B5044658B91649EB
:1067F0001648174A4FF4916309F06DF914484FF4A5
:10680000916109F05FF990F88C50D5B96022294662
:1068100014300DF0D6FC2668E8B20135FFF7CAFD4A
:10682000082DF9D10025C6F87C5146F30730D6F87B
:106830007C31F2F7D9FC012384F88C30A367284619
:1068400070BD6FF07700FBE7C6B10500F55D050090
:1068500049B1050008B558B908490948094A40F244
:106860008F4309F038F9074840F28F4109F02AF9BF
:1068700090F88C00003818BF012008BDC6B1050093
:10688000F55D050049B1050008B558B90749084844
:10689000084A40F29D4309F01EF9064840F29D4126
:1068A00009F010F9BDE80840FFF7CEBDC6B10500FC
:1068B000F55D050049B1050008B558B90849094812
:1068C000094A40F2A44309F006F9074840F2A441FE
:1068D00009F0F8F8BDE8084004480CF076BF00BFA6
:1068E000C6B10500F55D050049B10500C0070020EF
:1068F00010B50C4658B90A490A480B4A40F2AB4356
:1069000009F0E9F8084840F2AB4109F0DBF8074824
:106910000CF03DFF0028A4BF2070002010BD00BF78
:10692000C6B10500F55D050049B10500C0070020AE
:106930002DE9F3410D461646044658B93849394AFF
:1069400039484FF4A56309F0C6F84FF4A5613548FE
:1069500009F0B8F80CF092FF48B93449314A32488E
:1069600040F2354309F0B7F840F23541EFE72046F1
:106970000CF079FF2768F8B120460CF08DFF8046B7
:10698000D0B920460CF09EFF0546FFF713FD47F8EF
:1069900000803B58236803EB8503D3F8102542F0B1
:1069A0000102C3F8102526B122680123AB40C2F8CA
:1069B000043302B0BDE8F081D7F80433002BA4BF44
:1069C0004FF00043C7F804334EB91949154A164829
:1069D00040F24F4309F07FF840F24F41B7E72846B5
:1069E000FFF770FC04EB4004A38AC3F38203042B7B
:1069F00012D0052B12D001A80195FFF7A7FC019B2F
:106A0000D0F81015D94001F001010231284602B03A
:106A1000BDE8F0410CF0CCBF0321F7E70221F5E718
:106A2000C6B1050049B10500F55D0500D1B105000D
:106A3000F2B1050008B558B907490848084A40F2BC
:106A40002F5309F048F8064840F22F5109F03AF860
:106A5000BDE808400CF0E8BFC6B10500F55D0500D3
:106A600049B105002DE9F04F07468BB058B975497B
:106A70007548764A40F25C6309F02DF8734840F29D
:106A80005C6109F01FF88046082258F804ABDAF878
:106A90000413C9B241F0004150460CF098FF051EA6
:106AA0002FDA0023032108A8CDE90833FFF79CFC67
:106AB000674B02930DF120094FF0000B029A6549D4
:106AC00012F8013B0292DA0803F007038A5C22FA0B
:106AD00003F3DB071CD40BF10103022B09F10409BA
:106AE0004FF0010BEAD14FF00041002250460CF06C
:106AF0006EFF032108A8FFF777FC0028D8D125F006
:106B000000450124002D40F086800BB0BDE8F08FD9
:106B1000514B5B440393D9F800100029DBD0039B51
:106B200091FAA1F11C78B1FA81F141EA44142046AE
:106B3000FFF7C8FB07EB40000794828AC808C2F33E
:106B4000820319F800600193CDE9042301F00701E5
:106B5000012303FA01F126EA010109F8001007A850
:106B6000FFF7F4FB0799049A059B01F5E07112F019
:106B7000100F50F82160C6F3014633D0019A214628
:106B800040460CF0A9FE07A80794FFF7DFFB079B20
:106B900003F5E073F6B250F82330C3F301439E428D
:106BA00007D1002120460CF003FF314620460CF0AF
:106BB000FFFE07A80794FFF7C9FB079B012202FA13
:106BC00003F3C0F820354FF08053D3F83031082B51
:106BD00001BFD0F82035D0F82035D0F82035D0F8D6
:106BE000203598E7022E14BF02210321204604938A
:106BF0000CF0DEFE049B032B03D0022E07D1012BE9
:106C0000D7D1019A214640460CF066FED1E7032E0B
:106C1000CFD1022BF4E795FAA5F3B3FA83F304FA84
:106C200003F225EA020503F5A27207EB43035AF8C3
:106C30002220B3F87C10C2F3014240460CF04CFE17
:106C400060E700BFC6B10500F55D050049B105006C
:106C500091C605002058050091C6050010B548B939
:106C60001B491C481C4A722308F035FF1A48722140
:106C700008F028FF194C23783BBB0278C2F340038D
:106C800092070FD54FF08053D3F83021082A08D14E
:106C9000D3F83431022B02BF4FF080430122C3F8F6
:106CA000382601234FF08042C2F88035037803F084
:106CB0000103C2F878350020F2F7B8FA08B9F2F704
:106CC00093FA01232370002010BD6FF07700FBE7DB
:106CD00043B40500F55D0500FDB10500F942002053
:106CE0004FF080434FF46072C3F80823014B002239
:106CF0001A607047343D002008B558B909490A4860
:106D00000A4A40F2431308F0E6FE084840F24311F5
:106D100008F0D8FEFFF7E4FF03680BB1044A1360E4
:106D200008BD00BF3AB20500F55D0500FDB10500E4
:106D3000343D002010B54FF08043D3F80443620780
:106D400014D54FF484700CF091FE78B1404B1B6861
:106D50005BB94049404A414840F26F1308F0BBFE1E
:106D600040F26F113C4808F0ADFE9847A30613D5DA
:106D70004FF48A700CF07AFE70B1394B1B684BB936
:106D80003849354A35484FF4BC7308F0A4FE4FF437
:106D9000BC71E7E700209847600613D54FF48C706C
:106DA0000CF064FE70B12E4B1B684BB92D492A4A7A
:106DB0002A4840F27F1308F08EFE40F27F11D1E79F
:106DC00001209847210613D54FF48E700CF04EFE2B
:106DD00070B1254B1B684BB924491F4A1F484FF41B
:106DE000C47308F078FE4FF4C471BBE700209847E5
:106DF000E20513D54FF490700CF038FE70B11A4BC9
:106E00001B684BB91949144A144840F28F1308F013
:106E100062FE40F28F11A5E701209847A30515D522
:106E20004FF492700CF022FE80B10F4B1B684BB9EF
:106E30000E49094A09484FF4CB7308F04CFE4FF451
:106E4000CB718FE7BDE810400220184710BD00BF8E
:106E50003C3D002052B20500FDB10500F55D050086
:106E6000383D002073B20500343D002095B2050086
:106E700080F08003042B04D8054B034413F8800CE6
:106E8000704707289ABF034B185C0020704700BF6B
:106E900093C6050098C60500064B93F82E000128FE
:106EA00006D0022818BF042814BF01200020704714
:106EB00000207047403D002010B5164B164A0020B8
:106EC000C3F8000592F82F40D3F8041382F82E403F
:106ED000146821F033010CB141F02301C3F81C0107
:106EE000D3F81C41C3F81801D3F81841C3F80801BE
:106EF000D3F8080192F8340092F8332002F001022E
:106F000000F00100D20142EA80120A43C3F80023D4
:106F100010BD00BF00700040403D002070B50D4A1C
:106F2000002392F8301001251E4618B90BB182F8E3
:106F3000301070BD90FAA0F3B3FA83F305FA03F4AE
:106F40000C3302EB430320EA0400DE8021EA040153
:106F50000123EAE7403D002038B5431EFE2B09D946
:106F60000F491048104A9A2308F0B5FD0E489A219F
:106F700008F0A8FD0D4B012493F83050002208239F
:106F8000204203D0254208D00132D2B2013B4FEA61
:106F90004404F5D10A70184638BD6FF01500FBE7C0
:106FA000F2B20500F55D0500B5B20500403D0020D8
:106FB00073B50023044601AA0E464FF48071019375
:106FC0000CF075FD4FF48A7120460CF070FD4FF403
:106FD0008271054620460CF06AFD20B11EB115B144
:106FE000144BD3F8343601AA4FF4847120460CF0C8
:106FF0005EFD4FF4867120460CF059FD4FF4887108
:1070000020460CF054FD0C4B234083B14FF48E7599
:10701000294601AA20460CF04AFD291F083589B2ED
:107020002046ADB20CF043FDB5F5AE7FF0D101982E
:1070300002B070BD00700040C0FF3F002DE9F04F6E
:107040009A464FF0805393B0D3F830411C9D082CE2
:107050003FD1D3F83431012B3BD00DF1080C0AAFEE
:107060003E4C3E46E046002304EB031E0133DEF8AF
:10707000189548F8049B082BDEF81CE546F804EB4D
:10708000F2D1D4F8F065D4F8403601934FF0010EF8
:107090000023D4F84496D4F84886C4F8FC3FC4F8DA
:1070A000FCEF2E4C5CF804BB04EB031E0133CEF85E
:1070B00018B557F804BBCEF81CB5082BF2D1019BCC
:1070C000C4F84036F6B2C4F84496C4F84886C4F80A
:1070D000F065234B002483F8334083F834409C60F0
:1070E0001C611D6083F831009C831C4BC3F8F015B4
:1070F000C3F8F4257DB32322C3F80023184D174CA1
:1071000000220127110107FA02F301F18046034032
:1071100006F5E04619BF95F81EE095F81FC09C469D
:107120009E46002B04EB0103C6F810E5C6F814C513
:10713000D3F8181514BF5646002621F0807101328D
:1071400041EA0661082AC3F8181505F10205D9D1EC
:1071500013B0BDE8F08FC3F80053CFE700700040D4
:10716000403D0020F8B50446C079FF2809D12B49DD
:107170002B482C4AE62308F0AEFC2A48E62108F00A
:10718000A1FC267A6779617AFFF772FE10B96FF079
:107190001500F8BD244A01F10C0502EB4503012F4F
:1071A000987139D13046FFF763FE0028EFD002EB2B
:1071B0004505E871E378A0781B03000200F4E06065
:1071C00003F480530343207800F003000343207945
:1071D000000400F4E02003436078000100F0300078
:1071E0000343A079000600F0807003436079000536
:1071F00000F480100343080100F1804000F5E040F6
:10720000C0F81835012303FA01F192F830300B432E
:1072100082F830300020BCE70020C8E72AB3050020
:10722000F55D0500B5B20500403D0020084B012288
:107230009A600022C3F81421D3F814110549802064
:10724000C1F88001C3F80025C3F80025704700BFCE
:107250000070004000E100E070B5204D95F82E4030
:10726000002C38D1FF20012685F82E60FFF756FE4E
:107270001B4B1C48C3F80041D3F80021C3F804415C
:10728000D3F80421C3F81041D3F81021C3F81441F6
:10729000D3F814311C239A0806FA02F111F0330FC7
:1072A0001CBF03F1804101F5E24102F1FF3218BF3A
:1072B0000C6006FA02F218BF096812F0330F1CBF07
:1072C0001C501A5808335C2BE5D10720F1F78CFFCE
:1072D0000020286070BD6FF07700FBE7403D002084
:1072E00000700040FC70004008B50E4B93F82E3043
:1072F000024603B158B90C490C480D4A4FF4EA73E1
:1073000008F0E9FB0A484FF4EA7108F0DBFBFFF7ED
:10731000C3FD20B9BDE808401046FFF723BF6FF05A
:107320000F0008BD403D002099B30500F55D050044
:10733000B5B2050008B5094B93F82E205AB9084993
:107340000848094A4FF4F07308F0C5FB06484FF4AB
:10735000F07108F0B7FB93F8300008BD403D002005
:10736000DAB30500F55D0500B5B205002DE9F0437F
:107370001E4F994697F82E3085B00546884616462A
:107380005BB91B491B481C4A4FF4FC7308F0A3FB74
:1073900019484FF4FC7108F095FBFFF77DFDF0B93B
:1073A0000DF10F012846FFF7D7FD0446D0B9134B66
:1073B000C3F8F805331E18BF0123CDF800903246FC
:1073C00041462846FFF73AFE9DF80F3087F83230E5
:1073D000022387F82E30204605B0BDE8F0836FF019
:1073E0000F04F8E76FF01504F5E700BF403D0020FB
:1073F000DAB30500F55D0500B5B205000070004088
:107400002DE9FF47344E994696F82E3080468A463D
:10741000154603B15AB931493148324A4FF40A731B
:1074200008F059FB2F484FF40A7108F04BFBFFF7A7
:1074300033FD0746002846D10DF10F014046FFF706
:107440008BFD0446002841D16B8833B19DF80F3085
:10745000012B3ED8B9F1000F3BD02A786B782AB1C6
:1074600023B99DF80F10012933D80127CDF80090DA
:1074700051464046FFF7E2FD6B881B4A8BB1A3F1F2
:107480005001B1F5F66F0AD318491548184A40F271
:10749000AA5308F020FB164840F2AA51C5E743F46E
:1074A0008053C2F8F8359DF80F3086F832302B79CA
:1074B00086F83530042386F8367086F82E3020465C
:1074C00004B0BDE8F0876FF00F04F8E76FF0150423
:1074D000F5E76FF08504F2E7403D00200CB40500AD
:1074E000F55D0500B5B20500007000404CB4050024
:1074F00059B3050070B5244A92F82E5004465DB980
:1075000022492348234A4FF4197308F0E4FA21482A
:107510004FF4197108F0D6FA13695BBB00F06043B1
:10752000B3F1005F29D192F83260B1FBF6F306FBAC
:10753000131028BB0BB2002B22DD052D06D8032D1E
:107540000BD8022D0ED06FF0760070BD062DFAD14B
:10755000114BC3F82C46C3F8301693683BB1C2E90F
:107560000441F2E78E420BD1C2E90246EDE7C2E9DF
:107570000241EAE76FF07700E7E76FF00C00E4E71D
:107580006FF00600E1E700BF403D0020DAB30500E0
:10759000F55D0500B5B20500007000402DE9FF4122
:1075A000594C94F82E20012A0BD858495848594A6A
:1075B00040F29D2308F08FFA564840F29D2108F0D2
:1075C00081FAA368002B00F09B80022A06D0042ACF
:1075D00033D06FF0760004B0BDE8F0814E4D012647
:1075E000C5F800652168E26849B1032184F82E10CE
:1075F000C5F82C36C5F830262E600020EBE7C5F81C
:107600002C36C5F830262E600CF069FA04F1080318
:107610006E60019301990220FFF7CAFC0028F9D09F
:107620003D4B0022C3F80821D3F80811C3F80C2100
:10763000D3F80C11C3F80025DFE7374D4FF00108F0
:10764000C5F80085276857B1052284F82E20E26826
:10765000C5F82C36C5F83026C5F80080CDE7A18BDB
:1076600094F83220039203EB41030293C5F82C36C1
:10767000C5F83026C5F800800CF031FA94F83630A1
:1076800063BB254D01236B6002A90220FFF790FC2C
:107690000028F9D00023C5F80831D5F80821C5F82D
:1076A0000C31D5F80C21A18B94F832200A44E16802
:1076B00092B28A42A28321BF184AA383D2E902016F
:1076C000236124BFC2E900011846134B4FF00002AA
:1076D00038BF6FF00F00C3F800257CE7D5F8F465DC
:1076E000F6B208FA06F6013EBE42CAD9C5F80480D1
:1076F00000210420FFF75CFC0028F9D00137F3E7F4
:107700006FF00B0067E700BF403D00206BB4050041
:10771000F55D0500B5B2050000700040483D002051
:10772000F8B5334E96F82E10024659B93149324811
:10773000324A40F2293308F0CEF9304840F229317C
:1077400008F0C0F9FFF7A8FB00284ED12C4C86F8B2
:107750002F10072386F82E3001237260C4F80035FD
:10776000D4F80453C4F80003E3603AB125F0C0052F
:1077700045F03305C4F800530020F8BD0021102067
:10778000FFF716FC0028F9D00023C4F80431D4F820
:1077900004311C4BC4F82C3601270223C4F83036C0
:1077A00027600CF09CF9A76000212020FFF700FC67
:1077B0000028F9D0124B0022C3F80421D3F8041199
:1077C000C3F80821D3F80811C3F8002596F82F1044
:1077D00086F82E10C3F81C21D3F81C11C3F8182109
:1077E000D3F81821C3F80053C6E76FF00F00C4E7C1
:1077F000403D0020DAB30500F55D0500B5B2050097
:1078000000700040583D00207FB56249614E332032
:10781000FFF7CEFB10F0100F05460BD05E4B102289
:10782000C3F80823B218C3F82C260222C3F8302666
:1078300001221A6015F0200F584C10D094F82E3009
:10784000554A072B05D0D2F834369BB2E3600023AB
:107850002361D2F80433DB0601D5FFF72DFBA8071F
:1078600017D5002294F82E308DF80420A2680292D9
:10787000062BE268ADF80C2017D0072B33D0032B72
:1078800007D1FFF7D3FC022384F82E30236801A828
:107890009847E9074ED594F82E30033B042B49D87E
:1078A000DFE803F0594828405D0094F8353023B1F3
:1078B000236913B1384B01221A60236801A8984745
:1078C000374B93E8030086E8030000232361A36895
:1078D000002BDED1FFF7AAFC042384F82E30052309
:1078E0008DF80430D2E7FFF7E7FA02238DF8043071
:1078F0006368CCE704238DF8043001A82368984717
:10790000254BD3F8F825D20444BF01225A602269DE
:10791000062384F82E302AB11F4B6169C3F82C2648
:10792000C3F8301623692BB903238DF8043001A85E
:107930002368984794F82E30072B0AD0164B194825
:10794000D3F8043300211840FFF732FB01268509E4
:107950004DB904B070BD104B01225A60EAE70E4BDE
:1079600001229A60E6E795FAA5F3B3FA83F306FAE3
:1079700003F225EA02055A08DB4303F001038DF800
:1079800009308DF8046023688DF8082001A8984715
:10799000DEE700BF483D002000700040403D002071
:1079A000503D0020C0FF3F0038B5450914D0012DDF
:1079B00006D14FF6FF7400F01F00C440E4070ED458
:1079C00011491248124A4FF4826308F084F81048B3
:1079D0004FF4826108F076F84FF0FF34EBE70D4C7E
:1079E000012D18BF4FF0A04404EB80001B02D0F81B
:1079F0000057094C43EA82022C4042EA41012143EC
:107A0000C0F8001738BD00BF06660500F55D05002B
:107A1000D365050000030050F0F8FCFF13B5394BA7
:107A200001930023C0F80431D0F80421C0F82431B8
:107A3000D0F82421C0F81C31D0F81C21C0F808313E
:107A4000D0F80821C0F800324B6381F82F300123B1
:107A5000036291F82D209A4218BF83604B6B8A6AAB
:107A6000934204460ED24A6AD35CC0F81C350B68B8
:107A700003B340F286238B608B68C4F80433002084
:107A800002B010BD91F82C3013B10123C361EEE7B1
:107A90000B6A13F0400F4FF0010316BFC36143613F
:107AA00081F82D30E3E720460CF021F828B1019B46
:107AB000013B0193019B002BF5DC91F82F0058B995
:107AC000019B002BDCDC0023C4F800350523C4F83F
:107AD00000356FF08B00D3E7D4F8C434C4F8C43455
:107AE00063B19A075ABF03F001008C386FF00400AD
:107AF00013F0040F18BF6FF00A00E1E76FF08B007E
:107B0000DEE700BFA086010013B5314B01930023CF
:107B1000C0F80431D0F80421C0F82431D0F8242171
:107B2000C0F81C31D0F81C21C0F80831D0F8082169
:107B30004B6381F82F308B6A012B044617D10B6AF7
:107B4000580614D40223C4F800320123236291F8AA
:107B50002D20022A18BF23600B688BB140F28623C8
:107B60008B608B68C4F80433002002B010BD012381
:107B7000E9E720460BF0BBFF28B1019B013B0193D5
:107B8000019B002BF5DC91F82F0058B9019B002BCD
:107B9000EBDC0023C4F800350523C4F800356FF092
:107BA0008B00E2E7D4F8C434C4F8C43463B19A0754
:107BB0005ABF03F001008C386FF0040013F0040F7B
:107BC00018BF6FF00A00E1E76FF08B00DEE700BF3F
:107BD000A086010070B50D46044600B149B9284998
:107BE000284A2948BB2307F076FFBB21254807F028
:107BF00069FF90F8321000293FD1C0E90123C1602C
:107C000080F8311080F8351080F834106B7B80F8E4
:107C10003C30AE7B80F83D60B6B9D5E900039842B0
:107C200007D11A49174A1848E82307F054FFE821FA
:107C3000DCE7062303223146FFF7B6FE6868062319
:107C400003223146FFF7B0FEEB7B33B9D5E90012D2
:107C50002368C3F80815C3F80C252368AA68C3F87D
:107C60002425636823B1206840F30730F1F7BCFA9C
:107C7000012384F83230002070BD6FF07700FBE7FD
:107C800008B50500CDB40500F55D05001FB505007C
:107C900008B558B91049114A11484FF49A7307F0C2
:107CA0001AFF4FF49A710D4807F00CFF90F832302C
:107CB000012B09D00B49094A09484FF49C7307F07E
:107CC0000AFF4FF49C71EEE703680522C3F8002514
:107CD000022380F8323008BDC6B10500CDB40500DE
:107CE000F55D05003EB5050008B558B91549164AB9
:107CF000164840F2431307F0EEFE40F243111248DB
:107D000007F0E0FE90F832304BB911490E4A0F48A7
:107D100040F2471307F0DFFE40F24711EFE7036838
:107D20000C4AC3F80823D3F8002222F00302C3F858
:107D300000220022C3F80025012380F8323080F8A9
:107D4000342008BDC6B10500CDB40500F55D0500C1
:107D500068B50500864204002DE9F0410D4616463F
:107D6000044658B93C493D4A3D4840F2B32307F028
:107D7000B2FE40F2B321394807F0A4FE90F8323049
:107D8000022B00F104080DD1CB680BB94B684BB93D
:107D90002B690BB9AB682BB963686BB92B78023BC5
:107DA000012B09D82F492D4A2D4840F2B92307F05D
:107DB00092FE40F2B921DEE794F83130D4F800E0C9
:107DC000012B05D12B78012B07D16FF076000FE046
:107DD000022B02D12B78012BF7D1234BCEF808339D
:107DE00094F8343033B1E368CEF804336FF00F0009
:107DF000BDE8F081C6F3800383F00103DBB284F8B1
:107E000034306662AC46BCE80F0004F110070FC7BF
:107E1000DCF800303B606B68E362EB68A3626B7870
:107E2000CEF888352B78012B10D06BB9C6F34016ED
:107E300084F8306041467046FFF7F0FD6368002B20
:107E4000D6D184F83430D3E70126F1E741467046B5
:107E5000FFF75AFEF2E700BFC6B10500CDB405003A
:107E6000F55D050094B50500864204002DE9F0415A
:107E7000044686B058B931493148324A40F2E123CC
:107E800007F029FE2F4840F2E12107F01BFE0146D2
:107E900051F8048B40460BF02AFE002847D194F895
:107EA000335005BB227C931E012B1CD8A06AE369CA
:107EB000984218D1236AA362A369E36294F824303C
:107EC00084F83150C3F34013032A84F8303040461D
:107ED00004D106B0BDE8F041FFF7A0BD06B0BDE893
:107EE000F041FFF711BE04F110070FCF01AE0FC62E
:107EF0003B68336065B1D8F8C454C8F8C454A907C6
:107F000018D46A0718D405F00105C5F10405EDB2CF
:107F1000002384F83430636A8DF800505B0702D583
:107F200094F833301BB1D4E901316846984706B064
:107F3000BDE8F0810125EBE70225E9E7C6B10500C0
:107F4000F55D0500CDB4050038B5450914D0012D07
:107F500006D14FF6FF7400F01F00C440E4070ED4B2
:107F600011491248124A4FF4826307F0B4FD1048D9
:107F70004FF4826107F0A6FD4FF0FF34EBE70D4CA4
:107F8000012D18BF4FF0A04404EB80001B02D0F875
:107F90000057094C43EA82022C4042EA4101214346
:107FA000C0F8001738BD00BF06660500F55D050086
:107FB000D365050000030050F0F8FCFF70B5857B29
:107FC0000446D5B9D0E90003984209D10B490C48C1
:107FD0000C4ADB2307F07FFD0A48DB2107F072FD26
:107FE000294606230322FFF7AFFF606829460623D0
:107FF000BDE870400322FFF7A7BF70BD51B7050071
:10800000F55D050015B7050070B50E46044600B1D4
:1080100049B914491448154AEF2307F05CFD134889
:10802000EF2107F04FFD90F82650C5B9C0E90123B4
:10803000C56080F8295080F828508B7B80F82B3061
:108040000846FFF7BBFF737B84F82A302046314691
:108050000BF051FE012384F82630284670BD6FF0E6
:108060007700FBE708B50500F55D050015B70500CD
:1080700008B558B91049114A114840F2971307F052
:108080002AFD40F297110D4807F01CFD90F82630AC
:10809000012B09D00B49094A09484FF4CD7307F069
:1080A0001AFD4FF4CD71EEE703680622C3F80025F0
:1080B000022380F8263008BDC6B1050015B70500BB
:1080C000F55D05003EB5050010B558B91C491D4ABF
:1080D0001D484FF4D27307F0FEFC4FF4D2711948DB
:1080E00007F0F0FC90F826304BB91849154A1648AD
:1080F0004FF4D47307F0EFFC4FF4D471EFE703684B
:1081000013490022C260C3F80813D3F8001221F407
:10811000BC51C3F800124FF08051D1F83041082C07
:1081200005D1D1F8341111B90921C3F80015C3F8EC
:108130000025012380F8263080F8282010BD00BFDC
:10814000C6B1050015B70500F55D050068B5050069
:1081500002029C012DE9F0470F469046054658B9AA
:108160009B499C4A9C484FF4257307F0B4FC4FF49C
:108170002571984807F0A6FC90F82630022B09D00C
:108180009649944A94484FF4267307F0A4FC4FF4A0
:108190002671EEE743686BB90B78023B012B09D8D7
:1081A0008F498C4A8C4840F29B2307F094FC40F2A4
:1081B0009B21DEE7002385F827307B682C6833B1EC
:1081C000FB6803F06043B3F1005F40F066813B78E9
:1081D000023B012B06D83B6903F06043B3F1005F1B
:1081E00040F05B817F4BC4F8083395F8283003F0EA
:1081F000FF023BB1EB68C4F804336FF00F06304662
:10820000BDE8F08708F01403B3FA83F35B0985F83F
:1082100028303B7885F824307B7885F82530FB685A
:108220002B617B686B613B69AB61BB68EB61C8F339
:10823000001385F82930C5F820807B78C4F888358C
:10824000C4F86021D4F86031C4F84821D4F848312A
:10825000C4F82421D4F82431C4F80421D4F804311A
:1082600018F0010318BF0123C4F8503518F00203B9
:1082700018BF0123C4F840353B78032B00F2A380DC
:10828000DFE803F07F98500218F01C0F09D0564920
:10829000504A51484FF4027307F01DFC4FF402712D
:1082A00067E74FF48073C4F80032D5E90423C4F8BB
:1082B0004425C4F848350123A3604FF480112046BB
:1082C0000BF0EFFC06460028F7D1D5E90623C4F8E9
:1082D0004425C4F848354FF48023EB603B78032BEA
:1082E00038D0012B6A6840F0858023608AB96A69BA
:1082F000002A6BD0DFF8F8904FF0010A3B49204686
:108300000BF0CFFC810501D5C4F814A010EA090FC9
:10831000F4D07B68F3B96B68002B00F09C800123DC
:10832000636117E0D5E90423C4F84425C4F848354F
:10833000D5E90623C4F83425C4F838354FF48453FE
:10834000C4F80032012323620223EB60002618F0F8
:10835000080FC3D06B68002B7DD018F0040F1CBF32
:108360000023EB6018F0400F02BFEB6843F00203FC
:10837000EB60EB6843F40073EB60EB68C4F8043324
:108380003DE7D5E9042318F0200FC4F84425C4F8CC
:10839000483515BF4FF480734FF40073C4F80032B2
:1083A000C4F8003214BF4FF480230223EB60012392
:1083B0002362CBE7D5E90423C4F83425C4F8383563
:1083C0004FF48053BCE76FF01506C0E7636191E797
:1083D000C6B1050015B70500F55D050078B70500C5
:1083E000A1B7050002029C0121B8050002020400A9
:1083F000020004000123A360002A8AD16A6942B303
:10840000DFF8A0A04FF0000919EA0A0F81D1244932
:1084100020460BF046FC10F4007F8146F4D04FF06C
:10842000807120460BF03DFCD4F8003208B19A056B
:1084300005D401222262626140B14FF00009D905E2
:10844000E2D54FF4802120460BF02BFC4FF00009C1
:10845000DAE76361D4E7D4F8C434C4F8C434002242
:1084600085F8282063B19A075ABF03F001068C3EB5
:108470006FF00D0613F0040F18BF6FF00A06BEE68A
:1084800018F0400F7FF4BBAE291D20460BF0C7FB50
:10849000002808BF6FF08B06B1E66FF00C06AEE661
:1084A000020204000200040070B5044686B058B908
:1084B0006349644A644840F2C12307F00CFB40F270
:1084C000C121604807F0FEFAD0E900534BB95F497B
:1084D0005C4A5D4840F2EA2307F0FDFA40F2EA21E7
:1084E000EFE7022128460BF0DCFB4FF40071064653
:1084F00028460BF0D6FBD0B1D6B9E368C5F80833EF
:108500000223E360E368C5F804334FF08071284626
:108510000BF0C7FB18B1D5F800329B0502D401233C
:108520002B626B61012384F8273006B070BDAEB3B7
:10853000236A5E060AD494F827303BB9211D2846E9
:108540000BF06DFB80F0010084F82700236A13F024
:1085500004033BD1C5F86031D5F86021C5F85C3122
:10856000D5F85C3194F8293013B194F8273013B35F
:108570000023C5F80032E360354BC5F8083345F3F6
:108580000733002B17DB5A09012103F01F03994021
:1085900002F160032F4A42F823100CE04FF48021CF
:1085A00028460BF07EFB94F82430002B2FD194F852
:1085B0002930002BDDD0A38CADF80430236904935F
:1085C00063690293A3690593E3690393D5F8C434FF
:1085D000C5F8C43498072CD459072CD4DA072CD406
:1085E00094F827309B00DBB28DF8003094F82930E6
:1085F0000BB984F82830236A5B0703D594F8273039
:10860000002B92D0D4E90131684698478DE74FF4AA
:108610000073C5F8003240F20223E36003F1CE7329
:10862000C5F80833E368C5F804330123AB602B6257
:108630007BE70123D8E70223D6E70323D4E700BF73
:10864000C6B1050015B70500F55D050069B8050060
:1086500002029C0100E100E008B50368590914D04A
:10866000012906D14FF6FF7203F01F03DA40D2074B
:108670000ED40B490B480C4A4FF4826307F02BFAD7
:1086800009484FF4826107F01DFA4FF0FF32EBE723
:1086900003600129054818BF4FF0A04008BD00BF86
:1086A00006660500F55D0500D36505000003005072
:1086B000F7B50C4606460BF042FB20460BF03FFB9D
:1086C00001A80196FFF7C8FF019B2F4D019400EB15
:1086D000830040F20D67D0F800372B403B43C0F8D1
:1086E000003701A8FFF7B8FF019B00EB8300D0F82B
:1086F00000372B403B43C0F8003704200BF045F80F
:108700000925012701A80194FFF7A6FF019AD0F8D7
:108710001035D340DB0715D401A80196FFF79CFF65
:10872000019B07FA03F3C0F80C3504200BF02DF879
:1087300030460BF004FB013D04200BF026F815F049
:10874000FF05DFD101A80194FFF786FF019A0123FD
:108750009340C0F80C3504200BF017F820460BF0BE
:10876000EEFA04200BF011F801A80194FFF774FF52
:10877000019AD0F81035D34013F0010F0CBF6FF001
:108780008B00002003B0F0BDF0F8FCFF38B5436962
:1087900005463BB90024EA68537843F0010353705F
:1087A000604238BD984704460028F3D000F1FF032B
:1087B000FE2B0ED9094A0A490A48212307F08BF9F2
:1087C00029680948224607F086F90448212107F064
:1087D00079F9EB6844421C70DDE700BF77B805000B
:1087E0009AB80500F55D0500B2B8050010B504465D
:1087F000EFF734FB0348044A012107F0FBFB204656
:108800000BF0B9FA2C4C0500D7B805002DE9F84358
:10881000044600AF0D46EFF31188402383F312881E
:10882000BFF36F8F0428314A98BF314B9668117C93
:1088300094BF53F820302F4BE9468AB06A462E4841
:10884000CDE9073140F20133ADF824302B4BCDE9AF
:10885000050442F8103F2A4800234FF43151EFF746
:1088600059FCCD4645B1EB69C3F3080323B1254A52
:108870002348012107F0BEFB2EB130460BF07CFBF4
:1088800008B1037803B92048E9468AB06A461F4B0D
:108890000790CDE9053640F20133ADF820301C4B8E
:1088A00042F8103F164800234FF41151EFF732FC05
:1088B0002946CD462046FFF799FF042C0CD11549D7
:1088C000154A1648872307F006F9154807F003F9FB
:1088D0001148872107F0F6F888F31188BFF36F8FEE
:1088E0003046F0F7E1FDBD46BDE8F883783D002055
:1088F00024580500E6B80500F4B80500050000019D
:108900002C4C05001CB90500B38C05003DB90500D1
:108910000400000177B9050055B90500F55D0500B3
:1089200094B9050038B50A4B53F82040013053F88C
:108930002050A54200D838BD606830B1037EDB0707
:1089400001D4FFF723FF0834F3E723689847FAE7D9
:108950003858050070B5374B374C384D86B001227A
:1089600003201A70FFF7DEFF0BF003FC0420FFF773
:10897000D9FFAC42264628D93149324A32484423ED
:1089800007F0A9F8314807F0A6F844212D4807F070
:1089900099F854F80C3C059354F8103C049354F89F
:1089A000143C039354F8183C029354F81C3C019374
:1089B00054F8203C009354E90A2354E90C0102F0D6
:1089C00013F954F8303C5E65D3E7AE4204F130044D
:1089D000DFD302F0F7FD184CAC421FD91849194AF1
:1089E0001948682307F077F8184807F074F86821E9
:1089F000CCE7D4E90A23B3F1FF3F08BFB2F1FF3F50
:108A000005D052EA0301206803D103F059F830344D
:108A1000E2E70F49183003F0EFFBF8E7E9D302F083
:108A200043FEEBF76BFB0B4A938923F00103938121
:108A300006B070BDFA42002088490500884905004B
:108A400034BA050013BA0500F55D0500D1760500BE
:108A5000B1B10400082E002070B5154E154D164911
:108A6000C82386B003FB006601220023CDE904235E
:108A70000F22CDE902320193182303FB005504466F
:108A800001EB40210D4B00954FF4C072304602F0CF
:108A9000ABF8337C0A4AEE6023F0040333744FF4DE
:108AA000086304FB033313442C746B6006B070BD81
:108AB000402D0020783D0020806700203D9104007B
:108AC000005F00207FB50020FFF72CFF344B83F3BD
:108AD0000888344C636943F400736361E02384F8CD
:108AE00022302023E377002323766376A37684F86D
:108AF0002030626A42F4E022626284F82330F0F7A8
:108B0000DDFAF0F7BBFC4FF0FF33A362E362F0F74E
:108B100045FEF0F751FDEFF7C9F8234802F01CF9C4
:108B2000224B234A93420ED92249234A2348CC237D
:108B300006F0D1FF224806F0CEFF1F48CC2106F0F8
:108B4000C1FF1C33EEE7FCD30120FFF7EBFE022050
:108B5000FFF7E8FE02F062FE1A4B1B4C9C611B4BB8
:108B60000593002501231A4900954FF40062CDE9D1
:108B70000353CDE90155174B204602F035F8237C0D
:108B8000064623F004032046237402F083FA2846A5
:108B9000FFF762FF0F4A31462046F0F743FC00BF63
:108BA0008067002000ED00E0B82F0020804605001F
:108BB0000848050061BA050013BA0500F55D050017
:108BC000D1760500783D0020082E0020925F050038
:108BD00080690020558904002DE9F04F8BB0DDE954
:108BE00014A7CDE9051206463B46524608A80BF0ED
:108BF0003EFADDE90834D046CDE90234B94606F143
:108C00001404EFF31185402181F31288BFF36F8FB5
:108C1000204603F097FA60B9354A3649364884232E
:108C200006F059FF2146354806F055FF84213048AB
:108C300035E0204603F0AAFAEFF3058111B157EAB7
:108C40000A0321D106F10C0307934FF0400BDDE935
:108C50000512169B30469847074610B958EA09088E
:108C60001FD1204603F07CFA002839D1204A24493C
:108C700021484FF4997306F02EFF2146214806F053
:108C80002AFF4FF49971D2E71F49204A1A48582306
:108C900006F021FF1E4806F01EFF1C48582106F072
:108CA00011FFDDE9022308A80BF006FADDE908A7A9
:108CB000079ACDE900A72946204602F0C1FAD0461E
:108CC000B946EFF311858BF31288BFF36F8F2046FF
:108CD00003F038FA00289FD0204603F057FAB6E791
:108CE00085F31188BFF36F8F38460BB0BDE8F08F66
:108CF000F17305001E740500F55D05003374050071
:108D000049740500607405009EBA05007CBA050030
:108D1000E3BA050038B50D4C0D4DAC4213D90D49E1
:108D20000D4A0E48252306F0D6FE0D4806F0D3FE68
:108D30000948252106F0C6FED4E9011220460BF0B1
:108D400022F81834E9E7F7D3002038BDFC090020E9
:108D5000140A0020E6BA05007CBA0500F55D05009E
:108D6000D176050030B54B1E0B4285B00CD00B49B7
:108D70000B4A0C48892306F0AEFE0B4806F0ABFE0A
:108D80000748892106F09EFEDDE90845074B02935E
:108D9000CDE90045FFF720FF05B030BDD9700500D3
:108DA0007CBA0500F55D0500F4700500A1610300C3
:108DB000F8B505460E4600F11404EFF31187402381
:108DC00083F31288BFF36F8F204603F0BBF968B9B5
:108DD0001B4A1C491C48842306F07DFE21461B4883
:108DE00006F079FE8421164806F06CFE204603F05A
:108DF000CDF928463146EDF727F905F10C0002F0D0
:108E0000C5FC28B139462046BDE8F8400BF0F8B85B
:108E1000204603F0A5F968B9094A0D490A484FF4FC
:108E2000997306F058FE21460A4806F054FE4FF4A6
:108E30009971D8E787F31188BFF36F8FF8BD00BF32
:108E4000F17305001E740500F55D0500337405001F
:108E5000497405006074050038B50E4C0E4DAC42E7
:108E600012D90E490E4A0F48A22306F034FE0E48CE
:108E700006F031FE0A48A22106F024FE20460AF040
:108E80008DFF20B92034EAE7F8D3002038BD6FF019
:108E90001500FBE77C090020FC09002024BB05002D
:108EA000FFBA0500F55D0500D17605002DE9F74311
:108EB00005460F4691461C4600F10806EFF311885F
:108EC000402383F31288BFF36F8F304603F03AF9E3
:108ED00060B9324A32493348842306F0FCFD3146FA
:108EE000314806F0F8FD84212C4826E0304603F096
:108EF0004DF92B691BB33B601C68EB692C61013396
:108F0000EB6114B96A6993421FD0EB68E41A09D483
:108F1000D5E905235A43A24204D9B4FBF3F203FB7B
:108F2000124494B12149224A1E48F72306F0D3FD8A
:108F3000204806F0D0FD1E48F72106F0C3FD59EA8F
:108F4000040214D13B606FF00B04304603F008F9C3
:108F5000F0B9124A184913484FF4997306F0BBFD53
:108F60003146164806F0B7FD4FF49971BCE7CDE9DC
:108F700000942A464146304602F062F9044618B988
:108F80000F4B9B685B693B60204603B0BDE8F083F4
:108F900088F31188BFF36F8FF6E700BFF173050008
:108FA0001E740500F55D05003374050041BB050026
:108FB000FFBA0500BDBB05004974050060740500DB
:108FC000783D00202DE9F843C368CB1A05460E46CC
:108FD00023D4D0E90512514399421ED9B3FBF2F1D3
:108FE00002FB1133CBB900F10807EFF311894024DC
:108FF00084F31288BFF36F8F384603F0A3F8D8B913
:10900000414A42494248842306F065FD39464148B9
:1090100006F061FD84213C480CE03F493F4A3C4852
:1090200040F21F1306F057FD3D4806F054FD3B4843
:1090300040F21F1106F046FD384603F0A7F8D5F8B8
:109040001080B8F1000F40D1EFF3118384F3128840
:10905000BFF36F8F83F31188BFF36F8F5BB9314913
:10906000314A2B48BB2306F036FD304806F033FD6D
:10907000BB212D48DEE72C68A54226D02CB3A3687F
:109080003BB92B49284A2248A42306F024FDA421F9
:10909000EFE7D4E9003213605A60237CC4F80880FB
:1090A00023F002032374C4E9008804F1180003F0DC
:1090B0007FF92046C4F88080666101F0EBFF4946E5
:1090C0003846BDE8F8430AF09BBF2B693360EB6973
:1090D0002E61013BEB61384603F042F868B90A4A59
:1090E00014490B484FF4997306F0F5FC39461248C1
:1090F00006F0F1FC4FF499718DE789F31188BFF305
:109100006F8FBDE8F88300BFF17305001E74050082
:10911000F55D050033740500B0B80500FFBA050021
:10912000D8BB050025BC0500FABB0500E3BA050065
:109130003DBC0500497405006074050008B50D4B81
:109140009B6893F90E30002B09DB4024EFF3118369
:1091500084F31288BFF36F8F07F052F8F6E70649E1
:109160000648074A1C2306F0B6FC05481C2106F0F9
:10917000A9FC00BF783D002075BC0500F55D050029
:1091800054BC050008B583684BB90B490B480C4A21
:10919000A42306F0A0FC0A48A42106F093FCD0E921
:1091A000003213605A60027C0023C0E9003322F0D1
:1091B00002020274836008BD3DBC0500F55D050038
:1091C000FABB05002DE9F74F04469DF8309088461C
:1091D00092461E46EFF3058373B152EA06030BD0A5
:1091E0005F49604A6048992306F075FC5F4806F0C5
:1091F00072FC99215B4819E004F10805EFF311872F
:109200004FF0400B8BF31288BFF36F8F284602F0AC
:1092100099FF68B9564A57495348842306F05BFCC6
:109220002946554806F057FC8421514806F04AFC6F
:10923000284602F0ABFF626A23699A4277D2EFF3C5
:1092400011838BF31288BFF36F8F83F31188BFF301
:109250006F8F5BB949494A4A4348BB2306F03BFC40
:10926000424806F038FC4648BB21DFE72668B44296
:109270001AD0CEB13046FFF785FF06F1180003F093
:1092800097F8E2687069414600240AF073FF30469F
:10929000C6F8804001F0FEFE394628460AF0B0FECE
:1092A000204603B0BDE8F08F206A6669B04207D35C
:1092B000A3695A1E904203D8E268191A914207D254
:1092C0003049284A2848B42306F005FCB42191E728
:1092D000B9F1000F21D041460AF04CFF236AE26841
:1092E0001344A2692362934201D163692362636AD2
:1092F000013363620024284602F032FF50BB1C4A4F
:10930000214919484FF4997306F0E5FB29461F4897
:1093100006F0E1FB4FF4997187E7E1698E4218BFCF
:109320000B46981AE06141460AF024FFDFE75AEA4B
:1093300006030CD0164B9B682246C3F814803946AE
:10934000CDE900A6284601F07BFF0446A8E76FF0B0
:109350002204D0E787F31188BFF36F8FA0E700BF27
:109360009EBA05009DBC0500F55D0500E3BA050049
:10937000F17305001E7405003374050025BC05005B
:10938000FABB0500BFBC0500497405006074050008
:10939000783D00202DE9F7430446884617461D46D0
:1093A000EFF3058383B152EA05030DD06149624AA8
:1093B00062484FF4977306F08EFB614806F08BFB12
:1093C0004FF497715C4818E004F10806EFF3118937
:1093D000402383F31288BFF36F8F304602F0B2FE52
:1093E00068B9584A58495548842306F074FB3146F9
:1093F000564806F070FB8421524806F063FB304665
:1094000002F0C4FE636A002B68D0E268E16940465E
:109410000AF0B0FEE369E2681344A269E361934293
:1094200004BF6369E361636A013B6362EFF3118325
:10943000402282F31288BFF36F8F83F31188BFF34A
:109440006F8F5BB94249434A3C48BB2306F043FB5C
:109450003B4806F040FB3F48BB21CEE72568AC42C5
:109460004CD0002D4BD02846FFF78CFE05F118009C
:1094700002F09EFF206A6369984207D3A3695A1ECF
:10948000904203D8E2681B1A934209D232492A4A11
:109490002A484FF4A47306F01EFB4FF4A47191E721
:1094A00069690AF067FE236AE2681344A2692362CD
:1094B000934204BF63692362636A013363620024D9
:1094C0002846C5F8804001F0E5FD494630460AF0DF
:1094D00097FD2546284603B0BDE8F08357EA05030B
:1094E0001FD01E4B9B682246C3F814804946CDE925
:1094F0000075304601F0A4FE0546EBE70025304636
:1095000002F02EFE80B90F4A15490C484FF49973AA
:1095100006F0E1FA3146134806F0DDFA4FF499718E
:109520006AE76FF02205EAE789F31188BFF36F8FCE
:10953000D0E700BF9EBA05009DBC0500F55D0500A3
:10954000E3BA0500F17305001E74050033740500CD
:1095500025BC0500FABB0500BFBC0500783D002016
:1095600049740500607405002DE9F341044617466F
:109570001E46EFF3058565B15449554A5548732396
:1095800006F0A9FA544806F0A6FA5148732106F0ED
:1095900099FAEFF31188402383F31288BFF36F8F9A
:1095A0004E4802F0CFFD60B94D4A4E4949488423E8
:1095B00006F091FA49494C4806F08DFA8421484852
:1095C000E5E7464802F0E2FD484BE2689B6892B14D
:1095D000A068984227D057EA06022CD13F4802F0F3
:1095E000BFFD90B188F31188BFF36F8F6FF00F004C
:1095F00002B0BDE8F08193F90E10384821610132C4
:10960000C4E9023202F0ACFD78B9354A3849314834
:109610004FF4997306F05FFA3049364806F05BFA6A
:109620004FF49971CBE72169E7E788F31188BFF31D
:109630006F8F0020DCE793F90E1090F90E309942FD
:1096400005DA9942A8BF19460AF0DFFB0546CDE9C5
:10965000007622482246414601F0F2FD0028E8D07B
:10966000EFF31186402383F31288BFF36F8F1B48FB
:1096700002F068FD002897D0184802F087FDA06826
:10968000C0B1236821699C420AD04BB193F90E30D6
:109690009942A8BF19466FF07F039942B8BF194697
:1096A0000AF0B3FB30B10D4831460AF0A9FC6FF067
:1096B0000A009DE7002DF6D1084802F051FD002870
:1096C000A3D086F31188BFF36F8FF0E787BD050045
:1096D00065BD0500F55D050099BD05009C3D0020B8
:1096E000F17305001E74050033740500783D0020F9
:1096F0004974050060740500F8B50546EFF305836D
:1097000063B15649564A5748EA2306F0E4F95648E9
:1097100006F0E1F9EA21524806F0D4F98368002BFB
:1097200000F09580514A9268934240F09380C3685C
:109730004BB94F494A4A4B484FF4817306F0CBF975
:109740004FF48171E7E7012B03D0013BC360002098
:10975000F8BDEFF31187402484F31288BFF36F8FB5
:10976000444802F0EFFC60B9434A44493D48842331
:1097700006F0B1F93F49424806F0ADF984213E4870
:10978000CAE73C4802F002FD2969A8680AF03DFBDF
:10979000EFF3118384F31288BFF36F8F83F3118883
:1097A000BFF36F8F5BB93749374A2E48BB2306F0AA
:1097B00092F9364806F08FF9BB213348ACE72C68A4
:1097C000AC4215D10023C5E902332A4802F0C8FC97
:1097D000002837D1284A2E4922484FF4997306F0C1
:1097E0007AF924492B4806F076F94FF49971C6E7C7
:1097F000002CE7D0A3683BB92749234A1948A42382
:1098000006F069F9A421D8E7D4E9003213605A6060
:10981000237C002623F002032374C4E90066A660BB
:1098200004F1180002F0C4FDAC6094F90E302B6115
:109830002046C4F8806001F02DFC0E4839460AF03D
:10984000DFFB84E787F31188BFF36F8F7FE76FF04B
:1098500015007DE74FF0FF307AE700BF87BD0500B8
:1098600065BD0500F55D050099BD0500783D00204A
:10987000BEBD05009C3D0020F17305001E7405006F
:109880003374050025BC0500FABB0500E3BA0500EA
:1098900049740500607405003DBC050008B5836887
:1098A0004BB90B490B480C4AA42306F014F90A489B
:1098B000A42106F007F9D0E9003213605A60027C57
:1098C0000023C0E9003322F002020274836008BD65
:1098D0003DBC0500F55D0500FABB05002DE9F0472C
:1098E00004469DF820600D4691469A4600F108070F
:1098F000EFF31188402383F31288BFF36F8F38464C
:1099000002F020FC60B94B4A4B494C48842306F0D6
:10991000E2F839464A4806F0DEF8842145481BE063
:10992000384602F033FC06B16568EFF3118340223C
:1099300082F31288BFF36F8F83F31188BFF36F8FA9
:1099400063B94049404A3D48BB2306F0C4F83F484C
:1099500006F0C1F83C48BB2106F0B4F8234653F8A2
:109960000C6F9E4216D0AEB13046FFF797FF002431
:1099700006F1180002F01CFD3046C6F88040C6F81B
:10998000149001F087FB414638460AF039FB204627
:10999000BDE8F087BAF1000F14D0082003F0ACF94D
:1099A00000283FD00122C0F804900260016801F055
:1099B00003015DB922680A430260626820606AB9E7
:1099C00060600BE0C9F800A04846EFE72A68032A68
:1099D0001DD801606168A1B9C4E9000000243846BF
:1099E00002F0BEFB08BB134A194914484FF499739F
:1099F00006F071F83946174806F06DF84FF4997182
:109A00008CE70A6802F0030202430A60D8E722F0FA
:109A100003020A4302602A6802F0030240EA0203DA
:109A20002B60DBE76FF00B04D9E788F31188BFF3F5
:109A30006F8FACE7F17305001E740500F55D05003E
:109A40003374050025BC0500FABB0500E3BA050028
:109A500049740500607405002DE9F74306469046F9
:109A60001F4600F10805EFF31189402383F31288A4
:109A7000BFF36F8F284602F065FB68B9244A254979
:109A80002548842306F027F82946244806F023F8C1
:109A900084211F4806F016F8284602F077FB346848
:109AA000F4B12368726823F00303944220463360C4
:109AB00008BF736001210AF0B7F90446284602F096
:109AC0004FFBE8B9124A164913484FF4997306F050
:109AD00002F82946134805F0FEFF4FF49971D8E7C4
:109AE00058EA0703EAD0CDE9008706F10C0249469F
:109AF000284601F0A5FB38B90B4B9B685C6903E075
:109B000089F31188BFF36F8F204603B0BDE8F0835F
:109B1000F17305001E740500F55D05003374050042
:109B20004974050060740500783D002008B583681D
:109B30004BB90B490B480C4AA42305F0CCFF0A484B
:109B4000A42105F0BFFFD0E9003213605A60027C07
:109B50000023C0E9003322F002020274836008BDD2
:109B60003DBC0500F55D0500FABB050070B5044677
:109B7000EFF31186402585F31288BFF36F8F3048CD
:109B800002F0E0FA60B92F4A2F493048842305F0EB
:109B9000A2FF2B492E4805F09EFF8421294818E09A
:109BA000274802F0F3FAEFF3118385F31288BFF32D
:109BB0006F8F83F31188BFF36F8F63B92549264AEE
:109BC0002248BB2305F087FF244805F084FF224884
:109BD000BB2105F077FF2568AC4213D095B128462C
:109BE000FFF7A4FF05F1180002F0E2FB002328466E
:109BF000C5F8803001F04EFA31461148BDE870409A
:109C00000AF0FEB9D4E902329A4218BF01330C4877
:109C1000A36002F0A5FA68B90A4A11490B484FF44B
:109C2000997305F058FF06490E4805F054FF4FF4AC
:109C30009971B3E786F31188BFF36F8F70BD00BFD2
:109C4000A03D0020F17305001E740500F55D0500C0
:109C50003374050025BC0500FABB0500E3BA050016
:109C60004974050060740500F7B5044616461D46A4
:109C7000EFF305837BB152EA05030CD02D492E4A40
:109C80002E48882305F027FF2D4805F024FF2A4899
:109C9000882105F017FFEFF31187402383F3128823
:109CA000BFF36F8F274802F04DFA60B9264A274963
:109CB0002248842305F00FFF2249254805F00BFFB9
:109CC00084212148E5E71F4802F060FAA368D3B178
:109CD000013B1C48A36002F043FA68B91A4A1D49C7
:109CE00016484FF4997305F0F6FE16491A4805F028
:109CF000F2FE4FF49971E4E787F31188BFF36F8F99
:109D0000002003B0F0BD56EA05030BD10D4802F068
:109D100027FA0028E2D087F31188BFF36F8F6FF026
:109D20000F00EEE7CDE9006522463946054801F00F
:109D300087FAE6E7F5BD0500D5BD0500F55D050030
:109D4000E3BA0500A03D0020F17305001E74050074
:109D50003374050049740500607405002DE9F04175
:109D60000546EFF31188402787F31288BFF36F8F02
:109D7000314802F0E7F9064660B9304A30493148C7
:109D8000842305F0A8FE2C492F4805F0A4FE842169
:109D90002A4819E0284802F0F9F90023EFF311826C
:109DA00087F31288BFF36F8F82F31188BFF36F8F31
:109DB00062B92649264A2348BB2305F08CFE254874
:109DC00005F089FE2248BB2105F07CFE2C68A542E7
:109DD00010D07CB12046FFF7A9FE04F1180002F074
:109DE000E7FA6FF00A03C4F88030204601F052F918
:109DF0003346D3E70022AA608BB90F4802F0B0F9CE
:109E000098B90E4A14490F484FF4997305F063FE50
:109E10000949124805F05FFE4FF49971B8E74146D1
:109E20000548BDE8F0410AF0EBB888F31188BFF3AC
:109E30006F8FBDE8F08100BFA03D0020F1730500E9
:109E40001E740500F55D05003374050025BC050092
:109E5000FABB0500E3BA050049740500607405000B
:109E600007B5074B0093074907484FF0FF334FF4FE
:109E7000006200F0ADFB002003B05DF804FB00BF02
:109E80005058050000720020D02E00202DE9FF411F
:109E9000794E0446EFF31187402383F31288BFF312
:109EA0006F8F764802F04EF968B9754A7549764861
:109EB000842305F010FE7149744805F00CFE8421DE
:109EC0006F4805F0FFFD6D4802F060F9D4F8CC5002
:109ED000F5B9022104F1E40009F0E0FF002840D0C8
:109EE00004F1DC0500220121284601F07BFF002857
:109EF000F8D1002302934FF0FF324FF0FF33CDE94A
:109F00000023394604F1D4025C4801F0C9FFC1E7DF
:109F1000D4F8D0202B68C4F8CC30954208BFC4F8E0
:109F2000D030D4F8E430554843F00203C4F8E430AC
:109F3000EB68D5F8048023F0040343F00103EB60E1
:109F400002F00EF9F8B94E4A51494F484FF499734F
:109F500005F0C1FD49494F4805F0BDFD4FF4997129
:109F6000AEE7D4F8E430DD06C3D5C4F8E4004348D6
:109F700002F0F6F80028E6D087F31188BFF36F8F60
:109F800004B0BDE8F08187F31188BFF36F8FB8F19B
:109F9000000F0AD140493C48404A40F2F32305F003
:109FA0009AFD3E4840F2F3218BE72846C047EFF385
:109FB0001187402383F31288BFF36F8F2F4802F07D
:109FC000C1F800283FF471AF2C4802F0DFF8EB68CD
:109FD000D90623F0010236D4EA60EB689A0716D559
:109FE000306823F00203EB6088B10368002270B18F
:109FF00041688D4235D103686ABB72683360904214
:10A0000000D17360002340F8083BFFF7AFFDD4F8A0
:10A01000E43023F00203C4F8E430DB0529D4D4F89B
:10A02000CC50003D18BF0125144802F099F80028D3
:10A0300089D087F31188BFF36F8F002D3FF42AAFCB
:10A0400001F0F4FB26E723F01103EB6005F11000AB
:10A05000FFF78CFDC1E713607368984208BF726018
:10A06000D0E702461BB1196818460B46BFE71946F0
:10A07000FAE70025D8E700BFA43D0020AC3D002052
:10A08000F17305001E740500F55D050033740500CD
:10A0900049740500607405008DBE05004BBE0500C7
:10A0A000F8B5C3689A0704460E46C3F340054FD47B
:10A0B0005F074FD40B680BB983680B60E368D80760
:10A0C00036D5A3685BB925492548264A40F257137F
:10A0D00005F001FD234840F2571105F0F3FC336011
:10A0E0000225376867B3204B9A68D7F8C8309A4280
:10A0F00020D109F038FF80F00100C0B2D7F8E43079
:10A10000D907C3F380021ED502B308B3002323602E
:10A11000D7F8D03083B9C7E93344384609F0D9FEBF
:10A12000E36843F00403E3603368A3602846F8BDA6
:10A130000125D6E70020E1E71C60C7F8D040ECE736
:10A140006FF0150506E06FF0120503E01B07DDD583
:10A150006FF00F0500233360E8E700BF6CBE050019
:10A16000F55D05004BBE0500783D002073B5044643
:10A17000EFF31185402383F31288BFF36F8F2248DA
:10A1800001F0E0FF68B9214A21492248842305F003
:10A19000A2FC1D49204805F09EFC84211B4805F0C7
:10A1A00091FC194801F0F2FF00230193D4E9042344
:10A1B000B3F1004F08BF012A11D0134801F0D0FFBE
:10A1C000E0B9124A154913484FF4997305F083FC1E
:10A1D0000D49134805F07FFC4FF49971DEE7032128
:10A1E000201FA4F1100609F059FE0028E5D0A3694C
:10A1F000019301A93046FFF753FFDEE785F311888D
:10A20000BFF36F8F02B070BDAC3D0020F17305004D
:10A210001E740500F55D05003374050049740500E2
:10A220006074050038B50D46044648B90C490D4A1E
:10A230000D489C2305F04FFC9C210A4805F042FC88
:10A2400039B90A49074A08489D2305F044FC9D2175
:10A25000F3E71022002109F0B4FF656038BD00BFAC
:10A2600028BF05004BBE0500F55D05008DBE05004D
:10A27000F8B5C36803F00503002B06460C4614BF6F
:10A280000127002729D085685DB91D491D481E4A50
:10A2900040F2C11305F01FFC1B4840F2C11105F04C
:10A2A00011FC0122002104F1100009F0EBFD174917
:10A2B0002046FFF7B7FFE36843F01003E360F3685D
:10A2C0005B0712D5336823606BB9D5F8D03033B94A
:10A2D000C5E93344284609F0FCFD3846F8BD1C604A
:10A2E000C5F8D040F6E73460F4E7D5F8CC30236009
:10A2F000D5F8D030C5F8CC40002BEBD1F0E700BF4B
:10A3000072BE0500F55D05004BBE0500B33E0500BD
:10A3100038B50446EFF31185402383F31288BFF369
:10A320006F8F184801F00EFF68B9174A174918488F
:10A33000842305F0D0FB1349164805F0CCFB84219B
:10A34000114805F0BFFB0F4801F020FFE4680D48FD
:10A3500004F01F0401F004FF68B90B4A0E490C48D1
:10A360004FF4997305F0B7FB06490C4805F0B3FBB1
:10A370004FF49971E4E785F31188BFF36F8F20469E
:10A3800038BD00BFAC3D0020F17305001E74050010
:10A39000F55D05003374050049740500607405001F
:10A3A00037B50C46019059B92849294A294840F245
:10A3B0007D1305F090FB40F27D11254805F082FBEE
:10A3C0004B684BB92449224A22484FF4BF7305F029
:10A3D00082FB4FF4BF71F0E7EFF31185402383F365
:10A3E0001288BFF36F8F1D4801F0ACFE60B91C4AA4
:10A3F0001C491848842305F06EFB18491A4805F0DB
:10A400006AFB84211648D9E7144801F0BFFE2046B4
:10A4100001A9FFF745FE0446104801F0A1FE68B906
:10A420000F4A12490B484FF4997305F054FB0B493E
:10A430000F4805F050FB4FF49971E3E785F311885D
:10A44000BFF36F8F204603B030BD00BF28BF0500AB
:10A450004BBE0500F55D050087BE0500AC3D002044
:10A46000F17305001E74050033740500497405007E
:10A47000607405000146014809F065BDD02E00203A
:10A4800070B50C46054658B93849394A394840F242
:10A49000CD1305F020FB40F2CD11354805F012FB3D
:10A4A000C368DB0509D53449314A32484FF4E773B4
:10A4B00005F011FB4FF4E771EFE709F054FD48B1E7
:10A4C0002E492B4A2B4840F2CF1305F004FB40F2F3
:10A4D000CF11E2E74CB92A49254A26484FF4E873E0
:10A4E00005F0F9FA4FF4E871D7E7EFF3118640234E
:10A4F00083F31288BFF36F8F224801F023FE60B907
:10A50000214A22491B48842305F0E5FA1D492048C9
:10A5100005F0E1FA84211C48C0E71A4801F036FE34
:10A5200028462146FFF7A4FE0546164801F018FE0E
:10A5300068B9154A17490F484FF4997305F0CBFADB
:10A540001049154805F0C7FA4FF49971E3E786F30F
:10A550001188BFF36F8F3DB14FF0FF324FF0FF33E3
:10A5600004F11000FFF780FB284670BD28BF0500EE
:10A570004BBE0500F55D0500A4BE050093970500E0
:10A58000D3BE0500AC3D0020F17305001E7405002C
:10A5900033740500497405006074050008B558B9A6
:10A5A00008490948094A40F2263305F094FA074859
:10A5B00040F2263105F086FAE822002109F001FE7A
:10A5C00008BD00BF72BE0500F55D05004BBE05006D
:10A5D000F0B589B004460E9D58B92F492F4A30482E
:10A5E00040F2533305F077FA40F253312B4805F02F
:10A5F00069FA49B92B49294A29484FF4557305F09E
:10A600006AFA4FF45571F1E7D0F8E40010F0010058
:10A6100009D02549214A224840F2553305F05BFA1A
:10A6200040F25531E2E7C4E9330004F1D400C4E953
:10A63000350004F1DC00C4E9370055B3287900285F
:10A6400040F2011008BF0120C4F8E40000204FF0E0
:10A65000FF364FF0FF37CDE90330CDE90100CDE9FA
:10A660000667124B0094204600F030FB55B1296874
:10A6700011B1204609F07DFC6B791BB1A38943F031
:10A680000103A381204601F01BFAC4F8C84009B0B9
:10A69000F0BD0120D8E700BF1BBF05004BBE050081
:10A6A000F55D050021BF0500E7BE05008D9E040095
:10A6B00038B50D46044658B90F49104A104840F2C3
:10A6C0000F4305F008FA40F20F410C4805F0FAF983
:10A6D00049B90C49094A0A484FF4826305F0FBF96D
:10A6E0004FF48261F1E73022002109F06AFD4FF456
:10A6F00080736560E36038BD27BF05004BBE050071
:10A70000F55D05008DBE0500F7B50C4601901646B7
:10A710001D4658B93349344A344840F2864305F05F
:10A72000DAF940F28641304805F0CCF949B93049B0
:10A730002D4A2E4840F2874305F0CDF940F287417B
:10A74000F1E7EFF31187402383F31288BFF36F8F94
:10A75000284801F0F7FC60B9274A28492348842398
:10A7600005F0B9F92349264805F0B5F984212248B6
:10A77000DAE7204801F00AFDE36813F01E0F27D145
:10A7800055EA060216D1204601A9FFF789FC0446C6
:10A79000184801F0E5FCE8B9174A1A4913484FF484
:10A7A000997305F098F91349174805F094F94FF497
:10A7B0009971DCE743F00803E360019BA36204F1B5
:10A7C0001000124932462B4601F016FD0124DFE746
:10A7D0000024DDE787F31188BFF36F8F204603B0B5
:10A7E000F0BD00BF72BE05004BBE0500F55D050063
:10A7F00027BF0500AC3D0020F17305001E74050065
:10A800003374050049740500607405006DA10400EF
:10A8100001460148FFF778BFD02E0020F7B50C465F
:10A82000019016461D4658B93249334A334840F222
:10A83000A94305F050F940F2A9412F4805F042F92B
:10A8400049B92F492C4A2D4840F2AA4305F043F953
:10A8500040F2AA41F1E7EFF31187402383F3128816
:10A86000BFF36F8F274801F06DFC60B9264A274976
:10A870002248842305F02FF92249254805F02BF9B9
:10A8800084212148DAE71F4801F080FC204609F0C6
:10A8900011FB55EA060316D1204601A9FFF700FC7B
:10A8A0000446184801F05CFCE0B9174A19491348FE
:10A8B0004FF4997305F00FF91249174805F00BF999
:10A8C0004FF49971DDE7E368144943F00803E3604E
:10A8D000019BA36204F1100032462B4601F08CFC70
:10A8E0000124DEE787F31188BFF36F8F204603B0A2
:10A8F000F0BD00BF72BE05004BBE0500F55D050052
:10A9000027BF0500AC3D0020F17305001E74050053
:10A910003374050049740500607405006DA10400DE
:10A9200001460148FFF77ABFD02E002038B5044613
:10A9300058B923492348244A40F2CB4305F0CBF8C9
:10A94000214840F2CB4105F0BDF8EFF311854023DB
:10A9500083F31288BFF36F8F1C4801F0F3FB60B9DB
:10A960001B4A1C491748842305F0B5F817491A48B3
:10A9700005F0B1F884211648E5E7144801F006FC1B
:10A98000204609F097FA204609F0AAFA04460F4833
:10A9900001F0E6FB68B90E4A10490A484FF4997372
:10A9A00005F099F809490E4805F095F84FF49971AA
:10A9B000E1E785F31188BFF36F8F204638BD00BFF4
:10A9C00027BF0500F55D05004BBE0500AC3D00202E
:10A9D000F17305001E740500337405004974050009
:10A9E0006074050008B583684BB90B490B480C4AE5
:10A9F000A42305F070F80A48A42105F063F8D0E913
:10AA0000003213605A60027C0023C0E9003322F058
:10AA100002020274836008BD3DBC0500F55D0500BF
:10AA2000FABB05002DE9F8430546EFF311884027EE
:10AA300087F31288BFF36F8F3A4801F083FB60B948
:10AA4000394A3A493A48842305F045F835493948A6
:10AA500005F041F88421344818E0324801F096FBB3
:10AA6000EFF3118387F31288BFF36F8F83F311889D
:10AA7000BFF36F8F63B93049304A2D48BB2305F0CF
:10AA80002AF82F4805F027F82C48BB2105F01AF8C2
:10AA90002C68A54227D034B32046FFF7A3FF04F16A
:10AAA000180001F085FC0026B146C4F880902046CD
:10AAB00000F0F0FA0136EFF3118387F31288BFF349
:10AAC0006F8F83F31188BFF36F8F002BD3D02C6867
:10AAD000A54222D00CB32046FFF784FF04F11800F2
:10AAE00001F066FCE1E70F4801F03AFB68B90E4A55
:10AAF00014490F484FF4997304F0EDFF09491248C7
:10AB000004F0E9FF4FF49971A5E788F31188BFF3CA
:10AB10006F8F00263046BDE8F8830248414609F0B1
:10AB20006FFAF7E7B03D0020F17305001E740500D1
:10AB3000F55D05003374050025BC0500FABB050072
:10AB4000E3BA050049740500607405002DE9F3417E
:10AB50001C4652EA040307460D46164608D108462D
:10AB6000FEF7CAFD6FF00A04204602B0BDE8F0818E
:10AB7000EFF31188402383F31288BFF36F8F1548DA
:10AB800001F0E0FA68B9144A14491548842304F026
:10AB9000A2FF1049134804F09EFF0F48842104F0DF
:10ABA00091FF0C4801F0F2FA2846FEF7A5FDCDE929
:10ABB000006408483A46414600F042FB044600283B
:10ABC000D2D14FF0FF324FF0FF332846FEF7CCFCD6
:10ABD000CAE700BFB03D0020F17305001E740500F8
:10ABE000F55D0500337405002DE9F04385B0054699
:10ABF0000F9C0F2C0E461F4645D12E4B9F4246D12F
:10AC0000073222F00702FF321099A98105F158039B
:10AC100022F07F02C5E91633042100237F2AC5E90B
:10AC20000633AB602974AC73EB7306F18009A2F1B3
:10AC3000800805D883F31188BFF36F8F084602DFC1
:10AC4000B41821462846EDF7A7FF07300E9B20F0E9
:10AC500007002867C5E91A9802930D9B0193241AEF
:10AC60000C9B009322463B4631462846EEF756FBA6
:10AC700000236B65104B9B6803B15B6F6B672046CD
:10AC800005B0BDE8F08304F110031E2BB8D90B4AC0
:10AC90000B490C4840F24B2304F01DFF0A482146A3
:10ACA0006FF00F030E2204F016FF044840F24B2110
:10ACB00004F008FF3D910400783D00203CBF0500F2
:10ACC0005FBF0500F55D0500DFBF0500F0B587B08B
:10ACD000DDE912760446EFF3058575B119491A4A84
:10ACE0001A4840F2173304F0F6FE194804F0F3FE58
:10ACF000154840F2173104F0E5FE0595109D0495C6
:10AD00000F9D03950E9D02950D9D01950C9D00953F
:10AD1000FFF76AFFB6F1FF3F08BFB7F1FF3F05D06D
:10AD200056EA070305D1204600F0CAFE204607B0C8
:10AD3000F0BD3A46334604F11800064901F05CFACA
:10AD4000F4E700BF87BD05003CBF0500F55D0500C9
:10AD500010C00500B1B104000123037483810023F6
:10AD6000C0E91A334367014B98607047783D002073
:10AD700070B590F91020037C002A49DBD90647D131
:10AD800063F07F030374264B984209D12549264876
:10AD9000264A522304F09FFE2448522104F092FEDA
:10ADA000234C2246216A52F81C3F934207D1C0E946
:10ADB0000021086020620FE08B42F8D01B68002B56
:10ADC000F5D093F90E6090F90E50AE42F4DD59685B
:10ADD000C0E9003108605860E569954200D005B9C6
:10ADE000E568A3685BB91349134A0F48EA2304F0E6
:10ADF00072FE124804F06FFE0F48EA21CEE71A7C7B
:10AE0000D20606D1DA897F2A03D9AA690AB9A361D1
:10AE100070BDAB4202D0284601F00EF9A561F7E7FC
:10AE2000402D002057C00500F55D050035C0050028
:10AE3000783D0020A4C0050078C00500E3BA0500F5
:10AE400038B590F91020037C002A01461BDA224A0B
:10AE500003F07F039042037409D12049204A21481E
:10AE60005A2304F038FE5A211D4804F02BFEDC075B
:10AE700007D51D491A4A1B485B2304F02CFE5B21B1
:10AE8000F2E709F07BF8194D2A46AB6852F81C4FDF
:10AE9000944200D004B9EC688B4214D05BB91449D9
:10AEA000144A1048EA2304F016FE134804F013FE77
:10AEB0001048EA21D9E71A7CD20604D1DA897F2A20
:10AEC00001D9A2692AB1A34202D0204601F0B4F808
:10AED0002346AB6138BD00BF402D002057C00500A0
:10AEE00035C00500F55D0500CBC00500783D0020AC
:10AEF000A4C0050078C00500E3BA050008B5134AF0
:10AF0000936880B1197C11F0090F0CD11049114AD6
:10AF10001148D92304F0DFFD104804F0DCFD0D4892
:10AF2000D92104F0CFFD6FF00A01C3F880100C495D
:10AF3000D8674B6843F080534B60002383F311883C
:10AF4000BFF36F8F9368D3F8800008BD783D002071
:10AF50000EC10500E4C00500F55D050077C10500E0
:10AF600000ED00E070B504460D46F9B9EFF3058633
:10AF7000E6B91A4B9A699B689A4217D001F0F0F82B
:10AF800078B9174A1749184840F26D1304F0A3FD29
:10AF90002146164804F09FFD40F26D11104804F060
:10AFA00091FD3046BDE87040FFF7A8BF204601F094
:10AFB000D7F868B90A4A0B490B484FF4997304F063
:10AFC0008AFD2146094804F086FD4FF49971E5E7B2
:10AFD00085F31188BFF36F8F70BD00BF783D0020EF
:10AFE000F173050049740500F55D05006074050006
:10AFF00008B583684BB9094909480A4AA42304F0F3
:10B000006AFD0848A42104F05DFD08F0B7FF037C49
:10B0100023F0020303740023836008BD3DBC0500D8
:10B02000F55D0500FABB050038B5184CA168206A2B
:10B030000B68814214BF1A46002249680B605960B0
:10B04000A368216A2AB9124AC3E900210B6023626E
:10B050000AE092F90E5093F90E00854212DD516814
:10B06000C3E900210B605360E569094B9D4200D0A4
:10B0700005B9E568A3689D4202D0284600F0DCFFD0
:10B08000A56138BD8A42DED01268DBE7783D00203A
:10B09000943D002038B50446EFF31185402383F337
:10B0A0001288BFF36F8F174801F04CF868B9164A41
:10B0B00016491748842304F00EFD1249154804F080
:10B0C0000AFD8421104804F0FDFC0E4801F05EF8F2
:10B0D0002046FFF74DFE0B4801F042F868B90A4AD6
:10B0E0000D490B484FF4997304F0F5FC05490B48E2
:10B0F00004F0F1FC4FF49971E4E785F31188BFF394
:10B100006F8F38BDB43D0020F17305001E7405003B
:10B11000F55D050033740500497405006074050091
:10B1200038B50446EFF31185402383F31288BFF34B
:10B130006F8F184801F006F868B9174A1749184880
:10B14000842304F0C8FC1349164804F0C4FC84218D
:10B15000114804F0B7FC0F4801F018F8A36813B1C8
:10B160002046FFF745FF0B4800F0FAFF68B90A4A8E
:10B170000D490B484FF4997304F0ADFC05490B4899
:10B1800004F0A9FC4FF49971E2E785F31188BFF34D
:10B190006F8F38BDB43D0020F17305001E740500AB
:10B1A000F55D050033740500497405006074050001
:10B1B00038B5A0F11804EFF31185402383F312880A
:10B1C000BFF36F8F174800F0BDFF68B9164A1749E3
:10B1D0001748842304F07FFC1249164804F07BFCD6
:10B1E0008421114804F06EFC0E4800F0CFFF204689
:10B1F00008F0F2FE0B4800F0B3FF68B90A4A0E49A6
:10B200000B484FF4997304F066FC06490B4804F0B0
:10B2100062FC4FF49971E4E785F31188BFF36F8FF7
:10B2200038BD00BFB43D0020F17305001E74050059
:10B23000F55D050033740500497405006074050070
:10B240002DE9F047DFF800A1344D354B1746A842F1
:10B25000DAF808201A60DDE9089804460E460BD19A
:10B2600030493148314A40F2B92304F034FC2F48C8
:10B2700040F2B92104F026FCEFF31183402383F35D
:10B280001288BFF36F8F284600F05CFF60B9284A30
:10B2900028492548842304F01EFC2946264804F04A
:10B2A0001AFC84212248E5E7284600F06FFFDAF80F
:10B2B00008503946284608F069FEB8F1FF3F08BF3C
:10B2C000B9F1FF3F06D01D494A46434605F1180033
:10B2D00000F092FF204600F043FF68B91849144A75
:10B2E000114840F26D1304F0F6FB2146154804F0B6
:10B2F000F2FB40F26D11D5E7084800F031FF40B98C
:10B300000F490B4A084840F26D1304F0E4FB03496F
:10B31000ECE73046BDE8F047FFF7F0BDB43D002054
:10B32000B83D00209FC10500F55D050035C0050052
:10B33000F17305001E74050033740500B1B10400FB
:10B340004974050060740500783D002070B505461D
:10B35000EFF31186402383F31288BFF36F8F1B48EE
:10B3600000F0F0FE68B91A4A1A491B48842304F019
:10B37000B2FB1649194804F0AEFB8421144804F0CE
:10B38000A1FB124800F002FF2C68A54215D014B1B1
:10B390002046FFF72DFE0D4800F0E2FE78B90C4A7A
:10B3A0000F490D484FF4997304F095FB07490D4878
:10B3B00004F091FB4FF49971E0E70024EBE786F38A
:10B3C0001188BFF36F8F204670BD00BFB43D0020D1
:10B3D000F17305001E740500F55D0500337405006A
:10B3E00049740500607405002DE9F04104460D46DE
:10B3F000EFF31187402383F31288BFF36F8F59480F
:10B4000000F0A0FE60B9584A58495948842304F016
:10B4100062FB5449574804F05EFB8421524818E00F
:10B42000504800F0B3FE237C03F01F02002A0CBF3B
:10B430000126002662D103F07F0323744E4B9C4209
:10B4400009D14E494E4A4A485A2304F044FB5A2136
:10B450004B4804F037FB204608F090FD237C43F076
:10B4600080036DB2DA07A573237407D54549444AB2
:10B470003F48532304F02FFB5321E9E7DFF81881FD
:10B480004246D8F8201052F81C3F934208D1C4E934
:10B4900000210C60C8F820400DE08B42F7D01B68FB
:10B4A000002BF4D093F90E00A842F6DD5968C4E9E8
:10B4B00000310C605C60D8F81C40944200D00CB99C
:10B4C000D8F80C40D8F808309C4202D0204600F052
:10B4D000B3FDC8F81840234800F042FE00283AD1D6
:10B4E000214A294922484FF4997304F0F4FA1D497E
:10B4F000264804F0F0FA4FF499718FE79B0728D59E
:10B50000A16841B922491A48224AA42304F0E3FA67
:10B510002048A4219DE720466DB208F02FFDA573B9
:10B520000B68994209D14B68C4E900131C604C6058
:10B53000D1E74A689342F6D01B68002BF3D093F909
:10B540000E20AA42F5DD5A68C4E9003214605C603E
:10B55000C1E7A573BFE787F31188BFF36F8F30464C
:10B56000BDE8F081B43D0020F17305001E740500B4
:10B57000F55D050033740500402D002057C005001F
:10B5800035C00500CBC00500497405006074050096
:10B590003DBC0500FABB0500783D0020034648B9D4
:10B5A000EFF3058232B9064A91699268914201D05F
:10B5B000FFF7A4BC83F31188BFF36F8F704700BF00
:10B5C000783D002010B5EFF31184402383F31288F7
:10B5D000BFF36F8F284800F0B5FD60B9274A2849AE
:10B5E0002848842304F077FA2349274804F073FAA3
:10B5F0008421224812E0204800F0C8FDEFF30583C3
:10B6000073B12249224A1F4840F23B3304F063FAE7
:10B61000204804F060FA40F23B311D4804F052FA31
:10B620001D4B9A68D37B012B0CD11C49184A154835
:10B630004FF44F7304F04FFA164804F04CFA4FF4ED
:10B640004F71EAE7013BD3730B4800F089FD68B9FD
:10B650000A4A13490B484FF4997304F03CFA06491F
:10B66000104804F038FA4FF49971C2E784F3118856
:10B67000BFF36F8F10BD00BFB43D0020F173050014
:10B680001E740500F55D05003374050087BD0500D7
:10B6900035C00500E3BA0500783D0020D8C105009B
:10B6A000497405006074050070B5EFF311864023FE
:10B6B00083F31288BFF36F8F2A4800F043FD68B907
:10B6C000294A2A492A48842304F005FA25492948A9
:10B6D00004F001FA2448842104F0F4F9264D2148AD
:10B6E00000F054FDAB68DA7B6AB92449244A20484B
:10B6F00040F24D3304F0EFF9224804F0ECF940F247
:10B700004D311F48E8E7EFF3058161B11E491C4A3E
:10B71000174840F24E3304F0DEF91A4804F0DBF922
:10B7200040F24E31EDE70132DA732A4652F81C4FEF
:10B73000944200D004B9EC681A7CD20604D1DA89AC
:10B740007F2A01D9A2692AB19C4202D0204600F08A
:10B7500073FC2346AB6131460248BDE87040FFF7F9
:10B7600001BC00BFB43D0020F17305001E7405004C
:10B77000F55D050033740500783D002009C2050021
:10B7800035C00500E3BA050087BD050038B504469D
:10B79000EFF31185402383F31288BFF36F8F1848AE
:10B7A00000F0D0FC68B9174A17491848842304F000
:10B7B00092F91349164804F08EF98421114804F0D7
:10B7C00081F90F4800F0E2FC204608F01BFC04461B
:10B7D0000B4800F0C5FC68B90A4A0E490B484FF403
:10B7E000997304F078F906490B4804F074F94FF4A2
:10B7F0009971E3E785F31188BFF36F8F204638BD59
:10B80000B43D0020F17305001E740500F55D0500D0
:10B81000337405004974050060740500024B03F1A0
:10B820001C02C3E907227047783D002070B5EFF392
:10B83000058373B13849394A39484FF4906304F0AD
:10B840004AF9384804F047F934484FF4906104F05D
:10B8500039F9EFF31186402383F31288BFF36F8F1A
:10B86000314800F06FFC60B9304A31492C488423DC
:10B8700004F031F92C492F4804F02DF984212B488C
:10B88000E5E72D4C284800F081FCA168206A0B6890
:10B89000814214BF1A46002249680B605960A368B0
:10B8A000216A2AB9254AC3E900210B6023620AE014
:10B8B00092F90E5093F90E00854223DD5168C3E9D9
:10B8C00000210B605360E5691C4B9D4200D005B917
:10B8D000E568A3689D4202D0284600F0ADFB1248FF
:10B8E000A56100F03DFC88B9104A15490C4840F2AA
:10B8F0006D1304F0F0F80C49124804F0ECF840F233
:10B900006D11BCE78A42CDD01268CAE73046BDE867
:10B910007040FFF7F3BA00BF87BD050035C00500D2
:10B92000F55D0500E3BA0500B43D0020F1730500A4
:10B930001E74050033740500783D0020943D0020FE
:10B9400049740500607405002DE9F04106460C4677
:10B95000EFF3058777B13449344A35484FF49363A0
:10B9600004F0B9F8334804F0B6F830484FF4936166
:10B9700004F0A8F850EA010304D1FFF757FF0020B4
:10B98000BDE8F081EFF31188402383F31288BFF301
:10B990006F8F294800F0D6FB60B9284A284924480F
:10B9A000842304F098F82449264804F094F884216C
:10B9B0002248DDE7244D204800F0E8FB234BA8682F
:10B9C0001860FFF73DFAA86821492346324618302F
:10B9D00000F012FCAA68137C43F0040304461374BD
:10B9E000154800F0BDFB68B9144A1A49104840F2E6
:10B9F0006D1304F070F81049174804F06CF840F229
:10BA00006D11D5E74046FFF779FAAB68D3E90A2311
:10BA1000B3F1004F08BFBA42B1D108F022FB201A9F
:10BA200020EAE070ACE700BF87BD050035C0050027
:10BA3000F55D0500E3BA0500B43D0020F173050093
:10BA40001E74050033740500783D0020B83D0020C9
:10BA5000B1B10400497405006074050070B5064674
:10BA60000D46EFF3058474B11149124A124840F2B1
:10BA7000C64304F030F8114804F02DF80D4840F2A8
:10BA8000C64104F01FF8FFF75FFFB5F1FF3F08BFA5
:10BA9000B6F1FF3F1FBF47F6FF734FF47A72E0FB2A
:10BAA0000234D80B14BF40EA44404FF0FF3070BD61
:10BAB00087BD050035C00500F55D0500E3BA05004A
:10BAC00038B50446EFF31185402383F31288BFF3A2
:10BAD0006F8F204800F036FB68B91F4A1F49204885
:10BAE000842303F0F8FF1B491E4803F0F4FF842170
:10BAF000194803F0E7FF174800F048FB237C5B0779
:10BB000010D504F1180000F053FC237C23F004034B
:10BB100020462374FFF72CF929460E48BDE838402B
:10BB2000FFF720BA0B4800F01BFB68B90A4A0E4920
:10BB30000B484FF4997303F0CEFF06490B4803F00E
:10BB4000CAFF4FF49971D3E785F31188BFF36F8F64
:10BB500038BD00BFB43D0020F17305001E74050020
:10BB6000F55D050033740500497405006074050037
:10BB7000014B9868704700BF783D00202DE9F843DD
:10BB800004468789EFF31185402383F31288BFF3BE
:10BB90006F8F824800F0D6FA68B9814A814982489D
:10BBA000842303F098FF7D49804803F094FF8421AB
:10BBB0007B4803F087FF794800F0E8FA237C1807F8
:10BBC00017D5764800F0CCFA68B9754A78497648B6
:10BBD0004FF4997303F07FFF7049764803F07BFFC1
:10BBE0004FF49971E4E785F31188BFF36F8FBDE8D7
:10BBF000F883D90943F0080240F083802274A368D7
:10BC000013B12046FFF7F4F904F1180000F0D0FB5F
:10BC1000A66D04F15808B04511D04FF0000976B177
:10BC20003046FFF7E5F906F1180000F0C1FBC6F851
:10BC300080903046FFF79CF8A66DB045EFD1DFF855
:10BC4000A081D8F808309C427AD1EFF30589B9F188
:10BC5000000918BF4FF00109D8F81C60564A9642F7
:10BC600000D00EB9D8F80C60B34202D0304600F0D4
:10BC7000E3F92046C8F8186004F0B9FAB9F1000FEA
:10BC800002D04E48FFF768F8D8F808309C426AD1D5
:10BC9000EFF30586002E66D1A389DA071FD53F484A
:10BCA00000F05EFA002890D085F31188BFF36F8F03
:10BCB00086F31188BFF36F8F0423184602DFEFF37A
:10BCC0001185402383F31288BFF36F8F334800F050
:10BCD00039FA00283FF461AF304800F057FA2F4896
:10BCE00000F03EFA78BB2E4A31492F4840F26D13DE
:10BCF00003F0F1FE29492F4803F0EDFE40F26D11EB
:10BD000056E72F4A03F07F0343F00803944223745D
:10BD100008D12C492C4A24485A2303F0DCFE5A212E
:10BD2000294846E7D90707D52849274A1E485B23F3
:10BD300003F0D1FE5B21F3E7204608F01FF95EE730
:10BD40004FF0000988E72846FFF7D8F820491E4A37
:10BD500015484FF4EE7303F0BEFE1E4803F0BBFE21
:10BD60004FF4EE71DCE70D4800F0FAF900283FF4DB
:10BD70002CAF85F31188BFF36F8FFB077FF537AFCB
:10BD8000114A1549084840F2A25303F0A4FE214687
:10BD9000124803F0A0FE40F2A251C1E7B43D0020DA
:10BDA000F17305001E740500F55D05003374050090
:10BDB0004974050060740500943D0020B82F0020F0
:10BDC000402D002057C0050035C00500CBC0050040
:10BDD0003AC2050045C2050067C2050072C20500EF
:10BDE000783D00202DE9F843064688461746EFF3D4
:10BDF0001189402383F31288BFF36F8F214800F02D
:10BE0000A1F9054668B9204A20492148842303F056
:10BE100062FE1C491F4803F05EFE84211A4803F0AD
:10BE200051FE184800F0B2F93468A6421FD004B39E
:10BE30002046C4F880806761FFF7DAF804F1180043
:10BE400000F0B6FA2046FEF793FF0E4800F088F99E
:10BE500088B90D4A10490E484FF4997303F03BFE20
:10BE600008490E4803F037FE4FF49971D6E70025D4
:10BE7000EBE72546E9E789F31188BFF36F8F284682
:10BE8000BDE8F883B43D0020F17305001E74050081
:10BE9000F55D050033740500497405006074050004
:10BEA000D3B5DDE90667089CCDE90067FFF7C8F95F
:10BEB0001CB1034B9B685B69236002B0D0BD00BF1F
:10BEC000783D00202DE9F0470546884616461F4676
:10BED000EFF31189402383F31288BFF36F8F284853
:10BEE00000F030F968B9274A27492848842303F02D
:10BEF000F2FD2349264803F0EEFD8421214803F09A
:10BF0000E1FD1F4800F042F92868854208D038B1A9
:10BF10006B68984214BFD0F800A04FF0000AB0B987
:10BF2000002416B139462046B047154800F018F9EC
:10BF3000F8B9144A174915484FF4997303F0CBFD2B
:10BF40000F49154803F0C7FD4FF49971D6E73946FC
:10BF5000C04704460028E4D1BAF1000F07D06B684F
:10BF6000534501D0DAF800405046A246D7E7544680
:10BF7000FAE789F31188BFF36F8F2046BDE8F08799
:10BF8000B43D0020F17305001E740500F55D050049
:10BF9000337405004974050060740500027C12F0DA
:10BFA0001F02034610D10A4988420DD0094908688A
:10BFB00068B1D9897F2909D893F90E20064B1B68EF
:10BFC0009A42B8BF00207047002070471046704763
:10BFD000402D0020C4070020BC3D002008B568B1FA
:10BFE0000F4B98420AD303F11802904206D2C01AAE
:10BFF0001822B0FBF2F302FB13034BB109490A48C4
:10C000000A4A3F2303F067FD08483F2103F05AFD29
:10C01000074BC0105843074B01221A5408BD00BFFC
:10C0200080300020B8C20500F55D050090C2050013
:10C03000ABAAAAAAFB42002070B50C4B0C4D1E7C8B
:10C04000FFF7ACFF182303FB06550446284600F013
:10C05000AFF9084B00229A553CB1621E28460649AA
:10C06000BDE87040D31700F0C7B870BD783D002020
:10C0700080300020FB420020DDBF040038B5EFF324
:10C080001185402383F31288BFF36F8F234800F09C
:10C0900059F868B9224A23492348842303F01BFD39
:10C0A0001E49224803F017FD84211D4803F00AFDB4
:10C0B0001A4800F06BF81E4B1E4A9C681068A0429C
:10C0C00013D1FFF7B9FF154800F04AF800BB144A36
:10C0D000194915484FF4997303F0FDFC0F491748AF
:10C0E00003F0F9FC4FF49971DFE700211B7C11602C
:10C0F000134AD35C002BE6D02046FFF74FFF002801
:10C10000E1D0237CDB0601D1FEF78EFF2046D8E785
:10C1100085F31188BFF36F8F38BD00BFB43D002099
:10C12000F17305001E740500F55D0500337405000C
:10C13000783D0020B83D002049740500607405007A
:10C14000FB420020006838B1044B1B7C00F0030068
:10C15000C01A18BF0120704701207047783D0020A9
:10C16000002302680360EFF30581074B986811B163
:10C17000017CC90705D41B7C1843831A58425841D7
:10C1800070470120704700BF783D0020024B1A7CA9
:10C190009B68134303607047783D0020024B18688A
:10C1A000984208BF00207047C8070020034B1B6857
:10C1B0000BB9F9F717B90020704700BFC03D002048
:10C1C00030B570B10B4B5B6898420AD0036843B13D
:10C1D000D3E90421D0E90445121941EB0501C3E973
:10C1E0000421D0E9003213605A600023C0E9003313
:10C1F00030BD00BFC8070020B3F1FF3F08BFB2F158
:10C20000FF3F2DE9F84F04469B4615461F4600F0B8
:10C21000B280D0F80090B9F1000F0CD05749584ABD
:10C220005848642303F057FC574803F054FC544823
:10C23000642103F047FC8160EFF31188402383F30E
:10C240001288BFF36F8F5148FFF77CFF824660B9B9
:10C250004F4A50494B48842303F03DFC4B494E481C
:10C2600003F039FC84214A48E3E74848FFF78EFF92
:10C27000BBF1000F494A1FDBFFF798FF474A013522
:10C28000D2E900174BF1000B2D184BEBE073C4E91A
:10C2900004536D18064643EB0707FFF77FFFDFF8EF
:10C2A0000CE1DEF804900346EBB9C4E900E9C9F8F3
:10C2B0000040CEF8044028E0D2E900126FF00103FC
:10C2C0005B1A4FF0FF3161EB02025B1B62EB0B026A
:10C2D000012B72F10001BCBF01234A46C4E90432BC
:10C2E0004FF0000AD9E7D3E9041CD4E904208A42BC
:10C2F00070EB0C0B2EDA891A5A686CEB0000C3E95C
:10C300000410C4E9003214605C60FFF747FF844208
:10C310000ED1234B1B685BB9BAF1000F02D1FFF7B6
:10C3200045FF0646304607F085FE0021F9F734F850
:10C330001648FFF715FFB0B9154A1A4911484FF4CE
:10C34000997303F0C8FB1149174803F0C4FB4FF47D
:10C35000997188E7521A60EB0C004B45C4E9042040
:10C36000A3D01B68A0E788F31188BFF36F8F28461E
:10C370003946BDE8F88F00252F46F8E787C4050049
:10C3800063C40500F55D0500E3BA0500C43D002067
:10C39000F17305001E740500337405009830002009
:10C3A000C03D00204974050060740500C8070020E6
:10C3B00070B50446EFF31186402383F31288BFF370
:10C3C0006F8F2A48FFF7BEFE68B9294A29492A48D3
:10C3D000842303F080FB2549284803F07CFB84215B
:10C3E000234803F06FFB2148FFF7D0FE23683BB3DF
:10C3F000FFF7D4FE05462046FFF7E2FE00224FF08D
:10C400000043A542C4E9042312D000241748FFF7D3
:10C41000A7FE20BB164A1A4917484FF4997303F038
:10C420005AFB1249174803F056FB4FF49971D7E7AE
:10C43000FFF7BCFE07F0FEFD0021F8F7ADFFE4E7D3
:10C44000D4E90423B3F1004F08BF012A02BF002240
:10C450004FF00043C4E904236FF01504D6E786F3D8
:10C460001188BFF36F8F204670BD00BFC43D002010
:10C47000F17305001E740500F55D050033740500B9
:10C4800049740500607405002DE9F04DDFF828813E
:10C49000414FC8F800000246FFF780FE0E460446F2
:10C4A0004FF0000A4FF0000BD7E900134FEAE27C8F
:10C4B00054B1D4E90450AA427CEB000E1FDAAD1A45
:10C4C00060EB0C00C4E9045052184FF0000443EB39
:10C4D0000C032046C7E90023C8F8004007F0AAFD76
:10C4E0002146F8F759FF2D48FFF73AFED0B186F301
:10C4F0001188BFF36F8FBDE8F04DFFF7BFBD69181E
:10C5000043EBE5732046C4E904ABC7E90013FFF72A
:10C5100057FE01224FF00043C4E904231F48FFF7F0
:10C520001FFE78B91E4A1F491F484FF4997303F044
:10C53000D2FA1A491D4803F0CEFA4FF499711848FF
:10C5400003F0C0FA86F31188BFF36F8FA36820460B
:10C550009847EFF31186402383F31288BFF36F8F60
:10C560000E48FFF7EFFD58B90D4A11490E488423D4
:10C5700003F0B1FA09490F4803F0ADFA8421DEE770
:10C580000648FFF703FED8F80020521BC8F8002029
:10C59000FFF704FE044687E798300020C43D0020E2
:10C5A000F173050049740500F55D05006074050030
:10C5B0001E74050033740500C03D002010B5EFF374
:10C5C0001184402383F31288BFF36F8F0B48FFF76A
:10C5D000B9FD68B90A4A0B490B48842303F07BFA7A
:10C5E00006490A4803F077FA0548842103F06AFAFD
:10C5F0000248FFF7CBFD204610BD00BFC43D002020
:10C60000F17305001E740500F55D05003374050027
:10C6100070B5EFF31186402383F31288BFF36F8F59
:10C620001A48FFF78FFD68B9194A1A491A48842336
:10C6300003F051FA1549194803F04DFA84211448C2
:10C6400003F040FA1148FFF7A1FDFFF7AFFD144AD0
:10C65000D2E90045041945EBE0750C48FFF780FD71
:10C6600068B90B4A0F490C484FF4997303F033FA39
:10C6700006490D4803F02FFA4FF49971DFE786F36E
:10C680001188BFF36F8F2046294670BDC43D00203E
:10C69000F17305001E740500F55D05003374050097
:10C6A000983000204974050060740500F8B5044610
:10C6B000EFF31187402383F31288BFF36F8F5B483A
:10C6C000FFF740FD68B95A4A5A495B48842303F092
:10C6D00002FA5649594803F0FEF98421544803F000
:10C6E000F1F95248FFF752FDD4E90423B3F1004FAA
:10C6F00008BF012A13D04D48FFF732FD002840F053
:10C700008F804B4A4E494C484FF4997303F0E3F93C
:10C7100046494C4803F0DFF94FF49971DEE7D4E95C
:10C720000A566A1C46F10003022A73F1000334D34F
:10C73000013D46F1FF36002EBCBF00252E4607F016
:10C7400094FC013041F10001401946EB0101012840
:10C7500071F100015BDB07F088FC013041F1000161
:10C760006FF00203401946EB010183426FF0004372
:10C770008B4151DB07F079FC013041F100016FF092
:10C780000102401946EB0103121A4FF0FF3161EB31
:10C7900003032D492046FFF72FFD236B256A013344
:10C7A0002363D5B12148FFF7DBFC0028A9D087F32C
:10C7B0001188BFF36F8F2046A847EFF311874023FE
:10C7C00083F31288BFF36F8F1848FFF7BBFC002874
:10C7D0003FF479AF1548FFF7D9FC54F8185FA5422C
:10C7E00089D0002D87D02846FEF79AFC00230F48F9
:10C7F000C5F88030FFF7B4FC002882D087F3118899
:10C80000BFF36F8F2846BDE8F840FEF743BC6FF0DA
:10C8100001024FF0FF33BCE700224FF00043B8E7BE
:10C8200087F31188BFF36F8FF8BD00BFC83D0020AC
:10C83000F17305001E740500F55D050033740500F5
:10C840004974050060740500ADC604002DE9F84385
:10C85000064614461D4691469846EFF3118740233D
:10C8600083F31288BFF36F8F2748FFF76BFC68B91B
:10C87000264A27492748842303F02DF922492648D0
:10C8800003F029F98421214803F01CF91E48FFF721
:10C890007DFCB5F1FF3F08BFB4F1FF3F11D11A484D
:10C8A000FFF75EFC50BB194A1C491A484FF49973B4
:10C8B00003F011F914491A4803F00DF94FF4997176
:10C8C000E1E7002D0ADB012C75F100032246BCBF15
:10C8D0000122002512F1FF3945F1FF383046FFF7FC
:10C8E00067FDDDE90823C6E90A23002333634A46CE
:10C8F000434630460B49FFF77FFCD0E787F31188AA
:10C90000BFF36F8FBDE8F883C83D0020F1730500C9
:10C910001E740500F55D05003374050049740500BB
:10C9200060740500ADC6040070B50546EFF31184D0
:10C93000402686F31288BFF36F8F2D48FFF702FC65
:10C9400068B92C4A2C492D48842303F0C4F828499F
:10C950002B4803F0C0F88421264803F0B3F824489C
:10C96000FFF714FC2846FFF723FD90B12048FFF79E
:10C97000F7FB002837D11F4A224920484FF499730A
:10C9800003F0A9F81A49204803F0A5F84FF499716B
:10C99000E2E76B6ACBB11648FFF7E2FB0028EAD06A
:10C9A00084F31188BFF36F8F6B6A28469847EFF3C3
:10C9B000118486F31288BFF36F8F0D48FFF7C2FB17
:10C9C0000028BED00A48FFF7E1FB05F11800FEF78A
:10C9D000BDFC0028CAD0FEF75DFB21460448BDE837
:10C9E000704007F00DBB84F31188BFF36F8F70BDEB
:10C9F000C83D0020F17305001E740500F55D0500BB
:10CA00003374050049740500607405002DE9F7438F
:10CA100005460C46914600F10C06EFF311884023C1
:10CA200083F31288BFF36F8F3046FFF78BFB68B933
:10CA3000164A17491748842303F04DF81648314623
:10CA400003F049F81148842103F03CF83046FFF721
:10CA50009DFBAB6811495C4004EA090203EA09073F
:10CA60005340009300226B4628460192FFF72AFAB2
:10CA7000DDE9003223EA02033046AB60414607F0AD
:10CA8000BFFA384603B0BDE8F08300BFF17305007C
:10CA90001E740500F55D05003374050013410500A3
:10CAA0002DE9F04F85B088460546DDE90E1B174697
:10CAB000EFF305838BB151EA0B030ED04049414A95
:10CAC000414840F2211303F006F8404803F003F810
:10CAD0003C4840F2211102F0F5FF0291B8F1000F3D
:10CAE00056D007F001030393FFF742F805F10C0459
:10CAF0008146EFF3118A402383F31288BFF36F8FCF
:10CB00002046FFF71FFB029960B9314A31492E4890
:10CB1000842302F0E0FF21462F4802F0DCFF84214D
:10CB20002B48D8E720460291FFF730FB17F0020FA1
:10CB30001CBF0023AB60AB68029907F0010203EA57
:10CB40000806BAB1B04517D17A0744BFB343AB600A
:10CB50002046FFF705FBE8B91D4A20491A484FF463
:10CB6000997302F0B8FF21461D4802F0B4FF4FF45C
:10CB70009971D5E7002EE7D151EA0B0312D1204677
:10CB8000FFF7EEFA0028E7D08AF31188BFF36F8F22
:10CB9000002603E08AF31188BFF36F8F304605B09B
:10CBA000BDE8F08FC9E918872A46CDE9001B204669
:10CBB0005146FEF745FB0028EAD1D9F86060EDE761
:10CBC000F5BD0500A7C40500F55D0500E3BA050045
:10CBD000F17305001E7405003374050049740500E7
:10CBE000607405002DE9F84F05460C46924607F0A3
:10CBF000BAF9002863D1344B9B685E6F002E5ED07B
:10CC00006F1E3D420BD03149314A3248182302F0A1
:10CC100062FF314802F05FFF18212D481CE0043408
:10CC20004DD245F0040B06F11408EFF311894023AF
:10CC300083F31288BFF36F8F4046FFF783FA68B91A
:10CC4000264A27492348842302F045FF41462548C8
:10CC500002F041FF8421214802F034FF4046FFF7F3
:10CC600095FA224659463046D04704464046FFF7DB
:10CC700077FA68B9194A1C4916484FF4997302F0BB
:10CC80002AFF4146194802F026FF4FF49971E2E766
:10CC900089F31188BFF36F8F8CB144F8046B7DB1B9
:10CCA0003C420DD00A4A12490A48352302F013FFCC
:10CCB000214610482A4602F00EFF3521ADE7002438
:10CCC0002046BDE8F88F00BF783D0020D9700500F0
:10CCD000CAC40500F55D0500F4700500F173050098
:10CCE0001E74050033740500497405006074050066
:10CCF000EEC4050020C505000146024A0020FFF7EA
:10CD000071BF00BF01FA040010B50C4C236813B1C9
:10CD10000B4B1B682BB900F073FD30B9084B012297
:10CD20001A6001232360002010BD0138062801D9B4
:10CD3000044810BD044B53F8200010BDD03D002026
:10CD4000CC3D0020FE8FFFFF5C580500BFF34F8FE6
:10CD50000549064BCA6802F4E0621343CB60BFF397
:10CD60004F8F00BFFDE700BF00ED00E00400FA05B3
:10CD700010B40A4B0A490B4C4FF0FE32C3F80024A2
:10CD80004968C3F80424C3F80824C3F80C2400231A
:10CD9000C4F800355DF8044B084700BF00B00250EE
:10CDA000D007002000A00250D0E90012014BC3E9D7
:10CDB00000127047D007002070B58CB014460646AC
:10CDC0000D4603AA202104A800F0B6F9002835D1A9
:10CDD000039B202B32D11A484FF0FF3100F0C4FDE5
:10CDE00040BB002000F0F0FD00BB00942B46202249
:10CDF00006F1100004A900F089FC0446012000F0AF
:10CE0000E3FD78B90E4800F0B7FD38B9B4B9202178
:10CE100004A800F087FD20460CB070BD0948FFF75C
:10CE2000A7FFF3E70848FFF7A3FFEBE70648FFF784
:10CE30009FFFDAE70348FFF79BFFD2E7034CEAE7DF
:10CE40005C0800207858050090580500FE8FFFFF11
:10CE5000F0B50F468FB015460446002859D03E4B1A
:10CE600002689A4264D00DB1002969D026464FF479
:10CE7000A071304600F056FD05AA202106A800F05A
:10CE80005BF900285FD1059B202B5CD133484FF024
:10CE9000FF3100F069FD70BB002000F095FD30BB54
:10CEA00000230295CDE90037202206A906F11000E3
:10CEB00000F0D0FA0546012000F086FD98B9274819
:10CEC00000F05AFD58B9002D41D1202106A800F0EC
:10CED00029FD214B33609CB128460FB0F0BD20489E
:10CEE000FFF746FFEFE71F48FFF742FFE7E71D4860
:10CEF000FFF73EFFD4E71A48FFF73AFFCCE70025DB
:10CF0000194800F039FD0028E6D01548FFF730FF3A
:10CF1000E2E715484FF0FF3100F026FD60B9134BF2
:10CF20000D4A1B689342EAD005B197B10F4E9EE7B8
:10CF3000002528460FB0F0BD0948FFF719FFEEE7BE
:10CF40006FF4E045C8E7202106A800F0EBFC084D8F
:10CF5000C1E76FF4E045D3E7A5BCC95A5C080020DF
:10CF6000785805009058050048080020D43D00205E
:10CF7000FE8FFFFF2DE9F04F83B0002B00F0C7803C
:10CF80001D4600230446884617462B608AB10029B7
:10CF900000F0BD80002800F085805E4B02689A4258
:10CFA00044D1B7F5806F0AD95B4E304603B0BDE877
:10CFB000F08F002876D0574B02689A4236D1A146AE
:10CFC000D9F838311BB1D9F83020934235D95348BC
:10CFD0004FF0FF3100F0C8FC00287CD1002000F0A9
:10CFE000F3FC002873D1002309F1100A4FEAC70BA4
:10CFF000009342465946504600F090FA06460120FA
:10D0000000F0E2FC00285ED1444800F0B5FC0028A6
:10D0100055D11F2E1AD076B92F6044B9404800F080
:10D02000ABFC20B13F48FFF7A3FE00E03E4E304688
:10D0300003B0BDE8F08F3D4EEFE7002211464846B1
:10D04000FFF7BAFE06460028C1D0E6E700224846B0
:10D050001146FFF7B1FE06460028DED12F484FF0FB
:10D06000FF3100F081FC00284DD1002000F0ACFC25
:10D07000002844D10023424659465046009300F010
:10D080004DFA0646012000F09FFC002833D12348CA
:10D0900000F072FC0028BED02248FFF769FE002E87
:10D0A000BAD0C8E71E484FF0FF3100F05DFCD8B998
:10D0B0001F4B1A68174B9A4211D01B4EAEE7194806
:10D0C000FFF756FEA5E71B48FFF752FE9CE71948FD
:10D0D000FFF74EFE87E71348FFF74AFE7EE7B7F5F6
:10D0E000806F05D90C4E99E70E48FFF741FEDFE748
:10D0F000DFF83C9064E70F48FFF73AFEC7E70D48BA
:10D10000FFF736FEB6E70748FFF732FEADE76FF4EC
:10D11000E0468CE7A5BCC95ADE8FFFFF5C08002003
:10D120004808002078580500E88FFFFFFE8FFFFFBA
:10D13000D43D0020905805002DE9F047DFF8B0A05D
:10D140000D4680464FF0FF31DAF80000914600F0BE
:10D150000BFCB0BB002000F037FC70BBCDB1204F02
:10D16000002603E000F0DCFB2D1B13D0182D4FF040
:10D17000180138462C4628BF1824E6F701FE03465E
:10D18000224608EB060039462644002BEAD0154C0F
:10D1900003E02E46C9F8006000241148182100F071
:10D1A000C1FB012000F010FCA8B9DAF8000000F083
:10D1B000E3FB50B92046BDE8F0870B48FFF7D8FDE8
:10D1C000CCE70A48FFF7D4FDC4E70848FFF7D0FDD5
:10D1D0002046BDE8F0870448FFF7CAFDE5E700BF39
:10D1E000143F0020FE8FFFFF90580500785805007F
:10D1F0004C08002010B5044650B1636813F0685F16
:10D2000005D0064A934202D000232360626010BD1D
:10D21000034B04485B689847EFE700BF2C5F5CA9AD
:10D22000D0070020B0580500C8B143680D4A9342AA
:10D2300013D013F0685F0ED0012350E8002F194679
:10D2400040E8001C9CF0000FF7D1012AF5D0BFF395
:10D250005F8F0020704704487047044870476FF4A0
:10D26000E04070472C5F5CA9E98FFFFFEA8FFFFF6A
:10D2700080B14368094A93420AD013F0685F05D031
:10D28000BFF35F8F00230360184670470448704760
:10D29000044870476FF4E040704700BF2C5F5CA902
:10D2A000E98FFFFFEA8FFFFF10B5044620B1044B62
:10D2B00063600022226010BD0248FFF759FDF6E7C7
:10D2C0003A00003AD858050070B5D0E90023154C53
:10D2D0006360D0E90230C4E902302260124B0D686D
:10D2E0001D604D685D6011488D689D60CD6809695D
:10D2F000DD601961436813F0685F04D00C490023B6
:10D30000C0E9003190470B48436813F0685F07D0CD
:10D31000074923680022C0E90021BDE87040184792
:10D3200070BD00BFEC070020D80700200C080020CB
:10D330002C5F5CA904080020F0B585B00446C07FCE
:10D34000A37F94F81DC094F813E0451C03EB15234C
:10D350000CEB132CA377237FE07E84F81DC003EB36
:10D360001C2300EB13202377A37E94F819C0E076EA
:10D3700003EB10230CEB132CA376237EE07D84F8C3
:10D3800019C003EB1C2300EB13202376A37D94F834
:10D3900015C0E07503EB10230CEB132CA375237D54
:10D3A00084F815C003EB1C2394F812C023750EEB10
:10D3B000132E637CE5770CEB1E2C03EB1C2384F807
:10D3C00012C094F810C084F813E020460CEB132C24
:10D3D000637400F810CF10234FF0000CCDE900C0AB
:10D3E00004AF02930E46154623466246604602216C
:10D3F00000F068FC10B10437BD46F0BD2021204686
:10D4000000F0F6FC0028F6D12946304600F0F2FC88
:10D410000028F0D11F2D14D8C5F1270323F00703EE
:10D420006E46ADEB030DC5F1200504AC01462A465E
:10D43000204606F0C6FE2946204600F0DBFC38B93F
:10D44000B5460021084600F011FD0437BD46F0BD89
:10D45000B546D0E7F0B589B005460F9C109E002C6C
:10D4600047D02022684606F085FE66B3731E022B65
:10D4700051D926F00300214620446A4651F8043B66
:10D480001768814283EA070342F8043BF6D1B307E9
:10D4900019D026F003031DF80310E25C4A400DF892
:10D4A00003205A1C96420ED91DF80200A15C0233DB
:10D4B00041409E420DF8021005D91DF80310E25CB0
:10D4C0004A400DF8032024220021284606F079FE68
:10D4D000202269462846FFF72FFF044610B9012392
:10D4E0002B6200240821684600F066F9204609B046
:10D4F000F0BD0F462422214606F063FE2022394665
:10D500002846FFF719FF04460028EFD101232046E3
:10D510002B6209B0F0BD0023BDE700BF2DE9F04349
:10D520009046026ABDB01D4601324FF00003CDE9BE
:10D530000433CDE90633CDE90833CDE90A3370D0A1
:10D5400004460E46002D6AD0449A2946FFF7F4FEA1
:10D55000002861D1E27FA17F637F501C01EB102185
:10D56000227FA17703EB112302EB13226377E37E83
:10D57000227703EB1223A27EE37602EB1322637E73
:10D58000A27603EB1223227E637602EB1322E37D65
:10D59000227603EB1223A27DE37502EB1322637D57
:10D5A000A27503EB1223227D637502EB1322E37C49
:10D5B000227503EB1223A27CE37402EB1322637C3B
:10D5C000A27403EB1223227C637402EB13232374F3
:10D5D0000022102304F11007E0770221CDE9017346
:10D5E00010460092234600F06DFBA8B94046F108B2
:10D5F00000F0FEFB80B95FEA162916D04FEA092930
:10D60000804601E0C84510D0202104A808F58078A4
:10D6100000F0F0FB0028F5D03DB0BDE8F08304AD8C
:10D6200098E71F203DB0BDE8F083B14507D0A6EBD9
:10D630000901C90804A800F0DDFB0028ECD10CA802
:10D6400000F0A8FB0021084600F010FC0028E3D100
:10D65000102212A9384606F08DFDE17FA37F627F7C
:10D660000139A3EBD1739BB2A2EBD332A377237F13
:10D67000E17792B2E17E6277A3EBD2339BB2A1EB6A
:10D68000D3312377A37E627E89B2A3EBD1339BB2E1
:10D69000A2EBD332A376237EE17692B2E17D62766D
:10D6A000A3EBD2339BB2A1EBD3312376A37D627D72
:10D6B00089B2A3EBD1339BB2A2EBD332A375237D06
:10D6C000E17592B2E17C6275A3EBD2339BB2A27C8E
:10D6D0002375A1EBD33189B2637CE174A2EBD13223
:10D6E00092B2A3EBD233A274227C9BB26374A2EBFE
:10D6F000D3332374202229462046FFF71DFE00283D
:10D700008AD1236A0133236286E700BFF0B589B06E
:10D7100005460E9E002B43D0684617461C4606F071
:10D7200029FD66B3731E022B44D926F0030222445E
:10D73000A646EC46DCF800305EF8041B59409645DE
:10D740004CF8041BF6D1B30719D026F003031DF8DB
:10D750000310E25C4A400DF803205A1C96420ED991
:10D760001DF80200A15C023341409E420DF80210F8
:10D7700005D91DF80310E25C4A400DF803203A4633
:10D7800069462846FFF7D8FD044610B901232B62ED
:10D7900000240821684600F00FF8204609B0F0BDCB
:10D7A000FFF7CAFD04460028F7D1012320462B626B
:10D7B00009B0F0BD0023CAE7890000F047B900BFF7
:10D7C0003AB101EB820251F8043B40F8043B91422C
:10D7D000F9D1704708B500F037F830B900F03EF8DD
:10D7E00028B9064AC2F80C0A08BD032008BD00F09B
:10D7F0002DF800F06DF8042008BD00BF00B0025005
:10D8000030B583B0FFF7E6FF044610B90B4D2B6827
:10D8100013B1204603B030BD02460146FFF718FBA6
:10D8200050B9074901AB6822FFF7A4FB20B9054BAB
:10D830002B60204603B030BD0524EAE7543F0020AA
:10D84000583F00205AEA5A5A00207047002070477B
:10D85000014BC3F8040A704700B0025010B51548D8
:10D8600000F06EF800B110BD134800F069F8002810
:10D87000F9D1124C204600F063F80028F3D1104B88
:10D8800010481C6000F05CF80028ECD10E4800F055
:10D8900057F80028E7D10D4800F052F8014600285B
:10D8A000E1D100F039F8044608B900F06FF82046DD
:10D8B00010BD00BF5C08002058080020540800205C
:10D8C0004C08002050080020480800204408002090
:10D8D00008B50B4800F03EF80A4800F03BF80A484B
:10D8E00000F038F8094800F035F8094800F032F83F
:10D8F000084800F02FF8BDE8084000F00FB800BF5E
:10D900005C0800205808002054080020500800201F
:10D91000480800204408002000207047704700BFDE
:10D9200006F036BC82B0019041B100239C461A46F5
:10D9300001980133994200F802C0F8D102B0704753
:10D9400008B5034B02681B6810689847002008BDA3
:10D95000EC07002008B5034B02685B681068984725
:10D96000002008BDEC070020024B02689B6810688D
:10D97000184700BFEC07002008B5034B0268DB68BE
:10D9800010689847002008BDEC07002070B5094CCE
:10D99000094D2069AB68984718B1084B08485B6887
:10D9A0009847084AEB68206900211160BDE8704083
:10D9B000184700BFD8070020EC070020D007002040
:10D9C00008590500C03F0020F8B51A4D1A4E04460C
:10D9D000B26828699047E8B9184F3B684CB1A3B1C9
:10D9E000012B19D0013B3B602869F3689847002060
:10D9F000F8BD43B9124A0121C2F800151149D1F806
:10DA00001029002AFBD101333B60F368286998474D
:10DA10000020F8BD0C48F8BD0A4AD2F81039002B96
:10DA2000FBD1074A6FF07E40C2F80035FFF710FFC8
:10DA30003B68D7E7D8070020EC070020C03F002054
:10DA400000A0025000B00250E98FFFFF2DE9F04125
:10DA50000E4682B0002879D000296FD03E4C054692
:10DA6000012755E0D4E901E1D4F80CC020684FEA61
:10DA7000CE524B0980EAC05842EA502243EACC63B6
:10DA80008EEA02004B404FEA984E4EEA803E83EA0F
:10DA900008038CEA5C1283EA0E03424011EB030E8A
:10DAA00082EA90424CEB0200082EC4E90232B046F2
:10DAB00028BF4FF0080815F00303C4E9001CCDE9A6
:10DAC00000E032D1072E3DD8032E2CD9B8F1040244
:10DAD000C5F800E018D0042303F108016944012AC5
:10DAE00011F8081CE9540FD003F109006844591CCF
:10DAF00010F8080C6854032A06D103F10A026A449C
:10DB0000023312F8082CEA54B6EB0806454415D047
:10DB1000237E002BA6D118212046E6F731F90028F4
:10DB2000F9D127769EE74246D6E72846424669461F
:10DB300006F020FBB6EB08064544E9D1002002B010
:10DB4000BDE8F081C5F800E06860DDE70029F5D0A8
:10DB5000142002B0BDE8F081B830002031B10138A6
:10DB6000002300F8013F01339942FAD1704700BF0A
:10DB700070B5504C504D0120C4F8100800F0C4FBA3
:10DB80000023C4F84034C4F84434C4F84834C4F81A
:10DB90004C34C4F86034C4F86434C4F86834C4F84D
:10DBA0006C34C4F8BC34D4F8C03423F00103C4F896
:10DBB000C0346B68D4F8C02403F001031343C4F8E5
:10DBC000C0342A68072A05D1D4F8C03423F00103F1
:10DBD000C4F8C034374CD4F8C01421F01C01C4F888
:10DBE000C014D4F8C014930003F01C030B43C4F812
:10DBF000C034D4F8C03495F89C1023F00203C4F864
:10DC0000C0340029A96B2D4B08BF002300293DD14A
:10DC1000D4F8C00420F44050C4F8C00495F834008F
:10DC2000D4F8C064C4F8C064A0B91A68C4F8002469
:10DC30005A68C4F804249A68C4F80824DB68C4F855
:10DC40000C342A68072A03D11A4B0122C3F87C241A
:10DC5000002070BD0328F5D11868194E00F0D8FCDB
:10DC6000B0B933681B68C4F8003433685B68C4F823
:10DC7000043433689B68C4F808343368DB68C4F83C
:10DC80000C3400F0D3FC18B92A68DBE7062070BD1D
:10DC90003268084B1268C3F8002432685268C3F82F
:10DCA000042432689268C3F808243268D268C3F842
:10DCB0000C2470BD00B00250C43F0020644000201E
:10DCC000400800202DE9F84F2F4E304DDDF828A0F8
:10DCD000002483460F4691462146C022304698468E
:10DCE00006F06FFAC5F84044C5F84444C5F8484406
:10DCF000C5F84C44C5F86044C5F86444C5F86844A8
:10DD0000C5F86C4400F0F8FAC5F8C044204600F0AD
:10DD1000FBFAC5F81048C6E9007B86F83490C6F8CF
:10DD200038A0B8F1000F0AD00AF102020123D20094
:10DD3000414606F1A00086F89C3006F01BFA102040
:10DD400000F0CCFAFFF714FF40B9022F08D0072FDC
:10DD500004D01FB10E48FFF70BF80620BDE8F88F7E
:10DD60000B9A0A4B1268C3F860240B9A5268C3F8E6
:10DD700064240B9A9268C3F868240B9AD268C3F89B
:10DD80006C24BDE8F88F00BFC43F002000B00250F3
:10DD9000FC58050010B51349C022044606F0EAF904
:10DDA000114B1249D3F84024A260D3F84424E26016
:10DDB000D3F848242261D3F84C246261D3F860245C
:10DDC000A261D3F86424E261D3F868242262D3F814
:10DDD0006C34636204F13C006022BDE8104006F040
:10DDE000C9B900BFC43F002000B00250D440002099
:10DDF00000F07ABA70B51B4C2368072B17D0A36AC2
:10DE000006460D46B3B1012000F07EFAA36A2B440A
:10DE10000F2BA3621CD9012301222946304600F0B2
:10DE2000BFF9034620B9104B1B6C102B16D00023F2
:10DE3000184670BDE36A002BE5D0012000F032FAED
:10DE40002368072BDFD1A36A2B440F2BA362E2D8F0
:10DE50002368012B94BF00230123DDE700F022FAA1
:10DE6000E5E700BFC43F0020D44000202DE9F04189
:10DE7000554CDFF86081554A84B0A36AD8F8405009
:10DE8000C2F8BC5400AF06460D46B3B32368072B57
:10DE90007ED1002000F006FA4C4B0022C3F8BC24CF
:10DEA00015B1D8F858302B602368072B2FD00026E7
:10DEB0000024464D4448C022214606F082F9C5F8A8
:10DEC0004044C5F84444C5F84844C5F84C44C5F836
:10DED0006044C5F86444C5F86844C5F86C4400F073
:10DEE0000BFA2046C5F8C04400F00EFA3046103751
:10DEF000C5F81048BD46BDE8F081E36A002BCBD0E1
:10DF00002368072B57D0012000F0CCF9C4E7E36A5F
:10DF10001BB92E4B0122C3F824252C4B256BD3F8BB
:10DF200040243A60D3F844247A600335D3F8482477
:10DF30006168BA60AD08EA1DD3F84C04F86022F0BD
:10DF4000070301296C46ADEB030D2CD12946684629
:10DF5000FFF704FE65B3691E0DF1FF30694400222E
:10DF600010F8013F07F1100505EB830556F8233043
:10DF700055F8105C6B40134314BF01220022884205
:10DF8000EED1ABB11248FEF7F3FE1226A5468FE79D
:10DF9000012000F0B9F92368002B7FF47AAF01204B
:10DFA00000F080F978E72A4639463046FFF708FC4A
:10DFB0000026A5467CE7012000F0A6F92368072B80
:10DFC0003FF467AF9FE700BFC43F002000B002509E
:10DFD000FC580500D4400020F0B56E4B6E4A012479
:10DFE000C3F8204892F85C5092F84870A5428646E3
:10DFF0003CD04FF4FE64C3F8044AD3F8084A44F412
:10E000007F64C3F8084A002F3BD1002D61D1634BD8
:10E010001C7C14B11C68844261D993F824401CB163
:10E020005C69844240F2818093F838401CB19C6A5C
:10E03000844240F2918093F84C401CB1DC6B8442E6
:10E0400040F29180534BC3F828ECC3F82C1C002FEE
:10E0500043D080214F4AD2F8003A31EA0303FAD183
:10E060000023C2F8081AC2F82038F0BD4FF47664D5
:10E07000C3F8044AD3F8084A44F47F64C3F8084A52
:10E080003FB3464BD46C1F7C17B11F68BC4237D2DC
:10E0900093F8247017B15F69BC424DD293F8387081
:10E0A00017B19F6ABC424FD293F84C7017B1DF6B27
:10E0B000BC4260D227460C44D464946D0C449465F1
:10E0C000344CC4F8287DC4F82C1D002D5CD10127E8
:10E0D0009EE7C3F8300CC3F8341C4021BAE75D68F2
:10E0E0002544854299D9002505EB850503EB850379
:10E0F000556D9A68DE68121B104405FB060EA1E7F9
:10E100005E6807EB060C6445C2D24FF0000C0CEBC6
:10E110008C0C03EB8C0CDCF80860DCF80CC0F71BF3
:10E12000566D274406FB0C77C5E79D69254485425B
:10E130007FF67AAF0125D7E79E6907EB060C6445A9
:10E14000ACD24FF0010CE2E7DE6A07EB060C644547
:10E15000AAD24FF0020CDAE7DD6A254485427FF649
:10E160006AAF0225C0E71D6C2544854288BF0325A0
:10E170007FF668AFB8E71E6C07EB060C644538BF46
:10E180004FF0030C96D2C2E7C4F8300CC4F8341C2C
:10E190005FE700BF00B00250D44000208440002060
:10E1A000B0F1005F55D32DE9F84314464218B2F19F
:10E1B000804F05460F4669D8DFF8E090D9E9101284
:10E1C00074B3002B4ED0D9F85030BB4261D3DB1B67
:10E1D000C9F85030002947D1FFB1D9F8401089F86B
:10E1E0004840C1BBD9F844307E1EB6FBF3F603FBB2
:10E1F00006F646B1B6F5803F28461CD23146FFF7F9
:10E20000EBFEBF1B354425483A46294605F0B2FFD0
:10E21000D9F840303B44C9F840300020BDE8F883CD
:10E220000029D9D099F84830F3B14846FFF7D4FE19
:10E23000C9F84040D0E7D9F84440C4F58038414699
:10E24000FFF7CAFEA4F58033F6181F444544D1D128
:10E25000D9E70A2070471148FFF7BEFE0023C9F82E
:10E260004030BFE70029B7D0521ABA4209EB01008B
:10E270002946164628BF3E4605F07CFFD9F84030B7
:10E2800033443544BF1BC9F84030A5E70A20BDE838
:10E29000F8830348FEF76CFD1320BFE7D44000204D
:10E2A000FC58050010B50C4C216C29B128B90A485E
:10E2B000FFF792FE0023236410BDC1F140026018F5
:10E2C000002105F07EFF616C03482164FFF784FEA6
:10E2D00000232364F0E700BFD4400020014B5864C2
:10E2E000704700BFD4400020024BC3E91301002057
:10E2F000704700BFD440002002486022002105F092
:10E3000060BF00BFD4400020074AD2F81039002B6C
:10E31000FBD1064B0449C2F800091870D1F8103936
:10E32000002BFBD1704700BF00B00250FC42002020
:10E3300010B44FF08053D3F8102C013222D0D3F810
:10E34000102CFAB9D3F8142C013231D0D3F8142C94
:10E3500072BBD3F8182C013238D0D3F8182CAABBD2
:10E36000D3F81C2C013203D0D3F81C3C002B3FD037
:10E370004FF08053D3F81C2C013235D0D3F81C4C0D
:10E38000032108E04FF08053D3F8102C01320BD05A
:10E39000D3F8104C00210023C0E90134012202709F
:10E3A00001735DF8044B7047002141F25C24F2E7F1
:10E3B0004FF08053D3F8142C013203D0D3F8144C0F
:10E3C0000121E8E7012141F66414E4E74FF08053AE
:10E3D000D3F8182C013203D0D3F8184C0221DAE715
:10E3E000022140F6D864D6E7032141F28834D2E70F
:10E3F00002485DF8044BFEF7BBBC00BFFC580500AB
:10E4000038B5037853B3184B90F80CC00124D0E909
:10E410000152C3F8C441C3F84041C3F8C441C3F832
:10E420003021D3F830118A42F7D100203F22C3F8BF
:10E430002C01C3F8082A1E22C3F800210422C3F8C5
:10E44000040AC3F80C21D3F80C214CEA0202C3F8E9
:10E450000C21C3F83851C3F82C4138BD0348FEF7EE
:10E4600087FC0C2038BD00BF00B00250FC580500EE
:10E47000034B0020C3F82C01C3F8C401704700BF50
:10E4800000B002502DE9F84F4FF0000C4C4B86467F
:10E490000E46644601204FF0FF354FF03F094FF024
:10E4A0001E080427D3F8042112F00E0F55D0D3F81C
:10E4B0000C21D3F83011C3F82C4102F00302032AD7
:10E4C000C3F8BC01C3F808516BD0013242F0040A12
:10E4D000D2B2C3F80CA1C3F830118EF80C20CEF8DC
:10E4E0000810D3F80C11D3F83021D3F838A1C3F8B1
:10E4F000C40101F0030BC3F84001C3F8C401C3F821
:10E500003021D3F830118A42F7D1C3F82C41C3F837
:10E51000089AC3F80081C3F8044AC3F80C71D3F811
:10E520000C214BEA0202C3F80C21C3F838A1C3F84E
:10E530002C01D3F80421D1070CF1010C11D4BCF14A
:10E54000640FAFD11E4B1F480022C3F82C21C3F823
:10E55000C421FEF70DFC102021E0D3F80421D207DE
:10E56000A0D5BCF1640FEDD0154B4FF0FF32012167
:10E57000C3F8BC11C3F80821D3F814213260D3F8D2
:10E5800018217260D3F81C21B260D3F82021F26008
:10E59000D3F824213261D3F8283173610020BDE81B
:10E5A000F88F4A1C9DD0491844EB04028D4274EB4D
:10E5B000020238BF4FF0FF3100224FF0040A88E713
:10E5C00000B00250FC5805000A234360704700BFAA
:10E5D000C368032B05D0022B15D80133C36001207B
:10E5E000704783685A1C10D0DB184FF0000242EBD2
:10E5F000020191424FF0FF3C0CBF19466146C0E951
:10E600000212012070478368EEE70020704700BFC8
:10E6100029B9044B002814BF18460020704702484F
:10E62000704700BF0100F7000300F700034B002014
:10E630000122C3F8380AC3F87824704700B00250AA
:10E640000CB430B58BB004460D462022002102A840
:10E6500005F0B7FD02238DF80A30002D0C4B039313
:10E66000069412DB01D06B1E1C440FAA0E9907946E
:10E6700002A8019200F09EF815B1069B00221A70C4
:10E680000BB0BDE8304002B070470024EDE700BF9A
:10E69000674505002DE9F0410126B24201DCBDE8E5
:10E6A000F08107463B461F4613F8014B002CF6D07D
:10E6B000252CF8D11D78252D07F10207F2D0002373
:10E6C000DFF8EC809C461C461F2C27D8A5F1200EB5
:10E6D000BEF1100F06D828FA0EFE1EF0010F53D11E
:10E6E0002E2D3CD02E2D27D8242D33D02A2D36D0B8
:10E6F000BCF1000FD3D0B445D4D145F02007A7F129
:10E70000650CBCF1020F0B6801D9612F42D10733B0
:10E7100023F0070308330B600136BEE77F2CDFD9F7
:10E720006C2D23D01DD8682D27D06A2D01D04C2DFB
:10E73000DED144F4207408E0A5F1300EBEF1090FDB
:10E74000EED80A2404FB03E3202417F8015B002D14
:10E75000BAD1CDE7BCF1000F18D0B34218D00023D6
:10E76000F3E7742DF1D07A2DEFD0C1E7250648BF2D
:10E7700044F4007444F08004E7E7E50548BF44F43E
:10E78000007444F48074E0E70024DEE79C46E6E78A
:10E790006325B2E7692D02D007D8632D03D0250683
:10E7A00001D5A405B3D40433B5E7732DF6E700BF54
:10E7B000892801002DE9F04F8378D0F8049093B0B8
:10E7C0009C07CDE90812804615D50B920B46002513
:10E7D000187890B1252814D0013306934146C847D4
:10E7E000002805F1010580F2FC8398F8023043F01F
:10E7F000040388F802304FF0FF35284613B0BDE817
:10E80000F08F93F801A09A1CBAF1250F0692E5D07B
:10E810004FF0000B5E465F465C461F2C23D8AAF1E2
:10E820002003102B22D8DFE803F01521211B212122
:10E83000210B2121211321182121090044F0010479
:10E84000069B13F801AB0693BAF1000FE5D11BE06C
:10E8500044F0020444F00404F2E744F00804EFE753
:10E8600044F01004ECE77F2C00F2F880BAF12E0F90
:10E8700000F0D58000F2AE80BAF1240F00F0D58010
:10E88000BAF12A0F00F0B680BBF1000F06D0099B49
:10E8900008980B935A460BA9FFF7FCFE002E4AF08E
:10E8A0002003B8BF24F040040493A3F16503BCBF68
:10E8B000A4B20026022B04D94AF02003612B40F0B9
:10E8C00090826FEA0A0A0AF0200307930B9B073332
:10E8D00023F0070303F108020B92049A612AD3E99B
:10E8E00000AB04F0400340F0E680002B08BF4FF07F
:10E8F000FF36079B0093504633460CAA594605F055
:10E90000ACFD0130C3B2B3420393A8BF03F1FF369D
:10E910004FF0010C7023CDE9043CDDF830A044F445
:10E92000C0540AF10903122B0DD90AF16303C62B57
:10E9300040F2F4800AF2E73340F2CE7293428CBF89
:10E940000423032305939DF83430D80700F1E880B1
:10E95000A20700F1E880C4F3800B4FEA4B1B5FFA7B
:10E960008BFB13F00C0F00F0EA80BBF1000F0CBF23
:10E9700003230423BB420EDA2007A7EB03070BD4C3
:10E980002F4441462020C847002805F10105FFF625
:10E990002CAFBD42F5D10027BBF1000F07D0414697
:10E9A0005846C847002805F10105FFF61EAF9DF83F
:10E9B0003430AF4C13F0080FAE4B08BF1C46264650
:10E9C000324616F8010B002840F0B0802C1B02EBF9
:10E9D000040B7DE1AAF13003092B3FD814F0400F5E
:10E9E0004FF00A0212BF02FB063602FB073744F063
:10E9F000200425E7BBF1000F7FF422AF0B9A6006DD
:10EA000052F8043B0B9201D51E4619E7002BA7BF15
:10EA100044F020041F465F4244F0280410E76306D8
:10EA20003FF5EBAE44F040040AE7BBF1000F3DD0E8
:10EA300014F0400A099B08980B930CBF3A463246E3
:10EA40000BA9FFF727FE0B9B53F8042B0B93BAF18E
:10EA5000000F01D01646F3E61746F1E6BAF16C0F47
:10EA600016D00CD8BAF1680F19D0BAF16A0F03D0DA
:10EA7000BAF14C0F7FF408AF44F42074E0E6BAF129
:10EA8000740F3FF4DDAEBAF17A0F3FF4D9AEFBE676
:10EA9000200648BF44F4007444F08004D0E6E30547
:10EAA00048BF44F4007444F48074C9E65E463446BA
:10EAB000BB463746C4E6002B049B08BF0626652BE1
:10EAC0000ED1721CD2B244F480541346112A4FF076
:10EAD00065014FF0000228BF11239446049107E01E
:10EAE000049B662B12D144F40054B4460122112336
:10EAF000CDE9002C50460CAA594600F01DFBC3B2CC
:10EB000003930223DDF830A005930AE716F0FF0215
:10EB1000DBD16523049394460123E9E7022311E73F
:10EB20004FF02D0B1DE74FF02B0B1AE7079BC01A78
:10EB30004146C0B2C8470028BFF642AF55E614F4BC
:10EB4000405F40F09980039B4833002E6B4408BF20
:10EB50000126133B039A1AB113F8012D302A79D0FC
:10EB600014F0100F039B18BF33461AF1040F76DB25
:10EB7000B24574DA534544F4005440F380800AF1FE
:10EB800001069E1B2AEAEA730133BBF1000F00D095
:10EB90000133002E75D0721C13449F42CCBFFF1A64
:10EBA000002714F0090F03D12F44BD426DD1002777
:10EBB000BBF1000F07D041465846C847002805F171
:10EBC0000105FFF612AE230511D541463020C84796
:10EBD0000028FFF60AAE079BC3F17800414600F01B
:10EBE000F800C847002805F10205FFF6FEAD200732
:10EBF00004D4AB467D195D454FD10027A1046AD5E9
:10EC00002AEAEA73AAEB030A7642039A524584BFC2
:10EC10000CAA524403F1FF338CBF507930209E423E
:10EC200005F1010B41DC41460493C8470028049BD1
:10EC30000AF1010AFFF6D9AD5A1C09D141462E202E
:10EC40000493C8470028FFF6D0AD049B05F1020BE2
:10EC50005D46DAE7039A013AD2B203927AE75E1E82
:10EC600014F4006F059A14BF0523032313448CE7A3
:10EC70005DC50500A0780500A10483D4F0E7002657
:10EC800080E7E20648BF013387E741462020C847B6
:10EC9000002805F1010588DAA7E541463020C8477C
:10ECA00000280BF1010BA6DA9FE541460393C84704
:10ECB0000028FFF69AADE6060AD5039B013307D17B
:10ECC00005F1020B41462E20C8470028FFF68DAD06
:10ECD0005D465F4418E29DF835004146C84700286C
:10ECE000FFF683AD002E61DD41462E20C847002887
:10ECF000FFF67BAD01240CAB039AA242CABFE21817
:10ED0000302050794146C8470028A346FFF66DAD34
:10ED10000134A6420CABEFDAAC1C5C44049B079AAE
:10ED2000981A4146C0B2C8470028FFF65EADBAF156
:10ED3000000FB4BF2D202B204146B8BFCAF1000AF6
:10ED4000C8470028FFF651AD059B042B3AD14FF47C
:10ED50007A76BAFBF6F505F130004146C0B2C847F5
:10ED6000002804F10304FFF640AD06FB15AA642653
:10ED7000BAFBF6F505F130004146C0B2C84700289D
:10ED800004F10104FFF631AD06FB15AA0A26BAFB11
:10ED9000F6F505F130004146C0B2C847002804F13D
:10EDA0000104FFF622AD06FB15AA13E0E40601D428
:10EDB0006C1CB3E741462E20C847002805F1020429
:10EDC000ACDA12E5059B032B04F10204CFD0059BBE
:10EDD000012BDBD10AF1300004F1010B4146C0B236
:10EDE00072E7AAF16303122B00F2E580DFE813F06B
:10EDF00013005400E300E300E300E3005400E300E9
:10EE0000E300E300E300E300FC00DD00E300E300D7
:10EE10002900E300AB000B9B1A1D1B680B928DF8B9
:10EE2000303001260DF1300A20072CD50AEB060BF5
:10EE300054465C4529D1A5EB0A0A04EB0A0BBF1B1B
:10EE400046E70B9B1A1D0B92D3F800A0A94BBAF111
:10EE5000000F08BF9A4614F0400F14BF31464FF020
:10EE6000FF31504605F0D8F90646DDE7414620203F
:10EE7000C8470028FFF6B9AC013CA642F6D32F44A0
:10EE80003D1B2746D2E73C46F7E714F8010B414605
:10EE9000C8470028CDDAA8E421060B9B32D5A2058D
:10EEA0002BD5073323F00703D3E9000103F1080250
:10EEB0000B9224F0100B00291FFA8BFB32DA404230
:10EEC00061EB41014BF4806B0CAC0A23224605F048
:10EED000AFF91BF0400FA0EB040200F09C802BF078
:10EEE000010396429BB240F39F80BAF1000F40F0BD
:10EEF0009D802BF011039BB21FE01A1D18680B9226
:10EF0000C117D6E71A1DE00519680B9201D408460F
:10EF1000F6E7A2054BBF48B208B241F3C01141F376
:10EF2000C031C6E750EA0103CED16306CCD5002E2E
:10EF3000CAD124F01104A3B23246344640F206414D
:10EF40000B426FD126E024F01004A4B20A2314F07F
:10EF5000800C0B9A4CD014F400711DBF073222F0C4
:10EF6000070202F10801101D19BF0B91D2E900013F
:10EF70000B90106850EA010247D124F0160B62068C
:10EF80001FFA8BFB45D5002E43D124F01704A3B202
:10EF90003246344619075FD4D90704D5A74272DD3B
:10EFA0003C1BA6183C46A34650E044F01004102336
:10EFB0004FF0780ACBE74AF02003782B04D1CAF14E
:10EFC000780343F01003C2E741462520C8470028D4
:10EFD000FFF60BAC41465046C8470028FFF605AC8B
:10EFE0000235069BFFF7F4BB08234FF0000AAEE79B
:10EFF000111D0B9114F480711068BBD014F40071D2
:10F000001ABFC0B2614680B2B4E724F006041FFA0A
:10F0100084FB0CAC5AE714465B46D9068ED5BAF190
:10F02000000F05D10134B5E71446F6E73446F4E79E
:10F030000234AFE741462020CDE90332C84700281B
:10F04000FFF6D3ABDDE903320BF1010B5F45F1DCD9
:10F050002C1B04EB0B055C46D90616D54146302027
:10F060000392C8470028FFF6C0AB039ABAF1000F1D
:10F0700032D0023541465046C8470028039AFFF671
:10F08000B4AB2E441DE016468DE740F206410B421C
:10F09000F7D013F0020F14BF2B20202013F4806F41
:10F0A000039205F10105414618BF2D20E4E74146D2
:10F0B00030200392C8470028039A05F10105FFF6A6
:10F0C00094AB731B9A42F2DB16460DF1300A2EB94F
:10F0D00002EB050B3F1BFBE50135D2E7013E414644
:10F0E0001AF806000392C8470028039AEFDAFFF7E0
:10F0F0007CBB00BF61C5050041462020C8470028F1
:10F1000005F10105FFF671AB7B1B002BF4DC68E712
:10F110001FB502AB0093074A4FF0CC3305F067F9F7
:10F12000DDE90201C00840EA4170C90805B05DF898
:10F1300004FB00BFCDCCCCCC2DE9F04F9BB00F0D24
:10F140000A939DF8903005920C93C1F30A52C1F3D3
:10F150001303C90F044607917AB950EA03017CD121
:10F16000059930234B71079B0A6043F002030B7132
:10F17000012630461BB0BDE8F08F40F2FF718A4295
:10F180000AD10343079B059A14BF43F0080343F0D9
:10F19000040313710026ECE7A2F2354A43F480150C
:10F1A000234301BF27F001077F057F0DB7FA87F7DB
:10F1B00004F001024FEA85080CBF7F090127BAF16C
:10F1C000000F089248EA94784FEA8406C0F2B680AD
:10F1D000504600F0EBF9BAF1030FC8BF01380490B4
:10F1E00000F0F0F9049B7C30A3EB0A0A824416A9D4
:10F1F000184600F07BFA12AB019310AB0093204647
:10F2000053462946029716AA05F039F8049B152B98
:10F2100004460D4600F28E8014ABA94A0093304696
:10F220004FF0CC334146DDE9109A05F0E0F8149B2D
:10F23000159A9B0843EA827303EB8303B34210D110
:10F240004146304600F0C6F9049B83428CBF4FF024
:10F2500000084FF00108002715E0DFF868A21D46FE
:10F260009EE7089B002B55D1013E48F1FF31F01B72
:10F2700061F1000100F0AEF9049BDDF820808342CB
:10F280008CBF002701270C9B002B40F0C880DDF8C5
:10F2900028900026069609964FF00A0BDDE910012A
:10F2A000FFF736FFDDE912A3CDE90D0119465046FF
:10F2B0000F93FFF72DFF0A460D990B9003468B42E3
:10F2C0000E9B72EB03010F9B80F0C4802046294601
:10F2D0000F92FFF71DFF0B9B0F9A13920BFB03F589
:10F2E0000D9B10930E9B11930B9B1293069B002E6C
:10F2F00014BF4FF0000808F0010801330BFB104663
:10F30000554514BF002707F00107F6B206930446DF
:10F310000D46C3E7B01C48F1000100F05BF9049B07
:10F3200083428CBF00200120B9EB00006AF100028B
:10F33000CDE910024FF000084746A4E7CAF1000BE0
:10F34000584600F039F9BAF1FF3F0CBF8146A0F1F1
:10F350000109ABEB090B0AEB09035846049300F0D3
:10F3600031F916A9A0F17D0A584600F04BF912AB0D
:10F370000193A9EB0A0A10AB009320462946029795
:10F38000534616AA04F07BFFB9F1010F04460D465F
:10F390000ED8089B13B94FF0010874E7109B119A1F
:10F3A000013B42F1FF32CDE910324FF0010852E744
:10F3B000B9F13E0FBED84FF0FF33A9F1200003FA98
:10F3C00009F203FA00F0C9F1200123FA01F1024326
:10F3D0000A4303FA09F328EA020826EA030656EA72
:10F3E00008060CBF4FF001084FF0000833E700FBA0
:10F3F00002F6A1FB0012013332448C4275EB020687
:10F40000F5D2049A1344259A1344D20F9342B8BFFD
:10F4100013460A9A9A42A8BF1A46914639E70A212A
:10F42000002201230846E8E70BFB01FEA0FB0B01CD
:10F430000CF1010C7144844275EB010EF4D2CC4501
:10F440000DDDB9F1000F02D154EA050107D0012307
:10F4500009933BE70A2000214FF0010CEBE7002F56
:10F4600032D04FF00A0B50461946FFF751FE0BFB06
:10F4700000F252450B910E9026D1DDE91001FFF705
:10F4800047FE8A460D9029462046FFF741FE0D9A19
:10F490000E9B1293CDE9102A0B9A1392069A002E16
:10F4A00014BF4FF0000808F0010801320BFB1046B2
:10F4B0009A46F6B20B9B069204460D46D3E700BF70
:10F4C000CDCCCCCCCCFBFFFFB8F1000F05D0052E86
:10F4D00003D104F001060436F6B2049B069A1344E5
:10F4E0009846099B53B9DDE912239D4208BF944217
:10F4F00004D1089B002B46D1002F44D0042E94BF8A
:10F500000026012630194FF00A0245F100010023C0
:10F5100001271446904271EB030536D2EEB1B9458E
:10F520001BDA0C9B6BB1259A08EB07031344012BE4
:10F530000A9AB8BF01239A42A8BF1A469742914639
:10F540000BDD05304FF00A024FF0000341F10001DE
:10F55000E1F768FA08F10108013F4F45A8BF4F469F
:10F560003EB20FFA88F8059B08FA87F706F10508FE
:10F57000013F98444FF00009B1450DDB059B079A08
:10F580001F601A71F5E50126BCE704FB03F5A2FB39
:10F59000042301372B44BDE70A220023E1F742FA96
:10F5A000303208F8012D09F10109E5E7014B584314
:10F5B000800C704741340100014B5843000D7047E7
:10F5C000FB2E0B00024B5843C00C0130704700BFAC
:10F5D0004F9312000A4A70B503464FF0CC36002014
:10F5E0004FF0333506FB03F402FB0144A3FB023169
:10F5F00021449D4275EB010401D30130F2E770BD57
:10F60000CDCCCCCC2DE9F04F1A23354EB0FBF3FA1C
:10F6100003FB1A0389B004460D4606EB0A1653B9DC
:10F62000D6E90023C1E90023D6E90201C5E90201B8
:10F6300009B0BDE8F08F2B4A02EBC303D3E9008980
:10F6400004AB0093D6E902234046494604F0CFFEBE
:10F6500006AB0093D6E9002383460F464046494651
:10F6600004F0C5FEDDE9066216EB0B0652EB070857
:10F670004FF0000328BF0123814633B1049B059A54
:10F68000013342F10002CDE9043220460391FFF735
:10F6900099FF07461A2000FB0AF0FFF793FF3F1A75
:10F6A0003246434603990097484604F0B7FE4FEAB6
:10F6B000141C0D4A640004F01E0352F82C40DC4078
:10F6C00004F00304241841F10001C5E90041DDE91B
:10F6D000042300973046414604F0A0FEA6E700BF91
:10F6E000B84F0500E84E0500505905002DE9F04FD0
:10F6F0001A27DFF8ECA000F11905B5FBF7F56F4309
:10F700003A1A4FEA051B89B004460E460AEB051566
:10F710000AD1D5E90023C1E90023D5E90201C6E9F0
:10F72000020109B0BDE8F08F2B4B03EBC203D3E914
:10F73000008904AB0093D5E902234046494604F012
:10F7400056FE5AF80B206B68013ACDE9020106A972
:10F7500063F1000300914046494604F048FEDDE9AC
:10F7600006528A4602996D18039952EB01084FF030
:10F77000000328BF0123814633B1049B059A01335E
:10F7800042F10002CDE904323846FFF71BFF07467D
:10F790002046FFF717FF3F1A2A4643460097484680
:10F7A000514604F03BFE4FEA141C0C4A640004F07E
:10F7B0001E0352F82C40DC4004F0030401342418EA
:10F7C00041F10001C6E90041DDE904230097284624
:10F7D000414604F023FEA2E7E84E0500A4590500C7
:10F7E00088500500704700F005BC10B50246014482
:10F7F00000208A4200D110BD12F8013B0824584075
:10F8000040F3000323F0730383EA5003D8B2631E6E
:10F8100013F0FF04F4D1ECE710B5044648B101231E
:10F8200003704370052303724D21FFF7DEFF84F858
:10F830004D0010BD18B11C22002104F0C2BC70475D
:10F84000D0B10378C3B1B9B190ED017AD1ED037AAB
:10F8500077EEC77AC1ED037A90ED027AD1ED047AA2
:10F8600077EEC77AC1ED047A90ED037AD1ED057A8F
:10F8700077EEC77AC1ED057A704718B1542200219E
:10F8800004F09FBC704710B1002303710360704700
:10F8900000F0B0BBE6F74ABA00EBC1004088400870
:10F8A000704708B5FFF7F8FF084408BD08B50346E0
:10F8B000FFF7F2FFB0FA80F2C2F11F021846BDE86E
:10F8C0000840E6F785BB2DE9F843B1FA81F3C3F1AF
:10F8D0001F0800EB88090546D9F810600A46A6B94A
:10F8E000C3F120034FF0FF349C40EB681C401CD058
:10F8F00094FAA4F6B6FA86F6331D284655F8234046
:10F900002146E6F73BFB32460BE03446032721460F
:10F910002846FFF7C1FF82420AD82846E6F72EFBA9
:10F92000424621462846E6F753FB2046BDE8F883C9
:10F9300005EBC404013FE488C9F81040D0D0B442BC
:10F94000E5D1CDE738B50446FFF7A6FF0D460346DF
:10F9500011462046FFF7A0FF1A1892B204EBC50526
:10F9600053006B802046FFF79CFF24F8302038BD01
:10F9700070B50546FFF790FF0B46511A89B205EBAB
:10F98000C3049B1A03444E0066809CB205EBC2037D
:10F990006000588025F8321028461146FFF781FF95
:10F9A00025F8304070BD70B509B9002070BD0568FC
:10F9B00001F007030B33CC0804EBD304AB689C4283
:10F9C00028BF1C4621462846FFF77DFF0646002833
:10F9D000EBD001462846FFF75FFFA04207D9321956
:10F9E0002846FFF7C5FF11462846E6F77FFA05EBE4
:10F9F000C6021046538843F0010353800430D5E714
:10FA00001146FFF7D0BF2DE9F04706460D461746D1
:10FA100098462BB398F8004093F80190DB78A40047
:10FA200004EB430498F802301C4444444FF0000AAD
:10FA3000CA4509D3D8F8042008F1080339463046EE
:10FA4000AC46BDE8F047604714F8013B48F8234056
:10FA50002046E4F72EF8013004440AF1010AE7E7F2
:10FA60006FF01500BDE8F08730B502460024002095
:10FA700012F8013B43B178B18C4207D1702B04D00E
:10FA8000A3F140053A2D07D8002030BDA3F1400571
:10FA90003A2D01D80134EAE7252B08BF80F0010098
:10FAA000E6E70020704700F022BA0FB407B504A9BA
:10FAB00051F8040B019100F01AFA03B05DF804EB61
:10FAC00004B07047002383F31188BFF36F8F0423C2
:10FAD000184602DF70470FB407B504A951F8040BAC
:10FAE0000191FFF7E0FF03B05DF804EB04B070474D
:10FAF00010B50369024613F0080009D11368D468F1
:10FB00009C4297BF526AE31AD31A01200B6010BDC2
:10FB100000231846FAE713B501A90446FFF7E8FFEA
:10FB200020B1019BE268013B13440193606A019B91
:10FB3000C01A013802B010BD10B504465018226931
:10FB4000636AD20702D5013B184010BD984228BF16
:10FB5000C01AFAE710B504460A46C168FFF7ECFF81
:10FB60002369E06023F00803236110BD38B50D461A
:10FB7000026A8B00016843F0020342F82130044618
:10FB800001682A46FFF7D8FFE36861682060984261
:10FB900002BF236943F0080323612A462046FFF78A
:10FBA000CBFF606038BD2DE9F74FD0F80CB0066A86
:10FBB000009216F82B2002F00302022A08BF56F822
:10FBC0002B209A4606EB8B030F4601934FF0000162
:10FBD000009B0CBFC2F39D09894619600446CAF810
:10FBE0000010B9F1000F07D04946FFF7B3FFE368F3
:10FBF000A3604FF0010804E001698A0705D44FF0C3
:10FC00000008404603B0BDE8F08FC16906EB8B00E9
:10FC1000884716F82B1011F001080546EFD08B0726
:10FC20001DD51FB139462046FFF7A0FF61682A465F
:10FC30002046FFF781FFD4E902138B42606007D1B1
:10FC40002A462046FFF778FF4FF000080146A060E3
:10FC50002369216043F00803E1602361D1E7014695
:10FC60002046FFF777FFE168A1601FB12068216A95
:10FC700041F82090EA19CAF8002021682046FFF7D1
:10FC80005BFF2269206042F00802226116F82B20F7
:10FC900022F0010206F82B20DDE900321A60A8E705
:10FCA00070B504461546FFF747FF2368834205D128
:10FCB0002369216023F00803236170BD226AAB0031
:10FCC00043F0020342F82130204661682A46FFF7DC
:10FCD00033FF6060F1E738B503695B07044606D57A
:10FCE000856AFFF718FF85422CBFA562A06238BD68
:10FCF00008B5EFF31183402383F31288BFF36F8FAE
:10FD0000EFF3108372B600F0F1FA036800220BB92A
:10FD1000184670478B4210D10B6842B942680360A5
:10FD2000914200D1436000230B60012070471360B3
:10FD30004368994208BF4260F5E71A461B68E6E748
:10FD4000838B13F0070306D10368002B18BF032031
:10FD500008BF00207047022B05D1C08BB0FA80F09D
:10FD6000400980007047012B04D10368002B18BFA5
:10FD70000520EDE70020704710B50C4600B111B921
:10FD80006FF0150010BD081D00F02FF80028F9D104
:10FD9000A368032BF6D9F3E72DE9F0410D4607469A
:10FDA0001946281D90461E46E7F764FD044638B103
:10FDB0003346424629463846A446BDE8F0416047EE
:10FDC000BDE8F08138B50C46054658B151B10B6815
:10FDD00043B14B6833B12022002104F0F2F92C61C9
:10FDE000002038BD6FF01500FBE7034658B14268AC
:10FDF00002F00302012A03D0032A04D1026812B1DF
:10FE00000020986070476FF01500704770B50C883F
:10FE100006468888241A3069A4B2844285B224BF79
:10FE2000641BA4B22D1BA8B2984228BF18463368A1
:10FE3000234413600B8803440B8070BD70B4838926
:10FE400085880669ED1AADB2731B934228BF13462D
:10FE500070BC0A46011DFFF7D9BF70B40E460146BB
:10FE6000C58831F80A3FEC1AA3B2934228BF134663
:10FE7000324670BCFFF7CABF10B54B880C88E41A35
:10FE8000A4B294420ED31A4492B28B884A800A805C
:10FE90000069D21A92B2824201D2002010BD0344FE
:10FEA0008B80FAE76FF01500F8E7704703785B077F
:10FEB0005FBF03684288C3F34A2303EB12105DBFA0
:10FEC000173020F00700800800207047002070479E
:10FED00003F08CBB0346BFF35B8F53E8000F421C5B
:10FEE00043E800210029F8D1BFF35B8F70471FB5AD
:10FEF0000023CDE90201CDE900331A461946184620
:10FF0000E8F79CF905B05DF804FB0120E7F75ABE5D
:10FF1000002070474368DA71436819604368012222
:10FF20005A71E7F741BE70B515460C4669B1D2E982
:10FF300001369B1B99420AD813680A460146981954
:10FF400004F018F9AB682344AB60204670BD6FF035
:10FF50001B00FBE770B50E4615461946044618B956
:10FF6000BDE87040E7F72EBE33B1C2F34A2310302C
:10FF7000120D184404F0FEF8C4E900562046BDE80E
:10FF80007040E8F7A7B82DE9F3415F1C4FEA8708F6
:10FF9000064608F1170020F0070080080C461546B9
:10FFA000E7F7C4FE0023ADF805308DF807308DF873
:10FFB000047068B10346019A43F8102FA8F10401B8
:10FFC0002A46294452F8045B43F8045F8A42F9D177
:10FFD000A20102F4E07242EA482222F07F4222F4B7
:10FFE0007002002322F03F02314602B0BDE8F0412A
:10FFF000FFF7B0BF07B50123019201AAFFF7C3FFC6
:020000025000AC
:1000000003B05DF804FB07B5CDE9002302236A467F
:10001000FFF7B9FF03B05DF804FB1FB5CDE901237D
:10002000069B039301AA0323FFF7ADFF05B05DF81C
:1000300004FBF8B506460D4614461F4604B9F8BD44
:10004000214628463A46B047241A0544F6E710B53B
:10005000426881680446D2E900230068FFF7E9FF9F
:10006000636800221A6010BD0A2838B504460D46A0
:1000700002D10D20E8F780F929462046E8F77CF9FF
:10008000002038BD2DE9F043054689B008460E88AA
:1000900091F80090D1F808800C461746E8F740F92F
:1000A000011EC6F38216C9F3C2091FDB4846E8F7F2
:1000B00023F803462146608851F8102B0296C2F3BC
:1000C0004A22002A01EB0204C0F30B1008BF0021F2
:1000D0000022CDE90507CDE90314CDE90022414610
:1000E0002846E8F779F909B0BDE8F0830023E1E795
:1000F00043681B685B680020196170472DE9F04177
:1001000043681B685A68012111751D68D5E90136DD
:10011000D3E900482F681CB96B681C60BDE8F0810A
:10012000214630464246B847241A0644F3E743685E
:100130001B681868E8F7A6BA70B543681D686B6855
:1001400018690C46E7F71AFD214603460F22286876
:10015000BDE870401847F0B587B01F4604460D460D
:10016000164601F0D5FA022302930DF1160301930E
:10017000BDF83030ADF81600009332463B462946B4
:10018000204602F0FBF807B0F0BD2DE9FF411F4605
:100190000D4616460446ECF749FB8046E3F789FC1A
:1001A000BDF82830009380B2CDE901803B4632464D
:1001B0002946204602F0E2F804B0BDE8F081FEE7EF
:1001C00003F0FFBF03F0D6BF01460068E8F750BC5C
:1001D00008B5E8F7DDFCBDE80840E9F755B90A467F
:1001E0000121FFF707BF00210120E8F741BCE9F733
:1001F000F5B861B662B680F31188BFF36F8F7047B0
:1002000072B6002383F31188BFF36F8FBFF34F8F54
:1002100030BF62B6BFF36F8F704772B6002383F3AF
:100220001188BFF36F8FBFF34F8F20BF80F311880A
:10023000BFF36F8F62B67047202809D9B0F1004F25
:1002400008D80138B0FA80F0C0F11F0040007047B4
:10025000082070473E20704708B5D1E9043198471F
:10026000002008BD08B5E9F7DDFB002008BD704798
:10027000416A8968E9F75ABC03680B6043684B60C0
:1002800083688B60704738B50D4614461146E9F710
:1002900011FF22462946BDE8384003F06BBF10B578
:1002A0000C460121E9F706FF047010BD10B50C469D
:1002B0000221E9F7FFFE0470240A447010BD10B556
:1002C0000C460121E9F730FF047010BD10B503683A
:1002D0001C780121E9F748FF204610BD10B50368DE
:1002E0001C880221E9F740FF204610BD08B5002216
:1002F0004FF480214FF00050F5F7B2FF4FF08043EC
:100300000122C3F80025BFF34F8F20BFFDE74FF058
:10031000FF324FF0FF330430F9F726B9F9F7ECB9A3
:1003200090F87000C0F341107047F8B504461E46BF
:100330000D461746FFF7EBFF94F870309B0713D478
:100340001DB1012D0ED0E9F789FF616F79B19DF8DC
:1003500018300F714E718B710025201DFFF7DEFFE5
:100360002846F8BDA16FF1E76FF07705F5E76FF06C
:100370001505F2E790F87000C0F38000704738B5BB
:100380000446FBF71FF92046FFF7C1FFA06940B9FB
:100390006FF01205201DFFF7C1FFFBF785F9284616
:1003A00038BD94F87030DB0716D403F0D9FC002870
:1003B000EED02046EAF772FE05460028EAD1014653
:1003C000242204F12C0003F0FCFE94F8703043F07A
:1003D000010384F87030DDE76FF07705DAE770B578
:1003E0000446FBF7EFF82046FFF791FF94F87030D2
:1003F000DA0731D5C3F340019B0730D4A06902F07E
:100400005DFB0646A06902F0C8FB0546B0B9E36F84
:100410004BB13146204600F08DF90546A8B1A069E0
:1004200002F0E7FB0AE0A06902F05FFBE06700284A
:10043000EFD1A06902F0DDFB6FF00B05201DFFF787
:100440006DFFFBF731F9284670BD94F8703043F02A
:10045000020384F87030F1E74FF0FF35EEE76FF0FC
:100460007705EBE70246034652F8680F90420BD13E
:1004700000207047027A8A42FBD0DA6E8242F7D0BF
:1004800000680028F6D170470028F3D1704738B5CE
:1004900004460D46FFF73BFF94F87030DB0718D495
:1004A0002B690BB9EB68BBB1A36E1BB904F16803F0
:1004B000C4E91A332B6893B9E26E04F16801C5E907
:1004C00000121560E5661D46201DFFF727FF284630
:1004D00038BD4FF0FF35F7E76FF01505F4E76FF023
:1004E0007705F1E710B50446034654F8500FA042D3
:1004F0000DD100200DE0447D8C4204D1032909D1A7
:10050000047A944205D05C6D8442F2D000680028E1
:10051000F1D110BD0F29F5E72DE9F04105460C4654
:10052000061D4FF0FF324FF0FF333046F9F71CF84D
:100530006F6F002F6DD095F87030DB0769D42B6D8D
:100540001BB905F15003C5E914332368002B63D1AF
:10055000637D0F2B09D1237A012B0CD06B6D05F134
:100560005002C4E900231C606C65637D032B0FD02F
:100570004FF0000806E0E1682846FFF788FF804654
:100580000028EBD03046F9F7B7F84046BDE8F081D7
:100590002A6D05F1500090421ED1002329E091F808
:1005A00015C0BCF1030F10D0013323724B68C4E9AE
:1005B00000131C604C60637A022B24D0032B25D0DF
:1005C000012BD5D1237ABB73D2E791F808C00CF187
:1005D000FF3C6345E8D11268002ADED0517D6B6D87
:1005E00003290DD19A42137A02D011680029D6D17D
:1005F000013323726B6DC4E900031C606C65DAE79C
:100600009342E8D1C9E7237AFB73B1E7237A3B74BD
:10061000AEE74FF0FF38B5E76FF07708B2E7034673
:10062000006800B1187A70478388C2888168D21A3E
:1006300003685B1AD01A70470346C08808B118785F
:10064000C009704770B50C46154600F0E3FA40B19A
:10065000406883681B6823B12A462146BDE8704084
:10066000184770BD38B580210446806902F060FAF1
:10067000054650B101462046EAF78AFD044610B10E
:100680002846E9F7F5FB204638BD6FF00B04FAE782
:1006900038B50446C06FE9F72DFC0546E9F72EFA98
:1006A00020462946EAF774FD044610B12846E9F7CA
:1006B000DFFB204638BDF8B50446866803690D4661
:1006C0001746BFF35B8FD3F8A030BFF35B8F9B0758
:1006D0000ED5B36A7BB1F36B9847B36A29463A46A5
:1006E00020469847336C0546204698472846F8BD73
:1006F0004FF0FF35FAE76FF08505F7E770B5044670
:10070000866803690D46BFF35B8FD3F8A030BFF353
:100710005B8F9B070BD5F36B9847736A294620467E
:100720009847336C054620469847284670BD4FF0E1
:10073000FF35FAE710B5044619B9002084F83400F3
:1007400010BDFFF7A5FF0028F7D0F9E738B590F8FE
:100750003430022B0D4604D100F060F908B1C468B2
:1007600004B938BD2B78032B05D0052B0ED0022BF6
:1007700008D02468F4E7606883685B69002BF8D0D0
:100780009847F6E7606883689B69F7E76068836865
:10079000DB69F3E7012270B515460B685BB302F025
:1007A0007F04103423FA04F6F60710D5036823FA01
:1007B00004F6F60702D46FF0150070BD05FA04F4D4
:1007C00023EA040303600B6823EA04030B60D340AD
:1007D000DE070DD5036823FA02F4E407EBD505FA2A
:1007E00002F423EA040303600B6823EA04030B60AA
:1007F0000132102AD1D10020DFE72DE9F04F8369C3
:10080000426F1B6993F88030C3F34113022B8FB002
:1008100081460ED0032B0ED0012B0CBF10230823D2
:10082000D371D9F858800026B8F1000F05D14046A1
:10083000AEE02023F4E74023F2E7D8F80430D8F8FC
:100840000C4003930C9604967CB9049B039A0933DD
:100850009BB293701B0AD3701671D8F80C40002C11
:1008600040F0B080D8F80080DDE7606883681B6BDB
:1008700000250D95002B00F0A380294698470028FD
:1008800000F09E80C4E90355A0F1040B35465BF8E7
:10089000043F0BB11A7822B9B5427CD86FF015002D
:1008A00076E05A780B2A08BF9D70DBF800305A7842
:1008B000042A10D1E2680D990A43E260DA78002A2E
:1008C00057D19D7023690122AA401343013523614A
:1008D000EDB200230D93DBF800707B78052BD6D1A9
:1008E000D9F8183008936FF012004FF0010A7A79A6
:1008F0003B7943EA0223ADF82E300C9B069397F91F
:100900000230069A002B5FFA8AF1BBBF41F08001EA
:100910004BB24FFA8AF30793B9BF21F0800310332B
:1009200007935346DA40D2072AD40D9A059222FA49
:1009300003F3DB0724D4BB79FA78089800930DF110
:100940002E03099101F08CFF0999C8B9079BB97072
:10095000002BBCBF21F08001103101238B40069891
:100960000599BDF82E20BA8019430343CDE90C3117
:100970008DE76A1E9A700DA90CA8FFF70BFFA8E778
:100980000AF1010ABAF1100FB1D100283FF47FAF8C
:100990000FB0BDE8F08FE3680D9A1343E360606821
:1009A00083689B6AD3B198470028F1D101466068FB
:1009B00000F000F9049B2468034404932E4643E7A7
:1009C0003546ECE7E368A36004F10C010CA8FFF7DF
:1009D000E1FE00287FF462AF246840E76FF08500F5
:1009E000D6E74FF0FF324FF0FF330430F8F7BCBDCD
:1009F000F8F782BE21B101290DD000231B68FFDE6C
:100A00005830006848B143685B79934205D000686C
:100A10000028F8D170476030F3E7704710B590F8C0
:100A20003430022B044609D1FFF77AFC94F83C20BD
:100A300001462046BDE81040FFF7DCBF002010BD96
:100A400008B5FFF7D7FF003818BF012008BD2DE912
:100A5000F04104460E46FFF763FC94F83C308046B4
:100A6000CBB9002E3BD0324641462046FFF7C2FFAD
:100A70000746A8B10246204600F0CEF9054688B9DF
:100A800084F83C60FC6864B3606883681B6A03B1E7
:100A900098472468F7E72046FFF7C0FF074620B9CC
:100AA0006FF03C052846BDE8F0810146204600F085
:100AB00089F910220546002104F13E0003F081FB74
:100AC000002384F83C30FF6817B9002DC9D0E9E74E
:100AD000786883685B6A03B198473F68F4E784F8F5
:100AE0003C600025DEE7F8B504460E46576815461B
:100AF000FFF777FF94F87030D9074BD4012E4CD014
:100B0000FB799A0605D5A3691B6993F880309B078A
:100B100043D5002E41D1236E53B9A26D62B9636FE4
:100B20006A685B7C0133DBB25371626F53740EE011
:100B30009D4235D01B68EFE7954225D12A68EBB975
:100B4000E36DA2659D4200D1E26500232B60A96898
:100B500041B12046FFF7E0FC064650B9A868FFF710
:100B60005EFDB87100232B60E36D83B9C4E91655AF
:100B70000026201DFFF73CFF3046F8BD1A60E26DED
:100B8000954208BFE365E0E713461268C6E71D60BB
:100B9000E565EDE76FF00F06EBE76FF08506E8E738
:100BA0006FF01506E5E74FF0FF324FF0FF330430EA
:100BB000F8F7DABC08B583681B6B0BB1984703469E
:100BC000002023B153F8042B0AB1127802B908BDF2
:100BD0001044F6E710B51C46FFF70CFF48B10122A0
:100BE000C06802FA04F320B10269134201D100681F
:100BF000F9E710BD10B50C46FFF710FF48B101230F
:100C0000C06803FA04F120B10369194201D10068F8
:100C1000F9E710BD70B501F07F0311F0800F18BF28
:100C2000103301259D4090F83430022B044601D04A
:100C3000002070BD90F83C60FFF772FB3246014621
:100C40002046FFF7D7FE0028F2D0C0680028EFD07A
:100C500083681D42EDD10068F8E738B50C46FFF710
:100C6000DDFE80B1C06870B14368DA681AB11179ED
:100C70000023994201DC0068F5E71568ED5CA542A8
:100C800001D00133F5E738BD2DE9F84305460846A4
:100C9000114616461F46EAF719FA0446002843D0C3
:100CA0002846FFF780FF95F87030DA0733D4D4F880
:100CB000048004F11409BFF35B8F6369BFF35B8F9A
:100CC000DB072BD4D8F804300BB1AB4226D13A461F
:100CD00031462846FFF78EFE18B3002323600369D0
:100CE000B3B9C0E90344BFF35B8F59E8003F43F059
:100CF000010349E80032002AF7D1BFF35B8F0024DB
:100D0000C8F80450281DF8F7F7FC2046BDE8F88322
:100D10001C600461E7E76FF00F04F3E76FF07704FE
:100D2000F0E76FF03C04EDE76FF01204EDE72DE91A
:100D3000F8434C689DF820900D46984606461746A5
:100D4000FFF7EEFAA3681B6B01461BB96FF01500A5
:100D5000BDE8F883204698470028F7D0041F0C35DB
:100D6000002054F8041F09B10B782BB9002814BFD8
:100D700000206FF03C00EBE74B78042B0BD1F8B967
:100D80008B784345EDD1CB784B45EAD10B79002BDD
:100D9000DED00120E5E7052BE3D10028E1D0012FCB
:100DA00007D0022FF5D18978B0692A4600F0C3F840
:100DB00003E0B0692A4600F0A2F80028E9D0C7E7AE
:100DC0000020C5E7F8B5CC6806460CB9204622E0FD
:100DD00004F10C070125E268AAB165F07F03D9B2DE
:100DE00003F07F031033DA40D2070ED4E368EB4000
:100DF000DB0705D5B0693A46E9B200F09CF850B976
:100E00000135102DE7D12468DFE7B0693A4600F0DC
:100E100092F80028EAD0F8BD2DE9F347576800247E
:100E200097F8058005460E46A1463B79A34203DCB0
:100E3000002002B0BDE8F0875FFA84FA31465346DD
:100E400042462846FFF7C6FE014650B1CDF8009055
:100E5000534601222846FFF76AFF0028E9D10134F2
:100E6000E3E76FF03C00E4E72DE9F74380460D46E9
:100E70001746FFF7BFFE064628B96FF0010420466B
:100E800003B0BDE8F0830F2DF7D808EB0509014644
:100E900099F83E4000972B4600224046FFF747FF57
:100EA0000028EAD100942B46022231464046FFF743
:100EB0003EFF04460028E2D100972B46012231462E
:100EC0004046FFF734FF04460028D8D17068836895
:100ED0005B6813B13A462946984789F83E70CEE7D9
:100EE00011F0800F18BF21F0800102684FF001035C
:100EF00018BF10318B4022EA03030360704737B5F7
:100F00008B7900938B880C461546CA78897801F056
:100F1000EDFC70B994F90230A1782A68002BB8BFB3
:100F200021F080014FF00103B8BF10318B40134313
:100F30002B6003B030BDF8B506460D46174601F0EC
:100F4000FEFC044658B929463846FFF7C9FF294632
:100F50003046F0F77BFE044608B9FAF767FC2046F6
:100F6000F8BD0A468069802101F0CEBD43689869CA
:100F7000F0F79CBE70B5054646680C4609B9EAF71D
:100F8000F3F891F91830002B07DBC4F81A50B06958
:100F90002146BDE8704001F048BD3046FFF7EAF950
:100FA0000028F2D04FF0FF3070BD806901F0D1BD54
:100FB00038B5054680690C4601F0DDFC60B914F0D7
:100FC000800F18BF24F08004AA6B4FF0010318BFF4
:100FD0001034A3401343AB6338BD70B50546806938
:100FE0000E4601F0F2FC044620B9314605F1380006
:100FF000FFF776FF204670BD0B0648BF21F0800149
:10100000806B48BF1031C84000F00100704782B0CB
:10101000C3698DF8001001922BB102AB13E90600F1
:1010200002B0EAF7A7B902B0704782B0C3698DF881
:10103000001001922BB102AB13E9060002B0EAF7EF
:1010400099B902B07047704703695B68D868704708
:1010500043680361037A63B1012B0CBF02230323AE
:101060004375437A5A1E032A05D8DFE802F00505C6
:1010700005050123F4E700230375837A062B09D0C5
:10108000072B09D0052B0CBF002303238375837E18
:10109000C37570470123F9E70223F7E7036993F863
:1010A000400030B1DA6B9388918910695B1A9BB26A
:1010B000C01A7047036993F838007047036993F8C2
:1010C000402012B993F83800704701207047036937
:1010D000C3E907127047BFF35B8F0068BFF35B8FF4
:1010E000084100F00100704703691B69BFF35B8F83
:1010F000883353E8001F41F0020143E80012002A40
:10110000F7D1BFF35B8F704710B50469606BE6F7EA
:1011100003FC10B1012384F8393010BD10B5046907
:10112000606B4289C3889A4202D14FF0FF3010BDF4
:101130000122E6F7F1FB0028F7D004F17800F9F777
:1011400099F90020F3E738B5034640681B695D68EC
:10115000AC68A37A84F8223094F82D3084F82330D8
:10116000696841B1237C33B9FFF7D6F918B96868CB
:10117000FFF755FA2074002038BD01238B40DB4374
:10118000BFF35B8F50E8002F1A4040E80021002990
:10119000F8D1BFF35B8F7047006902218830FFF7F9
:1011A000ECBF006903218830FFF7E7BF08B503698A
:1011B000186900218830FFF7E0FFBDE808400121F1
:1011C000FFF7DBBF0369186901218830FFF7D5BF3E
:1011D0002DE9F04750F8483C00F140045B680646B2
:1011E00000212046D3F80090FFF775FF002850D06B
:1011F00001212046FFF76FFF0746002849D1BFF3C2
:101200005B8F54E8003F43F0200244E800210029AE
:10121000F7D1BFF35B8F9B063BD4D9F810305B68E6
:101220009B68402293F836104846FFF79FFE05461C
:1012300050B920460521FFF7A0FF30462122BDE826
:10124000F0470023F9F7E4BA8246428A5AF80C1FA5
:1012500056F80C0CE6F760FB804601465046E8F76E
:1012600029FFB8F1000F04D008F03F08B8FA88F75A
:101270007F0906F82D7C29464846FFF77BFE40B1E2
:101280002846E8F7F5FD20460521BDE8F047FFF7C1
:1012900074BFBDE8F08738B550F8783C5B681D68CE
:1012A00000F11003024600211846FFF714FF002842
:1012B00036D001211846FFF70EFF88BB52F8441CB8
:1012C0008A8888890969121A92B28A1A3F2A27D90C
:1012D000BFF35B8F53E8002F42F0100143E800108A
:1012E0000028F7D1BFF35B8FD30619D42B695B6855
:1012F0009B68402293F83D102846FFF737FE0446CE
:1013000070B1438A402B28BF4023438201462846C0
:10131000FFF730FE20B12046BDE83840E8F7A8BD11
:1013200038BD38B550F8083C0446002B4FD050F873
:10133000243C5B6800F164051A6800238382838380
:1013400002212846FFF7C7FEB8B154E902311069FF
:101350009847637D1BB104F15400F9F78BF8052120
:101360002846FFF7B8FE98B9637F6BB100220023CF
:1013700004F12400F9F74CFA0AE003212846FFF7AC
:10138000AAFE0028E1D1E4E714F8093C002BEDD1D6
:1013900002212846FFF79FFE38B123695A89DB886E
:1013A0009A4202D02046F9F765F803212846FFF754
:1013B00092FE60B1A2699388918912695B1A9BB20F
:1013C0009A4204D02046BDE83840F9F753B838BDFA
:1013D00008B5036903F1880202211046FFF77BFE7E
:1013E00028B1596B4889C988401A18BF012083F871
:1013F000380003211046FFF76EFE40B1DA6B90888B
:1014000091891269401A80B2801A18BF012083F8AE
:101410004000012008BD0069BFF35B8F00F1880325
:1014200053E8001F41F0080143E80012002AF7D1F9
:10143000BFF35B8FC26B9388918912695B1A9BB271
:101440009A4202D02430F9F715B8704738B50469CC
:10145000BFF35B8F04F1880555E8003F43F00403B8
:1014600045E80032002AF7D1BFF35B8F636B5A89DE
:10147000DB889A4203D004F12400F8F7FBFF042133
:101480002846FFF728FE28B904F17800BDE8384067
:10149000F8F7F0BF38BD70B503691C69BFF35B8F07
:1014A00004F1880555E8002F42F0010245E80021CB
:1014B0000029F7D1BFF35B8F02212846FFF70BFE0F
:1014C00010B11846FFF7C2FFE36BDA885B899A42D6
:1014D0000AD103212846FFF7FEFD68B104F124007C
:1014E000BDE87040F8F7C6BF04F148000022BDE82F
:1014F00070400023F9F78CB970BD10B50C46017827
:1015000022788A4288B00ED06946EAF711FA04A917
:101510002046EAF70DFA10220DEB0201684602F0B0
:1015200058FE08B010BD012A06D0022A07D072B9B1
:1015300040886388C01AF4E740686368FAE71022BD
:10154000611C013008B0BDE8104002F042BE6FF0EF
:101550001500E6E7042A0AD0102A0DD0022A4FF01F
:10156000000315D103700B884380012070470123CD
:1015700003700B684360F8E7022300F8013B01F1B8
:10158000100351F8042B40F8042B9942F9D1ECE7F1
:1015900018467047012310B50621044600F8013BA8
:1015A000F4F7F2FB18B9A37963F03F03A37110BD00
:1015B0000B6803608B8883808B798371037823F0B9
:1015C0000203037070470078C0F34000704738B5DD
:1015D0000446807AE8F768FA6169054649B1637A9A
:1015E000DB0704D4436A1B6820469B6898470023A6
:1015F000636121462846BDE8384002F035BC438A85
:1016000023B9C068B0FA80F04009704700207047E5
:101610000F2806D80D280BD8052814BF0220032058
:101620007047132804D01A2814BF022001207047E5
:1016300001207047FEF7DEBCFEF7E5BC10B503469F
:10164000BFF35B8F53E8000F40EA010243E8002438
:10165000002CF7D1BFF35B8F10BD0023E6F75ABD16
:10166000BFF35B8F50E8003F0B4040E80032002A98
:10167000F8D1BFF35B8F704710B5ECF747FA6FF402
:10168000807104461030FFF7EBFF2046BDE81040A4
:1016900000F014B9C368DB78012B01D1FFF7ECBF70
:1016A0007047C368DB78012B01D1FFF7E5BF7047B6
:1016B00038B504460D46EAF7C1FB5F3005D129462F
:1016C0002046BDE83840EAF76BBB38BD00207047C4
:1016D00010B5028843889A4218D8052A16D9B3F55E
:1016E000486F13D88488B4F5FA7F0FD2C188A1F16E
:1016F0000A0292B240F67640824207D804FB0333D6
:10170000B3EB810F34BF0120002010BD0020FCE7A7
:10171000002070470020704770B506460D464FF018
:10172000FF304FF0FF31EAF77DFF044668B1032137
:101730000C30E8F7BFFC0680857021460022BDE82A
:10174000704040F20640EBF7EBB86FF0680070BDF8
:10175000C368187808B1EAF75BBE1846EBF7C6B95C
:1017600038B54FF0FF3105464FF0FF30EAF75AFF2A
:10177000044668B102210C30E8F79CFC2B880380FA
:1017800021460022BDE8384042F21600EBF7C8B807
:101790006FF0680038BDF8B507460E464FF0FF30D1
:1017A0004FF0FF311546EAF73DFF044678B10621B8
:1017B0000C30E8F77FFC3B8803804680858021461B
:1017C0000022BDE8F84042F22200EBF7A9B86FF022
:1017D0006800F8BD70B506460D464FF0FF304FF07B
:1017E000FF31EAF71FFF044618B9BDE87040EAF779
:1017F000CDBA03210C30E8F75DFC068085702146E8
:1018000042F22100BDE87040EBF738B808B5072276
:1018100002F0DFFCB0FA80F0400908BDFEF7EABB39
:1018200000280CBF08460020704718B111B10846C7
:10183000EBF7BCBE6FF01500704713B5044680B1DE
:1018400006216846F4F7A0FA48B99DF805306946C4
:1018500003F03F0320468DF80530FFF7E6FF02B0A6
:1018600010BD6FF01500FAE7003818BF012070476F
:1018700070B5064686B00D464FF0FF304FF0FF3191
:10188000EAF7D0FE0446B0B10C3095B10121FEF765
:1018900006FD06F1100203A9204600950823EAF789
:1018A000AFFE0022214642F20A00EBF739F806B0FB
:1018B00070BD2946EBE76FF06800F8E71830F9F7DC
:1018C00035B8D0F8B400003818BF01207047FEF7D3
:1018D0009ABB837A072B01D1ECF7C6BB704724383B
:1018E000ECF760BC036800220BB9184670478B42C6
:1018F00010D10B6842B942680360914200D1436045
:1019000000230B600120704713604368994208BFB1
:101910004260F5E71A461B68E6E710B50446006921
:1019200018B1E8F7A5FA0023236110BD38B5037A92
:101930008B420446154615D100F170010722284656
:1019400002F047FC80B1E378072243B904F17E013D
:10195000284602F03EFCB0FA80F0400938BD04F1A0
:101960007701F5E70020F9E70120F7E7F8B507462A
:101970000D464FF0FF304FF0FF31EAF753FE0646B9
:10198000D0B10E210C30E8F795FB0E220446002161
:1019900002F017FC3B8823802B8863806B88A38030
:1019A000AB88E380EB88238131460022BDE8F84014
:1019B00042F21300EAF7B4BF6FF06800F8BD704759
:1019C00010B50446F9F7FEFD234653F8442BD2F830
:1019D000B41061B96164D2F8B81061B9C2E92D33AD
:1019E000F9F762FE2068BDE81040ECF7B3BD8B420A
:1019F000F6D00968EDE70B60C2F8B830F0E7704741
:101A00002DE9F843446B2CB154F8085905B1083D51
:101A100000270CB9BDE8F883D4E900682EB3F9F7C4
:101A2000D1FDD6F8B43004F14401002263B19942EB
:101A300033D1636C4ABBD6F8B820C6F8B4309142B3
:101A400001D1C6F8B8306764F9F72EFE04F1300909
:101A5000002200234846F7F7FFFF064600BBD8F8F0
:101A600004300BB1204698472760E3680BB120464D
:101A70009847D8F820300BB120469847DDB1AB68C5
:101A800003B1083B2C461D46C3E71360D6F8B830B7
:101A9000994208BFC6F8B820D5E71A461B68C5E7C3
:101AA000B36923B1F16920686FF06D029847304641
:101AB000E8F7DEF9CCE72B46E4E7F8B50F4600215E
:101AC0000546164600234FF480320846EDF776FCB3
:101AD000044620B92846EDF73DFC2046F8BD042118
:101AE0000C30E8F7E7FA057047704680F5E7406B81
:101AF00030B1838B8B42A0F1080001D08068F7E7FA
:101B0000704710B54AB989B2FFF7F1FF28B14368B1
:101B10009B6913B1BDE81040184710BD38B50D469C
:101B20000521FFF7E4FF00231A462946EDF77EFC66
:101B3000044610B12846E8F79BF9204638BD406BB3
:101B400030B183898B42A0F1080001D08068F7E7AB
:101B5000704770470346006828B1596802681A60E8
:101B6000884208BF5A6070470346002003B9704797
:101B70001A8A5B681044F9E710B5D46823780231FB
:101B800013B92170012010BD8B42FBD0038A023BA8
:101B9000038200201061F6E7FEF72CBA73B51446F5
:101BA000014605464FF49572206800F092FC2075BE
:101BB00030B92068294600F0E4FC20B908232375D9
:101BC000002002B070BD237AB3B1A3F118025342D2
:101BD00053419B000193638A0093AE68238AE268B5
:101BE00020682946B047002808DB238A98420CD198
:101BF000002323750120E4E70223EBE710F1FF0F38
:101C000003D34042C0B22075DAE70E20FBE7F8B5F7
:101C10009368166805460F46144663B9506801215B
:101C20000C30E8F747FAA0602B681B78002B14BF34
:101C3000022301230370A3681B78012B03D0022B1E
:101C40001FD000201CE02B681B78002BF9D16068A6
:101C500004210C30E8F72EFAE06007802A68E36878
:101C600052885A806168728D738B088A9A4294BF39
:101C7000C0EB0200C0EB0300042894BF0020012049
:101C8000F8BD2B681B78022BDBD1606812210C3069
:101C9000E8F710FAE06007802B68E268591C02320E
:101CA000113351F8040B42F8040B9942F9D16168E1
:101CB000728D738B088A9A4294BFC0EB0200C0EB0E
:101CC00003001228D9E770B40668326A5AB3144682
:101CD00054F8A03903B1A03B002211467CB9438DD2
:101CE000408B8B4201D890421FD9824238BF0246B6
:101CF0009942306838BF194670BCEFF763BE844222
:101D000007D0658D648BA94238BF2946A24238BFEF
:101D1000224633B1D3F8A05005B1A03D1C462B4656
:101D2000DCE71D46FAE71146D9E770BC7047D0687A
:101D30000378043113B90170012070478B42FBD046
:101D400091680B8A0020043B0B82106170472DE9DB
:101D5000F04104468868FFF707FF638D628B93426A
:101D600028BF134683420D461DD36165D1F8088014
:101D700000278F60F9F726FC41462046EDF772FEFA
:101D8000064638B1C5F808806765F9F78DFC30461E
:101D9000BDE8F081618D638B994228BF19462846C2
:101DA00000F0ECFBF1E76FF07906F0E738B5044698
:101DB0000D46EDF757FE30B1294604F15800BDE855
:101DC000384002F046B838BD1FB5CDE901230023E5
:101DD00000931A46EFF782F905B05DF804FB03683B
:101DE000002203B970478B420FD10B683AB94268A1
:101DF0000360914200D1436000230B607047136081
:101E00004368994208BF4260F6E71A461B68E8E754
:101E1000BFF35B8F50E8003F43F0080240E8002129
:101E20000029F7D1BFF35B8FC3F3C00070472DE9E2
:101E3000F041064690461F460D46B9B104220121E5
:101E4000EDF7AEFE044618B9BDE8F041EDF77EBEF1
:101E500004210C30E8F72EF90570A0F80180C77056
:101E600021463046BDE8F041FFF7A0BFBDE8F08154
:101E700037B50C46054601F10C00FEF72FFA228A11
:101E80000192E26800920346132212212846EDF7E0
:101E9000D5FE03B030BD37B50C46054601F10C0048
:101EA000FEF71CFA228A0192E268009200220346A1
:101EB00011462846EDF7C2FE03B030BD70B50446AA
:101EC0000E46002200230846F7F7C6FD054658B126
:101ED00001462046EDF7C6FD044618B129463046B6
:101EE00001F0C2FF204670BD6FF00104FAE707B5AC
:101EF000CA681388528800920C210D22EEF79EF8D2
:101F000003B05DF804FB07B5CB6800221B88009284
:101F10000A210B22EEF792F803B05DF804FB2DE9DD
:101F2000F041CB681F88BBB2162B05461BD9032195
:101F3000EDF74EFF0646C0B102210C30E8F7BAF8C3
:101F400000244FF07C0880F8008044703146284619
:101F5000FFF72CFF2846A5F81A806F85FFF7B3FE20
:101F60002046BDE8F0810420FBE70E20F9E72DE9CB
:101F7000F04F064685B0104690469946FFF7F4FDAF
:101F8000738B728D934228BF134683428B4675D95B
:101F9000736803934046E7F7C5FF4FF0000A044615
:101FA0004046FFF7E1FDE168228A658A6369778B25
:101FB000CB1AAD1AED1A738D9F4294BFC0EB070088
:101FC000C0EB0300854228BF054625BB98F80A00F0
:101FD000E7F76AFD00220023FEF74AF9044608B934
:101FE000574627E001464046E7F7E2FF4046FFF745
:101FF000BBFDE168228A658A6369778DCB1AAD1AC9
:10200000ED1A738B9F4294BFC0EB0700C0EB030037
:10201000854228BF0546CDF80090DBF80470039890
:102020000A44ABB25946B847071E07DABAF1000FA7
:1020300018BF5746384605B0BDE8F08F0E9BABB9C8
:10204000394604F10C00E8F735F84046FFF78CFDFF
:10205000738D728B934228BF1346B9448342BA44AE
:102060001FFA89F9BCD9AF429AD0B9E70F9A0E9BF3
:102070003946204698470028E2D1B1E70027D9E742
:102080002DE9F3411768D7F8048000231446137331
:10209000014606469522404600F01BFA054620738D
:1020A00030B93146404600F06AFA28B90823237354
:1020B000002002B0BDE8F081A068798D7A8B038A98
:1020C000914294BFC3EB0103C3EB0203012BEFDD8D
:1020D00002210C30E7F7EEFFCDE900558046A388DA
:1020E000A26831463846FFF742FF031E06DA13F1B5
:1020F000FF0F26BF5B42DBB20E23D8E7A8F8003003
:102100000120D6E72DE9F3411768D7F804800023B2
:1021100014461373014606469522404600F0D9F94D
:102120000546207330B93146404600F028FA28B9F8
:1021300008232373002002B0BDE8F081CDE90055EB
:102140003146A388A2683846FFF711FF002807DA56
:1021500010F1FF0F26BF4042C0B20E202073E9E706
:102160000120E8E7F8B50546071F00F14C0350F8D9
:10217000044CBFF35B8F53E8001F21F0040143E8D8
:102180000012002AF7D1BFF35B8FFCB12B6D83B92E
:10219000636873B1201DFFF7DDFC06460146384633
:1021A000FFF7D5FD90B163683360A368666003B93B
:1021B000A66005F154013846FFF780FE30B104F106
:1021C0000C013846BDE8F840FFF778BEF8BD2DE9B0
:1021D000F041046A074644B154F8A06906B1A03E34
:1021E0000022154607F104080CB9BDE8F081636DC3
:1021F0009BB905B98AB94046FFF7ACFC054658B112
:1022000001462046FFF7A3FD0028EED07B682B6037
:10221000BB687D6003B9BD60224636B1D6F8A030F8
:1022200003B1A03B34461E46DEE73346FAE738B535
:102230000546BFF35B8F0B68BFF35B8FDB0716D5DB
:1022400050F8040C98B12B6D8BB90430FFF782FC69
:10225000044660B10146281FFFF779FD38B155F8F3
:10226000043C5A6822609A685C6002B99C6038BD80
:10227000EEF792BE08B500230A8AC968EEF7E2FBC2
:10228000002008BD70B51C460E461546EDF7C4FB90
:10229000C0E903650123C380047570BD1060002090
:1022A000704710B5029CA36833B1B1F5807F28BF99
:1022B0000E21CAB221469847A37DE268013BDBB2FA
:1022C000A37522B11BB92046BDE81040104710BDD0
:1022D000106091800020704770B50D46064611F8D9
:1022E000010BECF73FFE044610B12C89ECF7C4F863
:1022F0006B89A34207D0EB686C8123B1214630463D
:10230000BDE87040184770BD10B5144632B900F1F1
:102310007001007AEEF706FD00B1846010BD08B5CB
:10232000EEF700FD18B1002303604360836008BD31
:1023300070B500F1700605463146007AFFF7EAF9FC
:1023400004463146287A1CB1BDE87040FFF7E7BF6C
:10235000EEF7E8FC10B104604460846070BD022AAE
:1023600010B508D1002300F170011A46007AEEF78B
:10237000EBFC022010BDFFF7DBFFFAE738B5BDF834
:102380001010BDF81840059DA14210460CD84CB164
:102390006DB1641A9C42A8BF1C46A4B222462944CF
:1023A00001F0E8FE204638BD6FF00604FAE76FF052
:1023B0000D04F7E770B5CC6886B02678BDF82850D4
:1023C00066B96488ADF81640022402940DF1160433
:1023D000CDE90054FFF7D2FF06B070BD102602967B
:1023E0000134F5E7F0B50C4687B0C96805461646D6
:1023F0001F46EEF753FD00B10089ADF81600022329
:1024000002930DF116030193BDF83030009332466C
:102410003B4621462846FFF7B1FF07B0F0BD13B594
:10242000044610B9002002B010BD00238DF804301E
:10243000006842F6030301A9ADF80630FFF75DF826
:102440000028EFD1E36898880028ECD12046EEF709
:10245000FDFD013080B2E6E72DE9F041CC688AB09D
:10246000064698460846A3798DF814300D4617465F
:10247000FFF7D5FFADF815002468237893B963887A
:10248000ADF817300523029305AB0193BDF840303A
:1024900000933A46434629463046FFF76FFF0AB09D
:1024A000BDE8F081631C0DF11702113453F8041BD1
:1024B00042F8041BA342F9D11323E4E71FB5CDE989
:1024C0000123002300931A46EEF708FE05B05DF8DD
:1024D00004FB4B8A12F0010FC3F30E0304D013F078
:1024E000950F10D0486870B112F0020F04D013F4A9
:1024F000957F0AD0896841B1134013F4DE7F14BF81
:102500000520002070470220704703207047F8B56F
:102510000F4651684B8A03F094030646144613BBDA
:102520000122EEF75DFE08B3A2891B21023230467C
:10253000EEF71CFA0546E0B1A1890C300231E7F74D
:10254000B9FD20F8027BA289A16801F013FED4E94D
:10255000041228460123FFF795FE29463046BDE8C0
:10256000F840EEF751BB4FF0FF30F8BD6FF01500AB
:10257000FBE76FF00B00F8E7012070477047012080
:1025800070470120704713B5C068144668B1002336
:102590008DF8043001A94FF4C053ADF80630FEF7B2
:1025A000ACFF10B9236801332360012002B010BDD5
:1025B0000021F8B54FF0FF324FF0FF3305460846D3
:1025C000ECF7FCFE00F10C07044601213846E7F762
:1025D00071FD0526067001213846E7F76BFD0023E3
:1025E00006701A4621462846ECF720FF10B1204617
:1025F000E7F73EFC0020F8BD6FF085007047002033
:10260000704738B50446807AE7F74EFA61690546A7
:1026100049B1637ADB0704D4436A1B6820469B6890
:1026200098470023636121462846BDE8384001F001
:102630001BBC30B50906847D054614D414F0400057
:1026400016D0A98AC3F30A00C1F30A01884222D82E
:1026500002F00300022809D003280AD0012811D073
:1026600004F0010004E014F02000E9E7C4F3800066
:1026700030BD14F00200FBD013F4C05F09D0C4F3E6
:102680000010F5E714F0080205D013F4C05FEFD096
:10269000F5E70120ECE70020EAE7BFF35B8FD0F815
:1026A000A000BFF35B8F00F001007047BFF35B8FAA
:1026B000D0F8A000BFF35B8FC0F34000704701F07B
:1026C0000F030906026948BF103352F82300704710
:1026D000007EC0F300107047037E61F3041303769D
:1026E000704708B502691046FFF7D7FF60B9087F49
:1026F00000F00F03000648BF103342F823100846CD
:1027000001F09EFB002008BD6FF00C00FBE70022EB
:102710000023F7F7A1B901F0B1BB01F09ABB08B5EE
:1027200008B9EFF7C3F9407EC0F3C00008BD08B593
:1027300008B9EFF7BBF9437E23F00803437608BDE1
:102740001FB504698DF80410CDE90220D4F8983043
:1027500001A9984704B010BD1FB5034609B9EFF7AA
:10276000A5F9046906208DF804002046CDE902137E
:10277000FFF793FF40B1C1F81E20D4F8982001A9BB
:102780001846904704B010BD4FF0FF30FAE738B557
:1027900005460C462046FFF7BAFF014600B938BD92
:1027A0006FF070022846FFF7D7FFF3E72DE9F843F3
:1027B00006690746D6F80090D6F840800D464FF0DF
:1027C000FF324FF0FF3306F18400F6F7CDFE4046AE
:1027D000FFF79DFF014618BB4846FFF798FF0446E8
:1027E00020BB99F8183023F0100389F8183098F8B6
:1027F000183023F0100388F8183024BB012286F823
:10280000B020EDB12B68C6F8A8306B68C6F8AC30C4
:1028100086F8B12038698430BDE8F843F6F76CBF1C
:102820006FF067023846FFF797FFD0E7637EDB075C
:10283000D7D46FF0670221463846FFF78DFFCBE70C
:1028400086F8B150E6E72DB10822294604F10C00C4
:10285000FDF719FD002221463846FFF77DFFD9E735
:102860002DE9F8430546D0F80890884614461F46DF
:10287000FFF725FF0646002835D0D9F83C3028461A
:10288000984741463B8822463046FFF7D2FE8046B5
:1028900090B18BB92B6993F88030DB0758BF402289
:1028A00004F0030446BF4FF480624FF400711146F8
:1028B000022C0DD0032C11D02846D9F8403098476F
:1028C000B8F1000F14BF00206FF08500BDE8F88359
:1028D000B38A8B4228BF0B463B80EDE7B38A934215
:1028E00028BF1346F8E76FF01200EFE72DE9F34138
:1028F0001F464B06D0F8088004460D4616461BD0EE
:10290000D8F83C3098472069FFF7D0FE88B19DF891
:102910002030009329463B4632462046EFF726F901
:102920000546D8F8403020469847284602B0BDE812
:10293000F0814FF0FF35F4E76FF01505F5E770B55E
:102940004B06866804460D4612D0F36B9847206903
:10295000FFF7A3FE48B129462046EFF74DF905469B
:10296000336C20469847284670BD4FF0FF35F7E797
:102970006FF01505F7E770B586680546F36B0C46F2
:1029800098472869FFF792FEB0B121462846FFF725
:1029900096FE014698B1037EDB0710D5437F03F016
:1029A0000303012B0ED0F3682846984704462846B7
:1029B000336C9847204670BD4FF0FF34F7E76FF057
:1029C0001204F4E76FF08504F1E7F8B5876806466E
:1029D000FB6B0C4698473069FFF768FEE0B1214673
:1029E0003046FFF76CFE0546C8B1037EDB0716D5FF
:1029F000437F03F00303012B14D001463B693046AB
:102A00009847044618B92B7E60F341032B76304675
:102A10003B6C98472046F8BD4FF0FF34F7E76FF066
:102A20001204F4E76FF08504F1E72DE9F0418668C0
:102A30000769F36B05460C4698472869FFF736FE91
:102A4000B0B30CB9EFF732F894F818802846414635
:102A5000FFF735FE014670B3037EDA072BD518F079
:102A60007F0F20D197F8B030EBB1637EDB0717D52D
:102A700097F8B13033B1082207F1A80104F10C0036
:102A8000FDF701FC002287F8B02021462846FFF719
:102A900063FE04462846336C98472046BDE8F08123
:102AA0006FF06702F1E77368224628469847F0E71F
:102AB0004FF0FF34EEE76FF01204EBE770B5866875
:102AC00005460C46F36B984721462846FFF7F7FD6D
:102AD00048B101F0D3F9B0FA80F464092846336CA8
:102AE0009847204670BD0124F8E708B503691B68C4
:102AF0000021DA8BEFF7DAF828B1437E23F00703E1
:102B000043F00103437608BD08B539B903691B6872
:102B1000DB8B013A1A44B2FBF3F25A43EFF7C6F8E3
:102B200028B1437E23F0070343F00203437608BD38
:102B300008B561B903691B68DA8BEFF7B7F828B1FC
:102B4000437E23F0070343F00403437608BD0022CD
:102B5000F3E770B586680D46F36B04469847284640
:102B6000E7F786F92046336C9847002070BD70B5B2
:102B700086680546F36B98472869FFF797FD04467A
:102B800020B133683BB12846984704462846336C49
:102B90009847204670BD0124F8E7F8B587680669B4
:102BA000FB6B044698472069FFF777FDD8B1206991
:102BB000FFF77CFDD0B9FB6A20469847054668B907
:102BC000BFF35B8F06F1A00353E8001F41F0020141
:102BD00043E80012002AF7D1BFF35B8F20463B6C1D
:102BE00098472846F8BD4FF0FF35F7E76FF07705B7
:102BF000F4E7F8B587680669FB6B044698472069D7
:102C0000FFF754FDB0B13B6B20469847BFF35B8F95
:102C1000054606F1A00353E8001F21F0020143E836
:102C20000012002AF7D1BFF35B8F20463B6C984718
:102C30002846F8BD6FF07705F7E72DE9F041054626
:102C4000D0F80880066914460F4631B32AB3D8F885
:102C50003C3098472869FFF720FDD8B9C6E92674AB
:102C60002846D8F834309847044660B9BFF35B8FE4
:102C7000A03656E8003F43F0010346E80032002A40
:102C8000F7D1BFF35B8FD8F84030284698472046ED
:102C9000BDE8F0816FF07704F5E76FF01504F6E713
:102CA000F8B587680669FB6B044698472069FFF70B
:102CB000FDFCD0B92069FFF7F0FCC8B1BB6B204622
:102CC0009847BFF35B8F054606F1A00353E8001F4A
:102CD00021F0010143E80012002AF7D1BFF35B8F16
:102CE00020463B6C98472846F8BD6FF00F05F7E784
:102CF0006FF07705F4E74FF08053D3F83021082ABE
:102D000005D1D3F83401003818BF012070470020E6
:102D10007047FDF76FB901238B40BFF35B8F50E81D
:102D2000002F1A4340E800210029F8D1BFF35B8F40
:102D3000704700698430F6F7DFBC006984304FF0DB
:102D4000FF324FF0FF33F6F70FBC10B5807A0C4618
:102D5000E6F7AAFE436A21465868BDE81040F6F738
:102D600027B8F7B50D46807A17461E46E6F79CFE53
:102D70002C68436A033424F0030258682A60042153
:102D8000CDE90076F5F7EEFF00B9286003B0F0BD9D
:102D9000F6F7ECBEF8B5069F04690546C9B2EFF335
:102DA000118C402080F31288BFF36F8F0C2606FB36
:102DB0000146B06C00F0070EBEF1010F10D1B764F0
:102DC00000268CF31188BFF36F8F3EB90C2041436E
:102DD0000C44C4E910236B685B5898473046F8BD33
:102DE00000F0C00087420CBF6FF077064FF0FF364F
:102DF000E7E713B580240094FFF7CCFF02B010BDC5
:102E00000069CBB200EB4310002110471046F6F7E3
:102E1000ADBE00F0A3BC00F0A2BC8022F0F76CBEF7
:102E20004FF4AF607047002208B511461046FAF71C
:102E30000FF8002818BF6FF0150008BD43685B68E5
:102E4000D3F810350B600020704743685B6802EAD6
:102E5000010021EA0201C3F80805C3F80C1500209F
:102E6000704743685B680020C3F8081570474368E3
:102E70005B680020C3F80C15704743685B68D3F8A3
:102E8000042521EA02001140C3F80805C3F80C1517
:102E900000207047F3F7E6BD13B54FF080520829C4
:102EA000136E526E28BF082112BA00921BBA0C464C
:102EB0000A466946019301F05DF9204602B010BD53
:102EC00037B50446002201210420E6F7BDF9636806
:102ED0005D6901AA0021284600F0EAF800280DDB10
:102EE000019B2A6819791868F1F72EFE002805DB86
:102EF000204603B0BDE83040F1F706BC03B030BD5A
:102F000002780B69012A07D0022A08D052B95A6602
:102F100003F15400F6F72ABE6FF00402F7E76FF0F2
:102F20000A02F4E76FF08B02F1E72DE9F04F056933
:102F300085B006460C469046039305F144094FF0D0
:102F4000FF324FF0FF334846F6F78EFE05F1540A84
:102F5000002200235046F6F787FE2846F4F798FE35
:102F6000002708F1FF3BB84501D8002323E0BB450B
:102F700081BF237DC3F3800383F00103DBB298BFDD
:102F800000230193039B0093D4E90023217A304668
:102F9000F1F706FC034670B94FF480420023504617
:102FA000F6F762FE98B12846F4F79EFE304600F030
:102FB00014F86FF0040328460393F4F795FE48468F
:102FC000F6F7D4FD039B184605B0BDE8F08F6B6E95
:102FD0000C34002BEDD10137C5E703691B68D3F82A
:102FE0000805D3F80C15F5F763BB02780B69012AC5
:102FF00007D0022A08D052B9DA6403F13C00F6F790
:10300000B5BD6FF00D02F7E76FF00A02F4E76FF05D
:103010000402F1E738B5044605690122114605F1BD
:103020002C0000F02FFF012205F13C00002100F0F0
:1030300029FF2046BDE83840F1F724BD00692C3057
:10304000F6F712BE00692C30F6F790BD13B501AA51
:10305000044600F02DF8002805DB019B2268197951
:103060001868F1F771FD02B010BD70B54568A86A27
:103070000368D3F80845D3F80C65F5F725F8314611
:103080002046F5F715FB00210446E869FFF7DEFF4F
:10309000A86AF4F7EDFF204670BD10B54468002122
:1030A000E069FFF7D3FFA06ABDE81040F4F7E0BF86
:1030B00030B543681360057A446804EBC504A34245
:1030C00002D36FF0010030BD5C798C4203F108033C
:1030D000F0D10020F7E710B50469204600F09DFE0E
:1030E0000023636110BDF8B587687C6806469CB113
:1030F000436893F82630DB071DD405694FF0FF3392
:103100004FF0FF322846F6F72FFA6B69002B05DCEB
:1031100000242846F6F7F0FA2046F8BD013B6B6123
:10312000002BF5D17B6830469847041EBEBF6B6903
:1031300001336B61EDE70024EEE7F0B4D0E9016301
:103140001B693BB177688F4208DB3568954205DC27
:10315000F0BC18476FF05700F0BC70476FF01500D7
:10316000FAE7F0B4D0E901631B6A3BB137698F42DB
:1031700008DBF568954205DCF0BC18476FF0570096
:10318000F0BC70476FF01500FAE770B4D0E9016247
:10319000956A03460C46A5B196F8242012B92B4631
:1031A00070BC1847306A024410F8011BA14202D1DA
:1031B00021461846F3E79042F6D16FF0850070BCC7
:1031C00070476FF05700FAE72DE9F341D0E9014766
:1031D0000E4694F825100569FF2980460FD194F812
:1031E000261001F00C01082914D0D8F808301B6B08
:1031F000003918BF01214BB96FF0570003E0FFF70A
:10320000C4FF0028EBDA02B0BDE8F08140469847E1
:103210000028F8DBA268B2F1004F05D01146404605
:10322000FFF78BFF0028EEDB6269B2F1004F05D09B
:1032300011464046FFF795FF0028E4DB2368B3F111
:10324000004F14D0D8F808305B69002BD4D001A906
:10325000404698470028D6DB2268019B9A421CDD35
:1032600011464046FFF769FF002805DACBE76268A0
:103270006FF000439A42E5D19EB994F826309B073F
:1032800016D03B68404698470028BCDBA069F1F7A0
:103290002BFD6B6901336B610AE062689342EBDDE1
:1032A000DEE76B6901336B6194F82630DA0601D4EE
:1032B0000020A8E74046FFF716FFA4E743681B6815
:1032C000B3F1004F14BF00206FF00100B0FA80F09E
:1032D000400970470346084631B95B681B68B3F183
:1032E000004F01D0136070476FF0150070474368BE
:1032F0001B68B3F1004F1ABF00200B606FF0010094
:10330000704708B54368986A38B193F82C100122C9
:10331000F1F702FD00EAE07008BD6FF08500FBE701
:103320004368986A20B193F82C100022F1F7F4BC9E
:103330006FF08500704743681B68D3F88004C3F8BA
:103340008004704742681368D3F8100150B1D26905
:10335000002012780A70C3F81001D3F8102101225E
:103360001A6070474FF0FF307047002A0FDD426847
:103370001368D3F8100158B10020C3F81001D269C6
:10338000D3F8100112780A700120186070470020ED
:10339000704710B543681C680369EFF31180402241
:1033A00082F31288BFF36F8F1A68D17B39B991739A
:1033B0001B680122DA734FF48003C4F8043380F3EE
:1033C0001188BFF36F8F10BD03691A68D17B21B1DB
:1033D000012191731B680022DA737047026911683A
:1033E0000346C87B40B15B681B68D3F8580118B12D
:1033F00000230B6113689889704743681B68D3F8F2
:103400001001003818BF0120704743681B68D3F8CB
:103410000423D2065CBF1022C3F80423704743681C
:103420001B68D3F80423D20644BF1022C3F8082334
:10343000704743681B684FF40072C3F80423704759
:1034400043681B684FF40072C3F80823704738B50F
:1034500043681D68D5F804335B02044605D4D5F8EB
:10346000040310F0100006D138BDFFF7B7FF0028A5
:10347000F5D00120F8E72046BDE83840FFF7BDBF92
:10348000012070470369186801601B685A60704723
:1034900002680346D2F8580140B95B68DB0706D4DE
:1034A000D2F82001003818BF012070470120704772
:1034B00010B4436802691B68D3F80413C90517D513
:1034C000D3F82011A1B1EFF31181402484F31288C5
:1034D000BFF36F8FD3F8204134B10024C3F82041EB
:1034E000D3F820410124DC6081F31188BFF36F8F92
:1034F0001168D3F8584171B184B100240C6111688E
:10350000C97B19B94FF48001C3F8081311688C7B8B
:1035100024B100238B735DF8044B7047D3F824115A
:1035200021B10021C3F82411D3F8243112681368A3
:10353000002BF0D051685DF8044B184713B501AA71
:103540000446FFF7B5FD002805DB019B22681979C9
:103550001868F1F7F9FA02B010BD2DE9F0410669DB
:1035600033689C89BFF35B8F94420546A8BF14461D
:103570001033012753E8002F002A03D143E80070DD
:103580000028F7D1BFF35B8F0CBF3B4600232BD144
:1035900033682246986800F0EDFDEFF31188402370
:1035A00083F31288BFF36F8F69680846FFF770FFD7
:1035B000326840B91061044688F31188BFF36F8FF9
:1035C0002046BDE8F0810B689268C3F844250022CC
:1035D000C3F84845C3F82021D3F82011C3F8582177
:1035E000D3F858219F60E7E71C46E9E708B5F1F7F3
:1035F00065FD08BD10B54FF0FF304FF0FF31F1F71A
:10360000FBFE044628B9D3F7FBFE044618B1F1F7D8
:10361000FBFE204610BDF1F7F7FE2046E8F71EFA44
:10362000F7E738B50B8A0D463BB101F10C00FCF70A
:103630004DFE012818D0022803D06FF01504204653
:1036400038BD4FF0FF304FF0FF31F1F7D5FE0446A3
:103650000028F4D1E868DDF75BFB0446F1F7D4FEFF
:10366000ACB1F1F733FFEAE74FF0FF304FF0FF3135
:10367000F1F7C2FE04460028E1D1E868F2F7DCF871
:103680000446F1F7C1FE002CD9D1F1F71FFF2846FF
:10369000E6F7EEFB0024D2E7F2F740B810B532228D
:1036A0000446002100F08DFD202323708023A370A9
:1036B0006FF03F0363710423A3722823A3730223D3
:1036C000E3730423A3756FF0480363760323A376A3
:1036D0006FF01F03E3760E232377302384F8203026
:1036E000402384F82130012384F82230782384F8A1
:1036F0002330802384F8263010BD684620F007016F
:103700008D4601B5DBF718FDBDE8014085467047E1
:10371000684620F007018D4601B5DBF701FDBDE8E5
:10372000014085467047684620F007018D4601B587
:10373000DCF7E4FABDE801408546704708B5E0F7DC
:10374000B8F8002008BDF9F7DFBA08B5E5F77CF84E
:10375000E5F750F9BDE80840F9F7D6BA7047002000
:10376000F2F708BC7047DAF787B94FF08053D3F807
:103770003021082A03BFD3F83401B0FA80F04009A1
:103780000020704703460020184700F0E5BA10B546
:1037900002461168B1B1BFF35B8FB1FA81F3C3F197
:1037A0001F000123834021EA030352E8004F8C42AB
:1037B00004D142E8003CBCF1000FF6D1BFF35B8FAF
:1037C000E7D110BD6FF00B00FBE710B50368CB40ED
:1037D000DB0714D401238B400268BFF35B8F43EAFD
:1037E000020150E8004F944204D140E8001CBCF1B3
:1037F000000FF6D1BFF35B8FEED1002010BD6FF04C
:103800001500FBE70001090400F1804012B1C0F887
:1038100004197047C0F80819704770B50C460021AC
:10382000054608461646F2F727FD48B93378DB000F
:1038300003F1804303F5F833C3F81055C3F814457A
:1038400070BD43090AD0012B0BD14FF6FF7300F076
:103850001F0023FA00F000F0010070474FF0FF3323
:10386000F5E70020704710B504460846F2F72AFD38
:1038700004EB4004207DC0F3401010BD10B5044699
:103880000846F2F71FFD04EB4004A08A00F01C007C
:10389000003818BF012010BD10B504460846F2F7E5
:1038A00011FD04EB4004207DC0F3400010BD10B5B5
:1038B0000446FFF7F1FF20B12046BDE81040FFF7B6
:1038C000D2BF10BD10B504460846F2F7FBFC04EB6E
:1038D0004004A08A400B10BD70B504460846164649
:1038E000F2F7F0FC08300D4634F81030DA0509D54F
:1038F000C3F3432304EBC302314654F83330526818
:1039000028469847A3682BB1E26831462846BDE8AF
:103910007040184770BD2DE9F341019001A8DDE921
:1039200008580C4617461E46F2F710FD019B391E3B
:1039300018BF012100EB8300231E18BF0123002EB6
:1039400043EA41030CBF00210C21002D43EA01038F
:103950000CBF00214FF4E061B8F1000F43EA01030E
:10396000D0F800270CBF00214FF440310B4322EA6E
:10397000030304B124780FB13F787F001C430EB1DC
:103980003678B6003C438DB1297809023443B8F14A
:10399000000F03D098F800804FEA0848214341EA1D
:1039A0000801C0F8001702B0BDE8F0812946EDE734
:1039B0001FB50DF10F03019300238DF80F10009335
:1039C0001A461946FFF7A7FF05B05DF804FB2DE97D
:1039D000F047002504468846D7B22E464FF001092D
:1039E000AA46AF420CD1D4F87C3133B10023C4F8DD
:1039F0007C31D4F87C3146F000463046BDE8F08793
:103A00002846F2F7D7FCA0F580739B0809FA03F368
:103A100018EA030F05D022581AB144F800A0225822
:103A20001E430135EDB2DCE738B504460D46FFF71D
:103A30001AFFA8B12046FFF72FFF88B92046FFF7ED
:103A400041FF226801238340C2F80833236803EB57
:103A50008000D0F8103523F00303C0F8103538BDCE
:103A600028460021BDE83840FFF7A2BF00F180439F
:103A70001A68002A1FBF00221A601B68012008BFB5
:103A8000002070474FF080434FF46072C3F8042366
:103A900070474FF080434FF46072C3F808237047BB
:103AA00008B5F3F747F9BDE80840FFF75CBE10B56D
:103AB000A1F58074A4080123A34018400AD001F1A5
:103AC000804101F5E041086820B1002008600968E4
:103AD0000AB9012010BD116819431160F9E708B552
:103AE00000210120F3F764FA0028F9D008BD30B5B1
:103AF000D0F804312BB10023C0F80431D0F80431E0
:103B0000012391F82F2022B30022C0F82421D0F8FD
:103B10002441C0F81C21D0F81C41C0F80821D0F87D
:103B20000821002B79D0002281F82D2091F82F2038
:103B3000002A37D14D6B8C6AA5421FBF0523C0F800
:103B40000025C0F80035134683F0010381F82F30BB
:103B500028E0D0F8244114B1C0F824210EE0D0F8B8
:103B60001C216AB3C0F81C41D0F81C214A6B0132F9
:103B70004A63D0F8245145B1C0F82441D0F824213B
:103B80000122426181F82F20CBE78C6AA24204D245
:103B90004C6AA25CC0F81C25C3E791F82C201AB12E
:103BA0000123C361002030BD0A6A12F0400F4FF0BC
:103BB000010203D0C26181F82D20F3E74261B0E732
:103BC000D0F80841002CACD0C0F80821D0F808414A
:103BD000D0F82441002CBFD14A6B8C6AA242A0D2FB
:103BE0004C6AD0F81855A5544A6B8C6A0132651E90
:103BF000AA424A6308D10A6A540602D40222C0F8D3
:103C00000022012202628CE7A242FAD10A6A52061D
:103C100087D5022381F82D30C4E70120C3E791F84E
:103C200020200346032A29D8DFE802F021251902C3
:103C30008A68500304D5D3F84C250869904207D10F
:103C40008A6852031AD4D3F84C258969914215D059
:103C500000200622C3F80005C3F800257047D3F8FA
:103C60004C2508699042F3D1D3F83C25EDE7D3F811
:103C70004C250969EAE7D3F83C25FAE701207047AB
:103C800030B59508403D0124AC400C4208D0815825
:103C900031B100218150825813B11A6822431A6051
:103CA00030BD13B500230C4601934FF4A47201AB51
:103CB000FFF7E6FF21464FF48272FFF7E1FF21464E
:103CC0004FF49272FFF7DCFF21464FF4A872FFF722
:103CD000D7FF21464FF4A672FFF7D2FF21464FF4DB
:103CE000B072FFF7CDFF4FF4AE722146FFF7C8FF69
:103CF000019802B010BD10B44FF080528B68D2F81A
:103D00003021CC7B082A04D1B3F1C86F08BF4FF033
:103D1000C46302682CB9D1E90041C2F80845C2F871
:103D20000C15C2F82435436833B100685DF8044BC4
:103D300040F30730E5F758BA5DF8044B704707B514
:103D4000019001A8F4F788FC019A01239340C0F880
:103D5000083503B05DF804FB08B1E6F75DBA7047BB
:103D600040B1C368587810F001001EBF1878B0FA4F
:103D700080F040097047EFF31183402383F31288EA
:103D8000BFF36F8FFEE710B400F10C04C0E90344E9
:103D9000002444615DF8044BE2F78CBA10B58269E7
:103DA0006AB1C36842EA0301890708D14169A2FBED
:103DB000011424B95B182CBF0121002102D36FF03C
:103DC000150005E001619B1A42698A4201D8002072
:103DD00010BD02691A608269036101319B1AF3E721
:103DE00010B5C0E905320023C160C3618360044699
:103DF000FFF7D4FF08B9C4E9004410BD13B501248E
:103E00000094F5F7DFF902B010BD90F90E308B4247
:103E100001D0F7F7E9BA0020704703460020C3E954
:103E20000200C3E90033704710B5044630B10268A0
:103E3000930703D0446809B100F094F9204610BDFF
:103E40000023C0E90033836000F10C03C0E90333B1
:103E5000704707B50123009300230A461946F5F77A
:103E60003DFD03B05DF804FB07B500230A4600934F
:103E70001946F5F733FD03B05DF804FB0068002137
:103E8000FFF7D2BF3AB18A4205D3C0E90212C0E9B6
:103E90000000002070476FF0150070470268012392
:103EA0008B4022EA0303036022FA01F000F00100D4
:103EB0007047704710B5032104460C30FFF7EEFF42
:103EC00030B104F11000F8F773FAB0FA80F040094D
:103ED00010BD20B100221146D430F7F783BF7047E0
:103EE00070B5C368C3F340069B07044616D48568C3
:103EF00002210C30FFF7D2FF80B1D5F8CC206AB197
:103F000094421DD122689EB9D5F8D030C5F8CC2096
:103F10009C4201D1C5F8D02000232360E36813F050
:103F20001F001EBF43F00203E36040F0020070BDBB
:103F30003260D5F8D020944208BFC5F8D060EBE7D6
:103F400016461268DBE710B5F6F72AFA041E08DDFC
:103F5000EFF31180402383F31288BFF36F8FF7F7DD
:103F60001DFB204610BDEFF30580003818BF01206F
:103F700070476FF05700704700207047D0E900325B
:103F800013605A600023C0E90033704738B5044617
:103F90000D46F6F755FF237C43F002032374D5B199
:103FA000A5602B689D4209D16B68C4E900531C6071
:103FB0006C6010E06A689A42F6D01B68002BF3D060
:103FC00093F90E1094F90E209142F3DD5A68C4E97A
:103FD000003214605C6038BD10B5037C13F0280F0C
:103FE00004460CD183680BB1F7F702F8237C23F069
:103FF000040323742046BDE81040F6F7B9BE10BD97
:10400000F6F7B0BF38B504680546AC424FF0000083
:1040100000D138BD002CFCD02046F6F7E9FF04F1B2
:104020001800F8F7C5F92046F6F7A2FE2C68012023
:10403000A542EDE708B50246F8F7B0F870B1D0E94F
:1040400004319B1A61EBE272B3F1004F72F100018F
:1040500004DA002AACBF1846002008BD6FF000400B
:10406000FBE708B5F8F7D4FA08BDF8F7D1BAB3F111
:10407000FF3F08BFB2F1FF3F70B506461D4614462C
:1040800014D01A4316D0002B08DBF8F7C1FA041934
:1040900041EB0501C6E90041304670BD6FF00103F8
:1040A0001C1B4FF0FF3363EB0501F3E74FF0FF34C8
:1040B0002146EFE70024FBE7B3F1FF3F08BFB2F171
:1040C000FF3FF8B5074616461C4610D054EA0203D7
:1040D00011D0F8F79DFAB0420A46A14103460AD230
:1040E000F31A64EB0204C7E900343846F8BD4FF018
:1040F000FF331C46F7E70023FBE70023C0E9081263
:1041000000F11802C0E90622C0E9003303634363EB
:10411000704710B50446D0E918020B6812F0010F81
:1041200003EA000301D0984210D17BB12366520705
:1041300042BF4A681A434A6004F11800F8F738F998
:104140000023C4F880302046FFF746FF002010BD52
:104150000A46F8F75BBC0A460021F8F757BC520044
:10416000F8F79EBC20B1011F50F8040CF4F720BEF4
:10417000704770470A44914200F1FF3300D1704705
:1041800010B511F8014B03F8014F9142F9D110BD60
:10419000884210B501EB020402D98442234607D8B5
:1041A000431EA14207D011F8012B03F8012FF8E7B5
:1041B0000244824200D110BD13F8011D02F8011D16
:1041C000F7E702440346934200D1704703F8011B0E
:1041D000F9E710B501390244904201D1002005E011
:1041E000037811F8014FA34201D0181B10BD013014
:1041F000F2E710B50139034632B111F8014F03F867
:10420000014B013A002CF7D11A440021934200D10E
:1042100010BD03F8011BF9E710B5024601448A42BC
:10422000134603D01C780132002CF8D1181A10BDA7
:104230002DE9F843C3F13709074688465FFA89F943
:1042400003F01F051646384641462A460023DCF790
:10425000E9FBD4B2092C3A4688BF4C44434688BF98
:10426000E4B2AA424FF0000204F13004934106F890
:10427000014B07468846E6D23046BDE8F8832DE973
:10428000F04F89B00518029304AB41EB0104009391
:1042900090462846D2E90023214600F0A8F806AB54
:1042A000009307468946D8E902232846214600F0B4
:1042B0009EF8DDE90423841851EB0306069BD8E938
:1042C00000124FF0000528BF0125ED18079B43F1B0
:1042D0000003791849EB0202B94272EB0902D8E9EE
:1042E000022134BF01200020A21846EB01018018F2
:1042F000029A41F10001A042A2F1410A71EB0602CB
:1043000034BF012200225219CDE90653CDF800A096
:1043100043F1000300F082F8129BC3E90001D8E9E1
:104320000221039114990129DDE90653D8E900E03F
:1043300027D10399CDF800A0A21A66EB01017745B9
:1043400079EB000034BF01200020101A61F1000158
:10435000844276EB010234BF01220022AA1A63F1E3
:10436000000300F05BF8139BC3E90001DDE90623BD
:10437000CDF800A02046314600F050F809B0BDE865
:10438000F08F17EB070B49EB090C14EB040846EB15
:104390000601BB457CEB090934BF0127002718EB58
:1043A000070741F10008F3457CEB000C34BF012006
:1043B0000020381A68F10001801A039A61EB0201AB
:1043C0006D195B41A74278EB060234BF012200223F
:1043D000AD1843F10003874278EB010834BF012296
:1043E0000022AA1A029DA5F140050095B7E7F0B595
:1043F00000240D4606469446A0FB02012246E5FB3A
:104400000C12A446E3FB061CE5FB032412EB0C0292
:10441000059F44F10004C7E90024F0BDF0B5059CF8
:10442000C4F14007C4F1200602FA06F6A4F1200503
:10443000BB4022FA05F53343C4F120062B4301FAB1
:1044400006F6A4F12005E04021FA05F53043BA4014
:104450002843E14010431943F0BD2DE9F0410446E3
:10446000CE0FC1F30A55C1F3130154EA01071671C7
:1044700040F2FF706AD1002D70D12C462946002BE6
:1044800015605FDB0C2B5FDCC3F10D05AD00012077
:1044900005F1FF3CA5F12107C5F1210620FA06F63A
:1044A00000FA07F700FA0CF03743061847EB070845
:1044B000D6F1000E68EB480C013E48F1FF3826406B
:1044C00008EA0108B04277EB08080FDBC5F12008C5
:1044D000B5F1200601FA08F824FA05F545EA0805C1
:1044E0005CBF41FA06F63543ED0703D520180446B4
:1044F00041EB070104EA0E0401EA0C019DF8186083
:1045000018460D250532C6F1270604F00F032409CD
:1045100044EA0174091163B9A8420DDA013DF4D2ED
:104520001AE01DB90125A5F2FF35A8E741F4801175
:10453000F9E7092BC8BF9B193033A8425355B8BFC0
:104540002846EBE70023D9E70D23D7E78542E8D1DA
:1045500046F0080616710020BDE8F0818542E5D1DD
:1045600046F00406F6E7D1E9043293421EBF5A1C16
:084570000A6118707047000099
:084578004AF5FD7F010000007F
:104580003DA2030000000000E1A1030000000000C4
:104590000000000080460500158D040000000000AA
:1045A000598E040000000000000000009C46050039
:1045B00000000000B84605002D5E04000000000069
:1045C0003D370500000000004737050000000000EF
:1045D000000000000C47050000000000F046050048
:1045E000000000002847050000000000D446050038
:1045F000C93E040000000000195304000000000040
:10460000357A0300000000004D9A0300000000000E
:104610000000000044470500055F040000000000A2
:104620004B37050000000000619E04000000000000
:10463000000000007C4705000000000098470500CE
:1046400000000000B44705000000000060470500BE
:1046500000000000D047050000000000EC47050006
:10466000A9AF03000000000031BD030000000000FE
:104670002D88030000000000758703000000000083
:1046800053A90500DC560500F04905002609002065
:10469000BC3B00209D3B040000000000F0AA050088
:1046A000FC5605009C4905002C0900205C3C0020BC
:1046B000CD46040000000000FEAA050010570500CA
:1046C0009C4905002E090020683C0020CD460400CE
:1046D000000000006E860500CC5305004C4A050022
:1046E00020090020B0000020A1B603000000000057
:1046F000CEA905000000000094490500280900200B
:10470000183C0020314104000000000037AA0500D9
:1047100000000000F45605002A09002000000000F7
:10472000272E050000000000FBAC0500D457050053
:10473000904A05003809002098070020794F0400AE
:10474000000000008FAF05000000000010580500B9
:104750003A090020043D00205156040000000000EA
:1047600070A60500B8560500745605002209002001
:104770004C0600205923040000000000D6A80500C4
:104780000000000088490500240900200000000006
:10479000713404000000000010AB05002457050030
:1047A000C04905003009002000070020C12E050087
:1047B000000000002DAC050068070020D849050066
:1047C00032090020743C0020153005000000000074
:1047D000A7AC0500745705000C4A050034090020F9
:1047E000C83C0020754D040000000000B6AC050078
:1047F000A45705000C4A050036090020E03C0020C3
:08480000754D040000000000EA
:10480800A13A05008537050000000000E701050012
:1048180028470500B1340500743C0020A984040031
:10482800000700206D7E040000000000E70105007D
:1048380088040020952E05000978040085370500B6
:1048480000000000E701050000000000E701050086
:1048580000000000E701050000000000E701050076
:1048680000000000E7010500183C0020C9410400D1
:1048780000000000E701050000000000E701050056
:1048880000000000E70105000000000001510400DD
:1048980000000000E701050000000000E701050036
:1048A80000000000E701050000000000E701050026
:1048B80000000000E701050000000000E701050016
:1048C80000000000E701050000000000C15E0400D0
:1048D80000000000E701050000000000E7010500F6
:1048E80000000000E701050000000000E7010500E6
:1048F80000000000E701050000000000E7010500D6
:1049080000000000E701050000000000E7010500C5
:1049180000000000E701050000000000E7010500B5
:1049280000000000E701050000000000E7010500A5
:1049380000000000E7010500E92B040085370500A9
:1049480000000000E701050000000000E701050085
:1049580000000000E701050000000000E701050075
:1049680000000000E701050000000000E701050065
:1049780000000000E701050000000000E701050055
:0C498800C5380400453604005802000049
:08499400B5400400D93F040006
:10499C00C54404003D2E05004B2E0500632E05007A
:1049AC006F2E05007B2E0500B5430400B9420400B0
:0449BC0000000000F7
:1049C0005D470400000000002B2F050000000000E0
:1049D00000000000DB2F0500D949040000000000A2
:1049E0003548040000000000000000006B300500A6
:1049F000F53B04001B2E0500F32D05000000000010
:0C4A0000C13A04000000000000000000AB
:104A0C000333050021330500BD320500D532050006
:104A1C0000000000EF320500000000000000000064
:104A2C00000000000000000000000000000000007A
:104A3C00000000000000000000000000000000006A
:104A4C001D110500BDB503000000000075B4030086
:104A5C000911050017140500A31105009D10050090
:104A6C004D1405009911050000000000B51005005B
:104A7C000000000000000000BD100500D11305006F
:104A8C00CF10050045330500C14E04003733050037
:104A9C005B3505006B33050093330500C933050006
:104AAC00DD3305000B3405001F340500DD33050034
:104ABC00FB33050033340500413405004F34050049
:084ACC0081340500853405006A
:104AD4000500000099F3030006000000891A040091
:084AE40004000000E1050400DC
:104AEC001154030095530300000000000000000067
:084AFC000000000000000000B2
:104B0400EC55050004000000DC520500070000001D
:084B1400A85105000900000092
:104B1C00E3A8050003000000CB65050003000000BE
:104B2C004D690500030000003093050003000000F0
:104B3C00CA9F0500030000008F88050003000000D9
:104B4C00CD990500030000009688050003000000C5
:104B5C00A3A10500030000008791050003000000DD
:104B6C00D792050003000000949C05000300000090
:104B7C00ACAF0500030000009AAF05000300000075
:104B8C00D0A1050003000000E86705000300000049
:104B9C005F6A05000300000051730500030000006C
:104BAC006EA90500030000000CAB0500030000001B
:104BBC001DAB0500030000003AAC0500030000002B
:104BCC001961050003000000926405000300000059
:104BDC000C770500030000001077050003000000AF
:104BEC001179050003000000925F0500030000002E
:104BFC0015B0050003000000FC7F05000300000059
:104C0C0099820500030000003483050003000000B6
:104C1C0086A605000300000088B005000300000014
:104C2C0079BA050003000000CC71050003000000F8
:104C3C00CCAC050003000000C76F050003000000AA
:104C4C004383050003000000757405000300000099
:104C5C0009AD05000300000092A20500030000004E
:084C6C007EA605000300000014
:104C7400C0520500AC0300200079050001000000CB
:104C90000000000003000000300000006000000081
:104CA000000000006E9005007390050077900500ED
:104CB0007B9005007F90050083900500879005009C
:104CC0008B9005008F90050093900500979005004C
:104CD0009B9005009F900500A3900500A7900500FC
:104CE000AB900500AF900500B390050001000100F6
:104CF00000010100000100010000010001000000AE
:104D000001000B0002000A00050009000A0008006B
:104D1000140007001E000600320005004B000400CE
:104D20006400030096000200FA000100F401000094
:104D3000F401FA00960064004B0032001E001400DB
:104D40000A000500020001000C0802170D01010213
:104D500009090101060209181803010109098383E1
:104D600085030201230202240910040405050B0B2C
:104D7000040B2B1B1B159A9A1C021D1613050149C7
:104D80000D150508061B1B0F01010000FEFEFEFEAF
:104D9000FEFEFEFEFEFEFEFEFEFEFEFEFEFEFEFE33
:104DA000FE16FEFEFEFEFEFEFEFEFEFEFEFE1F1FC9
:104DB000FE26FEFEFEFEFEFEFEFEFEFEFEFEFEFEEB
:104DC000FEFEFEFE3E3EFEFEFEFE3B3BA301B103A9
:104DD000BF05EF024906A309C505F50B2512000022
:104DE0000100000010110040000000000000000061
:104DF00000000000000000000406080A0C0E10125B
:104E00001416181C1E20222426282A2C2E30323458
:104E100036383A3C3E40424446484A4C4E021A50CC
:104E20000000000028000000180000000000000042
:104E3000141E000030110000000000007017000078
:104E4000A00F00000000DC05E803000000000000E7
:104E5000141E00003011000000002CA6E0A100008C
:104E60003408E803D8ECF0F4F8FC0002030405066B
:104E70000708000000000000000000000000000023
:104E80000000000000000101010102020202030310
:104E900003030404040405050505060606080900C5
:104EA0000000000000000000000000000000000002
:104EB00000000001010101020202020303030304D6
:104EC0000404040505050506060708090A0B0C0D70
:104ED00000100200FA0000000000000000000000C6
:104EE0000338FDD8704700000100000000000000FA
:104EF0000500000000000000190000000000000094
:104F00007D000000000000007102000000000000B1
:104F1000350C000000000000093D0000000000000A
:104F20002D31010000000000E1F505000000000047
:104F300065CD1D0000000000F90295000000000092
:104F4000DD0EE90200000000514A8D0E0000000055
:104F50009573C24800000000E941CC6B01000000DD
:104F60008D49FD1A07000000C16FF2862300000082
:104F7000C52EBCA2B1000000D9E9AC2D7803000019
:104F80003D9160E45811000031D6E275BC56000036
:104F9000F52E6E4DAEB10100C9EA26836778080090
:104FA000ED95C28F055A2A00A1EDCCCE1BC2D300CD
:104FB00025A4000A8BCA22040000000000000000A3
:104FC00000000000000000100000000000000000D1
:104FD000B9340332B7F4AD1410DB1AB30892540E8F
:104FE0000D307D951447BA1A66088F4D26ADC66DF3
:104FF000F598BF85E2B74511CA96853D92BD1DEB78
:10500000FCA11860DCEF52163C92AE220BB8C1B482
:10501000839D2D5B0562DA1C304C7E8F4E8BB25B1C
:1050200016F4529F8B56A512FBD4827643ED8AF07C
:105030008FE7F9311565191850F19BD94A13EEB471
:10504000284CF0A686C1251F035FC270CB9E49166F
:10505000E642889C44EB2014B0650836AD6EA58509
:1050600085F0CA14E2FD031A0B899979D5B13D097F
:10507000D8DA973A35EBCF10AC363F5E73BB38CFFA
:105080003E6752FA44AFBA1501000000000000006C
:105090000000000000000020345065C05FC9A65227
:1050A000BB13CBAEC440C21806C8DF7100D5A87CC4
:1050B000F56F0FDA58FC27136E4756357D242065AF
:1050C00002C7E768E48CA41DE9E60268D7CD396120
:1050D0007977FCC2405BEF16798CDE43FFA751F96C
:1050E00091F3B278F5BDBE11E857E9D6E8BEE87B8A
:1050F000B054AC8F848D751BEA23A499E9F9D38B46
:10510000B7A3714061DA3E15CEE33ECB73F9480890
:105110008C97B427D51B7010A2BFEFB9EB85321561
:105120004DB44DB49BBB6F1996B6076CF8E7EEAD66
:1051300036D9B4F59135AE13222218AF4E6A684DB8
:1051400091DAAA3D4F40741E9FBD9EE006A1C09813
:1051500057C2A7FDA40E90170E7D497173E3208FEF
:10516000B220D87605143B12853D7434811343B0C8
:10517000AD297A5F27F4351CB8460500060001000A
:10518000B84605001E000100B84605001A000100DF
:10519000071000006B080020010100007B080020C0
:1051A000090800003C5D0500105A0500B523050004
:1051B00000000000AF080020000001000C5A0500AC
:1051C00059240500000000009C030020000001009D
:1051D0009E08002000000000000000000000000009
:1051E00000000000085A0500E5230500C90E040070
:1051F0008403002000000300045A05005924050020
:10520000000000007C030020000001008D08002049
:1052100000000000F951030000000000000002003F
:10522000005A050059240500000000007403002006
:10523000000001007C0800202D5203000000000047
:105240006041002000000100FC590500E523050035
:10525000C90E04005C03002000000300C81A0020EF
:10526000000100000BFF0400ADFE0400020000007E
:1052700085000500000000000000000000000000A4
:10528000000000008878050090780500000000000C
:105290000000000000000000987805009C780500E0
:1052A000A0780500A4780500B0520500A4310020C4
:1052B00009870300BC3100206B4100200100000081
:1052C000390105002F010500FD0005002D870300B1
:1052D00000000000F1000500000000003E5A05003B
:1052E000B5230500000000003A5A05000000010047
:1052F000365A050059240500000000005004002023
:10530000000001002E5A05008B010500000000007E
:1053100000000000000001002A5A05005924050081
:10532000000000004804002000000100225A05008F
:10533000570105000000000000000000000001000F
:105340001E5A0500592405000000000040040020FA
:1053500000000100165A050001880300000000004B
:10536000000000000000010000000000BF01050077
:105370007004002068040020600400200000000089
:10538000580400206189030055880300A9880300A0
:1053900009890300000000200000000000000B0647
:1053A00002000000A853050000000000F88105007D
:1053B00026000206000000200082050022000B11DA
:1053C000D99A0300000000006F020500400500208C
:1053D00000000000DB080020540500200000000051
:1053E000C0530500F05305008500000000000000D8
:1053F000207C0020C0530500045405002E0000004E
:1054000000000000AC830020C053050018540500C4
:10541000020100000000000080840020B790050019
:10542000D5900500F0900500009105000D91050054
:10543000169105001D910500249105002B91050092
:10544000339105000D9105003B9105004D9105003C
:1054500062910500759105000E03000019D4030048
:105460000F040000E5D303001A010000C5BB0300D0
:1054700005040000DDBB03001301000091C403001C
:105480003E010000BDBF030001120000951605009B
:105490000A1E0000A3160500FF01000031C1030031
:1054A0003E01000011C103000504000029BC0300F7
:1054B00010010000D1BC030001120000A9CC0300C0
:1054C0000A1E00005117050003090000E9C203008D
:1054D000040B0000E9BD0300060A000021D303000D
:1054E000070A0000A1BC03000C0500006DBC03000E
:1054F000C0530500005505004700000000000000F3
:105500009C8500204C990500599905007999050062
:105510006D990500849905009B990500AB990500DC
:10552000D29E0500BF990500C053050038550500FF
:105530000000000000000000BC860020C0530500F1
:105540004C5505008900000000000000E4860020A2
:10555000BF190500FF190500000000000000000051
:1055600000000000ADF70300000000000000000094
:105570000000000000000000020201001F1F0500E3
:1055800004040100A102040006060100E101040078
:1055900008040100CD0004000A020100071F0500F5
:1055A0000C040100EF1E05000E040100A9FF03001A
:1055B0002004010015FF03001004010025FE030074
:1055C00012020100711E05001E0004007522050074
:1055D00052020000971E0500C0530500E855050063
:1055E0008700000000000000F8880020565A0500DF
:1055F000B523050000000000525A0500000001001C
:105600004E5A050059240500000000002C06002019
:1056100000000100465A05000000000000000000E4
:105620000000000000000000425A0500E5230500CC
:10563000C90E040034060020000003000000000032
:10564000000000000000000000000000000000005A
:10565000B12505000000000000000000000000006F
:1056600000000000C4560500FC09002000000000F6
:105670000000000000000000E124040015230400E5
:10568000791D04002122040000000000912504007F
:105690000925040049310400F5220400000000003F
:1056A000C1310400A92A0400E51D0400C51D040041
:1056B0003B2D0500332D0500000000000300000015
:1056C0006D220400632D0500000000004B2D050035
:1056D000853A0400753B040000000000013D040011
:1056E000253C040062A90500172E0500132E0500B5
:1056F00068A905003D42040000000000FFFF000013
:105700000003005088040020000000000100000099
:10571000FFFFFFFF00000050880400200000000091
:1057200000000000000000000000000000009801E0
:1057300000000101012F05003C570500004000401A
:105740004857050001000000505705000200000006
:105750000400000C0500000B0030004064570500F9
:10576000010000006C570500020000000700000C5B
:105770001B00000B00000080FFFFFF7F0000008087
:1057800000000080FFFFFF7F00000080B80B0000DA
:105790000000000041C6050000FF0A009C4605000D
:1057A0000800000200000080FFFFFF7F0000008073
:1057B00000000080FFFFFF7F00000080000000006D
:1057C0000000000041C6050000FF08009C460500DF
:1057D0000A0000020020004001000000000000005C
:1057E000F45705000000D601000000000A42002026
:1057F0000942002000200040005805000100000080
:1058000008580500020000002B0000002C060001D3
:105810003D550400F535050023360500080000005D
:1058200003000000C9B90500D7B90500EBB90500B0
:10583000FAB9050006BA050080450500884505004F
:10584000F845050000460500704605008046050045
:1058500042BE05000001000088130000FF8FFFFF1B
:10586000FF8FFFFFFE8FFFFFFE8FFFFFFD8FFFFF0C
:10587000FC8FFFFFFC8FFFFF4661696C20746F2077
:1058800061637175697265206D757465780A0000D1
:105890004661696C20746F20696E6372656173651F
:1058A00020504D20636F756E7465720A0000000011
:1058B0006D757465785F667265652063616C6C6593
:1058C000642077697468204E554C4C207061726179
:1058D0006D6574657200000043616E277420696E07
:1058E000697469616C697A65206D757465782C20BE
:1058F000776173204E554C4C0D0A0000466174616F
:105900006C206572726F7200436F756C64206E6FED
:1059100074206C6F636B20706F7765722073617693
:1059200065206D7574657800647261676F6F6E2FA6
:105930006C6962732F73636865642F7372632F736E
:10594000636865645F68616C5F7274632E630000F6
:105950000000000000000000000000000000000047
:1059600000000040955969595555545515555556DF
:105970000405154110545540455155444045504487
:1059800050555545004000404004449665555655D5
:105990004540455451411540559155555555405137
:1059A00005010000544554544555050400100410E9
:1059B00014044000000001405555154154040000F6
:1059C00044000100000000404100004450444550A4
:1059D00054005555545565510040004001000001E8
:1059E0000005010011545151545555050015415001
:1059F000000004401001040500000000000002291E
:105A000000000328000003280000022900000328EA
:105A10000000002809040000042A0000042A0000F5
:105A200003280000012A0000012A000003280000CA
:105A3000002A0000002A00000328000000180000CF
:105A40000028000002290000052A0000052A0000A5
:105A500003280000011800000028202049524F4E62
:105A60004C4F4F5020E2809420536D61727420425D
:105A7000617262656C6C2056656C6F636974792025
:105A8000547261636B6572002020546172676574A3
:105A9000203A205365656564205849414F206E5275
:105AA0004635323834302053656E7365002020420D
:105AB0006F6F742023203A202564207C2055707459
:105AC000696D653A20256C6C64206D73002020425E
:105AD00075696C6420203A20257320257300536576
:105AE0007020323020323032360032333A34363A97
:105AF0003236002D2D2D2D2D2D2D2D2D2D2D2D2DF5
:105B00002D2D2D2D2D2D2D2D2D2D2D2D2D2D2D2DC5
:105B10002D2D2D2D2D2D2D2D2D2D2D2D2D2D2D2DB5
:105B20002D2D2D2D002020536F4320526573657459
:105B300020526561736F6E20526567697374657278
:105B400020285245534554524541533A2030782538
:105B5000303858290020203E3E20436C65616E207D
:105B6000506F7765722D4F6E2052657365742028D3
:105B7000504F52290020203E3E2050696E20526531
:105B8000736574202868617264776172652072653C
:105B900073657420627574746F6E207072657373B0
:105BA0006564290020203E3E205761746368646F5D
:105BB000672054696D656F75742052657365740054
:105BC00020203E3E20536F667477617265205265D7
:105BD00073657420284149524352290020203E3EDB
:105BE00020435055204C6F636B7570205265736570
:105BF000740020203E3E205B57414B455D2057619D
:105C00006B652D75702066726F6D20535953544526
:105C10004D204F464620536C656570206D6F64655E
:105C20002028427574746F6E20707265737329003A
:105C300020203E3E2057616B652D75702066726F87
:105C40006D204C50434F4D500020203E3E20446577
:105C500062756720696E746572666163652077613D
:105C60006B652D75700042617474657279206C6586
:105C700076656C20617420626F6F743A2025752000
:105C80006D5620284C6F77207468726573686F6C4E
:105C9000643A202575206D56290053657373696F2A
:105CA0006E206D616E6167657220696E6974206631
:105CB00061696C65643A202564005374617274698B
:105CC0006E6720424C4520737461636B202620610F
:105CD00064766572746973696E672E2E2E00424C6D
:105CE00045207365727669636520696E6974206604
:105CF00061696C656420285A6570687972206572E4
:105D0000722025642900424C4520416476657274F6
:105D10006973696E6720737461727465642073754A
:105D2000636365737366756C6C7920E2809420649C
:105D300065766963653A20222573220049726F6E89
:105D40004C6F6F700057616974696E6720666F727F
:105D500020424C452063656E7472616C20636F6EE7
:105D60006E656374696F6E20286175746F2D736C36
:105D70006565702077696E646F773A202564206DC1
:105D800073292E2E2E00574553545F544F504449CB
:105D9000522F7A65706879722F696E636C756465CD
:105DA0002F7A65706879722F647269766572732FC5
:105DB0006770696F2E6800286366672D3E706F728A
:105DC000745F70696E5F6D61736B20262028677049
:105DD000696F5F706F72745F70696E735F7429288A
:105DE00031554C203C3C202870696E2929292021FE
:105DF0003D20305500415353455254494F4E2046A3
:105E000041494C205B25735D20402025733A256471
:105E10000A0009556E737570706F72746564207036
:105E2000696E0A00494D5520706F77657220726166
:105E3000696C202850312E30382920656E61626CE3
:105E40006564205B4F4B5D004661696C656420743E
:105E50006F20636F6E66696775726520494D5520C6
:105E6000706F7765722070696E3A20256400475024
:105E7000494F3120636F6E74726F6C6C6572206E67
:105E80006F7420726561647920666F7220494D5588
:105E900020706F776572207261696C00493243200F
:105EA0006465766963652027257327206E6F7420EB
:105EB0007265616479212028636865636B20626F75
:105EC00061726420646566696E6974696F6E290029
:105ED000493243206275732027257327207265613C
:105EE0006479004C534D3644533354522D4320496A
:105EF0004D5520696E6974204641494C454420281F
:105F00006572722025642900436865636B3A2069D5
:105F1000732074686520626F61726420612027536A
:105F2000656E7365272076617269616E742077698A
:105F30007468206F6E626F61726420494D553F0036
:105F40004C534D3644533354522D4320494D552024
:105F50006F6E6C696E6520616E642076657269662D
:105F6000696564205B4F4B5D0053797374656D20E8
:105F700072656164792E2052756E6E696E67206D50
:105F800061696E206576656E74206C6F6F702E2E61
:105F90002E006D61696E0020205B4F4B5D0020205C
:105FA0005B4D49534D415443485D004932432062A3
:105FB0007573206E6F742072656164790050726F22
:105FC00062652061742030783641206661696C65B5
:105FD00064202876616C3D3078253032582C207250
:105FE00065743D2564292C20747279696E672030B0
:105FF0007836422E2E2E004C534D36445333545295
:106000002D43206174203078253032582057484F76
:106010005F414D5F49203D2030782530325820289F
:10602000657870656374656420307825303258294E
:10603000257300494D55206964656E746974792033
:10604000636865636B206661696C656420617420B8
:10605000626F7468203078364120616E6420307839
:1060600036420053572072657365742077726974E5
:1060700065206661696C65643A202564004354526A
:106080004C335F43207772697465206661696C6583
:10609000643A202564004354524C315F584C2077B9
:1060A00072697465206661696C65643A20256400D4
:1060B0004354524C325F47207772697465206661A1
:1060C000696C65643A20256400494D5520636F6E04
:1060D000666967757265643A20616363656C3D311A
:1060E0003034487A2FC2B1346720206779726F3D0F
:1060F000313034487A2FC2B1353030647073004982
:106100004D552062757273742072656164206661FA
:10611000696C65643A20256400696D750028666CB9
:10612000616773202620282831554C203C3C2028CC
:1061300032312929207C202831554C203C3C202814
:1061400032322929207C202831554C203C3C202803
:1061500032332929207C202831554C203C3C2028F2
:1061600032342929207C202831554C203C3C2028E1
:1061700032352929207C202831554C203C3C2028D0
:10618000323629292929203D3D20300009496E74E5
:1061900065727275707420666C61677320617265D8
:1061A000206E6F7420737570706F727465640A006E
:1061B00028666C616773202620282831203C3C200B
:1061C0003429207C202831203C3C203529292920D5
:1061D000213D20282831203C3C203429207C2028C7
:1061E00031203C3C20352929000950756C6C205524
:1061F0007020616E642050756C6C20446F776E2047
:1062000073686F756C64206E6F7420626520656EB4
:1062100061626C65642073696D756C74616E656F25
:1062200075736C790A00212828666C6167732026D3
:10623000202831554C203C3C202831362929292062
:106240002626202128666C61677320262028315578
:106250004C203C3C2028313729292920262620287B
:10626000666C6167732026202831203C3C20312950
:1062700029290009496E7075742063616E6E6F7410
:1062800020626520656E61626C656420666F7220B5
:10629000274F70656E20447261696E272C20274F4E
:1062A00070656E20536F7572636527206D6F64652E
:1062B0007320776974686F7574204F757470757486
:1062C0000A0028666C6167732026202831203C3C38
:1062D0002031292920213D2030207C7C2028666C1B
:1062E0006167732026202831203C3C203229292058
:1062F0003D3D20300028666C6167732026202828E9
:1063000031554C203C3C202831382929207C20283C
:1063100031554C203C3C2028313929292929203D60
:106320003D2030207C7C2028666C6167732026200D
:106330002831554C203C3C2028313729292920215F
:106340003D203000094F7574707574206E6565646A
:106350007320746F20626520656E61626C656420D5
:10636000746F20626520696E697469616C697A6511
:1063700064206C6F77206F7220686967680A002854
:10638000666C616773202620282831554C203C3CE0
:10639000202831382929207C202831554C203C3CAC
:1063A000202831392929292920213D202828315523
:1063B0004C203C3C202831382929207C202831558C
:1063C0004C203C3C2028313929292900094F75747B
:1063D0007075742063616E6E6F7420626520696EE3
:1063E000697469616C697A6564206C6F7720616E8D
:1063F0006420686967680A004661696C6564207496
:106400006F20636F6E66696720726564204C454437
:106410003A202564004661696C656420746F2063CE
:106420006F6E66696720677265656E204C45443AF9
:10643000202564004661696C656420746F20636F79
:106440006E66696720626C7565204C45443A20256C
:106450006400524742204C454420696E6469636180
:10646000746F7220696E697469616C697A65642001
:10647000285265643A6C6564302C20477265656EFD
:106480003A6C6564312C20426C75653A6C656432F7
:1064900029006C65645F696E64696361746F720082
:1064A0004144432072656164206661696C656420C3
:1064B000282564292C207573696E672063616368E1
:1064C0006564202575206D56004661696C65642001
:1064D000746F20636F6E66696775726520564241FE
:1064E0005420656E61626C652070696E3A20256487
:1064F0000041444320646576696365206E6F7420B3
:1065000072656164792C207573696E67206E6F6D9A
:10651000696E616C20626174746572792072656164
:1065200064696E677300414443206368616E6E6501
:106530006C207365747570206661696C65643A20BF
:1065400025640042617474657279206D6F6E6974A0
:106550006F72206F6E6C696E653A202575206D56DE
:106560002028736D6F6F74686564206F7665722084
:1065700025642073616D706C657329004241545429
:1065800045525920435249544943414C3A202575BC
:10659000206D5620286375746F6666203C3D20256B
:1065A00075206D56290042415454455259204C4F94
:1065B000573A202575206D5620287761726E696ED6
:1065C00067203C202575206D562900626174746532
:1065D000727900574553545F544F504449522F6DC0
:1065E0006F64756C65732F68616C2F6E6F72646970
:1065F000632F6E7266782F68616C2F6E72665F67AC
:1066000070696F2E68006E72665F6770696F5F7089
:10661000696E5F70726573656E745F636865636BE6
:10662000282A705F70696E2900427574746F6E203D
:1066300072656C656173656420616674657220259E
:106640006C6C64206D73002020456E746572696EF9
:10665000672053595354454D204F464620446565A5
:106660007020536C6565702E2E2E002020507265B0
:10667000737320627574746F6E206F6E20443020C7
:106680002850302E30322920746F2077616B6520BE
:1066900075702E00424C4520636F6E6E65637469A1
:1066A0006F6E2077696E646F772074696D65642002
:1066B0006F757420282564206D73292077697468AC
:1066C000206E6F2063656E7472616C2E20456E744F
:1066D0006572696E67206175746F2D736C65657086
:1066E0002E004661696C656420746F20636F6E666E
:1066F000696775726520627574746F6E2070696E5B
:10670000207669612044543A202564004661696C12
:10671000656420746F20636F6E66696775726520AB
:10672000627574746F6E20696E74657272757074C0
:106730003A20256400427574746F6E20696E697426
:1067400069616C697A6564206F6E2070696E2025BE
:106750006420766961206465766963657472656535
:1067600000427574746F6E20696E697469616C693A
:106770007A6564206F6E2066616C6C6261636B2069
:1067800070696E2050302E3032202844302900426B
:106790004C4520636F6E6E65637465643A20417585
:1067A000746F2D736C6565702074696D65722070EF
:1067B000617573656400424C4520646973636F6E54
:1067C0006E65637465643A204175746F2D736C65F2
:1067D00065702074696D65722072657365742074CC
:1067E0006F202564206D7300627574746F6E0042B3
:1067F0004C4520436F6D6D616E6420726563656901
:106800007665643A20307825303258004E4F54492E
:10681000465920454E41424C4544005374617475BD
:10682000732043434344206368616E6765643A2084
:1068300025730053747265616D20434343442063A4
:1068400068616E6765643A202573004164766572FD
:10685000746973696E67207374617274206661690C
:106860006C65642028657272202564290041647675
:106870006572746973696E672061732027257327B9
:10688000207374617274656400424C452043656EE8
:106890007472616C20446973636F6E6E65637465B6
:1068A000642028726561736F6E203078253032580D
:1068B000290052652D7374617274696E672061647A
:1068C000766572746973696E672E2E2E00424C4590
:1068D00020436F6E6E656374696F6E206661696CCC
:1068E000656420286572722030782530325829007E
:1068F000424C452043656E7472616C20436F6E6E2E
:106900006563746564205B4F4B5D00426C75657414
:106910006F6F746820696E6974206661696C656464
:1069200020286572722025642900426C7565746F99
:106930006F746820696E697469616C697A65642036
:106940007375636365737366756C6C7900626C65EF
:106950005F73657276696365005374617274696E02
:106960006720332D7365636F6E642073746174697F
:106970006F6E6172792063616C6962726174696FB4
:106980006E20283330302073616D706C6573292E52
:106990002E2E004B45455020444556494345204343
:1069A0004F4D504C4554454C59205354494C4C2163
:1069B0000043616C6962726174696F6E206661691F
:1069C0006C65643A206F6E6C792025642076616C6A
:1069D00069642073616D706C65730043616C6962FA
:1069E000726174696F6E2053554343455353202899
:1069F00025642073616D706C6573293A002020470F
:106A000079726F206269617320286465672F73292A
:106A10003A2067783D252E33662C2067793D252E58
:106A200033662C20677A3D252E336600202047727E
:106A3000617669747920766563746F7220286D2F92
:106A40007332293A2061783D252E33662C206179F6
:106A50003D252E33662C20617A3D252E336600635A
:106A6000616C6962726174696F6E003E3E3E2053D4
:106A7000455353494F4E2053544F505045443A20AC
:106A8000494D552073747265616D696E6720686148
:106A90006C7465642E003E3E3E2053455353494F6F
:106AA0004E204143544956453A2031303020487AEF
:106AB00020494D552073747265616D696E6720734E
:106AC000746172746564210053657373696F6E201D
:106AD0006D616E6167657220696E697469616C6968
:106AE0007A65642077697468204C45442C20626183
:106AF00074746572792C20616E6420627574746F91
:106B00006E20737570706F72740053746174757356
:106B10002073656E743A207374617475733D3078B8
:106B2000253032582C20626174743D2575206D56D5
:106B30002C2061636B3D307825303258003D3D3D5F
:106B40003D3D3D3D3D3D3D3D3D3D3D3D3D3D3D3D75
:106B50003D3D3D3D3D3D3D3D3D3D3D3D3D3D3D3D65
:106B60003D3D3D3D3D3D3D3D3D3D3D3D3D3D3D3D55
:106B70003D3D3D3D3D3D3D3D3D3D3D3D3D3D00209F
:106B800020435249544943414C20424154544552B8
:106B9000593A202575206D56203C3D202575206DE5
:106BA00056210020205368757474696E6720646FE5
:106BB000776E20696D6D6564696174656C792074A8
:106BC0006F2070726F74656374203330306D41686C
:106BD000204C69506F2063656C6C2066726F6D206D
:106BE00064616D616765210050726F6365737369DD
:106BF0006E6720636F6D6D616E643A20307825306A
:106C000032580043616E6E6F742073746172742029
:106C100073657373696F6E3A2053656E736F72207C
:106C20006661756C7420666C6167206973206163AE
:106C30007469766521003E3E3E204155544F2D43F8
:106C4000414C4942524154452D4F4E2D53544152CF
:106C5000543A2052756E6E696E67203373206361FB
:106C60006C6962726174696F6E2E2E2E003E3E3E1C
:106C7000204B4545502042415242454C4C20434F09
:106C80004D504C4554454C59205354494C4C2100CF
:106C900043616C6962726174696F6E20535543433E
:106CA0004553533A206779726F5F626961733D5B48
:106CB000252E32662C20252E32662C20252E32667B
:106CC0005D206470730043616C6962726174696F06
:106CD0006E20636F6D706C6574656420776974688D
:106CE000207761726E696E673A202564003E3E3EF1
:106CF0002053544F505F53455353494F4E3A2053FE
:106D0000746F7070696E6720494D55207374726599
:106D1000616D696E672E0043616E6E6F74206361F2
:106D20006C6962726174653A2053656E736F72208C
:106D30006661756C7420666C61672069732061639D
:106D40007469766521003E3E3E205374616E646135
:106D50006C6F6E652043414C4942524154453A2084
:106D600052756E6E696E672033732063616C696261
:106D7000726174696F6E2E2E2E003E3E3E20504989
:106D80004E473A2053656E64696E67207374617470
:106D90007573206865617274626561742E00556E4A
:106DA0006B6E6F776E20636F6D6D616E643A20302D
:106DB0007825303258004C4F4E4720283E312E3532
:106DC00073290053484F525420283C312E357329E3
:106DD00000427574746F6E206576656E74207265FE
:106DE0006365697665643A202573207072657373F4
:106DF0000053657373696F6E2069732061637469F2
:106E000076653A20427574746F6E20707265737384
:106E1000202D3E2053544F5050494E4720736573E8
:106E200073696F6E20616E6420656E746572696E41
:106E30006720534C4545502E2E2E004E6F74206D0A
:106E400069642D73657373696F6E3A204C6F6E675A
:106E5000207072657373202D3E20547269676765D8
:106E600072696E672043414C4942524154494F4E2A
:106E700021004E6F74206D69642D73657373696FA3
:106E80006E3A2053686F7274207072657373206954
:106E9000676E6F7265642028686F6C64203E312EC7
:106EA000357320746F2063616C6962726174652947
:106EB00000494D552072656164206661696C6564A6
:106EC000202825642900424C45206E6F746966793C
:106ED000206661696C65643A20256400424C452057
:106EE00043656E7472616C20436F6E6E656374658A
:106EF0006420E28094206465766963652052454190
:106F000044592E00424C452043656E7472616C20DA
:106F1000446973636F6E6E656374656420E2809488
:106F20002073746F7070696E672061637469766531
:106F30002073657373696F6E2069662072756E6E5B
:106F4000696E672E0053747265616D206E6F74698F
:106F50006669636174696F6E7320454E41424C45AA
:106F6000442062792063656E7472616C2E003E3E2F
:106F70003E204155544F2D53544152543A204265BE
:106F800067696E6E696E672072617720494D552082
:106F900073747265616D696E672E2E2E0053747264
:106FA00065616D206E6F74696669636174696F6E87
:106FB000732044495341424C454420627920636523
:106FC0006E7472616C2E0073657373696F6E5F6CA3
:106FD000697465006865617020636F7272757074A2
:106FE000696F6E202866726565206C697374206C09
:106FF000696E6B61676529006865617020636F72F7
:1070000072757074696F6E2028667265652063689A
:10701000756E6B206C696E6B6167652900686561D0
:107020007020636F7272757074696F6E20286E6F56
:107030007420696E207573653F2920617420257066
:10704000006865617020636F7272757074696F6E2D
:107050002028627566666572206F766572666C6F51
:10706000773F292061742025700068656170206376
:107070006F7272757074696F6E20286C656674200B
:107080006E65696768626F723F29206174202570A0
:10709000006865617020636F7272757074696F6EDD
:1070A0002028646F75626C6520667265653F2920D3
:1070B000617420257000574553545F544F50444924
:1070C000522F7A65706879722F6C69622F686561DA
:1070D000702F686561702E630028616C69676E208F
:1070E000262028616C69676E202D20312929203DDA
:1070F0003D20300009616C69676E206D75737420E6
:107100006265206120706F776572206F6620320A99
:10711000006279746573202F203855203C3D203063
:107120007837666666550009686561702073697A0C
:107130006520697320746F6F206269670A00627945
:10714000746573203E20686561705F666F6F74655B
:10715000725F6279746573286279746573290009B6
:10716000686561702073697A6520697320746F6F38
:1071700020736D616C6C0A00686561705F737A20C2
:107180003E206368756E6B737A2873697A656F66E3
:1071900028737472756374207A5F68656170292939
:1071A000006368756E6B305F73697A65202B206DA4
:1071B000696E5F6368756E6B5F73697A65286829AD
:1071C000203C3D20686561705F737A006F735F6873
:1071D00065617000574553545F544F504449522FD6
:1071E0007A65706879722F6C69622F6F732F636292
:1071F0007072696E74665F7061636B616765642E3F
:10720000630009537472696E67207769746820742B
:107210006F6F206D616E7920617267756D656E7438
:10722000730A00097374725F7074725F706F735BBE
:107230005D20746F6F20736D616C6C0A0009746F50
:107240006F206D616E7920666F726D61742061725E
:1072500067730A00696E5F7061636B6167656420C4
:10726000213D202828766F6964202A2930290028AA
:10727000756E7369676E6564292063686172202A80
:10728000207573656420666F7220252570206172F9
:1072900067756D656E742E2049742773207265635F
:1072A0006F6D6D656E64656420746F2063617374C7
:1072B00020697420746F20766F6964202A206265CB
:1072C0006361757365206974206D617920636175F0
:1072D0007365206D69736265686176696F72206994
:1072E0006E206365727461696E20636F6E66696794
:1072F00075726174696F6E732E20537472696E6754
:107300003A2225732220617267756D656E743A2585
:107310006400736370795F636E74203C2073697AD4
:10732000656F66286370795F7374725F706F73291D
:10733000006B6565705F636E74203C2073697A65CD
:107340006F66286B6565705F7374725F706F732909
:107350000063627072696E74665F7061636B61670F
:107360006500574553545F544F504449522F7A6536
:10737000706879722F696E636C7564652F7A6570B9
:107380006879722F6B65726E656C2E6800216B5F79
:1073900069735F7072655F6B65726E656C2829003A
:1073A000096B5F63757272656E745F6765742063E5
:1073B000616C6C6564207072652D6B65726E656CB6
:1073C0000A00574553545F544F504449522F7A6531
:1073D000706879722F6C69622F6F732F6D70736391
:1073E0005F706275662E6300657272203D3D2030CD
:1073F00000574553545F544F504449522F7A65709B
:107400006879722F696E636C7564652F7A65706830
:1074100079722F7370696E6C6F636B2E68007A5F80
:107420007370696E5F6C6F636B5F76616C69642803
:107430006C290009496E76616C6964207370696E0D
:107440006C6F636B2025700A007A5F7370696E5FE2
:10745000756E6C6F636B5F76616C6964286C290074
:10746000094E6F74206D79207370696E6C6F636B59
:107470002025700A007379735F6765746F707400FC
:10748000574553545F544F504449522F7A657068A2
:1074900079722F6C69622F7574696C732F6F6E6FC0
:1074A00066662E63007374617465203D3D2030551F
:1074B00000217379735F736C6973745F69735F65BF
:1074C0006D70747928266D67722D3E636C69656EE8
:1074D000747329007472616E73697420213D2028D1
:1074E00028766F6964202A293029007374617465D5
:1074F000203D3D202831554C203C3C202831292975
:10750000006D67722D3E72656673203D3D20300030
:107510007374617465203D3D202831554C203C3CFE
:107520002028302929006D67722D3E726566732010
:107530003E203000287374617465203D3D2028286A
:1075400031554C203C3C2028322929207C202831F0
:10755000554C203C3C20283129292929207C7C209D
:10756000287374617465203D3D20282831554C20D6
:107570003C3C2028322929207C2030552929207C98
:107580007C20287374617465203D3D202828315586
:107590004C203C3C2028322929207C202831554C85
:1075A000203C3C2028302929292900574553545F85
:1075B000544F504449522F7A65706879722F6C6924
:1075C000622F7574696C732F6E6F746966792E63A0
:1075D00000574553545F544F504449522F7A6570B9
:1075E0006879722F6C69622F7574696C732F726978
:1075F0006E675F6275666665722E63005745535409
:107600005F544F504449522F7A65706879722F69E0
:107610006E636C7564652F7A65706879722F6C6F14
:107620006767696E672F6C6F675F6261636B656E1A
:10763000642E68006261636B656E6420213D2028C2
:1076400028766F6964202A293029006C6F67676982
:107650006E6700574553545F544F504449522F7A38
:1076600065706879722F7375627379732F6C6F67A9
:1076700067696E672F6C6F675F636F72652E63005B
:107680006C6F675F6261636B656E645F636F756E7D
:10769000745F6765742829203C2028283332202F06
:1076A00020335529202D202831202B203029290056
:1076B0006261636B656E64203C3D205F6C6F675F49
:1076C0006261636B656E645F6C6973745F656E6441
:1076D0000009756E6578706563746564206C697304
:1076E0007420656E64206C6F636174696F6E0A004C
:1076F0006C6F675F6261636B656E645F636F756E0D
:10770000745F6765742829203E2030006C6F670025
:107710006C6F675F6D676D74004D6573736167654E
:10772000202822257322292064726F7070656420DE
:10773000626563617573652069742065786365654A
:1077400064732073697A65206C696D69746174690A
:107750006F6E202825752900574553545F544F50AC
:107760004449522F7A65706879722F737562737904
:10777000732F6C6F6767696E672F6C6F675F6D73D0
:10778000672E6300706C656E203E3D2030004D65B5
:1077900073736167652064726F70706564206265E1
:1077A00063617573652069742065786365656473CA
:1077B0002073697A65206C696D69746174696F6E94
:1077C0002028257529000D0A00574553545F544F52
:1077D000504449522F7A65706879722F73756273BD
:1077E00079732F6C6F6767696E672F6C6F675F6F58
:1077F00075747075742E63006F75745F6374782D83
:107800003E636F6E74726F6C5F626C6F636B2D3E64
:107810006F6666736574203C3D206F75745F63749A
:10782000782D3E73697A65001B5B306D006C657660
:10783000656C203C3D203400257320005B253038EA
:107840006C755D20005B253032753A253032753A13
:10785000253032752E253033752C253033755D205B
:10786000003C25733E200025732F0025733A20002D
:10787000657272203E3D2030002530327820002095
:107880002020007C002563001B5B313B33316D0001
:107890001B5B313B33336D006572720077726E0093
:1078A000696E660064626700574553545F544F50D9
:1078B0004449522F7A65706879722F7375627379B3
:1078C000732F6C6F6767696E672F6261636B656E9C
:1078D00064732F6C6F675F6261636B656E645F7565
:1078E0006172742E63006465766963655F69735FB6
:1078F000726561647928756172745F6465762900C8
:107900006C6F675F6261636B656E645F75617274F3
:10791000006C6F675F75617274006364635F6163BD
:107920006D5F30006364635F61636D5F736572698F
:10793000616C002A2A2A20426F6F74696E67206E7C
:10794000524620436F6E6E6563742053444B20761D
:10795000332E342E302D39393535333035353630F8
:107960003762202A2A2A0A002A2A2A205573696E99
:1079700067205A6570687972204F532076342E3410
:107980002E302D62663830316534653364313920EC
:107990002A2A2A0A006D757465785F696E697420F9
:1079A00063616C6C65642077697468204E554C4C3B
:1079B00020706172616D6574657200436F756C64EF
:1079C000206E6F7420616C6C6F63617465206D75DF
:1079D000746578206265666F726520696E69746986
:1079E000616C697A696E670072302F61313A2020CC
:1079F000307825303878202072312F61323A2020BB
:107A0000307825303878202072322F61333A2020A8
:107A10003078253038780072332F61343A202030A6
:107A20007825303878207231322F69703A20203032
:107A30007825303878207231342F6C723A2020301B
:107A400078253038780020787073723A20203078AA
:107A50002530387800735B2532645D3A2020307819
:107A6000253038782020735B2532645D3A20203041
:107A700078253038782020735B2532645D3A2020E9
:107A80003078253038782020735B2532645D3A20C9
:107A9000203078253038780066707363723A202081
:107AA000307825303878004661756C74696E6720CF
:107AB000696E737472756374696F6E206164647249
:107AC00065737320287231352F7063293A2030781E
:107AD0002530387800556E68616E646C65642049A5
:107AE00052516E3A202564002A2A2A2A2A20555308
:107AF000414745204641554C54202A2A2A2A2A002B
:107B000020204469766973696F6E206279207A65F6
:107B1000726F002020556E616C69676E6564206D20
:107B2000656D6F7279206163636573730020204E09
:107B30006F20636F70726F636573736F7220696E0D
:107B4000737472756374696F6E73002020496C6C76
:107B50006567616C206C6F6164206F6620455843D7
:107B60005F52455455524E20696E746F2050430049
:107B70002020496C6C6567616C20757365206F66A9
:107B8000207468652045505352002020417474656C
:107B90006D707420746F20657865637574652075E9
:107BA0006E646566696E656420696E737472756370
:107BB00074696F6E002A2A2A2A2A204255532046C9
:107BC00041554C54202A2A2A2A2A00202053746125
:107BD000636B696E67206572726F72002020556E4C
:107BE000737461636B696E67206572726F720020D7
:107BF00020507265636973652064617461206275E9
:107C000073206572726F72002020424641522041FB
:107C10006464726573733A203078257800202049B7
:107C20006D7072656369736520646174612062754B
:107C300073206572726F72002020496E73747275C2
:107C40006374696F6E20627573206572726F720063
:107C50002020466C6F6174696E672D706F696E7459
:107C6000206C617A79207374617465207072657319
:107C70006572766174696F6E206572726F72002A28
:107C80002A2A2A2A204D5055204641554C54202A54
:107C90002A2A2A2A002020537461636B696E6720A8
:107CA0006572726F722028636F6E746578742061DC
:107CB000726561206D69676874206265206E6F74FB
:107CC0002076616C69642900202044617461204140
:107CD00063636573732056696F6C6174696F6E00BE
:107CE00020204D4D46415220416464726573733AC1
:107CF0002030782578002020496E73747275637483
:107D0000696F6E204163636573732056696F6C61A0
:107D100074696F6E00574553545F544F5044495235
:107D20002F7A65706879722F617263682F61726D46
:107D30002F636F72652F636F727465785F6D2F6646
:107D400061756C742E6300212828285343425F54C8
:107D5000797065202A292028283078453030304530
:107D6000303030554C29202B20307830443030557D
:107D70004C2920292D3E4346535220262028315598
:107D80004C203C3C20283055202B203455292929D3
:107D90000009537461636B696E67206572726F725C
:107DA000206E6F74206120737461636B206661695B
:107DB0006C0A0A00526573657276656420457863C3
:107DC000657074696F6E20280053707572696F75E5
:107DD0007320696E746572727570742028495251EF
:107DE0002000535053454C20696E207468726561C1
:107DF00064206D6F646520646F6573206E6F7420FE
:107E0000696E6469636174652050535000657366E0
:107E100020213D202828766F6964202A29302900F6
:107E20000945534620636F756C64206E6F74206241
:107E30006520726574726965766564207375636325
:107E400065737366756C6C792E205368616C6C2059
:107E50006E65766572206F636375722E0A002A2A3A
:107E60002A2A2A2048415244204641554C54202A6F
:107E70002A2A2A2A002020427573206661756C74B4
:107E8000206F6E20766563746F72207461626C651A
:107E90002072656164002020446562756720657604
:107EA000656E740020204661756C74206573636193
:107EB0006C6174696F6E20287365652062656C6FF4
:107EC000772900415243485F455843455054207735
:107ED00069746820726561736F6E2025780A0009E5
:107EE0004661756C7420657363616C6174696F6E53
:107EF00020776974686F75742046535220696E66E6
:107F00006F0A0009486172644661756C7420776974
:107F100074686F7574204846535220696E666F20EE
:107F20005368616C6C206E65766572206F63637553
:107F3000720A002A2A2A2A2A204465627567206D5F
:107F40006F6E69746F7220657863657074696F6EA7
:107F5000202A2A2A2A2A002A2A2A2A2A2025732085
:107F6000256429202A2A2A2A2A00574553545F5477
:107F70004F504449522F7A65706879722F6172634D
:107F8000682F61726D2F636F72652F636F727465F6
:107F9000785F6D2F6972715F6D616E6167652E63C9
:107FA000007072696F203C3D20282831554C203CE0
:107FB0003C2028332929202D2031290009696E769B
:107FC000616C6964207072696F72697479202564CC
:107FD00020666F7220256420697271212076616CA1
:107FE000756573206D757374206265206C6573739D
:107FF000207468616E20256C750A0A006D7075002A
:108000004661696C656420746F20616C6C6F63619C
:108010007465206E6577204D505520726567696FD5
:108020006E2025750A00506172746974696F6E2044
:1080300025753A20636F686572656E6365206368B5
:1080400065636B206661696C65642E005745535407
:108050005F544F504449522F7A65706879722F618E
:108060007263682F61726D2F636F72652F6D70750B
:108070002F61726D5F6D70752E630009436F6E66C0
:1080800069677572696E67202575207374617469FC
:1080900063204D505520726567696F6E732066616D
:1080A000696C65640A0A0009436F6E6669677572D8
:1080B000696E672025752064796E616D6963204D56
:1080C000505520726567696F6E73206661696C65D3
:1080D000640A0A00095265717565737420746F2013
:1080E000636F6E6669677572653A202575207265E3
:1080F00067696F6E732028737570706F7274656432
:108100003A202575290A0A002128726567696F6E71
:108110005B6964785D2E64745F61747472202620DC
:108120002831554C203C3C2028302929290009526F
:10813000414D5F4E4F434143484520776974682065
:1081400044545F4D454D5F434143484541424C4592
:10815000206174747269627574650A0A0009466167
:10816000696C656420746F20616C6C6F6361746509
:10817000204D505520726567696F6E732066726F6F
:108180006D2044540A0A002828284D50555F547920
:108190007065202A29202828307845303030453035
:1081A0003030554C29202B20307830443930554C14
:1081B0002920292D3E545950452026202830784624
:1081C00046554C203C3C2038552929203E3E20383D
:1081D00055203D3D20380009496E76616C69642068
:1081E0006E756D626572206F66204D505520726508
:1081F00067696F6E730A0A00464C4153485F30004E
:108200005352414D5F3000574553545F544F5044D3
:1082100049522F7A65706879722F6C69622F6E658A
:10822000745F6275662F6275662E63006275662DD7
:108230003E6672616773203D3D202828766F696431
:10824000202A293029007265715F73697A65203CA4
:108250003D2073697A65006275662D3E7265660021
:108260000962756620257020646F75626C652066F2
:108270007265650A00706172656E742D3E6672618A
:10828000677300706172656E742D3E66726167730C
:10829000203D3D2066726167006E65745F627566A1
:1082A00000574553545F544F504449522F7A6570DC
:1082B0006879722F6C69622F6E65745F6275662FC4
:1082C0006275665F73696D706C652E6300627566BA
:1082D0002D3E6C656E203D3D203055006E65745F0F
:1082E0006275665F73696D706C655F7461696C72ED
:1082F0006F6F6D2862756629203E3D206C656E00AB
:108300006275662D3E6C656E203E3D206C656E008C
:108310006E65745F6275665F73696D706C655F68CA
:10832000656164726F6F6D2862756629203E3D201D
:108330006C656E006E65745F6275665F73696D7003
:108340006C6500736F6300574553545F544F50443E
:1083500049522F7A65706879722F737562737973D9
:108360002F7573622F6465766963655F6E657874D7
:108370002F757362645F6465766963652E630009B7
:108380004E6F7420737570706F72746564207370B3
:108390006565640A00574553545F544F5044495231
:1083A0002F7A65706879722F696E636C7564652FBA
:1083B0007A65706879722F647269766572732F7549
:1083C00073622F7564632E6800574553545F544F92
:1083D000504449522F7A65706879722F73756273B1
:1083E00079732F7573622F6465766963655F6E6557
:1083F00078742F757362645F6368392E63006173EC
:10840000636969375F7374725B695D203E20307801
:108410003146202626206173636969375F73747261
:108420005B695D203C203078374600094F6E6C79DF
:10843000207072696E7461626C6520617363696932
:108440002D37206368617261637465727320617295
:108450006520616C6C6F77656420696E20555342AE
:1084600020737472696E67206465736372697074D7
:108470006F72730A00574553545F544F504449522A
:108480002F7A65706879722F7375627379732F759F
:1084900073622F6465766963655F6E6578742F75A6
:1084A0007362645F636F72652E63007564735F63EC
:1084B000747820213D202828766F6964202A29308D
:1084C0002920262620757362645F69735F696E696F
:1084D0007469616C697A6564287564735F63747824
:1084E00029000955534220646576696365206973E4
:1084F000206E6F7420696E697469616C697A656455
:108500000A007573626400635F6E64203C3D205F07
:10851000757362645F636C6173735F66735F6C69CC
:1085200073745F656E6400635F6E64203C3D205F22
:10853000757362645F636C6173735F68735F6C69AA
:1085400073745F656E6400574553545F544F5044D5
:1085500049522F7A65706879722F737562737973D7
:108560002F7573622F6465766963655F6E657874D5
:108570002F757362645F636C6173732E630057457C
:1085800053545F544F504449522F7A657068797242
:108590002F7375627379732F7573622F64657669B3
:1085A00063655F6E6578742F757362645F656E6472
:1085B000706F696E742E63000943616E6E6F742074
:1085C00064657465726D696E6520624D6178506195
:1085D000636B657453697A65302028756E737570A6
:1085E000706F72746564207370656564290A005742
:1085F0004553545F544F504449522F7A65706879FF
:10860000722F7375627379732F7573622F64657639
:108610006963655F6E6578742F757362645F6D73EF
:10862000672E63006E6F646520213D202828766FD9
:108630006964202A2930290009736C6973742061E8
:1086400070706561727320746F20626520656D7053
:1086500074790A00094661696C656420746F20733F
:1086600063686564756C6520776F726B0A00626F72
:108670006172645F6364635F61636D5F756172748F
:10868000007075626C69630072616E646F6D00707A
:1086900075626C69632D69640072616E646F6D2D23
:1086A000696400253032583A253032583A25303244
:1086B000583A253032583A253032583A2530325817
:1086C000202825732900574553545F544F5044497F
:1086D000522F7A65706879722F696E636C75646564
:1086E0002F7A65706879722F7379732F6279746548
:1086F0006F726465722E6800282870737263203C64
:108700002070647374202626202870737263202BD7
:10871000206C656E67746829203C3D20706473741A
:1087200029207C7C202870737263203E2070647343
:1087300074202626202870647374202B206C656EAC
:1087400067746829203C3D207073726329290009F1
:10875000536F7572636520616E642064657374691C
:108760006E6174696F6E2062756666657273206DE6
:10877000757374206E6F74206F7665726C61700A09
:1087800000574553545F544F504449522F7A6570F7
:108790006879722F7375627379732F626C75657463
:1087A0006F6F74682F686F73742F6275662E630025
:1087B00074797065203D3D2042545F4255465F45C7
:1087C0005654207C7C2074797065203D3D204254B5
:1087D0005F4255465F41434C5F494E207C7C20748C
:1087E000797065203D3D2042545F4255465F4953B4
:1087F0004F5F494E0009496E76616C69642062756D
:10880000666665722074797065207265717565732E
:108810007465640A00574553545F544F504449529D
:108820002F7A65706879722F696E636C7564652F35
:108830007A65706879722F626C7565746F6F746891
:108840002F6275662E68006D6574612D3E706172D1
:10885000656E740076696577006E65745F62756633
:108860005F68656164726F6F6D28706172656E74A8
:1088700029203E2030002162745F6275665F686166
:10888000735F7669657728706172656E742900621E
:10889000745F6275660062745F6461746100446154
:1088A000746120627566666572206F766572666CAB
:1088B0006F7720286C696E6B207479706520307832
:1088C000253032782900556E61626C6520746F2006
:1088D0006C6F6F6B20757020636F6E6E207769749C
:1088E000682068616E646C6520257500556E616254
:1088F0006C6520746F206C6F6F6B757020636F6E8A
:108900006E20666F722068616E646C65202575004C
:108910004861726477617265206572726F722C2093
:10892000686172647761726520636F64653A2025BF
:108930006400436F756C64206E6F74207375626D94
:1089400069742072785F776F726B3A2025640055E6
:108950006E61626C6520746F20616C6C6F63617412
:10896000652062756666657200556E68616E646C3E
:108970006564206576656E74203078253032782005
:108980006C656E2025753A20257300546F6F207337
:108990006D616C6C202825752062797465732920BF
:1089A0006576656E742030782530327800496E76B1
:1089B000616C696420484349206576656E74207354
:1089C000697A65202825752900496E76616C69648D
:1089D000204C45206D657461206576656E7420734A
:1089E000697A65202825752900574553545F544FEF
:1089F000504449522F7A65706879722F737562738B
:108A000079732F626C7565746F6F74682F686F73FC
:108A1000742F6863695F636F72652E630065767497
:108A20005F666C6167732026202831554C203C3CE2
:108A3000202830292900496E76616C6964206275AE
:108A400066207479706520257500496E76616C69C1
:108A500064204843492041434C207061636B657436
:108A60002073697A6520282575290041434C2064CC
:108A7000617461206C656E677468206D69736D61E7
:108A80007463682028257520213D2025752900550F
:108A90006E61626C6520746F2066696E6420636F1E
:108AA0006E6E20666F722068616E646C652025753D
:108AB0000062745F6863695F6576745F6765745FA1
:108AC000666C616773286864722D3E657674292030
:108AD00026202831554C203C3C202831292900559E
:108AE0006E6B6E6F776E206275662074797065208C
:108AF000257500556E68616E646C65642076656EE0
:108B0000646F722D7370656369666963206576654D
:108B10006E7420307825303278206C656E20257593
:108B20003A202573004E6F20636F6D6D616E642077
:108B300073656E7420666F7220636D6420636F6D61
:108B4000706C65746520307825303478004F704340
:108B50006F64652030782530347820636F6D706CD9
:108B60006574656420696E7374656164206F662046
:108B700065787065637465642030782530347800DA
:108B80002162756600696E74657276616C20657825
:108B90006365656473207468652076616C69642020
:108BA00072616E6765202575207573006C61746550
:108BB0006E637920657863656564732074686520E9
:108BC00076616C69642072616E676520307825304B
:108BD000347800737570765F74696D656F75742095
:108BE00065786365656473207468652076616C6977
:108BF000642072616E676520307825303478004ECD
:108C00006F2070656E64696E672070657269706848
:108C10006572616C20636F6E6E656374696F6E0060
:108C2000556E6578706563746564207374617475DE
:108C300073203078253032782025730065767420D3
:108C40006E756D5F68616E646C657320283D257577
:108C50002920746F6F206C617267652028257A75F2
:108C6000203E20257529004E6F20636F6E6E656370
:108C700074696F6E20666F722068616E646C652027
:108C80002575007061636B65747320636F756E7416
:108C9000206D69736D617463680061746F6D6963E1
:108CA0005F6765742826636F6E6E2D3E696E5F6C1C
:108CB0006C2900756E6B6E6F776E005B305D0048DF
:108CC0004349207472616E73706F72743A20257319
:108CD00000534443004964656E7469747925733A9E
:108CE000202573004964656E746974795B25645D41
:108CF0003A202573004843493A2076657273696FBC
:108D00006E2025732028307825303278292072652E
:108D1000766973696F6E203078253034782C206D39
:108D2000616E756661637475726572203078253086
:108D30003478004C4D503A2076657273696F6E201E
:108D40002573202830782530327829207375627693
:108D5000657220307825303478000925640A005582
:108D60006E61626C6520746F2073656E6420746F31
:108D700020647269766572202865727220256429E4
:108D80000009436F6E74726F6C6C657220756E7241
:108D90006573706F6E736976652C20636F6D6D619E
:108DA0006E64206F70636F6465203078253034788E
:108DB0002074696D656F75742077697468206572B9
:108DC000722025640A006F70636F64652030782517
:108DD00030347820737461747573203078253032A4
:108DE00078202573004661696C656420746F207279
:108DF00065616420444C45206D6178206461746134
:108E0000206C656E0074785F6F63746574732065A1
:108E1000786365656473207468652076616C696445
:108E20002072616E67652025750074785F74696DC6
:108E30006520657863656564732074686520766174
:108E40006C69642072616E676520257500657674B3
:108E50002D3E737461747573203D3D203078303041
:108E6000004E6F2070656E64696E6720636F6E6E72
:108E700020666F722070656572202573004E6F6EDC
:108E80002D4C452063617061626C6520636F6E7468
:108E9000726F6C6C657220646574656374656421BF
:108EA000004E756D206F6620436F6E74726F6C6C30
:108EB000657227732041434C207061636B65747346
:108EC00020213D2041434C2062745F636F6E6E5FD2
:108ED000747820636F6E746578747320282575200C
:108EE000213D202575290041434C2042522F454405
:108EF000522062756666657273206E6F7420696EAB
:108F0000697469616C697A65640056656E646F7234
:108F10002048434920657874656E73696F6E7320CD
:108F20006E6F7420617661696C61626C6500485790
:108F300020506C6174666F726D3A20257320283062
:108F40007825303478290048572056617269616E5F
:108F5000743A20257320283078253034782900464B
:108F600069726D776172653A202573202830782503
:108F7000303278292056657273696F6E2025752E00
:108F80002575204275696C64202575004661696C01
:108F9000656420746F207265616420737570706FF2
:108FA000727465642076656E646F7220636F6D6D98
:108FB000616E6473004661696C656420746F207231
:108FC00065616420737570706F7274656420766576
:108FD0006E646F72206665617475726573004843D4
:108FE0004920647269766572206973206E6F7420FF
:108FF00072656164790042542052582057510048EC
:10900000434920647269766572206F70656E2066D0
:1090100061696C6564202825642900556E65787047
:10902000656374656420484F53545F4E554D5F43EC
:109030004F4D504C455445445F5041434B4554536C
:109040002C20737461747573203078253032782049
:10905000257300556E636C65617265642070656E82
:1090600064696E672073656E745F636D6400312E92
:10907000306200312E3100312E3200322E3000327B
:109080002E3100332E3000342E3000342E31003497
:109090002E3200352E3000352E3100352E3200357F
:1090A0002E3300352E3400362E3000362E31003669
:1090B0002E3200362E33005374616E646172642068
:1090C000426C7565746F6F746820636F6E74726F35
:1090D0006C6C65720056656E646F722073706563A8
:1090E0006966696320636F6E74726F6C6C65720081
:1090F0004669726D77617265206C6F61646572009C
:1091000052657363756520696D616765007265738B
:109110006572766564006E5246353178006E52464F
:10912000353278006E5246353378006E524635340B
:109130004878006E524635344C7800496E74656C40
:1091400020436F72706F726174696F6E004E6F7240
:109150006469632053656D69636F6E647563746FD2
:1091600072004E58502053656D69636F6E6475636D
:10917000746F727300457370726573736966205300
:10918000797374656D730062745F6863695F636FA0
:10919000726500636D6420646973616C6C6F7765E0
:1091A00064004F6E6C792072616E646F6D20737411
:1091B00061746963206964656E746974792061649F
:1091C000647265737320737570706F727465640078
:1091D000496E76616C696420696E70757420706187
:1091E00072616D6574657273004661696C656420B7
:1091F000746F2072656164207075626C69632061B0
:1092000064647265737300526561642053746174A1
:1092100069632041646472657373657320636F6D65
:109220006D616E64206E6F7420617661696C61623D
:109230006C65004661696C656420746F20726561BD
:10924000642073746174696320616464726573730C
:109250006573004E6F207374617469632061646488
:109260007265737365732073746F72656420696EC1
:1092700020636F6E74726F6C6C65720043616E2751
:10928000742073657420626F7468204944454E549D
:109290004954592026204E52504100556E61626C4F
:1092A0006520746F20736574206964656E746974D9
:1092B00079206164647265737300556E61626C65D8
:1092C00020746F207365742072616E646F6D20610D
:1092D0006464726573730062745F696400546F6FD5
:1092E00020626967206164766572746973696E676C
:1092F0002064617461004661696C656420746F204C
:1093000073746172742061647665727469736572D6
:10931000004661696C656420746F2073746F7020FF
:109320006164766572746973696E673A20256400BA
:1093300062745F61647600574553545F544F5044E4
:1093400049522F7A65706879722F737562737973D9
:109350002F626C7565746F6F74682F686F73742FEC
:10936000636F6E6E2E63006362203C3D205F62740B
:109370005F636F6E6E5F63625F6C6973745F656E6F
:10938000640069735F61636C5F636F6E6E28636F07
:109390006E6E29004661696C6564207265616420A7
:1093A00072656D6F74652066656174757265732092
:1093B00028256429005048592030782530327820FB
:1093C0006E6F7420737570706F727465640046619F
:1093D000696C656420746F207365742064617461C6
:1093E000206C656E2028256429006B5F637572729E
:1093F000656E745F6765742829203D3D206B5F773B
:109400006F726B5F71756575655F746872656164B5
:109410005F6765742874785F6E6F746966795F77CB
:109420006F726B71756575655F67657428292900B2
:1094300009636F756C646E2774207375626D69744F
:109440002028657272202564290A00556E6578709F
:109450006563746564206669727374204C3243419D
:1094600050206672616D6500556E65787065637435
:109470006564204C3243415020636F6E74696E7591
:109480006174696F6E004E6F7420656E6F756768EA
:109490002062756666657220737061636520666F11
:1094A00072204C32434150206461746100556E65F6
:1094B000787065637465642041434C20666C616715
:1094C000732028307825303278290041434C206CB5
:1094D000656E206D69736D61746368202825752041
:1094E0003E202575290009496E76616C6964206308
:1094F0006F6E6E656374696F6E2072656665726506
:109500006E63650A006F6C64203E20300009436F73
:109510006E6E207265666572656E636520636F7539
:109520006E74657220697320300A0021636F6E6E5D
:109530005F74785F69735F70656E64696E67000958
:1095400074785F636F6D706C6574655F776F726B55
:109550002069732070656E64696E67207768656E38
:1095600020636F6E6E206973206465616C6C6F633D
:10957000617465640A0028756E6B6E6F776E2900E2
:109580006E6F207472616E736974696F6E202573DB
:1095900000496E76616C69642028257529206F6CFE
:1095A0006420737461746500636F6E6E2025702093
:1095B0006661696C656420746F2065737461626CA8
:1095C0006973682E205246206E6F6973653F006E86
:1095D0006F2076616C696420282575292073746179
:1095E0007465207761732073657400696E636F6DB5
:1095F00070617469626C652068616E646C652025B9
:1096000075002828636F6E6E29202626202828756D
:10961000696E747074725F74292861636C5F636F24
:109620006E6E732929203C3D20282875696E747060
:1096300074725F742928636F6E6E29292026262094
:10964000282875696E747074725F742928636F6E50
:109650006E2929203C20282875696E747074725F09
:10966000742928262861636C5F636F6E6E73295BB3
:10967000282873697A655F7429282828696E7429F7
:1096800073697A656F6628636861725B31202D208B
:109690002832202A202128215F5F6275696C746955
:1096A0006E5F74797065735F636F6D70617469620A
:1096B0006C655F70285F5F747970656F665F5F28A7
:1096C00061636C5F636F6E6E73292C205F5F7479CA
:1096D00070656F665F5F28262861636C5F636F6EDD
:1096E0006E73295B305D292929295D29202D2031C0
:1096F00029202B202873697A656F662861636C5F67
:10970000636F6E6E7329202F2073697A656F6628E8
:109710002861636C5F636F6E6E73295B305D29290E
:1097200029295D29292026262028282875696E7474
:109730007074725F742928636F6E6E2929202D2042
:10974000282875696E747074725F74292861636C5F
:109750005F636F6E6E7329292920252073697A65EE
:109760006F66282861636C5F636F6E6E73295B3070
:109770005D29203D3D2030290009496E76616C69E4
:10978000642062745F636F6E6E20706F696E7465C3
:10979000720A00216B5F69735F696E5F697372287B
:1097A000290054696D656F75742064697363617213
:1097B0006465642E204E6F20626C6F636B696E6708
:1097C00020696E2073797377712E0009496E766176
:1097D0006C696420636F6E6E2074797065202575E6
:1097E0000A00746D7020213D20636F6E6E007072F0
:1097F000657620213D2026636F6E6E2D3E5F636F80
:109800006E6E5F726561647900094E6F20636F6EE2
:1098100074726F6C6C657220627566730A00094E13
:109820006F20545820636F6E746578740A0030207E
:109830007C7C20286275662D3E726566203D3D2049
:109840003129207C7C20286275662D3E7265662059
:109850003D3D203229002162745F6275665F686158
:10986000735F76696577286F75747369646529001D
:109870006672616720213D202828766F6964202A5E
:109880002930290009496E76616C696420636F6E26
:109890006E656374696F6E20747970652025750A32
:1098A00000466174616C206572726F7220282564B5
:1098B000292E20446973636F6E6E656374696E67E9
:1098C00020257000466F756E642076616C69642097
:1098D000636F6E6E656374696F6E20282570292032
:1098E00077697468206164647265737320257320DE
:1098F000696E202573207374617465200053656E52
:1099000064204C4520706172616D207570646174D3
:1099100065206661696C6564202865727220256423
:10992000290053656E64206175746F204C4520706A
:109930006172616D20757064617465206661696C27
:109940006564202865727220256429006469736348
:109950006F6E6E656374656400646973636F6E6EC9
:109960006563742D636F6D706C65746500736361FE
:109970006E2D6265666F72652D696E6974696174BA
:10998000696E6700696E6974696174696E672D66D6
:10999000696C7465722D6C697374006164762D63F3
:1099A0006F6E6E65637461626C65006164762D64D0
:1099B00069722D636F6E6E65637461626C650064BD
:1099C0006973636F6E6E656374696E670062745F5E
:1099D000636F6E6E00574553545F544F5044495265
:1099E0002F7A65706879722F7375627379732F623D
:1099F0006C7565746F6F74682F686F73742F6C3239
:109A00006361702E630073203D3D20266C655F63AB
:109A100068616E2D3E5F7064755F72656164790088
:109A2000556E61626C6520746F20616C6C6F636150
:109A300074652062756666657220666F72206F704D
:109A400020307825303278004E6F20617661696C65
:109A500061626C65204C3243415020636F6E7465C7
:109A6000787420666F7220636F6E6E2025700045DB
:109A70007870656374696E6720757020746F202537
:109A80006420726566732C20676F74202564006300
:109A90006F6E6E2D3E7374617465203D3D2042549F
:109AA0005F434F4E4E5F434F4E4E45435445440037
:109AB000616C72656164792068617665207669659C
:109AC00077206F6E202570006669666F5F70647521
:109AD000203D3D207064750028666368616E2D3EF0
:109AE000636964203E3D20307830303031202626B6
:109AF00020666368616E2D3E636964203C3D2030C2
:109B0000783030336629000943494420257520699F
:109B100073206E6F7420696E2074686520666978A2
:109B20006564206368616E6E656C2072616E676546
:109B30000A006368616E203D3D202828766F6964C5
:109B4000202A293029000946697865642063686104
:109B50006E6E656C207769746820434944202575D2
:109B600020616C7265616479206578697374730A29
:109B700000666368616E203C3D205F62745F6C32FA
:109B80006361705F66697865645F6368616E5F6C6E
:109B90006973745F656E64004C32434150206C659C
:109BA0006E677468206D69736D6174636820282521
:109BB0007520213D2025752900496E76616C696408
:109BC000206964656E742076616C756520696E200D
:109BD0004C324341502050445500496E76616C69C7
:109BE00064204C4520636F6E6E20706172616D2041
:109BF0007273702073697A652028257520213D20B5
:109C0000257A75290052656A656374696E672075E7
:109C10006E6B6E6F776E204C32434150205044552E
:109C200020636F64652030782530327800546F6F80
:109C300020736D616C6C204C324341502073696716
:109C40006E616C696E672050445500546F6F2073CD
:109C50006D616C6C204C3243415020504455207251
:109C6000656365697665640049676E6F72696E67E2
:109C7000206461746120666F7220756E6B6E6F7701
:109C80006E206368616E6E656C20494420307825D3
:109C90003034780062745F6C3263617000466169D1
:109CA0006C656420746F207375626D6974206174D3
:109CB000745F74785F64657374726F795F776F72C5
:109CC0006B3A20256400574553545F544F50444924
:109CD000522F7A65706879722F7375627379732F5A
:109CE000626C7565746F6F74682F686F73742F6121
:109CF00074742E63006E65745F6275665F706F6F5B
:109D00006C5F676574286275662D3E706F6F6C5F5F
:109D1000696429203D3D20266174745F706F6F6C0B
:109D200000415454206368616E6E656C206E6F74E0
:109D300020636F6E6E6563746564006275662D3EA8
:109D40006C656E203E3D2073697A656F662873747A
:109D5000727563742062745F6174745F68647229E1
:109D6000004572726F72207369676E696E67206456
:109D70006174610052616E206F7574206F662054AB
:109D8000582062756666657273206F7220636F6E0D
:109D900074657874732E00556E61626C6520746F03
:109DA0002063726561746520657272207273702021
:109DB00050445500415454204D54552065786365F6
:109DC000656465642C206D61782025752C20776191
:109DD0006E74656420257A7500556E61626C65202D
:109DE000746F2063726561746520727370205044D3
:109DF0005500546F6F20736D616C6C20415454207A
:109E000050445520726563656976656400556E68D7
:109E1000616E646C65642041545420636F646520F6
:109E200030782530327800496E76616C6964206C38
:109E3000656E20257520666F7220636F6465203023
:109E4000782530327800556E61626C6520746F2021
:109E500063726561746520555549443A2073697A87
:109E60006520257500556E61626C6520746F2063F6
:109E7000726561746520555549443A2073697A6565
:109E8000202564004E6F20617661696C61626C65AB
:109E90002041545420636F6E7465787420666F722D
:109EA00020636F6E6E202570004E6F2061766169B1
:109EB0006C61626C6520415454206368616E6E650C
:109EC0006C20666F7220636F6E6E202570004E6F7F
:109ED0007420636F6E6E656374656400556E6162B5
:109EE0006C6520746F2066696E6420415454206351
:109EF00068616E6E656C00476F7420657272202514
:109F0000642C206E6F742063616C6C696E672041F5
:109F100054542063620009556E6B6E6F776E206F2C
:109F2000702074797065203078253032580A0046E8
:109F300061696C656420746F2072652D7375626D44
:109F400069742025733A202564004E6F20415454D3
:109F5000206368616E6E656C20666F72204D54558B
:109F600020257A75004E6F2070656E64696E6720DB
:109F7000415454207265717565737400446973634C
:109F80006F6E6E656374696E67206661696C656487
:109F90002028657272202564290041545420546998
:109FA0006D656F757420666F722064657669636590
:109FB0002025732E20446973636F6E6E6563746928
:109FC0006E672E2E2E007265710062745F6174746C
:109FD00000756E61626C6520746F20736176652018
:109FE00053433A206E6F20636667206C6566740089
:109FF0004E6F20737061636520746F2073746F728D
:10A0000065204343432063666700574553545F54BC
:10A010004F504449522F7A65706879722F73756278
:10A020007379732F626C7565746F6F74682F686FC6
:10A0300073742F676174742E630073746174696341
:10A040005F737663203C3D205F62745F6761747468
:10A050005F736572766963655F7374617469635F6A
:10A060006C6973745F656E640009696E76616C6912
:10A070006420706172616D657465720A0A006174B2
:10A0800074720052656164206D6574686F64206E3F
:10A090006F7420736574004661696C656420746F29
:10A0A00020726561642061747472696275746520E0
:10A0B0002570202865727220257A642900496E7601
:10A0C000616C69642072656164206C656E67746898
:10A0D0003A20257A6400094E6F206D6F7265206109
:10A0E0007474726962757465730A0A0070617261D2
:10A0F0006D730009696E76616C69642070617261CC
:10A100006D65746572730A0A00706172616D732DFA
:10A110003E61747472207C7C20706172616D732D5D
:10A120003E75756964002161746F6D69635F746564
:10A1300073745F6269742873632D3E666C61677324
:10A140002C2053435F494E4449434154455F504599
:10A150004E44494E47290009496E6469636174653C
:10A1600020616C72656164792070656E64696E67E8
:10A170000A00434343202570206E6F742077726974
:10A180007461626C6500534320726573746F72650D
:10A1900020696E6469636174696F6E206661696CC1
:10A1A00065640062745F67617474004E6F2061764D
:10A1B00061696C61626C6520534D5020636F6E74F1
:10A1C00065787420666F7220636F6E6E2025700054
:10A1D00062745F736D7000726573756D65005370A6
:10A1E0007572696F7573202573206576656E7400CE
:10A1F00065702030782530327820616C726561643A
:10A200007920656E61626C656400456E64706F698B
:10A210006E74203078253032782076616C69646104
:10A2200074696F6E206661696C65640065702030CA
:10A23000782530327820616C7265616479206469B8
:10A240007361626C65640065702030782530327807
:10A25000206973206E6F742068616C7465647C641F
:10A26000697361626C6564004661696C6564207441
:10A270006F20616C6C6F63617465206E65745F62E2
:10A28000756620257A642C20657020307825303260
:10A29000780075646300574553545F544F504449E8
:10A2A000522F7A65706879722F647269766572735D
:10A2B0002F7573622F7564632F7564635F6E7266AA
:10A2C0002E6300212828657020262030784629201A
:10A2D0003E3D2038290073687574646F776E0049BD
:10A2E0006E697469616C697A65640028282828653C
:10A2F000702026203078383029203D3D20307838B5
:10A3000030292026262028286570202620307846EF
:10A3100029203C20392929207C7C20282828657088
:10A320002026203078383029203D3D203029202635
:10A3300026202828657020262030784629203C20B9
:10A34000392929290021286D5F65705F61726D656B
:10A35000642026202831554C203C3C202865705F25
:10A36000626974706F73292929207C7C2021286DF3
:10A370005F65705F72656164792026202831554CD5
:10A38000203C3C202865705F626974706F732929D6
:10A3900029000949534F20494E206D757374206E72
:10A3A0006F742062652061726D656420616E642047
:10A3B00072656164790A0021286D5F65705F617262
:10A3C0006D65642026202831554C203C3C202865B2
:10A3D000705F626974706F732929290009657020A4
:10A3E00030782530327820616C7265616479206143
:10A3F000726D65640A0021286D5F65705F646D6130
:10A400005F77616974696E672026202831554C207A
:10A410003C3C202865705F626974706F732929293C
:10A42000000965702030782530327820616C7265C3
:10A430006164792077616974696E670A00556E6B93
:10A440006E6F776E20706F776572206576656E74BB
:10A4500020256400507265696E6974007564635FDD
:10A460006E726678004661696C656420746F207254
:10A470006567697374657220656E64706F696E7468
:10A480000053555350454E442073746174652064E5
:10A490006574656374656400524553554D494E4774
:10A4A0002066726F6D2073757370656E64005265FF
:10A4B0006D6F74652077616B65757020696E697466
:10A4C00069617465640065702030782530327820C9
:10A4D000717565756520697320656D707479007597
:10A4E00064635F6765745F6275665F696E666F2837
:10A4F000627566292D3E64617461000945503049DA
:10A500004E20627566206973206E6F7420646174DA
:10A51000610A007564635F6765745F6275665F6991
:10A520006E666F28627566292D3E7374617475734B
:10A5300000094550304F55542062756620697320DC
:10A540006E6F74207374617475730A0065702030C7
:10A550007825303278206F6B2C20717565756520F9
:10A56000697320656D707479004661696C6564205B
:10A57000746F2064697361626C6520636F6E7472BE
:10A580006F6C20656E64706F696E74004661696CF3
:10A59000656420746F2073746F70204846584F2094
:10A5A000256400216E72665F757362645F6C656717
:10A5B0006163795F73757370656E645F636865630B
:10A5C0006B2829007061796C6F61645F6C656E2027
:10A5D0003C3D203634006E7266785F69735F696E49
:10A5E0005F72616D287061796C6F61645F6275661E
:10A5F000290062756666657220746F6F20736D61E5
:10A600006C6C3A20723A2025752C206C3A20257506
:10A61000004661696C656420746F20656E61626CD0
:10A620006520636F6E74726F6C20656E64706F6905
:10A630006E74004661696C656420746F2073746188
:10A640007274204846584F202564006B5F73656D17
:10A650005F636F756E745F6765742826646D615FF4
:10A66000617661696C61626C6529203D3D20310035
:10A670007573626440343030323730303000756486
:10A68000635F6E7266006E72665F757362645F63AD
:10A690006F6D6D6F6E0043616E6E6F7420737461C9
:10A6A00072742073616D706C696E673A2025640066
:10A6B0004661696C656420746F20696E69746961B4
:10A6C0006C697A65206465766963653A2025730054
:10A6D0004661696C656420746F20736574206275CF
:10A6E000666665723A20256400496E76616C69641D
:10A6F0002073656C656374696F6E206F6620636894
:10A70000616E6E656C73004368616E6E656C2025CA
:10A7100075206E6F7420636F6E666967757265640D
:10A72000004E6F206368616E6E656C20636F6E66AD
:10A7300069677572656400414443207265736F6C8C
:10A740007574696F6E2076616C756520256420696B
:10A7500073206E6F742076616C6964004F76657249
:10A7600073616D706C696E672069732073757070AA
:10A770006F7274656420666F722073696E676C65B2
:10A78000206368616E6E656C206F6E6C79004F7629
:10A79000657273616D706C696E672076616C75654A
:10A7A000202564206973206E6F742076616C696463
:10A7B00000574553545F544F504449522F7A6570A7
:10A7C0006879722F647269766572732F6164632F82
:10A7D0006164635F6E7266785F73616164632E6348
:10A7E0000028696E74657276616C5F7573203C3DFC
:10A7F0002031323855292026262028696E7465724A
:10A8000076616C5F7573203E2030290050726F7640
:10A810006964656420627566666572206973207478
:10A820006F6F20736D616C6C202825752F2575293D
:10A8300000496E76616C6964206368616E6E656C58
:10A840002049443A2025640053656C65637465644F
:10A8500020414443206761696E206973206E6F74E4
:10A860002076616C69640053656C6563746564206F
:10A87000414443207265666572656E636520697345
:10A88000206E6F742076616C69640053656C65633B
:10A890007465642041444320616371756973697410
:10A8A000696F6E2074696D65206973206E6F742006
:10A8B00076616C69640043616E6E6F7420636F6EC5
:10A8C000666967757265206368616E6E656C2025C8
:10A8D000643A20256400616463403430303037309E
:10A8E0003030006164635F6E7266785F73616164CB
:10A8F0006300574553545F544F504449522F7A6573
:10A90000706879722F647269766572732F636C6FE9
:10A91000636B5F636F6E74726F6C2F636C6F636BCE
:10A920005F636F6E74726F6C5F6E72662E6300741D
:10A93000797065203C20434C4F434B5F434F4E544E
:10A94000524F4C5F4E52465F545950455F434F55EE
:10A950004E5400636C6F636B4034303030303030B5
:10A9600030006866636C6B006C66636C6B00636CD4
:10A970006F636B5F636F6E74726F6C0057455354F7
:10A980005F544F504449522F7A65706879722F6432
:10A990007269766572732F656E74726F70792F6548
:10A9A0006E74726F70795F6E7266352E6300266505
:10A9B0006E74726F70795F6E7266355F6461746118
:10A9C000203D3D206465762D3E64617461007261B6
:10A9D0006E646F6D40343030306430303000574535
:10A9E00053545F544F504449522F6E72662F647215
:10A9F00069766572732F656E74726F70792F656EEC
:10AA000074726F70795F63633378782E6300646566
:10AA10007620213D202828766F6964202A29302954
:10AA20000062756666657220213D202828766F6970
:10AA300064202A2930290063727970746F403530A0
:10AA400030326130303000574553545F544F5044DA
:10AA500049522F7A65706879722F696E636C7564DC
:10AA6000652F7A65706879722F6472697665727382
:10AA70002F6770696F2F6770696F5F7574696C738A
:10AA80002E680063616C6C6261636B00094E6F201D
:10AA900063616C6C6261636B210A0063616C6C6260
:10AAA00061636B2D3E68616E646C657200094E6F68
:10AAB0002063616C6C6261636B2068616E646C65BD
:10AAC00072210A00574553545F544F504449522F46
:10AAD0007A65706879722F647269766572732F6710
:10AAE00070696F2F6770696F5F6E7266782E630092
:10AAF0006770696F40353030303033303000677008
:10AB0000696F4035303030303030300069326300AA
:10AB10006932634034303030343030300069326371
:10AB20005F6E7266785F74776900756E73757070AA
:10AB30006F727465642073706565640031302D62D6
:10AB400069742049324320416464722064657669E7
:10AB5000636573206E6F7420737570706F727465A7
:10AB600064004E65656420746F2075736520746899
:10AB70006520696E7465726E616C206472697665B9
:10AB800072206275666665722062757420697473DE
:10AB90002073697A6520697320696E7375666669CA
:10ABA0006369656E7420282575202B202575203E4D
:10ABB000202575292E2041646A7573742074686598
:10ABC000207A65706879722C636F6E6361742D6290
:10ABD00075662D73697A65206F72207A6570687961
:10ABE000722C666C6173682D6275662D6D61782DAF
:10ABF00073697A652070726F706572747920287439
:10AC00006865206F6E65207769746820677265617A
:10AC10007465722076616C75652920696E20746890
:10AC2000652022257322206E6F64652E00693263D1
:10AC3000403430303033303030006932635F6E7210
:10AC400066785F7477696D00547279696E672074F5
:10AC50006F207472616E73666572206D6F7265200D
:10AC60007468616E20746865206D6178696D756DBA
:10AC70002073697A6520666F722074686973206436
:10AC800065766963653A202564203E202564004787
:10AC900050494F20706F72743A202573206E6F7484
:10ACA000207265616479006C736D366473337472FD
:10ACB0002D632D656E006D736D3236316433353220
:10ACC00036686963706D2D632D656E0072656775FA
:10ACD0006C61746F725F6669786564004661696C67
:10ACE000656420746F20616C6C6F636174652050C3
:10ACF0005049204368616E6E656C007561727440E6
:10AD0000343030303230303000756172745F6E72C2
:10AD100066785F756172746500574553545F544F90
:10AD2000504449522F6E72662F7375627379732F78
:10AD3000626C7565746F6F74682F636F6E74726F79
:10AD40006C6C65722F6863695F6472697665722ED8
:10AD5000630009536F667444657669636520436FC9
:10AD60006E74726F6C6C6572204153534552543A45
:10AD70002025732C2025640A0A00574553545F543C
:10AD80004F504449522F7A65706879722F696E630B
:10AD90006C7564652F7A65706879722F6472697654
:10ADA0006572732F656E74726F70792E68006170B2
:10ADB000692D3E6765745F656E74726F70792021CE
:10ADC0003D202828766F6964202A2930290009430C
:10ADD000616C6C6261636B20706F696E7465722068
:10ADE00073686F756C64206E6F74206265204E55B9
:10ADF0004C4C0A000954686520656E74726F707956
:10AE000020736F757263652072657475726E656408
:10AE100020616E206572726F7220696E20612062FF
:10AE20006C6F636B696E672063616C6C0A005745D9
:10AE300053545F544F504449522F6E72662F696EBF
:10AE4000636C7564652F6D70736C2F6D70736C5FC0
:10AE5000776F726B2E6800096B5F776F726B5F7331
:10AE600075626D69745F746F5F71756575652829AA
:10AE7000206661696C65642E0A00536F66744465D0
:10AE80007669636520436F6E74726F6C6C657220B7
:10AE90006275696C64207265766973696F6E3A20B9
:10AEA00000456E74726F707920736F7572636520E0
:10AEB000646576696365206E6F742072656164797C
:10AEC000004661696C656420746F20726567697300
:10AED0007465722072616E6420736F757263652091
:10AEE0002825642900416C6C6F6361746564206D72
:10AEF000656D6F727920746F6F206C6F773A2025C3
:10AF00007A75203C202575004576656E7420627543
:10AF10006666657220746F6F20736D616C6C2E2095
:10AF2000257A75203E20257500556E65787065631D
:10AF3000746564206D73675F747970653A20257558
:10AF40002E20546869732069662D656C7365206EC8
:10AF5000656564732061206E6577206272616E633F
:10AF60006800556E6B6E6F776E206572726F72201F
:10AF70007768656E2070726F63657373696E6720A2
:10AF8000686369206D65737361676520256400627D
:10AF9000745F6863695F7364630062745F736463A2
:10AFA0005F6863695F6472697665720062745F737B
:10AFB00064635F63727970746F00574553545F54D4
:10AFC0004F504449522F6E72662F737562737973B6
:10AFD0002F6D70736C2F696E69742F6D70736C5F59
:10AFE000696E69742E6300094D50534C20415353D0
:10AFF0004552543A2025732C2025640A0A006572B4
:10B0000072636F6465203D3D2030004D50534C20ED
:10B01000576F726B006D70736C5F696E6974005569
:10B020006E737570706F72746564204846434C4B44
:10B03000206576656E743A20256400574553545F49
:10B04000544F504449522F6E72662F647269766570
:10B0500072732F6D70736C2F636C6F636B5F636FB4
:10B060006E74726F6C2F6E7266785F636C6F636B59
:10B070005F6D70736C2E6300094E6F742073757072
:10B08000706F727465640A006E7266785F636C6FCD
:10B09000636B5F6D70736C00574553545F544F5032
:10B0A0004449522F6D6F64756C65732F68616C2F06
:10B0B0006E6F726469632F6E7266782F68656C704C
:10B0C0006572732F6E7266785F72616D5F63747202
:10B0D0006C2E63006E7266785F69735F696E5F7273
:10B0E000616D28705F6F626A65637429202626206F
:10B0F0006C656E67746800574553545F544F5044F5
:10B1000049522F6D6F64756C65732F68616C2F6E7B
:10B110006F726469632F6E7266782F68656C7065F4
:10B1200072732F6E7266785F677070695F70706996
:10B130002E6300705F6770706920213D202828769B
:10B140006F6964202A29302900574553545F544FB2
:10B15000504449522F6D6F64756C65732F68616C34
:10B160002F6E6F726469632F6E7266782F647269D6
:10B17000766572732F7372632F6E7266785F677075
:10B18000696F74652E6300574553545F544F5044A4
:10B1900049522F6D6F64756C65732F68616C2F6EEB
:10B1A0006F726469632F6E7266782F68616C2F6EA0
:10B1B00072665F6770696F74652E6800696E64659A
:10B1C00078203C203800705F696E7374616E63652F
:10B1D0000070696E5F6861735F747269676765723A
:10B1E00028705F696E7374616E63652C2070696E80
:10B1F0002900696E745F656E61626C650057455326
:10B20000545F544F504449522F6D6F64756C657391
:10B210002F68616C2F6E6F726469632F6E7266782F
:10B220002F647269766572732F7372632F6E726604
:10B23000785F706F7765722E6300705F636F6E6604
:10B24000696720213D202828766F6964202A2930EB
:10B2500029006D5F706F667761726E5F68616E6402
:10B260006C657220213D202828766F6964202A2988
:10B270003029006D5F736C6565706576745F686119
:10B280006E646C657220213D202828766F696420E9
:10B290002A293029006D5F7573626576745F686175
:10B2A0006E646C657220213D202828766F696420C9
:10B2B0002A29302900574553545F544F504449526E
:10B2C0002F6D6F64756C65732F68616C2F6E6F7274
:10B2D0006469632F6E7266782F6472697665727323
:10B2E0002F7372632F6E7266785F73616164632E71
:10B2F000630063685F746F5F61637469766174652E
:10B300005F6D61736B202626202863685F746F5F12
:10B3100061637469766174655F6D61736B203C2055
:10B320002831203C3C2038292900705F6368616E19
:10B330006E656C2D3E70696E5F7020213D204E520F
:10B3400046585F414E414C4F475F494E5055545F00
:10B3500044495341424C454400574553545F544F70
:10B36000504449522F6D6F64756C65732F68616C22
:10B370002F6E6F726469632F6E7266782F68616CCE
:10B380002F6E72665F73616164632E68006368612B
:10B390006E6E656C203C203800286D5F63622E73F2
:10B3A000616164635F737461746520213D204E5256
:10B3B000465F53414144435F53544154455F554EAA
:10B3C000494E495449414C495A4544292026262092
:10B3D000705F6368616E6E656C006D5F63622E7393
:10B3E000616164635F737461746520213D204E5216
:10B3F000465F53414144435F53544154455F554E6A
:10B40000494E495449414C495A454400286D5F63AF
:10B41000622E73616164635F737461746520213DA2
:10B42000204E52465F53414144435F53544154457B
:10B430005F554E494E495449414C495A454429208B
:10B44000262620705F636F6E66696700286363203D
:10B450003E3D203830554C29202626202863632085
:10B460003C3D2032303437554C2900286D5F6362F3
:10B470002E73616164635F737461746520213D2084
:10B480004E52465F53414144435F53544154455FDC
:10B49000554E494E495449414C495A454429202664
:10B4A0002620286D5F63622E73616164635F73742D
:10B4B00061746520213D204E52465F534141444313
:10B4C0005F53544154455F49444C45290057455307
:10B4D000545F544F504449522F6D6F64756C6573BF
:10B4E0002F68616C2F6E6F726469632F6E7266785D
:10B4F0002F647269766572732F7372632F6E726632
:10B50000785F7477692E6300705F696E7374616E23
:10B51000636520262620705F636F6E666967007022
:10B520005F636F6E6669672D3E73636C20213D20FB
:10B53000705F636F6E6669672D3E73646100705F54
:10B5400063622D3E7374617465203D3D204E52460A
:10B55000585F4452565F53544154455F494E4954D5
:10B5600049414C495A454400705F63622D3E7374F3
:10B5700061746520213D204E5246585F4452565F0B
:10B5800053544154455F554E494E495449414C49E5
:10B590005A45440028705F63622D3E737461746580
:10B5A000203D3D204E5246585F4452565F53544111
:10B5B00054455F504F57455245445F4F4E29202612
:10B5C00026202828705F786665725F646573632D36
:10B5D0003E705F7072696D6172795F62756620217D
:10B5E0003D202828766F6964202A29302929207C6B
:10B5F0007C2028705F786665725F646573632D3E9A
:10B600007072696D6172795F6C656E677468203DF8
:10B610003D20302929202626202828705F7866655D
:10B62000725F646573632D3E705F7365636F6E64F4
:10B630006172795F62756620213D202828766F69E6
:10B6400064202A29302929207C7C2028705F786694
:10B6500065725F646573632D3E7365636F6E6461CD
:10B6600072795F6C656E677468203D3D20302929D2
:10B6700020262620212828705F63622D3E68616E97
:10B68000646C6572203D3D202828766F6964202A0D
:10B69000293029292026262028705F786665725F68
:10B6A000646573632D3E74797065203D3D204E5274
:10B6B00046585F5457495F584645525F5458525850
:10B6C000292920262620212828705F63622D3E68C4
:10B6D000616E646C6572203D3D202828766F696438
:10B6E000202A293029292026262028705F7866659F
:10B6F000725F646573632D3E74797065203D3D20F3
:10B700004E5246585F5457495F584645525F545809
:10B710005458292900574553545F544F50444952B7
:10B720002F6D6F64756C65732F68616C2F6E6F720F
:10B730006469632F6E7266782F64726976657273BE
:10B740002F7372632F6E7266785F7477696D2E63E4
:10B7500000705F636F6E6669672D3E73636C5F7028
:10B76000696E20213D20705F636F6E6669672D3EB4
:10B770007364615F70696E00705F63622D3E737405
:10B78000617465203D3D204E5246585F4452565FDD
:10B7900053544154455F504F57455245445F4F4EB7
:10B7A00000212828705F63622D3E68616E646C65BD
:10B7B00072203D3D202828766F6964202A2930298F
:10B7C00029202626202828705F786665725F6465C8
:10B7D00073632D3E74797065203D3D204E5246586E
:10B7E0005F5457494D5F584645525F545852582947
:10B7F000207C7C2028705F786665725F6465736367
:10B800002D3E74797065203D3D204E5246585F5460
:10B8100057494D5F584645525F5458545829292975
:10B82000002128666C6167732026202831554C2042
:10B830003C3C20342929202626202128666C61677B
:10B84000732026202831554C203C3C2033292920C8
:10B850002626202128666C61677320262028315512
:10B860004C203C3C2032292900705F63622D3E68E9
:10B87000616E646C657200574553545F544F504479
:10B8800049522F7A65706879722F6B65726E656C9C
:10B890002F6465766963652E63007263203E3D20E8
:10B8A0002D283078666629202626207263203C20C9
:10B8B00030000964657669636520257320696E69C7
:10B8C000743A20696E76616C6964206572726F7279
:10B8D00020282564290A0048616C74696E6720730A
:10B8E000797374656D00556E6B6E6F776E2065723F
:10B8F000726F72003E3E3E205A45504859522046D3
:10B900004154414C204552524F522025643A202543
:10B9100073206F6E20435055202564004661756C7E
:10B920007420647572696E6720696E7465727275D1
:10B9300070742068616E646C696E670A004375728A
:10B9400072656E74207468726561643A2025702097
:10B950002825732900574553545F544F504449528A
:10B960002F7A65706879722F6B65726E656C2F66C1
:10B970006174616C2E6300726561736F6E20213D8E
:10B98000204B5F4552525F4B45524E454C5F5041F4
:10B990004E49430009417474656D70746564207488
:10B9A0006F207265636F7665722066726F6D2061BD
:10B9B000206B65726E656C2070616E696320636FC9
:10B9C0006E646974696F6E0A004350552065786330
:10B9D000657074696F6E00556E68616E646C656445
:10B9E00020696E7465727275707400537461636B54
:10B9F000206F766572666C6F77004B65726E656C52
:10BA0000206F6F7073004B65726E656C2070616E95
:10BA1000696300574553545F544F504449522F7A3D
:10BA200065706879722F6B65726E656C2F696E69CF
:10BA3000742E63007468726561645F646174612070
:10BA40003C3D205F5F7374617469635F7468726505
:10BA500061645F646174615F6C6973745F656E6477
:10BA600000646576203C3D205F6465766963655FB0
:10BA70006C6973745F656E64006F7300574553544F
:10BA80005F544F504449522F7A65706879722F6B1A
:10BA900065726E656C2F6B686561702E6300216145
:10BAA0007263685F69735F696E5F697372282920CA
:10BAB0007C7C20282874696D656F7574292E7469E3
:10BAC000636B73203D3D202828286B5F74696D658A
:10BAD0006F75745F74297B307D29292E7469636BBF
:10BAE000732900090A0068656170203C3D205F6B86
:10BAF0005F686561705F6C6973745F656E64005741
:10BB00004553545F544F504449522F7A65706879B9
:10BB1000722F6B65726E656C2F6D656D5F736C61F6
:10BB2000622E6300736C6162203C3D205F6B5F6D31
:10BB3000656D5F736C61625F6C6973745F656E6481
:10BB40000028736C61622D3E667265655F6C697377
:10BB500074203D3D202828766F6964202A293029E9
:10BB600020262620736C61622D3E696E666F2E6EF4
:10BB7000756D5F75736564203D3D20736C61622D4A
:10BB80003E696E666F2E6E756D5F626C6F636B7370
:10BB900029207C7C20736C61625F7074725F6973B2
:10BBA0005F676F6F6428736C61622C20736C6162D5
:10BBB0002D3E667265655F6C697374290009736C4C
:10BBC000616220636F7272757074696F6E20646554
:10BBD0007465637465640A0009496E76616C696412
:10BBE000206D656D6F727920706F696E746572205B
:10BBF00070726F76696465640A00574553545F54E8
:10BC00004F504449522F7A65706879722F6B657274
:10BC10006E656C2F696E636C7564652F6B736368FA
:10BC200065642E680021617263685F6972715F7577
:10BC30006E6C6F636B6564286B657929007468723C
:10BC40006561642D3E626173652E70656E64656426
:10BC50005F6F6E00574553545F544F504449522F05
:10BC60007A65706879722F6B65726E656C2F696486
:10BC70006C652E63005F6B65726E656C2E6370750C
:10BC8000735B305D2E63757272656E742D3E6261FA
:10BC900073652E7072696F203E3D2030005745530A
:10BCA000545F544F504449522F7A65706879722F0F
:10BCB0006B65726E656C2F6D73675F712E63002804
:10BCC0006D7367712D3E77726974655F7074722051
:10BCD0003E3D206D7367712D3E6275666665725FCD
:10BCE00073746172742920262620286D7367712D64
:10BCF0003E77726974655F707472203C3D20286DD8
:10BD00007367712D3E6275666665725F656E64204D
:10BD10002D2031292920262620282873697A655F5D
:10BD200074292875696E747074725F7429286D7334
:10BD300067712D3E6275666665725F656E64202D63
:10BD4000206D7367712D3E77726974655F707472D0
:10BD500029203E3D206D7367712D3E6D73675F73C3
:10BD6000697A652900574553545F544F50444952EE
:10BD70002F7A65706879722F6B65726E656C2F6DA6
:10BD8000757465782E630021617263685F69735F03
:10BD9000696E5F697372282900096D75746578652D
:10BDA000732063616E6E6F742062652075736564C5
:10BDB00020696E7369646520495352730A006D757A
:10BDC0007465782D3E6C6F636B5F636F756E742066
:10BDD0003E20305500574553545F544F504449520C
:10BDE0002F7A65706879722F6B65726E656C2F7330
:10BDF000656D2E63002828617263685F69735F69EF
:10BE00006E5F6973722829203D3D203029207C7C9B
:10BE100020282874696D656F7574292E7469636BA9
:10BE200073203D3D202828286B5F74696D656F7510
:10BE3000745F74297B307D29292E7469636B7329A3
:10BE40002900737973776F726B7100574553545F94
:10BE5000544F504449522F7A65706879722F6B6540
:10BE6000726E656C2F776F726B2E6300776F726BDB
:10BE70002D3E717565756520213D202828766F69F6
:10BE800064202A29302900776F726B2D3E68616E1D
:10BE9000646C657220213D202828766F6964202A11
:10BEA0002930290021666C61675F746573742826E8
:10BEB000776F726B2D3E666C6167732C204B5F57FA
:10BEC0004F524B5F44454C415941424C455F4249BA
:10BED00054290073796E6320213D202828766F69EC
:10BEE00064202A2930290021666C61675F746573BC
:10BEF00074282671756575652D3E666C6167732CB7
:10BF0000204B5F574F524B5F51554555455F53543A
:10BF100041525445445F4249542900717565756525
:10BF200000737461636B0064776F726B20213D2036
:10BF30002828766F6964202A2930290057455354F0
:10BF40005F544F504449522F7A65706879722F6B55
:10BF500065726E656C2F7468726561642E6300286B
:10BF60002828287072696F2929203D3D203135200D
:10BF70002626207A5F69735F69646C655F746872F6
:10BF80006561645F656E7472792828656E74727974
:10BF9000292929207C7C202828283135202D203172
:10BFA00029203E3D2028282D3136292929202626E2
:10BFB0002028287072696F2929203E3D2028282DCD
:10BFC000313629292026262028287072696F2929D0
:10BFD000203C3D20283135202D20312929290009F8
:10BFE000696E76616C6964207072696F72697479C8
:10BFF00020282564293B20616C6C6F776564207272
:10C00000616E67653A20256420746F2025640A00FC
:10C010000954687265616473206D6179206E6F7474
:10C02000206265206372656174656420696E2049D1
:10C030005352730A00574553545F544F504449526A
:10C040002F7A65706879722F6B65726E656C2F73CD
:10C05000636865642E6300217A5F69735F69646C4D
:10C06000655F7468726561645F6F626A6563742896
:10C070007468726561642900574553545F544F508A
:10C080004449522F7A65706879722F6B65726E65BC
:10C090006C2F696E636C7564652F6B746872656173
:10C0A000642E68005F6B65726E656C2E63707573CD
:10C0B0005B305D2E63757272656E7420213D2028A1
:10C0C00028766F6964202A293029002169735F74FA
:10C0D00068726561645F64756D6D792874687265F6
:10C0E00061642900574553545F544F504449522FBF
:10C0F0007A65706879722F6B65726E656C2F696EE8
:10C10000636C7564652F6B737761702E6800617264
:10C1100063685F6972715F756E6C6F636B656428CD
:10C120006B657929207C7C205F6B65726E656C2E57
:10C13000637075735B305D2E63757272656E742DFE
:10C140003E626173652E7468726561645F737461C9
:10C15000746520262028282831554C203C3C202876
:10C1600030292929207C20282831554C203C3C208E
:10C170002833292929290009436F6E7465787420B2
:10C18000737769746368696E67207768696C652086
:10C19000686F6C64696E67206C6F636B210A007353
:10C1A000697A656F66285F73636865645F73706939
:10C1B0006E6C6F636B29203D3D2030207C7C206CB1
:10C1C0006F636B20213D20265F73636865645F7336
:10C1D00070696E6C6F636B005F6B65726E656C2E61
:10C1E000637075735B305D2E63757272656E742D4E
:10C1F0003E626173652E73636865645F6C6F636B29
:10C20000656420213D203155005F6B65726E656C61
:10C210002E637075735B305D2E63757272656E741C
:10C220002D3E626173652E73636865645F6C6F6336
:10C230006B656420213D20305500217465726D6965
:10C240006E617465000961626F72746564205F637A
:10C25000757272656E74206261636B2066726F6DB9
:10C2600020646561640A0021657373656E74696199
:10C270006C000961626F7274656420657373656E2A
:10C280007469616C207468726561642025700A00AD
:10C29000574553545F544F504449522F7A65706844
:10C2A00079722F6B65726E656C2F74696D65736C36
:10C2B0006963696E672E6300282874696D656F7500
:10C2C000742920262620282875696E747074725F80
:10C2D000742928736C6963655F74696D656F757423
:10C2E000732929203C3D20282875696E747074726A
:10C2F0005F74292874696D656F7574292920262655
:10C3000020282875696E747074725F7429287469A6
:10C310006D656F75742929203C20282875696E7415
:10C320007074725F7429282628736C6963655F7462
:10C33000696D656F757473295B282873697A655F09
:10C340007429282828696E742973697A656F6628AC
:10C35000636861725B31202D202832202A20212839
:10C36000215F5F6275696C74696E5F747970657363
:10C370005F636F6D70617469626C655F70285F5F89
:10C38000747970656F665F5F28736C6963655F744D
:10C39000696D656F757473292C205F5F74797065A2
:10C3A0006F665F5F282628736C6963655F74696DCB
:10C3B000656F757473295B305D292929295D2920F2
:10C3C0002D203129202B202873697A656F66287308
:10C3D0006C6963655F74696D656F75747329202F6F
:10C3E0002073697A656F662828736C6963655F746A
:10C3F000696D656F757473295B305D292929295D25
:10C4000029292026262028282875696E74707472C0
:10C410005F74292874696D656F75742929202D2032
:10C42000282875696E747074725F742928736C693A
:10C4300063655F74696D656F75747329292920259B
:10C440002073697A656F662828736C6963655F7409
:10C45000696D656F757473295B305D29203D3D20E2
:10C46000302900574553545F544F504449522F7A56
:10C4700065706879722F6B65726E656C2F74696D6B
:10C48000656F75742E6300217379735F646E6F64DA
:10C49000655F69735F6C696E6B65642826746F2DC8
:10C4A0003E6E6F64652900574553545F544F5044A6
:10C4B00049522F7A65706879722F6B65726E656C60
:10C4C0002F6576656E74732E6300574553545F5421
:10C4D0004F504449522F7A65706879722F6B65729C
:10C4E0006E656C2F6D656D706F6F6C2E6300616C87
:10C4F00069676E203D3D2030207C7C2028287569AE
:10C500006E747074725F74296D656D2026202861C9
:10C510006C69676E202D20312929203D3D20300097
:10C52000096D6973616C69676E6564206D656D6F17
:10C5300072792061742025702028616C69676E20F3
:10C540003D20257A75290A00C8DA3098F9F034A41C
:10C550004B6EBAD30819CC0CEA51DA47006E616E03
:10C5600000286E756C6C2900206D657373616765BA
:10C57000732064726F70706564202D2D2D0D0A1B61
:10C580005B306D001B5B313B33316D2D2D2D200059
:10C59000465320436F6E66696775726174696F6E8A
:10C5A000004344432041434D2073657269616C2010
:10C5B0006261636B656E64005A65706879722050C1
:10C5C000726F6A6563740030313233343536373810
:10C5D000394142434445460000FFFFFFFFFFFF0093
:10C5E000000000000000FFFFFFFFFFFF0000000051
:10C5F00000003031323334353637383961626364A4
:10C600006566000000000000001000800000805FF0
:10C610009B34FB91FBFBF3F4FBFBFBFBEA617474C3
:10C620005F74785F64657374726F795F776F726B34
:10C630005F68616E646C65720000010203040506A8
:10C640000700100111021203130414051506160742
:10C6500017080808080808080818181818181818DB
:10C6600018282828282828282838383838383838EA
:10C6700038484848484848484858585858585858DA
:10C6800058002030303030303030303030303030C2
:10C69000300001090000000D01020304050607082F
:10C6A000FFFFFFFFFF1F00001F0000000000000051
:10C6B0001D40000000000000FFFFFFFF1FFF000003
:10C6C000BAABBABA10101010000000000080004091
:10C6D00000000000000000000C000000000000004E
:10C6E00000FF7F0000000000F719030000000000B9
:10C6F0002B1A030000000000FD8C02000000000067
:10C700004B1A030000000000091A0300000000009B
:10C71000D0D60200FF0000009806030001000000D0
:10C72000000000003DB20300000000000001000016
:10C7300000000000000000000000000000000000F9
:10C7400000000000000000000000000000000000E9
:10C75000D446050000C201000000080000000000EF
:10C7600000000000000000000000000000000000C9
:10C7700000000000000000000000000000000000B9
:10C78000000000002C05002000000000180500201B
:10C790000000000000000000000000000000000099
:10C7A0000000000000000000000000000000000089
:10C7B0000000000000000000000000000000000079
:10C7C0000000000000000000000000000000000069
:10C7D0000000000000000000000000003C010020FC
:10C7E0003C010020000000000100000000000000EB
:10C7F0000000000000000000000000000000000039
:10C800000000000000000000000000000000000028
:10C810000000000000000000000000000000000018
:10C820000000000000000000000000000000000008
:10C8300000000000000000000000000000000000F8
:10C8400000000000000000000000000000000000E8
:10C8500000000000000000000000000000000000D8
:10C8600000000000000000000000000000000000C8
:10C8700000000000000000000000000000000000B8
:10C8800000000000000000000000000000000000A8
:10C890000000000000000000000000000000000098
:10C8A0000000000000000000000000000000000088
:10C8B000000000000000000039D20300000000006A
:10C8C0000000000000000000000000000000000068
:10C8D0000000000000000000000000000000000058
:10C8E0000000000000000000000000000000000048
:10C8F0000000000000000000000000000000000038
:10C900000000000000000000000000000000000027
:10C910000000000000000000000000000000000017
:10C920000000000000000000000000000000000007
:10C9300000000000000000000000000000000000F7
:10C94000444705000000000000000000AC02002089
:10C95000AC0200200000000001000000BC0200202A
:10C96000BC020020000000000100000000000000E8
:10C9700000000000000000000000000000000000B7
:10C9800000000000000000000000000000000000A7
:10C990000000000000000000000000000000000097
:10C9A0000000000000000000000000000000000087
:10C9B0000000000000000000000000000000000077
:10C9C0000000000000000000000000000000000067
:10C9D0000000000000000000000000000000000057
:10C9E00000000000000000000000000080000000C7
:10C9F00040410020020000000C0000000000000088
:10CA00000000000000000000495203000000000088
:10CA1000000000007C080020000012008D080020AB
:10CA200000000C00000000000000000000000000FA
:10CA3000A152030000000000000000009E0800203A
:10CA400000001000A3FA0400CDFE0400A852050067
:10CA50000000000000000000C0080020C803002003
:10CA600000000000000000000000000000000000C6
:10CA7000000401000000000090C505002203000032
:10CA800000000000000000000003030000000000A0
:10CA90000000000000030000000000000000000093
:10CAA0000002010000000000A1C505002E030000E7
:10CAB0000000000000000000000101000000000074
:10CAC000B8C505001E0300000000000000000000C3
:10CAD0000000000000000000145A050004030000DC
:10CAE0001A5A050000000200265A05000000020044
:10CAF000325A0500000002003C0A00203A00000003
:10CB0000500A00203A000000140A00203A000000F9
:10CB1000640A00203A0000000000000065020500E1
:10CB20000000000000000000006000400000000065
:10CB300000000000000000000000000000000000F5
:10CB400000000000000000000000000000000000E5
:10CB500000000000000000000000000000000000D5
:10CB600000000000000000000000000000000000C5
:10CB700000000000000000000000000000000000B5
:10CB800000000000000000000000000000000000A5
:10CB90000000000000000000000000000000000095
:10CBA0000000000000000000000000000000000085
:10CBB0000000000000000000A09100200000000024
:10CBC000000000000000000000040000A09500200C
:10CBD0000000000000000000000000000004000051
:10CBE0001A79050000000000800500200000000008
:10CBF000D4460500DB080020E3080020EC080020F4
:10CC0000F1080020F6080020FA080020FF080020A4
:10CC1000060900200F090020160900201D09002028
:10CC2000000000004710050019B5030079B50300A6
:10CC3000EDB60300E9100500C51105000000000075
:10CC400097140500AD110500471105000000000014
:10CC5000491005000000000095D40300000000000A
:10CC60000000000000000000DDBF03000000000025
:10CC7000000000000000000079E703000000000051
:10CC8000000000000000000021E10300000000009F
:10CC90000000000061FB0300BD0A0400000000006A
:10CCA000000000000000000009FD030065210500F0
:10CCB0002F220500C5F9030000000000000000005D
:10CCC0004D07040000000000000000004A5A050063
:10CCD0000000200000000000000000000000000034
:10CCE000000000005F2305000000000000000000BD
:10CCF0000000000000000000000000000000000034
:10CD00000000000000000000000000000000000023
:10CD10000000000000000000000000000000000013
:10CD20000000000000000000000000000000000003
:10CD300000000000000000000000000000000000F3
:10CD400000000000000000000000000000000000E3
:10CD500000000000000000000000000000000000D3
:10CD600000000000000000000000000000000000C3
:10CD7000D0060020D00600200000000000000000C7
:10CD80000E00000000000000000000000000000095
:10CD90000000000000000000000000000000000093
:10CDA0000040004000000000000000000000000003
:10CDB0000000000000000000000000000000000073
:10CDC0000000000000000000000000000000000063
:10CDD0000000000000000000000000000000000053
:10CDE000000000004407002044070020010000006C
:10CDF000010000005407002054070020000000003C
:10CE00000100000000000000000000000000000021
:10CE10000000400600000101EB2F0500100000009B
:10CE20001548040058570500F9410020FFFF000095
:10CE30000000000000000000A80700200000000023
:10CE400000000000000000000000000000000000E2
:10CE50000B42002020000000000000000090D003E2
:10CE6000FF00000090020000C8070020C807002053
:10CE7000000000004DCD04002C08002024080020F4
:10CE80001C0800200000000014080020A9D20400A3
:10CE9000F5D1040029D2040071D204000408002056
:10CEA0000C0800202C3F00203A00003A303F0020C0
:10CEB0003A00003A343F00203A00003A383F002060
:10CEC0003A00003A3C3F00203A00003A403F002040
:10CED0003A00003A35030000CB000000510000008A
:10CEE000583F0020FC0700200008002054080020C4
:10CEF000E8070020E0070020DC070020D80700201A
:10CF000000040000070800000A0F6A4B9131C3C9F2
:10CF1000C5CC8F9E45B51F01C2AF4F0602A8261B88
:10CF20003607EAF5B78846E1364048B5BE02A8267E
:10CF30001B3607EAF5B78846E1363F48B5BE02A87A
:10CF4000261B3607EAF5B78846E1363E48B5BE02ED
:10CF50004B9131C3C9C5CC8F9E45B51F01C2AF4FA0
:10CF600009020000000100807D12010002EF0201B1
:10CF700040E32F0400040400000000080B0002023C
:10CF80000200000904000001020200000524001054
:10CF90000105240100010424020205240600010702
:10CFA00005810310000A09040100020A00000007BD
:0FCFB0000582024000000705010240000000005A
:10CFBF000000000000000000000000000000000062
:0DCFCF000000000000000000000000000055
:10CFDC000000000000000000000000000000000045
:10CFEC000000000000000000000000000000000035
:10CFFC000000000000000000000000000000000025
:0CD00C0000000000000000000000000018
:04D018000000000014
:10D01C007C0900207C09002000000000088B002007
:10D02C0000000000010000002800000000000000CB
:10D03C009C0900209C09002000000000807A002040
:10D04C000000000001000000A8000000000000002B
:10D05C00BC090020BC09002000000000308B00201F
:10D06C0000000000030000001000000000000000A1
:10D07C00DC090020DC09002000000000A07B00205F
:10D08C00000000000800000010000000000000007C
:10D09C0000000000608B0020000400000000000075
:08D0AC0000000000000000007C
:10D0B400140A0020140A00200000000000000000F0
:10D0C4000E000000280A0020280A002000000000AA
:10D0D400000000000E0000003C0A00203C0A002072
:10D0E40000000000000000000E000000500A0020B4
:10D0F400500A002000000000000000000E000000A4
:10D10400640A0020640A00200000000000000000FF
:04D114000E00000009
:10D11800780A0020780A0020000000000C000000B7
:10D128000A000000287B0020A07B0020287B00202C
:0CD13800287B0020000000000000000028
:10D14400A40A0020A40A002001000000010000003D
:10D15400B40A0020B40A002000000000010000000E
:10D16400C40A0020C40A002000000000FFFFFFFFE3
:10D17400D40A0020D40A00200000000000000000AF
:10D18400000000000000000000000000F00A002081
:04D19400F00A00207D
:08D19800F80A0020F80A00204B
:10D1A0000000000000000000000000000C0B002048
:10D1B0000C0B002000000000030003001000000022
:10D1C000000000003C5505008088002000000000A1
:10D1D0000000000000000000380B0020380B002089
:10D1E000000000000300030010000000F5F8030039
:10D1F000D8550500908A00200000000000000000C3
:10D2000000000000640B0020640B00200000000000
:10D21000030003000000000000000000F4530500BC
:10D220003884002000000000000000000000000022
:10D23000900B0020900B0020000000000100010076
:10D240001000000049DF030028550500BC860020BF
:10D25000000000000000000000000000BC0B0020E7
:10D26000BC0B0020000000000300030000000000D1
:10D2700000000000F054050074860020000000004B
:10D280000000000000000000E80B0020E80B002078
:10D29000000000000C000C000400000091B9030025
:10D2A000E05305005C820020000000000000000048
:10D2B00000000000140C0020140C002000000000EE
:10D2C00001000100000000000000000008540500FB
:10D2D0008485002000000000000000000000000025
:10D2E000400C0020400C0020000000001000100046
:10D2F0000A0000000326050064560500608F002028
:10D30000247905000000000000000000000000007B
:10D310000000000000000000604705000000000061
:10D3200000000000000000000000000000000000FD
:10D3300000000000000000000000000000000000ED
:10D3400000000000000000000000000000000000DD
:10D3500000000000000000000000000000000000CD
:10D3600000000000000000000000000000000000BD
:10D3700000000000C90800200000000000000000BC
:10D380000000000040050020000000000000000038
:08D39000000000000000000095
:04D3980015E015E0A7
:04000003300090E950
:00000001FF
